#VRML V2.0 utf8
# 3D model generated by easyeda2kicad.py (https://github.com/uPesy/easyeda2kicad.py)

Shape{
    appearance Appearance {
        material  Material 	{
            diffuseColor 1.0 1.0 1.0
            specularColor 0.5019607843137255 0.5019607843137255 0.5019607843137255
            ambientIntensity 1.0
            transparency 0.0
            shininess 0.5
        }
    }
    geometry IndexedFaceSet {
        ccw TRUE
        solid FALSE
        coord DEF co Coordinate {
            point [
                -0.0083 -0.5417 0.3339, -0.0083 -0.5417 0.3011, 0.0064 -0.5417 0.3011, 0.0657 -0.5417 0.2307, 0.0665 -0.5417 0.2316, 0.0665 -0.5417 0.2377, 0.0102 -0.5417 0.3048, 0.0096 -0.5417 0.3063, 0.0096 -0.5417 0.2857, -0.6102 -0.5417 0.1181, -0.5802 -0.5417 0.1181, -0.5802 -0.5417 0.2231, 0.0497 -0.5417 0.2378, 0.0491 -0.5417 0.2377, 0.0579 -0.5417 0.2377, 0.0418 -0.5417 0.2379, 0.041 -0.5417 0.2382, 0.041 -0.5417 0.2377, -0.0947 -0.5417 0.3376, -0.0898 -0.5417 0.3342, -0.0283 -0.5417 0.3342, -0.0838 -0.5417 0.3302, -0.075 -0.5417 0.32, -0.0456 -0.5417 0.2857, -0.0283 -0.5417 0.2857, -0.0479 -0.5417 0.2915, -0.0533 -0.5417 0.299, -0.0604 -0.5417 0.305, -0.0696 -0.5417 0.3094, -0.0683 -0.5417 0.3089, -0.1443 -0.5417 0.3378, -0.1322 -0.5417 0.3424, -0.5802 -0.5417 0.3589, -0.1197 -0.5417 0.3439, -0.0283 -0.5417 0.3589, -0.1078 -0.5417 0.3425, -0.1502 -0.5417 0.3342, -0.5802 -0.5417 0.3342, -0.1513 -0.5417 0.3336, -0.2056 -0.5417 0.3018, -0.1993 -0.5417 0.3099, -0.1793 -0.5417 0.3212, -0.1689 -0.5417 0.3225, -0.1575 -0.5417 0.3283, -0.1659 -0.5417 0.3224, -0.1629 -0.5417 0.322, -0.1975 -0.5417 0.3116, -0.1891 -0.5417 0.3175, -0.1923 -0.5417 0.2441, -0.2006 -0.5417 0.2511, -0.5802 -0.5417 0.2377, -0.1828 -0.5417 0.2395, -0.2066 -0.5417 0.2597, -0.2104 -0.5417 0.2695, -0.5802 -0.5417 0.2857, -0.2116 -0.5417 0.2798, -0.2116 -0.5417 0.2824, -0.211 -0.5417 0.2857, -0.2098 -0.5417 0.2923, -0.1795 -0.5417 0.2385, -0.1792 -0.5417 0.2377, -0.1768 -0.5417 0.2328, -0.1729 -0.5417 0.228, -0.5709 -0.5417 0.1181, -0.1653 -0.5417 0.2231, -0.1678 -0.5417 0.2241, -0.5709 -0.5417 0.1024, -0.374 -0.5417 0.1024, -0.374 -0.5417 0.1181, -0.3346 -0.5417 0.1181, -0.1378 -0.5417 0.1181, -0.3346 -0.5417 0.1024, -0.1378 -0.5417 0.1024, -0.0984 -0.5417 0.1024, -0.0283 -0.5417 0.1024, -0.0984 -0.5417 0.1181, -0.0283 -0.5417 0.2231, -0.1435 -0.5417 0.2231, -0.1481 -0.5417 0.2213, -0.1544 -0.5417 0.2205, -0.1555 -0.5417 0.2206, -0.1617 -0.5417 0.2215, -0.0283 -0.5417 0.2377, -0.1298 -0.5417 0.2377, -0.1298 -0.5417 0.2376, -0.1329 -0.5417 0.2318, -0.1369 -0.5417 0.2272, -0.1422 -0.5417 0.2236, -0.0961 -0.5417 0.2533, -0.0943 -0.5417 0.254, -0.0912 -0.5417 0.269, -0.0532 -0.5417 0.2498, -0.0604 -0.5417 0.2437, -0.1347 -0.5417 0.2645, -0.0994 -0.5417 0.283, -0.1393 -0.5417 0.2687, -0.1449 -0.5417 0.2717, -0.0977 -0.5417 0.2521, -0.048 -0.5417 0.2571, -0.06 -0.5417 0.2769, -0.0612 -0.5417 0.2819, -0.0632 -0.5417 0.2857, -0.1944 -0.5417 0.2857, -0.0447 -0.5417 0.2834, -0.0435 -0.5417 0.2748, -0.0447 -0.5417 0.2654, -0.0922 -0.5417 0.2543, -0.092 -0.5417 0.2542, -0.0912 -0.5417 0.2541, -0.1928 -0.5417 0.2698, -0.1897 -0.5417 0.2645, -0.1763 -0.5417 0.2618, -0.185 -0.5417 0.2597, -0.1792 -0.5417 0.2561, -0.1666 -0.5417 0.2705, -0.172 -0.5417 0.2668, -0.195 -0.5417 0.2804, -0.1947 -0.5417 0.2763, -0.1607 -0.5417 0.2727, -0.1544 -0.5417 0.2735, -0.1512 -0.5417 0.2733, -0.1004 -0.5417 0.2461, -0.1004 -0.5417 0.2471, -0.1281 -0.5417 0.2495, -0.0998 -0.5417 0.2491, -0.0988 -0.5417 0.2509, -0.0652 -0.5417 0.2606, -0.0623 -0.5417 0.2647, -0.0605 -0.5417 0.2694, -0.0598 -0.5417 0.2746, -0.0943 -0.5417 0.2382, -0.096 -0.5417 0.2389, -0.0977 -0.5417 0.2401, -0.0983 -0.5417 0.2407, -0.0995 -0.5417 0.2423, -0.1002 -0.5417 0.2441, -0.1282 -0.5417 0.2441, -0.1281 -0.5417 0.2469, -0.0685 -0.5417 0.2398, -0.0772 -0.5417 0.2379, -0.0928 -0.5417 0.2379, -0.0907 -0.5417 0.254, -0.0788 -0.5417 0.254, -0.0741 -0.5417 0.2549, -0.0694 -0.5417 0.2571, -0.0655 -0.5417 0.2603, -0.0882 -0.5417 0.311, -0.0941 -0.5417 0.3181, -0.1547 -0.5417 0.3028, -0.0948 -0.5417 0.3187, -0.1022 -0.5417 0.3238, -0.1507 -0.5417 0.3111, -0.1566 -0.5417 0.3038, -0.1625 -0.5417 0.3059, -0.0637 -0.5417 0.2865, -0.0667 -0.5417 0.2899, -0.0804 -0.5417 0.2951, -0.0708 -0.5417 0.2927, -0.0754 -0.5417 0.2945, -0.0825 -0.5417 0.2951, -0.0841 -0.5417 0.3025, -0.1779 -0.5417 0.305, -0.1838 -0.5417 0.3019, -0.1714 -0.5417 0.3066, -0.1883 -0.5417 0.2979, -0.192 -0.5417 0.2926, -0.1448 -0.5417 0.3182, -0.1105 -0.5417 0.327, -0.1377 -0.5417 0.3233, -0.1194 -0.5417 0.3281, -0.1291 -0.5417 0.3268, -0.1687 -0.5417 0.3067, -0.1942 -0.5417 0.2867, 0.1086 -0.5417 0.2709, 0.1095 -0.5417 0.2423, 0.113 -0.5417 0.2857, 0.113 -0.5417 0.2377, 0.1095 -0.5417 0.2381, 0.1013 -0.5417 0.2377, 0.0943 -0.5417 0.2709, 0.0943 -0.5417 0.259, 0.1013 -0.5417 0.2709, 0.1013 -0.5417 0.259, 0.1076 -0.5417 0.259, 0.1076 -0.5417 0.2548, 0.1013 -0.5417 0.2423, 0.1013 -0.5417 0.2548, 0.0943 -0.5417 0.2423, 0.0943 -0.5417 0.2548, 0.1013 -0.5417 0.2381, 0.0895 -0.5417 0.2381, 0.087 -0.5417 0.2377, 0.0895 -0.5417 0.2751, 0.0131 -0.5417 0.2507, 0.0138 -0.5417 0.2582, 0.0122 -0.5417 0.2493, 0.0116 -0.5417 0.2477, 0.0388 -0.5417 0.2438, 0.0325 -0.5417 0.2551, 0.0388 -0.5417 0.239, 0.0325 -0.5417 0.2381, 0.0255 -0.5417 0.2395, 0.0239 -0.5417 0.2384, 0.0279 -0.5417 0.2381, 0.0222 -0.5417 0.2377, 0.0096 -0.5417 0.2377, 0.012 -0.5417 0.2415, 0.0115 -0.5417 0.243, 0.0183 -0.5417 0.2646, 0.0148 -0.5417 0.2632, 0.0138 -0.5417 0.2627, 0.0096 -0.5417 0.2231, 0.017 -0.5417 0.2377, 0.0169 -0.5417 0.2378, 0.0151 -0.5417 0.2384, 0.0146 -0.5417 0.2519, 0.0165 -0.5417 0.2529, 0.0167 -0.5417 0.26, 0.02 -0.5417 0.2538, 0.0241 -0.5417 0.2612, 0.0225 -0.5417 0.2614, 0.0196 -0.5417 0.261, 0.0135 -0.5417 0.2395, 0.013 -0.5417 0.24, 0.0279 -0.5417 0.2421, 0.0278 -0.5417 0.2421, 0.027 -0.5417 0.241, 0.0405 -0.5417 0.2427, 0.041 -0.5417 0.2425, 0.041 -0.5417 0.2524, 0.0113 -0.5417 0.2451, 0.0113 -0.5417 0.2457, 0.0322 -0.5417 0.2587, 0.039 -0.5417 0.2556, 0.039 -0.5417 0.259, 0.0396 -0.5417 0.2605, 0.0305 -0.5417 0.2622, 0.023 -0.5417 0.2651, 0.0257 -0.5417 0.2649, 0.0277 -0.5417 0.2643, 0.0279 -0.5417 0.2549, 0.0277 -0.5417 0.2569, 0.0272 -0.5417 0.2586, 0.0267 -0.5417 0.2595, 0.0314 -0.5417 0.2608, 0.0388 -0.5417 0.2574, 0.0409 -0.5417 0.2524, 0.0402 -0.5417 0.2532, 0.0396 -0.5417 0.2542, 0.026 -0.5417 0.2603, 0.0252 -0.5417 0.2608, 0.0432 -0.5417 0.2377, 0.041 -0.5417 0.2231, 0.046 -0.5417 0.2374, 0.0554 -0.5417 0.264, 0.0554 -0.5417 0.2595, 0.0565 -0.5417 0.2434, 0.0559 -0.5417 0.2419, 0.055 -0.5417 0.2407, 0.0404 -0.5417 0.2618, 0.041 -0.5417 0.2623, 0.041 -0.5417 0.2857, 0.0418 -0.5417 0.263, 0.0432 -0.5417 0.2639, 0.0458 -0.5417 0.2648, 0.0492 -0.5417 0.2651, 0.0579 -0.5417 0.2857, 0.0523 -0.5417 0.2649, 0.0551 -0.5417 0.2496, 0.056 -0.5417 0.2484, 0.0565 -0.5417 0.247, 0.0567 -0.5417 0.2453, 0.0537 -0.5417 0.2395, 0.0522 -0.5417 0.2387, 0.0487 -0.5417 0.2614, 0.0473 -0.5417 0.2613, 0.0436 -0.5417 0.2578, 0.0461 -0.5417 0.2609, 0.045 -0.5417 0.2604, 0.0437 -0.5417 0.2572, 0.0439 -0.5417 0.2565, 0.0442 -0.5417 0.2558, 0.0446 -0.5417 0.2553, 0.0463 -0.5417 0.2543, 0.0518 -0.5417 0.261, 0.0492 -0.5417 0.2531, 0.0544 -0.5417 0.26, 0.051 -0.5417 0.2523, 0.054 -0.5417 0.2506, 0.0443 -0.5417 0.2598, 0.0439 -0.5417 0.2592, 0.0437 -0.5417 0.2585, 0.0435 -0.5417 0.2416, 0.0459 -0.5417 0.2497, 0.0431 -0.5417 0.251, 0.0465 -0.5417 0.2412, 0.0467 -0.5417 0.2412, 0.0489 -0.5417 0.2484, 0.049 -0.5417 0.2415, 0.0519 -0.5417 0.2448, 0.0519 -0.5417 0.2454, 0.0502 -0.5417 0.2419, 0.0507 -0.5417 0.2422, 0.0512 -0.5417 0.2427, 0.0516 -0.5417 0.2433, 0.0518 -0.5417 0.2439, 0.0517 -0.5417 0.2461, 0.0513 -0.5417 0.2467, 0.0507 -0.5417 0.2473, 0.1266 -0.5417 0.307, 0.113 -0.5417 0.307, 0.1303 -0.5417 0.2969, 0.1356 -0.5417 0.2969, 0.9488 -0.5417 0.2857, 0.9488 -0.5417 0.3342, 0.1215 -0.5417 0.3339, 0.113 -0.5417 0.3342, 0.1164 -0.5417 0.3339, 0.113 -0.5417 0.3249, 0.1023 -0.5417 0.2969, 0.1013 -0.5417 0.2857, 0.1076 -0.5417 0.2969, 0.1111 -0.5417 0.307, 0.0802 -0.5417 0.2969, 0.07 -0.5417 0.2969, 0.0665 -0.5417 0.2857, 0.0806 -0.5417 0.3339, 0.087 -0.5417 0.3342, 0.0665 -0.5417 0.3342, 0.07 -0.5417 0.3339, 0.0992 -0.5417 0.3092, 0.0974 -0.5417 0.3053, 0.1001 -0.5417 0.3135, 0.1013 -0.5417 0.3342, 0.0996 -0.5417 0.321, 0.1002 -0.5417 0.3159, 0.0946 -0.5417 0.3021, 0.0907 -0.5417 0.2993, 0.087 -0.5417 0.2857, 0.087 -0.5417 0.2978, 0.0865 -0.5417 0.2976, 0.0946 -0.5417 0.329, 0.096 -0.5417 0.3277, 0.0982 -0.5417 0.3245, 0.0863 -0.5417 0.3333, 0.087 -0.5417 0.333, 0.0908 -0.5417 0.3317, 0.0579 -0.5417 0.3342, 0.0622 -0.5417 0.3339, 0.0579 -0.5417 0.3339, 0.0479 -0.5417 0.3297, 0.0479 -0.5417 0.3178, 0.0579 -0.5417 0.3297, 0.0579 -0.5417 0.3178, 0.0622 -0.5417 0.3297, 0.0611 -0.5417 0.3178, 0.063 -0.5417 0.3011, 0.0611 -0.5417 0.3136, 0.0579 -0.5417 0.3011, 0.0579 -0.5417 0.3136, 0.0479 -0.5417 0.3011, 0.0479 -0.5417 0.3136, 0.063 -0.5417 0.2969, 0.0579 -0.5417 0.2969, 0.0431 -0.5417 0.3339, 0.041 -0.5417 0.3342, 0.0431 -0.5417 0.2969, 0.374 -0.5417 0.1024, 0.5709 -0.5417 0.1024, 0.374 -0.5417 0.1181, 0.5709 -0.5417 0.1181, 0.1378 -0.5417 0.1024, 0.3346 -0.5417 0.1024, 0.1378 -0.5417 0.1181, 0.3346 -0.5417 0.1181, 0.113 -0.5417 0.2231, 0.9488 -0.5417 0.2231, 0.6102 -0.5417 0.1181, 0.8327 -0.5417 0.1024, 0.8327 -0.5417 0.0118, 0.9094 -0.5417 0.0118, 0.6102 -0.5417 0.1024, 0.9488 -0.5417 0.0551, 0.087 -0.5417 0.2231, 0.0984 -0.5417 0.1181, 0.1013 -0.5417 0.2231, 0.1013 -0.5417 0.1181, 0.113 -0.5417 0.1181, 0.0984 -0.5417 0.1024, 0.087 -0.5417 0.1024, 0.0665 -0.5417 0.1024, 0.0665 -0.5417 0.2231, 0.0579 -0.5417 0.1024, 0.0579 -0.5417 0.2231, 0.041 -0.5417 0.1024, 0.0096 -0.5417 0.1024, 0.0074 -0.5417 0.1024, 0.0074 -0.5417 0.2231, -0.9094 -0.5417 0.0118, -0.8327 -0.5417 0.0118, -0.9488 -0.5417 0.0551, -0.8327 -0.5417 0.1024, -0.9488 -0.5417 0.2231, -0.6102 -0.5417 0.1024, 0.0357 -0.5417 0.333, 0.0318 -0.5417 0.3342, 0.0309 -0.5417 0.3342, 0.0357 -0.5417 0.328, 0.0351 -0.5417 0.2981, 0.0311 -0.5417 0.2968, 0.0353 -0.5417 0.3283, 0.013 -0.5417 0.3135, 0.0136 -0.5417 0.3098, 0.0254 -0.5417 0.2962, 0.0226 -0.5417 0.2964, 0.0187 -0.5417 0.2973, 0.0153 -0.5417 0.2991, 0.0261 -0.5417 0.3005, 0.0285 -0.5417 0.3006, 0.0326 -0.5417 0.3015, 0.0357 -0.5417 0.303, 0.0357 -0.5417 0.2984, 0.0166 -0.5417 0.3258, 0.0148 -0.5417 0.3232, 0.0148 -0.5417 0.3068, 0.0166 -0.5417 0.3044, 0.0175 -0.5417 0.3035, 0.02 -0.5417 0.3018, 0.0227 -0.5417 0.3009, 0.027 -0.5417 0.3302, 0.0254 -0.5417 0.3302, 0.0169 -0.5417 0.3261, 0.0222 -0.5417 0.3295, 0.0193 -0.5417 0.3281, 0.0136 -0.5417 0.32, 0.013 -0.5417 0.315, 0.0292 -0.5417 0.2634, 0.0127 -0.5417 0.3013, 0.0124 -0.5417 0.3016, 0.0315 -0.5417 0.3297, 0.0269 -0.5417 0.3346, 0.041 -0.5417 0.3589, 0.0243 -0.5417 0.3342, 0.0096 -0.5417 0.3589, 0.0096 -0.5417 0.3232, 0.0106 -0.5417 0.3256, 0.0096 -0.5417 0.3342, 0.0133 -0.5417 0.3291, 0.0141 -0.5417 0.3299, 0.0177 -0.5417 0.3324, 0.0216 -0.5417 0.3339, 0.0088 -0.5417 0.3215, 0.0074 -0.5417 0.3342, 0.008 -0.5417 0.3166, 0.0079 -0.5417 0.3147, 0.0074 -0.5417 0.2857, 0.0087 -0.5417 0.3087, 0.022 -0.5417 0.2377, 0.0196 -0.5417 0.2374, 0.0797 -0.5417 0.2645, 0.0845 -0.5417 0.2645, 0.1013 -0.5417 0.2751, 0.1086 -0.5417 0.2751, 0.0712 -0.5417 0.2446, 0.0718 -0.5417 0.2425, 0.0719 -0.5417 0.2425, 0.0665 -0.5417 0.2581, 0.0725 -0.5417 0.2446, 0.0721 -0.5417 0.2434, 0.0665 -0.5417 0.2456, 0.0591 -0.5417 0.2645, 0.0643 -0.5417 0.2645, 0.0695 -0.5417 0.2381, 0.0693 -0.5417 0.2377, 0.0675 -0.5417 0.2333, 0.0601 -0.5417 0.226, 0.0601 -0.5417 0.2301, 0.061 -0.5417 0.2298, 0.0627 -0.5417 0.2296, 0.0665 -0.5417 0.2264, 0.0649 -0.5417 0.2258, 0.0631 -0.5417 0.2256, 0.062 -0.5417 0.2256, 0.0638 -0.5417 0.2297, 0.0649 -0.5417 0.2301, 0.0725 -0.5417 0.2341, 0.0704 -0.5417 0.23, 0.074 -0.5417 0.2377, 0.0687 -0.5417 0.2279, 0.0684 -0.5417 0.2276, 0.0668 -0.5417 0.2265, -0.5802 -0.5417 0.374, -0.0283 -0.5417 0.374, 0.0074 -0.5417 0.374, 0.0074 -0.5417 0.3589, 0.0096 -0.5417 0.374, 0.041 -0.5417 0.374, 0.0579 -0.5417 0.374, 0.0579 -0.5417 0.3589, 0.0665 -0.5417 0.374, 0.0665 -0.5417 0.3589, 0.087 -0.5417 0.374, 0.087 -0.5417 0.3589, 0.1013 -0.5417 0.374, 0.1013 -0.5417 0.3589, 0.113 -0.5417 0.374, 0.113 -0.5417 0.3589, 0.9488 -0.5417 0.374, 0.9488 -0.5417 0.3589, -0.0131 -0.5417 0.2969, -0.0131 -0.5417 0.3339, 0.0064 -0.5417 0.2969, 0.154 -0.5417 0.2381, 0.1487 -0.5417 0.2381, 0.1679 -0.5417 0.2751, 0.9488 -0.5417 0.2377, 0.1821 -0.5417 0.2381, 0.1768 -0.5417 0.2381, 0.173 -0.5417 0.2482, 0.1576 -0.5417 0.2482, 0.1628 -0.5417 0.2751, 0.1438 -0.5417 0.2465, 0.1411 -0.5417 0.2432, 0.1372 -0.5417 0.2405, 0.146 -0.5417 0.2621, 0.1466 -0.5417 0.2571, 0.1465 -0.5417 0.2547, 0.1456 -0.5417 0.2504, 0.1411 -0.5417 0.2702, 0.1424 -0.5417 0.2689, 0.1447 -0.5417 0.2657, 0.1165 -0.5417 0.2751, 0.1165 -0.5417 0.2381, 0.1267 -0.5417 0.2381, 0.1329 -0.5417 0.2388, 0.127 -0.5417 0.2751, 0.1327 -0.5417 0.2745, 0.1372 -0.5417 0.2729, 0.0074 -0.5417 0.2377, 0.0068 -0.5417 0.2381, -0.0131 -0.5417 0.2381, 0.0068 -0.5417 0.2423, 0.006 -0.5417 0.2709, -0.0083 -0.5417 0.2548, -0.0083 -0.5417 0.2423, 0.0049 -0.5417 0.2548, 0.0049 -0.5417 0.259, -0.0083 -0.5417 0.259, -0.0083 -0.5417 0.2709, -0.0131 -0.5417 0.2751, 0.006 -0.5417 0.2751, -0.9488 -0.5417 0.2377, -0.9488 -0.5417 0.2857, -0.9488 -0.5417 0.3342, -0.9488 -0.5417 0.3589, -0.9488 -0.5417 0.374, -0.0984 -0.0546 0.1417, -0.0984 -0.1598 0.1417, -0.0197 -0.1598 0.1417, 0.1378 -0.0546 0.1417, 0.1378 -0.1598 0.1417, 0.2165 -0.1598 0.1417, 0.4921 -0.0546 0.1417, 0.4921 -0.1598 0.1417, 0.5709 -0.1598 0.1417, 0.6102 -0.1598 0.1417, 0.689 -0.1598 0.1417, 0.6102 -0.0546 0.1417, 0.689 -0.0546 0.1417, -0.8335 -0.1598 0.1417, -0.7283 -0.1598 0.1417, -0.8335 -0.0417 0.1417, -0.7283 -0.0546 0.1417, -0.689 -0.0546 0.1417, -0.0197 -0.0546 0.1417, 0.0197 -0.0546 0.1417, 0.2165 -0.0546 0.1417, 0.2559 -0.0546 0.1417, -0.689 -0.1598 0.1417, -0.6102 -0.1598 0.1417, -0.6102 -0.0546 0.1417, -0.5709 -0.0546 0.1417, 0.0197 -0.1598 0.1417, 0.0984 -0.1598 0.1417, 0.0984 -0.0546 0.1417, 0.2559 -0.1598 0.1417, 0.3346 -0.1598 0.1417, 0.3346 -0.0546 0.1417, 0.374 -0.0546 0.1417, -0.5709 -0.1598 0.1417, -0.4921 -0.1598 0.1417, -0.4921 -0.0546 0.1417, -0.4528 -0.0546 0.1417, -0.4528 -0.1598 0.1417, -0.374 -0.1598 0.1417, -0.374 -0.0546 0.1417, -0.3346 -0.0546 0.1417, -0.3346 -0.1598 0.1417, -0.2559 -0.1598 0.1417, -0.2559 -0.0546 0.1417, -0.2165 -0.0546 0.1417, 0.5709 -0.0546 0.1417, 0.4528 -0.0546 0.1417, 0.4528 -0.1598 0.1417, 0.374 -0.1598 0.1417, -0.1378 -0.0546 0.1417, -0.1378 -0.1598 0.1417, -0.2165 -0.1598 0.1417, 0.7283 -0.1598 0.1417, 0.8335 -0.1598 0.1417, 0.7283 -0.0546 0.1417, 0.8335 -0.0417 0.1417, -1.0276 -0.1598 0.315, -1.0827 -0.1598 0.315, -1.0827 -0.1598 0.3543, 0.8335 -0.1598 0.2402, -0.9488 -0.1598 0.122, -0.9528 -0.1598 0.122, -0.9488 -0.1598 0.2402, -0.9528 -0.1598 0.2795, -1.0118 -0.1598 0.122, -1.0276 -0.1598 0.122, -1.0118 -0.1598 0.2795, -1.063 -0.1598 0.374, 1.063 -0.1598 0.374, -0.8335 -0.1598 0.2402, 1.0276 -0.1598 0.122, 1.0118 -0.1598 0.122, 1.0276 -0.1598 0.315, 1.0118 -0.1598 0.2795, 0.9528 -0.1598 0.2795, 0.9528 -0.1598 0.122, 0.9488 -0.1598 0.2402, 0.9488 -0.1598 0.122, 0.689 -0.1598 0.2205, 0.6102 -0.1598 0.2205, 1.0827 -0.1598 0.3543, 1.0827 -0.1598 0.315, 0.3346 -0.1598 0.2205, 0.2559 -0.1598 0.2205, 0.2165 -0.1598 0.2205, 0.0984 -0.1598 0.2205, 0.7283 -0.1598 0.2205, 0.5709 -0.1598 0.2205, 0.4921 -0.1598 0.2205, 0.4528 -0.1598 0.2205, 0.0197 -0.1598 0.2205, -0.0197 -0.1598 0.2205, 0.374 -0.1598 0.2205, 0.1378 -0.1598 0.2205, -0.2559 -0.1598 0.2205, -0.3346 -0.1598 0.2205, -0.374 -0.1598 0.2205, -0.0984 -0.1598 0.2205, -0.1378 -0.1598 0.2205, -0.2165 -0.1598 0.2205, -0.4528 -0.1598 0.2205, -0.4921 -0.1598 0.2205, -0.5709 -0.1598 0.2205, -0.6102 -0.1598 0.2205, -0.7283 -0.1598 0.2205, -0.689 -0.1598 0.2205
            ]
        }
        coordIndex [
            0,1,2,-1,3,4,5,-1,6,7,8,-1,9,10,11,-1,12,13,14,-1,15,16,17,-1,18,19,20,-1,20,19,21,-1,20,21,22,-1,23,24,25,-1,25,24,20,-1,25,20,26,-1,26,20,27,-1,22,28,20,-1,20,28,29,-1,20,29,27,-1,30,31,32,-1,32,31,33,-1,32,33,34,-1,34,33,35,-1,30,32,36,-1,36,32,37,-1,36,37,38,-1,37,39,40,-1,37,41,38,-1,38,41,42,-1,38,42,43,-1,43,42,44,-1,43,44,45,-1,40,46,37,-1,37,46,47,-1,37,47,41,-1,48,49,50,-1,48,50,51,-1,49,52,50,-1,50,52,53,-1,50,53,54,-1,54,53,55,-1,55,56,54,-1,54,56,57,-1,54,57,37,-1,37,57,58,-1,37,58,39,-1,59,51,60,-1,60,51,50,-1,60,50,61,-1,61,50,62,-1,10,63,11,-1,11,63,64,-1,11,64,50,-1,50,64,65,-1,50,65,62,-1,66,67,63,-1,63,67,68,-1,63,68,64,-1,64,68,69,-1,64,69,70,-1,70,69,71,-1,70,71,72,-1,73,74,75,-1,75,74,76,-1,75,76,70,-1,76,77,70,-1,70,77,78,-1,70,78,79,-1,79,80,70,-1,70,80,81,-1,70,81,64,-1,82,83,76,-1,76,83,84,-1,76,84,85,-1,85,86,76,-1,76,86,87,-1,76,87,77,-1,88,89,90,-1,91,92,82,-1,93,94,95,-1,95,94,96,-1,88,90,97,-1,91,82,98,-1,99,100,94,-1,94,100,101,-1,94,101,102,-1,23,103,24,-1,24,103,104,-1,24,104,82,-1,82,104,105,-1,82,105,98,-1,89,106,90,-1,90,106,107,-1,90,107,108,-1,109,110,111,-1,111,110,112,-1,111,112,113,-1,114,102,115,-1,115,102,116,-1,115,116,111,-1,111,116,117,-1,111,117,109,-1,114,118,102,-1,102,118,119,-1,102,119,94,-1,94,119,120,-1,94,120,96,-1,121,122,123,-1,123,122,124,-1,123,124,90,-1,90,124,125,-1,90,125,97,-1,126,127,90,-1,90,127,128,-1,90,128,94,-1,94,128,129,-1,94,129,99,-1,130,131,83,-1,83,131,132,-1,83,132,133,-1,133,134,83,-1,83,134,135,-1,83,135,136,-1,136,135,121,-1,136,121,137,-1,137,121,123,-1,92,138,82,-1,82,138,139,-1,82,139,83,-1,83,139,140,-1,83,140,130,-1,108,141,90,-1,90,141,142,-1,90,142,143,-1,143,144,90,-1,90,144,145,-1,90,145,126,-1,146,147,148,-1,147,149,148,-1,148,149,150,-1,148,150,151,-1,101,148,102,-1,102,148,152,-1,102,152,153,-1,154,155,156,-1,156,155,157,-1,156,157,158,-1,154,156,101,-1,101,156,159,-1,101,159,148,-1,148,159,160,-1,148,160,146,-1,161,162,163,-1,163,162,164,-1,163,164,165,-1,151,150,166,-1,166,150,167,-1,166,167,168,-1,168,167,169,-1,168,169,170,-1,153,171,102,-1,102,171,163,-1,102,163,172,-1,172,163,165,-1,173,174,175,-1,175,174,176,-1,176,174,177,-1,176,177,178,-1,179,180,181,-1,181,180,182,-1,181,182,173,-1,173,182,183,-1,173,183,174,-1,174,183,184,-1,174,184,185,-1,185,184,186,-1,185,186,187,-1,187,186,188,-1,177,189,178,-1,178,189,190,-1,178,190,191,-1,191,190,192,-1,193,194,195,-1,195,194,196,-1,197,198,199,-1,199,198,200,-1,199,200,16,-1,201,202,203,-1,203,202,204,-1,203,204,200,-1,205,206,207,-1,208,8,209,-1,209,8,210,-1,211,212,205,-1,205,212,213,-1,205,213,214,-1,193,215,194,-1,194,215,216,-1,194,216,217,-1,217,216,218,-1,219,220,218,-1,218,220,221,-1,218,221,217,-1,214,222,205,-1,205,222,223,-1,205,223,206,-1,224,225,203,-1,203,225,226,-1,203,226,201,-1,227,228,229,-1,207,230,205,-1,205,230,231,-1,205,231,8,-1,8,231,196,-1,8,196,210,-1,210,196,194,-1,232,198,233,-1,234,235,236,-1,208,237,8,-1,8,237,238,-1,8,238,239,-1,240,241,218,-1,218,241,242,-1,218,242,243,-1,227,229,197,-1,236,244,234,-1,234,244,232,-1,234,232,245,-1,245,232,233,-1,229,246,197,-1,197,246,247,-1,197,247,198,-1,198,247,248,-1,198,248,233,-1,243,249,218,-1,218,249,250,-1,218,250,219,-1,15,17,251,-1,251,17,252,-1,251,252,253,-1,254,255,14,-1,256,257,14,-1,14,257,258,-1,259,260,261,-1,261,260,262,-1,261,262,263,-1,263,264,261,-1,261,264,265,-1,261,265,266,-1,266,265,267,-1,266,267,254,-1,268,269,255,-1,255,269,270,-1,255,270,14,-1,14,270,271,-1,14,271,256,-1,258,272,14,-1,14,272,273,-1,14,273,12,-1,274,275,276,-1,276,275,277,-1,276,277,278,-1,276,279,274,-1,274,279,280,-1,274,280,281,-1,281,282,274,-1,274,282,283,-1,274,283,284,-1,284,283,285,-1,284,285,286,-1,286,285,287,-1,286,287,255,-1,255,287,288,-1,255,288,268,-1,289,290,278,-1,278,290,291,-1,278,291,276,-1,292,293,228,-1,228,293,294,-1,228,294,229,-1,292,295,293,-1,293,295,296,-1,293,296,297,-1,297,296,298,-1,297,299,300,-1,298,301,297,-1,297,301,302,-1,297,302,303,-1,303,304,297,-1,297,304,305,-1,297,305,299,-1,300,306,297,-1,297,306,307,-1,297,307,308,-1,309,310,311,-1,311,310,175,-1,311,175,312,-1,313,314,315,-1,315,314,316,-1,315,316,317,-1,317,316,318,-1,319,320,321,-1,321,320,175,-1,321,175,322,-1,322,175,310,-1,323,324,325,-1,326,327,328,-1,325,324,328,-1,328,324,329,-1,328,329,326,-1,330,331,320,-1,330,320,332,-1,333,334,335,-1,331,336,320,-1,320,336,337,-1,320,337,338,-1,338,337,339,-1,338,339,340,-1,341,342,333,-1,333,342,343,-1,333,343,334,-1,326,344,327,-1,327,344,345,-1,327,345,333,-1,333,345,346,-1,333,346,341,-1,318,316,319,-1,319,316,333,-1,319,333,320,-1,320,333,335,-1,320,335,332,-1,328,347,348,-1,348,347,349,-1,350,351,352,-1,352,351,353,-1,352,353,354,-1,354,353,355,-1,354,355,356,-1,356,355,357,-1,356,357,358,-1,358,357,359,-1,358,359,360,-1,360,359,361,-1,348,354,328,-1,328,354,356,-1,328,356,325,-1,325,356,362,-1,325,362,266,-1,266,362,363,-1,266,363,261,-1,349,347,364,-1,364,347,365,-1,364,365,366,-1,367,368,369,-1,369,368,370,-1,371,372,373,-1,373,372,374,-1,373,374,375,-1,375,374,369,-1,375,369,376,-1,376,369,370,-1,376,370,377,-1,378,379,380,-1,377,381,376,-1,376,381,378,-1,376,378,382,-1,382,378,380,-1,383,384,385,-1,385,384,386,-1,385,386,375,-1,375,386,387,-1,375,387,373,-1,388,384,389,-1,389,384,383,-1,389,383,390,-1,390,383,391,-1,390,391,392,-1,392,391,393,-1,392,393,394,-1,394,393,252,-1,394,252,395,-1,395,252,211,-1,395,211,396,-1,74,396,397,-1,398,399,400,-1,400,399,401,-1,400,401,402,-1,402,401,403,-1,402,403,9,-1,404,365,405,-1,405,365,406,-1,363,366,261,-1,261,366,365,-1,261,365,407,-1,407,365,404,-1,408,409,261,-1,410,411,412,-1,413,414,8,-1,8,414,415,-1,8,415,416,-1,417,418,410,-1,410,418,419,-1,410,419,407,-1,407,419,420,-1,407,420,261,-1,261,420,421,-1,261,421,408,-1,410,422,423,-1,412,424,410,-1,410,424,425,-1,410,425,426,-1,426,427,410,-1,410,427,428,-1,410,428,417,-1,429,430,431,-1,431,430,432,-1,431,432,433,-1,423,434,410,-1,410,434,435,-1,410,435,411,-1,409,413,261,-1,261,413,8,-1,261,8,259,-1,259,8,239,-1,259,239,235,-1,235,239,436,-1,235,436,236,-1,416,437,8,-1,8,437,438,-1,8,438,6,-1,422,410,431,-1,431,410,439,-1,431,439,429,-1,440,441,442,-1,442,441,443,-1,444,445,446,-1,446,445,447,-1,447,448,446,-1,446,448,449,-1,446,449,450,-1,444,446,451,-1,451,446,452,-1,451,452,453,-1,453,452,454,-1,454,452,455,-1,454,455,456,-1,16,200,17,-1,17,200,204,-1,17,204,252,-1,252,204,457,-1,252,457,211,-1,211,457,458,-1,211,458,212,-1,459,460,338,-1,460,191,338,-1,338,191,192,-1,338,192,320,-1,320,192,461,-1,320,461,175,-1,175,461,462,-1,175,462,173,-1,463,464,465,-1,340,323,338,-1,338,323,325,-1,338,325,459,-1,459,325,466,-1,459,466,467,-1,467,466,463,-1,467,463,468,-1,468,463,465,-1,5,469,14,-1,14,469,470,-1,254,14,266,-1,266,14,470,-1,266,470,325,-1,325,470,471,-1,325,471,466,-1,472,469,473,-1,473,469,5,-1,473,5,474,-1,474,5,4,-1,393,475,476,-1,253,252,13,-1,13,252,393,-1,13,393,14,-1,14,393,476,-1,14,476,5,-1,5,476,477,-1,5,477,478,-1,479,480,391,-1,391,480,481,-1,391,481,393,-1,393,481,482,-1,393,482,475,-1,478,483,5,-1,5,483,484,-1,5,484,3,-1,485,486,383,-1,485,383,487,-1,486,488,383,-1,383,488,489,-1,383,489,391,-1,391,489,490,-1,391,490,479,-1,491,32,492,-1,492,32,34,-1,492,34,493,-1,493,34,494,-1,493,494,495,-1,495,494,443,-1,495,443,496,-1,496,443,441,-1,496,441,497,-1,497,441,498,-1,497,498,499,-1,499,498,500,-1,499,500,501,-1,501,500,502,-1,501,502,503,-1,503,502,504,-1,503,504,505,-1,505,504,506,-1,505,506,507,-1,507,506,508,-1,440,406,441,-1,441,406,365,-1,441,365,498,-1,498,365,347,-1,498,347,500,-1,500,347,328,-1,500,328,502,-1,502,328,327,-1,502,327,504,-1,504,327,333,-1,504,333,506,-1,506,333,316,-1,506,316,508,-1,508,316,314,-1,35,18,34,-1,34,18,20,-1,34,20,494,-1,494,20,452,-1,494,452,443,-1,443,452,446,-1,443,446,442,-1,442,446,450,-1,509,510,20,-1,20,510,0,-1,20,0,452,-1,452,0,2,-1,452,2,455,-1,455,2,511,-1,455,511,24,-1,24,511,509,-1,24,509,20,-1,512,513,176,-1,313,514,515,-1,515,514,516,-1,515,516,176,-1,176,516,517,-1,176,517,512,-1,512,517,518,-1,512,518,519,-1,315,312,313,-1,313,312,175,-1,313,175,514,-1,514,175,520,-1,521,522,513,-1,513,522,523,-1,524,525,520,-1,520,525,526,-1,520,526,513,-1,513,526,527,-1,513,527,521,-1,528,529,520,-1,520,529,530,-1,520,530,524,-1,531,175,532,-1,532,175,176,-1,532,176,533,-1,533,176,513,-1,533,513,534,-1,534,513,523,-1,531,535,175,-1,175,535,536,-1,175,536,520,-1,520,536,537,-1,520,537,528,-1,538,539,540,-1,539,538,541,-1,541,538,455,-1,541,455,542,-1,543,544,545,-1,545,544,541,-1,545,541,546,-1,546,541,542,-1,546,542,547,-1,547,542,548,-1,460,487,191,-1,191,487,383,-1,191,383,178,-1,178,383,385,-1,178,385,176,-1,176,385,375,-1,176,375,515,-1,515,375,376,-1,396,211,397,-1,397,211,205,-1,397,205,538,-1,538,205,8,-1,538,8,455,-1,455,8,7,-1,455,7,456,-1,74,397,76,-1,76,397,538,-1,76,538,82,-1,82,538,540,-1,82,540,24,-1,24,540,549,-1,24,549,455,-1,455,549,550,-1,455,550,542,-1,9,11,402,-1,402,11,50,-1,402,50,551,-1,551,50,54,-1,551,54,552,-1,552,54,37,-1,552,37,553,-1,553,37,32,-1,553,32,554,-1,554,32,491,-1,554,491,555,-1,556,557,558,-1,559,560,561,-1,562,563,564,-1,565,566,567,-1,567,566,568,-1,569,570,571,-1,571,570,572,-1,571,572,573,-1,574,575,571,-1,571,576,577,-1,578,579,573,-1,573,579,580,-1,573,580,571,-1,571,580,581,-1,582,583,575,-1,575,583,584,-1,575,584,571,-1,571,584,559,-1,571,559,576,-1,576,559,561,-1,585,586,577,-1,577,586,587,-1,577,587,571,-1,571,587,588,-1,589,590,581,-1,581,590,591,-1,581,591,571,-1,571,591,592,-1,593,594,592,-1,592,594,595,-1,592,595,571,-1,571,595,596,-1,597,598,596,-1,596,598,599,-1,596,599,571,-1,571,599,600,-1,564,601,562,-1,562,601,571,-1,562,571,602,-1,602,571,588,-1,602,588,603,-1,603,588,604,-1,558,574,556,-1,556,574,571,-1,556,571,605,-1,605,571,600,-1,605,600,606,-1,606,600,607,-1,608,609,610,-1,610,609,611,-1,610,611,568,-1,568,611,571,-1,568,571,567,-1,567,571,601,-1,612,613,614,-1,615,609,608,-1,616,617,618,-1,618,617,619,-1,620,621,622,-1,622,621,612,-1,622,612,619,-1,614,623,612,-1,612,623,624,-1,612,624,619,-1,619,624,625,-1,619,625,618,-1,626,627,628,-1,628,627,629,-1,628,629,630,-1,630,631,632,-1,632,631,633,-1,566,565,634,-1,634,565,635,-1,636,637,624,-1,624,637,628,-1,624,628,625,-1,625,628,630,-1,625,630,615,-1,615,630,632,-1,638,586,585,-1,639,640,625,-1,641,583,582,-1,608,642,615,-1,615,642,634,-1,615,634,625,-1,625,634,635,-1,625,635,643,-1,564,563,643,-1,643,563,644,-1,643,644,625,-1,625,644,645,-1,646,647,625,-1,603,604,645,-1,645,604,648,-1,645,648,625,-1,625,648,638,-1,625,638,639,-1,639,638,585,-1,582,646,641,-1,641,646,625,-1,641,625,649,-1,649,625,640,-1,649,640,560,-1,560,640,561,-1,650,598,597,-1,651,652,625,-1,558,557,647,-1,647,557,653,-1,647,653,625,-1,625,653,654,-1,597,651,650,-1,650,651,625,-1,650,625,655,-1,655,625,654,-1,655,654,607,-1,607,654,606,-1,594,593,652,-1,652,593,656,-1,652,656,625,-1,625,656,657,-1,590,589,657,-1,657,589,658,-1,657,658,625,-1,625,658,659,-1,570,569,660,-1,660,569,625,-1,660,625,661,-1,661,625,659,-1,661,659,578,-1,578,659,579,-1,
        ]
    }
}
Shape{
    appearance Appearance {
        material  Material 	{
            diffuseColor 0.25098039215686274 0.25098039215686274 0.25098039215686274
            specularColor 0.12549019607843137 0.12549019607843137 0.12549019607843137
            ambientIntensity 0.251
            transparency 0.0
            shininess 0.5
        }
    }
    geometry IndexedFaceSet {
        ccw TRUE
        solid FALSE
        coord DEF co Coordinate {
            point [
                -0.5709 -0.0691 0.2205, -0.5709 -0.0693 0.2157, -0.4921 -0.0693 0.2157, -0.3346 -0.0691 0.2205, -0.3346 -0.0693 0.2157, -0.2559 -0.0693 0.2157, -0.0984 -0.0691 0.2205, -0.0984 -0.0693 0.2157, -0.0197 -0.0693 0.2157, 0.1378 -0.0691 0.2205, 0.1378 -0.0693 0.2157, 0.2165 -0.0693 0.2157, 0.374 -0.0691 0.2205, 0.374 -0.0693 0.2157, 0.4528 -0.0693 0.2157, -0.8209 -0.0693 0.2157, -0.7283 -0.0693 0.2157, -0.8209 -0.0681 0.2272, -0.7283 -0.0691 0.2205, -0.689 -0.0691 0.2205, -0.4921 -0.0691 0.2205, -0.4528 -0.0691 0.2205, -0.2559 -0.0691 0.2205, -0.2165 -0.0691 0.2205, -0.0197 -0.0691 0.2205, 0.0197 -0.0691 0.2205, 0.2165 -0.0691 0.2205, 0.2559 -0.0691 0.2205, 0.4528 -0.0691 0.2205, 0.4921 -0.0691 0.2205, 0.6102 -0.0691 0.2205, 0.6102 -0.0693 0.2157, 0.689 -0.0693 0.2157, 0.4921 -0.0693 0.2157, 0.5709 -0.0693 0.2157, 0.5709 -0.0691 0.2205, 0.689 -0.0691 0.2205, 0.2559 -0.0693 0.2157, 0.3346 -0.0693 0.2157, 0.3346 -0.0691 0.2205, 0.0197 -0.0693 0.2157, 0.0984 -0.0693 0.2157, 0.0984 -0.0691 0.2205, -0.2165 -0.0693 0.2157, -0.1378 -0.0693 0.2157, -0.1378 -0.0691 0.2205, -0.4528 -0.0693 0.2157, -0.374 -0.0693 0.2157, -0.374 -0.0691 0.2205, -0.689 -0.0693 0.2157, -0.6102 -0.0693 0.2157, -0.6102 -0.0691 0.2205, 0.7283 -0.0693 0.2157, 0.8209 -0.0693 0.2157, 0.7283 -0.0691 0.2205, 0.8209 -0.0681 0.2272, 0.8209 -0.0648 0.2383, -0.8209 -0.0648 0.2383, 0.8209 -0.0593 0.2485, -0.8209 -0.0593 0.2485, 0.8209 -0.052 0.2575, -0.8209 -0.052 0.2575, 0.8209 -0.0693 0.2087, 0.7283 -0.0693 0.2087, 0.7283 -0.0546 0.2087, 0.689 -0.0693 0.2087, 0.6102 -0.0693 0.2087, 0.689 -0.0546 0.2087, 0.6102 -0.0546 0.2087, 0.8209 0.3874 0.2087, -0.8209 0.3874 0.2087, 0.5709 -0.0546 0.2087, 0.4528 -0.0546 0.2087, 0.4528 -0.0693 0.2087, 0.374 -0.0693 0.2087, 0.374 -0.0546 0.2087, 0.3346 -0.0546 0.2087, 0.4921 -0.0546 0.2087, 0.4921 -0.0693 0.2087, 0.5709 -0.0693 0.2087, 0.2165 -0.0546 0.2087, 0.2165 -0.0693 0.2087, 0.1378 -0.0693 0.2087, 0.1378 -0.0546 0.2087, 0.0984 -0.0546 0.2087, 0.2559 -0.0546 0.2087, 0.2559 -0.0693 0.2087, 0.3346 -0.0693 0.2087, -0.0197 -0.0546 0.2087, -0.0197 -0.0693 0.2087, -0.0984 -0.0693 0.2087, -0.0984 -0.0546 0.2087, -0.1378 -0.0546 0.2087, 0.0197 -0.0546 0.2087, 0.0197 -0.0693 0.2087, 0.0984 -0.0693 0.2087, -0.2559 -0.0546 0.2087, -0.2559 -0.0693 0.2087, -0.3346 -0.0693 0.2087, -0.3346 -0.0546 0.2087, -0.374 -0.0546 0.2087, -0.2165 -0.0546 0.2087, -0.2165 -0.0693 0.2087, -0.1378 -0.0693 0.2087, -0.4921 -0.0546 0.2087, -0.4921 -0.0693 0.2087, -0.5709 -0.0693 0.2087, -0.5709 -0.0546 0.2087, -0.6102 -0.0546 0.2087, -0.4528 -0.0546 0.2087, -0.4528 -0.0693 0.2087, -0.374 -0.0693 0.2087, -0.7283 -0.0693 0.2087, -0.8209 -0.0693 0.2087, -0.7283 -0.0546 0.2087, -0.689 -0.0546 0.2087, -0.689 -0.0693 0.2087, -0.6102 -0.0693 0.2087
            ]
        }
        coordIndex [
            0,1,2,-1,3,4,5,-1,6,7,8,-1,9,10,11,-1,12,13,14,-1,15,16,17,-1,17,16,18,-1,17,18,19,-1,17,20,21,-1,17,22,23,-1,17,24,25,-1,17,26,27,-1,17,28,29,-1,30,31,32,-1,33,34,29,-1,29,34,35,-1,29,35,17,-1,17,35,30,-1,17,30,36,-1,36,30,32,-1,37,38,27,-1,27,38,39,-1,27,39,17,-1,17,39,12,-1,17,12,28,-1,28,12,14,-1,40,41,25,-1,25,41,42,-1,25,42,17,-1,17,42,9,-1,17,9,26,-1,26,9,11,-1,43,44,23,-1,23,44,45,-1,23,45,17,-1,17,45,6,-1,17,6,24,-1,24,6,8,-1,46,47,21,-1,21,47,48,-1,21,48,17,-1,17,48,3,-1,17,3,22,-1,22,3,5,-1,49,50,19,-1,19,50,51,-1,19,51,17,-1,17,51,0,-1,17,0,20,-1,20,0,2,-1,52,53,54,-1,54,53,55,-1,54,55,36,-1,36,55,17,-1,17,55,56,-1,17,56,57,-1,57,56,58,-1,57,58,59,-1,59,58,60,-1,59,60,61,-1,62,63,64,-1,65,66,67,-1,67,66,68,-1,62,64,69,-1,69,64,67,-1,69,67,70,-1,70,67,68,-1,70,68,71,-1,72,73,74,-1,75,76,70,-1,74,75,72,-1,72,75,70,-1,72,70,77,-1,77,70,71,-1,77,71,78,-1,78,71,79,-1,80,81,82,-1,83,84,70,-1,82,83,80,-1,80,83,70,-1,80,70,85,-1,85,70,76,-1,85,76,86,-1,86,76,87,-1,88,89,90,-1,91,92,70,-1,90,91,88,-1,88,91,70,-1,88,70,93,-1,93,70,84,-1,93,84,94,-1,94,84,95,-1,96,97,98,-1,99,100,70,-1,98,99,96,-1,96,99,70,-1,96,70,101,-1,101,70,92,-1,101,92,102,-1,102,92,103,-1,104,105,106,-1,107,108,70,-1,106,107,104,-1,104,107,70,-1,104,70,109,-1,109,70,100,-1,109,100,110,-1,110,100,111,-1,112,113,114,-1,114,113,70,-1,114,70,115,-1,115,70,108,-1,115,108,116,-1,116,108,117,-1,
        ]
    }
}
Shape{
    appearance Appearance {
        material  Material 	{
            diffuseColor 1.0 1.0 1.0
            specularColor 0.5019607843137255 0.5019607843137255 0.5019607843137255
            ambientIntensity 1.0
            transparency 0.0
            shininess 0.5
        }
    }
    geometry IndexedFaceSet {
        ccw TRUE
        solid FALSE
        coord DEF co Coordinate {
            point [
                0.689 -0.0693 0.2157, 0.6102 -0.0693 0.2157, 0.689 -0.0693 0.2087, 0.6102 -0.0693 0.2087, 0.7283 -0.0693 0.2087, 0.8209 -0.0693 0.2087, 0.7283 -0.0693 0.2157, 0.8209 -0.0693 0.2157, -0.7283 -0.0693 0.2157, -0.8209 -0.0693 0.2157, -0.7283 -0.0693 0.2087, -0.8209 -0.0693 0.2087, -0.689 -0.0693 0.2087, -0.6102 -0.0693 0.2087, -0.689 -0.0693 0.2157, -0.6102 -0.0693 0.2157, -0.5709 -0.0693 0.2087, -0.4921 -0.0693 0.2087, -0.5709 -0.0693 0.2157, -0.4921 -0.0693 0.2157, -0.4528 -0.0693 0.2087, -0.374 -0.0693 0.2087, -0.4528 -0.0693 0.2157, -0.374 -0.0693 0.2157, -0.3346 -0.0693 0.2087, -0.2559 -0.0693 0.2087, -0.3346 -0.0693 0.2157, -0.2559 -0.0693 0.2157, -0.2165 -0.0693 0.2087, -0.1378 -0.0693 0.2087, -0.2165 -0.0693 0.2157, -0.1378 -0.0693 0.2157, -0.0984 -0.0693 0.2087, -0.0197 -0.0693 0.2087, -0.0984 -0.0693 0.2157, -0.0197 -0.0693 0.2157, 0.0197 -0.0693 0.2087, 0.0984 -0.0693 0.2087, 0.0197 -0.0693 0.2157, 0.0984 -0.0693 0.2157, 0.1378 -0.0693 0.2087, 0.2165 -0.0693 0.2087, 0.1378 -0.0693 0.2157, 0.2165 -0.0693 0.2157, 0.2559 -0.0693 0.2087, 0.3346 -0.0693 0.2087, 0.2559 -0.0693 0.2157, 0.3346 -0.0693 0.2157, 0.374 -0.0693 0.2087, 0.4528 -0.0693 0.2087, 0.374 -0.0693 0.2157, 0.4528 -0.0693 0.2157, 0.4921 -0.0693 0.2087, 0.5709 -0.0693 0.2087, 0.4921 -0.0693 0.2157, 0.5709 -0.0693 0.2157
            ]
        }
        coordIndex [
            0,1,2,-1,2,1,3,-1,4,5,6,-1,6,5,7,-1,8,9,10,-1,10,9,11,-1,12,13,14,-1,14,13,15,-1,16,17,18,-1,18,17,19,-1,20,21,22,-1,22,21,23,-1,24,25,26,-1,26,25,27,-1,28,29,30,-1,30,29,31,-1,32,33,34,-1,34,33,35,-1,36,37,38,-1,38,37,39,-1,40,41,42,-1,42,41,43,-1,44,45,46,-1,46,45,47,-1,48,49,50,-1,50,49,51,-1,52,53,54,-1,54,53,55,-1,
        ]
    }
}
Shape{
    appearance Appearance {
        material  Material 	{
            diffuseColor 0.25098039215686274 0.25098039215686274 0.25098039215686274
            specularColor 0.12549019607843137 0.12549019607843137 0.12549019607843137
            ambientIntensity 0.251
            transparency 0.0
            shininess 0.5
        }
    }
    geometry IndexedFaceSet {
        ccw TRUE
        solid FALSE
        coord DEF co Coordinate {
            point [
                -0.937 0.0606 0.3698, -1.0157 0.0606 0.3701, -0.937 0.0601 0.3695, -1.0157 -0.0185 0.3198, -0.937 -0.0185 0.3198
            ]
        }
        coordIndex [
            0,1,2,-1,2,1,3,-1,2,3,4,-1,
        ]
    }
}
Shape{
    appearance Appearance {
        material  Material 	{
            diffuseColor 1.0 1.0 1.0
            specularColor 0.5019607843137255 0.5019607843137255 0.5019607843137255
            ambientIntensity 1.0
            transparency 0.0
            shininess 0.5
        }
    }
    geometry IndexedFaceSet {
        ccw TRUE
        solid FALSE
        coord DEF co Coordinate {
            point [
                -0.937 -0.0276 0.3031, -0.937 -0.0276 0.2913, -0.937 -0.0185 0.3198, -0.937 0.0601 0.3695, -0.937 -0.0273 0.288, -0.937 -0.026 0.2835, -0.937 -0.0223 0.3166, -0.937 -0.0252 0.3126, -0.937 -0.027 0.308
            ]
        }
        coordIndex [
            0,1,2,-1,2,1,3,-1,3,1,4,-1,3,4,5,-1,6,7,2,-1,2,7,8,-1,2,8,0,-1,
        ]
    }
}
Shape{
    appearance Appearance {
        material  Material 	{
            diffuseColor 0.25098039215686274 0.25098039215686274 0.25098039215686274
            specularColor 0.12549019607843137 0.12549019607843137 0.12549019607843137
            ambientIntensity 0.251
            transparency 0.0
            shininess 0.5
        }
    }
    geometry IndexedFaceSet {
        ccw TRUE
        solid FALSE
        coord DEF co Coordinate {
            point [
                -0.937 -0.0273 0.288, -0.937 -0.0276 0.2913, -1.0157 -0.0273 0.288, -1.0157 -0.0276 0.2913, -0.8209 -0.026 0.2834, -0.8209 -0.026 0.2834, -0.937 -0.026 0.2835, -1.0157 -0.026 0.2834, -1.0157 -0.0235 0.2792, -0.8209 -0.0235 0.2792, -1.0157 -0.02 0.2758, -0.8209 -0.02 0.2758, -1.0157 -0.0159 0.2733, -0.8209 -0.0159 0.2733, -1.0157 -0.0112 0.2719, -0.8209 -0.0112 0.2719, -1.0157 -0.0079 0.2717, -0.8209 -0.0079 0.2717, -0.8209 0.4062 0.2677, -0.8209 0.3874 0.2087, -0.8209 0.3559 0.2677, -0.8209 -0.0693 0.2087, -0.8209 -0.052 0.2575, -0.8209 -0.0693 0.2157, -0.8209 -0.0681 0.2272, -0.8209 -0.0648 0.2383, -0.8209 0.3559 0.2717, -0.8209 -0.0593 0.2485, -0.9961 0.4858 0.2677, -1.0157 0.4662 0.2677, -0.9961 0.4858 0.3701, -1.0157 0.4662 0.3701, -1.0157 0.3559 0.2677, -1.0157 0.3559 0.2953, -1.0157 0.3795 0.2677, -1.0157 0.4583 0.2677, -1.0157 0.3795 0.2638, -1.0157 0.4583 0.2638, -1.0157 0.0606 0.3701, -1.0157 0.0596 0.2953, -1.0157 0.0572 0.2888, -1.0157 -0.0276 0.3031, -1.0157 -0.027 0.308, -1.0157 -0.0252 0.3126, -1.0157 0.0534 0.2831, -1.0157 0.0484 0.2782, -1.0157 0.0425 0.2746, -1.0157 0.036 0.2724, -1.0157 0.0291 0.2717, -1.0157 -0.0185 0.3198, -1.0157 -0.0223 0.3166, -0.937 0.3559 0.2717, -0.937 0.3559 0.2953
            ]
        }
        coordIndex [
            0,1,2,-1,2,1,3,-1,4,5,6,-1,0,2,6,-1,6,2,7,-1,6,7,4,-1,4,7,8,-1,4,8,9,-1,9,8,10,-1,9,10,11,-1,11,10,12,-1,11,12,13,-1,13,12,14,-1,13,14,15,-1,15,14,16,-1,15,16,17,-1,18,19,20,-1,20,19,21,-1,22,5,4,-1,11,13,21,-1,21,23,11,-1,11,23,24,-1,11,24,25,-1,26,20,17,-1,17,20,21,-1,17,21,15,-1,15,21,13,-1,25,27,11,-1,11,27,22,-1,11,22,9,-1,9,22,4,-1,28,29,30,-1,30,29,31,-1,32,33,34,-1,34,33,35,-1,34,35,36,-1,36,35,37,-1,29,35,31,-1,31,35,33,-1,31,33,38,-1,38,33,39,-1,38,39,40,-1,3,16,2,-1,2,16,14,-1,3,41,16,-1,16,41,42,-1,16,42,43,-1,40,44,38,-1,38,44,45,-1,38,45,46,-1,14,12,10,-1,46,47,38,-1,38,47,48,-1,38,48,49,-1,49,48,16,-1,49,16,50,-1,50,16,43,-1,10,8,14,-1,14,8,7,-1,14,7,2,-1,20,26,51,-1,52,33,51,-1,51,33,32,-1,51,32,20,-1,
        ]
    }
}
Shape{
    appearance Appearance {
        material  Material 	{
            diffuseColor 1.0 1.0 1.0
            specularColor 0.5019607843137255 0.5019607843137255 0.5019607843137255
            ambientIntensity 1.0
            transparency 0.0
            shininess 0.5
        }
    }
    geometry IndexedFaceSet {
        ccw TRUE
        solid FALSE
        coord DEF co Coordinate {
            point [
                -1.0827 0.3795 0.2638, -1.0827 0.3795 0.1417, -1.0157 0.3795 0.2638, -0.872 0.3795 0.1417, -1.0157 0.3795 0.2677, -0.872 0.3795 0.2677, 0.3346 -0.5417 0.1024, 0.1378 -0.5417 0.1024, 0.3346 -0.3961 0.1024, 0.1378 -0.3961 0.1024
            ]
        }
        coordIndex [
            0,1,2,-1,2,1,3,-1,2,3,4,-1,4,3,5,-1,6,7,8,-1,8,7,9,-1,
        ]
    }
}
Shape{
    appearance Appearance {
        material  Material 	{
            diffuseColor 1.0 1.0 0.0
            specularColor 0.5019607843137255 0.5019607843137255 0.0
            ambientIntensity 0.886
            transparency 0.0
            shininess 0.5
        }
    }
    geometry IndexedFaceSet {
        ccw TRUE
        solid FALSE
        coord DEF co Coordinate {
            point [
                0.1378 -0.5417 0.1181, 0.1378 -0.5811 0.1181, 0.1378 -0.5417 0.1024, 0.1378 -0.5811 0.0118, 0.1378 -0.4158 0.0315, 0.1378 -0.3961 0.0315, 0.1378 -0.463 0.063, 0.1378 -0.3961 0.1024, 0.1378 -0.4709 0.063, 0.1378 -0.4739 0.0626, 0.1378 -0.4768 0.0614, 0.1378 -0.4823 0.0542, 0.1378 -0.4811 0.0571, 0.1378 -0.4792 0.0595, 0.1378 -0.5795 0.0059, 0.1378 -0.5776 0.0035, 0.1378 -0.5693 0.0, 0.1378 -0.5752 0.0016, 0.1378 -0.5724 0.0004, 0.1378 -0.4945 0.0, 0.1378 -0.4827 0.0512, 0.1378 -0.5807 0.0088, 0.1378 -0.4914 0.0004, 0.1378 -0.4886 0.0016, 0.1378 -0.4861 0.0035, 0.1378 -0.4843 0.0059, 0.1378 -0.4831 0.0088, 0.1378 -0.4827 0.0118
            ]
        }
        coordIndex [
            0,1,2,-1,2,1,3,-1,4,5,6,-1,6,5,7,-1,6,7,8,-1,8,7,2,-1,8,2,9,-1,9,2,10,-1,11,12,2,-1,2,12,13,-1,2,13,10,-1,14,15,16,-1,16,15,17,-1,16,17,18,-1,16,19,20,-1,11,2,20,-1,20,2,3,-1,20,3,16,-1,16,3,21,-1,16,21,14,-1,22,23,19,-1,19,23,24,-1,19,24,25,-1,25,26,19,-1,19,26,27,-1,19,27,20,-1,
        ]
    }
}
Shape{
    appearance Appearance {
        material  Material 	{
            diffuseColor 1.0 1.0 1.0
            specularColor 0.5019607843137255 0.5019607843137255 0.5019607843137255
            ambientIntensity 1.0
            transparency 0.0
            shininess 0.5
        }
    }
    geometry IndexedFaceSet {
        ccw TRUE
        solid FALSE
        coord DEF co Coordinate {
            point [
                0.8327 -0.3961 0.0118, 0.8327 -0.3961 0.1024, 0.6102 -0.3961 0.1024, 0.6102 -0.3961 0.0315, 0.5709 -0.3961 0.0315, -0.8327 -0.3961 0.0118, 0.3346 -0.3961 0.0315, 0.3346 -0.3961 0.1024, 0.1378 -0.3961 0.1024, 0.1378 -0.3961 0.0315, 0.0984 -0.3961 0.0315, 0.5709 -0.3961 0.1024, 0.374 -0.3961 0.1024, 0.374 -0.3961 0.0315, -0.1378 -0.3961 0.0315, -0.1378 -0.3961 0.1024, -0.3346 -0.3961 0.1024, -0.3346 -0.3961 0.0315, -0.374 -0.3961 0.0315, -0.0984 -0.3961 0.0315, -0.0984 -0.3961 0.1024, 0.0984 -0.3961 0.1024, -0.6102 -0.3961 0.1024, -0.8327 -0.3961 0.1024, -0.6102 -0.3961 0.0315, -0.5709 -0.3961 0.0315, -0.5709 -0.3961 0.1024, -0.374 -0.3961 0.1024, 0.8327 0.2299 0.0118, -0.8327 0.2299 0.0118, 0.8327 0.2299 0.0157, -0.8327 0.2299 0.0157, -0.8327 -0.5417 0.0118, -0.9094 -0.5417 0.0118, 0.9094 0.4962 0.0118, 0.9094 -0.5417 0.0118, 0.8327 -0.5417 0.0118, 0.8327 0.3559 0.0118, 0.8327 0.4386 0.0118, -0.9094 0.4962 0.0118, -0.8327 0.4386 0.0118, -0.8327 0.3559 0.0118, -0.8327 0.3165 0.0118, -0.7933 0.3165 0.0118, 0.7933 0.3165 0.0118, 0.8327 0.3165 0.0118, -0.8327 0.3165 0.0325, 0.2205 0.3071 0.0307, 0.0157 0.3071 0.0307, 0.0157 0.3097 0.0315, 0.2205 0.3097 0.0315, 0.0157 0.312 0.0329, 0.2205 0.312 0.0329, 0.0157 0.3139 0.0347, 0.2205 0.3139 0.0347, 0.0157 0.3153 0.037, 0.2205 0.3153 0.037, 0.0157 0.3162 0.0395, 0.2205 0.3162 0.0395, 0.0157 0.3165 0.0421, 0.2205 0.3165 0.0421, 0.252 0.3039 0.0301, 0.252 0.3071 0.0307, 0.4567 0.3071 0.0307, -0.7933 0.3165 0.0325, -0.7839 0.3071 0.0307, -0.2205 0.3039 0.0301, -0.2205 0.3071 0.0307, -0.0157 0.3071 0.0307, 0.4567 0.3039 0.0301, 0.4882 0.3039 0.0301, -0.6929 0.3039 0.0301, -0.7244 0.3039 0.0301, -0.7244 0.3071 0.0307, 0.0157 0.3039 0.0301, 0.2205 0.3039 0.0301, 0.7244 0.3039 0.0301, 0.6929 0.3039 0.0301, 0.6929 0.3071 0.0307, 0.4882 0.3071 0.0307, 0.7933 0.3165 0.0325, 0.8327 0.3165 0.0325, 0.7839 0.3071 0.0307, 0.7244 0.3071 0.0307, -0.6929 0.3071 0.0307, -0.4882 0.3071 0.0307, -0.4882 0.3039 0.0301, -0.4567 0.3039 0.0301, -0.0157 0.3039 0.0301, -0.252 0.3039 0.0301, -0.252 0.3071 0.0307, -0.4567 0.3071 0.0307
            ]
        }
        coordIndex [
            0,1,2,-1,2,3,0,-1,0,3,4,-1,0,4,5,-1,6,7,8,-1,9,10,5,-1,11,12,4,-1,4,12,13,-1,4,13,5,-1,5,13,6,-1,5,6,9,-1,9,6,8,-1,14,15,16,-1,17,18,5,-1,16,17,14,-1,14,17,5,-1,14,5,19,-1,19,5,10,-1,19,10,20,-1,20,10,21,-1,22,23,24,-1,24,23,5,-1,24,5,25,-1,25,5,18,-1,25,18,26,-1,26,18,27,-1,28,29,30,-1,30,29,31,-1,5,32,33,-1,34,35,0,-1,0,35,36,-1,37,38,34,-1,39,40,41,-1,29,39,42,-1,42,39,41,-1,42,41,43,-1,44,37,45,-1,45,37,34,-1,45,34,28,-1,28,34,0,-1,28,0,29,-1,29,0,5,-1,29,5,39,-1,39,5,33,-1,46,31,42,-1,42,31,29,-1,47,48,49,-1,47,49,50,-1,50,49,51,-1,50,51,52,-1,52,51,53,-1,52,53,54,-1,54,53,55,-1,54,55,56,-1,56,55,57,-1,56,57,58,-1,58,57,59,-1,58,59,60,-1,61,62,63,-1,46,64,31,-1,31,64,65,-1,66,67,68,-1,69,70,30,-1,71,31,72,-1,72,31,65,-1,72,65,73,-1,48,47,74,-1,74,47,75,-1,76,30,77,-1,77,30,70,-1,77,70,78,-1,78,70,79,-1,80,81,82,-1,82,81,30,-1,82,30,83,-1,83,30,76,-1,84,85,71,-1,71,85,86,-1,71,86,31,-1,31,86,87,-1,68,88,66,-1,66,88,31,-1,66,31,89,-1,89,31,87,-1,89,87,90,-1,90,87,91,-1,63,69,61,-1,61,69,30,-1,61,30,75,-1,75,30,31,-1,75,31,74,-1,74,31,88,-1,
        ]
    }
}
Shape{
    appearance Appearance {
        material  Material 	{
            diffuseColor 1.0 1.0 0.0
            specularColor 0.5019607843137255 0.5019607843137255 0.0
            ambientIntensity 0.886
            transparency 0.0
            shininess 0.5
        }
    }
    geometry IndexedFaceSet {
        ccw TRUE
        solid FALSE
        coord DEF co Coordinate {
            point [
                0.0157 0.4858 0.0433, 0.0157 0.4858 0.1024, 0.0157 0.474 0.0433, 0.0157 0.474 0.1024, 0.0157 0.3362 0.1102, 0.0157 0.4648 0.0003, 0.0157 0.3162 0.0395, 0.0157 0.4622 0.0, 0.0157 0.3153 0.037, 0.0157 0.3139 0.0347, 0.0157 0.312 0.0329, 0.0157 0.3097 0.0315, 0.0157 0.289 0.0, 0.0157 0.3071 0.0307, 0.0157 0.289 0.0074, 0.0157 0.3039 0.0301, 0.0157 0.295 0.0216, 0.0157 0.4673 0.0012, 0.0157 0.4696 0.0026, 0.0157 0.4714 0.0044, 0.0157 0.3165 0.1102, 0.0157 0.3165 0.0421, 0.0157 0.474 0.0118, 0.0157 0.2925 0.0185, 0.0157 0.2905 0.0151, 0.0157 0.2894 0.0113, 0.0157 0.4728 0.0067, 0.0157 0.4737 0.0092
            ]
        }
        coordIndex [
            0,1,2,-1,2,1,3,-1,2,3,4,-1,5,6,7,-1,7,6,8,-1,7,8,9,-1,9,10,7,-1,7,10,11,-1,7,11,12,-1,12,11,13,-1,12,13,14,-1,14,13,15,-1,14,15,16,-1,5,17,6,-1,6,17,18,-1,6,18,19,-1,4,20,2,-1,2,20,21,-1,2,21,22,-1,22,21,6,-1,16,23,14,-1,14,23,24,-1,14,24,25,-1,19,26,6,-1,6,26,27,-1,6,27,22,-1,
        ]
    }
}
Shape{
    appearance Appearance {
        material  Material 	{
            diffuseColor 1.0 1.0 1.0
            specularColor 0.5019607843137255 0.5019607843137255 0.5019607843137255
            ambientIntensity 1.0
            transparency 0.0
            shininess 0.5
        }
    }
    geometry IndexedFaceSet {
        ccw TRUE
        solid FALSE
        coord DEF co Coordinate {
            point [
                0.7933 0.3165 0.122, 0.7933 0.3165 0.0421, 0.7244 0.3165 0.0421, 0.6929 0.3165 0.0421, 0.4882 0.3165 0.0421, 0.6929 0.3165 0.1102, 0.4882 0.3165 0.1102, 0.2205 0.3165 0.1102, 0.2205 0.3165 0.0421, 0.0157 0.3165 0.0421, 0.0157 0.3165 0.1102, -0.0157 0.3165 0.1102, -0.7933 0.3165 0.122, 0.7244 0.3165 0.1102, 0.4567 0.3165 0.1102, -0.252 0.3165 0.1102, -0.252 0.3165 0.0421, -0.4567 0.3165 0.0421, -0.4567 0.3165 0.1102, -0.4882 0.3165 0.1102, 0.4567 0.3165 0.0421, 0.252 0.3165 0.0421, 0.252 0.3165 0.1102, -0.2205 0.3165 0.1102, -0.2205 0.3165 0.0421, -0.0157 0.3165 0.0421, -0.7244 0.3165 0.0421, -0.7933 0.3165 0.0421, -0.7244 0.3165 0.1102, -0.6929 0.3165 0.1102, -0.6929 0.3165 0.0421, -0.4882 0.3165 0.0421
            ]
        }
        coordIndex [
            0,1,2,-1,3,4,5,-1,5,4,6,-1,7,8,9,-1,10,11,12,-1,2,13,0,-1,0,13,5,-1,0,5,12,-1,12,5,6,-1,12,6,14,-1,15,16,17,-1,18,19,12,-1,20,21,14,-1,14,21,22,-1,14,22,12,-1,12,22,7,-1,12,7,10,-1,10,7,9,-1,17,18,15,-1,15,18,12,-1,15,12,23,-1,23,12,11,-1,23,11,24,-1,24,11,25,-1,26,27,28,-1,28,27,12,-1,28,12,29,-1,29,12,19,-1,29,19,30,-1,30,19,31,-1,
        ]
    }
}
Shape{
    appearance Appearance {
        material  Material 	{
            diffuseColor 1.0 1.0 0.0
            specularColor 0.5019607843137255 0.5019607843137255 0.0
            ambientIntensity 0.886
            transparency 0.0
            shininess 0.5
        }
    }
    geometry IndexedFaceSet {
        ccw TRUE
        solid FALSE
        coord DEF co Coordinate {
            point [
                0.1378 -0.4158 0.0315, 0.0984 -0.4158 0.0315, 0.1378 -0.3961 0.0315, 0.0984 -0.3961 0.0315, 0.0984 -0.5807 0.0088, 0.0984 -0.5811 0.0118, 0.0984 -0.5693 0.0, 0.0984 -0.5811 0.1181, 0.0984 -0.5417 0.1181, 0.0984 -0.5417 0.1024, 0.0984 -0.3961 0.1024, 0.0984 -0.463 0.063, 0.0984 -0.4709 0.063, 0.0984 -0.4739 0.0626, 0.0984 -0.4768 0.0614, 0.0984 -0.4792 0.0595, 0.0984 -0.4945 0.0, 0.0984 -0.5724 0.0004, 0.0984 -0.5752 0.0016, 0.0984 -0.5776 0.0035, 0.0984 -0.5795 0.0059, 0.0984 -0.4831 0.0088, 0.0984 -0.4843 0.0059, 0.0984 -0.4861 0.0035, 0.0984 -0.4886 0.0016, 0.0984 -0.4914 0.0004, 0.0984 -0.4811 0.0571, 0.0984 -0.4823 0.0542, 0.0984 -0.4827 0.0512, 0.0984 -0.4827 0.0118
            ]
        }
        coordIndex [
            0,1,2,-1,2,1,3,-1,4,5,6,-1,7,8,5,-1,5,8,9,-1,3,1,10,-1,10,1,11,-1,10,11,9,-1,9,11,12,-1,12,13,9,-1,9,13,14,-1,9,14,15,-1,6,5,16,-1,6,17,18,-1,18,19,6,-1,6,19,20,-1,6,20,4,-1,21,22,16,-1,22,23,16,-1,16,23,24,-1,16,24,25,-1,15,26,9,-1,9,26,27,-1,9,27,5,-1,5,27,28,-1,5,28,16,-1,16,28,29,-1,16,29,21,-1,
        ]
    }
}
Shape{
    appearance Appearance {
        material  Material 	{
            diffuseColor 1.0 1.0 1.0
            specularColor 0.5019607843137255 0.5019607843137255 0.5019607843137255
            ambientIntensity 1.0
            transparency 0.0
            shininess 0.5
        }
    }
    geometry IndexedFaceSet {
        ccw TRUE
        solid FALSE
        coord DEF co Coordinate {
            point [
                0.0984 -0.5417 0.1024, -0.0984 -0.5417 0.1024, 0.0984 -0.3961 0.1024, -0.0984 -0.3961 0.1024
            ]
        }
        coordIndex [
            0,1,2,-1,2,1,3,-1,
        ]
    }
}
Shape{
    appearance Appearance {
        material  Material 	{
            diffuseColor 1.0 1.0 0.0
            specularColor 0.5019607843137255 0.5019607843137255 0.0
            ambientIntensity 0.886
            transparency 0.0
            shininess 0.5
        }
    }
    geometry IndexedFaceSet {
        ccw TRUE
        solid FALSE
        coord DEF co Coordinate {
            point [
                -0.0984 -0.5417 0.1181, -0.0984 -0.5811 0.1181, -0.0984 -0.5417 0.1024, -0.0984 -0.5811 0.0118, -0.0984 -0.4158 0.0315, -0.0984 -0.3961 0.0315, -0.0984 -0.463 0.063, -0.0984 -0.3961 0.1024, -0.0984 -0.4709 0.063, -0.0984 -0.4739 0.0626, -0.0984 -0.4768 0.0614, -0.0984 -0.4823 0.0542, -0.0984 -0.4811 0.0571, -0.0984 -0.4792 0.0595, -0.0984 -0.5799 0.0067, -0.0984 -0.5785 0.0044, -0.0984 -0.5693 0.0, -0.0984 -0.4945 0.0, -0.0984 -0.4827 0.0512, -0.0984 -0.5808 0.0092, -0.0984 -0.5767 0.0026, -0.0984 -0.5744 0.0012, -0.0984 -0.5719 0.0003, -0.0984 -0.4843 0.0059, -0.0984 -0.4831 0.0088, -0.0984 -0.4827 0.0118, -0.0984 -0.4914 0.0004, -0.0984 -0.4886 0.0016, -0.0984 -0.4861 0.0035, -0.1378 -0.4158 0.0315, -0.1378 -0.3961 0.0315, -0.1378 -0.5811 0.1181, -0.1378 -0.5417 0.1181, -0.1378 -0.5811 0.0118, -0.1378 -0.5417 0.1024, -0.1378 -0.3961 0.1024, -0.1378 -0.463 0.063, -0.1378 -0.4709 0.063, -0.1378 -0.4739 0.0626, -0.1378 -0.4768 0.0614, -0.1378 -0.4792 0.0595, -0.1378 -0.4945 0.0, -0.1378 -0.5693 0.0, -0.1378 -0.4831 0.0088, -0.1378 -0.4843 0.0059, -0.1378 -0.5719 0.0003, -0.1378 -0.5744 0.0012, -0.1378 -0.5767 0.0026, -0.1378 -0.5785 0.0044, -0.1378 -0.5799 0.0067, -0.1378 -0.5808 0.0092, -0.1378 -0.4811 0.0571, -0.1378 -0.4823 0.0542, -0.1378 -0.4827 0.0512, -0.1378 -0.4827 0.0118, -0.1378 -0.4861 0.0035, -0.1378 -0.4886 0.0016, -0.1378 -0.4914 0.0004
            ]
        }
        coordIndex [
            0,1,2,-1,2,1,3,-1,4,5,6,-1,6,5,7,-1,6,7,8,-1,8,7,2,-1,8,2,9,-1,9,2,10,-1,11,12,2,-1,2,12,13,-1,2,13,10,-1,14,15,16,-1,16,17,18,-1,11,2,18,-1,18,2,3,-1,18,3,16,-1,16,3,19,-1,16,19,14,-1,15,20,16,-1,16,20,21,-1,16,21,22,-1,23,24,17,-1,17,24,25,-1,17,25,18,-1,26,27,17,-1,17,27,28,-1,17,28,23,-1,4,29,5,-1,5,29,30,-1,31,32,33,-1,33,32,34,-1,30,29,35,-1,35,29,36,-1,35,36,34,-1,34,36,37,-1,37,38,34,-1,34,38,39,-1,34,39,40,-1,41,42,33,-1,43,44,41,-1,42,45,33,-1,33,45,46,-1,33,46,47,-1,47,48,33,-1,33,48,49,-1,33,49,50,-1,40,51,34,-1,34,51,52,-1,34,52,33,-1,33,52,53,-1,33,53,41,-1,41,53,54,-1,41,54,43,-1,44,55,41,-1,41,55,56,-1,41,56,57,-1,
        ]
    }
}
Shape{
    appearance Appearance {
        material  Material 	{
            diffuseColor 1.0 1.0 1.0
            specularColor 0.5019607843137255 0.5019607843137255 0.5019607843137255
            ambientIntensity 1.0
            transparency 0.0
            shininess 0.5
        }
    }
    geometry IndexedFaceSet {
        ccw TRUE
        solid FALSE
        coord DEF co Coordinate {
            point [
                -0.1378 -0.5417 0.1024, -0.3346 -0.5417 0.1024, -0.1378 -0.3961 0.1024, -0.3346 -0.3961 0.1024
            ]
        }
        coordIndex [
            0,1,2,-1,2,1,3,-1,
        ]
    }
}
Shape{
    appearance Appearance {
        material  Material 	{
            diffuseColor 1.0 1.0 0.0
            specularColor 0.5019607843137255 0.5019607843137255 0.0
            ambientIntensity 0.886
            transparency 0.0
            shininess 0.5
        }
    }
    geometry IndexedFaceSet {
        ccw TRUE
        solid FALSE
        coord DEF co Coordinate {
            point [
                -0.3346 -0.4827 0.0512, -0.3346 -0.4823 0.0542, -0.3346 -0.5417 0.1024, -0.3346 -0.4158 0.0315, -0.3346 -0.3961 0.0315, -0.3346 -0.463 0.063, -0.3346 -0.3961 0.1024, -0.3346 -0.4709 0.063, -0.3346 -0.4739 0.0626, -0.3346 -0.4768 0.0614, -0.3346 -0.4811 0.0571, -0.3346 -0.4792 0.0595, -0.3346 -0.5795 0.0059, -0.3346 -0.5693 0.0, -0.3346 -0.5807 0.0088, -0.3346 -0.5811 0.0118, -0.3346 -0.5417 0.1181, -0.3346 -0.5811 0.1181, -0.3346 -0.4945 0.0, -0.3346 -0.5776 0.0035, -0.3346 -0.5752 0.0016, -0.3346 -0.5724 0.0004, -0.3346 -0.4914 0.0004, -0.3346 -0.4886 0.0016, -0.3346 -0.4861 0.0035, -0.3346 -0.4843 0.0059, -0.3346 -0.4831 0.0088, -0.3346 -0.4827 0.0118, -0.374 -0.4158 0.0315, -0.374 -0.3961 0.0315, -0.374 -0.5807 0.0088, -0.374 -0.5811 0.0118, -0.374 -0.5693 0.0, -0.374 -0.5811 0.1181, -0.374 -0.5417 0.1181, -0.374 -0.5417 0.1024, -0.374 -0.3961 0.1024, -0.374 -0.463 0.063, -0.374 -0.4709 0.063, -0.374 -0.4739 0.0626, -0.374 -0.4768 0.0614, -0.374 -0.4792 0.0595, -0.374 -0.4945 0.0, -0.374 -0.5724 0.0004, -0.374 -0.5752 0.0016, -0.374 -0.5776 0.0035, -0.374 -0.5795 0.0059, -0.374 -0.4831 0.0088, -0.374 -0.4843 0.0059, -0.374 -0.4861 0.0035, -0.374 -0.4886 0.0016, -0.374 -0.4914 0.0004, -0.374 -0.4811 0.0571, -0.374 -0.4823 0.0542, -0.374 -0.4827 0.0512, -0.374 -0.4827 0.0118
            ]
        }
        coordIndex [
            0,1,2,-1,3,4,5,-1,5,4,6,-1,5,6,7,-1,7,6,2,-1,7,2,8,-1,8,2,9,-1,1,10,2,-1,2,10,11,-1,2,11,9,-1,12,13,14,-1,14,13,15,-1,16,17,2,-1,2,17,15,-1,2,15,0,-1,0,15,13,-1,0,13,18,-1,12,19,13,-1,13,19,20,-1,13,20,21,-1,22,23,18,-1,18,23,24,-1,18,24,25,-1,25,26,18,-1,18,26,27,-1,18,27,0,-1,28,29,3,-1,3,29,4,-1,30,31,32,-1,33,34,31,-1,31,34,35,-1,29,28,36,-1,36,28,37,-1,36,37,35,-1,35,37,38,-1,38,39,35,-1,35,39,40,-1,35,40,41,-1,32,31,42,-1,32,43,44,-1,44,45,32,-1,32,45,46,-1,32,46,30,-1,47,48,42,-1,48,49,42,-1,42,49,50,-1,42,50,51,-1,41,52,35,-1,35,52,53,-1,35,53,31,-1,31,53,54,-1,31,54,42,-1,42,54,55,-1,42,55,47,-1,
        ]
    }
}
Shape{
    appearance Appearance {
        material  Material 	{
            diffuseColor 1.0 1.0 1.0
            specularColor 0.5019607843137255 0.5019607843137255 0.5019607843137255
            ambientIntensity 1.0
            transparency 0.0
            shininess 0.5
        }
    }
    geometry IndexedFaceSet {
        ccw TRUE
        solid FALSE
        coord DEF co Coordinate {
            point [
                -0.374 -0.5417 0.1024, -0.5709 -0.5417 0.1024, -0.374 -0.3961 0.1024, -0.5709 -0.3961 0.1024
            ]
        }
        coordIndex [
            0,1,2,-1,2,1,3,-1,
        ]
    }
}
Shape{
    appearance Appearance {
        material  Material 	{
            diffuseColor 1.0 1.0 0.0
            specularColor 0.5019607843137255 0.5019607843137255 0.0
            ambientIntensity 0.886
            transparency 0.0
            shininess 0.5
        }
    }
    geometry IndexedFaceSet {
        ccw TRUE
        solid FALSE
        coord DEF co Coordinate {
            point [
                -0.5709 -0.5417 0.1024, -0.5709 -0.5417 0.1181, -0.5709 -0.5811 0.1181, -0.5709 -0.4158 0.0315, -0.5709 -0.3961 0.0315, -0.5709 -0.463 0.063, -0.5709 -0.3961 0.1024, -0.5709 -0.4709 0.063, -0.5709 -0.4739 0.0626, -0.5709 -0.4768 0.0614, -0.5709 -0.5811 0.0118, -0.5709 -0.4827 0.0512, -0.5709 -0.4823 0.0542, -0.5709 -0.4811 0.0571, -0.5709 -0.4792 0.0595, -0.5709 -0.5808 0.0092, -0.5709 -0.5799 0.0067, -0.5709 -0.5785 0.0044, -0.5709 -0.5767 0.0026, -0.5709 -0.5744 0.0012, -0.5709 -0.4894 0.0012, -0.5709 -0.4871 0.0026, -0.5709 -0.4827 0.0118, -0.5709 -0.5719 0.0003, -0.5709 -0.5693 0.0, -0.5709 -0.4945 0.0, -0.5709 -0.4919 0.0003, -0.5709 -0.4853 0.0044, -0.5709 -0.4839 0.0067, -0.5709 -0.483 0.0092, -0.6102 -0.4158 0.0315, -0.6102 -0.3961 0.0315, -0.6102 -0.5811 0.1181, -0.6102 -0.5417 0.1181, -0.6102 -0.5811 0.0118, -0.6102 -0.5417 0.1024, -0.6102 -0.3961 0.1024, -0.6102 -0.463 0.063, -0.6102 -0.4709 0.063, -0.6102 -0.4739 0.0626, -0.6102 -0.4768 0.0614, -0.6102 -0.4792 0.0595, -0.6102 -0.4945 0.0, -0.6102 -0.5693 0.0, -0.6102 -0.5719 0.0003, -0.6102 -0.5744 0.0012, -0.6102 -0.5767 0.0026, -0.6102 -0.5785 0.0044, -0.6102 -0.5799 0.0067, -0.6102 -0.5808 0.0092, -0.6102 -0.4827 0.0118, -0.6102 -0.483 0.0092, -0.6102 -0.4839 0.0067, -0.6102 -0.4853 0.0044, -0.6102 -0.4871 0.0026, -0.6102 -0.4894 0.0012, -0.6102 -0.4811 0.0571, -0.6102 -0.4823 0.0542, -0.6102 -0.4827 0.0512, -0.6102 -0.4919 0.0003
            ]
        }
        coordIndex [
            0,1,2,-1,3,4,5,-1,5,4,6,-1,5,6,7,-1,7,6,0,-1,7,0,8,-1,8,0,9,-1,2,10,0,-1,0,10,11,-1,0,11,12,-1,12,13,0,-1,0,13,14,-1,0,14,9,-1,10,15,16,-1,16,17,10,-1,10,17,18,-1,10,18,19,-1,20,21,22,-1,19,23,10,-1,10,23,24,-1,10,24,11,-1,11,24,25,-1,11,25,22,-1,22,25,26,-1,22,26,20,-1,21,27,22,-1,22,27,28,-1,22,28,29,-1,30,31,3,-1,3,31,4,-1,32,33,34,-1,34,33,35,-1,31,30,36,-1,36,30,37,-1,36,37,35,-1,35,37,38,-1,38,39,35,-1,35,39,40,-1,35,40,41,-1,42,43,34,-1,43,44,34,-1,34,44,45,-1,34,45,46,-1,46,47,34,-1,34,47,48,-1,34,48,49,-1,50,51,52,-1,52,53,50,-1,50,53,54,-1,50,54,55,-1,41,56,35,-1,35,56,57,-1,35,57,34,-1,34,57,58,-1,34,58,42,-1,42,58,50,-1,42,50,59,-1,59,50,55,-1,
        ]
    }
}
Shape{
    appearance Appearance {
        material  Material 	{
            diffuseColor 1.0 1.0 1.0
            specularColor 0.5019607843137255 0.5019607843137255 0.5019607843137255
            ambientIntensity 1.0
            transparency 0.0
            shininess 0.5
        }
    }
    geometry IndexedFaceSet {
        ccw TRUE
        solid FALSE
        coord DEF co Coordinate {
            point [
                -0.8327 -0.3961 0.1024, -0.6102 -0.3961 0.1024, -0.8327 -0.5417 0.1024, -0.6102 -0.5417 0.1024, -0.8327 -0.5417 0.0118, -0.8327 -0.3961 0.0118, -0.8327 0.3165 0.0325, -0.8327 0.3165 0.0118, -0.7933 0.3165 0.0325, -0.7933 0.3165 0.0118, -0.7884 0.3116 0.0327, -0.7879 0.3111 0.0323, -0.8327 0.3559 0.0118, -0.8327 0.3559 0.122, -0.7859 0.3091 0.0314, -0.7846 0.3078 0.0309, -0.7839 0.3071 0.0307, -0.7931 0.3163 0.04, -0.7931 0.3163 0.04, -0.7933 0.3165 0.0421, -0.7933 0.3165 0.122, -0.7925 0.3157 0.0381, -0.7921 0.3153 0.0372, -0.7915 0.3147 0.036, -0.7905 0.3137 0.0347, -0.79 0.3132 0.034, -0.7244 0.3165 0.0421, -0.7244 0.3163 0.04, -0.7244 0.3154 0.0372, -0.7244 0.3139 0.0347, -0.7244 0.3117 0.0327, -0.7244 0.3092 0.0313, -0.7244 0.3071 0.0307
            ]
        }
        coordIndex [
            0,1,2,-1,2,1,3,-1,4,5,2,-1,2,5,0,-1,6,7,8,-1,8,7,9,-1,10,11,8,-1,9,12,8,-1,8,12,13,-1,11,14,8,-1,8,14,15,-1,8,15,16,-1,17,8,18,-1,18,8,13,-1,18,13,19,-1,19,13,20,-1,17,21,8,-1,8,21,22,-1,8,22,23,-1,23,24,8,-1,8,24,25,-1,8,25,10,-1,19,26,18,-1,18,26,27,-1,18,27,17,-1,17,27,21,-1,21,27,28,-1,21,28,22,-1,29,30,10,-1,10,25,29,-1,29,25,24,-1,29,24,28,-1,28,24,23,-1,28,23,22,-1,31,32,16,-1,16,15,31,-1,31,15,14,-1,31,14,30,-1,30,14,11,-1,30,11,10,-1,
        ]
    }
}
Shape{
    appearance Appearance {
        material  Material 	{
            diffuseColor 1.0 1.0 0.0
            specularColor 0.5019607843137255 0.5019607843137255 0.0
            ambientIntensity 0.886
            transparency 0.0
            shininess 0.5
        }
    }
    geometry IndexedFaceSet {
        ccw TRUE
        solid FALSE
        coord DEF co Coordinate {
            point [
                -0.7244 0.3165 0.0421, -0.7244 0.3165 0.1102, -0.7244 0.3362 0.1102, -0.7244 0.4858 0.1024, -0.7244 0.4858 0.0433, -0.7244 0.474 0.1024, -0.7244 0.474 0.0433, -0.7244 0.3117 0.0327, -0.7244 0.3139 0.0347, -0.7244 0.4622 0.0, -0.7244 0.3154 0.0372, -0.7244 0.3163 0.04, -0.7244 0.295 0.0216, -0.7244 0.3039 0.0301, -0.7244 0.3071 0.0307, -0.7244 0.4648 0.0003, -0.7244 0.4737 0.0092, -0.7244 0.4728 0.0067, -0.7244 0.4714 0.0044, -0.7244 0.4696 0.0026, -0.7244 0.4673 0.0012, -0.7244 0.474 0.0118, -0.7244 0.3092 0.0313, -0.7244 0.289 0.0, -0.7244 0.289 0.0074, -0.7244 0.2894 0.0113, -0.7244 0.2905 0.0151, -0.7244 0.2925 0.0185
            ]
        }
        coordIndex [
            0,1,2,-1,3,4,5,-1,5,4,6,-1,7,8,9,-1,9,8,10,-1,9,10,11,-1,12,13,14,-1,15,16,17,-1,17,18,15,-1,15,18,19,-1,15,19,20,-1,15,9,16,-1,16,9,11,-1,16,11,21,-1,21,11,0,-1,21,0,6,-1,6,0,2,-1,6,2,5,-1,7,9,22,-1,22,9,23,-1,22,23,14,-1,14,23,24,-1,14,24,12,-1,25,26,24,-1,24,26,27,-1,24,27,12,-1,
        ]
    }
}
Shape{
    appearance Appearance {
        material  Material 	{
            diffuseColor 1.0 1.0 1.0
            specularColor 0.5019607843137255 0.5019607843137255 0.5019607843137255
            ambientIntensity 1.0
            transparency 0.0
            shininess 0.5
        }
    }
    geometry IndexedFaceSet {
        ccw TRUE
        solid FALSE
        coord DEF co Coordinate {
            point [
                -0.7244 0.295 0.0216, -0.6929 0.295 0.0216, -0.7244 0.3039 0.0301, -0.6929 0.3039 0.0301
            ]
        }
        coordIndex [
            0,1,2,-1,2,1,3,-1,
        ]
    }
}
Shape{
    appearance Appearance {
        material  Material 	{
            diffuseColor 1.0 1.0 0.0
            specularColor 0.5019607843137255 0.5019607843137255 0.0
            ambientIntensity 0.886
            transparency 0.0
            shininess 0.5
        }
    }
    geometry IndexedFaceSet {
        ccw TRUE
        solid FALSE
        coord DEF co Coordinate {
            point [
                -0.6929 0.4858 0.0433, -0.6929 0.4858 0.1024, -0.6929 0.474 0.0433, -0.6929 0.474 0.1024, -0.6929 0.3362 0.1102, -0.6929 0.4648 0.0003, -0.6929 0.3162 0.0395, -0.6929 0.4622 0.0, -0.6929 0.3153 0.037, -0.6929 0.3139 0.0347, -0.6929 0.312 0.0329, -0.6929 0.3097 0.0315, -0.6929 0.289 0.0, -0.6929 0.3071 0.0307, -0.6929 0.289 0.0074, -0.6929 0.3039 0.0301, -0.6929 0.295 0.0216, -0.6929 0.4673 0.0012, -0.6929 0.4696 0.0026, -0.6929 0.4714 0.0044, -0.6929 0.3165 0.1102, -0.6929 0.3165 0.0421, -0.6929 0.474 0.0118, -0.6929 0.2925 0.0185, -0.6929 0.2905 0.0151, -0.6929 0.2894 0.0113, -0.6929 0.4728 0.0067, -0.6929 0.4737 0.0092
            ]
        }
        coordIndex [
            0,1,2,-1,2,1,3,-1,2,3,4,-1,5,6,7,-1,7,6,8,-1,7,8,9,-1,9,10,7,-1,7,10,11,-1,7,11,12,-1,12,11,13,-1,12,13,14,-1,14,13,15,-1,14,15,16,-1,5,17,6,-1,6,17,18,-1,6,18,19,-1,4,20,2,-1,2,20,21,-1,2,21,22,-1,22,21,6,-1,16,23,14,-1,14,23,24,-1,14,24,25,-1,19,26,6,-1,6,26,27,-1,6,27,22,-1,
        ]
    }
}
Shape{
    appearance Appearance {
        material  Material 	{
            diffuseColor 1.0 1.0 1.0
            specularColor 0.5019607843137255 0.5019607843137255 0.5019607843137255
            ambientIntensity 1.0
            transparency 0.0
            shininess 0.5
        }
    }
    geometry IndexedFaceSet {
        ccw TRUE
        solid FALSE
        coord DEF co Coordinate {
            point [
                -0.4882 0.3071 0.0307, -0.6929 0.3071 0.0307, -0.6929 0.3097 0.0315, -0.4882 0.3097 0.0315, -0.6929 0.312 0.0329, -0.4882 0.312 0.0329, -0.6929 0.3139 0.0347, -0.4882 0.3139 0.0347, -0.6929 0.3153 0.037, -0.4882 0.3153 0.037, -0.6929 0.3162 0.0395, -0.4882 0.3162 0.0395, -0.6929 0.3165 0.0421, -0.4882 0.3165 0.0421
            ]
        }
        coordIndex [
            0,1,2,-1,0,2,3,-1,3,2,4,-1,3,4,5,-1,5,4,6,-1,5,6,7,-1,7,6,8,-1,7,8,9,-1,9,8,10,-1,9,10,11,-1,11,10,12,-1,11,12,13,-1,
        ]
    }
}
Shape{
    appearance Appearance {
        material  Material 	{
            diffuseColor 1.0 1.0 0.0
            specularColor 0.5019607843137255 0.5019607843137255 0.0
            ambientIntensity 0.886
            transparency 0.0
            shininess 0.5
        }
    }
    geometry IndexedFaceSet {
        ccw TRUE
        solid FALSE
        coord DEF co Coordinate {
            point [
                -0.4882 0.4858 0.1024, -0.4882 0.4858 0.0433, -0.4882 0.474 0.1024, -0.4882 0.474 0.0433, -0.4882 0.3362 0.1102, -0.4882 0.289 0.0, -0.4882 0.3071 0.0307, -0.4882 0.4622 0.0, -0.4882 0.3097 0.0315, -0.4882 0.312 0.0329, -0.4882 0.289 0.0074, -0.4882 0.295 0.0216, -0.4882 0.3039 0.0301, -0.4882 0.3139 0.0347, -0.4882 0.3153 0.037, -0.4882 0.4648 0.0003, -0.4882 0.3162 0.0395, -0.4882 0.4673 0.0012, -0.4882 0.4696 0.0026, -0.4882 0.2894 0.0113, -0.4882 0.2905 0.0151, -0.4882 0.2925 0.0185, -0.4882 0.3165 0.1102, -0.4882 0.3165 0.0421, -0.4882 0.474 0.0118, -0.4882 0.4737 0.0092, -0.4882 0.4728 0.0067, -0.4882 0.4714 0.0044
            ]
        }
        coordIndex [
            0,1,2,-1,2,1,3,-1,2,3,4,-1,5,6,7,-1,7,6,8,-1,7,8,9,-1,5,10,6,-1,6,10,11,-1,6,11,12,-1,9,13,7,-1,7,13,14,-1,7,14,15,-1,15,14,16,-1,15,16,17,-1,17,16,18,-1,19,20,10,-1,10,20,21,-1,10,21,11,-1,22,4,23,-1,23,4,3,-1,23,3,16,-1,16,3,24,-1,16,24,25,-1,25,26,16,-1,16,26,27,-1,16,27,18,-1,
        ]
    }
}
Shape{
    appearance Appearance {
        material  Material 	{
            diffuseColor 1.0 1.0 1.0
            specularColor 0.5019607843137255 0.5019607843137255 0.5019607843137255
            ambientIntensity 1.0
            transparency 0.0
            shininess 0.5
        }
    }
    geometry IndexedFaceSet {
        ccw TRUE
        solid FALSE
        coord DEF co Coordinate {
            point [
                -0.4882 0.295 0.0216, -0.4567 0.295 0.0216, -0.4882 0.3039 0.0301, -0.4567 0.3039 0.0301
            ]
        }
        coordIndex [
            0,1,2,-1,2,1,3,-1,
        ]
    }
}
Shape{
    appearance Appearance {
        material  Material 	{
            diffuseColor 1.0 1.0 0.0
            specularColor 0.5019607843137255 0.5019607843137255 0.0
            ambientIntensity 0.886
            transparency 0.0
            shininess 0.5
        }
    }
    geometry IndexedFaceSet {
        ccw TRUE
        solid FALSE
        coord DEF co Coordinate {
            point [
                -0.4567 0.4858 0.0433, -0.4567 0.4858 0.1024, -0.4567 0.474 0.0433, -0.4567 0.474 0.1024, -0.4567 0.3362 0.1102, -0.4567 0.4648 0.0003, -0.4567 0.3162 0.0395, -0.4567 0.4622 0.0, -0.4567 0.3153 0.037, -0.4567 0.3139 0.0347, -0.4567 0.312 0.0329, -0.4567 0.3097 0.0315, -0.4567 0.289 0.0, -0.4567 0.3071 0.0307, -0.4567 0.289 0.0074, -0.4567 0.3039 0.0301, -0.4567 0.295 0.0216, -0.4567 0.4673 0.0012, -0.4567 0.4696 0.0026, -0.4567 0.4714 0.0044, -0.4567 0.3165 0.1102, -0.4567 0.3165 0.0421, -0.4567 0.474 0.0118, -0.4567 0.2925 0.0185, -0.4567 0.2905 0.0151, -0.4567 0.2894 0.0113, -0.4567 0.4728 0.0067, -0.4567 0.4737 0.0092
            ]
        }
        coordIndex [
            0,1,2,-1,2,1,3,-1,2,3,4,-1,5,6,7,-1,7,6,8,-1,7,8,9,-1,9,10,7,-1,7,10,11,-1,7,11,12,-1,12,11,13,-1,12,13,14,-1,14,13,15,-1,14,15,16,-1,5,17,6,-1,6,17,18,-1,6,18,19,-1,4,20,2,-1,2,20,21,-1,2,21,22,-1,22,21,6,-1,16,23,14,-1,14,23,24,-1,14,24,25,-1,19,26,6,-1,6,26,27,-1,6,27,22,-1,
        ]
    }
}
Shape{
    appearance Appearance {
        material  Material 	{
            diffuseColor 1.0 1.0 1.0
            specularColor 0.5019607843137255 0.5019607843137255 0.5019607843137255
            ambientIntensity 1.0
            transparency 0.0
            shininess 0.5
        }
    }
    geometry IndexedFaceSet {
        ccw TRUE
        solid FALSE
        coord DEF co Coordinate {
            point [
                -0.252 0.3071 0.0307, -0.4567 0.3071 0.0307, -0.4567 0.3097 0.0315, -0.252 0.3097 0.0315, -0.4567 0.312 0.0329, -0.252 0.312 0.0329, -0.4567 0.3139 0.0347, -0.252 0.3139 0.0347, -0.4567 0.3153 0.037, -0.252 0.3153 0.037, -0.4567 0.3162 0.0395, -0.252 0.3162 0.0395, -0.4567 0.3165 0.0421, -0.252 0.3165 0.0421
            ]
        }
        coordIndex [
            0,1,2,-1,0,2,3,-1,3,2,4,-1,3,4,5,-1,5,4,6,-1,5,6,7,-1,7,6,8,-1,7,8,9,-1,9,8,10,-1,9,10,11,-1,11,10,12,-1,11,12,13,-1,
        ]
    }
}
Shape{
    appearance Appearance {
        material  Material 	{
            diffuseColor 1.0 1.0 0.0
            specularColor 0.5019607843137255 0.5019607843137255 0.0
            ambientIntensity 0.886
            transparency 0.0
            shininess 0.5
        }
    }
    geometry IndexedFaceSet {
        ccw TRUE
        solid FALSE
        coord DEF co Coordinate {
            point [
                -0.252 0.4858 0.1024, -0.252 0.4858 0.0433, -0.252 0.474 0.1024, -0.252 0.474 0.0433, -0.252 0.3362 0.1102, -0.252 0.289 0.0, -0.252 0.3071 0.0307, -0.252 0.4622 0.0, -0.252 0.3097 0.0315, -0.252 0.312 0.0329, -0.252 0.289 0.0074, -0.252 0.295 0.0216, -0.252 0.3039 0.0301, -0.252 0.3139 0.0347, -0.252 0.3153 0.037, -0.252 0.4648 0.0003, -0.252 0.3162 0.0395, -0.252 0.4673 0.0012, -0.252 0.4696 0.0026, -0.252 0.2894 0.0113, -0.252 0.2905 0.0151, -0.252 0.2925 0.0185, -0.252 0.3165 0.1102, -0.252 0.3165 0.0421, -0.252 0.474 0.0118, -0.252 0.4737 0.0092, -0.252 0.4728 0.0067, -0.252 0.4714 0.0044
            ]
        }
        coordIndex [
            0,1,2,-1,2,1,3,-1,2,3,4,-1,5,6,7,-1,7,6,8,-1,7,8,9,-1,5,10,6,-1,6,10,11,-1,6,11,12,-1,9,13,7,-1,7,13,14,-1,7,14,15,-1,15,14,16,-1,15,16,17,-1,17,16,18,-1,19,20,10,-1,10,20,21,-1,10,21,11,-1,22,4,23,-1,23,4,3,-1,23,3,16,-1,16,3,24,-1,16,24,25,-1,25,26,16,-1,16,26,27,-1,16,27,18,-1,
        ]
    }
}
Shape{
    appearance Appearance {
        material  Material 	{
            diffuseColor 1.0 1.0 1.0
            specularColor 0.5019607843137255 0.5019607843137255 0.5019607843137255
            ambientIntensity 1.0
            transparency 0.0
            shininess 0.5
        }
    }
    geometry IndexedFaceSet {
        ccw TRUE
        solid FALSE
        coord DEF co Coordinate {
            point [
                -0.252 0.295 0.0216, -0.2205 0.295 0.0216, -0.252 0.3039 0.0301, -0.2205 0.3039 0.0301
            ]
        }
        coordIndex [
            0,1,2,-1,2,1,3,-1,
        ]
    }
}
Shape{
    appearance Appearance {
        material  Material 	{
            diffuseColor 1.0 1.0 0.0
            specularColor 0.5019607843137255 0.5019607843137255 0.0
            ambientIntensity 0.886
            transparency 0.0
            shininess 0.5
        }
    }
    geometry IndexedFaceSet {
        ccw TRUE
        solid FALSE
        coord DEF co Coordinate {
            point [
                -0.2205 0.4858 0.0433, -0.2205 0.4858 0.1024, -0.2205 0.474 0.0433, -0.2205 0.474 0.1024, -0.2205 0.3362 0.1102, -0.2205 0.4648 0.0003, -0.2205 0.3162 0.0395, -0.2205 0.4622 0.0, -0.2205 0.3153 0.037, -0.2205 0.3139 0.0347, -0.2205 0.312 0.0329, -0.2205 0.3097 0.0315, -0.2205 0.289 0.0, -0.2205 0.3071 0.0307, -0.2205 0.289 0.0074, -0.2205 0.3039 0.0301, -0.2205 0.295 0.0216, -0.2205 0.4673 0.0012, -0.2205 0.4696 0.0026, -0.2205 0.4714 0.0044, -0.2205 0.3165 0.1102, -0.2205 0.3165 0.0421, -0.2205 0.474 0.0118, -0.2205 0.2925 0.0185, -0.2205 0.2905 0.0151, -0.2205 0.2894 0.0113, -0.2205 0.4728 0.0067, -0.2205 0.4737 0.0092
            ]
        }
        coordIndex [
            0,1,2,-1,2,1,3,-1,2,3,4,-1,5,6,7,-1,7,6,8,-1,7,8,9,-1,9,10,7,-1,7,10,11,-1,7,11,12,-1,12,11,13,-1,12,13,14,-1,14,13,15,-1,14,15,16,-1,5,17,6,-1,6,17,18,-1,6,18,19,-1,4,20,2,-1,2,20,21,-1,2,21,22,-1,22,21,6,-1,16,23,14,-1,14,23,24,-1,14,24,25,-1,19,26,6,-1,6,26,27,-1,6,27,22,-1,
        ]
    }
}
Shape{
    appearance Appearance {
        material  Material 	{
            diffuseColor 1.0 1.0 1.0
            specularColor 0.5019607843137255 0.5019607843137255 0.5019607843137255
            ambientIntensity 1.0
            transparency 0.0
            shininess 0.5
        }
    }
    geometry IndexedFaceSet {
        ccw TRUE
        solid FALSE
        coord DEF co Coordinate {
            point [
                -0.0157 0.3071 0.0307, -0.2205 0.3071 0.0307, -0.2205 0.3097 0.0315, -0.0157 0.3097 0.0315, -0.2205 0.312 0.0329, -0.0157 0.312 0.0329, -0.2205 0.3139 0.0347, -0.0157 0.3139 0.0347, -0.2205 0.3153 0.037, -0.0157 0.3153 0.037, -0.2205 0.3162 0.0395, -0.0157 0.3162 0.0395, -0.2205 0.3165 0.0421, -0.0157 0.3165 0.0421
            ]
        }
        coordIndex [
            0,1,2,-1,0,2,3,-1,3,2,4,-1,3,4,5,-1,5,4,6,-1,5,6,7,-1,7,6,8,-1,7,8,9,-1,9,8,10,-1,9,10,11,-1,11,10,12,-1,11,12,13,-1,
        ]
    }
}
Shape{
    appearance Appearance {
        material  Material 	{
            diffuseColor 1.0 1.0 0.0
            specularColor 0.5019607843137255 0.5019607843137255 0.0
            ambientIntensity 0.886
            transparency 0.0
            shininess 0.5
        }
    }
    geometry IndexedFaceSet {
        ccw TRUE
        solid FALSE
        coord DEF co Coordinate {
            point [
                -0.0157 0.4858 0.1024, -0.0157 0.4858 0.0433, -0.0157 0.474 0.1024, -0.0157 0.474 0.0433, -0.0157 0.3362 0.1102, -0.0157 0.289 0.0, -0.0157 0.3071 0.0307, -0.0157 0.4622 0.0, -0.0157 0.3097 0.0315, -0.0157 0.312 0.0329, -0.0157 0.289 0.0074, -0.0157 0.295 0.0216, -0.0157 0.3039 0.0301, -0.0157 0.3139 0.0347, -0.0157 0.3153 0.037, -0.0157 0.4648 0.0003, -0.0157 0.3162 0.0395, -0.0157 0.4673 0.0012, -0.0157 0.4696 0.0026, -0.0157 0.2894 0.0113, -0.0157 0.2905 0.0151, -0.0157 0.2925 0.0185, -0.0157 0.3165 0.1102, -0.0157 0.3165 0.0421, -0.0157 0.474 0.0118, -0.0157 0.4737 0.0092, -0.0157 0.4728 0.0067, -0.0157 0.4714 0.0044
            ]
        }
        coordIndex [
            0,1,2,-1,2,1,3,-1,2,3,4,-1,5,6,7,-1,7,6,8,-1,7,8,9,-1,5,10,6,-1,6,10,11,-1,6,11,12,-1,9,13,7,-1,7,13,14,-1,7,14,15,-1,15,14,16,-1,15,16,17,-1,17,16,18,-1,19,20,10,-1,10,20,21,-1,10,21,11,-1,22,4,23,-1,23,4,3,-1,23,3,16,-1,16,3,24,-1,16,24,25,-1,25,26,16,-1,16,26,27,-1,16,27,18,-1,
        ]
    }
}
Shape{
    appearance Appearance {
        material  Material 	{
            diffuseColor 1.0 1.0 1.0
            specularColor 0.5019607843137255 0.5019607843137255 0.5019607843137255
            ambientIntensity 1.0
            transparency 0.0
            shininess 0.5
        }
    }
    geometry IndexedFaceSet {
        ccw TRUE
        solid FALSE
        coord DEF co Coordinate {
            point [
                0.0157 0.295 0.0216, 0.0157 0.3039 0.0301, -0.0157 0.295 0.0216, -0.0157 0.3039 0.0301, -0.9488 0.1492 0.0551, -0.9488 0.4976 0.0551, -0.9114 0.4976 0.014, -0.9488 -0.5417 0.0551, -0.9488 -0.5024 0.0551, -0.9094 -0.5417 0.0118, -0.9094 0.4962 0.0118, -0.8589 0.4583 0.2638, -0.8589 0.4583 0.2677, -0.8327 0.4386 0.2677, -0.9114 0.4976 0.2244, -0.8327 0.4386 0.0118, -0.8327 0.4189 0.2677, -0.8327 0.4189 0.122, -0.8327 0.3559 0.122, -0.8327 0.3559 0.0118, 0.8728 0.037 0.122, -0.8728 0.037 0.122, 0.8335 -0.0417 0.1417, -0.8335 -0.0417 0.1417, 1.0472 0.037 0.122, 1.0827 0.037 0.122, 1.0827 0.3598 0.122, 0.8327 0.3559 0.122, 0.7933 0.3165 0.122, 0.9528 0.0705 0.122, -1.0118 0.0705 0.122, -1.0827 0.3598 0.122, -1.0827 0.037 0.122, 1.0118 0.0705 0.122, 1.0118 -0.1598 0.122, 1.0276 0.0173 0.122, 1.0276 -0.1598 0.122, -1.0276 -0.1598 0.122, -1.0118 -0.1598 0.122, -1.0276 0.0173 0.122, -1.0472 0.037 0.122, -0.8917 0.3598 0.122, -0.9528 -0.1598 0.122, -0.9488 -0.1598 0.122, -0.9488 0.037 0.122, -0.9528 0.0705 0.122, -0.7933 0.3165 0.122, 0.9488 -0.1598 0.122, 0.9528 -0.1598 0.122, 0.9488 0.037 0.122, 0.8327 0.4189 0.122, 0.8917 0.3598 0.122, -0.8728 0.037 0.2008, -0.8335 -0.0417 0.2402
            ]
        }
        coordIndex [
            0,1,2,-1,2,1,3,-1,4,5,6,-1,7,8,9,-1,9,8,4,-1,9,4,10,-1,10,4,6,-1,11,12,13,-1,6,14,10,-1,10,14,11,-1,10,11,15,-1,15,11,13,-1,13,16,17,-1,18,19,17,-1,17,19,15,-1,17,15,13,-1,20,21,22,-1,22,21,23,-1,24,25,26,-1,27,28,29,-1,30,31,32,-1,33,34,35,-1,35,34,36,-1,37,38,39,-1,39,38,30,-1,39,30,40,-1,40,30,32,-1,31,18,41,-1,41,18,17,-1,42,43,44,-1,31,30,18,-1,18,30,45,-1,18,45,46,-1,47,48,49,-1,49,48,29,-1,49,29,20,-1,20,29,28,-1,20,28,21,-1,21,28,46,-1,21,46,44,-1,44,46,45,-1,44,45,42,-1,50,27,51,-1,51,27,29,-1,51,29,26,-1,26,29,33,-1,26,33,24,-1,24,33,35,-1,52,53,21,-1,21,53,23,-1,
        ]
    }
}
Shape{
    appearance Appearance {
        material  Material 	{
            diffuseColor 1.0 1.0 0.0
            specularColor 0.5019607843137255 0.5019607843137255 0.0
            ambientIntensity 0.886
            transparency 0.0
            shininess 0.5
        }
    }
    geometry IndexedFaceSet {
        ccw TRUE
        solid FALSE
        coord DEF co Coordinate {
            point [
                -0.0157 0.3362 0.1102, -0.0157 0.3165 0.1102, 0.0157 0.3362 0.1102, 0.0157 0.3165 0.1102, -0.2205 0.3362 0.1102, -0.252 0.3362 0.1102, -0.2205 0.3165 0.1102, -0.252 0.3165 0.1102, -0.4567 0.3362 0.1102, -0.4882 0.3362 0.1102, -0.4567 0.3165 0.1102, -0.4882 0.3165 0.1102, -0.6929 0.3362 0.1102, -0.7244 0.3362 0.1102, -0.6929 0.3165 0.1102, -0.7244 0.3165 0.1102
            ]
        }
        coordIndex [
            0,1,2,-1,2,1,3,-1,4,5,6,-1,6,5,7,-1,8,9,10,-1,10,9,11,-1,12,13,14,-1,14,13,15,-1,
        ]
    }
}
Shape{
    appearance Appearance {
        material  Material 	{
            diffuseColor 1.0 1.0 1.0
            specularColor 0.5019607843137255 0.5019607843137255 0.5019607843137255
            ambientIntensity 1.0
            transparency 0.0
            shininess 0.5
        }
    }
    geometry IndexedFaceSet {
        ccw TRUE
        solid FALSE
        coord DEF co Coordinate {
            point [
                0.9488 -0.5024 0.374, 1.063 -0.5024 0.374, 1.063 -0.1598 0.374, -1.063 -0.1598 0.374, -1.063 -0.5024 0.374, -0.9488 -0.5024 0.374, -0.9488 -0.5417 0.374, 0.9488 -0.5417 0.374, -0.9488 -0.5417 0.0551, -0.9488 -0.5024 0.0551
            ]
        }
        coordIndex [
            0,1,2,-1,3,4,5,-1,6,7,5,-1,5,7,0,-1,5,0,3,-1,3,0,2,-1,8,6,9,-1,9,6,5,-1,
        ]
    }
}
Shape{
    appearance Appearance {
        material  Material 	{
            diffuseColor 1.0 1.0 0.0
            specularColor 0.5019607843137255 0.5019607843137255 0.0
            ambientIntensity 0.886
            transparency 0.0
            shininess 0.5
        }
    }
    geometry IndexedFaceSet {
        ccw TRUE
        solid FALSE
        coord DEF co Coordinate {
            point [
                -0.6102 -0.5811 0.1181, -0.5709 -0.5811 0.1181, -0.6102 -0.5417 0.1181, -0.5709 -0.5417 0.1181, -0.374 -0.5811 0.1181, -0.3346 -0.5811 0.1181, -0.374 -0.5417 0.1181, -0.3346 -0.5417 0.1181, -0.1378 -0.5811 0.1181, -0.0984 -0.5811 0.1181, -0.1378 -0.5417 0.1181, -0.0984 -0.5417 0.1181, 0.0984 -0.5811 0.1181, 0.1378 -0.5811 0.1181, 0.0984 -0.5417 0.1181, 0.1378 -0.5417 0.1181
            ]
        }
        coordIndex [
            0,1,2,-1,2,1,3,-1,4,5,6,-1,6,5,7,-1,8,9,10,-1,10,9,11,-1,12,13,14,-1,14,13,15,-1,
        ]
    }
}
Shape{
    appearance Appearance {
        material  Material 	{
            diffuseColor 1.0 1.0 1.0
            specularColor 0.5019607843137255 0.5019607843137255 0.5019607843137255
            ambientIntensity 1.0
            transparency 0.0
            shininess 0.5
        }
    }
    geometry IndexedFaceSet {
        ccw TRUE
        solid FALSE
        coord DEF co Coordinate {
            point [
                -0.8335 -0.1598 0.1417, -0.8335 -0.0417 0.1417, -0.8335 -0.1598 0.2402, -0.8335 -0.0417 0.2402, -1.063 -0.1598 0.374, -1.0827 -0.1598 0.3543, -1.063 -0.5024 0.374, -1.0827 -0.5024 0.3543, -0.9528 -0.5024 0.1024, -0.9528 -0.5024 0.0551, -0.9488 -0.5024 0.0551, -1.0827 -0.5024 0.0512, -1.0276 -0.5024 0.0512, -1.0157 -0.5024 0.063, -1.0118 -0.5024 0.063, -1.0118 -0.5024 0.1024, -0.9488 -0.5024 0.374, -0.8327 0.4189 0.2677, -0.872 0.3795 0.2677, -0.8327 0.4189 0.122, -0.872 0.3795 0.1417, -0.8917 0.3598 0.122, -1.0827 0.3598 0.122, -1.0827 0.3795 0.1417, -1.0827 -0.1598 0.315, -1.0827 0.3795 0.2638, -1.0827 0.4583 0.2638, -1.0827 -0.0024 0.315, -1.0827 0.037 0.2756, -1.0827 0.037 0.122, -1.0827 0.4779 0.0512, -1.0827 0.4779 0.2441, -1.0472 0.037 0.122, -1.0472 0.037 0.2756, -1.0276 0.0173 0.122, -1.0276 0.0173 0.2953, -1.0276 -0.1598 0.122, -1.0276 -0.0024 0.315, -1.0276 -0.1598 0.315
            ]
        }
        coordIndex [
            0,1,2,-1,2,1,3,-1,4,5,6,-1,6,5,7,-1,8,9,10,-1,7,11,12,-1,13,14,15,-1,12,13,7,-1,7,13,15,-1,7,15,6,-1,6,15,8,-1,6,8,16,-1,16,8,10,-1,17,18,19,-1,19,18,20,-1,19,20,21,-1,22,21,23,-1,23,21,20,-1,7,5,11,-1,11,5,24,-1,23,25,26,-1,27,28,24,-1,24,28,29,-1,24,29,11,-1,11,29,30,-1,29,22,30,-1,30,22,23,-1,30,23,31,-1,31,23,26,-1,29,28,32,-1,32,28,33,-1,34,32,35,-1,35,32,33,-1,34,35,36,-1,36,35,37,-1,36,37,38,-1,
        ]
    }
}
Shape{
    appearance Appearance {
        material  Material 	{
            diffuseColor 0.7529411764705882 0.7529411764705882 0.7529411764705882
            specularColor 0.3764705882352941 0.3764705882352941 0.3764705882352941
            ambientIntensity 0.7529
            transparency 0.0
            shininess 0.5
        }
    }
    geometry IndexedFaceSet {
        ccw TRUE
        solid FALSE
        coord DEF co Coordinate {
            point [
                -1.0118 0.0955 0.2817, -1.0118 0.0995 0.2831, -1.0118 0.1114 0.2414, -1.0118 0.1037 0.2835, -1.0118 0.1224 0.2614, -1.0118 0.1284 0.2835, -1.0118 0.0834 0.2244, -1.0118 0.0766 0.2726, -1.0118 0.0961 0.2244, -1.0118 0.0846 0.2753, -1.0118 0.0919 0.2796, -1.0118 0.0219 0.2689, -1.0118 0.0757 0.2185, -1.0118 0.0157 0.2658, -1.0118 0.0728 0.2145, -1.0118 0.0711 0.21, -1.0118 -0.0402 0.2402, -1.0118 -0.0371 0.2402, -1.0118 -0.0299 0.2408, -1.0118 -0.023 0.2428, -1.0118 -0.0165 0.246, -1.0118 -0.0823 0.3106, -1.0118 -0.0801 0.3065, -1.0118 -0.1598 0.122, -1.0118 -0.0585 0.2525, -1.0118 -0.0562 0.2484, -1.0118 0.0286 0.2709, -1.0118 0.0354 0.2717, -1.0118 0.0794 0.2217, -1.0118 0.0381 0.2717, -1.0118 0.0682 0.2717, -1.0118 -0.0531 0.245, -1.0118 -0.0492 0.2424, -1.0118 -0.0448 0.2407, -1.0118 -0.1598 0.2795, -1.0118 -0.1323 0.3189, -1.0118 -0.0984 0.3189, -1.0118 -0.0937 0.3184, -1.0118 0.0705 0.2051, -1.0118 0.0705 0.1221, -1.0118 0.0705 0.122, -1.0118 -0.0893 0.3167, -1.0118 -0.0855 0.3141
            ]
        }
        coordIndex [
            0,1,2,-1,2,1,3,-1,2,3,4,-1,4,3,5,-1,6,7,8,-1,8,7,9,-1,8,9,2,-1,2,9,10,-1,2,10,0,-1,11,12,13,-1,13,12,14,-1,15,16,17,-1,17,18,15,-1,15,18,19,-1,15,19,14,-1,14,19,20,-1,14,20,13,-1,21,22,23,-1,23,22,24,-1,23,24,25,-1,11,26,12,-1,12,26,27,-1,12,27,28,-1,28,27,29,-1,28,29,6,-1,6,29,30,-1,6,30,7,-1,25,31,23,-1,23,31,32,-1,23,32,33,-1,34,35,23,-1,23,35,36,-1,23,36,37,-1,16,15,33,-1,33,15,38,-1,33,38,23,-1,23,38,39,-1,23,39,40,-1,37,41,23,-1,23,41,42,-1,23,42,21,-1,
        ]
    }
}
Shape{
    appearance Appearance {
        material  Material 	{
            diffuseColor 1.0 1.0 1.0
            specularColor 0.5019607843137255 0.5019607843137255 0.5019607843137255
            ambientIntensity 1.0
            transparency 0.0
            shininess 0.5
        }
    }
    geometry IndexedFaceSet {
        ccw TRUE
        solid FALSE
        coord DEF co Coordinate {
            point [
                -1.0118 0.0705 0.1221, -0.9528 0.0705 0.1221, -1.0118 0.0705 0.122, -0.9528 0.0705 0.122
            ]
        }
        coordIndex [
            0,1,2,-1,2,1,3,-1,
        ]
    }
}
Shape{
    appearance Appearance {
        material  Material 	{
            diffuseColor 0.7529411764705882 0.7529411764705882 0.7529411764705882
            specularColor 0.3764705882352941 0.3764705882352941 0.3764705882352941
            ambientIntensity 0.7529
            transparency 0.0
            shininess 0.5
        }
    }
    geometry IndexedFaceSet {
        ccw TRUE
        solid FALSE
        coord DEF co Coordinate {
            point [
                -0.9528 -0.0492 0.2424, -0.9528 -0.0531 0.245, -0.9528 -0.1598 0.122, -0.9528 -0.0562 0.2484, -0.9528 -0.0585 0.2525, -0.9528 0.0286 0.2709, -0.9528 0.0219 0.2689, -0.9528 0.0757 0.2185, -0.9528 0.0157 0.2658, -0.9528 0.0728 0.2145, -0.9528 -0.0165 0.246, -0.9528 0.0711 0.21, -0.9528 0.0995 0.2831, -0.9528 0.1114 0.2414, -0.9528 0.1037 0.2835, -0.9528 0.1224 0.2614, -0.9528 0.1284 0.2835, -0.9528 -0.1323 0.3189, -0.9528 -0.1598 0.2795, -0.9528 -0.0984 0.3189, -0.9528 -0.023 0.2428, -0.9528 -0.0299 0.2408, -0.9528 -0.0371 0.2402, -0.9528 0.0955 0.2817, -0.9528 0.0919 0.2796, -0.9528 0.0961 0.2244, -0.9528 0.0846 0.2753, -0.9528 0.0834 0.2244, -0.9528 0.0766 0.2726, -0.9528 0.0682 0.2717, -0.9528 0.0794 0.2217, -0.9528 0.0381 0.2717, -0.9528 0.0354 0.2717, -0.9528 -0.0402 0.2402, -0.9528 -0.0448 0.2407, -0.9528 0.0705 0.2051, -0.9528 0.0705 0.1221, -0.9528 0.0705 0.122, -0.9528 -0.0801 0.3065, -0.9528 -0.0823 0.3106, -0.9528 -0.0855 0.3141, -0.9528 -0.0893 0.3167, -0.9528 -0.0937 0.3184
            ]
        }
        coordIndex [
            0,1,2,-1,2,1,3,-1,2,3,4,-1,5,6,7,-1,7,6,8,-1,7,8,9,-1,9,8,10,-1,9,10,11,-1,12,13,14,-1,14,13,15,-1,14,15,16,-1,17,18,19,-1,19,18,2,-1,10,20,11,-1,11,20,21,-1,11,21,22,-1,12,23,13,-1,13,23,24,-1,13,24,25,-1,25,24,26,-1,25,26,27,-1,26,28,27,-1,27,28,29,-1,27,29,30,-1,30,29,31,-1,30,31,7,-1,7,31,32,-1,7,32,5,-1,22,33,11,-1,11,33,34,-1,11,34,35,-1,35,34,36,-1,0,2,34,-1,34,2,37,-1,34,37,36,-1,4,38,2,-1,2,38,39,-1,2,39,40,-1,40,41,2,-1,2,41,42,-1,2,42,19,-1,
        ]
    }
}
Shape{
    appearance Appearance {
        material  Material 	{
            diffuseColor 1.0 1.0 1.0
            specularColor 0.5019607843137255 0.5019607843137255 0.5019607843137255
            ambientIntensity 1.0
            transparency 0.0
            shininess 0.5
        }
    }
    geometry IndexedFaceSet {
        ccw TRUE
        solid FALSE
        coord DEF co Coordinate {
            point [
                -0.9488 0.037 0.2008, -0.9488 0.037 0.122, -0.9488 -0.0417 0.2402, -0.9488 -0.1598 0.122, -0.9488 -0.1598 0.2402, -0.8728 0.037 0.2008, -0.8728 0.037 0.122, -0.8335 -0.0417 0.2402, -0.8335 -0.1598 0.2402
            ]
        }
        coordIndex [
            0,1,2,-1,2,1,3,-1,2,3,4,-1,0,5,1,-1,1,5,6,-1,2,4,7,-1,7,4,8,-1,
        ]
    }
}
Shape{
    appearance Appearance {
        material  Material 	{
            diffuseColor 0.7529411764705882 0.7529411764705882 0.7529411764705882
            specularColor 0.3764705882352941 0.3764705882352941 0.3764705882352941
            ambientIntensity 0.7529
            transparency 0.0
            shininess 0.5
        }
    }
    geometry IndexedFaceSet {
        ccw TRUE
        solid FALSE
        coord DEF co Coordinate {
            point [
                -0.9528 -0.1598 0.2795, -0.9528 -0.1323 0.3189, -1.0118 -0.1598 0.2795, -1.0118 -0.1323 0.3189
            ]
        }
        coordIndex [
            0,1,2,-1,2,1,3,-1,
        ]
    }
}
Shape{
    appearance Appearance {
        material  Material 	{
            diffuseColor 1.0 1.0 1.0
            specularColor 0.5019607843137255 0.5019607843137255 0.5019607843137255
            ambientIntensity 1.0
            transparency 0.0
            shininess 0.5
        }
    }
    geometry IndexedFaceSet {
        ccw TRUE
        solid FALSE
        coord DEF co Coordinate {
            point [
                -1.0827 -0.0024 0.315, -1.0827 -0.1598 0.315, -1.0276 -0.0024 0.315, -1.0276 -0.1598 0.315, -0.8589 0.4583 0.2638, -1.0157 0.4583 0.2638, -0.8589 0.4583 0.2677, -1.0157 0.4583 0.2677
            ]
        }
        coordIndex [
            0,1,2,-1,2,1,3,-1,4,5,6,-1,6,5,7,-1,
        ]
    }
}
Shape{
    appearance Appearance {
        material  Material 	{
            diffuseColor 1.0 1.0 0.0
            specularColor 0.5019607843137255 0.5019607843137255 0.0
            ambientIntensity 0.886
            transparency 0.0
            shininess 0.5
        }
    }
    geometry IndexedFaceSet {
        ccw TRUE
        solid FALSE
        coord DEF co Coordinate {
            point [
                0.1378 -0.5811 0.1181, 0.0984 -0.5811 0.1181, 0.1378 -0.5811 0.0118, 0.0984 -0.5811 0.0118, 0.0984 -0.5807 0.0088, 0.1378 -0.5807 0.0088, 0.0984 -0.5795 0.0059, 0.1378 -0.5795 0.0059, 0.0984 -0.5776 0.0035, 0.1378 -0.5776 0.0035, 0.0984 -0.5752 0.0016, 0.1378 -0.5752 0.0016, 0.0984 -0.5724 0.0004, 0.1378 -0.5724 0.0004, 0.0984 -0.5693 0.0, 0.1378 -0.5693 0.0, 0.1378 -0.4945 0.0, 0.0984 -0.4945 0.0, 0.0984 -0.4914 0.0004, 0.1378 -0.4914 0.0004, 0.0984 -0.4886 0.0016, 0.1378 -0.4886 0.0016, 0.0984 -0.4861 0.0035, 0.1378 -0.4861 0.0035, 0.0984 -0.4843 0.0059, 0.1378 -0.4843 0.0059, 0.0984 -0.4831 0.0088, 0.1378 -0.4831 0.0088, 0.0984 -0.4827 0.0118, 0.1378 -0.4827 0.0118, 0.1378 -0.4827 0.0512, 0.0984 -0.4827 0.0512, 0.1378 -0.4823 0.0542, 0.0984 -0.4823 0.0542, 0.1378 -0.4811 0.0571, 0.0984 -0.4811 0.0571, 0.1378 -0.4792 0.0595, 0.0984 -0.4792 0.0595, 0.1378 -0.4768 0.0614, 0.0984 -0.4768 0.0614, 0.1378 -0.4739 0.0626, 0.0984 -0.4739 0.0626, 0.1378 -0.4709 0.063, 0.0984 -0.4709 0.063, 0.1378 -0.463 0.063, 0.0984 -0.463 0.063, 0.1378 -0.4158 0.0315, 0.0984 -0.4158 0.0315, 0.0157 0.295 0.0216, -0.0157 0.295 0.0216, -0.0157 0.2925 0.0185, 0.0157 0.2925 0.0185, -0.0157 0.2905 0.0151, 0.0157 0.2905 0.0151, -0.0157 0.2894 0.0113, 0.0157 0.2894 0.0113, -0.0157 0.289 0.0074, 0.0157 0.289 0.0074, 0.0157 0.289 0.0, -0.0157 0.289 0.0, 0.0157 0.4622 0.0, -0.0157 0.4622 0.0, -0.0157 0.4648 0.0003, 0.0157 0.4648 0.0003, -0.0157 0.4673 0.0012, 0.0157 0.4673 0.0012, -0.0157 0.4696 0.0026, 0.0157 0.4696 0.0026, -0.0157 0.4714 0.0044, 0.0157 0.4714 0.0044, -0.0157 0.4728 0.0067, 0.0157 0.4728 0.0067, -0.0157 0.4737 0.0092, 0.0157 0.4737 0.0092, -0.0157 0.474 0.0118, 0.0157 0.474 0.0118, 0.0157 0.474 0.0433, -0.0157 0.474 0.0433, 0.0157 0.4858 0.0433, -0.0157 0.4858 0.0433, 0.0157 0.4858 0.1024, -0.0157 0.4858 0.1024, 0.0157 0.474 0.1024, -0.0157 0.474 0.1024, 0.0157 0.3362 0.1102, -0.0157 0.3362 0.1102, -0.0984 -0.5811 0.1181, -0.1378 -0.5811 0.1181, -0.0984 -0.5811 0.0118, -0.1378 -0.5811 0.0118, -0.1378 -0.5808 0.0092, -0.0984 -0.5808 0.0092, -0.1378 -0.5799 0.0067, -0.0984 -0.5799 0.0067, -0.1378 -0.5785 0.0044, -0.0984 -0.5785 0.0044, -0.1378 -0.5767 0.0026, -0.0984 -0.5767 0.0026, -0.1378 -0.5744 0.0012, -0.0984 -0.5744 0.0012, -0.1378 -0.5719 0.0003, -0.0984 -0.5719 0.0003, -0.1378 -0.5693 0.0, -0.0984 -0.5693 0.0, -0.0984 -0.4945 0.0, -0.1378 -0.4945 0.0, -0.1378 -0.4914 0.0004, -0.0984 -0.4914 0.0004, -0.1378 -0.4886 0.0016, -0.0984 -0.4886 0.0016, -0.1378 -0.4861 0.0035, -0.0984 -0.4861 0.0035, -0.1378 -0.4843 0.0059, -0.0984 -0.4843 0.0059, -0.1378 -0.4831 0.0088, -0.0984 -0.4831 0.0088, -0.1378 -0.4827 0.0118, -0.0984 -0.4827 0.0118, -0.0984 -0.4827 0.0512, -0.1378 -0.4827 0.0512, -0.0984 -0.4823 0.0542, -0.1378 -0.4823 0.0542, -0.0984 -0.4811 0.0571, -0.1378 -0.4811 0.0571, -0.0984 -0.4792 0.0595, -0.1378 -0.4792 0.0595, -0.0984 -0.4768 0.0614, -0.1378 -0.4768 0.0614, -0.0984 -0.4739 0.0626, -0.1378 -0.4739 0.0626, -0.0984 -0.4709 0.063, -0.1378 -0.4709 0.063, -0.0984 -0.463 0.063, -0.1378 -0.463 0.063, -0.0984 -0.4158 0.0315, -0.1378 -0.4158 0.0315, -0.374 -0.5811 0.1181, -0.374 -0.5811 0.0118, -0.3346 -0.5811 0.1181, -0.3346 -0.5811 0.0118, -0.374 -0.5807 0.0088, -0.3346 -0.5807 0.0088, -0.374 -0.5795 0.0059, -0.3346 -0.5795 0.0059, -0.374 -0.5776 0.0035, -0.3346 -0.5776 0.0035, -0.374 -0.5752 0.0016, -0.3346 -0.5752 0.0016, -0.374 -0.5724 0.0004, -0.3346 -0.5724 0.0004, -0.374 -0.5693 0.0, -0.3346 -0.5693 0.0, -0.374 -0.4945 0.0, -0.3346 -0.4945 0.0, -0.374 -0.4914 0.0004, -0.3346 -0.4914 0.0004, -0.374 -0.4886 0.0016, -0.3346 -0.4886 0.0016, -0.374 -0.4861 0.0035, -0.3346 -0.4861 0.0035, -0.374 -0.4843 0.0059, -0.3346 -0.4843 0.0059, -0.374 -0.4831 0.0088, -0.3346 -0.4831 0.0088, -0.374 -0.4827 0.0118, -0.3346 -0.4827 0.0118, -0.374 -0.4827 0.0512, -0.3346 -0.4827 0.0512, -0.3346 -0.4823 0.0542, -0.374 -0.4823 0.0542, -0.3346 -0.4811 0.0571, -0.374 -0.4811 0.0571, -0.3346 -0.4792 0.0595, -0.374 -0.4792 0.0595, -0.3346 -0.4768 0.0614, -0.374 -0.4768 0.0614, -0.3346 -0.4739 0.0626, -0.374 -0.4739 0.0626, -0.3346 -0.4709 0.063, -0.374 -0.4709 0.063, -0.374 -0.463 0.063, -0.3346 -0.463 0.063, -0.374 -0.4158 0.0315, -0.3346 -0.4158 0.0315, -0.6102 -0.5811 0.1181, -0.6102 -0.5811 0.0118, -0.5709 -0.5811 0.1181, -0.5709 -0.5811 0.0118, -0.6102 -0.5808 0.0092, -0.5709 -0.5808 0.0092, -0.6102 -0.5799 0.0067, -0.5709 -0.5799 0.0067, -0.6102 -0.5785 0.0044, -0.5709 -0.5785 0.0044, -0.6102 -0.5767 0.0026, -0.5709 -0.5767 0.0026, -0.6102 -0.5744 0.0012, -0.5709 -0.5744 0.0012, -0.6102 -0.5719 0.0003, -0.5709 -0.5719 0.0003, -0.6102 -0.5693 0.0, -0.5709 -0.5693 0.0, -0.6102 -0.4945 0.0, -0.5709 -0.4945 0.0, -0.6102 -0.4919 0.0003, -0.5709 -0.4919 0.0003, -0.6102 -0.4894 0.0012, -0.5709 -0.4894 0.0012, -0.6102 -0.4871 0.0026, -0.5709 -0.4871 0.0026, -0.6102 -0.4853 0.0044, -0.5709 -0.4853 0.0044, -0.6102 -0.4839 0.0067, -0.5709 -0.4839 0.0067, -0.6102 -0.483 0.0092, -0.5709 -0.483 0.0092, -0.6102 -0.4827 0.0118, -0.5709 -0.4827 0.0118, -0.6102 -0.4827 0.0512, -0.5709 -0.4827 0.0512, -0.5709 -0.4823 0.0542, -0.6102 -0.4823 0.0542, -0.5709 -0.4811 0.0571, -0.6102 -0.4811 0.0571, -0.5709 -0.4792 0.0595, -0.6102 -0.4792 0.0595, -0.5709 -0.4768 0.0614, -0.6102 -0.4768 0.0614, -0.5709 -0.4739 0.0626, -0.6102 -0.4739 0.0626, -0.5709 -0.4709 0.063, -0.6102 -0.4709 0.063, -0.6102 -0.463 0.063, -0.5709 -0.463 0.063, -0.6102 -0.4158 0.0315, -0.5709 -0.4158 0.0315, -0.7244 0.474 0.1024, -0.7244 0.3362 0.1102, -0.6929 0.474 0.1024, -0.6929 0.3362 0.1102, -0.7244 0.4858 0.1024, -0.6929 0.4858 0.1024, -0.7244 0.4858 0.0433, -0.6929 0.4858 0.0433, -0.7244 0.474 0.0433, -0.6929 0.474 0.0433, -0.7244 0.474 0.0118, -0.6929 0.474 0.0118, -0.6929 0.4622 0.0, -0.7244 0.4622 0.0, -0.7244 0.4648 0.0003, -0.6929 0.4648 0.0003, -0.7244 0.4673 0.0012, -0.6929 0.4673 0.0012, -0.7244 0.4696 0.0026, -0.6929 0.4696 0.0026, -0.7244 0.4714 0.0044, -0.6929 0.4714 0.0044, -0.7244 0.4728 0.0067, -0.6929 0.4728 0.0067, -0.7244 0.4737 0.0092, -0.6929 0.4737 0.0092, -0.7244 0.289 0.0, -0.6929 0.289 0.0, -0.7244 0.289 0.0074, -0.6929 0.289 0.0074, -0.6929 0.295 0.0216, -0.7244 0.295 0.0216, -0.7244 0.2925 0.0185, -0.6929 0.2925 0.0185, -0.7244 0.2905 0.0151, -0.6929 0.2905 0.0151, -0.7244 0.2894 0.0113, -0.6929 0.2894 0.0113, -0.4882 0.474 0.1024, -0.4882 0.3362 0.1102, -0.4567 0.474 0.1024, -0.4567 0.3362 0.1102, -0.4882 0.4858 0.1024, -0.4567 0.4858 0.1024, -0.4882 0.4858 0.0433, -0.4567 0.4858 0.0433, -0.4882 0.474 0.0433, -0.4567 0.474 0.0433, -0.4882 0.474 0.0118, -0.4567 0.474 0.0118, -0.4567 0.4622 0.0, -0.4882 0.4622 0.0, -0.4882 0.4648 0.0003, -0.4567 0.4648 0.0003, -0.4882 0.4673 0.0012, -0.4567 0.4673 0.0012, -0.4882 0.4696 0.0026, -0.4567 0.4696 0.0026, -0.4882 0.4714 0.0044, -0.4567 0.4714 0.0044, -0.4882 0.4728 0.0067, -0.4567 0.4728 0.0067, -0.4882 0.4737 0.0092, -0.4567 0.4737 0.0092, -0.4882 0.289 0.0, -0.4567 0.289 0.0, -0.4882 0.289 0.0074, -0.4567 0.289 0.0074, -0.4567 0.295 0.0216, -0.4882 0.295 0.0216, -0.4882 0.2925 0.0185, -0.4567 0.2925 0.0185, -0.4882 0.2905 0.0151, -0.4567 0.2905 0.0151, -0.4882 0.2894 0.0113, -0.4567 0.2894 0.0113, -0.252 0.474 0.1024, -0.252 0.3362 0.1102, -0.2205 0.474 0.1024, -0.2205 0.3362 0.1102, -0.252 0.4858 0.1024, -0.2205 0.4858 0.1024, -0.252 0.4858 0.0433, -0.2205 0.4858 0.0433, -0.252 0.474 0.0433, -0.2205 0.474 0.0433, -0.252 0.474 0.0118, -0.2205 0.474 0.0118, -0.2205 0.4622 0.0, -0.252 0.4622 0.0, -0.252 0.4648 0.0003, -0.2205 0.4648 0.0003, -0.252 0.4673 0.0012, -0.2205 0.4673 0.0012, -0.252 0.4696 0.0026, -0.2205 0.4696 0.0026, -0.252 0.4714 0.0044, -0.2205 0.4714 0.0044, -0.252 0.4728 0.0067, -0.2205 0.4728 0.0067, -0.252 0.4737 0.0092, -0.2205 0.4737 0.0092, -0.252 0.289 0.0, -0.2205 0.289 0.0, -0.252 0.289 0.0074, -0.2205 0.289 0.0074, -0.2205 0.295 0.0216, -0.252 0.295 0.0216, -0.252 0.2925 0.0185, -0.2205 0.2925 0.0185, -0.252 0.2905 0.0151, -0.2205 0.2905 0.0151, -0.252 0.2894 0.0113, -0.2205 0.2894 0.0113
            ]
        }
        coordIndex [
            0,1,2,-1,2,1,3,-1,2,3,4,-1,2,4,5,-1,5,4,6,-1,5,6,7,-1,7,6,8,-1,7,8,9,-1,9,8,10,-1,9,10,11,-1,11,10,12,-1,11,12,13,-1,13,12,14,-1,13,14,15,-1,15,14,16,-1,16,14,17,-1,16,17,18,-1,16,18,19,-1,19,18,20,-1,19,20,21,-1,21,20,22,-1,21,22,23,-1,23,22,24,-1,23,24,25,-1,25,24,26,-1,25,26,27,-1,27,26,28,-1,27,28,29,-1,29,28,30,-1,30,28,31,-1,30,31,32,-1,32,31,33,-1,32,33,34,-1,34,33,35,-1,34,35,36,-1,36,35,37,-1,36,37,38,-1,38,37,39,-1,38,39,40,-1,40,39,41,-1,40,41,42,-1,42,41,43,-1,42,43,44,-1,44,43,45,-1,44,45,46,-1,46,45,47,-1,48,49,50,-1,48,50,51,-1,51,50,52,-1,51,52,53,-1,53,52,54,-1,53,54,55,-1,55,54,56,-1,55,56,57,-1,57,56,58,-1,58,56,59,-1,58,59,60,-1,60,59,61,-1,60,61,62,-1,60,62,63,-1,63,62,64,-1,63,64,65,-1,65,64,66,-1,65,66,67,-1,67,66,68,-1,67,68,69,-1,69,68,70,-1,69,70,71,-1,71,70,72,-1,71,72,73,-1,73,72,74,-1,73,74,75,-1,75,74,76,-1,76,74,77,-1,76,77,78,-1,78,77,79,-1,78,79,80,-1,80,79,81,-1,80,81,82,-1,82,81,83,-1,82,83,84,-1,84,83,85,-1,86,87,88,-1,88,87,89,-1,88,89,90,-1,88,90,91,-1,91,90,92,-1,91,92,93,-1,93,92,94,-1,93,94,95,-1,95,94,96,-1,95,96,97,-1,97,96,98,-1,97,98,99,-1,99,98,100,-1,99,100,101,-1,101,100,102,-1,101,102,103,-1,103,102,104,-1,104,102,105,-1,104,105,106,-1,104,106,107,-1,107,106,108,-1,107,108,109,-1,109,108,110,-1,109,110,111,-1,111,110,112,-1,111,112,113,-1,113,112,114,-1,113,114,115,-1,115,114,116,-1,115,116,117,-1,117,116,118,-1,118,116,119,-1,118,119,120,-1,120,119,121,-1,120,121,122,-1,122,121,123,-1,122,123,124,-1,124,123,125,-1,124,125,126,-1,126,125,127,-1,126,127,128,-1,128,127,129,-1,128,129,130,-1,130,129,131,-1,130,131,132,-1,132,131,133,-1,132,133,134,-1,134,133,135,-1,136,137,138,-1,138,137,139,-1,139,137,140,-1,139,140,141,-1,141,140,142,-1,141,142,143,-1,143,142,144,-1,143,144,145,-1,145,144,146,-1,145,146,147,-1,147,146,148,-1,147,148,149,-1,149,148,150,-1,149,150,151,-1,150,152,151,-1,151,152,153,-1,153,152,154,-1,153,154,155,-1,155,154,156,-1,155,156,157,-1,157,156,158,-1,157,158,159,-1,159,158,160,-1,159,160,161,-1,161,160,162,-1,161,162,163,-1,163,162,164,-1,163,164,165,-1,164,166,165,-1,165,166,167,-1,167,166,168,-1,168,166,169,-1,168,169,170,-1,170,169,171,-1,170,171,172,-1,172,171,173,-1,172,173,174,-1,174,173,175,-1,174,175,176,-1,176,175,177,-1,176,177,178,-1,178,177,179,-1,179,180,178,-1,178,180,181,-1,180,182,181,-1,181,182,183,-1,184,185,186,-1,186,185,187,-1,187,185,188,-1,187,188,189,-1,189,188,190,-1,189,190,191,-1,191,190,192,-1,191,192,193,-1,193,192,194,-1,193,194,195,-1,195,194,196,-1,195,196,197,-1,197,196,198,-1,197,198,199,-1,199,198,200,-1,199,200,201,-1,200,202,201,-1,201,202,203,-1,203,202,204,-1,203,204,205,-1,205,204,206,-1,205,206,207,-1,207,206,208,-1,207,208,209,-1,209,208,210,-1,209,210,211,-1,211,210,212,-1,211,212,213,-1,213,212,214,-1,213,214,215,-1,215,214,216,-1,215,216,217,-1,216,218,217,-1,217,218,219,-1,219,218,220,-1,220,218,221,-1,220,221,222,-1,222,221,223,-1,222,223,224,-1,224,223,225,-1,224,225,226,-1,226,225,227,-1,226,227,228,-1,228,227,229,-1,228,229,230,-1,230,229,231,-1,231,232,230,-1,230,232,233,-1,232,234,233,-1,233,234,235,-1,236,237,238,-1,238,237,239,-1,240,236,241,-1,241,236,238,-1,242,240,243,-1,243,240,241,-1,244,242,245,-1,245,242,243,-1,246,244,247,-1,247,244,245,-1,248,249,250,-1,248,250,251,-1,251,250,252,-1,251,252,253,-1,253,252,254,-1,253,254,255,-1,255,254,256,-1,255,256,257,-1,257,256,258,-1,257,258,259,-1,259,258,260,-1,259,260,261,-1,261,260,246,-1,261,246,247,-1,262,249,263,-1,263,249,248,-1,264,262,265,-1,265,262,263,-1,266,267,268,-1,266,268,269,-1,269,268,270,-1,269,270,271,-1,271,270,272,-1,271,272,273,-1,273,272,264,-1,273,264,265,-1,274,275,276,-1,276,275,277,-1,278,274,279,-1,279,274,276,-1,280,278,281,-1,281,278,279,-1,282,280,283,-1,283,280,281,-1,284,282,285,-1,285,282,283,-1,286,287,288,-1,286,288,289,-1,289,288,290,-1,289,290,291,-1,291,290,292,-1,291,292,293,-1,293,292,294,-1,293,294,295,-1,295,294,296,-1,295,296,297,-1,297,296,298,-1,297,298,299,-1,299,298,284,-1,299,284,285,-1,300,287,301,-1,301,287,286,-1,302,300,303,-1,303,300,301,-1,304,305,306,-1,304,306,307,-1,307,306,308,-1,307,308,309,-1,309,308,310,-1,309,310,311,-1,311,310,302,-1,311,302,303,-1,312,313,314,-1,314,313,315,-1,316,312,317,-1,317,312,314,-1,318,316,319,-1,319,316,317,-1,320,318,321,-1,321,318,319,-1,322,320,323,-1,323,320,321,-1,324,325,326,-1,324,326,327,-1,327,326,328,-1,327,328,329,-1,329,328,330,-1,329,330,331,-1,331,330,332,-1,331,332,333,-1,333,332,334,-1,333,334,335,-1,335,334,336,-1,335,336,337,-1,337,336,322,-1,337,322,323,-1,338,325,339,-1,339,325,324,-1,340,338,341,-1,341,338,339,-1,342,343,344,-1,342,344,345,-1,345,344,346,-1,345,346,347,-1,347,346,348,-1,347,348,349,-1,349,348,340,-1,349,340,341,-1,
        ]
    }
}
Shape{
    appearance Appearance {
        material  Material 	{
            diffuseColor 1.0 1.0 1.0
            specularColor 0.5019607843137255 0.5019607843137255 0.5019607843137255
            ambientIntensity 1.0
            transparency 0.0
            shininess 0.5
        }
    }
    geometry IndexedFaceSet {
        ccw TRUE
        solid FALSE
        coord DEF co Coordinate {
            point [
                -0.9528 0.1492 0.0551, -0.9488 0.1492 0.0551, -0.9528 -0.5024 0.0551, -0.9488 -0.5024 0.0551, -0.9488 0.4976 0.0551, -0.9488 0.1492 0.0906, -0.9488 0.4603 0.2281, -0.9488 0.4617 0.2323, -0.9488 0.4976 0.2244, -0.9488 0.4622 0.2366, -0.9488 0.4622 0.2598, -0.9488 0.3992 0.0906, -0.9488 0.4228 0.1142, -0.9488 0.4228 0.2047, -0.9488 0.4513 0.219, -0.9488 0.455 0.2213, -0.9488 0.458 0.2244, -0.9114 0.4976 0.2244, -0.9114 0.4976 0.014, -0.8589 0.4583 0.2638, -1.0157 0.4583 0.2638, -1.0157 0.4622 0.2598, -1.0827 0.4583 0.2638, -1.0157 0.4976 0.2244, -1.063 0.4976 0.2244, -1.0827 0.4779 0.2441, -0.9488 0.037 0.2008, -0.9488 -0.0417 0.2402, -0.8728 0.037 0.2008, -0.8335 -0.0417 0.2402, -1.063 0.4976 0.0512, -1.0276 0.4976 0.0512, -1.0827 0.4779 0.0512, -1.0276 -0.5024 0.0512, -1.0827 -0.5024 0.0512, -1.0157 -0.5024 0.063, -1.0157 0.1492 0.063, -1.0157 0.4976 0.063, -1.0118 0.1492 0.063, -1.0118 -0.5024 0.063
            ]
        }
        coordIndex [
            0,1,2,-1,2,1,3,-1,4,1,5,-1,6,7,8,-1,8,7,9,-1,8,9,10,-1,5,11,4,-1,4,11,12,-1,4,12,13,-1,13,14,4,-1,4,14,15,-1,4,15,8,-1,8,15,16,-1,8,16,6,-1,8,17,4,-1,4,17,18,-1,17,8,19,-1,19,8,10,-1,19,10,20,-1,20,10,21,-1,20,21,22,-1,23,24,21,-1,21,24,25,-1,21,25,22,-1,26,27,28,-1,28,27,29,-1,30,31,32,-1,32,31,33,-1,32,33,34,-1,35,33,36,-1,36,33,31,-1,36,31,37,-1,38,39,36,-1,36,39,35,-1,
        ]
    }
}
Shape{
    appearance Appearance {
        material  Material 	{
            diffuseColor 0.7529411764705882 0.7529411764705882 0.7529411764705882
            specularColor 0.3764705882352941 0.3764705882352941 0.3764705882352941
            ambientIntensity 0.7529
            transparency 0.0
            shininess 0.5
        }
    }
    geometry IndexedFaceSet {
        ccw TRUE
        solid FALSE
        coord DEF co Coordinate {
            point [
                -1.0118 0.4307 0.0949, -1.0118 0.4307 0.1844, -1.0118 0.4819 0.024, -1.0118 0.1492 0.063, -1.0118 0.2457 0.0236, -1.0118 -0.5024 0.063, -1.0118 -0.5417 0.0236, -1.0118 -0.5024 0.1024, -1.0118 -0.5417 0.1024, -1.0118 0.4898 0.024, -1.0118 0.4504 0.2047, -1.0118 0.4555 0.2056, -1.0118 0.4898 0.1575, -1.0118 0.4603 0.2077, -1.0118 0.509 0.1712, -1.0118 0.4643 0.2109, -1.0118 0.5125 0.1744, -1.0118 0.4622 0.0004, -1.0118 0.2654 0.0, -1.0118 0.4246 0.0843, -1.0118 0.4271 0.0863, -1.0118 0.4701 0.2441, -1.0118 0.5173 0.2441, -1.0118 0.4701 0.225, -1.0118 0.5173 0.2434, -1.0118 0.4694 0.2199, -1.0118 0.5173 0.1875, -1.0118 0.4675 0.2151, -1.0118 0.5168 0.1827, -1.0118 0.5151 0.1783, -1.0118 0.429 0.0888, -1.0118 0.4303 0.0917, -1.0118 0.4333 0.1944, -1.0118 0.4364 0.1986, -1.0118 0.4313 0.1896, -1.0118 0.4405 0.2018, -1.0118 0.4452 0.2039, -1.0118 0.1492 0.0827, -1.0118 0.4185 0.0827, -1.0118 0.4216 0.0831, -0.9528 -0.5024 0.1024, -0.9528 -0.5417 0.1024, -0.9528 0.4307 0.0949, -0.9528 0.4303 0.0917, -0.9528 0.4819 0.024, -0.9528 0.4307 0.1844, -0.9528 0.4898 0.024, -0.9528 0.4898 0.1575, -0.9528 -0.5024 0.0551, -0.9528 -0.5417 0.0236, -0.9528 0.1492 0.0551, -0.9528 0.2457 0.0236, -0.9528 0.4622 0.0004, -0.9528 0.2654 0.0, -0.9528 0.509 0.1712, -0.9528 0.4643 0.2109, -0.9528 0.5125 0.1744, -0.9528 0.4603 0.2077, -0.9528 0.4555 0.2056, -0.9528 0.4504 0.2047, -0.9528 0.429 0.0888, -0.9528 0.4271 0.0863, -0.9528 0.4246 0.0843, -0.9528 0.5173 0.2441, -0.9528 0.4701 0.2441, -0.9528 0.5173 0.2434, -0.9528 0.4701 0.225, -0.9528 0.5173 0.1875, -0.9528 0.4694 0.2199, -0.9528 0.4675 0.2151, -0.9528 0.5168 0.1827, -0.9528 0.5151 0.1783, -0.9528 0.1492 0.0827, -0.9528 0.4185 0.0827, -0.9528 0.4216 0.0831, -0.9528 0.4452 0.2039, -0.9528 0.4405 0.2018, -0.9528 0.4364 0.1986, -0.9528 0.4333 0.1944, -0.9528 0.4313 0.1896
            ]
        }
        coordIndex [
            0,1,2,-1,3,4,5,-1,5,4,6,-1,5,6,7,-1,7,6,8,-1,2,1,9,-1,10,11,12,-1,12,11,13,-1,12,13,14,-1,14,13,15,-1,14,15,16,-1,17,18,2,-1,2,18,4,-1,19,20,2,-1,21,22,23,-1,23,22,24,-1,23,24,25,-1,25,24,26,-1,25,26,27,-1,27,26,28,-1,27,28,15,-1,15,28,29,-1,15,29,16,-1,20,30,2,-1,2,30,31,-1,2,31,0,-1,32,33,12,-1,9,1,12,-1,12,1,34,-1,12,34,32,-1,33,35,12,-1,12,35,36,-1,12,36,10,-1,3,37,4,-1,4,37,38,-1,4,38,2,-1,2,38,39,-1,2,39,19,-1,7,8,40,-1,40,8,41,-1,42,43,44,-1,42,44,45,-1,45,44,46,-1,45,46,47,-1,40,41,48,-1,48,41,49,-1,48,49,50,-1,50,49,51,-1,50,51,52,-1,52,51,53,-1,47,54,55,-1,55,54,56,-1,55,57,47,-1,47,57,58,-1,47,58,59,-1,43,60,44,-1,44,60,61,-1,44,61,52,-1,52,61,62,-1,63,64,65,-1,65,64,66,-1,65,66,67,-1,66,68,67,-1,67,68,69,-1,67,69,70,-1,70,69,55,-1,70,55,71,-1,71,55,56,-1,72,50,73,-1,73,50,52,-1,73,52,74,-1,74,52,62,-1,59,75,47,-1,47,75,76,-1,47,76,77,-1,77,78,47,-1,47,78,79,-1,47,79,45,-1,
        ]
    }
}
Shape{
    appearance Appearance {
        material  Material 	{
            diffuseColor 1.0 1.0 1.0
            specularColor 0.5019607843137255 0.5019607843137255 0.5019607843137255
            ambientIntensity 1.0
            transparency 0.0
            shininess 0.5
        }
    }
    geometry IndexedFaceSet {
        ccw TRUE
        solid FALSE
        coord DEF co Coordinate {
            point [
                -1.0827 0.4583 0.2638, -1.0827 0.3795 0.2638, -1.0157 0.4583 0.2638, -1.0157 0.3795 0.2638, -1.0827 0.4779 0.0512, -1.0827 0.4779 0.2441, -1.063 0.4976 0.0512, -1.063 0.4976 0.2244, -1.0472 0.037 0.2756, -1.0827 0.037 0.2756, -1.0276 0.0173 0.2953, -1.0827 -0.0024 0.315, -1.0276 -0.0024 0.315
            ]
        }
        coordIndex [
            0,1,2,-1,2,1,3,-1,4,5,6,-1,6,5,7,-1,8,9,10,-1,10,9,11,-1,10,11,12,-1,
        ]
    }
}
Shape{
    appearance Appearance {
        material  Material 	{
            diffuseColor 0.7529411764705882 0.7529411764705882 0.7529411764705882
            specularColor 0.3764705882352941 0.3764705882352941 0.3764705882352941
            ambientIntensity 0.7529
            transparency 0.0
            shininess 0.5
        }
    }
    geometry IndexedFaceSet {
        ccw TRUE
        solid FALSE
        coord DEF co Coordinate {
            point [
                -0.9528 -0.1323 0.3189, -0.9528 -0.0984 0.3189, -1.0118 -0.1323 0.3189, -1.0118 -0.0984 0.3189, -0.9528 -0.0937 0.3184, -1.0118 -0.0937 0.3184, -0.9528 -0.0893 0.3167, -1.0118 -0.0893 0.3167, -0.9528 -0.0855 0.3141, -1.0118 -0.0855 0.3141, -0.9528 -0.0823 0.3106, -1.0118 -0.0823 0.3106, -0.9528 -0.0801 0.3065, -1.0118 -0.0801 0.3065, -0.9528 -0.0585 0.2525, -1.0118 -0.0585 0.2525, -1.0118 -0.0562 0.2484, -0.9528 -0.0562 0.2484, -1.0118 -0.0531 0.245, -0.9528 -0.0531 0.245, -1.0118 -0.0492 0.2424, -0.9528 -0.0492 0.2424, -1.0118 -0.0448 0.2407, -0.9528 -0.0448 0.2407, -1.0118 -0.0402 0.2402, -0.9528 -0.0402 0.2402, -0.9528 -0.0371 0.2402, -1.0118 -0.0371 0.2402, -1.0118 -0.0299 0.2408, -0.9528 -0.0299 0.2408, -1.0118 -0.023 0.2428, -0.9528 -0.023 0.2428, -1.0118 -0.0165 0.246, -0.9528 -0.0165 0.246, -0.9528 0.0157 0.2658, -1.0118 0.0157 0.2658, -0.9528 0.0219 0.2689, -1.0118 0.0219 0.2689, -0.9528 0.0286 0.2709, -1.0118 0.0286 0.2709, -0.9528 0.0354 0.2717, -1.0118 0.0354 0.2717, -0.9528 0.0381 0.2717, -1.0118 0.0381 0.2717, -0.9528 0.0682 0.2717, -1.0118 0.0682 0.2717, -1.0118 0.0766 0.2726, -0.9528 0.0766 0.2726, -1.0118 0.0846 0.2753, -0.9528 0.0846 0.2753, -1.0118 0.0919 0.2796, -0.9528 0.0919 0.2796, -0.9528 0.0955 0.2817, -1.0118 0.0955 0.2817, -0.9528 0.0995 0.2831, -1.0118 0.0995 0.2831, -0.9528 0.1037 0.2835, -1.0118 0.1037 0.2835, -0.9528 0.1284 0.2835, -1.0118 0.1284 0.2835, -0.9528 0.1224 0.2614, -1.0118 0.1224 0.2614, -0.9528 0.1114 0.2414, -1.0118 0.1114 0.2414, -0.9528 0.0961 0.2244, -1.0118 0.0961 0.2244, -0.9528 0.0834 0.2244, -1.0118 0.0834 0.2244, -0.9528 0.0794 0.2217, -1.0118 0.0794 0.2217, -1.0118 0.0757 0.2185, -0.9528 0.0757 0.2185, -1.0118 0.0728 0.2145, -0.9528 0.0728 0.2145, -1.0118 0.0711 0.21, -0.9528 0.0711 0.21, -1.0118 0.0705 0.2051, -0.9528 0.0705 0.2051, -0.9528 0.0705 0.1221, -1.0118 0.0705 0.1221
            ]
        }
        coordIndex [
            0,1,2,-1,2,1,3,-1,3,1,4,-1,3,4,5,-1,5,4,6,-1,5,6,7,-1,7,6,8,-1,7,8,9,-1,9,8,10,-1,9,10,11,-1,11,10,12,-1,11,12,13,-1,12,14,13,-1,13,14,15,-1,15,14,16,-1,16,14,17,-1,16,17,18,-1,18,17,19,-1,18,19,20,-1,20,19,21,-1,20,21,22,-1,22,21,23,-1,22,23,24,-1,24,23,25,-1,25,26,24,-1,24,26,27,-1,27,26,28,-1,28,26,29,-1,28,29,30,-1,30,29,31,-1,30,31,32,-1,32,31,33,-1,33,34,32,-1,32,34,35,-1,35,34,36,-1,35,36,37,-1,37,36,38,-1,37,38,39,-1,39,38,40,-1,39,40,41,-1,40,42,41,-1,41,42,43,-1,42,44,43,-1,43,44,45,-1,45,44,46,-1,46,44,47,-1,46,47,48,-1,48,47,49,-1,48,49,50,-1,50,49,51,-1,50,51,52,-1,50,52,53,-1,53,52,54,-1,53,54,55,-1,55,54,56,-1,55,56,57,-1,56,58,57,-1,57,58,59,-1,59,58,60,-1,59,60,61,-1,61,60,62,-1,61,62,63,-1,63,62,64,-1,63,64,65,-1,64,66,65,-1,65,66,67,-1,66,68,67,-1,67,68,69,-1,69,68,70,-1,70,68,71,-1,70,71,72,-1,72,71,73,-1,72,73,74,-1,74,73,75,-1,74,75,76,-1,76,75,77,-1,77,78,76,-1,76,78,79,-1,
        ]
    }
}
Shape{
    appearance Appearance {
        material  Material 	{
            diffuseColor 0.25098039215686274 0.25098039215686274 0.25098039215686274
            specularColor 0.12549019607843137 0.12549019607843137 0.12549019607843137
            ambientIntensity 0.251
            transparency 0.0
            shininess 0.5
        }
    }
    geometry IndexedFaceSet {
        ccw TRUE
        solid FALSE
        coord DEF co Coordinate {
            point [
                -1.0157 -0.0276 0.3031, -0.937 -0.0276 0.3031, -0.937 -0.027 0.308, -1.0157 -0.027 0.308, -0.937 -0.0252 0.3126, -1.0157 -0.0252 0.3126, -0.937 -0.0223 0.3166, -1.0157 -0.0223 0.3166, -0.937 -0.0185 0.3198, -1.0157 -0.0185 0.3198, -0.937 -0.0276 0.2913, -1.0157 -0.0276 0.2913, -1.0157 -0.0079 0.2717, -1.0157 0.0291 0.2717, -0.937 0.0291 0.2717, -0.937 0.3559 0.2717, -0.8209 0.3559 0.2717, -0.8209 -0.0079 0.2717, -0.937 0.3559 0.2953, -0.937 0.0596 0.2953, -1.0157 0.3559 0.2953, -1.0157 0.0596 0.2953, -0.937 0.0572 0.2888, -1.0157 0.0572 0.2888, -0.937 0.0534 0.2831, -1.0157 0.0534 0.2831, -0.937 0.0484 0.2782, -1.0157 0.0484 0.2782, -0.937 0.0425 0.2746, -1.0157 0.0425 0.2746, -0.937 0.036 0.2724, -1.0157 0.036 0.2724
            ]
        }
        coordIndex [
            0,1,2,-1,0,2,3,-1,3,2,4,-1,3,4,5,-1,5,4,6,-1,5,6,7,-1,7,6,8,-1,7,8,9,-1,10,1,11,-1,11,1,0,-1,12,13,14,-1,15,16,14,-1,14,16,17,-1,14,17,12,-1,18,19,20,-1,20,19,21,-1,21,19,22,-1,21,22,23,-1,23,22,24,-1,23,24,25,-1,25,24,26,-1,25,26,27,-1,27,26,28,-1,27,28,29,-1,29,28,30,-1,29,30,31,-1,31,30,14,-1,31,14,13,-1,14,30,15,-1,15,30,28,-1,15,28,26,-1,19,18,22,-1,22,18,15,-1,22,15,24,-1,24,15,26,-1,
        ]
    }
}
Shape{
    appearance Appearance {
        material  Material 	{
            diffuseColor 1.0 1.0 1.0
            specularColor 0.5019607843137255 0.5019607843137255 0.5019607843137255
            ambientIntensity 1.0
            transparency 0.0
            shininess 0.5
        }
    }
    geometry IndexedFaceSet {
        ccw TRUE
        solid FALSE
        coord DEF co Coordinate {
            point [
                -1.0118 0.1492 0.063, -1.0157 0.1492 0.063, -1.0118 0.1492 0.0827, -1.0157 0.1492 0.0906, -0.9528 0.1492 0.0827, -0.9488 0.1492 0.0906, -0.9528 0.1492 0.0551, -0.9488 0.1492 0.0551, -1.0157 0.3992 0.0906, -0.9488 0.3992 0.0906, -0.9488 0.4228 0.1142, -1.0157 0.4228 0.1142, -0.9488 0.4228 0.2047, -1.0157 0.4228 0.2047, -0.9488 0.4513 0.219, -1.0157 0.4513 0.219, -1.0157 0.455 0.2213, -0.9488 0.455 0.2213, -1.0157 0.458 0.2244, -0.9488 0.458 0.2244, -1.0157 0.4603 0.2281, -0.9488 0.4603 0.2281, -1.0157 0.4617 0.2323, -0.9488 0.4617 0.2323, -1.0157 0.4622 0.2366, -0.9488 0.4622 0.2366, -0.9488 0.4622 0.2598, -1.0157 0.4622 0.2598, -1.0157 0.4976 0.2244, -1.0157 0.4976 0.063, -1.0276 0.4976 0.0512, -1.063 0.4976 0.0512, -1.063 0.4976 0.2244, -0.9528 0.4185 0.0827, -1.0118 0.4185 0.0827, -1.0118 0.4216 0.0831, -0.9528 0.4216 0.0831, -1.0118 0.4246 0.0843, -0.9528 0.4246 0.0843, -1.0118 0.4271 0.0863, -0.9528 0.4271 0.0863, -1.0118 0.429 0.0888, -0.9528 0.429 0.0888, -1.0118 0.4303 0.0917, -0.9528 0.4303 0.0917, -1.0118 0.4307 0.0949, -0.9528 0.4307 0.0949, -0.9528 0.4307 0.1844, -1.0118 0.4307 0.1844, -0.9528 0.4313 0.1896, -1.0118 0.4313 0.1896, -0.9528 0.4333 0.1944, -1.0118 0.4333 0.1944, -0.9528 0.4364 0.1986, -1.0118 0.4364 0.1986, -0.9528 0.4405 0.2018, -1.0118 0.4405 0.2018, -0.9528 0.4452 0.2039, -1.0118 0.4452 0.2039, -0.9528 0.4504 0.2047, -1.0118 0.4504 0.2047, -1.0118 0.4555 0.2056, -0.9528 0.4555 0.2056, -1.0118 0.4603 0.2077, -0.9528 0.4603 0.2077, -1.0118 0.4643 0.2109, -0.9528 0.4643 0.2109, -1.0118 0.4675 0.2151, -0.9528 0.4675 0.2151, -1.0118 0.4694 0.2199, -0.9528 0.4694 0.2199, -1.0118 0.4701 0.225, -0.9528 0.4701 0.225, -0.9528 0.4701 0.2441, -1.0118 0.4701 0.2441
            ]
        }
        coordIndex [
            0,1,2,-1,2,1,3,-1,2,3,4,-1,4,3,5,-1,4,5,6,-1,6,5,7,-1,3,8,5,-1,5,8,9,-1,10,9,11,-1,11,9,8,-1,12,10,13,-1,13,10,11,-1,14,12,15,-1,15,12,13,-1,14,15,16,-1,14,16,17,-1,17,16,18,-1,17,18,19,-1,19,18,20,-1,19,20,21,-1,21,20,22,-1,21,22,23,-1,23,22,24,-1,23,24,25,-1,26,25,27,-1,27,25,24,-1,22,28,24,-1,24,28,27,-1,22,20,28,-1,28,20,18,-1,28,18,29,-1,29,18,16,-1,29,16,15,-1,3,1,8,-1,8,1,29,-1,8,29,11,-1,11,29,15,-1,11,15,13,-1,30,31,29,-1,29,31,32,-1,29,32,28,-1,4,33,2,-1,2,33,34,-1,34,33,35,-1,35,33,36,-1,35,36,37,-1,37,36,38,-1,37,38,39,-1,39,38,40,-1,39,40,41,-1,41,40,42,-1,41,42,43,-1,43,42,44,-1,43,44,45,-1,45,44,46,-1,46,47,45,-1,45,47,48,-1,48,47,49,-1,48,49,50,-1,50,49,51,-1,50,51,52,-1,52,51,53,-1,52,53,54,-1,54,53,55,-1,54,55,56,-1,56,55,57,-1,56,57,58,-1,58,57,59,-1,58,59,60,-1,60,59,61,-1,61,59,62,-1,61,62,63,-1,63,62,64,-1,63,64,65,-1,65,64,66,-1,65,66,67,-1,67,66,68,-1,67,68,69,-1,69,68,70,-1,69,70,71,-1,71,70,72,-1,72,73,71,-1,71,73,74,-1,
        ]
    }
}
Shape{
    appearance Appearance {
        material  Material 	{
            diffuseColor 0.7529411764705882 0.7529411764705882 0.7529411764705882
            specularColor 0.3764705882352941 0.3764705882352941 0.3764705882352941
            ambientIntensity 0.7529
            transparency 0.0
            shininess 0.5
        }
    }
    geometry IndexedFaceSet {
        ccw TRUE
        solid FALSE
        coord DEF co Coordinate {
            point [
                -1.0002 0.5004 0.2635, -1.0118 0.4701 0.2441, -1.0 0.497 0.2638, -1.0 0.4898 0.2638, -1.0011 0.5052 0.262, -1.0021 0.5084 0.2603, -1.0026 0.5094 0.2594, -1.0037 0.5117 0.2575, -1.0002 0.5009 0.2634, -1.0009 0.5047 0.2623, -1.0048 0.5129 0.2559, -1.0059 0.5143 0.2541, -1.0073 0.5155 0.2516, -1.0085 0.5164 0.2496, -1.0102 0.5168 0.2468, -1.0118 0.5173 0.2441, -0.9643 0.5013 0.2633, -0.9635 0.5052 0.262, -0.9544 0.5169 0.2468, -0.9539 0.5172 0.246, -0.9528 0.5173 0.2441, -0.9528 0.5173 0.2434, -1.0118 0.5173 0.2434, -0.957 0.5158 0.2512, -0.9572 0.5155 0.2516, -0.9599 0.513 0.2559, -0.9634 0.5055 0.2619, -0.962 0.5095 0.2595, -0.9619 0.5096 0.2594, -0.9599 0.513 0.256, -0.9643 0.5004 0.2634, -0.9646 0.497 0.2638, -0.9528 0.5173 0.1875, -1.0118 0.5173 0.1875, -0.9528 0.5168 0.1827, -1.0118 0.5168 0.1827, -0.9528 0.5151 0.1783, -1.0118 0.5151 0.1783, -0.9528 0.5125 0.1744, -1.0118 0.5125 0.1744, -0.9528 0.509 0.1712, -1.0118 0.509 0.1712, -0.9528 0.4898 0.1575, -1.0118 0.4898 0.1575, -0.9528 0.4898 0.024, -1.0118 0.4898 0.024, -0.9528 0.4819 0.024, -1.0118 0.4819 0.024, -0.9528 0.4622 0.0004, -1.0118 0.4622 0.0004, -1.0118 0.2654 0.0, -0.9528 0.2654 0.0, -1.0118 0.2457 0.0236, -0.9528 0.2457 0.0236, -0.9528 -0.5417 0.0236, -1.0118 -0.5417 0.0236, -0.9528 -0.5417 0.1024, -1.0118 -0.5417 0.1024, -0.9528 0.4701 0.2441, -0.9646 0.4898 0.2638
            ]
        }
        coordIndex [
            0,1,2,-1,2,1,3,-1,4,5,1,-1,1,5,6,-1,1,6,7,-1,0,8,1,-1,1,8,9,-1,1,9,4,-1,7,10,1,-1,1,10,11,-1,1,11,12,-1,12,13,1,-1,1,13,14,-1,1,14,15,-1,16,17,4,-1,18,19,15,-1,20,21,19,-1,19,21,22,-1,19,22,15,-1,15,14,18,-1,18,14,13,-1,18,13,23,-1,23,13,24,-1,10,25,11,-1,11,25,24,-1,11,24,12,-1,12,24,13,-1,4,17,5,-1,5,17,26,-1,5,26,6,-1,6,26,27,-1,6,27,7,-1,7,27,28,-1,7,28,10,-1,10,28,29,-1,10,29,25,-1,4,9,16,-1,16,9,8,-1,16,8,30,-1,8,0,30,-1,30,0,2,-1,30,2,31,-1,21,32,22,-1,22,32,33,-1,33,32,34,-1,33,34,35,-1,35,34,36,-1,35,36,37,-1,37,36,38,-1,37,38,39,-1,39,38,40,-1,39,40,41,-1,40,42,41,-1,41,42,43,-1,42,44,43,-1,43,44,45,-1,44,46,45,-1,45,46,47,-1,46,48,47,-1,47,48,49,-1,50,49,51,-1,51,49,48,-1,50,51,52,-1,52,51,53,-1,53,54,52,-1,52,54,55,-1,54,56,55,-1,55,56,57,-1,18,58,19,-1,19,58,20,-1,18,23,58,-1,58,23,24,-1,58,24,25,-1,16,30,58,-1,58,30,31,-1,58,31,59,-1,27,26,58,-1,58,26,17,-1,58,17,16,-1,25,29,58,-1,58,29,28,-1,58,28,27,-1,
        ]
    }
}
Shape{
    appearance Appearance {
        material  Material 	{
            diffuseColor 1.0 1.0 1.0
            specularColor 0.5019607843137255 0.5019607843137255 0.5019607843137255
            ambientIntensity 1.0
            transparency 0.0
            shininess 0.5
        }
    }
    geometry IndexedFaceSet {
        ccw TRUE
        solid FALSE
        coord DEF co Coordinate {
            point [
                -0.9646 0.4898 0.2638, -1.0 0.4898 0.2638, -0.9528 0.4701 0.2441, -1.0118 0.4701 0.2441
            ]
        }
        coordIndex [
            0,1,2,-1,2,1,3,-1,
        ]
    }
}
Shape{
    appearance Appearance {
        material  Material 	{
            diffuseColor 0.7529411764705882 0.7529411764705882 0.7529411764705882
            specularColor 0.3764705882352941 0.3764705882352941 0.3764705882352941
            ambientIntensity 0.7529
            transparency 0.0
            shininess 0.5
        }
    }
    geometry IndexedFaceSet {
        ccw TRUE
        solid FALSE
        coord DEF co Coordinate {
            point [
                -0.9646 0.497 0.2638, -1.0 0.497 0.2638, -0.9646 0.4898 0.2638, -1.0 0.4898 0.2638, 0.9646 0.497 0.2638, 0.9646 0.4898 0.2638, 1.0 0.497 0.2638, 1.0 0.4898 0.2638
            ]
        }
        coordIndex [
            0,1,2,-1,2,1,3,-1,4,5,6,-1,6,5,7,-1,
        ]
    }
}
Shape{
    appearance Appearance {
        material  Material 	{
            diffuseColor 1.0 1.0 1.0
            specularColor 0.5019607843137255 0.5019607843137255 0.5019607843137255
            ambientIntensity 1.0
            transparency 0.0
            shininess 0.5
        }
    }
    geometry IndexedFaceSet {
        ccw TRUE
        solid FALSE
        coord DEF co Coordinate {
            point [
                0.9646 0.4898 0.2638, 0.9528 0.4701 0.2441, 1.0 0.4898 0.2638, 1.0118 0.4701 0.2441
            ]
        }
        coordIndex [
            0,1,2,-1,2,1,3,-1,
        ]
    }
}
Shape{
    appearance Appearance {
        material  Material 	{
            diffuseColor 0.7529411764705882 0.7529411764705882 0.7529411764705882
            specularColor 0.3764705882352941 0.3764705882352941 0.3764705882352941
            ambientIntensity 0.7529
            transparency 0.0
            shininess 0.5
        }
    }
    geometry IndexedFaceSet {
        ccw TRUE
        solid FALSE
        coord DEF co Coordinate {
            point [
                1.0118 0.4701 0.2441, 1.0118 0.5173 0.2441, 1.0102 0.5168 0.2468, 1.0006 0.5032 0.2628, 1.0002 0.5004 0.2634, 1.0081 0.5162 0.2502, 1.0073 0.5155 0.2516, 1.0054 0.5139 0.2548, 1.0001 0.4992 0.2636, 1.0 0.497 0.2638, 1.0 0.4898 0.2638, 1.0048 0.5129 0.2558, 1.0029 0.5101 0.259, 1.0026 0.5095 0.2595, 1.0014 0.5066 0.2614, 1.0011 0.5052 0.262, 0.9528 -0.5417 0.0236, 1.0118 -0.5417 0.0236, 0.9528 -0.5417 0.1024, 1.0118 -0.5417 0.1024, 0.9528 0.2457 0.0236, 1.0118 0.2457 0.0236, 1.0118 0.2654 0.0, 0.9528 0.2654 0.0, 0.9528 0.4622 0.0004, 1.0118 0.4622 0.0004, 0.9528 0.4819 0.024, 1.0118 0.4819 0.024, 0.9528 0.4898 0.024, 1.0118 0.4898 0.024, 0.9528 0.4898 0.1575, 1.0118 0.4898 0.1575, 0.9528 0.509 0.1712, 1.0118 0.509 0.1712, 0.9528 0.5173 0.1875, 1.0118 0.5173 0.1875, 1.0118 0.5168 0.1827, 0.9528 0.5168 0.1827, 1.0118 0.5151 0.1783, 0.9528 0.5151 0.1783, 1.0118 0.5125 0.1744, 0.9528 0.5125 0.1744, 0.9528 0.5173 0.2434, 1.0118 0.5173 0.2434, 0.9632 0.506 0.2616, 0.9596 0.5134 0.2556, 0.9528 0.5173 0.2441, 0.9544 0.5171 0.2468, 0.9544 0.5171 0.2469, 0.9572 0.5158 0.2515, 0.9573 0.5157 0.2517, 0.9599 0.513 0.2559, 0.9617 0.5099 0.2591, 0.9619 0.5094 0.2594, 0.9634 0.5051 0.2619, 0.9642 0.5018 0.2631, 0.9643 0.5004 0.2633, 0.9646 0.497 0.2638, 0.9528 0.4701 0.2441, 0.9646 0.4898 0.2638
            ]
        }
        coordIndex [
            0,1,2,-1,3,4,0,-1,2,5,0,-1,0,5,6,-1,0,6,7,-1,4,8,0,-1,0,8,9,-1,0,9,10,-1,7,11,0,-1,0,11,12,-1,0,12,13,-1,13,14,0,-1,0,14,15,-1,0,15,3,-1,16,17,18,-1,18,17,19,-1,20,21,16,-1,16,21,17,-1,22,21,23,-1,23,21,20,-1,23,24,22,-1,22,24,25,-1,26,27,24,-1,24,27,25,-1,28,29,26,-1,26,29,27,-1,30,31,28,-1,28,31,29,-1,32,33,30,-1,30,33,31,-1,34,35,36,-1,34,36,37,-1,37,36,38,-1,37,38,39,-1,39,38,40,-1,39,40,41,-1,41,40,33,-1,41,33,32,-1,42,43,34,-1,34,43,35,-1,14,13,44,-1,7,6,45,-1,42,46,43,-1,43,46,47,-1,43,47,1,-1,1,47,2,-1,2,47,48,-1,2,48,5,-1,5,48,49,-1,5,49,6,-1,6,49,50,-1,6,50,45,-1,7,45,11,-1,11,45,51,-1,11,51,12,-1,12,51,52,-1,12,52,13,-1,13,52,53,-1,13,53,44,-1,14,44,15,-1,15,44,54,-1,15,54,55,-1,56,57,9,-1,9,8,56,-1,56,8,4,-1,56,4,55,-1,55,4,3,-1,55,3,15,-1,56,58,57,-1,57,58,59,-1,49,48,58,-1,58,48,47,-1,58,47,46,-1,56,55,58,-1,58,55,54,-1,58,54,44,-1,44,53,58,-1,58,53,52,-1,58,52,51,-1,51,45,58,-1,58,45,50,-1,58,50,49,-1,
        ]
    }
}
Shape{
    appearance Appearance {
        material  Material 	{
            diffuseColor 1.0 1.0 1.0
            specularColor 0.5019607843137255 0.5019607843137255 0.5019607843137255
            ambientIntensity 1.0
            transparency 0.0
            shininess 0.5
        }
    }
    geometry IndexedFaceSet {
        ccw TRUE
        solid FALSE
        coord DEF co Coordinate {
            point [
                0.9528 0.4701 0.225, 1.0118 0.4701 0.225, 0.9528 0.4701 0.2441, 1.0118 0.4701 0.2441, 0.9528 0.4504 0.2047, 1.0118 0.4504 0.2047, 0.9528 0.4555 0.2056, 1.0118 0.4555 0.2056, 0.9528 0.4603 0.2077, 1.0118 0.4603 0.2077, 0.9528 0.4643 0.2109, 1.0118 0.4643 0.2109, 0.9528 0.4675 0.2151, 1.0118 0.4675 0.2151, 0.9528 0.4694 0.2199, 1.0118 0.4694 0.2199, 0.9528 0.4307 0.1844, 1.0118 0.4307 0.1844, 1.0118 0.4313 0.1896, 0.9528 0.4313 0.1896, 1.0118 0.4333 0.1944, 0.9528 0.4333 0.1944, 1.0118 0.4364 0.1986, 0.9528 0.4364 0.1986, 1.0118 0.4405 0.2018, 0.9528 0.4405 0.2018, 1.0118 0.4452 0.2039, 0.9528 0.4452 0.2039, 0.9528 0.4307 0.0949, 1.0118 0.4307 0.0949, 0.9528 0.4185 0.0827, 1.0118 0.4185 0.0827, 0.9528 0.4216 0.0831, 1.0118 0.4216 0.0831, 0.9528 0.4246 0.0843, 1.0118 0.4246 0.0843, 0.9528 0.4271 0.0863, 1.0118 0.4271 0.0863, 0.9528 0.429 0.0888, 1.0118 0.429 0.0888, 0.9528 0.4303 0.0917, 1.0118 0.4303 0.0917, 1.0118 0.1492 0.0827, 0.9528 0.1492 0.0827, 0.9488 0.4228 0.1142, 1.0157 0.4228 0.1142, 0.9488 0.3992 0.0906, 1.0157 0.3992 0.0906, 0.9488 0.4228 0.2047, 1.0157 0.4228 0.2047, 0.9488 0.4513 0.219, 1.0157 0.4513 0.219, 0.9488 0.455 0.2213, 1.0157 0.455 0.2213, 0.9488 0.458 0.2244, 1.0157 0.458 0.2244, 0.9488 0.4603 0.2281, 1.0157 0.4603 0.2281, 0.9488 0.4617 0.2323, 1.0157 0.4617 0.2323, 0.9488 0.4622 0.2366, 1.0157 0.4622 0.2366, 0.9528 0.1492 0.0551, 0.9488 0.1492 0.0551, 0.9488 0.1492 0.0906, 1.0157 0.1492 0.0906, 1.0118 0.1492 0.063, 1.0157 0.1492 0.063, 0.9488 0.4622 0.2598, 1.0157 0.4622 0.2598, 1.0157 0.4976 0.2244, 1.0157 0.4976 0.063, 1.063 0.4976 0.2244, 1.063 0.4976 0.0512, 1.0276 0.4976 0.0512
            ]
        }
        coordIndex [
            0,1,2,-1,2,1,3,-1,4,5,6,-1,6,5,7,-1,6,7,8,-1,8,7,9,-1,8,9,10,-1,10,9,11,-1,10,11,12,-1,12,11,13,-1,12,13,14,-1,14,13,15,-1,14,15,0,-1,0,15,1,-1,16,17,18,-1,16,18,19,-1,19,18,20,-1,19,20,21,-1,21,20,22,-1,21,22,23,-1,23,22,24,-1,23,24,25,-1,25,24,26,-1,25,26,27,-1,27,26,5,-1,27,5,4,-1,28,29,16,-1,16,29,17,-1,30,31,32,-1,32,31,33,-1,32,33,34,-1,34,33,35,-1,34,35,36,-1,36,35,37,-1,36,37,38,-1,38,37,39,-1,38,39,40,-1,40,39,41,-1,40,41,28,-1,28,41,29,-1,42,31,43,-1,43,31,30,-1,44,45,46,-1,46,45,47,-1,48,49,44,-1,44,49,45,-1,50,51,48,-1,48,51,49,-1,51,50,52,-1,51,52,53,-1,53,52,54,-1,53,54,55,-1,55,54,56,-1,55,56,57,-1,57,56,58,-1,57,58,59,-1,59,58,60,-1,59,60,61,-1,62,63,43,-1,43,63,64,-1,43,64,42,-1,42,64,65,-1,42,65,66,-1,66,65,67,-1,65,64,47,-1,47,64,46,-1,68,69,60,-1,60,69,61,-1,67,65,47,-1,57,59,70,-1,70,59,61,-1,70,61,69,-1,67,47,71,-1,71,47,45,-1,71,45,49,-1,49,51,71,-1,71,51,53,-1,71,53,70,-1,70,53,55,-1,70,55,57,-1,70,72,71,-1,71,72,73,-1,71,73,74,-1,
        ]
    }
}
Shape{
    appearance Appearance {
        material  Material 	{
            diffuseColor 0.25098039215686274 0.25098039215686274 0.25098039215686274
            specularColor 0.12549019607843137 0.12549019607843137 0.12549019607843137
            ambientIntensity 0.251
            transparency 0.0
            shininess 0.5
        }
    }
    geometry IndexedFaceSet {
        ccw TRUE
        solid FALSE
        coord DEF co Coordinate {
            point [
                0.937 0.3559 0.2953, 0.937 0.0596 0.2953, 0.937 0.3559 0.2717, 0.937 0.0572 0.2888, 0.937 0.0291 0.2717, 0.937 0.036 0.2724, 0.937 0.0425 0.2746, 0.937 0.0534 0.2831, 0.937 0.0484 0.2782, 1.0157 0.3559 0.2953, 1.0157 0.0596 0.2953, 1.0157 0.0572 0.2888, 1.0157 0.0534 0.2831, 1.0157 0.0484 0.2782, 1.0157 0.0425 0.2746, 1.0157 0.036 0.2724, 1.0157 0.0291 0.2717, 0.937 -0.0276 0.3031, 1.0157 -0.0276 0.3031, 1.0157 -0.027 0.308, 0.937 -0.027 0.308, 1.0157 -0.0252 0.3126, 0.937 -0.0252 0.3126, 1.0157 -0.0223 0.3166, 0.937 -0.0223 0.3166, 1.0157 -0.0185 0.3198, 0.937 -0.0185 0.3198, 0.937 -0.0276 0.2913, 1.0157 -0.0276 0.2913, 1.0157 -0.0079 0.2717, 0.8209 -0.0079 0.2717, 0.8209 0.3559 0.2717
            ]
        }
        coordIndex [
            0,1,2,-1,2,1,3,-1,4,2,5,-1,5,2,6,-1,3,7,2,-1,2,7,8,-1,2,8,6,-1,0,9,1,-1,1,9,10,-1,1,10,11,-1,1,11,3,-1,3,11,12,-1,3,12,7,-1,7,12,13,-1,7,13,8,-1,8,13,14,-1,8,14,6,-1,6,14,15,-1,6,15,5,-1,5,15,16,-1,5,16,4,-1,17,18,19,-1,17,19,20,-1,20,19,21,-1,20,21,22,-1,22,21,23,-1,22,23,24,-1,24,23,25,-1,24,25,26,-1,27,28,17,-1,17,28,18,-1,16,29,4,-1,4,29,30,-1,4,30,2,-1,2,30,31,-1,
        ]
    }
}
Shape{
    appearance Appearance {
        material  Material 	{
            diffuseColor 1.0 1.0 1.0
            specularColor 0.5019607843137255 0.5019607843137255 0.5019607843137255
            ambientIntensity 1.0
            transparency 0.0
            shininess 0.5
        }
    }
    geometry IndexedFaceSet {
        ccw TRUE
        solid FALSE
        coord DEF co Coordinate {
            point [
                1.0827 0.3795 0.2638, 1.0827 0.4583 0.2638, 1.0157 0.3795 0.2638, 1.0157 0.4583 0.2638, 1.0827 0.4779 0.0512, 1.063 0.4976 0.0512, 1.0827 0.4779 0.2441, 1.063 0.4976 0.2244, 1.0827 0.037 0.2756, 1.0472 0.037 0.2756, 1.0827 -0.0024 0.315, 1.0276 0.0173 0.2953, 1.0276 -0.0024 0.315
            ]
        }
        coordIndex [
            0,1,2,-1,2,1,3,-1,4,5,6,-1,6,5,7,-1,8,9,10,-1,10,9,11,-1,10,11,12,-1,
        ]
    }
}
Shape{
    appearance Appearance {
        material  Material 	{
            diffuseColor 0.7529411764705882 0.7529411764705882 0.7529411764705882
            specularColor 0.3764705882352941 0.3764705882352941 0.3764705882352941
            ambientIntensity 0.7529
            transparency 0.0
            shininess 0.5
        }
    }
    geometry IndexedFaceSet {
        ccw TRUE
        solid FALSE
        coord DEF co Coordinate {
            point [
                0.9528 0.0705 0.2051, 1.0118 0.0705 0.2051, 0.9528 0.0705 0.1221, 1.0118 0.0705 0.1221, 0.9528 0.0794 0.2217, 1.0118 0.0794 0.2217, 0.9528 0.0757 0.2185, 1.0118 0.0757 0.2185, 0.9528 0.0728 0.2145, 1.0118 0.0728 0.2145, 0.9528 0.0711 0.21, 1.0118 0.0711 0.21, 0.9528 0.0834 0.2244, 1.0118 0.0834 0.2244, 0.9528 0.0961 0.2244, 1.0118 0.0961 0.2244, 0.9528 0.1284 0.2835, 1.0118 0.1284 0.2835, 1.0118 0.1224 0.2614, 0.9528 0.1224 0.2614, 1.0118 0.1114 0.2414, 0.9528 0.1114 0.2414, 0.9528 0.1037 0.2835, 1.0118 0.1037 0.2835, 0.9528 0.0919 0.2796, 1.0118 0.0919 0.2796, 1.0118 0.0955 0.2817, 0.9528 0.0955 0.2817, 1.0118 0.0995 0.2831, 0.9528 0.0995 0.2831, 0.9528 0.0682 0.2717, 1.0118 0.0682 0.2717, 0.9528 0.0766 0.2726, 1.0118 0.0766 0.2726, 0.9528 0.0846 0.2753, 1.0118 0.0846 0.2753, 0.9528 0.0381 0.2717, 1.0118 0.0381 0.2717
            ]
        }
        coordIndex [
            0,1,2,-1,2,1,3,-1,4,5,6,-1,6,5,7,-1,6,7,8,-1,8,7,9,-1,8,9,10,-1,10,9,11,-1,10,11,0,-1,0,11,1,-1,12,13,4,-1,4,13,5,-1,14,15,12,-1,12,15,13,-1,16,17,18,-1,16,18,19,-1,19,18,20,-1,19,20,21,-1,21,20,15,-1,21,15,14,-1,22,23,16,-1,16,23,17,-1,24,25,26,-1,24,26,27,-1,27,26,28,-1,27,28,29,-1,29,28,23,-1,29,23,22,-1,30,31,32,-1,32,31,33,-1,32,33,34,-1,34,33,35,-1,34,35,24,-1,24,35,25,-1,36,37,30,-1,30,37,31,-1,
        ]
    }
}
Shape{
    appearance Appearance {
        material  Material 	{
            diffuseColor 1.0 1.0 1.0
            specularColor 0.5019607843137255 0.5019607843137255 0.5019607843137255
            ambientIntensity 1.0
            transparency 0.0
            shininess 0.5
        }
    }
    geometry IndexedFaceSet {
        ccw TRUE
        solid FALSE
        coord DEF co Coordinate {
            point [
                0.9528 0.0354 0.2717, 1.0118 0.0354 0.2717, 0.9528 0.0381 0.2717, 1.0118 0.0381 0.2717, 0.9528 0.0157 0.2658, 1.0118 0.0157 0.2658, 1.0118 0.0219 0.2689, 0.9528 0.0219 0.2689, 1.0118 0.0286 0.2709, 0.9528 0.0286 0.2709
            ]
        }
        coordIndex [
            0,1,2,-1,2,1,3,-1,4,5,6,-1,4,6,7,-1,7,6,8,-1,7,8,9,-1,9,8,1,-1,9,1,0,-1,
        ]
    }
}
Shape{
    appearance Appearance {
        material  Material 	{
            diffuseColor 0.7529411764705882 0.7529411764705882 0.7529411764705882
            specularColor 0.3764705882352941 0.3764705882352941 0.3764705882352941
            ambientIntensity 0.7529
            transparency 0.0
            shininess 0.5
        }
    }
    geometry IndexedFaceSet {
        ccw TRUE
        solid FALSE
        coord DEF co Coordinate {
            point [
                0.9528 -0.0165 0.246, 1.0118 -0.0165 0.246, 0.9528 0.0157 0.2658, 1.0118 0.0157 0.2658, 0.9528 -0.0371 0.2402, 1.0118 -0.0371 0.2402, 0.9528 -0.0299 0.2408, 1.0118 -0.0299 0.2408, 0.9528 -0.023 0.2428, 1.0118 -0.023 0.2428, 0.9528 -0.0402 0.2402, 1.0118 -0.0402 0.2402, 0.9528 -0.0585 0.2525, 1.0118 -0.0585 0.2525, 0.9528 -0.0562 0.2484, 1.0118 -0.0562 0.2484, 0.9528 -0.0531 0.245, 1.0118 -0.0531 0.245, 0.9528 -0.0492 0.2424, 1.0118 -0.0492 0.2424, 0.9528 -0.0448 0.2407, 1.0118 -0.0448 0.2407, 0.9528 -0.0801 0.3065, 1.0118 -0.0801 0.3065, 0.9528 -0.0984 0.3189, 1.0118 -0.0984 0.3189, 1.0118 -0.0937 0.3184, 0.9528 -0.0937 0.3184, 1.0118 -0.0893 0.3167, 0.9528 -0.0893 0.3167, 1.0118 -0.0855 0.3141, 0.9528 -0.0855 0.3141, 1.0118 -0.0823 0.3106, 0.9528 -0.0823 0.3106, 0.9528 -0.1323 0.3189, 1.0118 -0.1323 0.3189
            ]
        }
        coordIndex [
            0,1,2,-1,2,1,3,-1,4,5,6,-1,6,5,7,-1,6,7,8,-1,8,7,9,-1,8,9,0,-1,0,9,1,-1,10,11,4,-1,4,11,5,-1,12,13,14,-1,14,13,15,-1,14,15,16,-1,16,15,17,-1,16,17,18,-1,18,17,19,-1,18,19,20,-1,20,19,21,-1,20,21,10,-1,10,21,11,-1,22,23,12,-1,12,23,13,-1,24,25,26,-1,24,26,27,-1,27,26,28,-1,27,28,29,-1,29,28,30,-1,29,30,31,-1,31,30,32,-1,31,32,33,-1,33,32,23,-1,33,23,22,-1,34,35,24,-1,24,35,25,-1,
        ]
    }
}
Shape{
    appearance Appearance {
        material  Material 	{
            diffuseColor 1.0 1.0 1.0
            specularColor 0.5019607843137255 0.5019607843137255 0.5019607843137255
            ambientIntensity 1.0
            transparency 0.0
            shininess 0.5
        }
    }
    geometry IndexedFaceSet {
        ccw TRUE
        solid FALSE
        coord DEF co Coordinate {
            point [
                1.0827 -0.5024 0.0512, 1.0276 -0.5024 0.0512, 1.0827 0.4779 0.0512, 1.0276 0.4976 0.0512, 1.063 0.4976 0.0512, 1.0157 0.4976 0.063, 1.0157 0.1492 0.063, 1.0157 -0.5024 0.063, 1.0118 0.1492 0.063, 1.0118 -0.5024 0.063
            ]
        }
        coordIndex [
            0,1,2,-1,2,1,3,-1,2,3,4,-1,5,3,6,-1,6,3,1,-1,6,1,7,-1,6,7,8,-1,8,7,9,-1,
        ]
    }
}
Shape{
    appearance Appearance {
        material  Material 	{
            diffuseColor 0.7529411764705882 0.7529411764705882 0.7529411764705882
            specularColor 0.3764705882352941 0.3764705882352941 0.3764705882352941
            ambientIntensity 0.7529
            transparency 0.0
            shininess 0.5
        }
    }
    geometry IndexedFaceSet {
        ccw TRUE
        solid FALSE
        coord DEF co Coordinate {
            point [
                1.0118 0.4307 0.0949, 1.0118 0.4303 0.0917, 1.0118 0.4819 0.024, 1.0118 0.4307 0.1844, 1.0118 0.4898 0.024, 1.0118 0.4898 0.1575, 1.0118 -0.5024 0.1024, 1.0118 -0.5417 0.1024, 1.0118 -0.5024 0.063, 1.0118 -0.5417 0.0236, 1.0118 0.1492 0.063, 1.0118 0.2457 0.0236, 1.0118 0.4622 0.0004, 1.0118 0.2654 0.0, 1.0118 0.509 0.1712, 1.0118 0.4643 0.2109, 1.0118 0.5125 0.1744, 1.0118 0.4603 0.2077, 1.0118 0.4555 0.2056, 1.0118 0.4504 0.2047, 1.0118 0.429 0.0888, 1.0118 0.4271 0.0863, 1.0118 0.4246 0.0843, 1.0118 0.5173 0.2441, 1.0118 0.4701 0.2441, 1.0118 0.5173 0.2434, 1.0118 0.4701 0.225, 1.0118 0.5173 0.1875, 1.0118 0.4694 0.2199, 1.0118 0.4675 0.2151, 1.0118 0.5168 0.1827, 1.0118 0.5151 0.1783, 1.0118 0.1492 0.0827, 1.0118 0.4185 0.0827, 1.0118 0.4216 0.0831, 1.0118 0.4452 0.2039, 1.0118 0.4405 0.2018, 1.0118 0.4364 0.1986, 1.0118 0.4333 0.1944, 1.0118 0.4313 0.1896, 0.9528 -0.5024 0.1024, 0.9528 -0.5417 0.1024, 0.9528 0.4307 0.0949, 0.9528 0.4307 0.1844, 0.9528 0.4819 0.024, 0.9528 0.1492 0.0551, 0.9528 0.2457 0.0236, 0.9528 -0.5024 0.0551, 0.9528 -0.5417 0.0236, 0.9528 0.4898 0.024, 0.9528 0.4504 0.2047, 0.9528 0.4555 0.2056, 0.9528 0.4898 0.1575, 0.9528 0.4603 0.2077, 0.9528 0.509 0.1712, 0.9528 0.4643 0.2109, 0.9528 0.5125 0.1744, 0.9528 0.4622 0.0004, 0.9528 0.2654 0.0, 0.9528 0.4246 0.0843, 0.9528 0.4271 0.0863, 0.9528 0.4701 0.2441, 0.9528 0.5173 0.2441, 0.9528 0.4701 0.225, 0.9528 0.5173 0.2434, 0.9528 0.4694 0.2199, 0.9528 0.5173 0.1875, 0.9528 0.4675 0.2151, 0.9528 0.5168 0.1827, 0.9528 0.5151 0.1783, 0.9528 0.429 0.0888, 0.9528 0.4303 0.0917, 0.9528 0.4333 0.1944, 0.9528 0.4364 0.1986, 0.9528 0.4313 0.1896, 0.9528 0.4405 0.2018, 0.9528 0.4452 0.2039, 0.9528 0.1492 0.0827, 0.9528 0.4185 0.0827, 0.9528 0.4216 0.0831
            ]
        }
        coordIndex [
            0,1,2,-1,0,2,3,-1,3,2,4,-1,3,4,5,-1,6,7,8,-1,8,7,9,-1,8,9,10,-1,10,9,11,-1,10,11,12,-1,12,11,13,-1,5,14,15,-1,15,14,16,-1,15,17,5,-1,5,17,18,-1,5,18,19,-1,1,20,2,-1,2,20,21,-1,2,21,12,-1,12,21,22,-1,23,24,25,-1,25,24,26,-1,25,26,27,-1,26,28,27,-1,27,28,29,-1,27,29,30,-1,30,29,15,-1,30,15,31,-1,31,15,16,-1,32,10,33,-1,33,10,12,-1,33,12,34,-1,34,12,22,-1,19,35,5,-1,5,35,36,-1,5,36,37,-1,37,38,5,-1,5,38,39,-1,5,39,3,-1,40,41,6,-1,6,41,7,-1,42,43,44,-1,45,46,47,-1,47,46,48,-1,47,48,40,-1,40,48,41,-1,44,43,49,-1,50,51,52,-1,52,51,53,-1,52,53,54,-1,54,53,55,-1,54,55,56,-1,57,58,44,-1,44,58,46,-1,59,60,44,-1,61,62,63,-1,63,62,64,-1,63,64,65,-1,65,64,66,-1,65,66,67,-1,67,66,68,-1,67,68,55,-1,55,68,69,-1,55,69,56,-1,60,70,44,-1,44,70,71,-1,44,71,42,-1,72,73,52,-1,49,43,52,-1,52,43,74,-1,52,74,72,-1,73,75,52,-1,52,75,76,-1,52,76,50,-1,45,77,46,-1,46,77,78,-1,46,78,44,-1,44,78,79,-1,44,79,59,-1,
        ]
    }
}
Shape{
    appearance Appearance {
        material  Material 	{
            diffuseColor 1.0 1.0 1.0
            specularColor 0.5019607843137255 0.5019607843137255 0.5019607843137255
            ambientIntensity 1.0
            transparency 0.0
            shininess 0.5
        }
    }
    geometry IndexedFaceSet {
        ccw TRUE
        solid FALSE
        coord DEF co Coordinate {
            point [
                0.9488 0.037 0.2008, 0.8728 0.037 0.2008, 0.9488 -0.0417 0.2402, 0.8335 -0.0417 0.2402, 0.9488 -0.5024 0.0551, 0.9488 0.1492 0.0551, 0.9528 -0.5024 0.0551, 0.9528 0.1492 0.0551, 0.9488 0.4617 0.2323, 0.9488 0.4976 0.2244, 0.9488 0.4622 0.2366, 0.9488 0.4622 0.2598, 0.9488 0.4603 0.2281, 0.9488 0.458 0.2244, 0.9488 0.4976 0.0551, 0.9488 0.455 0.2213, 0.9488 0.4513 0.219, 0.9488 0.1492 0.0906, 0.9488 0.3992 0.0906, 0.9488 0.4228 0.1142, 0.9488 0.4228 0.2047, 0.9114 0.4976 0.2244, 0.9114 0.4976 0.014, 1.063 0.4976 0.2244, 1.0157 0.4976 0.2244, 1.0827 0.4779 0.2441, 1.0157 0.4622 0.2598, 0.8589 0.4583 0.2638, 1.0157 0.4583 0.2638, 1.0827 0.4583 0.2638
            ]
        }
        coordIndex [
            0,1,2,-1,2,1,3,-1,4,5,6,-1,6,5,7,-1,8,9,10,-1,10,9,11,-1,8,12,9,-1,9,12,13,-1,9,13,14,-1,14,13,15,-1,14,15,16,-1,17,5,18,-1,18,5,14,-1,18,14,19,-1,19,14,16,-1,19,16,20,-1,9,14,21,-1,21,14,22,-1,11,9,21,-1,23,24,25,-1,25,24,26,-1,21,27,11,-1,11,27,28,-1,11,28,26,-1,26,28,29,-1,26,29,25,-1,
        ]
    }
}
Shape{
    appearance Appearance {
        material  Material 	{
            diffuseColor 1.0 1.0 0.0
            specularColor 0.5019607843137255 0.5019607843137255 0.0
            ambientIntensity 0.886
            transparency 0.0
            shininess 0.5
        }
    }
    geometry IndexedFaceSet {
        ccw TRUE
        solid FALSE
        coord DEF co Coordinate {
            point [
                0.7244 0.295 0.0216, 0.6929 0.295 0.0216, 0.6929 0.2925 0.0185, 0.7244 0.2925 0.0185, 0.6929 0.2905 0.0151, 0.7244 0.2905 0.0151, 0.6929 0.2894 0.0113, 0.7244 0.2894 0.0113, 0.6929 0.289 0.0074, 0.7244 0.289 0.0074, 0.7244 0.289 0.0, 0.6929 0.289 0.0, 0.7244 0.4622 0.0, 0.6929 0.4622 0.0, 0.6929 0.4648 0.0003, 0.7244 0.4648 0.0003, 0.6929 0.4673 0.0012, 0.7244 0.4673 0.0012, 0.6929 0.4696 0.0026, 0.7244 0.4696 0.0026, 0.6929 0.4714 0.0044, 0.7244 0.4714 0.0044, 0.6929 0.4728 0.0067, 0.7244 0.4728 0.0067, 0.6929 0.4737 0.0092, 0.7244 0.4737 0.0092, 0.6929 0.474 0.0118, 0.7244 0.474 0.0118, 0.7244 0.474 0.0433, 0.6929 0.474 0.0433, 0.7244 0.4858 0.0433, 0.6929 0.4858 0.0433, 0.7244 0.4858 0.1024, 0.6929 0.4858 0.1024, 0.7244 0.474 0.1024, 0.6929 0.474 0.1024, 0.7244 0.3362 0.1102, 0.6929 0.3362 0.1102
            ]
        }
        coordIndex [
            0,1,2,-1,0,2,3,-1,3,2,4,-1,3,4,5,-1,5,4,6,-1,5,6,7,-1,7,6,8,-1,7,8,9,-1,9,8,10,-1,10,8,11,-1,10,11,12,-1,12,11,13,-1,12,13,14,-1,12,14,15,-1,15,14,16,-1,15,16,17,-1,17,16,18,-1,17,18,19,-1,19,18,20,-1,19,20,21,-1,21,20,22,-1,21,22,23,-1,23,22,24,-1,23,24,25,-1,25,24,26,-1,25,26,27,-1,27,26,28,-1,28,26,29,-1,28,29,30,-1,30,29,31,-1,30,31,32,-1,32,31,33,-1,32,33,34,-1,34,33,35,-1,34,35,36,-1,36,35,37,-1,
        ]
    }
}
Shape{
    appearance Appearance {
        material  Material 	{
            diffuseColor 0.25098039215686274 0.25098039215686274 0.25098039215686274
            specularColor 0.12549019607843137 0.12549019607843137 0.12549019607843137
            ambientIntensity 0.251
            transparency 0.0
            shininess 0.5
        }
    }
    geometry IndexedFaceSet {
        ccw TRUE
        solid FALSE
        coord DEF co Coordinate {
            point [
                0.8209 0.3559 0.2717, 0.8209 0.3559 0.2677, 0.937 0.3559 0.2717, 1.0157 0.3559 0.2677, 0.937 0.3559 0.2953, 1.0157 0.3559 0.2953
            ]
        }
        coordIndex [
            0,1,2,-1,2,1,3,-1,2,3,4,-1,4,3,5,-1,
        ]
    }
}
Shape{
    appearance Appearance {
        material  Material 	{
            diffuseColor 1.0 1.0 1.0
            specularColor 0.5019607843137255 0.5019607843137255 0.5019607843137255
            ambientIntensity 1.0
            transparency 0.0
            shininess 0.5
        }
    }
    geometry IndexedFaceSet {
        ccw TRUE
        solid FALSE
        coord DEF co Coordinate {
            point [
                1.0157 0.3795 0.2677, 0.872 0.3795 0.2677, 1.0157 0.3795 0.2638, 0.872 0.3795 0.1417, 1.0827 0.3795 0.2638, 1.0827 0.3795 0.1417, 0.9488 -0.0417 0.2402, 0.8335 -0.0417 0.2402, 0.9488 -0.1598 0.2402, 0.8335 -0.1598 0.2402
            ]
        }
        coordIndex [
            0,1,2,-1,2,1,3,-1,2,3,4,-1,4,3,5,-1,6,7,8,-1,8,7,9,-1,
        ]
    }
}
Shape{
    appearance Appearance {
        material  Material 	{
            diffuseColor 0.7529411764705882 0.7529411764705882 0.7529411764705882
            specularColor 0.3764705882352941 0.3764705882352941 0.3764705882352941
            ambientIntensity 0.7529
            transparency 0.0
            shininess 0.5
        }
    }
    geometry IndexedFaceSet {
        ccw TRUE
        solid FALSE
        coord DEF co Coordinate {
            point [
                0.9528 -0.1598 0.2795, 1.0118 -0.1598 0.2795, 0.9528 -0.1323 0.3189, 1.0118 -0.1323 0.3189
            ]
        }
        coordIndex [
            0,1,2,-1,2,1,3,-1,
        ]
    }
}
Shape{
    appearance Appearance {
        material  Material 	{
            diffuseColor 1.0 1.0 1.0
            specularColor 0.5019607843137255 0.5019607843137255 0.5019607843137255
            ambientIntensity 1.0
            transparency 0.0
            shininess 0.5
        }
    }
    geometry IndexedFaceSet {
        ccw TRUE
        solid FALSE
        coord DEF co Coordinate {
            point [
                1.0827 -0.0024 0.315, 1.0276 -0.0024 0.315, 1.0827 -0.1598 0.315, 1.0276 -0.1598 0.315, 0.872 0.3795 0.2677, 0.8327 0.4189 0.2677, 0.872 0.3795 0.1417, 0.8327 0.4189 0.122, 0.8917 0.3598 0.122, 1.0827 0.3598 0.122, 1.0827 0.3795 0.1417, 1.0827 -0.1598 0.3543, 1.0827 -0.5024 0.3543, 1.0827 0.037 0.122, 1.0827 -0.5024 0.0512, 1.0827 0.4779 0.0512, 1.0827 0.4583 0.2638, 1.0827 0.3795 0.2638, 1.0827 0.4779 0.2441, 1.0827 0.037 0.2756, 1.0472 0.037 0.122, 1.0472 0.037 0.2756, 1.0276 0.0173 0.122, 1.0276 0.0173 0.2953, 1.0276 -0.1598 0.122
            ]
        }
        coordIndex [
            0,1,2,-1,2,1,3,-1,4,5,6,-1,6,5,7,-1,6,7,8,-1,9,10,8,-1,8,10,6,-1,2,11,12,-1,13,14,15,-1,16,17,18,-1,18,17,10,-1,18,10,15,-1,15,10,9,-1,15,9,13,-1,19,0,13,-1,13,0,2,-1,13,2,14,-1,14,2,12,-1,13,20,19,-1,19,20,21,-1,22,23,20,-1,20,23,21,-1,23,22,1,-1,1,22,24,-1,1,24,3,-1,
        ]
    }
}
Shape{
    appearance Appearance {
        material  Material 	{
            diffuseColor 0.7529411764705882 0.7529411764705882 0.7529411764705882
            specularColor 0.3764705882352941 0.3764705882352941 0.3764705882352941
            ambientIntensity 0.7529
            transparency 0.0
            shininess 0.5
        }
    }
    geometry IndexedFaceSet {
        ccw TRUE
        solid FALSE
        coord DEF co Coordinate {
            point [
                1.0118 -0.0492 0.2424, 1.0118 -0.0531 0.245, 1.0118 -0.1598 0.122, 1.0118 -0.0562 0.2484, 1.0118 -0.0585 0.2525, 1.0118 0.0286 0.2709, 1.0118 0.0219 0.2689, 1.0118 0.0757 0.2185, 1.0118 0.0157 0.2658, 1.0118 0.0728 0.2145, 1.0118 -0.0165 0.246, 1.0118 0.0711 0.21, 1.0118 0.0995 0.2831, 1.0118 0.1114 0.2414, 1.0118 0.1037 0.2835, 1.0118 0.1224 0.2614, 1.0118 0.1284 0.2835, 1.0118 -0.1323 0.3189, 1.0118 -0.1598 0.2795, 1.0118 -0.0984 0.3189, 1.0118 -0.023 0.2428, 1.0118 -0.0299 0.2408, 1.0118 -0.0371 0.2402, 1.0118 0.0955 0.2817, 1.0118 0.0919 0.2796, 1.0118 0.0961 0.2244, 1.0118 0.0846 0.2753, 1.0118 0.0834 0.2244, 1.0118 0.0766 0.2726, 1.0118 0.0682 0.2717, 1.0118 0.0794 0.2217, 1.0118 0.0381 0.2717, 1.0118 0.0354 0.2717, 1.0118 -0.0402 0.2402, 1.0118 -0.0448 0.2407, 1.0118 0.0705 0.2051, 1.0118 0.0705 0.1221, 1.0118 0.0705 0.122, 1.0118 -0.0801 0.3065, 1.0118 -0.0823 0.3106, 1.0118 -0.0855 0.3141, 1.0118 -0.0893 0.3167, 1.0118 -0.0937 0.3184
            ]
        }
        coordIndex [
            0,1,2,-1,2,1,3,-1,2,3,4,-1,5,6,7,-1,7,6,8,-1,7,8,9,-1,9,8,10,-1,9,10,11,-1,12,13,14,-1,14,13,15,-1,14,15,16,-1,17,18,19,-1,19,18,2,-1,10,20,11,-1,11,20,21,-1,11,21,22,-1,12,23,13,-1,13,23,24,-1,13,24,25,-1,25,24,26,-1,25,26,27,-1,26,28,27,-1,27,28,29,-1,27,29,30,-1,30,29,31,-1,30,31,7,-1,7,31,32,-1,7,32,5,-1,22,33,11,-1,11,33,34,-1,11,34,35,-1,35,34,36,-1,0,2,34,-1,34,2,37,-1,34,37,36,-1,4,38,2,-1,2,38,39,-1,2,39,40,-1,40,41,2,-1,2,41,42,-1,2,42,19,-1,
        ]
    }
}
Shape{
    appearance Appearance {
        material  Material 	{
            diffuseColor 1.0 1.0 1.0
            specularColor 0.5019607843137255 0.5019607843137255 0.5019607843137255
            ambientIntensity 1.0
            transparency 0.0
            shininess 0.5
        }
    }
    geometry IndexedFaceSet {
        ccw TRUE
        solid FALSE
        coord DEF co Coordinate {
            point [
                0.9528 0.0705 0.1221, 1.0118 0.0705 0.1221, 0.9528 0.0705 0.122, 1.0118 0.0705 0.122
            ]
        }
        coordIndex [
            0,1,2,-1,2,1,3,-1,
        ]
    }
}
Shape{
    appearance Appearance {
        material  Material 	{
            diffuseColor 0.7529411764705882 0.7529411764705882 0.7529411764705882
            specularColor 0.3764705882352941 0.3764705882352941 0.3764705882352941
            ambientIntensity 0.7529
            transparency 0.0
            shininess 0.5
        }
    }
    geometry IndexedFaceSet {
        ccw TRUE
        solid FALSE
        coord DEF co Coordinate {
            point [
                0.9528 0.0955 0.2817, 0.9528 0.0995 0.2831, 0.9528 0.1114 0.2414, 0.9528 0.1037 0.2835, 0.9528 0.1224 0.2614, 0.9528 0.1284 0.2835, 0.9528 0.0834 0.2244, 0.9528 0.0766 0.2726, 0.9528 0.0961 0.2244, 0.9528 0.0846 0.2753, 0.9528 0.0919 0.2796, 0.9528 0.0219 0.2689, 0.9528 0.0757 0.2185, 0.9528 0.0157 0.2658, 0.9528 0.0728 0.2145, 0.9528 0.0711 0.21, 0.9528 -0.0402 0.2402, 0.9528 -0.0371 0.2402, 0.9528 -0.0299 0.2408, 0.9528 -0.023 0.2428, 0.9528 -0.0165 0.246, 0.9528 -0.0823 0.3106, 0.9528 -0.0801 0.3065, 0.9528 -0.1598 0.122, 0.9528 -0.0585 0.2525, 0.9528 -0.0562 0.2484, 0.9528 0.0286 0.2709, 0.9528 0.0354 0.2717, 0.9528 0.0794 0.2217, 0.9528 0.0381 0.2717, 0.9528 0.0682 0.2717, 0.9528 -0.0531 0.245, 0.9528 -0.0492 0.2424, 0.9528 -0.0448 0.2407, 0.9528 -0.1598 0.2795, 0.9528 -0.1323 0.3189, 0.9528 -0.0984 0.3189, 0.9528 -0.0937 0.3184, 0.9528 0.0705 0.2051, 0.9528 0.0705 0.1221, 0.9528 0.0705 0.122, 0.9528 -0.0893 0.3167, 0.9528 -0.0855 0.3141
            ]
        }
        coordIndex [
            0,1,2,-1,2,1,3,-1,2,3,4,-1,4,3,5,-1,6,7,8,-1,8,7,9,-1,8,9,2,-1,2,9,10,-1,2,10,0,-1,11,12,13,-1,13,12,14,-1,15,16,17,-1,17,18,15,-1,15,18,19,-1,15,19,14,-1,14,19,20,-1,14,20,13,-1,21,22,23,-1,23,22,24,-1,23,24,25,-1,11,26,12,-1,12,26,27,-1,12,27,28,-1,28,27,29,-1,28,29,6,-1,6,29,30,-1,6,30,7,-1,25,31,23,-1,23,31,32,-1,23,32,33,-1,34,35,23,-1,23,35,36,-1,23,36,37,-1,16,15,33,-1,33,15,38,-1,33,38,23,-1,23,38,39,-1,23,39,40,-1,37,41,23,-1,23,41,42,-1,23,42,21,-1,
        ]
    }
}
Shape{
    appearance Appearance {
        material  Material 	{
            diffuseColor 1.0 1.0 1.0
            specularColor 0.5019607843137255 0.5019607843137255 0.5019607843137255
            ambientIntensity 1.0
            transparency 0.0
            shininess 0.5
        }
    }
    geometry IndexedFaceSet {
        ccw TRUE
        solid FALSE
        coord DEF co Coordinate {
            point [
                0.9488 -0.1598 0.2402, 0.9488 -0.1598 0.122, 0.9488 -0.0417 0.2402, 0.9488 0.037 0.122, 0.9488 0.037 0.2008, 0.8728 0.037 0.2008, 0.8728 0.037 0.122, 1.063 -0.1598 0.374, 1.063 -0.5024 0.374, 1.0827 -0.1598 0.3543, 1.0827 -0.5024 0.3543, 0.9488 -0.5024 0.0551, 0.9528 -0.5024 0.0551, 0.9528 -0.5024 0.1024, 1.0118 -0.5024 0.1024, 1.0118 -0.5024 0.063, 1.0157 -0.5024 0.063, 1.0276 -0.5024 0.0512, 1.0827 -0.5024 0.0512, 0.9488 -0.5024 0.374, 0.8335 -0.0417 0.2402, 0.8335 -0.0417 0.1417, 0.8335 -0.1598 0.2402, 0.8335 -0.1598 0.1417, 0.9488 -0.5417 0.374, 0.9488 -0.5417 0.0551
            ]
        }
        coordIndex [
            0,1,2,-1,2,1,3,-1,2,3,4,-1,4,3,5,-1,5,3,6,-1,7,8,9,-1,9,8,10,-1,11,12,13,-1,14,15,16,-1,17,18,16,-1,16,18,10,-1,16,10,14,-1,14,10,8,-1,14,8,13,-1,13,8,19,-1,13,19,11,-1,20,21,22,-1,22,21,23,-1,19,24,11,-1,11,24,25,-1,
        ]
    }
}
Shape{
    appearance Appearance {
        material  Material 	{
            diffuseColor 1.0 1.0 0.0
            specularColor 0.5019607843137255 0.5019607843137255 0.0
            ambientIntensity 0.886
            transparency 0.0
            shininess 0.5
        }
    }
    geometry IndexedFaceSet {
        ccw TRUE
        solid FALSE
        coord DEF co Coordinate {
            point [
                0.6929 0.3362 0.1102, 0.6929 0.3165 0.1102, 0.7244 0.3362 0.1102, 0.7244 0.3165 0.1102
            ]
        }
        coordIndex [
            0,1,2,-1,2,1,3,-1,
        ]
    }
}
Shape{
    appearance Appearance {
        material  Material 	{
            diffuseColor 1.0 1.0 1.0
            specularColor 0.5019607843137255 0.5019607843137255 0.5019607843137255
            ambientIntensity 1.0
            transparency 0.0
            shininess 0.5
        }
    }
    geometry IndexedFaceSet {
        ccw TRUE
        solid FALSE
        coord DEF co Coordinate {
            point [
                0.8728 0.037 0.2008, 0.8728 0.037 0.122, 0.8335 -0.0417 0.2402, 0.8335 -0.0417 0.1417, 0.9114 0.4976 0.014, 0.9488 0.4976 0.0551, 0.9094 0.4962 0.0118, 0.9488 0.1492 0.0551, 0.9094 -0.5417 0.0118, 0.9488 -0.5024 0.0551, 0.9488 -0.5417 0.0551, 0.8327 0.4386 0.2677, 0.8589 0.4583 0.2677, 0.8589 0.4583 0.2638, 0.8327 0.4386 0.0118, 0.9114 0.4976 0.2244, 0.8327 0.4189 0.2677, 0.8327 0.4189 0.122, 0.8327 0.3559 0.122, 0.8327 0.3559 0.0118, 0.8327 0.3165 0.0325, 0.7933 0.3165 0.0325, 0.8327 0.3165 0.0118, 0.7933 0.3165 0.0118, 0.7839 0.3071 0.0307, 0.7844 0.3076 0.0308, 0.7859 0.3091 0.0314, 0.7875 0.3108 0.0321, 0.7883 0.3117 0.0328, 0.79 0.3134 0.0342, 0.7904 0.3138 0.0348, 0.7916 0.315 0.0363, 0.792 0.3154 0.0372, 0.7926 0.3159 0.0384, 0.793 0.3163 0.04, 0.7932 0.3164 0.0405, 0.7933 0.3165 0.0421, 0.7933 0.3165 0.122, 0.7244 0.3071 0.0307, 0.7244 0.3092 0.0313, 0.7244 0.3117 0.0327, 0.7244 0.3139 0.0347, 0.7244 0.3154 0.0372, 0.7244 0.3163 0.04, 0.7244 0.3165 0.0421
            ]
        }
        coordIndex [
            0,1,2,-1,2,1,3,-1,4,5,6,-1,6,5,7,-1,6,7,8,-1,8,7,9,-1,8,9,10,-1,11,12,13,-1,11,13,14,-1,15,4,13,-1,13,4,6,-1,13,6,14,-1,16,11,17,-1,17,11,14,-1,17,14,18,-1,18,14,19,-1,20,21,22,-1,22,21,23,-1,19,23,18,-1,18,23,21,-1,24,25,21,-1,21,25,26,-1,21,26,27,-1,27,28,21,-1,21,28,29,-1,21,29,30,-1,30,31,21,-1,21,31,32,-1,21,32,33,-1,33,34,21,-1,21,34,35,-1,21,35,18,-1,18,35,36,-1,18,36,37,-1,24,38,25,-1,25,38,39,-1,25,39,26,-1,26,39,27,-1,27,39,40,-1,27,40,28,-1,28,40,29,-1,29,40,41,-1,29,41,30,-1,30,41,31,-1,31,41,42,-1,31,42,32,-1,32,42,33,-1,33,42,43,-1,33,43,34,-1,34,43,35,-1,35,43,44,-1,35,44,36,-1,
        ]
    }
}
Shape{
    appearance Appearance {
        material  Material 	{
            diffuseColor 1.0 1.0 0.0
            specularColor 0.5019607843137255 0.5019607843137255 0.0
            ambientIntensity 0.886
            transparency 0.0
            shininess 0.5
        }
    }
    geometry IndexedFaceSet {
        ccw TRUE
        solid FALSE
        coord DEF co Coordinate {
            point [
                0.7244 0.3139 0.0347, 0.7244 0.3117 0.0327, 0.7244 0.4622 0.0, 0.7244 0.4858 0.0433, 0.7244 0.4858 0.1024, 0.7244 0.474 0.0433, 0.7244 0.474 0.1024, 0.7244 0.3362 0.1102, 0.7244 0.289 0.0, 0.7244 0.3165 0.1102, 0.7244 0.3165 0.0421, 0.7244 0.474 0.0118, 0.7244 0.3163 0.04, 0.7244 0.4737 0.0092, 0.7244 0.3154 0.0372, 0.7244 0.4714 0.0044, 0.7244 0.4648 0.0003, 0.7244 0.4696 0.0026, 0.7244 0.4673 0.0012, 0.7244 0.4728 0.0067, 0.7244 0.3092 0.0313, 0.7244 0.3071 0.0307, 0.7244 0.289 0.0074, 0.7244 0.3039 0.0301, 0.7244 0.295 0.0216, 0.7244 0.2925 0.0185, 0.7244 0.2905 0.0151, 0.7244 0.2894 0.0113
            ]
        }
        coordIndex [
            0,1,2,-1,3,4,5,-1,5,4,6,-1,5,6,7,-1,2,1,8,-1,7,9,5,-1,5,9,10,-1,5,10,11,-1,11,10,12,-1,11,12,13,-1,13,12,14,-1,15,16,17,-1,17,16,18,-1,15,19,16,-1,16,19,13,-1,16,13,2,-1,2,13,14,-1,2,14,0,-1,1,20,8,-1,8,20,21,-1,8,21,22,-1,22,21,23,-1,22,23,24,-1,24,25,22,-1,22,25,26,-1,22,26,27,-1,
        ]
    }
}
Shape{
    appearance Appearance {
        material  Material 	{
            diffuseColor 1.0 1.0 1.0
            specularColor 0.5019607843137255 0.5019607843137255 0.5019607843137255
            ambientIntensity 1.0
            transparency 0.0
            shininess 0.5
        }
    }
    geometry IndexedFaceSet {
        ccw TRUE
        solid FALSE
        coord DEF co Coordinate {
            point [
                0.7244 0.295 0.0216, 0.7244 0.3039 0.0301, 0.6929 0.295 0.0216, 0.6929 0.3039 0.0301, 0.8327 0.3165 0.0325, 0.8327 0.3165 0.0118, 0.8327 0.2299 0.0157, 0.8327 0.2299 0.0118
            ]
        }
        coordIndex [
            0,1,2,-1,2,1,3,-1,4,5,6,-1,6,5,7,-1,
        ]
    }
}
Shape{
    appearance Appearance {
        material  Material 	{
            diffuseColor 1.0 1.0 0.0
            specularColor 0.5019607843137255 0.5019607843137255 0.0
            ambientIntensity 0.886
            transparency 0.0
            shininess 0.5
        }
    }
    geometry IndexedFaceSet {
        ccw TRUE
        solid FALSE
        coord DEF co Coordinate {
            point [
                0.6929 0.4858 0.1024, 0.6929 0.4858 0.0433, 0.6929 0.474 0.1024, 0.6929 0.474 0.0433, 0.6929 0.3362 0.1102, 0.6929 0.289 0.0, 0.6929 0.3071 0.0307, 0.6929 0.4622 0.0, 0.6929 0.3097 0.0315, 0.6929 0.312 0.0329, 0.6929 0.289 0.0074, 0.6929 0.295 0.0216, 0.6929 0.3039 0.0301, 0.6929 0.3139 0.0347, 0.6929 0.3153 0.037, 0.6929 0.4648 0.0003, 0.6929 0.3162 0.0395, 0.6929 0.4673 0.0012, 0.6929 0.4696 0.0026, 0.6929 0.2894 0.0113, 0.6929 0.2905 0.0151, 0.6929 0.2925 0.0185, 0.6929 0.3165 0.1102, 0.6929 0.3165 0.0421, 0.6929 0.474 0.0118, 0.6929 0.4737 0.0092, 0.6929 0.4728 0.0067, 0.6929 0.4714 0.0044
            ]
        }
        coordIndex [
            0,1,2,-1,2,1,3,-1,2,3,4,-1,5,6,7,-1,7,6,8,-1,7,8,9,-1,5,10,6,-1,6,10,11,-1,6,11,12,-1,9,13,7,-1,7,13,14,-1,7,14,15,-1,15,14,16,-1,15,16,17,-1,17,16,18,-1,19,20,10,-1,10,20,21,-1,10,21,11,-1,22,4,23,-1,23,4,3,-1,23,3,16,-1,16,3,24,-1,16,24,25,-1,25,26,16,-1,16,26,27,-1,16,27,18,-1,
        ]
    }
}
Shape{
    appearance Appearance {
        material  Material 	{
            diffuseColor 1.0 1.0 1.0
            specularColor 0.5019607843137255 0.5019607843137255 0.5019607843137255
            ambientIntensity 1.0
            transparency 0.0
            shininess 0.5
        }
    }
    geometry IndexedFaceSet {
        ccw TRUE
        solid FALSE
        coord DEF co Coordinate {
            point [
                0.6929 0.3071 0.0307, 0.4882 0.3071 0.0307, 0.4882 0.3097 0.0315, 0.6929 0.3097 0.0315, 0.4882 0.312 0.0329, 0.6929 0.312 0.0329, 0.4882 0.3139 0.0347, 0.6929 0.3139 0.0347, 0.4882 0.3153 0.037, 0.6929 0.3153 0.037, 0.4882 0.3162 0.0395, 0.6929 0.3162 0.0395, 0.4882 0.3165 0.0421, 0.6929 0.3165 0.0421, 0.8327 -0.3961 0.1024, 0.8327 -0.3961 0.0118, 0.8327 -0.5417 0.1024, 0.8327 -0.5417 0.0118, 0.6102 -0.3961 0.1024, 0.6102 -0.5417 0.1024
            ]
        }
        coordIndex [
            0,1,2,-1,0,2,3,-1,3,2,4,-1,3,4,5,-1,5,4,6,-1,5,6,7,-1,7,6,8,-1,7,8,9,-1,9,8,10,-1,9,10,11,-1,11,10,12,-1,11,12,13,-1,14,15,16,-1,16,15,17,-1,18,14,19,-1,19,14,16,-1,
        ]
    }
}
Shape{
    appearance Appearance {
        material  Material 	{
            diffuseColor 0.25098039215686274 0.25098039215686274 0.25098039215686274
            specularColor 0.12549019607843137 0.12549019607843137 0.12549019607843137
            ambientIntensity 0.251
            transparency 0.0
            shininess 0.5
        }
    }
    geometry IndexedFaceSet {
        ccw TRUE
        solid FALSE
        coord DEF co Coordinate {
            point [
                1.0157 0.4583 0.2638, 0.8589 0.4583 0.2638, 1.0157 0.4583 0.2677, 0.8589 0.4583 0.2677, 0.9961 0.4858 0.2677, 0.9961 0.4858 0.3701, 1.0157 0.4662 0.2677, 1.0157 0.4662 0.3701, 1.0157 0.3559 0.2677, 1.0157 0.3795 0.2677, 1.0157 0.3795 0.2638, 1.0157 -0.02 0.2758, 1.0157 -0.0159 0.2733, 1.0157 -0.0112 0.2719, 1.0157 0.0606 0.3701, 1.0157 0.0291 0.2717, 1.0157 0.036 0.2724, 1.0157 0.0534 0.2831, 1.0157 0.0572 0.2888, 1.0157 0.0596 0.2953, 1.0157 0.3559 0.2953, 1.0157 -0.0223 0.3166, 1.0157 -0.0252 0.3126, 1.0157 -0.0079 0.2717, 1.0157 -0.027 0.308, 1.0157 -0.0276 0.3031, 1.0157 -0.0185 0.3198, 1.0157 -0.0235 0.2792, 1.0157 0.0425 0.2746, 1.0157 0.0484 0.2782, 1.0157 -0.0276 0.2913, 1.0157 -0.0273 0.288, 1.0157 -0.026 0.2834, 0.937 -0.0185 0.3198, 0.937 0.0601 0.3695, 0.937 0.0606 0.3698, 0.937 -0.026 0.2835, 0.937 -0.0273 0.288, 0.937 -0.0276 0.2913, 0.937 -0.0276 0.3031, 0.937 -0.027 0.308, 0.937 -0.0252 0.3126, 0.937 -0.0223 0.3166, 0.8209 -0.026 0.2834, 0.8209 -0.026 0.2834, 0.8209 -0.0235 0.2792, 0.8209 -0.02 0.2758, 0.8209 -0.0159 0.2733, 0.8209 -0.0112 0.2719, 0.8209 -0.0079 0.2717, 0.8209 -0.052 0.2575, 0.8209 0.3874 0.2087, 0.8209 0.4062 0.2677, 0.8209 0.3559 0.2677, 0.8209 -0.0693 0.2087, 0.8209 -0.0693 0.2157, 0.8209 0.3559 0.2717, 0.8209 -0.0593 0.2485, 0.8209 -0.0648 0.2383, 0.8209 -0.0681 0.2272
            ]
        }
        coordIndex [
            0,1,2,-1,2,1,3,-1,4,5,6,-1,6,5,7,-1,8,9,7,-1,6,7,2,-1,2,7,9,-1,2,9,0,-1,0,9,10,-1,11,12,13,-1,14,15,16,-1,17,18,14,-1,14,18,19,-1,14,19,7,-1,7,19,20,-1,7,20,8,-1,21,22,23,-1,23,22,24,-1,23,24,25,-1,15,14,23,-1,23,14,26,-1,23,26,21,-1,11,13,27,-1,16,28,14,-1,14,28,29,-1,14,29,17,-1,25,30,23,-1,23,30,31,-1,23,31,13,-1,13,31,32,-1,13,32,27,-1,33,26,34,-1,34,26,14,-1,34,14,35,-1,36,37,34,-1,34,37,38,-1,34,38,33,-1,33,38,39,-1,39,40,33,-1,33,40,41,-1,33,41,42,-1,36,43,44,-1,37,36,32,-1,32,31,37,-1,37,31,30,-1,37,30,38,-1,36,44,32,-1,32,44,45,-1,32,45,27,-1,27,45,46,-1,27,46,11,-1,11,46,47,-1,11,47,12,-1,12,47,48,-1,12,48,13,-1,13,48,49,-1,13,49,23,-1,44,43,50,-1,51,52,53,-1,49,48,54,-1,54,48,47,-1,54,47,55,-1,55,47,46,-1,51,53,54,-1,54,53,56,-1,54,56,49,-1,57,58,46,-1,46,58,59,-1,46,59,55,-1,57,46,50,-1,50,46,45,-1,50,45,44,-1,
        ]
    }
}
Shape{
    appearance Appearance {
        material  Material 	{
            diffuseColor 1.0 1.0 1.0
            specularColor 0.5019607843137255 0.5019607843137255 0.5019607843137255
            ambientIntensity 1.0
            transparency 0.0
            shininess 0.5
        }
    }
    geometry IndexedFaceSet {
        ccw TRUE
        solid FALSE
        coord DEF co Coordinate {
            point [
                0.374 -0.3961 0.1024, 0.5709 -0.3961 0.1024, 0.374 -0.5417 0.1024, 0.5709 -0.5417 0.1024
            ]
        }
        coordIndex [
            0,1,2,-1,2,1,3,-1,
        ]
    }
}
Shape{
    appearance Appearance {
        material  Material 	{
            diffuseColor 1.0 1.0 0.0
            specularColor 0.5019607843137255 0.5019607843137255 0.0
            ambientIntensity 0.886
            transparency 0.0
            shininess 0.5
        }
    }
    geometry IndexedFaceSet {
        ccw TRUE
        solid FALSE
        coord DEF co Coordinate {
            point [
                0.6102 -0.5417 0.1181, 0.6102 -0.5811 0.1181, 0.6102 -0.5417 0.1024, 0.6102 -0.5811 0.0118, 0.6102 -0.4158 0.0315, 0.6102 -0.3961 0.0315, 0.6102 -0.463 0.063, 0.6102 -0.3961 0.1024, 0.6102 -0.4709 0.063, 0.6102 -0.4739 0.0626, 0.6102 -0.4768 0.0614, 0.6102 -0.4823 0.0542, 0.6102 -0.4811 0.0571, 0.6102 -0.4792 0.0595, 0.6102 -0.5795 0.0059, 0.6102 -0.5776 0.0035, 0.6102 -0.5693 0.0, 0.6102 -0.5752 0.0016, 0.6102 -0.5724 0.0004, 0.6102 -0.4831 0.0088, 0.6102 -0.4827 0.0118, 0.6102 -0.4945 0.0, 0.6102 -0.4827 0.0512, 0.6102 -0.5807 0.0088, 0.6102 -0.4914 0.0004, 0.6102 -0.4886 0.0016, 0.6102 -0.4861 0.0035, 0.6102 -0.4843 0.0059, 0.5709 -0.5811 0.1181, 0.5709 -0.5417 0.1181, 0.5709 -0.5811 0.0118, 0.5709 -0.5417 0.1024, 0.5709 -0.3961 0.0315, 0.5709 -0.4158 0.0315, 0.5709 -0.3961 0.1024, 0.5709 -0.463 0.063, 0.5709 -0.4709 0.063, 0.5709 -0.4739 0.0626, 0.5709 -0.4768 0.0614, 0.5709 -0.4792 0.0595, 0.5709 -0.4831 0.0088, 0.5709 -0.4843 0.0059, 0.5709 -0.4945 0.0, 0.5709 -0.5724 0.0004, 0.5709 -0.5807 0.0088, 0.5709 -0.5693 0.0, 0.5709 -0.5752 0.0016, 0.5709 -0.5776 0.0035, 0.5709 -0.5795 0.0059, 0.5709 -0.4811 0.0571, 0.5709 -0.4823 0.0542, 0.5709 -0.4827 0.0512, 0.5709 -0.4827 0.0118, 0.5709 -0.4861 0.0035, 0.5709 -0.4886 0.0016, 0.5709 -0.4914 0.0004
            ]
        }
        coordIndex [
            0,1,2,-1,2,1,3,-1,4,5,6,-1,6,5,7,-1,6,7,8,-1,8,7,2,-1,8,2,9,-1,9,2,10,-1,11,12,2,-1,2,12,13,-1,2,13,10,-1,14,15,16,-1,16,15,17,-1,16,17,18,-1,19,20,21,-1,21,20,22,-1,21,22,16,-1,11,2,22,-1,22,2,3,-1,22,3,16,-1,16,3,23,-1,16,23,14,-1,21,24,25,-1,25,26,21,-1,21,26,27,-1,21,27,19,-1,28,29,30,-1,30,29,31,-1,32,33,34,-1,34,33,35,-1,34,35,31,-1,31,35,36,-1,36,37,31,-1,31,37,38,-1,31,38,39,-1,40,41,42,-1,43,44,45,-1,45,44,30,-1,45,30,42,-1,43,46,44,-1,44,46,47,-1,44,47,48,-1,39,49,31,-1,31,49,50,-1,31,50,30,-1,30,50,51,-1,30,51,42,-1,42,51,52,-1,42,52,40,-1,41,53,42,-1,42,53,54,-1,42,54,55,-1,
        ]
    }
}
Shape{
    appearance Appearance {
        material  Material 	{
            diffuseColor 1.0 1.0 1.0
            specularColor 0.5019607843137255 0.5019607843137255 0.5019607843137255
            ambientIntensity 1.0
            transparency 0.0
            shininess 0.5
        }
    }
    geometry IndexedFaceSet {
        ccw TRUE
        solid FALSE
        coord DEF co Coordinate {
            point [
                0.4567 0.3071 0.0307, 0.252 0.3071 0.0307, 0.252 0.3097 0.0315, 0.4567 0.3097 0.0315, 0.252 0.312 0.0329, 0.4567 0.312 0.0329, 0.252 0.3139 0.0347, 0.4567 0.3139 0.0347, 0.252 0.3153 0.037, 0.4567 0.3153 0.037, 0.252 0.3162 0.0395, 0.4567 0.3162 0.0395, 0.252 0.3165 0.0421, 0.4567 0.3165 0.0421
            ]
        }
        coordIndex [
            0,1,2,-1,0,2,3,-1,3,2,4,-1,3,4,5,-1,5,4,6,-1,5,6,7,-1,7,6,8,-1,7,8,9,-1,9,8,10,-1,9,10,11,-1,11,10,12,-1,11,12,13,-1,
        ]
    }
}
Shape{
    appearance Appearance {
        material  Material 	{
            diffuseColor 1.0 1.0 0.0
            specularColor 0.5019607843137255 0.5019607843137255 0.0
            ambientIntensity 0.886
            transparency 0.0
            shininess 0.5
        }
    }
    geometry IndexedFaceSet {
        ccw TRUE
        solid FALSE
        coord DEF co Coordinate {
            point [
                0.4567 0.4858 0.1024, 0.4567 0.4858 0.0433, 0.4567 0.474 0.1024, 0.4567 0.474 0.0433, 0.4567 0.3362 0.1102, 0.4567 0.289 0.0, 0.4567 0.3071 0.0307, 0.4567 0.4622 0.0, 0.4567 0.3097 0.0315, 0.4567 0.312 0.0329, 0.4567 0.289 0.0074, 0.4567 0.295 0.0216, 0.4567 0.3039 0.0301, 0.4567 0.3139 0.0347, 0.4567 0.3153 0.037, 0.4567 0.4648 0.0003, 0.4567 0.3162 0.0395, 0.4567 0.4673 0.0012, 0.4567 0.4696 0.0026, 0.4567 0.2894 0.0113, 0.4567 0.2905 0.0151, 0.4567 0.2925 0.0185, 0.4567 0.3165 0.1102, 0.4567 0.3165 0.0421, 0.4567 0.474 0.0118, 0.4567 0.4737 0.0092, 0.4567 0.4728 0.0067, 0.4567 0.4714 0.0044, 0.4882 0.4858 0.0433, 0.4882 0.4858 0.1024, 0.4882 0.474 0.0433, 0.4882 0.474 0.1024, 0.4882 0.3362 0.1102, 0.4882 0.4648 0.0003, 0.4882 0.3162 0.0395, 0.4882 0.4622 0.0, 0.4882 0.3153 0.037, 0.4882 0.3139 0.0347, 0.4882 0.312 0.0329, 0.4882 0.3097 0.0315, 0.4882 0.289 0.0, 0.4882 0.3071 0.0307, 0.4882 0.289 0.0074, 0.4882 0.3039 0.0301, 0.4882 0.295 0.0216, 0.4882 0.4673 0.0012, 0.4882 0.4696 0.0026, 0.4882 0.4714 0.0044, 0.4882 0.3165 0.1102, 0.4882 0.3165 0.0421, 0.4882 0.474 0.0118, 0.4882 0.2925 0.0185, 0.4882 0.2905 0.0151, 0.4882 0.2894 0.0113, 0.4882 0.4728 0.0067, 0.4882 0.4737 0.0092, 0.6102 -0.4158 0.0315, 0.5709 -0.4158 0.0315, 0.6102 -0.3961 0.0315, 0.5709 -0.3961 0.0315
            ]
        }
        coordIndex [
            0,1,2,-1,2,1,3,-1,2,3,4,-1,5,6,7,-1,7,6,8,-1,7,8,9,-1,5,10,6,-1,6,10,11,-1,6,11,12,-1,9,13,7,-1,7,13,14,-1,7,14,15,-1,15,14,16,-1,15,16,17,-1,17,16,18,-1,19,20,10,-1,10,20,21,-1,10,21,11,-1,22,4,23,-1,23,4,3,-1,23,3,16,-1,16,3,24,-1,16,24,25,-1,25,26,16,-1,16,26,27,-1,16,27,18,-1,28,29,30,-1,30,29,31,-1,30,31,32,-1,33,34,35,-1,35,34,36,-1,35,36,37,-1,37,38,35,-1,35,38,39,-1,35,39,40,-1,40,39,41,-1,40,41,42,-1,42,41,43,-1,42,43,44,-1,33,45,34,-1,34,45,46,-1,34,46,47,-1,32,48,30,-1,30,48,49,-1,30,49,50,-1,50,49,34,-1,44,51,42,-1,42,51,52,-1,42,52,53,-1,47,54,34,-1,34,54,55,-1,34,55,50,-1,56,57,58,-1,58,57,59,-1,
        ]
    }
}
Shape{
    appearance Appearance {
        material  Material 	{
            diffuseColor 1.0 1.0 1.0
            specularColor 0.5019607843137255 0.5019607843137255 0.5019607843137255
            ambientIntensity 1.0
            transparency 0.0
            shininess 0.5
        }
    }
    geometry IndexedFaceSet {
        ccw TRUE
        solid FALSE
        coord DEF co Coordinate {
            point [
                0.4882 0.295 0.0216, 0.4882 0.3039 0.0301, 0.4567 0.295 0.0216, 0.4567 0.3039 0.0301
            ]
        }
        coordIndex [
            0,1,2,-1,2,1,3,-1,
        ]
    }
}
Shape{
    appearance Appearance {
        material  Material 	{
            diffuseColor 1.0 1.0 0.0
            specularColor 0.5019607843137255 0.5019607843137255 0.0
            ambientIntensity 0.886
            transparency 0.0
            shininess 0.5
        }
    }
    geometry IndexedFaceSet {
        ccw TRUE
        solid FALSE
        coord DEF co Coordinate {
            point [
                0.4567 0.3362 0.1102, 0.4567 0.3165 0.1102, 0.4882 0.3362 0.1102, 0.4882 0.3165 0.1102, 0.5709 -0.5811 0.1181, 0.6102 -0.5811 0.1181, 0.5709 -0.5417 0.1181, 0.6102 -0.5417 0.1181, 0.6102 -0.5811 0.0118, 0.5709 -0.5811 0.0118, 0.5709 -0.5807 0.0088, 0.6102 -0.5807 0.0088, 0.5709 -0.5795 0.0059, 0.6102 -0.5795 0.0059, 0.5709 -0.5776 0.0035, 0.6102 -0.5776 0.0035, 0.5709 -0.5752 0.0016, 0.6102 -0.5752 0.0016, 0.5709 -0.5724 0.0004, 0.6102 -0.5724 0.0004, 0.5709 -0.5693 0.0, 0.6102 -0.5693 0.0, 0.6102 -0.4945 0.0, 0.5709 -0.4945 0.0, 0.5709 -0.4914 0.0004, 0.6102 -0.4914 0.0004, 0.5709 -0.4886 0.0016, 0.6102 -0.4886 0.0016, 0.5709 -0.4861 0.0035, 0.6102 -0.4861 0.0035, 0.5709 -0.4843 0.0059, 0.6102 -0.4843 0.0059, 0.5709 -0.4831 0.0088, 0.6102 -0.4831 0.0088, 0.5709 -0.4827 0.0118, 0.6102 -0.4827 0.0118, 0.6102 -0.4827 0.0512, 0.5709 -0.4827 0.0512, 0.6102 -0.4823 0.0542, 0.5709 -0.4823 0.0542, 0.6102 -0.4811 0.0571, 0.5709 -0.4811 0.0571, 0.6102 -0.4792 0.0595, 0.5709 -0.4792 0.0595, 0.6102 -0.4768 0.0614, 0.5709 -0.4768 0.0614, 0.6102 -0.4739 0.0626, 0.5709 -0.4739 0.0626, 0.6102 -0.4709 0.063, 0.5709 -0.4709 0.063, 0.6102 -0.463 0.063, 0.5709 -0.463 0.063, 0.6102 -0.4158 0.0315, 0.5709 -0.4158 0.0315, 0.4882 0.474 0.1024, 0.4567 0.474 0.1024, 0.4882 0.4858 0.1024, 0.4567 0.4858 0.1024, 0.4882 0.4858 0.0433, 0.4567 0.4858 0.0433, 0.4882 0.474 0.0433, 0.4567 0.474 0.0433, 0.4882 0.474 0.0118, 0.4567 0.474 0.0118, 0.4882 0.4622 0.0, 0.4567 0.4622 0.0, 0.4567 0.4648 0.0003, 0.4882 0.4648 0.0003, 0.4567 0.4673 0.0012, 0.4882 0.4673 0.0012, 0.4567 0.4696 0.0026, 0.4882 0.4696 0.0026, 0.4567 0.4714 0.0044, 0.4882 0.4714 0.0044, 0.4567 0.4728 0.0067, 0.4882 0.4728 0.0067, 0.4567 0.4737 0.0092, 0.4882 0.4737 0.0092, 0.4882 0.289 0.0, 0.4567 0.289 0.0, 0.4882 0.289 0.0074, 0.4567 0.289 0.0074, 0.4882 0.295 0.0216, 0.4567 0.295 0.0216, 0.4567 0.2925 0.0185, 0.4882 0.2925 0.0185, 0.4567 0.2905 0.0151, 0.4882 0.2905 0.0151, 0.4567 0.2894 0.0113, 0.4882 0.2894 0.0113, 0.374 -0.5417 0.1181, 0.374 -0.5811 0.1181, 0.374 -0.5417 0.1024, 0.374 -0.5811 0.0118, 0.374 -0.4158 0.0315, 0.374 -0.3961 0.0315, 0.374 -0.463 0.063, 0.374 -0.3961 0.1024, 0.374 -0.4709 0.063, 0.374 -0.4739 0.0626, 0.374 -0.4768 0.0614, 0.374 -0.4823 0.0542, 0.374 -0.4811 0.0571, 0.374 -0.4792 0.0595, 0.374 -0.5795 0.0059, 0.374 -0.5776 0.0035, 0.374 -0.5693 0.0, 0.374 -0.5752 0.0016, 0.374 -0.5724 0.0004, 0.374 -0.4831 0.0088, 0.374 -0.4827 0.0118, 0.374 -0.4945 0.0, 0.374 -0.4827 0.0512, 0.374 -0.5807 0.0088, 0.374 -0.4914 0.0004, 0.374 -0.4886 0.0016, 0.374 -0.4861 0.0035, 0.374 -0.4843 0.0059, 0.3346 -0.5811 0.1181, 0.3346 -0.5417 0.1181, 0.3346 -0.5811 0.0118, 0.3346 -0.5417 0.1024, 0.3346 -0.3961 0.0315, 0.3346 -0.4158 0.0315, 0.3346 -0.3961 0.1024, 0.3346 -0.463 0.063, 0.3346 -0.4709 0.063, 0.3346 -0.4739 0.0626, 0.3346 -0.4768 0.0614, 0.3346 -0.4792 0.0595, 0.3346 -0.4831 0.0088, 0.3346 -0.4843 0.0059, 0.3346 -0.4945 0.0, 0.3346 -0.5724 0.0004, 0.3346 -0.5807 0.0088, 0.3346 -0.5693 0.0, 0.3346 -0.5752 0.0016, 0.3346 -0.5776 0.0035, 0.3346 -0.5795 0.0059, 0.3346 -0.4811 0.0571, 0.3346 -0.4823 0.0542, 0.3346 -0.4827 0.0512, 0.3346 -0.4827 0.0118, 0.3346 -0.4861 0.0035, 0.3346 -0.4886 0.0016, 0.3346 -0.4914 0.0004, 0.2205 0.4858 0.1024, 0.2205 0.4858 0.0433, 0.2205 0.474 0.1024, 0.2205 0.474 0.0433, 0.2205 0.3362 0.1102, 0.2205 0.289 0.0, 0.2205 0.3071 0.0307, 0.2205 0.4622 0.0, 0.2205 0.3097 0.0315, 0.2205 0.312 0.0329, 0.2205 0.289 0.0074, 0.2205 0.295 0.0216, 0.2205 0.3039 0.0301, 0.2205 0.3139 0.0347, 0.2205 0.3153 0.037, 0.2205 0.4648 0.0003, 0.2205 0.3162 0.0395, 0.2205 0.4673 0.0012, 0.2205 0.4696 0.0026, 0.2205 0.2894 0.0113, 0.2205 0.2905 0.0151, 0.2205 0.2925 0.0185, 0.2205 0.3165 0.1102, 0.2205 0.3165 0.0421, 0.2205 0.474 0.0118, 0.2205 0.4737 0.0092, 0.2205 0.4728 0.0067, 0.2205 0.4714 0.0044, 0.252 0.4858 0.0433, 0.252 0.4858 0.1024, 0.252 0.474 0.0433, 0.252 0.474 0.1024, 0.252 0.3362 0.1102, 0.252 0.4648 0.0003, 0.252 0.3162 0.0395, 0.252 0.4622 0.0, 0.252 0.3153 0.037, 0.252 0.3139 0.0347, 0.252 0.312 0.0329, 0.252 0.3097 0.0315, 0.252 0.289 0.0, 0.252 0.3071 0.0307, 0.252 0.289 0.0074, 0.252 0.3039 0.0301, 0.252 0.295 0.0216, 0.252 0.4673 0.0012, 0.252 0.4696 0.0026, 0.252 0.4714 0.0044, 0.252 0.3165 0.1102, 0.252 0.3165 0.0421, 0.252 0.474 0.0118, 0.252 0.2925 0.0185, 0.252 0.2905 0.0151, 0.252 0.2894 0.0113, 0.252 0.4728 0.0067, 0.252 0.4737 0.0092
            ]
        }
        coordIndex [
            0,1,2,-1,2,1,3,-1,4,5,6,-1,6,5,7,-1,5,4,8,-1,8,4,9,-1,8,9,10,-1,8,10,11,-1,11,10,12,-1,11,12,13,-1,13,12,14,-1,13,14,15,-1,15,14,16,-1,15,16,17,-1,17,16,18,-1,17,18,19,-1,19,18,20,-1,19,20,21,-1,21,20,22,-1,22,20,23,-1,22,23,24,-1,22,24,25,-1,25,24,26,-1,25,26,27,-1,27,26,28,-1,27,28,29,-1,29,28,30,-1,29,30,31,-1,31,30,32,-1,31,32,33,-1,33,32,34,-1,33,34,35,-1,35,34,36,-1,36,34,37,-1,36,37,38,-1,38,37,39,-1,38,39,40,-1,40,39,41,-1,40,41,42,-1,42,41,43,-1,42,43,44,-1,44,43,45,-1,44,45,46,-1,46,45,47,-1,46,47,48,-1,48,47,49,-1,48,49,50,-1,50,49,51,-1,50,51,52,-1,52,51,53,-1,54,55,2,-1,2,55,0,-1,56,57,54,-1,54,57,55,-1,58,59,56,-1,56,59,57,-1,60,61,58,-1,58,61,59,-1,62,63,60,-1,60,63,61,-1,64,65,66,-1,64,66,67,-1,67,66,68,-1,67,68,69,-1,69,68,70,-1,69,70,71,-1,71,70,72,-1,71,72,73,-1,73,72,74,-1,73,74,75,-1,75,74,76,-1,75,76,77,-1,77,76,63,-1,77,63,62,-1,78,79,64,-1,64,79,65,-1,80,81,78,-1,78,81,79,-1,82,83,84,-1,82,84,85,-1,85,84,86,-1,85,86,87,-1,87,86,88,-1,87,88,89,-1,89,88,81,-1,89,81,80,-1,90,91,92,-1,92,91,93,-1,94,95,96,-1,96,95,97,-1,96,97,98,-1,98,97,92,-1,98,92,99,-1,99,92,100,-1,101,102,92,-1,92,102,103,-1,92,103,100,-1,104,105,106,-1,106,105,107,-1,106,107,108,-1,109,110,111,-1,111,110,112,-1,111,112,106,-1,101,92,112,-1,112,92,93,-1,112,93,106,-1,106,93,113,-1,106,113,104,-1,111,114,115,-1,115,116,111,-1,111,116,117,-1,111,117,109,-1,118,119,120,-1,120,119,121,-1,122,123,124,-1,124,123,125,-1,124,125,121,-1,121,125,126,-1,126,127,121,-1,121,127,128,-1,121,128,129,-1,130,131,132,-1,133,134,135,-1,135,134,120,-1,135,120,132,-1,133,136,134,-1,134,136,137,-1,134,137,138,-1,129,139,121,-1,121,139,140,-1,121,140,120,-1,120,140,141,-1,120,141,132,-1,132,141,142,-1,132,142,130,-1,131,143,132,-1,132,143,144,-1,132,144,145,-1,146,147,148,-1,148,147,149,-1,148,149,150,-1,151,152,153,-1,153,152,154,-1,153,154,155,-1,151,156,152,-1,152,156,157,-1,152,157,158,-1,155,159,153,-1,153,159,160,-1,153,160,161,-1,161,160,162,-1,161,162,163,-1,163,162,164,-1,165,166,156,-1,156,166,167,-1,156,167,157,-1,168,150,169,-1,169,150,149,-1,169,149,162,-1,162,149,170,-1,162,170,171,-1,171,172,162,-1,162,172,173,-1,162,173,164,-1,174,175,176,-1,176,175,177,-1,176,177,178,-1,179,180,181,-1,181,180,182,-1,181,182,183,-1,183,184,181,-1,181,184,185,-1,181,185,186,-1,186,185,187,-1,186,187,188,-1,188,187,189,-1,188,189,190,-1,179,191,180,-1,180,191,192,-1,180,192,193,-1,178,194,176,-1,176,194,195,-1,176,195,196,-1,196,195,180,-1,190,197,188,-1,188,197,198,-1,188,198,199,-1,193,200,180,-1,180,200,201,-1,180,201,196,-1,94,123,95,-1,95,123,122,-1,
        ]
    }
}
Shape{
    appearance Appearance {
        material  Material 	{
            diffuseColor 1.0 1.0 1.0
            specularColor 0.5019607843137255 0.5019607843137255 0.5019607843137255
            ambientIntensity 1.0
            transparency 0.0
            shininess 0.5
        }
    }
    geometry IndexedFaceSet {
        ccw TRUE
        solid FALSE
        coord DEF co Coordinate {
            point [
                0.252 0.295 0.0216, 0.252 0.3039 0.0301, 0.2205 0.295 0.0216, 0.2205 0.3039 0.0301
            ]
        }
        coordIndex [
            0,1,2,-1,2,1,3,-1,
        ]
    }
}
Shape{
    appearance Appearance {
        material  Material 	{
            diffuseColor 1.0 1.0 0.0
            specularColor 0.5019607843137255 0.5019607843137255 0.0
            ambientIntensity 0.886
            transparency 0.0
            shininess 0.5
        }
    }
    geometry IndexedFaceSet {
        ccw TRUE
        solid FALSE
        coord DEF co Coordinate {
            point [
                0.2205 0.3362 0.1102, 0.2205 0.3165 0.1102, 0.252 0.3362 0.1102, 0.252 0.3165 0.1102, 0.3346 -0.5811 0.1181, 0.374 -0.5811 0.1181, 0.3346 -0.5417 0.1181, 0.374 -0.5417 0.1181, 0.374 -0.5811 0.0118, 0.3346 -0.5811 0.0118, 0.3346 -0.5807 0.0088, 0.374 -0.5807 0.0088, 0.3346 -0.5795 0.0059, 0.374 -0.5795 0.0059, 0.3346 -0.5776 0.0035, 0.374 -0.5776 0.0035, 0.3346 -0.5752 0.0016, 0.374 -0.5752 0.0016, 0.3346 -0.5724 0.0004, 0.374 -0.5724 0.0004, 0.3346 -0.5693 0.0, 0.374 -0.5693 0.0, 0.374 -0.4945 0.0, 0.3346 -0.4945 0.0, 0.3346 -0.4914 0.0004, 0.374 -0.4914 0.0004, 0.3346 -0.4886 0.0016, 0.374 -0.4886 0.0016, 0.3346 -0.4861 0.0035, 0.374 -0.4861 0.0035, 0.3346 -0.4843 0.0059, 0.374 -0.4843 0.0059, 0.3346 -0.4831 0.0088, 0.374 -0.4831 0.0088, 0.3346 -0.4827 0.0118, 0.374 -0.4827 0.0118, 0.374 -0.4827 0.0512, 0.3346 -0.4827 0.0512, 0.374 -0.4823 0.0542, 0.3346 -0.4823 0.0542, 0.374 -0.4811 0.0571, 0.3346 -0.4811 0.0571, 0.374 -0.4792 0.0595, 0.3346 -0.4792 0.0595, 0.374 -0.4768 0.0614, 0.3346 -0.4768 0.0614, 0.374 -0.4739 0.0626, 0.3346 -0.4739 0.0626, 0.374 -0.4709 0.063, 0.3346 -0.4709 0.063, 0.374 -0.463 0.063, 0.3346 -0.463 0.063, 0.374 -0.4158 0.0315, 0.3346 -0.4158 0.0315, 0.252 0.474 0.1024, 0.2205 0.474 0.1024, 0.252 0.4858 0.1024, 0.2205 0.4858 0.1024, 0.252 0.4858 0.0433, 0.2205 0.4858 0.0433, 0.252 0.474 0.0433, 0.2205 0.474 0.0433, 0.252 0.474 0.0118, 0.2205 0.474 0.0118, 0.252 0.4622 0.0, 0.2205 0.4622 0.0, 0.2205 0.4648 0.0003, 0.252 0.4648 0.0003, 0.2205 0.4673 0.0012, 0.252 0.4673 0.0012, 0.2205 0.4696 0.0026, 0.252 0.4696 0.0026, 0.2205 0.4714 0.0044, 0.252 0.4714 0.0044, 0.2205 0.4728 0.0067, 0.252 0.4728 0.0067, 0.2205 0.4737 0.0092, 0.252 0.4737 0.0092, 0.252 0.289 0.0, 0.2205 0.289 0.0, 0.252 0.289 0.0074, 0.2205 0.289 0.0074, 0.252 0.295 0.0216, 0.2205 0.295 0.0216, 0.2205 0.2925 0.0185, 0.252 0.2925 0.0185, 0.2205 0.2905 0.0151, 0.252 0.2905 0.0151, 0.2205 0.2894 0.0113, 0.252 0.2894 0.0113
            ]
        }
        coordIndex [
            0,1,2,-1,2,1,3,-1,4,5,6,-1,6,5,7,-1,5,4,8,-1,8,4,9,-1,8,9,10,-1,8,10,11,-1,11,10,12,-1,11,12,13,-1,13,12,14,-1,13,14,15,-1,15,14,16,-1,15,16,17,-1,17,16,18,-1,17,18,19,-1,19,18,20,-1,19,20,21,-1,21,20,22,-1,22,20,23,-1,22,23,24,-1,22,24,25,-1,25,24,26,-1,25,26,27,-1,27,26,28,-1,27,28,29,-1,29,28,30,-1,29,30,31,-1,31,30,32,-1,31,32,33,-1,33,32,34,-1,33,34,35,-1,35,34,36,-1,36,34,37,-1,36,37,38,-1,38,37,39,-1,38,39,40,-1,40,39,41,-1,40,41,42,-1,42,41,43,-1,42,43,44,-1,44,43,45,-1,44,45,46,-1,46,45,47,-1,46,47,48,-1,48,47,49,-1,48,49,50,-1,50,49,51,-1,50,51,52,-1,52,51,53,-1,54,55,2,-1,2,55,0,-1,56,57,54,-1,54,57,55,-1,58,59,56,-1,56,59,57,-1,60,61,58,-1,58,61,59,-1,62,63,60,-1,60,63,61,-1,64,65,66,-1,64,66,67,-1,67,66,68,-1,67,68,69,-1,69,68,70,-1,69,70,71,-1,71,70,72,-1,71,72,73,-1,73,72,74,-1,73,74,75,-1,75,74,76,-1,75,76,77,-1,77,76,63,-1,77,63,62,-1,78,79,64,-1,64,79,65,-1,80,81,78,-1,78,81,79,-1,82,83,84,-1,82,84,85,-1,85,84,86,-1,85,86,87,-1,87,86,88,-1,87,88,89,-1,89,88,81,-1,89,81,80,-1,
        ]
    }
}
Shape{
    appearance Appearance {
        material  Material 	{
            diffuseColor 0.25098039215686274 0.25098039215686274 0.25098039215686274
            specularColor 0.12549019607843137 0.12549019607843137 0.12549019607843137
            ambientIntensity 0.251
            transparency 0.0
            shininess 0.5
        }
    }
    geometry IndexedFaceSet {
        ccw TRUE
        solid FALSE
        coord DEF co Coordinate {
            point [
                0.937 0.0601 0.3695, 0.937 0.0606 0.3698, -0.937 0.0606 0.3698, -0.8209 -0.052 0.2575, 0.8209 -0.052 0.2575, -0.8209 -0.026 0.2834, 0.8209 -0.026 0.2834, 0.937 -0.026 0.2835, -0.937 0.0601 0.3695, -0.937 -0.026 0.2835, 1.0157 0.0606 0.3701, 1.0157 0.4662 0.3701, 0.9961 0.4858 0.3701, -0.9961 0.4858 0.3701, -1.0157 0.0606 0.3701, -1.0157 0.4662 0.3701, 0.9961 0.4858 0.2677, -0.9961 0.4858 0.2677, 0.8209 0.3874 0.2087, -0.8209 0.3874 0.2087, 0.8209 0.4062 0.2677, -0.8209 0.4062 0.2677, 1.0157 0.3795 0.2677, 1.0157 0.3559 0.2677, 0.872 0.3795 0.2677, 0.8209 0.3559 0.2677, 0.8327 0.4189 0.2677, -0.8327 0.4386 0.2677, -0.8589 0.4583 0.2677, -0.8327 0.4189 0.2677, -0.872 0.3795 0.2677, -0.8209 0.3559 0.2677, -1.0157 0.3795 0.2677, -1.0157 0.3559 0.2677, -1.0157 0.4583 0.2677, -1.0157 0.4662 0.2677, 0.8327 0.4386 0.2677, 0.8589 0.4583 0.2677, 1.0157 0.4583 0.2677, 1.0157 0.4662 0.2677
            ]
        }
        coordIndex [
            0,1,2,-1,3,4,5,-1,5,4,6,-1,7,0,6,-1,6,0,2,-1,6,2,5,-1,5,2,8,-1,5,8,9,-1,10,11,1,-1,1,11,12,-1,1,12,2,-1,2,12,13,-1,2,13,14,-1,14,13,15,-1,16,17,12,-1,12,17,13,-1,18,19,20,-1,20,19,21,-1,22,23,24,-1,24,23,25,-1,24,25,26,-1,26,25,20,-1,16,27,28,-1,29,21,30,-1,30,21,31,-1,30,31,32,-1,32,31,33,-1,34,35,28,-1,28,35,17,-1,28,17,16,-1,20,21,26,-1,26,21,29,-1,26,29,36,-1,36,29,27,-1,36,27,37,-1,37,27,16,-1,37,16,38,-1,38,16,39,-1,
        ]
    }
}
Shape{
    appearance Appearance {
        material  Material 	{
            diffuseColor 1.0 1.0 0.0
            specularColor 0.5019607843137255 0.5019607843137255 0.0
            ambientIntensity 0.886
            transparency 0.0
            shininess 0.5
        }
    }
    geometry IndexedFaceSet {
        ccw TRUE
        solid FALSE
        coord DEF co Coordinate {
            point [
                0.6102 -0.0691 0.2205, 0.5709 -0.0691 0.2205, 0.6102 -0.1598 0.2205, 0.5709 -0.1598 0.2205, 0.5709 -0.0546 0.2087, 0.5709 -0.0546 0.1417, 0.5709 -0.0693 0.2087, 0.5709 -0.1598 0.1417, 0.5709 -0.0693 0.2157, 0.6102 -0.0546 0.1417, 0.6102 -0.0546 0.2087, 0.6102 -0.1598 0.1417, 0.6102 -0.0693 0.2087, 0.6102 -0.0693 0.2157, 0.4921 -0.0691 0.2205, 0.4528 -0.0691 0.2205, 0.4921 -0.1598 0.2205, 0.4528 -0.1598 0.2205, 0.4528 -0.0546 0.2087, 0.4528 -0.0546 0.1417, 0.4528 -0.0693 0.2087, 0.4528 -0.1598 0.1417, 0.4528 -0.0693 0.2157, 0.4921 -0.0546 0.1417, 0.4921 -0.0546 0.2087, 0.4921 -0.1598 0.1417, 0.4921 -0.0693 0.2087, 0.4921 -0.0693 0.2157, 0.374 -0.0691 0.2205, 0.3346 -0.0691 0.2205, 0.374 -0.1598 0.2205, 0.3346 -0.1598 0.2205, 0.3346 -0.0546 0.2087, 0.3346 -0.0546 0.1417, 0.3346 -0.0693 0.2087, 0.3346 -0.1598 0.1417, 0.3346 -0.0693 0.2157, 0.374 -0.0546 0.1417, 0.374 -0.0546 0.2087, 0.374 -0.1598 0.1417, 0.374 -0.0693 0.2087, 0.374 -0.0693 0.2157, 0.2559 -0.0691 0.2205, 0.2165 -0.0691 0.2205, 0.2559 -0.1598 0.2205, 0.2165 -0.1598 0.2205, 0.2165 -0.0546 0.2087, 0.2165 -0.0546 0.1417, 0.2165 -0.0693 0.2087, 0.2165 -0.1598 0.1417, 0.2165 -0.0693 0.2157, 0.2559 -0.0546 0.1417, 0.2559 -0.0546 0.2087, 0.2559 -0.1598 0.1417, 0.2559 -0.0693 0.2087, 0.2559 -0.0693 0.2157, 0.1378 -0.0691 0.2205, 0.0984 -0.0691 0.2205, 0.1378 -0.1598 0.2205, 0.0984 -0.1598 0.2205, 0.0984 -0.0546 0.2087, 0.0984 -0.0546 0.1417, 0.0984 -0.0693 0.2087, 0.0984 -0.1598 0.1417, 0.0984 -0.0693 0.2157, 0.1378 -0.0546 0.1417, 0.1378 -0.0546 0.2087, 0.1378 -0.1598 0.1417, 0.1378 -0.0693 0.2087, 0.1378 -0.0693 0.2157, 0.0197 -0.0691 0.2205, -0.0197 -0.0691 0.2205, 0.0197 -0.1598 0.2205, -0.0197 -0.1598 0.2205, -0.0197 -0.0546 0.2087, -0.0197 -0.0546 0.1417, -0.0197 -0.0693 0.2087, -0.0197 -0.1598 0.1417, -0.0197 -0.0693 0.2157, 0.0197 -0.0546 0.1417, 0.0197 -0.0546 0.2087, 0.0197 -0.1598 0.1417, 0.0197 -0.0693 0.2087, 0.0197 -0.0693 0.2157, -0.0984 -0.0691 0.2205, -0.1378 -0.0691 0.2205, -0.0984 -0.1598 0.2205, -0.1378 -0.1598 0.2205, -0.1378 -0.0546 0.2087, -0.1378 -0.0546 0.1417, -0.1378 -0.0693 0.2087, -0.1378 -0.1598 0.1417, -0.1378 -0.0693 0.2157, -0.0984 -0.0546 0.1417, -0.0984 -0.0546 0.2087, -0.0984 -0.1598 0.1417, -0.0984 -0.0693 0.2087, -0.0984 -0.0693 0.2157, -0.2165 -0.0691 0.2205, -0.2559 -0.0691 0.2205, -0.2165 -0.1598 0.2205, -0.2559 -0.1598 0.2205, -0.2559 -0.0546 0.2087, -0.2559 -0.0546 0.1417, -0.2559 -0.0693 0.2087, -0.2559 -0.1598 0.1417, -0.2559 -0.0693 0.2157, -0.2165 -0.0546 0.1417, -0.2165 -0.0546 0.2087, -0.2165 -0.1598 0.1417, -0.2165 -0.0693 0.2087, -0.2165 -0.0693 0.2157, -0.3346 -0.0691 0.2205, -0.374 -0.0691 0.2205, -0.3346 -0.1598 0.2205, -0.374 -0.1598 0.2205, -0.374 -0.0546 0.2087, -0.374 -0.0546 0.1417, -0.374 -0.0693 0.2087, -0.374 -0.1598 0.1417, -0.374 -0.0693 0.2157, -0.3346 -0.0546 0.1417, -0.3346 -0.0546 0.2087, -0.3346 -0.1598 0.1417, -0.3346 -0.0693 0.2087, -0.3346 -0.0693 0.2157, -0.4528 -0.0691 0.2205, -0.4921 -0.0691 0.2205, -0.4528 -0.1598 0.2205, -0.4921 -0.1598 0.2205, -0.4921 -0.0546 0.2087, -0.4921 -0.0546 0.1417, -0.4921 -0.0693 0.2087, -0.4921 -0.1598 0.1417, -0.4921 -0.0693 0.2157, -0.4528 -0.0546 0.1417, -0.4528 -0.0546 0.2087, -0.4528 -0.1598 0.1417, -0.4528 -0.0693 0.2087, -0.4528 -0.0693 0.2157, -0.5709 -0.0691 0.2205, -0.6102 -0.0691 0.2205, -0.5709 -0.1598 0.2205, -0.6102 -0.1598 0.2205, -0.6102 -0.0546 0.2087, -0.6102 -0.0546 0.1417, -0.6102 -0.0693 0.2087, -0.6102 -0.1598 0.1417, -0.6102 -0.0693 0.2157, -0.5709 -0.0546 0.1417, -0.5709 -0.0546 0.2087, -0.5709 -0.1598 0.1417, -0.5709 -0.0693 0.2087, -0.5709 -0.0693 0.2157, -0.689 -0.0691 0.2205, -0.7283 -0.0691 0.2205, -0.689 -0.1598 0.2205, -0.7283 -0.1598 0.2205, -0.7283 -0.0546 0.2087, -0.7283 -0.0546 0.1417, -0.7283 -0.0693 0.2087, -0.7283 -0.1598 0.1417, -0.7283 -0.0693 0.2157, -0.689 -0.0546 0.1417, -0.689 -0.0546 0.2087, -0.689 -0.1598 0.1417, -0.689 -0.0693 0.2087, -0.689 -0.0693 0.2157, 0.7283 -0.0691 0.2205, 0.689 -0.0691 0.2205, 0.7283 -0.1598 0.2205, 0.689 -0.1598 0.2205, 0.689 -0.0546 0.2087, 0.689 -0.0546 0.1417, 0.689 -0.0693 0.2087, 0.689 -0.1598 0.1417, 0.689 -0.0693 0.2157, 0.7283 -0.0546 0.1417, 0.7283 -0.0546 0.2087, 0.7283 -0.1598 0.1417, 0.7283 -0.0693 0.2087, 0.7283 -0.0693 0.2157
            ]
        }
        coordIndex [
            0,1,2,-1,2,1,3,-1,4,5,6,-1,6,5,7,-1,6,7,8,-1,8,7,3,-1,8,3,1,-1,9,10,11,-1,11,10,12,-1,11,12,2,-1,2,12,13,-1,2,13,0,-1,9,5,10,-1,10,5,4,-1,14,15,16,-1,16,15,17,-1,18,19,20,-1,20,19,21,-1,20,21,22,-1,22,21,17,-1,22,17,15,-1,23,24,25,-1,25,24,26,-1,25,26,16,-1,16,26,27,-1,16,27,14,-1,23,19,24,-1,24,19,18,-1,28,29,30,-1,30,29,31,-1,32,33,34,-1,34,33,35,-1,34,35,36,-1,36,35,31,-1,36,31,29,-1,37,38,39,-1,39,38,40,-1,39,40,30,-1,30,40,41,-1,30,41,28,-1,37,33,38,-1,38,33,32,-1,42,43,44,-1,44,43,45,-1,46,47,48,-1,48,47,49,-1,48,49,50,-1,50,49,45,-1,50,45,43,-1,51,52,53,-1,53,52,54,-1,53,54,44,-1,44,54,55,-1,44,55,42,-1,51,47,52,-1,52,47,46,-1,56,57,58,-1,58,57,59,-1,60,61,62,-1,62,61,63,-1,62,63,64,-1,64,63,59,-1,64,59,57,-1,65,66,67,-1,67,66,68,-1,67,68,58,-1,58,68,69,-1,58,69,56,-1,65,61,66,-1,66,61,60,-1,70,71,72,-1,72,71,73,-1,74,75,76,-1,76,75,77,-1,76,77,78,-1,78,77,73,-1,78,73,71,-1,79,80,81,-1,81,80,82,-1,81,82,72,-1,72,82,83,-1,72,83,70,-1,79,75,80,-1,80,75,74,-1,84,85,86,-1,86,85,87,-1,88,89,90,-1,90,89,91,-1,90,91,92,-1,92,91,87,-1,92,87,85,-1,93,94,95,-1,95,94,96,-1,95,96,86,-1,86,96,97,-1,86,97,84,-1,93,89,94,-1,94,89,88,-1,98,99,100,-1,100,99,101,-1,102,103,104,-1,104,103,105,-1,104,105,106,-1,106,105,101,-1,106,101,99,-1,107,108,109,-1,109,108,110,-1,109,110,100,-1,100,110,111,-1,100,111,98,-1,107,103,108,-1,108,103,102,-1,112,113,114,-1,114,113,115,-1,116,117,118,-1,118,117,119,-1,118,119,120,-1,120,119,115,-1,120,115,113,-1,121,122,123,-1,123,122,124,-1,123,124,114,-1,114,124,125,-1,114,125,112,-1,121,117,122,-1,122,117,116,-1,126,127,128,-1,128,127,129,-1,130,131,132,-1,132,131,133,-1,132,133,134,-1,134,133,129,-1,134,129,127,-1,135,136,137,-1,137,136,138,-1,137,138,128,-1,128,138,139,-1,128,139,126,-1,135,131,136,-1,136,131,130,-1,140,141,142,-1,142,141,143,-1,144,145,146,-1,146,145,147,-1,146,147,148,-1,148,147,143,-1,148,143,141,-1,149,150,151,-1,151,150,152,-1,151,152,142,-1,142,152,153,-1,142,153,140,-1,149,145,150,-1,150,145,144,-1,154,155,156,-1,156,155,157,-1,158,159,160,-1,160,159,161,-1,160,161,162,-1,162,161,157,-1,162,157,155,-1,163,164,165,-1,165,164,166,-1,165,166,156,-1,156,166,167,-1,156,167,154,-1,163,159,164,-1,164,159,158,-1,168,169,170,-1,170,169,171,-1,172,173,174,-1,174,173,175,-1,174,175,176,-1,176,175,171,-1,176,171,169,-1,177,178,179,-1,179,178,180,-1,179,180,170,-1,170,180,181,-1,170,181,168,-1,177,173,178,-1,178,173,172,-1,
        ]
    }
}
Shape{
    appearance Appearance {
        material  Material 	{
            diffuseColor 0.0 0.0 0.0
            specularColor 0.0 0.0 0.0
            ambientIntensity 0.0
            transparency 0.0
            shininess 0.5
        }
    }
    geometry IndexedFaceSet {
        ccw TRUE
        solid FALSE
        coord DEF co Coordinate {
            point [
                0.0064 -0.5457 0.3011, 0.0064 -0.5457 0.2969, 0.0064 -0.5417 0.3011, 0.0064 -0.5417 0.2969, -0.0083 -0.5457 0.3011, -0.0083 -0.5417 0.3011, -0.0083 -0.5457 0.3339, -0.0083 -0.5417 0.3339, -0.0131 -0.5457 0.3339, -0.0131 -0.5417 0.3339, -0.0131 -0.5457 0.2969, -0.0131 -0.5417 0.2969, 0.0254 -0.5457 0.2962, 0.0254 -0.5417 0.2962, 0.0311 -0.5417 0.2968, 0.0311 -0.5457 0.2968, 0.0351 -0.5417 0.2981, 0.0351 -0.5457 0.2981, 0.0357 -0.5417 0.2984, 0.0357 -0.5457 0.2984, 0.0357 -0.5457 0.303, 0.0357 -0.5417 0.303, 0.0326 -0.5417 0.3015, 0.0326 -0.5457 0.3015, 0.0285 -0.5417 0.3006, 0.0285 -0.5457 0.3006, 0.0261 -0.5417 0.3005, 0.0261 -0.5457 0.3005, 0.0227 -0.5417 0.3009, 0.0227 -0.5457 0.3009, 0.02 -0.5417 0.3018, 0.02 -0.5457 0.3018, 0.0175 -0.5417 0.3035, 0.0175 -0.5457 0.3035, 0.0166 -0.5417 0.3044, 0.0166 -0.5457 0.3044, 0.0148 -0.5417 0.3068, 0.0148 -0.5457 0.3068, 0.0136 -0.5417 0.3098, 0.0136 -0.5457 0.3098, 0.013 -0.5417 0.3135, 0.013 -0.5457 0.3135, 0.013 -0.5417 0.315, 0.013 -0.5457 0.315, 0.0136 -0.5417 0.32, 0.0136 -0.5457 0.32, 0.0148 -0.5417 0.3232, 0.0148 -0.5457 0.3232, 0.0166 -0.5417 0.3258, 0.0166 -0.5457 0.3258, 0.0169 -0.5417 0.3261, 0.0169 -0.5457 0.3261, 0.0193 -0.5417 0.3281, 0.0193 -0.5457 0.3281, 0.0222 -0.5417 0.3295, 0.0222 -0.5457 0.3295, 0.0254 -0.5417 0.3302, 0.0254 -0.5457 0.3302, 0.027 -0.5417 0.3302, 0.027 -0.5457 0.3302, 0.0315 -0.5417 0.3297, 0.0315 -0.5457 0.3297, 0.0353 -0.5417 0.3283, 0.0353 -0.5457 0.3283, 0.0357 -0.5417 0.328, 0.0357 -0.5457 0.328, 0.0357 -0.5457 0.333, 0.0357 -0.5417 0.333, 0.0269 -0.5417 0.3346, 0.0269 -0.5457 0.3346, 0.0309 -0.5417 0.3342, 0.0318 -0.5457 0.3342, 0.0318 -0.5417 0.3342, 0.0243 -0.5417 0.3342, 0.0216 -0.5457 0.3339, 0.0216 -0.5417 0.3339, 0.0177 -0.5417 0.3324, 0.0177 -0.5457 0.3324, 0.0141 -0.5417 0.3299, 0.0141 -0.5457 0.3299, 0.0133 -0.5417 0.3291, 0.0133 -0.5457 0.3291, 0.0106 -0.5417 0.3256, 0.0106 -0.5457 0.3256, 0.0096 -0.5417 0.3232, 0.0088 -0.5457 0.3215, 0.0088 -0.5417 0.3215, 0.008 -0.5417 0.3166, 0.008 -0.5457 0.3166, 0.0079 -0.5417 0.3147, 0.0079 -0.5457 0.3147, 0.0087 -0.5417 0.3087, 0.0087 -0.5457 0.3087, 0.0096 -0.5417 0.3063, 0.0102 -0.5457 0.3048, 0.0102 -0.5417 0.3048, 0.0124 -0.5417 0.3016, 0.0124 -0.5457 0.3016, 0.0127 -0.5417 0.3013, 0.0127 -0.5457 0.3013, 0.0153 -0.5417 0.2991, 0.0153 -0.5457 0.2991, 0.0187 -0.5417 0.2973, 0.0187 -0.5457 0.2973, 0.0226 -0.5417 0.2964, 0.0226 -0.5457 0.2964, 0.063 -0.5457 0.3011, 0.063 -0.5457 0.2969, 0.063 -0.5417 0.3011, 0.063 -0.5417 0.2969, 0.0479 -0.5417 0.3011, 0.0479 -0.5457 0.3011, 0.0579 -0.5417 0.3011, 0.0479 -0.5457 0.3136, 0.0479 -0.5417 0.3136, 0.0611 -0.5457 0.3136, 0.0579 -0.5417 0.3136, 0.0611 -0.5417 0.3136, 0.0611 -0.5457 0.3178, 0.0611 -0.5417 0.3178, 0.0479 -0.5417 0.3178, 0.0479 -0.5457 0.3178, 0.0579 -0.5417 0.3178, 0.0479 -0.5457 0.3297, 0.0479 -0.5417 0.3297, 0.0622 -0.5457 0.3297, 0.0579 -0.5417 0.3297, 0.0622 -0.5417 0.3297, 0.0622 -0.5457 0.3339, 0.0622 -0.5417 0.3339, 0.0431 -0.5417 0.3339, 0.0431 -0.5457 0.3339, 0.0579 -0.5417 0.3339, 0.0431 -0.5457 0.2969, 0.0431 -0.5417 0.2969, 0.0579 -0.5417 0.2969, 0.0931 -0.5457 0.3072, 0.0912 -0.5457 0.305, 0.0946 -0.5457 0.3021, 0.0908 -0.5457 0.3045, 0.0907 -0.5457 0.2993, 0.0884 -0.5457 0.3029, 0.0865 -0.5457 0.2976, 0.0853 -0.5457 0.3017, 0.0802 -0.5457 0.2969, 0.0802 -0.5457 0.3011, 0.07 -0.5457 0.2969, 0.0748 -0.5457 0.3011, 0.07 -0.5457 0.3339, 0.0748 -0.5457 0.3297, 0.0806 -0.5457 0.3339, 0.0804 -0.5457 0.3297, 0.0863 -0.5457 0.3333, 0.0854 -0.5457 0.3291, 0.0908 -0.5457 0.3317, 0.0886 -0.5457 0.3279, 0.0946 -0.5457 0.329, 0.0911 -0.5457 0.3262, 0.096 -0.5457 0.3277, 0.0922 -0.5457 0.3251, 0.0982 -0.5457 0.3245, 0.0936 -0.5457 0.3231, 0.0996 -0.5457 0.321, 0.0947 -0.5457 0.3203, 0.1002 -0.5457 0.3159, 0.0952 -0.5457 0.3157, 0.1001 -0.5457 0.3135, 0.0951 -0.5457 0.3134, 0.0992 -0.5457 0.3092, 0.0944 -0.5457 0.31, 0.0974 -0.5457 0.3053, 0.0802 -0.5417 0.2969, 0.07 -0.5417 0.2969, 0.0946 -0.5417 0.3021, 0.0865 -0.5417 0.2976, 0.087 -0.5417 0.2978, 0.0907 -0.5417 0.2993, 0.0974 -0.5417 0.3053, 0.0992 -0.5417 0.3092, 0.1001 -0.5417 0.3135, 0.1002 -0.5417 0.3159, 0.0996 -0.5417 0.321, 0.0982 -0.5417 0.3245, 0.096 -0.5417 0.3277, 0.0946 -0.5417 0.329, 0.0806 -0.5417 0.3339, 0.0908 -0.5417 0.3317, 0.087 -0.5417 0.333, 0.0863 -0.5417 0.3333, 0.07 -0.5417 0.3339, 0.0804 -0.5417 0.3297, 0.0748 -0.5417 0.3297, 0.0748 -0.5417 0.3011, 0.0802 -0.5417 0.3011, 0.0912 -0.5417 0.305, 0.0908 -0.5417 0.3045, 0.0884 -0.5417 0.3029, 0.0853 -0.5417 0.3017, 0.0952 -0.5417 0.3157, 0.0951 -0.5417 0.3134, 0.0944 -0.5417 0.31, 0.0931 -0.5417 0.3072, 0.0911 -0.5417 0.3262, 0.0922 -0.5417 0.3251, 0.0936 -0.5417 0.3231, 0.0947 -0.5417 0.3203, 0.0854 -0.5417 0.3291, 0.0886 -0.5417 0.3279
            ]
        }
        coordIndex [
            0,1,2,-1,2,1,3,-1,4,0,5,-1,5,0,2,-1,6,4,7,-1,7,4,5,-1,8,6,9,-1,9,6,7,-1,10,8,11,-1,11,8,9,-1,1,10,3,-1,3,10,11,-1,6,8,4,-1,4,8,10,-1,4,10,0,-1,0,10,1,-1,12,13,14,-1,12,14,15,-1,15,14,16,-1,15,16,17,-1,17,16,18,-1,17,18,19,-1,20,19,21,-1,21,19,18,-1,20,21,22,-1,20,22,23,-1,23,22,24,-1,23,24,25,-1,25,24,26,-1,25,26,27,-1,27,26,28,-1,27,28,29,-1,29,28,30,-1,29,30,31,-1,31,30,32,-1,31,32,33,-1,33,32,34,-1,33,34,35,-1,35,34,36,-1,35,36,37,-1,37,36,38,-1,37,38,39,-1,39,38,40,-1,39,40,41,-1,41,40,42,-1,41,42,43,-1,43,42,44,-1,43,44,45,-1,45,44,46,-1,45,46,47,-1,47,46,48,-1,47,48,49,-1,49,48,50,-1,49,50,51,-1,51,50,52,-1,51,52,53,-1,53,52,54,-1,53,54,55,-1,55,54,56,-1,55,56,57,-1,57,56,58,-1,57,58,59,-1,59,58,60,-1,59,60,61,-1,61,60,62,-1,61,62,63,-1,63,62,64,-1,63,64,65,-1,66,65,67,-1,67,65,64,-1,68,69,70,-1,70,69,71,-1,70,71,72,-1,72,71,66,-1,72,66,67,-1,69,68,73,-1,69,73,74,-1,73,75,74,-1,74,75,76,-1,74,76,77,-1,77,76,78,-1,77,78,79,-1,79,78,80,-1,79,80,81,-1,81,80,82,-1,81,82,83,-1,83,82,84,-1,83,84,85,-1,84,86,85,-1,85,86,87,-1,85,87,88,-1,88,87,89,-1,88,89,90,-1,90,89,91,-1,90,91,92,-1,92,91,93,-1,92,93,94,-1,93,95,94,-1,94,95,96,-1,94,96,97,-1,97,96,98,-1,97,98,99,-1,99,98,100,-1,99,100,101,-1,101,100,102,-1,101,102,103,-1,103,102,104,-1,103,104,105,-1,105,104,13,-1,105,13,12,-1,45,47,83,-1,53,55,74,-1,83,47,81,-1,74,55,69,-1,74,77,53,-1,53,77,79,-1,53,79,51,-1,51,79,81,-1,51,81,49,-1,49,81,47,-1,55,57,69,-1,69,57,59,-1,69,59,71,-1,71,59,61,-1,71,61,66,-1,66,61,63,-1,66,63,65,-1,90,43,88,-1,88,43,45,-1,88,45,85,-1,85,45,83,-1,19,20,17,-1,17,20,23,-1,17,23,15,-1,15,23,25,-1,15,25,12,-1,12,25,27,-1,12,27,105,-1,105,27,29,-1,105,29,103,-1,103,29,31,-1,103,31,101,-1,101,31,33,-1,101,33,99,-1,99,33,35,-1,99,35,97,-1,97,35,37,-1,97,37,94,-1,94,37,92,-1,92,37,39,-1,92,39,90,-1,90,39,41,-1,90,41,43,-1,106,107,108,-1,108,107,109,-1,110,111,112,-1,112,111,106,-1,112,106,108,-1,113,111,114,-1,114,111,110,-1,113,114,115,-1,115,114,116,-1,115,116,117,-1,118,115,119,-1,119,115,117,-1,120,121,122,-1,122,121,118,-1,122,118,119,-1,123,121,124,-1,124,121,120,-1,123,124,125,-1,125,124,126,-1,125,126,127,-1,128,125,129,-1,129,125,127,-1,130,131,132,-1,132,131,128,-1,132,128,129,-1,133,131,134,-1,134,131,130,-1,133,134,107,-1,107,134,135,-1,107,135,109,-1,133,107,106,-1,106,111,133,-1,133,111,113,-1,133,113,131,-1,125,128,123,-1,123,128,131,-1,123,131,121,-1,121,131,113,-1,121,113,118,-1,118,113,115,-1,136,137,138,-1,138,137,139,-1,138,139,140,-1,140,139,141,-1,140,141,142,-1,142,141,143,-1,142,143,144,-1,144,143,145,-1,144,145,146,-1,146,145,147,-1,146,147,148,-1,148,147,149,-1,148,149,150,-1,150,149,151,-1,150,151,152,-1,152,151,153,-1,152,153,154,-1,154,153,155,-1,154,155,156,-1,156,155,157,-1,156,157,158,-1,158,157,159,-1,158,159,160,-1,160,159,161,-1,160,161,162,-1,162,161,163,-1,162,163,164,-1,164,163,165,-1,164,165,166,-1,166,165,167,-1,166,167,168,-1,168,167,169,-1,168,169,170,-1,170,169,136,-1,170,136,138,-1,144,146,171,-1,171,146,172,-1,173,138,140,-1,144,171,174,-1,144,174,142,-1,142,174,175,-1,142,175,140,-1,140,175,176,-1,140,176,173,-1,138,173,177,-1,138,177,170,-1,170,177,178,-1,170,178,168,-1,168,178,179,-1,168,179,166,-1,166,179,180,-1,166,180,164,-1,164,180,181,-1,164,181,162,-1,162,181,182,-1,162,182,160,-1,160,182,183,-1,160,183,158,-1,158,183,184,-1,158,184,156,-1,185,150,152,-1,156,184,186,-1,156,186,154,-1,154,186,187,-1,154,187,152,-1,152,187,188,-1,152,188,185,-1,148,150,189,-1,189,150,185,-1,146,148,172,-1,172,148,189,-1,151,149,190,-1,190,149,191,-1,149,147,191,-1,191,147,192,-1,147,145,192,-1,192,145,193,-1,137,194,195,-1,137,195,139,-1,139,195,196,-1,139,196,141,-1,141,196,197,-1,141,197,143,-1,143,197,193,-1,143,193,145,-1,165,198,199,-1,165,199,167,-1,167,199,200,-1,167,200,169,-1,169,200,201,-1,169,201,136,-1,136,201,194,-1,136,194,137,-1,157,202,203,-1,157,203,159,-1,159,203,204,-1,159,204,161,-1,161,204,205,-1,161,205,163,-1,163,205,198,-1,163,198,165,-1,151,190,206,-1,151,206,153,-1,153,206,207,-1,153,207,155,-1,155,207,202,-1,155,202,157,-1,
        ]
    }
}
Shape{
    appearance Appearance {
        material  Material 	{
            diffuseColor 1.0 1.0 1.0
            specularColor 0.5019607843137255 0.5019607843137255 0.5019607843137255
            ambientIntensity 1.0
            transparency 0.0
            shininess 0.5
        }
    }
    geometry IndexedFaceSet {
        ccw TRUE
        solid FALSE
        coord DEF co Coordinate {
            point [
                0.0748 -0.5417 0.3297, 0.0748 -0.5417 0.3011, 0.0804 -0.5417 0.3297, 0.0802 -0.5417 0.3011, 0.0853 -0.5417 0.3017, 0.0884 -0.5417 0.3029, 0.0908 -0.5417 0.3045, 0.0912 -0.5417 0.305, 0.0931 -0.5417 0.3072, 0.0944 -0.5417 0.31, 0.0952 -0.5417 0.3157, 0.0911 -0.5417 0.3262, 0.0886 -0.5417 0.3279, 0.0947 -0.5417 0.3203, 0.0936 -0.5417 0.3231, 0.0922 -0.5417 0.3251, 0.0951 -0.5417 0.3134, 0.0854 -0.5417 0.3291
            ]
        }
        coordIndex [
            0,1,2,-1,2,1,3,-1,3,4,2,-1,2,4,5,-1,2,5,6,-1,6,7,2,-1,2,7,8,-1,2,8,9,-1,10,11,12,-1,13,14,10,-1,10,14,15,-1,10,15,11,-1,9,16,2,-1,2,16,10,-1,2,10,17,-1,17,10,12,-1,
        ]
    }
}
Shape{
    appearance Appearance {
        material  Material 	{
            diffuseColor 0.0 0.0 0.0
            specularColor 0.0 0.0 0.0
            ambientIntensity 0.0
            transparency 0.0
            shininess 0.5
        }
    }
    geometry IndexedFaceSet {
        ccw TRUE
        solid FALSE
        coord DEF co Coordinate {
            point [
                0.1126 -0.5457 0.3112, 0.1111 -0.5457 0.307, 0.1251 -0.5457 0.3112, 0.1266 -0.5457 0.307, 0.1182 -0.5457 0.3266, 0.1164 -0.5457 0.3339, 0.1023 -0.5457 0.2969, 0.1076 -0.5457 0.2969, 0.1185 -0.5457 0.3277, 0.1188 -0.5457 0.3292, 0.1215 -0.5457 0.3339, 0.1189 -0.5457 0.3292, 0.1192 -0.5457 0.3276, 0.1195 -0.5457 0.3266, 0.1356 -0.5457 0.2969, 0.1303 -0.5457 0.2969, 0.1215 -0.5417 0.3339, 0.1356 -0.5417 0.2969, 0.1164 -0.5417 0.3339, 0.1023 -0.5417 0.2969, 0.113 -0.5417 0.3249, 0.1076 -0.5417 0.2969, 0.1111 -0.5417 0.307, 0.1266 -0.5417 0.307, 0.113 -0.5417 0.307, 0.1303 -0.5417 0.2969, 0.1126 -0.5417 0.3112, 0.1251 -0.5417 0.3112, 0.1195 -0.5417 0.3266, 0.1189 -0.5417 0.3292, 0.1192 -0.5417 0.3276, 0.1188 -0.5417 0.3292, 0.1182 -0.5417 0.3266, 0.1185 -0.5417 0.3277
            ]
        }
        coordIndex [
            0,1,2,-1,2,1,3,-1,4,5,0,-1,0,5,6,-1,0,6,1,-1,1,6,7,-1,4,8,5,-1,5,8,9,-1,5,9,10,-1,10,9,11,-1,10,11,12,-1,12,13,10,-1,10,13,2,-1,10,2,14,-1,14,2,3,-1,14,3,15,-1,10,14,16,-1,16,14,17,-1,5,10,18,-1,18,10,16,-1,19,6,20,-1,20,6,5,-1,20,5,18,-1,7,6,21,-1,21,6,19,-1,1,7,22,-1,22,7,21,-1,23,3,24,-1,24,3,1,-1,24,1,22,-1,15,3,25,-1,25,3,23,-1,14,15,17,-1,17,15,25,-1,0,2,26,-1,26,2,27,-1,2,13,27,-1,27,13,28,-1,11,29,30,-1,11,30,12,-1,12,30,28,-1,12,28,13,-1,11,9,29,-1,29,9,31,-1,4,32,33,-1,4,33,8,-1,8,33,31,-1,8,31,9,-1,4,0,32,-1,32,0,26,-1,
        ]
    }
}
Shape{
    appearance Appearance {
        material  Material 	{
            diffuseColor 1.0 1.0 1.0
            specularColor 0.5019607843137255 0.5019607843137255 0.5019607843137255
            ambientIntensity 1.0
            transparency 0.0
            shininess 0.5
        }
    }
    geometry IndexedFaceSet {
        ccw TRUE
        solid FALSE
        coord DEF co Coordinate {
            point [
                0.1189 -0.5417 0.3292, 0.1188 -0.5417 0.3292, 0.1192 -0.5417 0.3276, 0.1185 -0.5417 0.3277, 0.1195 -0.5417 0.3266, 0.1182 -0.5417 0.3266, 0.1251 -0.5417 0.3112, 0.1126 -0.5417 0.3112
            ]
        }
        coordIndex [
            0,1,2,-1,2,1,3,-1,2,3,4,-1,4,3,5,-1,4,5,6,-1,6,5,7,-1,
        ]
    }
}
Shape{
    appearance Appearance {
        material  Material 	{
            diffuseColor 0.0 0.0 0.0
            specularColor 0.0 0.0 0.0
            ambientIntensity 0.0
            transparency 0.0
            shininess 0.5
        }
    }
    geometry IndexedFaceSet {
        ccw TRUE
        solid FALSE
        coord DEF co Coordinate {
            point [
                0.0068 -0.5457 0.2423, 0.0068 -0.5457 0.2381, 0.0068 -0.5417 0.2423, 0.0068 -0.5417 0.2381, -0.0083 -0.5457 0.2423, -0.0083 -0.5417 0.2423, -0.0083 -0.5457 0.2548, -0.0083 -0.5417 0.2548, 0.0049 -0.5457 0.2548, 0.0049 -0.5417 0.2548, 0.0049 -0.5457 0.259, 0.0049 -0.5417 0.259, -0.0083 -0.5457 0.259, -0.0083 -0.5417 0.259, -0.0083 -0.5457 0.2709, -0.0083 -0.5417 0.2709, 0.006 -0.5457 0.2709, 0.006 -0.5417 0.2709, 0.006 -0.5457 0.2751, 0.006 -0.5417 0.2751, -0.0131 -0.5457 0.2751, -0.0131 -0.5417 0.2751, -0.0131 -0.5457 0.2381, -0.0131 -0.5417 0.2381, 0.0279 -0.5457 0.2381, 0.0325 -0.5457 0.2381, 0.0279 -0.5457 0.2421, 0.0325 -0.5457 0.2551, 0.0279 -0.5457 0.2549, 0.0178 -0.5457 0.2493, 0.0189 -0.5457 0.2499, 0.0278 -0.5457 0.2421, 0.0253 -0.5457 0.2428, 0.027 -0.5457 0.241, 0.024 -0.5457 0.2419, 0.0217 -0.5457 0.2505, 0.0279 -0.5457 0.2513, 0.0279 -0.5457 0.2488, 0.0279 -0.5457 0.2485, 0.0276 -0.5457 0.2464, 0.0269 -0.5457 0.2448, 0.0259 -0.5457 0.2434, 0.0277 -0.5457 0.2569, 0.0322 -0.5457 0.2587, 0.0272 -0.5457 0.2586, 0.0314 -0.5457 0.2608, 0.0267 -0.5457 0.2595, 0.0305 -0.5457 0.2622, 0.026 -0.5457 0.2603, 0.0292 -0.5457 0.2634, 0.0252 -0.5457 0.2608, 0.0277 -0.5457 0.2643, 0.0241 -0.5457 0.2612, 0.0257 -0.5457 0.2649, 0.0225 -0.5457 0.2614, 0.023 -0.5457 0.2651, 0.0196 -0.5457 0.261, 0.0183 -0.5457 0.2646, 0.0167 -0.5457 0.26, 0.0148 -0.5457 0.2632, 0.0138 -0.5457 0.2582, 0.0138 -0.5457 0.2627, 0.0169 -0.5457 0.2428, 0.0135 -0.5457 0.2395, 0.0173 -0.5457 0.2424, 0.0151 -0.5457 0.2384, 0.0182 -0.5457 0.2418, 0.0169 -0.5457 0.2378, 0.0193 -0.5457 0.2414, 0.0196 -0.5457 0.2374, 0.0208 -0.5457 0.2412, 0.022 -0.5457 0.2377, 0.0226 -0.5457 0.2414, 0.0239 -0.5457 0.2384, 0.0255 -0.5457 0.2395, 0.016 -0.5457 0.2463, 0.0113 -0.5457 0.2457, 0.016 -0.5457 0.2455, 0.0113 -0.5457 0.2451, 0.0161 -0.5457 0.2445, 0.0115 -0.5457 0.243, 0.0164 -0.5457 0.2436, 0.012 -0.5457 0.2415, 0.013 -0.5457 0.24, 0.02 -0.5457 0.2538, 0.0165 -0.5457 0.2529, 0.0172 -0.5457 0.2489, 0.0146 -0.5457 0.2519, 0.0166 -0.5457 0.2482, 0.0131 -0.5457 0.2507, 0.0162 -0.5457 0.2473, 0.0122 -0.5457 0.2493, 0.0116 -0.5457 0.2477, 0.023 -0.5417 0.2651, 0.0183 -0.5417 0.2646, 0.0148 -0.5417 0.2632, 0.0138 -0.5417 0.2627, 0.0138 -0.5417 0.2582, 0.0167 -0.5417 0.26, 0.0196 -0.5417 0.261, 0.0225 -0.5417 0.2614, 0.0241 -0.5417 0.2612, 0.0252 -0.5417 0.2608, 0.026 -0.5417 0.2603, 0.0267 -0.5417 0.2595, 0.0272 -0.5417 0.2586, 0.0277 -0.5417 0.2569, 0.0279 -0.5417 0.2549, 0.02 -0.5417 0.2538, 0.0165 -0.5417 0.2529, 0.0146 -0.5417 0.2519, 0.0131 -0.5417 0.2507, 0.0122 -0.5417 0.2493, 0.0116 -0.5417 0.2477, 0.0113 -0.5417 0.2457, 0.0113 -0.5417 0.2451, 0.0115 -0.5417 0.243, 0.012 -0.5417 0.2415, 0.013 -0.5417 0.24, 0.0135 -0.5417 0.2395, 0.0196 -0.5417 0.2374, 0.017 -0.5417 0.2377, 0.0169 -0.5417 0.2378, 0.0151 -0.5417 0.2384, 0.022 -0.5417 0.2377, 0.0222 -0.5417 0.2377, 0.0239 -0.5417 0.2384, 0.0255 -0.5417 0.2395, 0.027 -0.5417 0.241, 0.0278 -0.5417 0.2421, 0.0279 -0.5417 0.2421, 0.0279 -0.5417 0.2381, 0.0325 -0.5417 0.2381, 0.0325 -0.5417 0.2551, 0.0322 -0.5417 0.2587, 0.0314 -0.5417 0.2608, 0.0305 -0.5417 0.2622, 0.0292 -0.5417 0.2634, 0.0277 -0.5417 0.2643, 0.0257 -0.5417 0.2649, 0.0172 -0.5417 0.2489, 0.0178 -0.5417 0.2493, 0.0189 -0.5417 0.2499, 0.0217 -0.5417 0.2505, 0.016 -0.5417 0.2455, 0.016 -0.5417 0.2463, 0.0162 -0.5417 0.2473, 0.0166 -0.5417 0.2482, 0.0173 -0.5417 0.2424, 0.0169 -0.5417 0.2428, 0.0164 -0.5417 0.2436, 0.0161 -0.5417 0.2445, 0.0208 -0.5417 0.2412, 0.0193 -0.5417 0.2414, 0.0182 -0.5417 0.2418, 0.0259 -0.5417 0.2434, 0.0253 -0.5417 0.2428, 0.024 -0.5417 0.2419, 0.0226 -0.5417 0.2414, 0.0279 -0.5417 0.2488, 0.0279 -0.5417 0.2485, 0.0276 -0.5417 0.2464, 0.0269 -0.5417 0.2448, 0.0279 -0.5417 0.2513
            ]
        }
        coordIndex [
            0,1,2,-1,2,1,3,-1,4,0,5,-1,5,0,2,-1,6,4,7,-1,7,4,5,-1,8,6,9,-1,9,6,7,-1,10,8,11,-1,11,8,9,-1,12,10,13,-1,13,10,11,-1,14,12,15,-1,15,12,13,-1,16,14,17,-1,17,14,15,-1,18,16,19,-1,19,16,17,-1,20,18,21,-1,21,18,19,-1,22,20,23,-1,23,20,21,-1,1,22,3,-1,3,22,23,-1,22,1,0,-1,0,4,22,-1,22,4,6,-1,22,6,20,-1,16,18,14,-1,14,18,20,-1,14,20,12,-1,12,20,6,-1,12,6,10,-1,10,6,8,-1,24,25,26,-1,26,25,27,-1,28,29,30,-1,31,32,33,-1,33,32,34,-1,35,36,27,-1,27,36,37,-1,37,38,27,-1,27,38,39,-1,27,39,26,-1,26,39,40,-1,26,40,31,-1,31,40,41,-1,31,41,32,-1,30,35,28,-1,28,35,27,-1,28,27,42,-1,42,27,43,-1,42,43,44,-1,44,43,45,-1,44,45,46,-1,46,45,47,-1,46,47,48,-1,48,47,49,-1,48,49,50,-1,50,49,51,-1,50,51,52,-1,52,51,53,-1,52,53,54,-1,54,53,55,-1,54,55,56,-1,56,55,57,-1,56,57,58,-1,58,57,59,-1,58,59,60,-1,60,59,61,-1,62,63,64,-1,64,63,65,-1,64,65,66,-1,66,65,67,-1,66,67,68,-1,68,67,69,-1,68,69,70,-1,70,69,71,-1,70,71,72,-1,72,71,73,-1,72,73,34,-1,34,73,74,-1,34,74,33,-1,75,76,77,-1,77,76,78,-1,77,78,79,-1,79,78,80,-1,79,80,81,-1,81,80,82,-1,81,82,62,-1,62,82,83,-1,62,83,63,-1,28,84,29,-1,29,84,85,-1,29,85,86,-1,86,85,87,-1,86,87,88,-1,88,87,89,-1,88,89,90,-1,90,89,91,-1,90,91,75,-1,75,91,92,-1,75,92,76,-1,55,93,94,-1,55,94,57,-1,57,94,95,-1,57,95,59,-1,59,95,96,-1,59,96,61,-1,60,61,97,-1,97,61,96,-1,60,97,98,-1,60,98,58,-1,58,98,99,-1,58,99,56,-1,56,99,100,-1,56,100,54,-1,54,100,101,-1,54,101,52,-1,52,101,102,-1,52,102,50,-1,50,102,103,-1,50,103,48,-1,48,103,104,-1,48,104,46,-1,46,104,105,-1,46,105,44,-1,44,105,106,-1,44,106,42,-1,42,106,107,-1,42,107,28,-1,84,28,108,-1,108,28,107,-1,84,108,109,-1,84,109,85,-1,85,109,110,-1,85,110,87,-1,87,110,111,-1,87,111,89,-1,89,111,112,-1,89,112,91,-1,91,112,113,-1,91,113,92,-1,92,113,114,-1,92,114,76,-1,76,114,115,-1,76,115,78,-1,78,115,116,-1,78,116,80,-1,80,116,117,-1,80,117,82,-1,82,117,118,-1,82,118,83,-1,83,118,119,-1,83,119,63,-1,120,69,121,-1,121,69,67,-1,121,67,122,-1,122,67,65,-1,122,65,123,-1,123,65,63,-1,123,63,119,-1,69,120,124,-1,69,124,71,-1,71,124,125,-1,71,125,73,-1,125,126,73,-1,73,126,127,-1,73,127,74,-1,74,127,128,-1,74,128,33,-1,33,128,129,-1,33,129,31,-1,26,31,130,-1,130,31,129,-1,24,26,131,-1,131,26,130,-1,25,24,132,-1,132,24,131,-1,27,25,133,-1,133,25,132,-1,27,133,134,-1,27,134,43,-1,43,134,135,-1,43,135,45,-1,45,135,136,-1,45,136,47,-1,47,136,137,-1,47,137,49,-1,49,137,138,-1,49,138,51,-1,51,138,139,-1,51,139,53,-1,53,139,93,-1,53,93,55,-1,86,140,141,-1,86,141,29,-1,29,141,142,-1,29,142,30,-1,30,142,143,-1,30,143,35,-1,77,144,145,-1,77,145,75,-1,75,145,146,-1,75,146,90,-1,90,146,147,-1,90,147,88,-1,88,147,140,-1,88,140,86,-1,64,148,149,-1,64,149,62,-1,62,149,150,-1,62,150,81,-1,81,150,151,-1,81,151,79,-1,79,151,144,-1,79,144,77,-1,70,152,153,-1,70,153,68,-1,68,153,154,-1,68,154,66,-1,66,154,148,-1,66,148,64,-1,41,155,156,-1,41,156,32,-1,32,156,157,-1,32,157,34,-1,34,157,158,-1,34,158,72,-1,72,158,152,-1,72,152,70,-1,37,159,160,-1,37,160,38,-1,38,160,161,-1,38,161,39,-1,39,161,162,-1,39,162,40,-1,40,162,155,-1,40,155,41,-1,37,36,159,-1,159,36,163,-1,36,35,163,-1,163,35,143,-1,
        ]
    }
}
Shape{
    appearance Appearance {
        material  Material 	{
            diffuseColor 1.0 1.0 1.0
            specularColor 0.5019607843137255 0.5019607843137255 0.5019607843137255
            ambientIntensity 1.0
            transparency 0.0
            shininess 0.5
        }
    }
    geometry IndexedFaceSet {
        ccw TRUE
        solid FALSE
        coord DEF co Coordinate {
            point [
                0.0279 -0.5417 0.2485, 0.0279 -0.5417 0.2488, 0.0172 -0.5417 0.2489, 0.0279 -0.5417 0.2513, 0.0217 -0.5417 0.2505, 0.0189 -0.5417 0.2499, 0.0178 -0.5417 0.2493, 0.0276 -0.5417 0.2464, 0.0166 -0.5417 0.2482, 0.0269 -0.5417 0.2448, 0.0169 -0.5417 0.2428, 0.0173 -0.5417 0.2424, 0.0253 -0.5417 0.2428, 0.0164 -0.5417 0.2436, 0.024 -0.5417 0.2419, 0.0226 -0.5417 0.2414, 0.0208 -0.5417 0.2412, 0.0162 -0.5417 0.2473, 0.016 -0.5417 0.2463, 0.0259 -0.5417 0.2434, 0.016 -0.5417 0.2455, 0.0161 -0.5417 0.2445, 0.0182 -0.5417 0.2418, 0.0193 -0.5417 0.2414
            ]
        }
        coordIndex [
            0,1,2,-1,1,3,4,-1,4,5,1,-1,1,5,6,-1,1,6,2,-1,0,2,7,-1,7,2,8,-1,7,8,9,-1,10,11,12,-1,10,12,13,-1,14,12,15,-1,15,12,16,-1,8,17,9,-1,9,17,18,-1,9,18,19,-1,19,18,20,-1,19,20,12,-1,12,20,21,-1,12,21,13,-1,11,22,12,-1,12,22,23,-1,12,23,16,-1,
        ]
    }
}
Shape{
    appearance Appearance {
        material  Material 	{
            diffuseColor 0.0 0.0 0.0
            specularColor 0.0 0.0 0.0
            ambientIntensity 0.0
            transparency 0.0
            shininess 0.5
        }
    }
    geometry IndexedFaceSet {
        ccw TRUE
        solid FALSE
        coord DEF co Coordinate {
            point [
                0.0388 -0.5417 0.2438, 0.0388 -0.5457 0.2438, 0.0405 -0.5457 0.2427, 0.0465 -0.5457 0.2412, 0.0465 -0.5417 0.2412, 0.0435 -0.5417 0.2416, 0.0435 -0.5457 0.2416, 0.041 -0.5417 0.2425, 0.0405 -0.5417 0.2427, 0.0388 -0.5457 0.239, 0.0388 -0.5417 0.239, 0.041 -0.5417 0.2382, 0.0418 -0.5457 0.2379, 0.046 -0.5417 0.2374, 0.046 -0.5457 0.2374, 0.0432 -0.5417 0.2377, 0.0418 -0.5417 0.2379, 0.0491 -0.5417 0.2377, 0.0497 -0.5457 0.2378, 0.0497 -0.5417 0.2378, 0.0522 -0.5417 0.2387, 0.0522 -0.5457 0.2387, 0.0537 -0.5417 0.2395, 0.0537 -0.5457 0.2395, 0.055 -0.5417 0.2407, 0.055 -0.5457 0.2407, 0.0559 -0.5417 0.2419, 0.0559 -0.5457 0.2419, 0.0565 -0.5417 0.2434, 0.0565 -0.5457 0.2434, 0.0567 -0.5417 0.2453, 0.0567 -0.5457 0.2453, 0.0565 -0.5417 0.247, 0.0565 -0.5457 0.247, 0.056 -0.5417 0.2484, 0.056 -0.5457 0.2484, 0.0551 -0.5417 0.2496, 0.0551 -0.5457 0.2496, 0.054 -0.5417 0.2506, 0.054 -0.5457 0.2506, 0.051 -0.5417 0.2523, 0.051 -0.5457 0.2523, 0.0492 -0.5417 0.2531, 0.0492 -0.5457 0.2531, 0.0463 -0.5417 0.2543, 0.0463 -0.5457 0.2543, 0.0446 -0.5417 0.2553, 0.0446 -0.5457 0.2553, 0.0442 -0.5417 0.2558, 0.0442 -0.5457 0.2558, 0.0439 -0.5417 0.2565, 0.0439 -0.5457 0.2565, 0.0437 -0.5417 0.2572, 0.0437 -0.5457 0.2572, 0.0436 -0.5417 0.2578, 0.0436 -0.5457 0.2578, 0.0437 -0.5417 0.2585, 0.0437 -0.5457 0.2585, 0.0439 -0.5417 0.2592, 0.0439 -0.5457 0.2592, 0.0443 -0.5417 0.2598, 0.0443 -0.5457 0.2598, 0.045 -0.5417 0.2604, 0.045 -0.5457 0.2604, 0.0461 -0.5417 0.2609, 0.0461 -0.5457 0.2609, 0.0473 -0.5417 0.2613, 0.0473 -0.5457 0.2613, 0.0487 -0.5417 0.2614, 0.0487 -0.5457 0.2614, 0.0518 -0.5417 0.261, 0.0518 -0.5457 0.261, 0.0544 -0.5417 0.26, 0.0544 -0.5457 0.26, 0.0554 -0.5417 0.2595, 0.0554 -0.5457 0.2595, 0.0554 -0.5457 0.264, 0.0554 -0.5417 0.264, 0.0523 -0.5417 0.2649, 0.0523 -0.5457 0.2649, 0.0492 -0.5417 0.2651, 0.0492 -0.5457 0.2651, 0.0458 -0.5417 0.2648, 0.0458 -0.5457 0.2648, 0.0432 -0.5417 0.2639, 0.0432 -0.5457 0.2639, 0.0418 -0.5417 0.263, 0.0418 -0.5457 0.263, 0.041 -0.5417 0.2623, 0.0404 -0.5457 0.2618, 0.0404 -0.5417 0.2618, 0.0396 -0.5417 0.2605, 0.0396 -0.5457 0.2605, 0.039 -0.5417 0.259, 0.039 -0.5457 0.259, 0.0388 -0.5417 0.2574, 0.0388 -0.5457 0.2574, 0.039 -0.5417 0.2556, 0.039 -0.5457 0.2556, 0.0396 -0.5417 0.2542, 0.0396 -0.5457 0.2542, 0.0402 -0.5417 0.2532, 0.0402 -0.5457 0.2532, 0.0459 -0.5417 0.2497, 0.0459 -0.5457 0.2497, 0.0431 -0.5457 0.251, 0.0409 -0.5417 0.2524, 0.0409 -0.5457 0.2524, 0.041 -0.5417 0.2524, 0.0431 -0.5417 0.251, 0.0489 -0.5417 0.2484, 0.0489 -0.5457 0.2484, 0.0507 -0.5417 0.2473, 0.0507 -0.5457 0.2473, 0.0513 -0.5417 0.2467, 0.0513 -0.5457 0.2467, 0.0517 -0.5417 0.2461, 0.0517 -0.5457 0.2461, 0.0519 -0.5417 0.2454, 0.0519 -0.5457 0.2454, 0.0519 -0.5417 0.2448, 0.0519 -0.5457 0.2448, 0.0518 -0.5417 0.2439, 0.0518 -0.5457 0.2439, 0.0516 -0.5417 0.2433, 0.0516 -0.5457 0.2433, 0.0512 -0.5417 0.2427, 0.0512 -0.5457 0.2427, 0.0507 -0.5417 0.2422, 0.0507 -0.5457 0.2422, 0.0502 -0.5417 0.2419, 0.0502 -0.5457 0.2419, 0.049 -0.5417 0.2415, 0.049 -0.5457 0.2415, 0.0467 -0.5417 0.2412, 0.0467 -0.5457 0.2412, 0.0797 -0.5457 0.2645, 0.0845 -0.5457 0.2645, 0.0797 -0.5417 0.2645, 0.0845 -0.5417 0.2645, 0.0725 -0.5457 0.2446, 0.0725 -0.5417 0.2446, 0.0721 -0.5417 0.2434, 0.0721 -0.5457 0.2434, 0.0719 -0.5417 0.2425, 0.0719 -0.5457 0.2425, 0.0718 -0.5457 0.2425, 0.0718 -0.5417 0.2425, 0.0712 -0.5457 0.2446, 0.0712 -0.5417 0.2446, 0.0643 -0.5457 0.2645, 0.0665 -0.5417 0.2581, 0.0643 -0.5417 0.2645, 0.0591 -0.5457 0.2645, 0.0591 -0.5417 0.2645, 0.0695 -0.5457 0.2381, 0.0665 -0.5417 0.2456, 0.0695 -0.5417 0.2381, 0.0675 -0.5417 0.2333, 0.0675 -0.5457 0.2333, 0.0693 -0.5417 0.2377, 0.0665 -0.5417 0.2316, 0.0665 -0.5457 0.2316, 0.0657 -0.5417 0.2307, 0.0657 -0.5457 0.2307, 0.0649 -0.5417 0.2301, 0.0649 -0.5457 0.2301, 0.0638 -0.5417 0.2297, 0.0638 -0.5457 0.2297, 0.0627 -0.5417 0.2296, 0.0627 -0.5457 0.2296, 0.061 -0.5417 0.2298, 0.061 -0.5457 0.2298, 0.0601 -0.5417 0.2301, 0.0601 -0.5457 0.2301, 0.0601 -0.5457 0.226, 0.0601 -0.5417 0.226, 0.062 -0.5417 0.2256, 0.062 -0.5457 0.2256, 0.0631 -0.5417 0.2256, 0.0631 -0.5457 0.2256, 0.0649 -0.5417 0.2258, 0.0649 -0.5457 0.2258, 0.0665 -0.5417 0.2264, 0.0668 -0.5457 0.2265, 0.0668 -0.5417 0.2265, 0.0684 -0.5417 0.2276, 0.0684 -0.5457 0.2276, 0.0687 -0.5417 0.2279, 0.0687 -0.5457 0.2279, 0.0704 -0.5417 0.23, 0.0704 -0.5457 0.23, 0.0725 -0.5417 0.2341, 0.0725 -0.5457 0.2341, 0.074 -0.5417 0.2377, 0.1095 -0.5457 0.2423, 0.1095 -0.5457 0.2381, 0.1095 -0.5417 0.2423, 0.1095 -0.5417 0.2381, 0.0943 -0.5457 0.2423, 0.1013 -0.5417 0.2423, 0.0943 -0.5417 0.2423, 0.0943 -0.5457 0.2548, 0.0943 -0.5417 0.2548, 0.1076 -0.5457 0.2548, 0.1013 -0.5417 0.2548, 0.1076 -0.5417 0.2548, 0.1076 -0.5457 0.259, 0.1076 -0.5417 0.259, 0.0943 -0.5417 0.259, 0.0943 -0.5457 0.259, 0.1013 -0.5417 0.259, 0.0943 -0.5457 0.2709, 0.0943 -0.5417 0.2709, 0.1086 -0.5417 0.2709, 0.1086 -0.5457 0.2709, 0.1013 -0.5417 0.2709, 0.1086 -0.5457 0.2751, 0.1086 -0.5417 0.2751, 0.0895 -0.5417 0.2751, 0.0895 -0.5457 0.2751, 0.1013 -0.5417 0.2751, 0.0895 -0.5457 0.2381, 0.0895 -0.5417 0.2381, 0.1013 -0.5417 0.2381, 0.1395 -0.5457 0.2484, 0.1377 -0.5457 0.2461, 0.1411 -0.5457 0.2432, 0.1372 -0.5457 0.2457, 0.1372 -0.5457 0.2405, 0.1348 -0.5457 0.2441, 0.1329 -0.5457 0.2388, 0.1317 -0.5457 0.2429, 0.1267 -0.5457 0.2381, 0.1266 -0.5457 0.2423, 0.1165 -0.5457 0.2381, 0.1213 -0.5457 0.2423, 0.1165 -0.5457 0.2751, 0.1213 -0.5457 0.2709, 0.127 -0.5457 0.2751, 0.1269 -0.5457 0.2709, 0.1327 -0.5457 0.2745, 0.1318 -0.5457 0.2703, 0.1372 -0.5457 0.2729, 0.135 -0.5457 0.2691, 0.1411 -0.5457 0.2702, 0.1376 -0.5457 0.2674, 0.1424 -0.5457 0.2689, 0.1386 -0.5457 0.2663, 0.1447 -0.5457 0.2657, 0.14 -0.5457 0.2643, 0.146 -0.5457 0.2621, 0.1411 -0.5457 0.2615, 0.1466 -0.5457 0.2571, 0.1416 -0.5457 0.2569, 0.1465 -0.5457 0.2547, 0.1415 -0.5457 0.2546, 0.1456 -0.5457 0.2504, 0.1408 -0.5457 0.2512, 0.1438 -0.5457 0.2465, 0.1267 -0.5417 0.2381, 0.1165 -0.5417 0.2381, 0.1329 -0.5417 0.2388, 0.1372 -0.5417 0.2405, 0.1411 -0.5417 0.2432, 0.1438 -0.5417 0.2465, 0.1456 -0.5417 0.2504, 0.1465 -0.5417 0.2547, 0.1466 -0.5417 0.2571, 0.146 -0.5417 0.2621, 0.1447 -0.5417 0.2657, 0.1424 -0.5417 0.2689, 0.1411 -0.5417 0.2702, 0.1372 -0.5417 0.2729, 0.1327 -0.5417 0.2745, 0.127 -0.5417 0.2751, 0.1165 -0.5417 0.2751, 0.1269 -0.5417 0.2709, 0.1213 -0.5417 0.2709, 0.1213 -0.5417 0.2423, 0.1266 -0.5417 0.2423, 0.1377 -0.5417 0.2461, 0.1372 -0.5417 0.2457, 0.1348 -0.5417 0.2441, 0.1317 -0.5417 0.2429, 0.1416 -0.5417 0.2569, 0.1415 -0.5417 0.2546, 0.1408 -0.5417 0.2512, 0.1395 -0.5417 0.2484, 0.1376 -0.5417 0.2674, 0.1386 -0.5417 0.2663, 0.14 -0.5417 0.2643, 0.1411 -0.5417 0.2615, 0.1318 -0.5417 0.2703, 0.135 -0.5417 0.2691
            ]
        }
        coordIndex [
            0,1,2,-1,3,4,5,-1,3,5,6,-1,6,5,7,-1,6,7,2,-1,2,7,8,-1,2,8,0,-1,9,1,10,-1,10,1,0,-1,10,11,9,-1,9,11,12,-1,13,14,15,-1,15,14,12,-1,15,12,16,-1,16,12,11,-1,13,17,14,-1,14,17,18,-1,17,19,18,-1,18,19,20,-1,18,20,21,-1,21,20,22,-1,21,22,23,-1,23,22,24,-1,23,24,25,-1,25,24,26,-1,25,26,27,-1,27,26,28,-1,27,28,29,-1,29,28,30,-1,29,30,31,-1,31,30,32,-1,31,32,33,-1,33,32,34,-1,33,34,35,-1,35,34,36,-1,35,36,37,-1,37,36,38,-1,37,38,39,-1,39,38,40,-1,39,40,41,-1,41,40,42,-1,41,42,43,-1,43,42,44,-1,43,44,45,-1,45,44,46,-1,45,46,47,-1,47,46,48,-1,47,48,49,-1,49,48,50,-1,49,50,51,-1,51,50,52,-1,51,52,53,-1,53,52,54,-1,53,54,55,-1,55,54,56,-1,55,56,57,-1,57,56,58,-1,57,58,59,-1,59,58,60,-1,59,60,61,-1,61,60,62,-1,61,62,63,-1,63,62,64,-1,63,64,65,-1,65,64,66,-1,65,66,67,-1,67,66,68,-1,67,68,69,-1,69,68,70,-1,69,70,71,-1,71,70,72,-1,71,72,73,-1,73,72,74,-1,73,74,75,-1,76,75,77,-1,77,75,74,-1,76,77,78,-1,76,78,79,-1,79,78,80,-1,79,80,81,-1,81,80,82,-1,81,82,83,-1,83,82,84,-1,83,84,85,-1,85,84,86,-1,85,86,87,-1,86,88,87,-1,87,88,89,-1,88,90,89,-1,89,90,91,-1,89,91,92,-1,92,91,93,-1,92,93,94,-1,94,93,95,-1,94,95,96,-1,96,95,97,-1,96,97,98,-1,98,97,99,-1,98,99,100,-1,100,99,101,-1,100,101,102,-1,103,104,105,-1,102,101,106,-1,102,106,107,-1,107,106,108,-1,107,108,105,-1,105,108,109,-1,105,109,103,-1,104,103,110,-1,104,110,111,-1,111,110,112,-1,111,112,113,-1,113,112,114,-1,113,114,115,-1,115,114,116,-1,115,116,117,-1,117,116,118,-1,117,118,119,-1,119,118,120,-1,119,120,121,-1,121,120,122,-1,121,122,123,-1,123,122,124,-1,123,124,125,-1,125,124,126,-1,125,126,127,-1,127,126,128,-1,127,128,129,-1,129,128,130,-1,129,130,131,-1,131,130,132,-1,131,132,133,-1,133,132,134,-1,133,134,135,-1,135,134,4,-1,135,4,3,-1,61,63,85,-1,85,63,83,-1,111,43,104,-1,104,43,45,-1,21,23,127,-1,127,23,25,-1,127,25,125,-1,125,25,27,-1,125,27,123,-1,123,27,29,-1,123,29,121,-1,121,29,31,-1,121,31,119,-1,119,31,33,-1,119,33,117,-1,117,33,35,-1,117,35,115,-1,115,35,37,-1,115,37,113,-1,113,37,39,-1,113,39,111,-1,111,39,41,-1,111,41,43,-1,14,3,12,-1,12,3,6,-1,12,6,9,-1,9,6,2,-1,9,2,1,-1,63,65,83,-1,83,65,67,-1,83,67,81,-1,81,67,69,-1,81,69,79,-1,79,69,71,-1,79,71,76,-1,76,71,73,-1,76,73,75,-1,127,129,21,-1,21,129,131,-1,21,131,18,-1,18,131,133,-1,18,133,14,-1,14,133,135,-1,14,135,3,-1,85,87,61,-1,61,87,89,-1,61,89,59,-1,59,89,92,-1,59,92,57,-1,57,92,94,-1,57,94,55,-1,55,94,96,-1,55,96,53,-1,53,96,98,-1,53,98,51,-1,51,98,100,-1,51,100,49,-1,49,100,102,-1,49,102,47,-1,47,102,107,-1,47,107,45,-1,45,107,105,-1,45,105,104,-1,136,137,138,-1,138,137,139,-1,140,136,141,-1,141,136,138,-1,140,141,142,-1,140,142,143,-1,143,142,144,-1,143,144,145,-1,146,145,147,-1,147,145,144,-1,148,146,149,-1,149,146,147,-1,148,149,150,-1,150,149,151,-1,150,151,152,-1,153,150,154,-1,154,150,152,-1,153,154,155,-1,155,154,156,-1,155,156,157,-1,158,159,160,-1,160,159,155,-1,160,155,157,-1,159,158,161,-1,159,161,162,-1,162,161,163,-1,162,163,164,-1,164,163,165,-1,164,165,166,-1,166,165,167,-1,166,167,168,-1,168,167,169,-1,168,169,170,-1,170,169,171,-1,170,171,172,-1,172,171,173,-1,172,173,174,-1,175,174,176,-1,176,174,173,-1,175,176,177,-1,175,177,178,-1,178,177,179,-1,178,179,180,-1,180,179,181,-1,180,181,182,-1,182,181,183,-1,182,183,184,-1,183,185,184,-1,184,185,186,-1,184,186,187,-1,187,186,188,-1,187,188,189,-1,189,188,190,-1,189,190,191,-1,191,190,192,-1,191,192,193,-1,139,137,194,-1,194,137,193,-1,194,193,192,-1,143,145,193,-1,137,136,193,-1,193,136,140,-1,193,140,143,-1,150,153,148,-1,148,153,155,-1,148,155,146,-1,174,175,172,-1,172,175,178,-1,172,178,170,-1,170,178,180,-1,170,180,168,-1,168,180,182,-1,168,182,166,-1,166,182,184,-1,166,184,164,-1,191,162,189,-1,189,162,164,-1,189,164,187,-1,187,164,184,-1,145,146,193,-1,193,146,155,-1,193,155,191,-1,191,155,159,-1,191,159,162,-1,195,196,197,-1,197,196,198,-1,195,197,199,-1,199,197,200,-1,199,200,201,-1,202,199,203,-1,203,199,201,-1,202,203,204,-1,204,203,205,-1,204,205,206,-1,207,204,208,-1,208,204,206,-1,209,210,211,-1,211,210,207,-1,211,207,208,-1,212,210,213,-1,213,210,209,-1,214,215,216,-1,216,215,212,-1,216,212,213,-1,217,215,218,-1,218,215,214,-1,219,220,221,-1,221,220,217,-1,221,217,218,-1,222,220,223,-1,223,220,219,-1,222,223,196,-1,196,223,224,-1,196,224,198,-1,222,196,195,-1,195,199,222,-1,222,199,202,-1,222,202,220,-1,215,217,212,-1,212,217,220,-1,212,220,210,-1,210,220,202,-1,210,202,207,-1,207,202,204,-1,225,226,227,-1,227,226,228,-1,227,228,229,-1,229,228,230,-1,229,230,231,-1,231,230,232,-1,231,232,233,-1,233,232,234,-1,233,234,235,-1,235,234,236,-1,235,236,237,-1,237,236,238,-1,237,238,239,-1,239,238,240,-1,239,240,241,-1,241,240,242,-1,241,242,243,-1,243,242,244,-1,243,244,245,-1,245,244,246,-1,245,246,247,-1,247,246,248,-1,247,248,249,-1,249,248,250,-1,249,250,251,-1,251,250,252,-1,251,252,253,-1,253,252,254,-1,253,254,255,-1,255,254,256,-1,255,256,257,-1,257,256,258,-1,257,258,259,-1,259,258,225,-1,259,225,227,-1,233,235,260,-1,260,235,261,-1,233,260,262,-1,233,262,231,-1,231,262,263,-1,231,263,229,-1,229,263,264,-1,229,264,227,-1,227,264,265,-1,227,265,259,-1,259,265,266,-1,259,266,257,-1,257,266,267,-1,257,267,255,-1,255,267,268,-1,255,268,253,-1,253,268,269,-1,253,269,251,-1,251,269,270,-1,251,270,249,-1,249,270,271,-1,249,271,247,-1,247,271,272,-1,247,272,245,-1,245,272,273,-1,245,273,243,-1,243,273,274,-1,243,274,241,-1,241,274,275,-1,241,275,239,-1,237,239,276,-1,276,239,275,-1,235,237,261,-1,261,237,276,-1,240,238,277,-1,277,238,278,-1,238,236,278,-1,278,236,279,-1,236,234,279,-1,279,234,280,-1,226,281,282,-1,226,282,228,-1,228,282,283,-1,228,283,230,-1,230,283,284,-1,230,284,232,-1,232,284,280,-1,232,280,234,-1,254,285,286,-1,254,286,256,-1,256,286,287,-1,256,287,258,-1,258,287,288,-1,258,288,225,-1,225,288,281,-1,225,281,226,-1,246,289,290,-1,246,290,248,-1,248,290,291,-1,248,291,250,-1,250,291,292,-1,250,292,252,-1,252,292,285,-1,252,285,254,-1,240,277,293,-1,240,293,242,-1,242,293,294,-1,242,294,244,-1,244,294,289,-1,244,289,246,-1,
        ]
    }
}
Shape{
    appearance Appearance {
        material  Material 	{
            diffuseColor 1.0 1.0 1.0
            specularColor 0.5019607843137255 0.5019607843137255 0.5019607843137255
            ambientIntensity 1.0
            transparency 0.0
            shininess 0.5
        }
    }
    geometry IndexedFaceSet {
        ccw TRUE
        solid FALSE
        coord DEF co Coordinate {
            point [
                0.1213 -0.5417 0.2709, 0.1213 -0.5417 0.2423, 0.1269 -0.5417 0.2709, 0.1266 -0.5417 0.2423, 0.1317 -0.5417 0.2429, 0.1348 -0.5417 0.2441, 0.1372 -0.5417 0.2457, 0.1377 -0.5417 0.2461, 0.1395 -0.5417 0.2484, 0.1408 -0.5417 0.2512, 0.1416 -0.5417 0.2569, 0.1376 -0.5417 0.2674, 0.135 -0.5417 0.2691, 0.1411 -0.5417 0.2615, 0.14 -0.5417 0.2643, 0.1386 -0.5417 0.2663, 0.1415 -0.5417 0.2546, 0.1318 -0.5417 0.2703
            ]
        }
        coordIndex [
            0,1,2,-1,2,1,3,-1,3,4,2,-1,2,4,5,-1,2,5,6,-1,6,7,2,-1,2,7,8,-1,2,8,9,-1,10,11,12,-1,13,14,10,-1,10,14,15,-1,10,15,11,-1,9,16,2,-1,2,16,10,-1,2,10,17,-1,17,10,12,-1,
        ]
    }
}
Shape{
    appearance Appearance {
        material  Material 	{
            diffuseColor 0.0 0.0 0.0
            specularColor 0.0 0.0 0.0
            ambientIntensity 0.0
            transparency 0.0
            shininess 0.5
        }
    }
    geometry IndexedFaceSet {
        ccw TRUE
        solid FALSE
        coord DEF co Coordinate {
            point [
                0.1591 -0.5457 0.2524, 0.1576 -0.5457 0.2482, 0.1715 -0.5457 0.2524, 0.173 -0.5457 0.2482, 0.1646 -0.5457 0.2678, 0.1628 -0.5457 0.2751, 0.1487 -0.5457 0.2381, 0.154 -0.5457 0.2381, 0.1649 -0.5457 0.2689, 0.1652 -0.5457 0.2704, 0.1679 -0.5457 0.2751, 0.1653 -0.5457 0.2704, 0.1656 -0.5457 0.2688, 0.1659 -0.5457 0.2678, 0.1821 -0.5457 0.2381, 0.1768 -0.5457 0.2381, 0.1679 -0.5417 0.2751, 0.1821 -0.5417 0.2381, 0.1628 -0.5417 0.2751, 0.1487 -0.5417 0.2381, 0.154 -0.5417 0.2381, 0.1576 -0.5417 0.2482, 0.173 -0.5417 0.2482, 0.1768 -0.5417 0.2381, 0.1591 -0.5417 0.2524, 0.1715 -0.5417 0.2524, 0.1659 -0.5417 0.2678, 0.1653 -0.5417 0.2704, 0.1656 -0.5417 0.2688, 0.1652 -0.5417 0.2704, 0.1646 -0.5417 0.2678, 0.1649 -0.5417 0.2689
            ]
        }
        coordIndex [
            0,1,2,-1,2,1,3,-1,4,5,0,-1,0,5,6,-1,0,6,1,-1,1,6,7,-1,4,8,5,-1,5,8,9,-1,5,9,10,-1,10,9,11,-1,10,11,12,-1,12,13,10,-1,10,13,2,-1,10,2,14,-1,14,2,3,-1,14,3,15,-1,10,14,16,-1,16,14,17,-1,5,10,18,-1,18,10,16,-1,6,5,19,-1,19,5,18,-1,7,6,20,-1,20,6,19,-1,1,7,21,-1,21,7,20,-1,3,1,22,-1,22,1,21,-1,15,3,23,-1,23,3,22,-1,14,15,17,-1,17,15,23,-1,0,2,24,-1,24,2,25,-1,2,13,25,-1,25,13,26,-1,11,27,28,-1,11,28,12,-1,12,28,26,-1,12,26,13,-1,11,9,27,-1,27,9,29,-1,4,30,31,-1,4,31,8,-1,8,31,29,-1,8,29,9,-1,4,0,30,-1,30,0,24,-1,
        ]
    }
}
Shape{
    appearance Appearance {
        material  Material 	{
            diffuseColor 1.0 1.0 1.0
            specularColor 0.5019607843137255 0.5019607843137255 0.5019607843137255
            ambientIntensity 1.0
            transparency 0.0
            shininess 0.5
        }
    }
    geometry IndexedFaceSet {
        ccw TRUE
        solid FALSE
        coord DEF co Coordinate {
            point [
                0.1653 -0.5417 0.2704, 0.1652 -0.5417 0.2704, 0.1656 -0.5417 0.2688, 0.1649 -0.5417 0.2689, 0.1659 -0.5417 0.2678, 0.1646 -0.5417 0.2678, 0.1715 -0.5417 0.2524, 0.1591 -0.5417 0.2524
            ]
        }
        coordIndex [
            0,1,2,-1,2,1,3,-1,2,3,4,-1,4,3,5,-1,4,5,6,-1,6,5,7,-1,
        ]
    }
}
Shape{
    appearance Appearance {
        material  Material 	{
            diffuseColor 0.0 0.0 0.0
            specularColor 0.0 0.0 0.0
            ambientIntensity 0.0
            transparency 0.0
            shininess 0.5
        }
    }
    geometry IndexedFaceSet {
        ccw TRUE
        solid FALSE
        coord DEF co Coordinate {
            point [
                -0.1768 -0.5457 0.2328, -0.1729 -0.5457 0.228, -0.1792 -0.5457 0.2561, -0.1281 -0.5457 0.2495, -0.0912 -0.5457 0.269, -0.1445 -0.5457 0.2479, -0.1451 -0.5457 0.2503, -0.1838 -0.5457 0.3019, -0.1779 -0.5457 0.305, -0.1793 -0.5457 0.3212, -0.1347 -0.5457 0.2645, -0.1547 -0.5457 0.2569, -0.1525 -0.5457 0.2567, -0.1629 -0.5457 0.322, -0.1547 -0.5457 0.3028, -0.1507 -0.5457 0.3111, -0.1501 -0.5457 0.2558, -0.1479 -0.5457 0.2544, -0.1463 -0.5457 0.2525, -0.185 -0.5457 0.2597, -0.1828 -0.5457 0.2395, -0.1795 -0.5457 0.2385, -0.1689 -0.5457 0.3225, -0.0994 -0.5457 0.283, -0.1281 -0.5457 0.2469, -0.1445 -0.5457 0.2454, -0.1282 -0.5457 0.2441, -0.1573 -0.5457 0.2566, -0.1607 -0.5457 0.2727, -0.1596 -0.5457 0.2557, -0.1666 -0.5457 0.2705, -0.1617 -0.5457 0.2542, -0.172 -0.5457 0.2668, -0.1627 -0.5457 0.2531, -0.1763 -0.5457 0.2618, -0.1641 -0.5457 0.2509, -0.1648 -0.5457 0.2484, -0.165 -0.5457 0.2459, -0.1449 -0.5457 0.2717, -0.1512 -0.5457 0.2733, -0.1544 -0.5457 0.2735, -0.0825 -0.5457 0.2951, -0.0804 -0.5457 0.2951, -0.0696 -0.5457 0.3094, -0.0754 -0.5457 0.2945, -0.0683 -0.5457 0.3089, -0.0708 -0.5457 0.2927, -0.0604 -0.5457 0.305, -0.0533 -0.5457 0.299, -0.1575 -0.5457 0.3283, -0.1448 -0.5457 0.3182, -0.1513 -0.5457 0.3336, -0.1377 -0.5457 0.3233, -0.1443 -0.5457 0.3378, -0.1714 -0.5457 0.3066, -0.1687 -0.5457 0.3067, -0.1659 -0.5457 0.3224, -0.1625 -0.5457 0.3059, -0.1566 -0.5457 0.3038, -0.0532 -0.5457 0.2498, -0.0655 -0.5457 0.2603, -0.0604 -0.5457 0.2437, -0.0694 -0.5457 0.2571, -0.0685 -0.5457 0.2398, -0.0741 -0.5457 0.2549, -0.0772 -0.5457 0.2379, -0.0788 -0.5457 0.254, -0.0928 -0.5457 0.2379, -0.0907 -0.5457 0.254, -0.0943 -0.5457 0.2382, -0.1393 -0.5457 0.2687, -0.0667 -0.5457 0.2899, -0.0637 -0.5457 0.2865, -0.0479 -0.5457 0.2915, -0.0612 -0.5457 0.2819, -0.0447 -0.5457 0.2834, -0.06 -0.5457 0.2769, -0.0435 -0.5457 0.2748, -0.0598 -0.5457 0.2746, -0.0447 -0.5457 0.2654, -0.0605 -0.5457 0.2694, -0.048 -0.5457 0.2571, -0.0623 -0.5457 0.2647, -0.0652 -0.5457 0.2606, -0.0838 -0.5457 0.3302, -0.0941 -0.5457 0.3181, -0.075 -0.5457 0.32, -0.0882 -0.5457 0.311, -0.0841 -0.5457 0.3025, -0.1942 -0.5457 0.2867, -0.2116 -0.5457 0.2824, -0.195 -0.5457 0.2804, -0.2116 -0.5457 0.2798, -0.1947 -0.5457 0.2763, -0.2104 -0.5457 0.2695, -0.1928 -0.5457 0.2698, -0.2066 -0.5457 0.2597, -0.1897 -0.5457 0.2645, -0.2006 -0.5457 0.2511, -0.1923 -0.5457 0.2441, -0.1645 -0.5457 0.2434, -0.1634 -0.5457 0.2412, -0.1322 -0.5457 0.3424, -0.1291 -0.5457 0.3268, -0.1197 -0.5457 0.3439, -0.1194 -0.5457 0.3281, -0.1078 -0.5457 0.3425, -0.1105 -0.5457 0.327, -0.0947 -0.5457 0.3376, -0.1022 -0.5457 0.3238, -0.0948 -0.5457 0.3187, -0.1891 -0.5457 0.3175, -0.1975 -0.5457 0.3116, -0.1883 -0.5457 0.2979, -0.1993 -0.5457 0.3099, -0.192 -0.5457 0.2926, -0.2056 -0.5457 0.3018, -0.2098 -0.5457 0.2923, -0.1298 -0.5457 0.2376, -0.1451 -0.5457 0.2429, -0.1329 -0.5457 0.2318, -0.1464 -0.5457 0.2406, -0.1369 -0.5457 0.2272, -0.1478 -0.5457 0.239, -0.1422 -0.5457 0.2236, -0.1498 -0.5457 0.2376, -0.1481 -0.5457 0.2213, -0.1521 -0.5457 0.2367, -0.1544 -0.5457 0.2205, -0.1547 -0.5457 0.2363, -0.1555 -0.5457 0.2206, -0.1552 -0.5457 0.2364, -0.1617 -0.5457 0.2215, -0.1575 -0.5457 0.2367, -0.1678 -0.5457 0.2241, -0.1599 -0.5457 0.2378, -0.1619 -0.5457 0.2393, -0.092 -0.5457 0.2542, -0.0983 -0.5457 0.2407, -0.0977 -0.5457 0.2401, -0.0912 -0.5457 0.2541, -0.096 -0.5457 0.2389, -0.1004 -0.5457 0.2461, -0.1002 -0.5457 0.2441, -0.0995 -0.5457 0.2423, -0.0943 -0.5457 0.254, -0.0961 -0.5457 0.2533, -0.1004 -0.5457 0.2471, -0.0977 -0.5457 0.2521, -0.0988 -0.5457 0.2509, -0.0998 -0.5457 0.2491, -0.0922 -0.5457 0.2543, -0.0435 -0.5417 0.2748, -0.0447 -0.5417 0.2834, -0.0456 -0.5417 0.2857, -0.0479 -0.5417 0.2915, -0.0533 -0.5417 0.299, -0.0604 -0.5417 0.305, -0.0683 -0.5417 0.3089, -0.0696 -0.5417 0.3094, -0.075 -0.5417 0.32, -0.0838 -0.5417 0.3302, -0.0898 -0.5417 0.3342, -0.0947 -0.5417 0.3376, -0.1078 -0.5417 0.3425, -0.1197 -0.5417 0.3439, -0.1513 -0.5417 0.3336, -0.1502 -0.5417 0.3342, -0.1443 -0.5417 0.3378, -0.1322 -0.5417 0.3424, -0.1575 -0.5417 0.3283, -0.1629 -0.5417 0.322, -0.1659 -0.5417 0.3224, -0.1689 -0.5417 0.3225, -0.1793 -0.5417 0.3212, -0.1891 -0.5417 0.3175, -0.1975 -0.5417 0.3116, -0.1993 -0.5417 0.3099, -0.2098 -0.5417 0.2923, -0.2056 -0.5417 0.3018, -0.211 -0.5417 0.2857, -0.2116 -0.5417 0.2824, -0.2116 -0.5417 0.2798, -0.2104 -0.5417 0.2695, -0.2066 -0.5417 0.2597, -0.2006 -0.5417 0.2511, -0.1923 -0.5417 0.2441, -0.1828 -0.5417 0.2395, -0.1795 -0.5417 0.2385, -0.1792 -0.5417 0.2377, -0.1768 -0.5417 0.2328, -0.1729 -0.5417 0.228, -0.1678 -0.5417 0.2241, -0.1653 -0.5417 0.2231, -0.1617 -0.5417 0.2215, -0.1555 -0.5417 0.2206, -0.1544 -0.5417 0.2205, -0.1281 -0.5417 0.2469, -0.1481 -0.5417 0.2213, -0.1435 -0.5417 0.2231, -0.1422 -0.5417 0.2236, -0.1369 -0.5417 0.2272, -0.1329 -0.5417 0.2318, -0.1298 -0.5417 0.2376, -0.1298 -0.5417 0.2377, -0.1282 -0.5417 0.2441, -0.1281 -0.5417 0.2495, -0.0912 -0.5417 0.269, -0.0994 -0.5417 0.283, -0.1347 -0.5417 0.2645, -0.1393 -0.5417 0.2687, -0.1449 -0.5417 0.2717, -0.1512 -0.5417 0.2733, -0.1544 -0.5417 0.2735, -0.1607 -0.5417 0.2727, -0.1666 -0.5417 0.2705, -0.172 -0.5417 0.2668, -0.1763 -0.5417 0.2618, -0.1792 -0.5417 0.2561, -0.185 -0.5417 0.2597, -0.1897 -0.5417 0.2645, -0.1928 -0.5417 0.2698, -0.1947 -0.5417 0.2763, -0.195 -0.5417 0.2804, -0.1944 -0.5417 0.2857, -0.1942 -0.5417 0.2867, -0.192 -0.5417 0.2926, -0.1883 -0.5417 0.2979, -0.1838 -0.5417 0.3019, -0.1779 -0.5417 0.305, -0.1714 -0.5417 0.3066, -0.1687 -0.5417 0.3067, -0.1625 -0.5417 0.3059, -0.1566 -0.5417 0.3038, -0.1547 -0.5417 0.3028, -0.1507 -0.5417 0.3111, -0.1448 -0.5417 0.3182, -0.1377 -0.5417 0.3233, -0.1291 -0.5417 0.3268, -0.1194 -0.5417 0.3281, -0.1105 -0.5417 0.327, -0.1022 -0.5417 0.3238, -0.0948 -0.5417 0.3187, -0.0941 -0.5417 0.3181, -0.0882 -0.5417 0.311, -0.0841 -0.5417 0.3025, -0.0825 -0.5417 0.2951, -0.0804 -0.5417 0.2951, -0.0754 -0.5417 0.2945, -0.0708 -0.5417 0.2927, -0.0667 -0.5417 0.2899, -0.0637 -0.5417 0.2865, -0.0632 -0.5417 0.2857, -0.0612 -0.5417 0.2819, -0.06 -0.5417 0.2769, -0.0598 -0.5417 0.2746, -0.0605 -0.5417 0.2694, -0.0623 -0.5417 0.2647, -0.0652 -0.5417 0.2606, -0.0655 -0.5417 0.2603, -0.0694 -0.5417 0.2571, -0.0741 -0.5417 0.2549, -0.0788 -0.5417 0.254, -0.0907 -0.5417 0.254, -0.0912 -0.5417 0.2541, -0.092 -0.5417 0.2542, -0.0922 -0.5417 0.2543, -0.0943 -0.5417 0.254, -0.0961 -0.5417 0.2533, -0.0977 -0.5417 0.2521, -0.0988 -0.5417 0.2509, -0.0998 -0.5417 0.2491, -0.1004 -0.5417 0.2471, -0.1004 -0.5417 0.2461, -0.1002 -0.5417 0.2441, -0.0995 -0.5417 0.2423, -0.0983 -0.5417 0.2407, -0.0977 -0.5417 0.2401, -0.096 -0.5417 0.2389, -0.0943 -0.5417 0.2382, -0.0928 -0.5417 0.2379, -0.0772 -0.5417 0.2379, -0.0685 -0.5417 0.2398, -0.0604 -0.5417 0.2437, -0.0532 -0.5417 0.2498, -0.048 -0.5417 0.2571, -0.0447 -0.5417 0.2654, -0.1547 -0.5417 0.2569, -0.1525 -0.5417 0.2567, -0.1501 -0.5417 0.2558, -0.1479 -0.5417 0.2544, -0.1463 -0.5417 0.2525, -0.1451 -0.5417 0.2503, -0.1445 -0.5417 0.2479, -0.1445 -0.5417 0.2454, -0.1451 -0.5417 0.2429, -0.1464 -0.5417 0.2406, -0.1478 -0.5417 0.239, -0.1498 -0.5417 0.2376, -0.1521 -0.5417 0.2367, -0.1547 -0.5417 0.2363, -0.1552 -0.5417 0.2364, -0.1575 -0.5417 0.2367, -0.1599 -0.5417 0.2378, -0.1619 -0.5417 0.2393, -0.1634 -0.5417 0.2412, -0.1645 -0.5417 0.2434, -0.165 -0.5417 0.2459, -0.1648 -0.5417 0.2484, -0.1641 -0.5417 0.2509, -0.1627 -0.5417 0.2531, -0.1617 -0.5417 0.2542, -0.1596 -0.5417 0.2557, -0.1573 -0.5417 0.2566
            ]
        }
        coordIndex [
            0,1,2,-1,3,4,5,-1,5,4,6,-1,7,8,9,-1,10,11,12,-1,13,14,15,-1,12,16,10,-1,10,16,17,-1,10,17,18,-1,19,20,2,-1,2,20,21,-1,2,21,0,-1,9,8,22,-1,6,4,18,-1,18,4,23,-1,18,23,10,-1,3,5,24,-1,24,5,25,-1,24,25,26,-1,27,28,29,-1,29,28,30,-1,29,30,31,-1,31,30,32,-1,31,32,33,-1,33,32,34,-1,33,34,35,-1,35,34,2,-1,35,2,36,-1,36,2,37,-1,38,39,27,-1,27,39,40,-1,27,40,28,-1,41,42,43,-1,43,42,44,-1,43,44,45,-1,45,44,46,-1,45,46,47,-1,47,46,48,-1,13,15,49,-1,49,15,50,-1,49,50,51,-1,51,50,52,-1,51,52,53,-1,8,54,22,-1,22,54,55,-1,22,55,56,-1,56,55,57,-1,56,57,13,-1,13,57,58,-1,13,58,14,-1,59,60,61,-1,61,60,62,-1,61,62,63,-1,63,62,64,-1,63,64,65,-1,65,64,66,-1,65,66,67,-1,67,66,68,-1,67,68,69,-1,11,10,27,-1,27,10,70,-1,27,70,38,-1,46,71,48,-1,48,71,72,-1,48,72,73,-1,73,72,74,-1,73,74,75,-1,75,74,76,-1,75,76,77,-1,77,76,78,-1,77,78,79,-1,79,78,80,-1,79,80,81,-1,81,80,82,-1,81,82,59,-1,59,82,83,-1,59,83,60,-1,84,85,86,-1,86,85,87,-1,86,87,43,-1,43,87,88,-1,43,88,41,-1,89,90,91,-1,91,90,92,-1,91,92,93,-1,93,92,94,-1,93,94,95,-1,95,94,96,-1,95,96,97,-1,97,96,98,-1,97,98,19,-1,19,98,99,-1,19,99,20,-1,37,2,100,-1,100,2,1,-1,100,1,101,-1,53,52,102,-1,102,52,103,-1,102,103,104,-1,104,103,105,-1,104,105,106,-1,106,105,107,-1,106,107,108,-1,108,107,109,-1,108,109,84,-1,84,109,110,-1,84,110,85,-1,9,111,7,-1,7,111,112,-1,7,112,113,-1,113,112,114,-1,113,114,115,-1,115,114,116,-1,115,116,89,-1,89,116,117,-1,89,117,90,-1,26,25,118,-1,118,25,119,-1,118,119,120,-1,120,119,121,-1,120,121,122,-1,122,121,123,-1,122,123,124,-1,124,123,125,-1,124,125,126,-1,126,125,127,-1,126,127,128,-1,128,127,129,-1,128,129,130,-1,130,129,131,-1,130,131,132,-1,132,131,133,-1,132,133,134,-1,134,133,135,-1,134,135,1,-1,1,135,136,-1,1,136,101,-1,137,138,139,-1,68,140,69,-1,69,140,137,-1,69,137,141,-1,141,137,139,-1,142,143,137,-1,137,143,144,-1,137,144,138,-1,145,146,147,-1,146,148,147,-1,147,148,149,-1,147,149,150,-1,142,137,147,-1,147,137,151,-1,147,151,145,-1,77,152,153,-1,77,153,75,-1,75,153,154,-1,75,154,73,-1,154,155,73,-1,73,155,156,-1,73,156,48,-1,48,156,157,-1,48,157,47,-1,47,157,158,-1,47,158,45,-1,45,158,159,-1,45,159,43,-1,43,159,160,-1,43,160,86,-1,86,160,161,-1,86,161,84,-1,84,161,108,-1,108,161,162,-1,162,163,108,-1,108,163,164,-1,108,164,106,-1,106,164,165,-1,106,165,104,-1,166,51,167,-1,167,51,53,-1,167,53,168,-1,168,53,102,-1,168,102,169,-1,169,102,104,-1,169,104,165,-1,51,166,170,-1,51,170,49,-1,49,170,171,-1,49,171,13,-1,13,171,172,-1,13,172,56,-1,56,172,173,-1,56,173,22,-1,22,173,174,-1,22,174,9,-1,9,174,175,-1,9,175,111,-1,111,175,176,-1,111,176,112,-1,112,176,177,-1,112,177,114,-1,178,116,179,-1,179,116,114,-1,179,114,177,-1,180,90,178,-1,178,90,117,-1,178,117,116,-1,180,181,90,-1,90,181,182,-1,90,182,92,-1,92,182,183,-1,92,183,94,-1,94,183,184,-1,94,184,96,-1,96,184,185,-1,96,185,98,-1,98,185,186,-1,98,186,99,-1,99,186,187,-1,99,187,20,-1,20,187,188,-1,20,188,21,-1,21,188,189,-1,21,189,0,-1,189,190,0,-1,0,190,191,-1,0,191,1,-1,1,191,192,-1,1,192,134,-1,134,192,193,-1,134,193,132,-1,193,194,132,-1,132,194,195,-1,132,195,130,-1,130,195,196,-1,130,196,128,-1,197,24,26,-1,128,196,198,-1,128,198,126,-1,126,198,199,-1,126,199,124,-1,199,200,124,-1,124,200,201,-1,124,201,122,-1,122,201,202,-1,122,202,120,-1,120,202,203,-1,120,203,118,-1,118,203,204,-1,118,204,26,-1,26,204,205,-1,26,205,197,-1,3,24,206,-1,206,24,197,-1,4,3,207,-1,207,3,206,-1,23,4,208,-1,208,4,207,-1,10,23,209,-1,209,23,208,-1,10,209,210,-1,10,210,70,-1,70,210,211,-1,70,211,38,-1,38,211,212,-1,38,212,39,-1,39,212,213,-1,39,213,40,-1,40,213,214,-1,40,214,28,-1,28,214,215,-1,28,215,30,-1,30,215,216,-1,30,216,32,-1,32,216,217,-1,32,217,34,-1,34,217,218,-1,34,218,2,-1,2,218,219,-1,2,219,19,-1,19,219,220,-1,19,220,97,-1,97,220,221,-1,97,221,95,-1,95,221,222,-1,95,222,93,-1,93,222,223,-1,93,223,91,-1,223,224,91,-1,91,224,89,-1,224,225,89,-1,89,225,226,-1,89,226,115,-1,115,226,227,-1,115,227,113,-1,113,227,228,-1,113,228,7,-1,7,228,229,-1,7,229,8,-1,8,229,230,-1,8,230,54,-1,54,230,231,-1,54,231,55,-1,55,231,232,-1,55,232,57,-1,57,232,233,-1,57,233,58,-1,58,233,234,-1,58,234,14,-1,14,234,235,-1,14,235,15,-1,15,235,236,-1,15,236,50,-1,50,236,237,-1,50,237,52,-1,52,237,238,-1,52,238,103,-1,103,238,239,-1,103,239,105,-1,105,239,240,-1,105,240,107,-1,107,240,241,-1,107,241,109,-1,109,241,242,-1,109,242,110,-1,110,242,243,-1,110,243,85,-1,85,243,244,-1,85,244,87,-1,87,244,245,-1,87,245,88,-1,88,245,246,-1,88,246,41,-1,42,41,247,-1,247,41,246,-1,42,247,248,-1,42,248,44,-1,44,248,249,-1,44,249,46,-1,46,249,250,-1,46,250,71,-1,71,250,251,-1,71,251,72,-1,72,251,252,-1,72,252,74,-1,252,253,74,-1,74,253,254,-1,74,254,76,-1,76,254,255,-1,76,255,78,-1,78,255,256,-1,78,256,80,-1,80,256,257,-1,80,257,82,-1,82,257,258,-1,82,258,83,-1,83,258,259,-1,83,259,60,-1,60,259,260,-1,60,260,62,-1,62,260,261,-1,62,261,64,-1,64,261,262,-1,64,262,66,-1,68,66,263,-1,263,66,262,-1,68,263,264,-1,68,264,140,-1,140,264,265,-1,140,265,137,-1,137,265,266,-1,137,266,151,-1,151,266,267,-1,151,267,145,-1,145,267,268,-1,145,268,146,-1,146,268,269,-1,146,269,148,-1,148,269,270,-1,148,270,149,-1,149,270,271,-1,149,271,150,-1,150,271,272,-1,150,272,147,-1,147,272,273,-1,147,273,142,-1,142,273,274,-1,142,274,143,-1,143,274,275,-1,143,275,144,-1,144,275,276,-1,144,276,138,-1,138,276,277,-1,138,277,139,-1,139,277,278,-1,139,278,141,-1,141,278,279,-1,141,279,69,-1,69,279,280,-1,69,280,67,-1,65,67,281,-1,281,67,280,-1,65,281,282,-1,65,282,63,-1,63,282,283,-1,63,283,61,-1,61,283,284,-1,61,284,59,-1,59,284,285,-1,59,285,81,-1,81,285,286,-1,81,286,79,-1,79,286,152,-1,79,152,77,-1,11,287,288,-1,11,288,12,-1,12,288,289,-1,12,289,16,-1,16,289,290,-1,16,290,17,-1,17,290,291,-1,17,291,18,-1,18,291,292,-1,18,292,6,-1,6,292,293,-1,6,293,5,-1,5,293,294,-1,5,294,25,-1,25,294,295,-1,25,295,119,-1,119,295,296,-1,119,296,121,-1,121,296,297,-1,121,297,123,-1,123,297,298,-1,123,298,125,-1,125,298,299,-1,125,299,127,-1,127,299,300,-1,127,300,129,-1,129,300,301,-1,129,301,131,-1,131,301,302,-1,131,302,133,-1,133,302,303,-1,133,303,135,-1,135,303,304,-1,135,304,136,-1,136,304,305,-1,136,305,101,-1,101,305,306,-1,101,306,100,-1,100,306,307,-1,100,307,37,-1,37,307,308,-1,37,308,36,-1,36,308,309,-1,36,309,35,-1,35,309,310,-1,35,310,33,-1,33,310,311,-1,33,311,31,-1,31,311,312,-1,31,312,29,-1,29,312,313,-1,29,313,27,-1,27,313,287,-1,27,287,11,-1,
        ]
    }
}
Shape{
    appearance Appearance {
        material  Material 	{
            diffuseColor 1.0 1.0 1.0
            specularColor 0.5019607843137255 0.5019607843137255 0.5019607843137255
            ambientIntensity 1.0
            transparency 0.0
            shininess 0.5
        }
    }
    geometry IndexedFaceSet {
        ccw TRUE
        solid FALSE
        coord DEF co Coordinate {
            point [
                -0.1552 -0.5417 0.2364, -0.1617 -0.5417 0.2542, -0.1627 -0.5417 0.2531, -0.1521 -0.5417 0.2367, -0.1498 -0.5417 0.2376, -0.1525 -0.5417 0.2567, -0.1547 -0.5417 0.2569, -0.1573 -0.5417 0.2566, -0.1596 -0.5417 0.2557, -0.1645 -0.5417 0.2434, -0.1634 -0.5417 0.2412, -0.1619 -0.5417 0.2393, -0.1547 -0.5417 0.2363, -0.1641 -0.5417 0.2509, -0.1648 -0.5417 0.2484, -0.165 -0.5417 0.2459, -0.1599 -0.5417 0.2378, -0.1575 -0.5417 0.2367, -0.1478 -0.5417 0.239, -0.1464 -0.5417 0.2406, -0.1451 -0.5417 0.2429, -0.1445 -0.5417 0.2454, -0.1445 -0.5417 0.2479, -0.1451 -0.5417 0.2503, -0.1463 -0.5417 0.2525, -0.1479 -0.5417 0.2544, -0.1501 -0.5417 0.2558
            ]
        }
        coordIndex [
            0,1,2,-1,3,4,5,-1,6,7,0,-1,0,7,8,-1,0,8,1,-1,9,10,2,-1,2,10,11,-1,6,0,5,-1,5,0,12,-1,5,12,3,-1,13,14,2,-1,2,14,15,-1,2,15,9,-1,11,16,2,-1,2,16,17,-1,2,17,0,-1,4,18,5,-1,5,18,19,-1,5,19,20,-1,20,21,5,-1,5,21,22,-1,5,22,23,-1,23,24,5,-1,5,24,25,-1,5,25,26,-1,
        ]
    }
}