ISO-10303-21;
HEADER;
/* Generated by software containing ST-Developer
 * from STEP Tools, Inc. (www.steptools.com) 
 */
/* OPTION: using custom renumber hook */

FILE_DESCRIPTION(
/* description */ ('STEP AP242 Edition 2',
'CAx-IF Rec.Pracs.---Representation and Presentation of Product Manufa
cturing Information (PMI)---4.0---2014-10-13',
'CAx-IF Rec.Pracs.---3D Tessellated Geometry---0.4---2014-09-14','2;1',
'CAx-IF Rec.Pracs.---User Defined Attributes---1.5---2016-08-15'),
/* implementation_level */ '2;1');

FILE_NAME(
/* name */ '6aaac4a1-20f7-456d-b2dc-2bdf13c6d685',
/* time_stamp */ '2026-07-08T13:34:04Z',
/* author */ (''),
/* organization */ (''),
/* preprocessor_version */ 'ST-DEVELOPER v20',
/* originating_system */ 'ONSHAPE BY PTC INC, 1.217',
/* authorisation */ '  ');

FILE_SCHEMA (('AP242_MANAGED_MODEL_BASED_3D_ENGINEERING_MIM_LF { 1 0 10303 442 3 1 4 }'));
ENDSEC;

DATA;
#10=SHAPE_REPRESENTATION_RELATIONSHIP('','',#3414,#11);
#11=ADVANCED_BREP_SHAPE_REPRESENTATION('',(#3412),#5212);
#12=CONICAL_SURFACE('',#3585,0.002,0.0174532925199433);
#13=OVER_RIDING_STYLED_ITEM('',(#2767),#2649,#2765);
#14=OVER_RIDING_STYLED_ITEM('',(#2768),#2650,#2765);
#15=OVER_RIDING_STYLED_ITEM('',(#2769),#2651,#2765);
#16=OVER_RIDING_STYLED_ITEM('',(#2770),#2652,#2765);
#17=OVER_RIDING_STYLED_ITEM('',(#2771),#2653,#2765);
#18=OVER_RIDING_STYLED_ITEM('',(#2772),#2654,#2765);
#19=OVER_RIDING_STYLED_ITEM('',(#2773),#2655,#2765);
#20=OVER_RIDING_STYLED_ITEM('',(#2774),#2656,#2765);
#21=OVER_RIDING_STYLED_ITEM('',(#2775),#2657,#2765);
#22=OVER_RIDING_STYLED_ITEM('',(#2776),#2658,#2765);
#23=OVER_RIDING_STYLED_ITEM('',(#2777),#2659,#2765);
#24=OVER_RIDING_STYLED_ITEM('',(#2778),#2660,#2765);
#25=OVER_RIDING_STYLED_ITEM('',(#2779),#2661,#2765);
#26=OVER_RIDING_STYLED_ITEM('',(#2780),#2662,#2765);
#27=OVER_RIDING_STYLED_ITEM('',(#2781),#2663,#2765);
#28=OVER_RIDING_STYLED_ITEM('',(#2782),#2664,#2765);
#29=OVER_RIDING_STYLED_ITEM('',(#2783),#2665,#2765);
#30=OVER_RIDING_STYLED_ITEM('',(#2784),#2666,#2765);
#31=OVER_RIDING_STYLED_ITEM('',(#2785),#2667,#2765);
#32=OVER_RIDING_STYLED_ITEM('',(#2786),#2668,#2765);
#33=OVER_RIDING_STYLED_ITEM('',(#2787),#2669,#2765);
#34=OVER_RIDING_STYLED_ITEM('',(#2788),#2670,#2765);
#35=OVER_RIDING_STYLED_ITEM('',(#2789),#2671,#2765);
#36=OVER_RIDING_STYLED_ITEM('',(#2790),#2672,#2765);
#37=OVER_RIDING_STYLED_ITEM('',(#2791),#2673,#2765);
#38=OVER_RIDING_STYLED_ITEM('',(#2792),#2674,#2765);
#39=OVER_RIDING_STYLED_ITEM('',(#2793),#2675,#2765);
#40=OVER_RIDING_STYLED_ITEM('',(#2794),#2676,#2765);
#41=OVER_RIDING_STYLED_ITEM('',(#2795),#2677,#2765);
#42=OVER_RIDING_STYLED_ITEM('',(#2796),#2678,#2765);
#43=OVER_RIDING_STYLED_ITEM('',(#2797),#2679,#2765);
#44=OVER_RIDING_STYLED_ITEM('',(#2798),#2680,#2765);
#45=OVER_RIDING_STYLED_ITEM('',(#2799),#2681,#2765);
#46=OVER_RIDING_STYLED_ITEM('',(#2800),#2682,#2765);
#47=OVER_RIDING_STYLED_ITEM('',(#2801),#2683,#2765);
#48=OVER_RIDING_STYLED_ITEM('',(#2802),#2684,#2765);
#49=OVER_RIDING_STYLED_ITEM('',(#2803),#2685,#2765);
#50=OVER_RIDING_STYLED_ITEM('',(#2804),#2686,#2765);
#51=OVER_RIDING_STYLED_ITEM('',(#2805),#2687,#2765);
#52=OVER_RIDING_STYLED_ITEM('',(#2806),#2688,#2765);
#53=OVER_RIDING_STYLED_ITEM('',(#2807),#2689,#2765);
#54=OVER_RIDING_STYLED_ITEM('',(#2808),#2690,#2765);
#55=OVER_RIDING_STYLED_ITEM('',(#2809),#2691,#2765);
#56=OVER_RIDING_STYLED_ITEM('',(#2810),#2692,#2765);
#57=OVER_RIDING_STYLED_ITEM('',(#2811),#2693,#2765);
#58=OVER_RIDING_STYLED_ITEM('',(#2812),#2694,#2765);
#59=OVER_RIDING_STYLED_ITEM('',(#2813),#2695,#2765);
#60=OVER_RIDING_STYLED_ITEM('',(#2814),#2696,#2765);
#61=OVER_RIDING_STYLED_ITEM('',(#2815),#2697,#2765);
#62=OVER_RIDING_STYLED_ITEM('',(#2816),#2698,#2765);
#63=OVER_RIDING_STYLED_ITEM('',(#2817),#2699,#2765);
#64=OVER_RIDING_STYLED_ITEM('',(#2818),#2700,#2765);
#65=OVER_RIDING_STYLED_ITEM('',(#2819),#2701,#2765);
#66=OVER_RIDING_STYLED_ITEM('',(#2820),#2702,#2765);
#67=OVER_RIDING_STYLED_ITEM('',(#2821),#2703,#2765);
#68=OVER_RIDING_STYLED_ITEM('',(#2822),#2704,#2765);
#69=OVER_RIDING_STYLED_ITEM('',(#2823),#2705,#2765);
#70=OVER_RIDING_STYLED_ITEM('',(#2824),#2706,#2765);
#71=OVER_RIDING_STYLED_ITEM('',(#2825),#2707,#2765);
#72=OVER_RIDING_STYLED_ITEM('',(#2826),#2708,#2765);
#73=OVER_RIDING_STYLED_ITEM('',(#2827),#2709,#2765);
#74=OVER_RIDING_STYLED_ITEM('',(#2828),#2710,#2765);
#75=OVER_RIDING_STYLED_ITEM('',(#2829),#2711,#2765);
#76=OVER_RIDING_STYLED_ITEM('',(#2830),#2712,#2765);
#77=OVER_RIDING_STYLED_ITEM('',(#2831),#2713,#2765);
#78=OVER_RIDING_STYLED_ITEM('',(#2832),#2714,#2765);
#79=OVER_RIDING_STYLED_ITEM('',(#2833),#2715,#2765);
#80=OVER_RIDING_STYLED_ITEM('',(#2834),#2716,#2765);
#81=OVER_RIDING_STYLED_ITEM('',(#2835),#2717,#2765);
#82=OVER_RIDING_STYLED_ITEM('',(#2836),#2718,#2765);
#83=OVER_RIDING_STYLED_ITEM('',(#2837),#2719,#2765);
#84=OVER_RIDING_STYLED_ITEM('',(#2838),#2720,#2765);
#85=OVER_RIDING_STYLED_ITEM('',(#2839),#2721,#2765);
#86=OVER_RIDING_STYLED_ITEM('',(#2840),#2722,#2765);
#87=OVER_RIDING_STYLED_ITEM('',(#2841),#2723,#2765);
#88=OVER_RIDING_STYLED_ITEM('',(#2842),#2724,#2765);
#89=OVER_RIDING_STYLED_ITEM('',(#2843),#2725,#2765);
#90=OVER_RIDING_STYLED_ITEM('',(#2844),#2726,#2765);
#91=OVER_RIDING_STYLED_ITEM('',(#2845),#2727,#2765);
#92=OVER_RIDING_STYLED_ITEM('',(#2846),#2728,#2765);
#93=OVER_RIDING_STYLED_ITEM('',(#2847),#2729,#2765);
#94=OVER_RIDING_STYLED_ITEM('',(#2848),#2730,#2765);
#95=OVER_RIDING_STYLED_ITEM('',(#2849),#2731,#2765);
#96=OVER_RIDING_STYLED_ITEM('',(#2850),#2732,#2765);
#97=OVER_RIDING_STYLED_ITEM('',(#2851),#2733,#2765);
#98=OVER_RIDING_STYLED_ITEM('',(#2852),#2734,#2765);
#99=OVER_RIDING_STYLED_ITEM('',(#2853),#2735,#2765);
#100=OVER_RIDING_STYLED_ITEM('',(#2854),#2736,#2765);
#101=OVER_RIDING_STYLED_ITEM('',(#2855),#2737,#2765);
#102=OVER_RIDING_STYLED_ITEM('',(#2856),#2738,#2765);
#103=OVER_RIDING_STYLED_ITEM('',(#2857),#2739,#2765);
#104=OVER_RIDING_STYLED_ITEM('',(#2858),#2740,#2765);
#105=OVER_RIDING_STYLED_ITEM('',(#2859),#2741,#2765);
#106=OVER_RIDING_STYLED_ITEM('',(#2860),#2742,#2765);
#107=OVER_RIDING_STYLED_ITEM('',(#2861),#2743,#2765);
#108=OVER_RIDING_STYLED_ITEM('',(#2862),#2744,#2765);
#109=OVER_RIDING_STYLED_ITEM('',(#2863),#2745,#2765);
#110=OVER_RIDING_STYLED_ITEM('',(#2864),#2746,#2765);
#111=OVER_RIDING_STYLED_ITEM('',(#2865),#2747,#2765);
#112=OVER_RIDING_STYLED_ITEM('',(#2866),#2748,#2765);
#113=OVER_RIDING_STYLED_ITEM('',(#2867),#2749,#2765);
#114=OVER_RIDING_STYLED_ITEM('',(#2868),#2750,#2765);
#115=OVER_RIDING_STYLED_ITEM('',(#2869),#2751,#2765);
#116=OVER_RIDING_STYLED_ITEM('',(#2870),#2753,#2765);
#117=OVER_RIDING_STYLED_ITEM('',(#2871),#2754,#2765);
#118=OVER_RIDING_STYLED_ITEM('',(#2872),#2755,#2765);
#119=PLANE('',#3451);
#120=PLANE('',#3454);
#121=PLANE('',#3457);
#122=PLANE('',#3458);
#123=PLANE('',#3460);
#124=PLANE('',#3464);
#125=PLANE('',#3467);
#126=PLANE('',#3468);
#127=PLANE('',#3469);
#128=PLANE('',#3470);
#129=PLANE('',#3471);
#130=PLANE('',#3472);
#131=PLANE('',#3473);
#132=PLANE('',#3474);
#133=PLANE('',#3475);
#134=PLANE('',#3476);
#135=PLANE('',#3477);
#136=PLANE('',#3478);
#137=PLANE('',#3479);
#138=PLANE('',#3480);
#139=PLANE('',#3481);
#140=PLANE('',#3482);
#141=PLANE('',#3483);
#142=PLANE('',#3484);
#143=PLANE('',#3485);
#144=PLANE('',#3486);
#145=PLANE('',#3487);
#146=PLANE('',#3488);
#147=PLANE('',#3489);
#148=PLANE('',#3490);
#149=PLANE('',#3491);
#150=PLANE('',#3492);
#151=PLANE('',#3493);
#152=PLANE('',#3494);
#153=PLANE('',#3495);
#154=PLANE('',#3496);
#155=PLANE('',#3497);
#156=PLANE('',#3498);
#157=PLANE('',#3499);
#158=PLANE('',#3500);
#159=PLANE('',#3501);
#160=PLANE('',#3502);
#161=PLANE('',#3503);
#162=PLANE('',#3504);
#163=PLANE('',#3505);
#164=PLANE('',#3506);
#165=PLANE('',#3507);
#166=PLANE('',#3508);
#167=PLANE('',#3509);
#168=PLANE('',#3510);
#169=PLANE('',#3511);
#170=PLANE('',#3512);
#171=PLANE('',#3513);
#172=PLANE('',#3514);
#173=PLANE('',#3515);
#174=PLANE('',#3516);
#175=PLANE('',#3517);
#176=PLANE('',#3518);
#177=PLANE('',#3519);
#178=PLANE('',#3520);
#179=PLANE('',#3521);
#180=PLANE('',#3522);
#181=PLANE('',#3523);
#182=PLANE('',#3524);
#183=PLANE('',#3525);
#184=PLANE('',#3526);
#185=PLANE('',#3527);
#186=PLANE('',#3528);
#187=PLANE('',#3529);
#188=PLANE('',#3530);
#189=PLANE('',#3531);
#190=PLANE('',#3532);
#191=PLANE('',#3533);
#192=PLANE('',#3534);
#193=PLANE('',#3535);
#194=PLANE('',#3536);
#195=PLANE('',#3537);
#196=PLANE('',#3538);
#197=PLANE('',#3539);
#198=PLANE('',#3545);
#199=PLANE('',#3546);
#200=PLANE('',#3547);
#201=PLANE('',#3550);
#202=PLANE('',#3551);
#203=PLANE('',#3552);
#204=PLANE('',#3555);
#205=PLANE('',#3558);
#206=PLANE('',#3559);
#207=PLANE('',#3560);
#208=PLANE('',#3561);
#209=PLANE('',#3562);
#210=PLANE('',#3563);
#211=PLANE('',#3564);
#212=PLANE('',#3565);
#213=PLANE('',#3566);
#214=PLANE('',#3567);
#215=PLANE('',#3568);
#216=PLANE('',#3569);
#217=PLANE('',#3570);
#218=PLANE('',#3571);
#219=PLANE('',#3572);
#220=PLANE('',#3573);
#221=PLANE('',#3574);
#222=PLANE('',#3575);
#223=PLANE('',#3576);
#224=PLANE('',#3577);
#225=PLANE('',#3578);
#226=PLANE('',#3594);
#227=B_SPLINE_SURFACE_WITH_KNOTS('',3,3,((#4480,#4481,#4482,#4483),(#4484,
#4485,#4486,#4487),(#4488,#4489,#4490,#4491),(#4492,#4493,#4494,#4495)),
 .UNSPECIFIED.,.F.,.F.,.F.,(4,4),(4,4),(0.00065785401291629,0.00155593360222009),
(-0.00450666768089586,0.684091595445794),.UNSPECIFIED.);
#228=B_SPLINE_SURFACE_WITH_KNOTS('',3,3,((#4508,#4509,#4510,#4511),(#4512,
#4513,#4514,#4515),(#4516,#4517,#4518,#4519),(#4520,#4521,#4522,#4523)),
 .UNSPECIFIED.,.F.,.F.,.F.,(4,4),(4,4),(0.00065785401291629,0.00155593360222143),
(-0.00450666768082552,0.684091595445945),.UNSPECIFIED.);
#229=LINE('',#4447,#545);
#230=LINE('',#4451,#546);
#231=LINE('',#4456,#547);
#232=LINE('',#4460,#548);
#233=LINE('',#4465,#549);
#234=LINE('',#4469,#550);
#235=LINE('',#4475,#551);
#236=LINE('',#4479,#552);
#237=LINE('',#4537,#553);
#238=LINE('',#4541,#554);
#239=LINE('',#4543,#555);
#240=LINE('',#4545,#556);
#241=LINE('',#4560,#557);
#242=LINE('',#4561,#558);
#243=LINE('',#4563,#559);
#244=LINE('',#4564,#560);
#245=LINE('',#4570,#561);
#246=LINE('',#4574,#562);
#247=LINE('',#4577,#563);
#248=LINE('',#4580,#564);
#249=LINE('',#4582,#565);
#250=LINE('',#4584,#566);
#251=LINE('',#4586,#567);
#252=LINE('',#4588,#568);
#253=LINE('',#4590,#569);
#254=LINE('',#4592,#570);
#255=LINE('',#4594,#571);
#256=LINE('',#4596,#572);
#257=LINE('',#4598,#573);
#258=LINE('',#4600,#574);
#259=LINE('',#4602,#575);
#260=LINE('',#4604,#576);
#261=LINE('',#4606,#577);
#262=LINE('',#4608,#578);
#263=LINE('',#4610,#579);
#264=LINE('',#4612,#580);
#265=LINE('',#4614,#581);
#266=LINE('',#4616,#582);
#267=LINE('',#4618,#583);
#268=LINE('',#4620,#584);
#269=LINE('',#4622,#585);
#270=LINE('',#4624,#586);
#271=LINE('',#4626,#587);
#272=LINE('',#4628,#588);
#273=LINE('',#4630,#589);
#274=LINE('',#4632,#590);
#275=LINE('',#4634,#591);
#276=LINE('',#4636,#592);
#277=LINE('',#4638,#593);
#278=LINE('',#4640,#594);
#279=LINE('',#4642,#595);
#280=LINE('',#4644,#596);
#281=LINE('',#4646,#597);
#282=LINE('',#4648,#598);
#283=LINE('',#4650,#599);
#284=LINE('',#4652,#600);
#285=LINE('',#4654,#601);
#286=LINE('',#4656,#602);
#287=LINE('',#4658,#603);
#288=LINE('',#4662,#604);
#289=LINE('',#4664,#605);
#290=LINE('',#4666,#606);
#291=LINE('',#4668,#607);
#292=LINE('',#4670,#608);
#293=LINE('',#4672,#609);
#294=LINE('',#4674,#610);
#295=LINE('',#4676,#611);
#296=LINE('',#4678,#612);
#297=LINE('',#4680,#613);
#298=LINE('',#4682,#614);
#299=LINE('',#4684,#615);
#300=LINE('',#4686,#616);
#301=LINE('',#4688,#617);
#302=LINE('',#4690,#618);
#303=LINE('',#4692,#619);
#304=LINE('',#4694,#620);
#305=LINE('',#4696,#621);
#306=LINE('',#4698,#622);
#307=LINE('',#4700,#623);
#308=LINE('',#4702,#624);
#309=LINE('',#4704,#625);
#310=LINE('',#4706,#626);
#311=LINE('',#4708,#627);
#312=LINE('',#4710,#628);
#313=LINE('',#4712,#629);
#314=LINE('',#4714,#630);
#315=LINE('',#4716,#631);
#316=LINE('',#4718,#632);
#317=LINE('',#4720,#633);
#318=LINE('',#4722,#634);
#319=LINE('',#4724,#635);
#320=LINE('',#4726,#636);
#321=LINE('',#4728,#637);
#322=LINE('',#4730,#638);
#323=LINE('',#4732,#639);
#324=LINE('',#4734,#640);
#325=LINE('',#4736,#641);
#326=LINE('',#4738,#642);
#327=LINE('',#4740,#643);
#328=LINE('',#4742,#644);
#329=LINE('',#4744,#645);
#330=LINE('',#4746,#646);
#331=LINE('',#4748,#647);
#332=LINE('',#4750,#648);
#333=LINE('',#4752,#649);
#334=LINE('',#4754,#650);
#335=LINE('',#4758,#651);
#336=LINE('',#4760,#652);
#337=LINE('',#4762,#653);
#338=LINE('',#4764,#654);
#339=LINE('',#4766,#655);
#340=LINE('',#4768,#656);
#341=LINE('',#4770,#657);
#342=LINE('',#4772,#658);
#343=LINE('',#4774,#659);
#344=LINE('',#4776,#660);
#345=LINE('',#4778,#661);
#346=LINE('',#4780,#662);
#347=LINE('',#4782,#663);
#348=LINE('',#4784,#664);
#349=LINE('',#4786,#665);
#350=LINE('',#4788,#666);
#351=LINE('',#4790,#667);
#352=LINE('',#4792,#668);
#353=LINE('',#4794,#669);
#354=LINE('',#4796,#670);
#355=LINE('',#4798,#671);
#356=LINE('',#4800,#672);
#357=LINE('',#4802,#673);
#358=LINE('',#4804,#674);
#359=LINE('',#4806,#675);
#360=LINE('',#4808,#676);
#361=LINE('',#4810,#677);
#362=LINE('',#4812,#678);
#363=LINE('',#4814,#679);
#364=LINE('',#4816,#680);
#365=LINE('',#4818,#681);
#366=LINE('',#4820,#682);
#367=LINE('',#4822,#683);
#368=LINE('',#4824,#684);
#369=LINE('',#4826,#685);
#370=LINE('',#4828,#686);
#371=LINE('',#4830,#687);
#372=LINE('',#4832,#688);
#373=LINE('',#4834,#689);
#374=LINE('',#4836,#690);
#375=LINE('',#4838,#691);
#376=LINE('',#4840,#692);
#377=LINE('',#4842,#693);
#378=LINE('',#4844,#694);
#379=LINE('',#4846,#695);
#380=LINE('',#4848,#696);
#381=LINE('',#4850,#697);
#382=LINE('',#4852,#698);
#383=LINE('',#4854,#699);
#384=LINE('',#4856,#700);
#385=LINE('',#4858,#701);
#386=LINE('',#4860,#702);
#387=LINE('',#4862,#703);
#388=LINE('',#4864,#704);
#389=LINE('',#4866,#705);
#390=LINE('',#4868,#706);
#391=LINE('',#4870,#707);
#392=LINE('',#4872,#708);
#393=LINE('',#4874,#709);
#394=LINE('',#4876,#710);
#395=LINE('',#4878,#711);
#396=LINE('',#4880,#712);
#397=LINE('',#4882,#713);
#398=LINE('',#4884,#714);
#399=LINE('',#4886,#715);
#400=LINE('',#4888,#716);
#401=LINE('',#4890,#717);
#402=LINE('',#4892,#718);
#403=LINE('',#4894,#719);
#404=LINE('',#4896,#720);
#405=LINE('',#4898,#721);
#406=LINE('',#4900,#722);
#407=LINE('',#4902,#723);
#408=LINE('',#4904,#724);
#409=LINE('',#4906,#725);
#410=LINE('',#4908,#726);
#411=LINE('',#4910,#727);
#412=LINE('',#4912,#728);
#413=LINE('',#4914,#729);
#414=LINE('',#4916,#730);
#415=LINE('',#4918,#731);
#416=LINE('',#4920,#732);
#417=LINE('',#4922,#733);
#418=LINE('',#4924,#734);
#419=LINE('',#4926,#735);
#420=LINE('',#4928,#736);
#421=LINE('',#4930,#737);
#422=LINE('',#4932,#738);
#423=LINE('',#4934,#739);
#424=LINE('',#4936,#740);
#425=LINE('',#4938,#741);
#426=LINE('',#4940,#742);
#427=LINE('',#4942,#743);
#428=LINE('',#4944,#744);
#429=LINE('',#4946,#745);
#430=LINE('',#4948,#746);
#431=LINE('',#4950,#747);
#432=LINE('',#4952,#748);
#433=LINE('',#4954,#749);
#434=LINE('',#4956,#750);
#435=LINE('',#4958,#751);
#436=LINE('',#4960,#752);
#437=LINE('',#4962,#753);
#438=LINE('',#4964,#754);
#439=LINE('',#4966,#755);
#440=LINE('',#4968,#756);
#441=LINE('',#4970,#757);
#442=LINE('',#4972,#758);
#443=LINE('',#4974,#759);
#444=LINE('',#4976,#760);
#445=LINE('',#4978,#761);
#446=LINE('',#4980,#762);
#447=LINE('',#4982,#763);
#448=LINE('',#4984,#764);
#449=LINE('',#4986,#765);
#450=LINE('',#4988,#766);
#451=LINE('',#4990,#767);
#452=LINE('',#4992,#768);
#453=LINE('',#4994,#769);
#454=LINE('',#4996,#770);
#455=LINE('',#4998,#771);
#456=LINE('',#5000,#772);
#457=LINE('',#5002,#773);
#458=LINE('',#5004,#774);
#459=LINE('',#5006,#775);
#460=LINE('',#5008,#776);
#461=LINE('',#5010,#777);
#462=LINE('',#5012,#778);
#463=LINE('',#5014,#779);
#464=LINE('',#5016,#780);
#465=LINE('',#5018,#781);
#466=LINE('',#5020,#782);
#467=LINE('',#5022,#783);
#468=LINE('',#5024,#784);
#469=LINE('',#5026,#785);
#470=LINE('',#5028,#786);
#471=LINE('',#5030,#787);
#472=LINE('',#5032,#788);
#473=LINE('',#5034,#789);
#474=LINE('',#5036,#790);
#475=LINE('',#5038,#791);
#476=LINE('',#5040,#792);
#477=LINE('',#5042,#793);
#478=LINE('',#5044,#794);
#479=LINE('',#5046,#795);
#480=LINE('',#5048,#796);
#481=LINE('',#5050,#797);
#482=LINE('',#5052,#798);
#483=LINE('',#5054,#799);
#484=LINE('',#5056,#800);
#485=LINE('',#5058,#801);
#486=LINE('',#5060,#802);
#487=LINE('',#5062,#803);
#488=LINE('',#5064,#804);
#489=LINE('',#5066,#805);
#490=LINE('',#5068,#806);
#491=LINE('',#5070,#807);
#492=LINE('',#5072,#808);
#493=LINE('',#5074,#809);
#494=LINE('',#5076,#810);
#495=LINE('',#5078,#811);
#496=LINE('',#5080,#812);
#497=LINE('',#5082,#813);
#498=LINE('',#5084,#814);
#499=LINE('',#5086,#815);
#500=LINE('',#5088,#816);
#501=LINE('',#5090,#817);
#502=LINE('',#5092,#818);
#503=LINE('',#5094,#819);
#504=LINE('',#5096,#820);
#505=LINE('',#5098,#821);
#506=LINE('',#5100,#822);
#507=LINE('',#5102,#823);
#508=LINE('',#5104,#824);
#509=LINE('',#5106,#825);
#510=LINE('',#5111,#826);
#511=LINE('',#5114,#827);
#512=LINE('',#5115,#828);
#513=LINE('',#5116,#829);
#514=LINE('',#5117,#830);
#515=LINE('',#5118,#831);
#516=LINE('',#5119,#832);
#517=LINE('',#5120,#833);
#518=LINE('',#5121,#834);
#519=LINE('',#5122,#835);
#520=LINE('',#5123,#836);
#521=LINE('',#5124,#837);
#522=LINE('',#5126,#838);
#523=LINE('',#5127,#839);
#524=LINE('',#5128,#840);
#525=LINE('',#5129,#841);
#526=LINE('',#5130,#842);
#527=LINE('',#5131,#843);
#528=LINE('',#5132,#844);
#529=LINE('',#5133,#845);
#530=LINE('',#5134,#846);
#531=LINE('',#5135,#847);
#532=LINE('',#5136,#848);
#533=LINE('',#5142,#849);
#534=LINE('',#5144,#850);
#535=LINE('',#5146,#851);
#536=LINE('',#5148,#852);
#537=LINE('',#5152,#853);
#538=LINE('',#5154,#854);
#539=LINE('',#5156,#855);
#540=LINE('',#5158,#856);
#541=LINE('',#5160,#857);
#542=LINE('',#5162,#858);
#543=LINE('',#5164,#859);
#544=LINE('',#5166,#860);
#545=VECTOR('',#3623,1.);
#546=VECTOR('',#3626,1.);
#547=VECTOR('',#3631,1.);
#548=VECTOR('',#3634,1.);
#549=VECTOR('',#3643,1.);
#550=VECTOR('',#3646,1.);
#551=VECTOR('',#3653,1.);
#552=VECTOR('',#3656,1.);
#553=VECTOR('',#3663,1.);
#554=VECTOR('',#3666,1.);
#555=VECTOR('',#3669,1.);
#556=VECTOR('',#3670,1.);
#557=VECTOR('',#3693,1.);
#558=VECTOR('',#3694,1.);
#559=VECTOR('',#3697,1.);
#560=VECTOR('',#3698,1.);
#561=VECTOR('',#3705,1.);
#562=VECTOR('',#3708,1.);
#563=VECTOR('',#3713,1.);
#564=VECTOR('',#3714,1.);
#565=VECTOR('',#3715,1.);
#566=VECTOR('',#3716,1.);
#567=VECTOR('',#3717,1.);
#568=VECTOR('',#3718,1.);
#569=VECTOR('',#3719,1.);
#570=VECTOR('',#3720,1.);
#571=VECTOR('',#3721,1.);
#572=VECTOR('',#3722,1.);
#573=VECTOR('',#3723,1.);
#574=VECTOR('',#3724,1.);
#575=VECTOR('',#3725,1.);
#576=VECTOR('',#3726,1.);
#577=VECTOR('',#3727,1.);
#578=VECTOR('',#3728,1.);
#579=VECTOR('',#3729,1.);
#580=VECTOR('',#3730,1.);
#581=VECTOR('',#3731,1.);
#582=VECTOR('',#3732,1.);
#583=VECTOR('',#3733,1.);
#584=VECTOR('',#3734,1.);
#585=VECTOR('',#3735,1.);
#586=VECTOR('',#3736,1.);
#587=VECTOR('',#3737,1.);
#588=VECTOR('',#3738,1.);
#589=VECTOR('',#3739,1.);
#590=VECTOR('',#3740,1.);
#591=VECTOR('',#3741,1.);
#592=VECTOR('',#3742,1.);
#593=VECTOR('',#3743,1.);
#594=VECTOR('',#3744,1.);
#595=VECTOR('',#3745,1.);
#596=VECTOR('',#3746,1.);
#597=VECTOR('',#3747,1.);
#598=VECTOR('',#3748,1.);
#599=VECTOR('',#3749,1.);
#600=VECTOR('',#3750,1.);
#601=VECTOR('',#3751,1.);
#602=VECTOR('',#3752,1.);
#603=VECTOR('',#3753,1.);
#604=VECTOR('',#3756,1.);
#605=VECTOR('',#3757,1.);
#606=VECTOR('',#3758,1.);
#607=VECTOR('',#3759,1.);
#608=VECTOR('',#3760,1.);
#609=VECTOR('',#3761,1.);
#610=VECTOR('',#3762,1.);
#611=VECTOR('',#3763,1.);
#612=VECTOR('',#3764,1.);
#613=VECTOR('',#3765,1.);
#614=VECTOR('',#3766,1.);
#615=VECTOR('',#3767,1.);
#616=VECTOR('',#3768,1.);
#617=VECTOR('',#3769,1.);
#618=VECTOR('',#3770,1.);
#619=VECTOR('',#3771,1.);
#620=VECTOR('',#3772,1.);
#621=VECTOR('',#3773,1.);
#622=VECTOR('',#3774,1.);
#623=VECTOR('',#3775,1.);
#624=VECTOR('',#3776,1.);
#625=VECTOR('',#3777,1.);
#626=VECTOR('',#3778,1.);
#627=VECTOR('',#3779,1.);
#628=VECTOR('',#3780,1.);
#629=VECTOR('',#3781,1.);
#630=VECTOR('',#3782,1.);
#631=VECTOR('',#3783,1.);
#632=VECTOR('',#3784,1.);
#633=VECTOR('',#3785,1.);
#634=VECTOR('',#3786,1.);
#635=VECTOR('',#3787,1.);
#636=VECTOR('',#3788,1.);
#637=VECTOR('',#3789,1.);
#638=VECTOR('',#3790,1.);
#639=VECTOR('',#3791,1.);
#640=VECTOR('',#3792,1.);
#641=VECTOR('',#3793,1.);
#642=VECTOR('',#3794,1.);
#643=VECTOR('',#3795,1.);
#644=VECTOR('',#3796,1.);
#645=VECTOR('',#3797,1.);
#646=VECTOR('',#3798,1.);
#647=VECTOR('',#3799,1.);
#648=VECTOR('',#3800,1.);
#649=VECTOR('',#3801,1.);
#650=VECTOR('',#3802,1.);
#651=VECTOR('',#3805,1.);
#652=VECTOR('',#3806,1.);
#653=VECTOR('',#3807,1.);
#654=VECTOR('',#3808,1.);
#655=VECTOR('',#3809,1.);
#656=VECTOR('',#3810,1.);
#657=VECTOR('',#3813,1.);
#658=VECTOR('',#3814,1.);
#659=VECTOR('',#3815,1.);
#660=VECTOR('',#3818,1.);
#661=VECTOR('',#3819,1.);
#662=VECTOR('',#3822,1.);
#663=VECTOR('',#3823,1.);
#664=VECTOR('',#3826,1.);
#665=VECTOR('',#3827,1.);
#666=VECTOR('',#3828,1.);
#667=VECTOR('',#3831,1.);
#668=VECTOR('',#3832,1.);
#669=VECTOR('',#3835,1.);
#670=VECTOR('',#3836,1.);
#671=VECTOR('',#3839,1.);
#672=VECTOR('',#3840,1.);
#673=VECTOR('',#3841,1.);
#674=VECTOR('',#3844,1.);
#675=VECTOR('',#3845,1.);
#676=VECTOR('',#3848,1.);
#677=VECTOR('',#3849,1.);
#678=VECTOR('',#3852,1.);
#679=VECTOR('',#3853,1.);
#680=VECTOR('',#3854,1.);
#681=VECTOR('',#3857,1.);
#682=VECTOR('',#3858,1.);
#683=VECTOR('',#3859,1.);
#684=VECTOR('',#3862,1.);
#685=VECTOR('',#3865,1.);
#686=VECTOR('',#3866,1.);
#687=VECTOR('',#3867,1.);
#688=VECTOR('',#3870,1.);
#689=VECTOR('',#3871,1.);
#690=VECTOR('',#3874,1.);
#691=VECTOR('',#3875,1.);
#692=VECTOR('',#3878,1.);
#693=VECTOR('',#3879,1.);
#694=VECTOR('',#3880,1.);
#695=VECTOR('',#3883,1.);
#696=VECTOR('',#3884,1.);
#697=VECTOR('',#3885,1.);
#698=VECTOR('',#3888,1.);
#699=VECTOR('',#3891,1.);
#700=VECTOR('',#3892,1.);
#701=VECTOR('',#3893,1.);
#702=VECTOR('',#3896,1.);
#703=VECTOR('',#3897,1.);
#704=VECTOR('',#3900,1.);
#705=VECTOR('',#3901,1.);
#706=VECTOR('',#3904,1.);
#707=VECTOR('',#3905,1.);
#708=VECTOR('',#3906,1.);
#709=VECTOR('',#3909,1.);
#710=VECTOR('',#3910,1.);
#711=VECTOR('',#3911,1.);
#712=VECTOR('',#3914,1.);
#713=VECTOR('',#3917,1.);
#714=VECTOR('',#3918,1.);
#715=VECTOR('',#3919,1.);
#716=VECTOR('',#3922,1.);
#717=VECTOR('',#3923,1.);
#718=VECTOR('',#3926,1.);
#719=VECTOR('',#3927,1.);
#720=VECTOR('',#3930,1.);
#721=VECTOR('',#3931,1.);
#722=VECTOR('',#3932,1.);
#723=VECTOR('',#3935,1.);
#724=VECTOR('',#3936,1.);
#725=VECTOR('',#3937,1.);
#726=VECTOR('',#3940,1.);
#727=VECTOR('',#3943,1.);
#728=VECTOR('',#3944,1.);
#729=VECTOR('',#3945,1.);
#730=VECTOR('',#3948,1.);
#731=VECTOR('',#3949,1.);
#732=VECTOR('',#3952,1.);
#733=VECTOR('',#3953,1.);
#734=VECTOR('',#3956,1.);
#735=VECTOR('',#3957,1.);
#736=VECTOR('',#3958,1.);
#737=VECTOR('',#3961,1.);
#738=VECTOR('',#3962,1.);
#739=VECTOR('',#3963,1.);
#740=VECTOR('',#3966,1.);
#741=VECTOR('',#3969,1.);
#742=VECTOR('',#3970,1.);
#743=VECTOR('',#3971,1.);
#744=VECTOR('',#3974,1.);
#745=VECTOR('',#3975,1.);
#746=VECTOR('',#3978,1.);
#747=VECTOR('',#3979,1.);
#748=VECTOR('',#3982,1.);
#749=VECTOR('',#3983,1.);
#750=VECTOR('',#3984,1.);
#751=VECTOR('',#3987,1.);
#752=VECTOR('',#3988,1.);
#753=VECTOR('',#3989,1.);
#754=VECTOR('',#3992,1.);
#755=VECTOR('',#3995,1.);
#756=VECTOR('',#3996,1.);
#757=VECTOR('',#3997,1.);
#758=VECTOR('',#4000,1.);
#759=VECTOR('',#4001,1.);
#760=VECTOR('',#4004,1.);
#761=VECTOR('',#4005,1.);
#762=VECTOR('',#4008,1.);
#763=VECTOR('',#4009,1.);
#764=VECTOR('',#4010,1.);
#765=VECTOR('',#4013,1.);
#766=VECTOR('',#4014,1.);
#767=VECTOR('',#4015,1.);
#768=VECTOR('',#4018,1.);
#769=VECTOR('',#4021,1.);
#770=VECTOR('',#4022,1.);
#771=VECTOR('',#4023,1.);
#772=VECTOR('',#4026,1.);
#773=VECTOR('',#4027,1.);
#774=VECTOR('',#4030,1.);
#775=VECTOR('',#4031,1.);
#776=VECTOR('',#4034,1.);
#777=VECTOR('',#4035,1.);
#778=VECTOR('',#4036,1.);
#779=VECTOR('',#4039,1.);
#780=VECTOR('',#4040,1.);
#781=VECTOR('',#4041,1.);
#782=VECTOR('',#4044,1.);
#783=VECTOR('',#4047,1.);
#784=VECTOR('',#4048,1.);
#785=VECTOR('',#4049,1.);
#786=VECTOR('',#4052,1.);
#787=VECTOR('',#4053,1.);
#788=VECTOR('',#4056,1.);
#789=VECTOR('',#4057,1.);
#790=VECTOR('',#4060,1.);
#791=VECTOR('',#4061,1.);
#792=VECTOR('',#4062,1.);
#793=VECTOR('',#4065,1.);
#794=VECTOR('',#4066,1.);
#795=VECTOR('',#4067,1.);
#796=VECTOR('',#4070,1.);
#797=VECTOR('',#4073,1.);
#798=VECTOR('',#4074,1.);
#799=VECTOR('',#4075,1.);
#800=VECTOR('',#4078,1.);
#801=VECTOR('',#4079,1.);
#802=VECTOR('',#4082,1.);
#803=VECTOR('',#4083,1.);
#804=VECTOR('',#4086,1.);
#805=VECTOR('',#4087,1.);
#806=VECTOR('',#4088,1.);
#807=VECTOR('',#4091,1.);
#808=VECTOR('',#4092,1.);
#809=VECTOR('',#4093,1.);
#810=VECTOR('',#4096,1.);
#811=VECTOR('',#4099,1.);
#812=VECTOR('',#4100,1.);
#813=VECTOR('',#4101,1.);
#814=VECTOR('',#4104,1.);
#815=VECTOR('',#4105,1.);
#816=VECTOR('',#4108,1.);
#817=VECTOR('',#4109,1.);
#818=VECTOR('',#4112,1.);
#819=VECTOR('',#4113,1.);
#820=VECTOR('',#4114,1.);
#821=VECTOR('',#4117,1.);
#822=VECTOR('',#4118,1.);
#823=VECTOR('',#4119,1.);
#824=VECTOR('',#4122,1.);
#825=VECTOR('',#4125,1.);
#826=VECTOR('',#4128,1.);
#827=VECTOR('',#4131,1.);
#828=VECTOR('',#4132,1.);
#829=VECTOR('',#4133,1.);
#830=VECTOR('',#4134,1.);
#831=VECTOR('',#4135,1.);
#832=VECTOR('',#4136,1.);
#833=VECTOR('',#4137,1.);
#834=VECTOR('',#4138,1.);
#835=VECTOR('',#4139,1.);
#836=VECTOR('',#4140,1.);
#837=VECTOR('',#4141,1.);
#838=VECTOR('',#4144,1.);
#839=VECTOR('',#4145,1.);
#840=VECTOR('',#4146,1.);
#841=VECTOR('',#4147,1.);
#842=VECTOR('',#4148,1.);
#843=VECTOR('',#4149,1.);
#844=VECTOR('',#4150,1.);
#845=VECTOR('',#4151,1.);
#846=VECTOR('',#4152,1.);
#847=VECTOR('',#4153,1.);
#848=VECTOR('',#4154,1.);
#849=VECTOR('',#4165,1.);
#850=VECTOR('',#4166,1.);
#851=VECTOR('',#4167,1.);
#852=VECTOR('',#4170,1.);
#853=VECTOR('',#4175,1.);
#854=VECTOR('',#4176,1.);
#855=VECTOR('',#4179,1.);
#856=VECTOR('',#4180,1.);
#857=VECTOR('',#4181,1.);
#858=VECTOR('',#4184,1.);
#859=VECTOR('',#4185,1.);
#860=VECTOR('',#4186,1.);
#861=CYLINDRICAL_SURFACE('',#3427,0.0002);
#862=CYLINDRICAL_SURFACE('',#3430,0.0002);
#863=CYLINDRICAL_SURFACE('',#3436,0.0002);
#864=CYLINDRICAL_SURFACE('',#3439,0.0002);
#865=CYLINDRICAL_SURFACE('',#3444,0.0002);
#866=CYLINDRICAL_SURFACE('',#3446,0.0002);
#867=CYLINDRICAL_SURFACE('',#3459,0.00215);
#868=CYLINDRICAL_SURFACE('',#3544,0.00044);
#869=CYLINDRICAL_SURFACE('',#3548,0.0011);
#870=CYLINDRICAL_SURFACE('',#3553,0.00125);
#871=CYLINDRICAL_SURFACE('',#3579,0.00125);
#872=CYLINDRICAL_SURFACE('',#3580,0.0011);
#873=CYLINDRICAL_SURFACE('',#3581,0.00044);
#874=CYLINDRICAL_SURFACE('',#3582,0.00215);
#875=CYLINDRICAL_SURFACE('',#3592,0.0013);
#876=TOROIDAL_SURFACE('',#3419,0.00219653945262314,0.0002);
#877=TOROIDAL_SURFACE('',#3433,0.00195,0.0002);
#878=TOROIDAL_SURFACE('',#3448,0.00195,0.0002);
#879=TOROIDAL_SURFACE('',#3588,0.00195,0.0002);
#880=TOROIDAL_SURFACE('',#3589,0.00195,0.0002);
#881=TOROIDAL_SURFACE('',#3590,0.00171618522273577,0.0002);
#882=TOROIDAL_SURFACE('',#3591,0.00219653945262314,0.0002);
#883=B_SPLINE_CURVE_WITH_KNOTS('',3,(#4287,#4288,#4289,#4290),
 .UNSPECIFIED.,.F.,.F.,(4,4),(0.,1.),.UNSPECIFIED.);
#884=B_SPLINE_CURVE_WITH_KNOTS('',3,(#4294,#4295,#4296,#4297,#4298,#4299,
#4300),.UNSPECIFIED.,.F.,.F.,(4,1,1,1,4),(0.,0.5,0.75,0.875,1.),
 .UNSPECIFIED.);
#885=B_SPLINE_CURVE_WITH_KNOTS('',3,(#4322,#4323,#4324,#4325),
 .UNSPECIFIED.,.F.,.F.,(4,4),(0.,1.),.UNSPECIFIED.);
#886=B_SPLINE_CURVE_WITH_KNOTS('',3,(#4326,#4327,#4328,#4329),
 .UNSPECIFIED.,.F.,.F.,(4,4),(0.,1.),.UNSPECIFIED.);
#887=B_SPLINE_CURVE_WITH_KNOTS('',3,(#4351,#4352,#4353,#4354,#4355,#4356,
#4357),.UNSPECIFIED.,.F.,.F.,(4,1,1,1,4),(0.,0.125,0.25,0.5,1.),
 .UNSPECIFIED.);
#888=B_SPLINE_CURVE_WITH_KNOTS('',3,(#4358,#4359,#4360,#4361),
 .UNSPECIFIED.,.F.,.F.,(4,4),(0.,1.),.UNSPECIFIED.);
#889=B_SPLINE_CURVE_WITH_KNOTS('',3,(#4377,#4378,#4379,#4380),
 .UNSPECIFIED.,.F.,.F.,(4,4),(0.,1.),.UNSPECIFIED.);
#890=B_SPLINE_CURVE_WITH_KNOTS('',3,(#4381,#4382,#4383,#4384,#4385,#4386,
#4387),.UNSPECIFIED.,.F.,.F.,(4,1,1,1,4),(0.,0.125,0.25,0.5,1.),
 .UNSPECIFIED.);
#891=B_SPLINE_CURVE_WITH_KNOTS('',3,(#4409,#4410,#4411,#4412),
 .UNSPECIFIED.,.F.,.F.,(4,4),(0.,1.),.UNSPECIFIED.);
#892=B_SPLINE_CURVE_WITH_KNOTS('',3,(#4413,#4414,#4415,#4416),
 .UNSPECIFIED.,.F.,.F.,(4,4),(0.,1.),.UNSPECIFIED.);
#893=B_SPLINE_CURVE_WITH_KNOTS('',3,(#4432,#4433,#4434,#4435),
 .UNSPECIFIED.,.F.,.F.,(4,4),(0.,1.),.UNSPECIFIED.);
#894=B_SPLINE_CURVE_WITH_KNOTS('',3,(#4436,#4437,#4438,#4439,#4440,#4441,
#4442),.UNSPECIFIED.,.F.,.F.,(4,1,1,1,4),(0.,0.5,0.75,0.875,1.),
 .UNSPECIFIED.);
#895=B_SPLINE_CURVE_WITH_KNOTS('',3,(#4498,#4499,#4500,#4501,#4502,#4503,
#4504,#4505,#4506,#4507),.UNSPECIFIED.,.F.,.F.,(4,3,3,4),(0.,9.94334435223554E-5,
0.000432587851641861,0.000888896422830581),.UNSPECIFIED.);
#896=B_SPLINE_CURVE_WITH_KNOTS('',3,(#4526,#4527,#4528,#4529,#4530,#4531,
#4532,#4533,#4534,#4535),.UNSPECIFIED.,.F.,.F.,(4,3,3,4),(0.,9.94334435223554E-5,
0.000432587851641861,0.000888896422830581),.UNSPECIFIED.);
#897=ORIENTED_EDGE('',*,*,#1653,.T.);
#898=ORIENTED_EDGE('',*,*,#1654,.F.);
#899=ORIENTED_EDGE('',*,*,#1655,.T.);
#900=ORIENTED_EDGE('',*,*,#1656,.F.);
#901=ORIENTED_EDGE('',*,*,#1657,.T.);
#902=ORIENTED_EDGE('',*,*,#1658,.F.);
#903=ORIENTED_EDGE('',*,*,#1655,.F.);
#904=ORIENTED_EDGE('',*,*,#1659,.F.);
#905=ORIENTED_EDGE('',*,*,#1660,.T.);
#906=ORIENTED_EDGE('',*,*,#1661,.F.);
#907=ORIENTED_EDGE('',*,*,#1653,.F.);
#908=ORIENTED_EDGE('',*,*,#1662,.F.);
#909=ORIENTED_EDGE('',*,*,#1663,.T.);
#910=ORIENTED_EDGE('',*,*,#1664,.F.);
#911=ORIENTED_EDGE('',*,*,#1657,.F.);
#912=ORIENTED_EDGE('',*,*,#1665,.F.);
#913=ORIENTED_EDGE('',*,*,#1666,.T.);
#914=ORIENTED_EDGE('',*,*,#1667,.F.);
#915=ORIENTED_EDGE('',*,*,#1660,.F.);
#916=ORIENTED_EDGE('',*,*,#1668,.F.);
#917=ORIENTED_EDGE('',*,*,#1669,.T.);
#918=ORIENTED_EDGE('',*,*,#1670,.F.);
#919=ORIENTED_EDGE('',*,*,#1666,.F.);
#920=ORIENTED_EDGE('',*,*,#1671,.F.);
#921=ORIENTED_EDGE('',*,*,#1672,.F.);
#922=ORIENTED_EDGE('',*,*,#1673,.F.);
#923=ORIENTED_EDGE('',*,*,#1669,.F.);
#924=ORIENTED_EDGE('',*,*,#1674,.F.);
#925=ORIENTED_EDGE('',*,*,#1675,.T.);
#926=ORIENTED_EDGE('',*,*,#1676,.F.);
#927=ORIENTED_EDGE('',*,*,#1677,.F.);
#928=ORIENTED_EDGE('',*,*,#1678,.F.);
#929=ORIENTED_EDGE('',*,*,#1679,.T.);
#930=ORIENTED_EDGE('',*,*,#1680,.F.);
#931=ORIENTED_EDGE('',*,*,#1681,.F.);
#932=ORIENTED_EDGE('',*,*,#1682,.F.);
#933=ORIENTED_EDGE('',*,*,#1675,.F.);
#934=ORIENTED_EDGE('',*,*,#1683,.F.);
#935=ORIENTED_EDGE('',*,*,#1679,.F.);
#936=ORIENTED_EDGE('',*,*,#1684,.F.);
#937=ORIENTED_EDGE('',*,*,#1685,.F.);
#938=ORIENTED_EDGE('',*,*,#1665,.T.);
#939=ORIENTED_EDGE('',*,*,#1686,.T.);
#940=ORIENTED_EDGE('',*,*,#1687,.F.);
#941=ORIENTED_EDGE('',*,*,#1688,.F.);
#942=ORIENTED_EDGE('',*,*,#1689,.T.);
#943=ORIENTED_EDGE('',*,*,#1673,.T.);
#944=ORIENTED_EDGE('',*,*,#1690,.F.);
#945=ORIENTED_EDGE('',*,*,#1691,.F.);
#946=ORIENTED_EDGE('',*,*,#1692,.F.);
#947=ORIENTED_EDGE('',*,*,#1686,.F.);
#948=ORIENTED_EDGE('',*,*,#1659,.T.);
#949=ORIENTED_EDGE('',*,*,#1693,.T.);
#950=ORIENTED_EDGE('',*,*,#1694,.F.);
#951=ORIENTED_EDGE('',*,*,#1695,.T.);
#952=ORIENTED_EDGE('',*,*,#1670,.T.);
#953=ORIENTED_EDGE('',*,*,#1689,.F.);
#954=ORIENTED_EDGE('',*,*,#1696,.F.);
#955=ORIENTED_EDGE('',*,*,#1693,.F.);
#956=ORIENTED_EDGE('',*,*,#1654,.T.);
#957=ORIENTED_EDGE('',*,*,#1697,.F.);
#958=ORIENTED_EDGE('',*,*,#1698,.T.);
#959=ORIENTED_EDGE('',*,*,#1699,.F.);
#960=ORIENTED_EDGE('',*,*,#1700,.F.);
#961=ORIENTED_EDGE('',*,*,#1667,.T.);
#962=ORIENTED_EDGE('',*,*,#1695,.F.);
#963=ORIENTED_EDGE('',*,*,#1701,.F.);
#964=ORIENTED_EDGE('',*,*,#1702,.T.);
#965=ORIENTED_EDGE('',*,*,#1698,.F.);
#966=ORIENTED_EDGE('',*,*,#1703,.F.);
#967=ORIENTED_EDGE('',*,*,#1702,.F.);
#968=ORIENTED_EDGE('',*,*,#1704,.F.);
#969=ORIENTED_EDGE('',*,*,#1705,.T.);
#970=ORIENTED_EDGE('',*,*,#1706,.F.);
#971=ORIENTED_EDGE('',*,*,#1690,.T.);
#972=ORIENTED_EDGE('',*,*,#1707,.T.);
#973=ORIENTED_EDGE('',*,*,#1685,.T.);
#974=ORIENTED_EDGE('',*,*,#1708,.T.);
#975=ORIENTED_EDGE('',*,*,#1709,.F.);
#976=ORIENTED_EDGE('',*,*,#1701,.T.);
#977=ORIENTED_EDGE('',*,*,#1696,.T.);
#978=ORIENTED_EDGE('',*,*,#1692,.T.);
#979=ORIENTED_EDGE('',*,*,#1710,.T.);
#980=ORIENTED_EDGE('',*,*,#1680,.T.);
#981=ORIENTED_EDGE('',*,*,#1711,.F.);
#982=ORIENTED_EDGE('',*,*,#1687,.T.);
#983=ORIENTED_EDGE('',*,*,#1694,.T.);
#984=ORIENTED_EDGE('',*,*,#1699,.T.);
#985=ORIENTED_EDGE('',*,*,#1712,.T.);
#986=ORIENTED_EDGE('',*,*,#1678,.T.);
#987=ORIENTED_EDGE('',*,*,#1712,.F.);
#988=ORIENTED_EDGE('',*,*,#1704,.T.);
#989=ORIENTED_EDGE('',*,*,#1709,.T.);
#990=ORIENTED_EDGE('',*,*,#1683,.T.);
#991=ORIENTED_EDGE('',*,*,#1713,.F.);
#992=ORIENTED_EDGE('',*,*,#1714,.F.);
#993=ORIENTED_EDGE('',*,*,#1715,.F.);
#994=ORIENTED_EDGE('',*,*,#1716,.F.);
#995=ORIENTED_EDGE('',*,*,#1682,.T.);
#996=ORIENTED_EDGE('',*,*,#1717,.T.);
#997=ORIENTED_EDGE('',*,*,#1676,.T.);
#998=ORIENTED_EDGE('',*,*,#1684,.T.);
#999=ORIENTED_EDGE('',*,*,#1718,.F.);
#1000=ORIENTED_EDGE('',*,*,#1719,.T.);
#1001=ORIENTED_EDGE('',*,*,#1720,.F.);
#1002=ORIENTED_EDGE('',*,*,#1721,.F.);
#1003=ORIENTED_EDGE('',*,*,#1722,.F.);
#1004=ORIENTED_EDGE('',*,*,#1723,.T.);
#1005=ORIENTED_EDGE('',*,*,#1724,.F.);
#1006=ORIENTED_EDGE('',*,*,#1725,.F.);
#1007=ORIENTED_EDGE('',*,*,#1726,.F.);
#1008=ORIENTED_EDGE('',*,*,#1727,.T.);
#1009=ORIENTED_EDGE('',*,*,#1728,.F.);
#1010=ORIENTED_EDGE('',*,*,#1729,.F.);
#1011=ORIENTED_EDGE('',*,*,#1730,.F.);
#1012=ORIENTED_EDGE('',*,*,#1731,.T.);
#1013=ORIENTED_EDGE('',*,*,#1732,.F.);
#1014=ORIENTED_EDGE('',*,*,#1733,.F.);
#1015=ORIENTED_EDGE('',*,*,#1734,.F.);
#1016=ORIENTED_EDGE('',*,*,#1735,.T.);
#1017=ORIENTED_EDGE('',*,*,#1736,.F.);
#1018=ORIENTED_EDGE('',*,*,#1737,.F.);
#1019=ORIENTED_EDGE('',*,*,#1738,.F.);
#1020=ORIENTED_EDGE('',*,*,#1739,.T.);
#1021=ORIENTED_EDGE('',*,*,#1740,.F.);
#1022=ORIENTED_EDGE('',*,*,#1741,.F.);
#1023=ORIENTED_EDGE('',*,*,#1742,.F.);
#1024=ORIENTED_EDGE('',*,*,#1743,.T.);
#1025=ORIENTED_EDGE('',*,*,#1744,.F.);
#1026=ORIENTED_EDGE('',*,*,#1745,.F.);
#1027=ORIENTED_EDGE('',*,*,#1746,.F.);
#1028=ORIENTED_EDGE('',*,*,#1747,.T.);
#1029=ORIENTED_EDGE('',*,*,#1748,.F.);
#1030=ORIENTED_EDGE('',*,*,#1749,.F.);
#1031=ORIENTED_EDGE('',*,*,#1750,.F.);
#1032=ORIENTED_EDGE('',*,*,#1751,.T.);
#1033=ORIENTED_EDGE('',*,*,#1752,.F.);
#1034=ORIENTED_EDGE('',*,*,#1753,.F.);
#1035=ORIENTED_EDGE('',*,*,#1754,.F.);
#1036=ORIENTED_EDGE('',*,*,#1755,.T.);
#1037=ORIENTED_EDGE('',*,*,#1756,.F.);
#1038=ORIENTED_EDGE('',*,*,#1757,.F.);
#1039=ORIENTED_EDGE('',*,*,#1758,.F.);
#1040=ORIENTED_EDGE('',*,*,#1759,.T.);
#1041=ORIENTED_EDGE('',*,*,#1760,.F.);
#1042=ORIENTED_EDGE('',*,*,#1761,.F.);
#1043=ORIENTED_EDGE('',*,*,#1762,.F.);
#1044=ORIENTED_EDGE('',*,*,#1763,.T.);
#1045=ORIENTED_EDGE('',*,*,#1764,.F.);
#1046=ORIENTED_EDGE('',*,*,#1765,.F.);
#1047=ORIENTED_EDGE('',*,*,#1766,.F.);
#1048=ORIENTED_EDGE('',*,*,#1767,.T.);
#1049=ORIENTED_EDGE('',*,*,#1768,.F.);
#1050=ORIENTED_EDGE('',*,*,#1769,.F.);
#1051=ORIENTED_EDGE('',*,*,#1770,.F.);
#1052=ORIENTED_EDGE('',*,*,#1771,.T.);
#1053=ORIENTED_EDGE('',*,*,#1772,.F.);
#1054=ORIENTED_EDGE('',*,*,#1773,.F.);
#1055=ORIENTED_EDGE('',*,*,#1774,.F.);
#1056=ORIENTED_EDGE('',*,*,#1775,.T.);
#1057=ORIENTED_EDGE('',*,*,#1776,.F.);
#1058=ORIENTED_EDGE('',*,*,#1777,.F.);
#1059=ORIENTED_EDGE('',*,*,#1778,.F.);
#1060=ORIENTED_EDGE('',*,*,#1779,.T.);
#1061=ORIENTED_EDGE('',*,*,#1780,.F.);
#1062=ORIENTED_EDGE('',*,*,#1781,.F.);
#1063=ORIENTED_EDGE('',*,*,#1782,.F.);
#1064=ORIENTED_EDGE('',*,*,#1783,.T.);
#1065=ORIENTED_EDGE('',*,*,#1784,.F.);
#1066=ORIENTED_EDGE('',*,*,#1785,.F.);
#1067=ORIENTED_EDGE('',*,*,#1786,.F.);
#1068=ORIENTED_EDGE('',*,*,#1787,.T.);
#1069=ORIENTED_EDGE('',*,*,#1788,.F.);
#1070=ORIENTED_EDGE('',*,*,#1789,.F.);
#1071=ORIENTED_EDGE('',*,*,#1790,.F.);
#1072=ORIENTED_EDGE('',*,*,#1791,.T.);
#1073=ORIENTED_EDGE('',*,*,#1792,.F.);
#1074=ORIENTED_EDGE('',*,*,#1793,.F.);
#1075=ORIENTED_EDGE('',*,*,#1794,.F.);
#1076=ORIENTED_EDGE('',*,*,#1795,.T.);
#1077=ORIENTED_EDGE('',*,*,#1796,.F.);
#1078=ORIENTED_EDGE('',*,*,#1797,.F.);
#1079=ORIENTED_EDGE('',*,*,#1798,.F.);
#1080=ORIENTED_EDGE('',*,*,#1799,.T.);
#1081=ORIENTED_EDGE('',*,*,#1800,.F.);
#1082=ORIENTED_EDGE('',*,*,#1801,.F.);
#1083=ORIENTED_EDGE('',*,*,#1802,.F.);
#1084=ORIENTED_EDGE('',*,*,#1803,.T.);
#1085=ORIENTED_EDGE('',*,*,#1804,.F.);
#1086=ORIENTED_EDGE('',*,*,#1805,.F.);
#1087=ORIENTED_EDGE('',*,*,#1806,.F.);
#1088=ORIENTED_EDGE('',*,*,#1807,.T.);
#1089=ORIENTED_EDGE('',*,*,#1808,.F.);
#1090=ORIENTED_EDGE('',*,*,#1809,.F.);
#1091=ORIENTED_EDGE('',*,*,#1810,.F.);
#1092=ORIENTED_EDGE('',*,*,#1811,.T.);
#1093=ORIENTED_EDGE('',*,*,#1812,.F.);
#1094=ORIENTED_EDGE('',*,*,#1813,.F.);
#1095=ORIENTED_EDGE('',*,*,#1814,.T.);
#1096=ORIENTED_EDGE('',*,*,#1815,.T.);
#1097=ORIENTED_EDGE('',*,*,#1816,.F.);
#1098=ORIENTED_EDGE('',*,*,#1756,.T.);
#1099=ORIENTED_EDGE('',*,*,#1757,.T.);
#1100=ORIENTED_EDGE('',*,*,#1816,.T.);
#1101=ORIENTED_EDGE('',*,*,#1817,.T.);
#1102=ORIENTED_EDGE('',*,*,#1818,.F.);
#1103=ORIENTED_EDGE('',*,*,#1819,.T.);
#1104=ORIENTED_EDGE('',*,*,#1758,.T.);
#1105=ORIENTED_EDGE('',*,*,#1818,.T.);
#1106=ORIENTED_EDGE('',*,*,#1820,.T.);
#1107=ORIENTED_EDGE('',*,*,#1821,.T.);
#1108=ORIENTED_EDGE('',*,*,#1762,.T.);
#1109=ORIENTED_EDGE('',*,*,#1822,.T.);
#1110=ORIENTED_EDGE('',*,*,#1823,.T.);
#1111=ORIENTED_EDGE('',*,*,#1761,.T.);
#1112=ORIENTED_EDGE('',*,*,#1824,.T.);
#1113=ORIENTED_EDGE('',*,*,#1825,.T.);
#1114=ORIENTED_EDGE('',*,*,#1822,.F.);
#1115=ORIENTED_EDGE('',*,*,#1826,.T.);
#1116=ORIENTED_EDGE('',*,*,#1827,.T.);
#1117=ORIENTED_EDGE('',*,*,#1824,.F.);
#1118=ORIENTED_EDGE('',*,*,#1760,.T.);
#1119=ORIENTED_EDGE('',*,*,#1828,.T.);
#1120=ORIENTED_EDGE('',*,*,#1829,.T.);
#1121=ORIENTED_EDGE('',*,*,#1830,.F.);
#1122=ORIENTED_EDGE('',*,*,#1752,.T.);
#1123=ORIENTED_EDGE('',*,*,#1753,.T.);
#1124=ORIENTED_EDGE('',*,*,#1830,.T.);
#1125=ORIENTED_EDGE('',*,*,#1831,.T.);
#1126=ORIENTED_EDGE('',*,*,#1832,.F.);
#1127=ORIENTED_EDGE('',*,*,#1833,.T.);
#1128=ORIENTED_EDGE('',*,*,#1754,.T.);
#1129=ORIENTED_EDGE('',*,*,#1832,.T.);
#1130=ORIENTED_EDGE('',*,*,#1834,.T.);
#1131=ORIENTED_EDGE('',*,*,#1835,.T.);
#1132=ORIENTED_EDGE('',*,*,#1836,.T.);
#1133=ORIENTED_EDGE('',*,*,#1837,.F.);
#1134=ORIENTED_EDGE('',*,*,#1764,.T.);
#1135=ORIENTED_EDGE('',*,*,#1838,.T.);
#1136=ORIENTED_EDGE('',*,*,#1766,.T.);
#1137=ORIENTED_EDGE('',*,*,#1839,.T.);
#1138=ORIENTED_EDGE('',*,*,#1840,.T.);
#1139=ORIENTED_EDGE('',*,*,#1765,.T.);
#1140=ORIENTED_EDGE('',*,*,#1837,.T.);
#1141=ORIENTED_EDGE('',*,*,#1841,.T.);
#1142=ORIENTED_EDGE('',*,*,#1839,.F.);
#1143=ORIENTED_EDGE('',*,*,#1842,.T.);
#1144=ORIENTED_EDGE('',*,*,#1843,.T.);
#1145=ORIENTED_EDGE('',*,*,#1844,.F.);
#1146=ORIENTED_EDGE('',*,*,#1748,.T.);
#1147=ORIENTED_EDGE('',*,*,#1749,.T.);
#1148=ORIENTED_EDGE('',*,*,#1844,.T.);
#1149=ORIENTED_EDGE('',*,*,#1845,.T.);
#1150=ORIENTED_EDGE('',*,*,#1846,.F.);
#1151=ORIENTED_EDGE('',*,*,#1847,.T.);
#1152=ORIENTED_EDGE('',*,*,#1750,.T.);
#1153=ORIENTED_EDGE('',*,*,#1846,.T.);
#1154=ORIENTED_EDGE('',*,*,#1848,.T.);
#1155=ORIENTED_EDGE('',*,*,#1849,.T.);
#1156=ORIENTED_EDGE('',*,*,#1850,.T.);
#1157=ORIENTED_EDGE('',*,*,#1851,.F.);
#1158=ORIENTED_EDGE('',*,*,#1768,.T.);
#1159=ORIENTED_EDGE('',*,*,#1852,.T.);
#1160=ORIENTED_EDGE('',*,*,#1770,.T.);
#1161=ORIENTED_EDGE('',*,*,#1853,.T.);
#1162=ORIENTED_EDGE('',*,*,#1854,.T.);
#1163=ORIENTED_EDGE('',*,*,#1769,.T.);
#1164=ORIENTED_EDGE('',*,*,#1851,.T.);
#1165=ORIENTED_EDGE('',*,*,#1855,.T.);
#1166=ORIENTED_EDGE('',*,*,#1853,.F.);
#1167=ORIENTED_EDGE('',*,*,#1856,.T.);
#1168=ORIENTED_EDGE('',*,*,#1857,.T.);
#1169=ORIENTED_EDGE('',*,*,#1858,.F.);
#1170=ORIENTED_EDGE('',*,*,#1744,.T.);
#1171=ORIENTED_EDGE('',*,*,#1745,.T.);
#1172=ORIENTED_EDGE('',*,*,#1858,.T.);
#1173=ORIENTED_EDGE('',*,*,#1859,.T.);
#1174=ORIENTED_EDGE('',*,*,#1860,.F.);
#1175=ORIENTED_EDGE('',*,*,#1861,.T.);
#1176=ORIENTED_EDGE('',*,*,#1746,.T.);
#1177=ORIENTED_EDGE('',*,*,#1860,.T.);
#1178=ORIENTED_EDGE('',*,*,#1862,.T.);
#1179=ORIENTED_EDGE('',*,*,#1863,.T.);
#1180=ORIENTED_EDGE('',*,*,#1864,.T.);
#1181=ORIENTED_EDGE('',*,*,#1865,.F.);
#1182=ORIENTED_EDGE('',*,*,#1772,.T.);
#1183=ORIENTED_EDGE('',*,*,#1866,.T.);
#1184=ORIENTED_EDGE('',*,*,#1774,.T.);
#1185=ORIENTED_EDGE('',*,*,#1867,.T.);
#1186=ORIENTED_EDGE('',*,*,#1868,.T.);
#1187=ORIENTED_EDGE('',*,*,#1773,.T.);
#1188=ORIENTED_EDGE('',*,*,#1865,.T.);
#1189=ORIENTED_EDGE('',*,*,#1869,.T.);
#1190=ORIENTED_EDGE('',*,*,#1867,.F.);
#1191=ORIENTED_EDGE('',*,*,#1870,.T.);
#1192=ORIENTED_EDGE('',*,*,#1871,.T.);
#1193=ORIENTED_EDGE('',*,*,#1872,.F.);
#1194=ORIENTED_EDGE('',*,*,#1740,.T.);
#1195=ORIENTED_EDGE('',*,*,#1741,.T.);
#1196=ORIENTED_EDGE('',*,*,#1872,.T.);
#1197=ORIENTED_EDGE('',*,*,#1873,.T.);
#1198=ORIENTED_EDGE('',*,*,#1874,.F.);
#1199=ORIENTED_EDGE('',*,*,#1875,.T.);
#1200=ORIENTED_EDGE('',*,*,#1742,.T.);
#1201=ORIENTED_EDGE('',*,*,#1874,.T.);
#1202=ORIENTED_EDGE('',*,*,#1876,.T.);
#1203=ORIENTED_EDGE('',*,*,#1877,.T.);
#1204=ORIENTED_EDGE('',*,*,#1878,.T.);
#1205=ORIENTED_EDGE('',*,*,#1879,.F.);
#1206=ORIENTED_EDGE('',*,*,#1776,.T.);
#1207=ORIENTED_EDGE('',*,*,#1880,.T.);
#1208=ORIENTED_EDGE('',*,*,#1778,.T.);
#1209=ORIENTED_EDGE('',*,*,#1881,.T.);
#1210=ORIENTED_EDGE('',*,*,#1882,.T.);
#1211=ORIENTED_EDGE('',*,*,#1777,.T.);
#1212=ORIENTED_EDGE('',*,*,#1879,.T.);
#1213=ORIENTED_EDGE('',*,*,#1883,.T.);
#1214=ORIENTED_EDGE('',*,*,#1881,.F.);
#1215=ORIENTED_EDGE('',*,*,#1884,.T.);
#1216=ORIENTED_EDGE('',*,*,#1885,.T.);
#1217=ORIENTED_EDGE('',*,*,#1886,.F.);
#1218=ORIENTED_EDGE('',*,*,#1736,.T.);
#1219=ORIENTED_EDGE('',*,*,#1737,.T.);
#1220=ORIENTED_EDGE('',*,*,#1886,.T.);
#1221=ORIENTED_EDGE('',*,*,#1887,.T.);
#1222=ORIENTED_EDGE('',*,*,#1888,.F.);
#1223=ORIENTED_EDGE('',*,*,#1889,.T.);
#1224=ORIENTED_EDGE('',*,*,#1738,.T.);
#1225=ORIENTED_EDGE('',*,*,#1888,.T.);
#1226=ORIENTED_EDGE('',*,*,#1890,.T.);
#1227=ORIENTED_EDGE('',*,*,#1891,.T.);
#1228=ORIENTED_EDGE('',*,*,#1892,.T.);
#1229=ORIENTED_EDGE('',*,*,#1893,.F.);
#1230=ORIENTED_EDGE('',*,*,#1780,.T.);
#1231=ORIENTED_EDGE('',*,*,#1894,.T.);
#1232=ORIENTED_EDGE('',*,*,#1782,.T.);
#1233=ORIENTED_EDGE('',*,*,#1895,.T.);
#1234=ORIENTED_EDGE('',*,*,#1896,.T.);
#1235=ORIENTED_EDGE('',*,*,#1781,.T.);
#1236=ORIENTED_EDGE('',*,*,#1893,.T.);
#1237=ORIENTED_EDGE('',*,*,#1897,.T.);
#1238=ORIENTED_EDGE('',*,*,#1895,.F.);
#1239=ORIENTED_EDGE('',*,*,#1898,.T.);
#1240=ORIENTED_EDGE('',*,*,#1899,.T.);
#1241=ORIENTED_EDGE('',*,*,#1900,.F.);
#1242=ORIENTED_EDGE('',*,*,#1732,.T.);
#1243=ORIENTED_EDGE('',*,*,#1733,.T.);
#1244=ORIENTED_EDGE('',*,*,#1900,.T.);
#1245=ORIENTED_EDGE('',*,*,#1901,.T.);
#1246=ORIENTED_EDGE('',*,*,#1902,.F.);
#1247=ORIENTED_EDGE('',*,*,#1903,.T.);
#1248=ORIENTED_EDGE('',*,*,#1734,.T.);
#1249=ORIENTED_EDGE('',*,*,#1902,.T.);
#1250=ORIENTED_EDGE('',*,*,#1904,.T.);
#1251=ORIENTED_EDGE('',*,*,#1905,.T.);
#1252=ORIENTED_EDGE('',*,*,#1906,.T.);
#1253=ORIENTED_EDGE('',*,*,#1907,.F.);
#1254=ORIENTED_EDGE('',*,*,#1784,.T.);
#1255=ORIENTED_EDGE('',*,*,#1908,.T.);
#1256=ORIENTED_EDGE('',*,*,#1786,.T.);
#1257=ORIENTED_EDGE('',*,*,#1909,.T.);
#1258=ORIENTED_EDGE('',*,*,#1910,.T.);
#1259=ORIENTED_EDGE('',*,*,#1785,.T.);
#1260=ORIENTED_EDGE('',*,*,#1907,.T.);
#1261=ORIENTED_EDGE('',*,*,#1911,.T.);
#1262=ORIENTED_EDGE('',*,*,#1909,.F.);
#1263=ORIENTED_EDGE('',*,*,#1912,.T.);
#1264=ORIENTED_EDGE('',*,*,#1913,.T.);
#1265=ORIENTED_EDGE('',*,*,#1914,.F.);
#1266=ORIENTED_EDGE('',*,*,#1728,.T.);
#1267=ORIENTED_EDGE('',*,*,#1729,.T.);
#1268=ORIENTED_EDGE('',*,*,#1914,.T.);
#1269=ORIENTED_EDGE('',*,*,#1915,.T.);
#1270=ORIENTED_EDGE('',*,*,#1916,.F.);
#1271=ORIENTED_EDGE('',*,*,#1917,.T.);
#1272=ORIENTED_EDGE('',*,*,#1730,.T.);
#1273=ORIENTED_EDGE('',*,*,#1916,.T.);
#1274=ORIENTED_EDGE('',*,*,#1918,.T.);
#1275=ORIENTED_EDGE('',*,*,#1919,.T.);
#1276=ORIENTED_EDGE('',*,*,#1920,.T.);
#1277=ORIENTED_EDGE('',*,*,#1921,.F.);
#1278=ORIENTED_EDGE('',*,*,#1788,.T.);
#1279=ORIENTED_EDGE('',*,*,#1922,.T.);
#1280=ORIENTED_EDGE('',*,*,#1790,.T.);
#1281=ORIENTED_EDGE('',*,*,#1923,.T.);
#1282=ORIENTED_EDGE('',*,*,#1924,.T.);
#1283=ORIENTED_EDGE('',*,*,#1789,.T.);
#1284=ORIENTED_EDGE('',*,*,#1921,.T.);
#1285=ORIENTED_EDGE('',*,*,#1925,.T.);
#1286=ORIENTED_EDGE('',*,*,#1923,.F.);
#1287=ORIENTED_EDGE('',*,*,#1926,.T.);
#1288=ORIENTED_EDGE('',*,*,#1927,.T.);
#1289=ORIENTED_EDGE('',*,*,#1928,.F.);
#1290=ORIENTED_EDGE('',*,*,#1724,.T.);
#1291=ORIENTED_EDGE('',*,*,#1725,.T.);
#1292=ORIENTED_EDGE('',*,*,#1928,.T.);
#1293=ORIENTED_EDGE('',*,*,#1929,.T.);
#1294=ORIENTED_EDGE('',*,*,#1930,.F.);
#1295=ORIENTED_EDGE('',*,*,#1931,.T.);
#1296=ORIENTED_EDGE('',*,*,#1726,.T.);
#1297=ORIENTED_EDGE('',*,*,#1930,.T.);
#1298=ORIENTED_EDGE('',*,*,#1932,.T.);
#1299=ORIENTED_EDGE('',*,*,#1933,.T.);
#1300=ORIENTED_EDGE('',*,*,#1934,.T.);
#1301=ORIENTED_EDGE('',*,*,#1935,.F.);
#1302=ORIENTED_EDGE('',*,*,#1792,.T.);
#1303=ORIENTED_EDGE('',*,*,#1936,.T.);
#1304=ORIENTED_EDGE('',*,*,#1794,.T.);
#1305=ORIENTED_EDGE('',*,*,#1937,.T.);
#1306=ORIENTED_EDGE('',*,*,#1938,.T.);
#1307=ORIENTED_EDGE('',*,*,#1793,.T.);
#1308=ORIENTED_EDGE('',*,*,#1935,.T.);
#1309=ORIENTED_EDGE('',*,*,#1939,.T.);
#1310=ORIENTED_EDGE('',*,*,#1937,.F.);
#1311=ORIENTED_EDGE('',*,*,#1940,.T.);
#1312=ORIENTED_EDGE('',*,*,#1941,.T.);
#1313=ORIENTED_EDGE('',*,*,#1942,.F.);
#1314=ORIENTED_EDGE('',*,*,#1720,.T.);
#1315=ORIENTED_EDGE('',*,*,#1721,.T.);
#1316=ORIENTED_EDGE('',*,*,#1942,.T.);
#1317=ORIENTED_EDGE('',*,*,#1943,.T.);
#1318=ORIENTED_EDGE('',*,*,#1944,.F.);
#1319=ORIENTED_EDGE('',*,*,#1945,.T.);
#1320=ORIENTED_EDGE('',*,*,#1722,.T.);
#1321=ORIENTED_EDGE('',*,*,#1944,.T.);
#1322=ORIENTED_EDGE('',*,*,#1946,.T.);
#1323=ORIENTED_EDGE('',*,*,#1947,.T.);
#1324=ORIENTED_EDGE('',*,*,#1948,.T.);
#1325=ORIENTED_EDGE('',*,*,#1949,.F.);
#1326=ORIENTED_EDGE('',*,*,#1796,.T.);
#1327=ORIENTED_EDGE('',*,*,#1950,.T.);
#1328=ORIENTED_EDGE('',*,*,#1798,.T.);
#1329=ORIENTED_EDGE('',*,*,#1951,.T.);
#1330=ORIENTED_EDGE('',*,*,#1952,.T.);
#1331=ORIENTED_EDGE('',*,*,#1797,.T.);
#1332=ORIENTED_EDGE('',*,*,#1949,.T.);
#1333=ORIENTED_EDGE('',*,*,#1953,.T.);
#1334=ORIENTED_EDGE('',*,*,#1951,.F.);
#1335=ORIENTED_EDGE('',*,*,#1954,.T.);
#1336=ORIENTED_EDGE('',*,*,#1955,.T.);
#1337=ORIENTED_EDGE('',*,*,#1956,.F.);
#1338=ORIENTED_EDGE('',*,*,#1812,.T.);
#1339=ORIENTED_EDGE('',*,*,#1813,.T.);
#1340=ORIENTED_EDGE('',*,*,#1956,.T.);
#1341=ORIENTED_EDGE('',*,*,#1957,.T.);
#1342=ORIENTED_EDGE('',*,*,#1958,.F.);
#1343=ORIENTED_EDGE('',*,*,#1959,.T.);
#1344=ORIENTED_EDGE('',*,*,#1718,.T.);
#1345=ORIENTED_EDGE('',*,*,#1958,.T.);
#1346=ORIENTED_EDGE('',*,*,#1960,.T.);
#1347=ORIENTED_EDGE('',*,*,#1961,.T.);
#1348=ORIENTED_EDGE('',*,*,#1962,.T.);
#1349=ORIENTED_EDGE('',*,*,#1963,.F.);
#1350=ORIENTED_EDGE('',*,*,#1800,.T.);
#1351=ORIENTED_EDGE('',*,*,#1964,.T.);
#1352=ORIENTED_EDGE('',*,*,#1802,.T.);
#1353=ORIENTED_EDGE('',*,*,#1965,.T.);
#1354=ORIENTED_EDGE('',*,*,#1966,.T.);
#1355=ORIENTED_EDGE('',*,*,#1801,.T.);
#1356=ORIENTED_EDGE('',*,*,#1963,.T.);
#1357=ORIENTED_EDGE('',*,*,#1967,.T.);
#1358=ORIENTED_EDGE('',*,*,#1965,.F.);
#1359=ORIENTED_EDGE('',*,*,#1968,.T.);
#1360=ORIENTED_EDGE('',*,*,#1969,.T.);
#1361=ORIENTED_EDGE('',*,*,#1970,.F.);
#1362=ORIENTED_EDGE('',*,*,#1808,.T.);
#1363=ORIENTED_EDGE('',*,*,#1809,.T.);
#1364=ORIENTED_EDGE('',*,*,#1970,.T.);
#1365=ORIENTED_EDGE('',*,*,#1971,.T.);
#1366=ORIENTED_EDGE('',*,*,#1972,.F.);
#1367=ORIENTED_EDGE('',*,*,#1973,.T.);
#1368=ORIENTED_EDGE('',*,*,#1810,.T.);
#1369=ORIENTED_EDGE('',*,*,#1972,.T.);
#1370=ORIENTED_EDGE('',*,*,#1974,.T.);
#1371=ORIENTED_EDGE('',*,*,#1975,.T.);
#1372=ORIENTED_EDGE('',*,*,#1976,.T.);
#1373=ORIENTED_EDGE('',*,*,#1977,.F.);
#1374=ORIENTED_EDGE('',*,*,#1804,.T.);
#1375=ORIENTED_EDGE('',*,*,#1978,.T.);
#1376=ORIENTED_EDGE('',*,*,#1806,.T.);
#1377=ORIENTED_EDGE('',*,*,#1979,.T.);
#1378=ORIENTED_EDGE('',*,*,#1980,.T.);
#1379=ORIENTED_EDGE('',*,*,#1805,.T.);
#1380=ORIENTED_EDGE('',*,*,#1977,.T.);
#1381=ORIENTED_EDGE('',*,*,#1981,.T.);
#1382=ORIENTED_EDGE('',*,*,#1979,.F.);
#1383=ORIENTED_EDGE('',*,*,#1982,.T.);
#1384=ORIENTED_EDGE('',*,*,#1983,.T.);
#1385=ORIENTED_EDGE('',*,*,#1984,.T.);
#1386=ORIENTED_EDGE('',*,*,#1985,.T.);
#1387=ORIENTED_EDGE('',*,*,#1815,.F.);
#1388=ORIENTED_EDGE('',*,*,#1986,.F.);
#1389=ORIENTED_EDGE('',*,*,#1834,.F.);
#1390=ORIENTED_EDGE('',*,*,#1831,.F.);
#1391=ORIENTED_EDGE('',*,*,#1829,.F.);
#1392=ORIENTED_EDGE('',*,*,#1987,.F.);
#1393=ORIENTED_EDGE('',*,*,#1848,.F.);
#1394=ORIENTED_EDGE('',*,*,#1845,.F.);
#1395=ORIENTED_EDGE('',*,*,#1843,.F.);
#1396=ORIENTED_EDGE('',*,*,#1988,.F.);
#1397=ORIENTED_EDGE('',*,*,#1862,.F.);
#1398=ORIENTED_EDGE('',*,*,#1859,.F.);
#1399=ORIENTED_EDGE('',*,*,#1857,.F.);
#1400=ORIENTED_EDGE('',*,*,#1989,.F.);
#1401=ORIENTED_EDGE('',*,*,#1876,.F.);
#1402=ORIENTED_EDGE('',*,*,#1873,.F.);
#1403=ORIENTED_EDGE('',*,*,#1871,.F.);
#1404=ORIENTED_EDGE('',*,*,#1990,.F.);
#1405=ORIENTED_EDGE('',*,*,#1890,.F.);
#1406=ORIENTED_EDGE('',*,*,#1887,.F.);
#1407=ORIENTED_EDGE('',*,*,#1885,.F.);
#1408=ORIENTED_EDGE('',*,*,#1991,.F.);
#1409=ORIENTED_EDGE('',*,*,#1904,.F.);
#1410=ORIENTED_EDGE('',*,*,#1901,.F.);
#1411=ORIENTED_EDGE('',*,*,#1899,.F.);
#1412=ORIENTED_EDGE('',*,*,#1992,.F.);
#1413=ORIENTED_EDGE('',*,*,#1918,.F.);
#1414=ORIENTED_EDGE('',*,*,#1915,.F.);
#1415=ORIENTED_EDGE('',*,*,#1913,.F.);
#1416=ORIENTED_EDGE('',*,*,#1993,.F.);
#1417=ORIENTED_EDGE('',*,*,#1932,.F.);
#1418=ORIENTED_EDGE('',*,*,#1929,.F.);
#1419=ORIENTED_EDGE('',*,*,#1927,.F.);
#1420=ORIENTED_EDGE('',*,*,#1994,.F.);
#1421=ORIENTED_EDGE('',*,*,#1946,.F.);
#1422=ORIENTED_EDGE('',*,*,#1943,.F.);
#1423=ORIENTED_EDGE('',*,*,#1941,.F.);
#1424=ORIENTED_EDGE('',*,*,#1995,.F.);
#1425=ORIENTED_EDGE('',*,*,#1960,.F.);
#1426=ORIENTED_EDGE('',*,*,#1957,.F.);
#1427=ORIENTED_EDGE('',*,*,#1955,.F.);
#1428=ORIENTED_EDGE('',*,*,#1996,.F.);
#1429=ORIENTED_EDGE('',*,*,#1974,.F.);
#1430=ORIENTED_EDGE('',*,*,#1971,.F.);
#1431=ORIENTED_EDGE('',*,*,#1969,.F.);
#1432=ORIENTED_EDGE('',*,*,#1997,.F.);
#1433=ORIENTED_EDGE('',*,*,#1980,.F.);
#1434=ORIENTED_EDGE('',*,*,#1981,.F.);
#1435=ORIENTED_EDGE('',*,*,#1976,.F.);
#1436=ORIENTED_EDGE('',*,*,#1998,.F.);
#1437=ORIENTED_EDGE('',*,*,#1966,.F.);
#1438=ORIENTED_EDGE('',*,*,#1967,.F.);
#1439=ORIENTED_EDGE('',*,*,#1962,.F.);
#1440=ORIENTED_EDGE('',*,*,#1999,.F.);
#1441=ORIENTED_EDGE('',*,*,#1952,.F.);
#1442=ORIENTED_EDGE('',*,*,#1953,.F.);
#1443=ORIENTED_EDGE('',*,*,#1948,.F.);
#1444=ORIENTED_EDGE('',*,*,#2000,.F.);
#1445=ORIENTED_EDGE('',*,*,#1938,.F.);
#1446=ORIENTED_EDGE('',*,*,#1939,.F.);
#1447=ORIENTED_EDGE('',*,*,#1934,.F.);
#1448=ORIENTED_EDGE('',*,*,#2001,.F.);
#1449=ORIENTED_EDGE('',*,*,#1924,.F.);
#1450=ORIENTED_EDGE('',*,*,#1925,.F.);
#1451=ORIENTED_EDGE('',*,*,#1920,.F.);
#1452=ORIENTED_EDGE('',*,*,#2002,.F.);
#1453=ORIENTED_EDGE('',*,*,#1910,.F.);
#1454=ORIENTED_EDGE('',*,*,#1911,.F.);
#1455=ORIENTED_EDGE('',*,*,#1906,.F.);
#1456=ORIENTED_EDGE('',*,*,#2003,.F.);
#1457=ORIENTED_EDGE('',*,*,#1896,.F.);
#1458=ORIENTED_EDGE('',*,*,#1897,.F.);
#1459=ORIENTED_EDGE('',*,*,#1892,.F.);
#1460=ORIENTED_EDGE('',*,*,#2004,.F.);
#1461=ORIENTED_EDGE('',*,*,#1882,.F.);
#1462=ORIENTED_EDGE('',*,*,#1883,.F.);
#1463=ORIENTED_EDGE('',*,*,#1878,.F.);
#1464=ORIENTED_EDGE('',*,*,#2005,.F.);
#1465=ORIENTED_EDGE('',*,*,#1868,.F.);
#1466=ORIENTED_EDGE('',*,*,#1869,.F.);
#1467=ORIENTED_EDGE('',*,*,#1864,.F.);
#1468=ORIENTED_EDGE('',*,*,#2006,.F.);
#1469=ORIENTED_EDGE('',*,*,#1854,.F.);
#1470=ORIENTED_EDGE('',*,*,#1855,.F.);
#1471=ORIENTED_EDGE('',*,*,#1850,.F.);
#1472=ORIENTED_EDGE('',*,*,#2007,.F.);
#1473=ORIENTED_EDGE('',*,*,#1840,.F.);
#1474=ORIENTED_EDGE('',*,*,#1841,.F.);
#1475=ORIENTED_EDGE('',*,*,#1836,.F.);
#1476=ORIENTED_EDGE('',*,*,#2008,.F.);
#1477=ORIENTED_EDGE('',*,*,#1823,.F.);
#1478=ORIENTED_EDGE('',*,*,#1825,.F.);
#1479=ORIENTED_EDGE('',*,*,#1827,.F.);
#1480=ORIENTED_EDGE('',*,*,#2009,.F.);
#1481=ORIENTED_EDGE('',*,*,#1820,.F.);
#1482=ORIENTED_EDGE('',*,*,#1817,.F.);
#1483=ORIENTED_EDGE('',*,*,#1978,.F.);
#1484=ORIENTED_EDGE('',*,*,#1997,.T.);
#1485=ORIENTED_EDGE('',*,*,#1968,.F.);
#1486=ORIENTED_EDGE('',*,*,#1807,.F.);
#1487=ORIENTED_EDGE('',*,*,#1954,.F.);
#1488=ORIENTED_EDGE('',*,*,#1811,.F.);
#1489=ORIENTED_EDGE('',*,*,#1973,.F.);
#1490=ORIENTED_EDGE('',*,*,#1996,.T.);
#1491=ORIENTED_EDGE('',*,*,#1964,.F.);
#1492=ORIENTED_EDGE('',*,*,#1998,.T.);
#1493=ORIENTED_EDGE('',*,*,#1975,.F.);
#1494=ORIENTED_EDGE('',*,*,#1803,.F.);
#1495=ORIENTED_EDGE('',*,*,#1982,.F.);
#1496=ORIENTED_EDGE('',*,*,#2010,.F.);
#1497=ORIENTED_EDGE('',*,*,#2011,.T.);
#1498=ORIENTED_EDGE('',*,*,#2012,.T.);
#1499=ORIENTED_EDGE('',*,*,#1985,.F.);
#1500=ORIENTED_EDGE('',*,*,#2013,.F.);
#1501=ORIENTED_EDGE('',*,*,#2014,.T.);
#1502=ORIENTED_EDGE('',*,*,#2010,.T.);
#1503=ORIENTED_EDGE('',*,*,#1984,.F.);
#1504=ORIENTED_EDGE('',*,*,#2015,.F.);
#1505=ORIENTED_EDGE('',*,*,#2016,.T.);
#1506=ORIENTED_EDGE('',*,*,#2013,.T.);
#1507=ORIENTED_EDGE('',*,*,#1714,.T.);
#1508=ORIENTED_EDGE('',*,*,#2017,.F.);
#1509=ORIENTED_EDGE('',*,*,#2018,.F.);
#1510=ORIENTED_EDGE('',*,*,#2019,.T.);
#1511=ORIENTED_EDGE('',*,*,#1716,.T.);
#1512=ORIENTED_EDGE('',*,*,#2020,.F.);
#1513=ORIENTED_EDGE('',*,*,#2021,.F.);
#1514=ORIENTED_EDGE('',*,*,#2022,.T.);
#1515=ORIENTED_EDGE('',*,*,#1713,.T.);
#1516=ORIENTED_EDGE('',*,*,#2022,.F.);
#1517=ORIENTED_EDGE('',*,*,#2023,.F.);
#1518=ORIENTED_EDGE('',*,*,#2017,.T.);
#1519=ORIENTED_EDGE('',*,*,#2016,.F.);
#1520=ORIENTED_EDGE('',*,*,#2024,.F.);
#1521=ORIENTED_EDGE('',*,*,#2011,.F.);
#1522=ORIENTED_EDGE('',*,*,#2014,.F.);
#1523=ORIENTED_EDGE('',*,*,#2023,.T.);
#1524=ORIENTED_EDGE('',*,*,#2021,.T.);
#1525=ORIENTED_EDGE('',*,*,#2025,.T.);
#1526=ORIENTED_EDGE('',*,*,#2018,.T.);
#1527=ORIENTED_EDGE('',*,*,#1940,.F.);
#1528=ORIENTED_EDGE('',*,*,#1719,.F.);
#1529=ORIENTED_EDGE('',*,*,#1959,.F.);
#1530=ORIENTED_EDGE('',*,*,#1995,.T.);
#1531=ORIENTED_EDGE('',*,*,#1926,.F.);
#1532=ORIENTED_EDGE('',*,*,#1723,.F.);
#1533=ORIENTED_EDGE('',*,*,#1945,.F.);
#1534=ORIENTED_EDGE('',*,*,#1994,.T.);
#1535=ORIENTED_EDGE('',*,*,#1912,.F.);
#1536=ORIENTED_EDGE('',*,*,#1727,.F.);
#1537=ORIENTED_EDGE('',*,*,#1931,.F.);
#1538=ORIENTED_EDGE('',*,*,#1993,.T.);
#1539=ORIENTED_EDGE('',*,*,#1898,.F.);
#1540=ORIENTED_EDGE('',*,*,#1731,.F.);
#1541=ORIENTED_EDGE('',*,*,#1917,.F.);
#1542=ORIENTED_EDGE('',*,*,#1992,.T.);
#1543=ORIENTED_EDGE('',*,*,#1884,.F.);
#1544=ORIENTED_EDGE('',*,*,#1735,.F.);
#1545=ORIENTED_EDGE('',*,*,#1903,.F.);
#1546=ORIENTED_EDGE('',*,*,#1991,.T.);
#1547=ORIENTED_EDGE('',*,*,#1870,.F.);
#1548=ORIENTED_EDGE('',*,*,#1739,.F.);
#1549=ORIENTED_EDGE('',*,*,#1889,.F.);
#1550=ORIENTED_EDGE('',*,*,#1990,.T.);
#1551=ORIENTED_EDGE('',*,*,#1856,.F.);
#1552=ORIENTED_EDGE('',*,*,#1743,.F.);
#1553=ORIENTED_EDGE('',*,*,#1875,.F.);
#1554=ORIENTED_EDGE('',*,*,#1989,.T.);
#1555=ORIENTED_EDGE('',*,*,#1842,.F.);
#1556=ORIENTED_EDGE('',*,*,#1747,.F.);
#1557=ORIENTED_EDGE('',*,*,#1861,.F.);
#1558=ORIENTED_EDGE('',*,*,#1988,.T.);
#1559=ORIENTED_EDGE('',*,*,#1828,.F.);
#1560=ORIENTED_EDGE('',*,*,#1751,.F.);
#1561=ORIENTED_EDGE('',*,*,#1847,.F.);
#1562=ORIENTED_EDGE('',*,*,#1987,.T.);
#1563=ORIENTED_EDGE('',*,*,#1814,.F.);
#1564=ORIENTED_EDGE('',*,*,#1755,.F.);
#1565=ORIENTED_EDGE('',*,*,#1833,.F.);
#1566=ORIENTED_EDGE('',*,*,#1986,.T.);
#1567=ORIENTED_EDGE('',*,*,#1950,.F.);
#1568=ORIENTED_EDGE('',*,*,#1999,.T.);
#1569=ORIENTED_EDGE('',*,*,#1961,.F.);
#1570=ORIENTED_EDGE('',*,*,#1799,.F.);
#1571=ORIENTED_EDGE('',*,*,#1936,.F.);
#1572=ORIENTED_EDGE('',*,*,#2000,.T.);
#1573=ORIENTED_EDGE('',*,*,#1947,.F.);
#1574=ORIENTED_EDGE('',*,*,#1795,.F.);
#1575=ORIENTED_EDGE('',*,*,#1922,.F.);
#1576=ORIENTED_EDGE('',*,*,#2001,.T.);
#1577=ORIENTED_EDGE('',*,*,#1933,.F.);
#1578=ORIENTED_EDGE('',*,*,#1791,.F.);
#1579=ORIENTED_EDGE('',*,*,#1908,.F.);
#1580=ORIENTED_EDGE('',*,*,#2002,.T.);
#1581=ORIENTED_EDGE('',*,*,#1919,.F.);
#1582=ORIENTED_EDGE('',*,*,#1787,.F.);
#1583=ORIENTED_EDGE('',*,*,#1894,.F.);
#1584=ORIENTED_EDGE('',*,*,#2003,.T.);
#1585=ORIENTED_EDGE('',*,*,#1905,.F.);
#1586=ORIENTED_EDGE('',*,*,#1783,.F.);
#1587=ORIENTED_EDGE('',*,*,#1880,.F.);
#1588=ORIENTED_EDGE('',*,*,#2004,.T.);
#1589=ORIENTED_EDGE('',*,*,#1891,.F.);
#1590=ORIENTED_EDGE('',*,*,#1779,.F.);
#1591=ORIENTED_EDGE('',*,*,#1866,.F.);
#1592=ORIENTED_EDGE('',*,*,#2005,.T.);
#1593=ORIENTED_EDGE('',*,*,#1877,.F.);
#1594=ORIENTED_EDGE('',*,*,#1775,.F.);
#1595=ORIENTED_EDGE('',*,*,#1852,.F.);
#1596=ORIENTED_EDGE('',*,*,#2006,.T.);
#1597=ORIENTED_EDGE('',*,*,#1863,.F.);
#1598=ORIENTED_EDGE('',*,*,#1771,.F.);
#1599=ORIENTED_EDGE('',*,*,#1838,.F.);
#1600=ORIENTED_EDGE('',*,*,#2007,.T.);
#1601=ORIENTED_EDGE('',*,*,#1849,.F.);
#1602=ORIENTED_EDGE('',*,*,#1767,.F.);
#1603=ORIENTED_EDGE('',*,*,#1821,.F.);
#1604=ORIENTED_EDGE('',*,*,#2008,.T.);
#1605=ORIENTED_EDGE('',*,*,#1835,.F.);
#1606=ORIENTED_EDGE('',*,*,#1763,.F.);
#1607=ORIENTED_EDGE('',*,*,#1697,.T.);
#1608=ORIENTED_EDGE('',*,*,#1661,.T.);
#1609=ORIENTED_EDGE('',*,*,#1700,.T.);
#1610=ORIENTED_EDGE('',*,*,#1703,.T.);
#1611=ORIENTED_EDGE('',*,*,#2025,.F.);
#1612=ORIENTED_EDGE('',*,*,#2020,.T.);
#1613=ORIENTED_EDGE('',*,*,#1715,.T.);
#1614=ORIENTED_EDGE('',*,*,#2019,.F.);
#1615=ORIENTED_EDGE('',*,*,#2024,.T.);
#1616=ORIENTED_EDGE('',*,*,#2015,.T.);
#1617=ORIENTED_EDGE('',*,*,#1983,.F.);
#1618=ORIENTED_EDGE('',*,*,#2012,.F.);
#1619=ORIENTED_EDGE('',*,*,#2009,.T.);
#1620=ORIENTED_EDGE('',*,*,#1826,.F.);
#1621=ORIENTED_EDGE('',*,*,#1759,.F.);
#1622=ORIENTED_EDGE('',*,*,#1819,.F.);
#1623=ORIENTED_EDGE('',*,*,#2026,.T.);
#1624=ORIENTED_EDGE('',*,*,#1711,.T.);
#1625=ORIENTED_EDGE('',*,*,#2027,.T.);
#1626=ORIENTED_EDGE('',*,*,#1710,.F.);
#1627=ORIENTED_EDGE('',*,*,#1662,.T.);
#1628=ORIENTED_EDGE('',*,*,#1656,.T.);
#1629=ORIENTED_EDGE('',*,*,#1658,.T.);
#1630=ORIENTED_EDGE('',*,*,#1664,.T.);
#1631=ORIENTED_EDGE('',*,*,#2028,.T.);
#1632=ORIENTED_EDGE('',*,*,#1674,.T.);
#1633=ORIENTED_EDGE('',*,*,#1671,.T.);
#1634=ORIENTED_EDGE('',*,*,#1668,.T.);
#1635=ORIENTED_EDGE('',*,*,#2029,.T.);
#1636=ORIENTED_EDGE('',*,*,#1708,.F.);
#1637=ORIENTED_EDGE('',*,*,#1688,.T.);
#1638=ORIENTED_EDGE('',*,*,#2026,.F.);
#1639=ORIENTED_EDGE('',*,*,#1691,.T.);
#1640=ORIENTED_EDGE('',*,*,#2027,.F.);
#1641=ORIENTED_EDGE('',*,*,#1677,.T.);
#1642=ORIENTED_EDGE('',*,*,#1717,.F.);
#1643=ORIENTED_EDGE('',*,*,#1681,.T.);
#1644=ORIENTED_EDGE('',*,*,#1705,.F.);
#1645=ORIENTED_EDGE('',*,*,#2029,.F.);
#1646=ORIENTED_EDGE('',*,*,#1707,.F.);
#1647=ORIENTED_EDGE('',*,*,#1672,.T.);
#1648=ORIENTED_EDGE('',*,*,#2028,.F.);
#1649=ORIENTED_EDGE('',*,*,#1663,.F.);
#1650=ORIENTED_EDGE('',*,*,#2030,.F.);
#1651=ORIENTED_EDGE('',*,*,#1706,.T.);
#1652=ORIENTED_EDGE('',*,*,#2030,.T.);
#1653=EDGE_CURVE('',#2031,#2032,#2279,.T.);
#1654=EDGE_CURVE('',#2033,#2032,#883,.T.);
#1655=EDGE_CURVE('',#2033,#2034,#2280,.T.);
#1656=EDGE_CURVE('',#2031,#2034,#884,.T.);
#1657=EDGE_CURVE('',#2035,#2036,#2281,.T.);
#1658=EDGE_CURVE('',#2034,#2036,#885,.T.);
#1659=EDGE_CURVE('',#2035,#2033,#886,.F.);
#1660=EDGE_CURVE('',#2037,#2038,#2282,.T.);
#1661=EDGE_CURVE('',#2032,#2038,#2283,.T.);
#1662=EDGE_CURVE('',#2037,#2031,#2284,.T.);
#1663=EDGE_CURVE('',#2039,#2040,#2285,.T.);
#1664=EDGE_CURVE('',#2036,#2040,#887,.T.);
#1665=EDGE_CURVE('',#2039,#2035,#888,.T.);
#1666=EDGE_CURVE('',#2041,#2042,#2286,.T.);
#1667=EDGE_CURVE('',#2038,#2042,#889,.T.);
#1668=EDGE_CURVE('',#2041,#2037,#890,.T.);
#1669=EDGE_CURVE('',#2043,#2044,#2287,.T.);
#1670=EDGE_CURVE('',#2042,#2044,#891,.F.);
#1671=EDGE_CURVE('',#2043,#2041,#892,.T.);
#1672=EDGE_CURVE('',#2045,#2046,#2288,.T.);
#1673=EDGE_CURVE('',#2044,#2045,#893,.T.);
#1674=EDGE_CURVE('',#2046,#2043,#894,.T.);
#1675=EDGE_CURVE('',#2047,#2048,#2289,.T.);
#1676=EDGE_CURVE('',#2049,#2048,#229,.T.);
#1677=EDGE_CURVE('',#2050,#2049,#2290,.T.);
#1678=EDGE_CURVE('',#2047,#2050,#230,.T.);
#1679=EDGE_CURVE('',#2051,#2052,#2291,.T.);
#1680=EDGE_CURVE('',#2053,#2052,#231,.T.);
#1681=EDGE_CURVE('',#2054,#2053,#2292,.T.);
#1682=EDGE_CURVE('',#2051,#2054,#232,.T.);
#1683=EDGE_CURVE('',#2052,#2047,#2293,.T.);
#1684=EDGE_CURVE('',#2048,#2051,#2294,.T.);
#1685=EDGE_CURVE('',#2039,#2055,#233,.T.);
#1686=EDGE_CURVE('',#2035,#2056,#2295,.T.);
#1687=EDGE_CURVE('',#2057,#2056,#234,.T.);
#1688=EDGE_CURVE('',#2055,#2057,#2296,.T.);
#1689=EDGE_CURVE('',#2058,#2044,#2297,.T.);
#1690=EDGE_CURVE('',#2059,#2045,#235,.T.);
#1691=EDGE_CURVE('',#2060,#2059,#2298,.T.);
#1692=EDGE_CURVE('',#2058,#2060,#236,.T.);
#1693=EDGE_CURVE('',#2033,#2061,#2299,.T.);
#1694=EDGE_CURVE('',#2056,#2061,#895,.T.);
#1695=EDGE_CURVE('',#2062,#2042,#2300,.T.);
#1696=EDGE_CURVE('',#2062,#2058,#896,.T.);
#1697=EDGE_CURVE('',#2063,#2032,#237,.T.);
#1698=EDGE_CURVE('',#2063,#2064,#2301,.T.);
#1699=EDGE_CURVE('',#2061,#2064,#238,.T.);
#1700=EDGE_CURVE('',#2038,#2065,#239,.T.);
#1701=EDGE_CURVE('',#2066,#2062,#240,.T.);
#1702=EDGE_CURVE('',#2066,#2065,#2302,.T.);
#1703=EDGE_CURVE('',#2065,#2063,#2303,.T.);
#1704=EDGE_CURVE('',#2064,#2066,#2304,.T.);
#1705=EDGE_CURVE('',#2067,#2067,#2305,.T.);
#1706=EDGE_CURVE('',#2068,#2068,#2306,.T.);
#1707=EDGE_CURVE('',#2045,#2039,#2307,.T.);
#1708=EDGE_CURVE('',#2055,#2059,#2308,.T.);
#1709=EDGE_CURVE('',#2066,#2052,#241,.T.);
#1710=EDGE_CURVE('',#2060,#2053,#242,.T.);
#1711=EDGE_CURVE('',#2057,#2050,#243,.T.);
#1712=EDGE_CURVE('',#2064,#2047,#244,.T.);
#1713=EDGE_CURVE('',#2069,#2070,#2309,.T.);
#1714=EDGE_CURVE('',#2071,#2069,#245,.T.);
#1715=EDGE_CURVE('',#2072,#2071,#2310,.T.);
#1716=EDGE_CURVE('',#2070,#2072,#246,.T.);
#1717=EDGE_CURVE('',#2054,#2049,#2311,.T.);
#1718=EDGE_CURVE('',#2073,#2074,#247,.T.);
#1719=EDGE_CURVE('',#2073,#2075,#248,.T.);
#1720=EDGE_CURVE('',#2076,#2075,#249,.T.);
#1721=EDGE_CURVE('',#2077,#2076,#250,.T.);
#1722=EDGE_CURVE('',#2078,#2077,#251,.T.);
#1723=EDGE_CURVE('',#2078,#2079,#252,.T.);
#1724=EDGE_CURVE('',#2080,#2079,#253,.T.);
#1725=EDGE_CURVE('',#2081,#2080,#254,.T.);
#1726=EDGE_CURVE('',#2082,#2081,#255,.T.);
#1727=EDGE_CURVE('',#2082,#2083,#256,.T.);
#1728=EDGE_CURVE('',#2084,#2083,#257,.T.);
#1729=EDGE_CURVE('',#2085,#2084,#258,.T.);
#1730=EDGE_CURVE('',#2086,#2085,#259,.T.);
#1731=EDGE_CURVE('',#2086,#2087,#260,.T.);
#1732=EDGE_CURVE('',#2088,#2087,#261,.T.);
#1733=EDGE_CURVE('',#2089,#2088,#262,.T.);
#1734=EDGE_CURVE('',#2090,#2089,#263,.T.);
#1735=EDGE_CURVE('',#2090,#2091,#264,.T.);
#1736=EDGE_CURVE('',#2092,#2091,#265,.T.);
#1737=EDGE_CURVE('',#2093,#2092,#266,.T.);
#1738=EDGE_CURVE('',#2094,#2093,#267,.T.);
#1739=EDGE_CURVE('',#2094,#2095,#268,.T.);
#1740=EDGE_CURVE('',#2096,#2095,#269,.T.);
#1741=EDGE_CURVE('',#2097,#2096,#270,.T.);
#1742=EDGE_CURVE('',#2098,#2097,#271,.T.);
#1743=EDGE_CURVE('',#2098,#2099,#272,.T.);
#1744=EDGE_CURVE('',#2100,#2099,#273,.T.);
#1745=EDGE_CURVE('',#2101,#2100,#274,.T.);
#1746=EDGE_CURVE('',#2102,#2101,#275,.T.);
#1747=EDGE_CURVE('',#2102,#2103,#276,.T.);
#1748=EDGE_CURVE('',#2104,#2103,#277,.T.);
#1749=EDGE_CURVE('',#2105,#2104,#278,.T.);
#1750=EDGE_CURVE('',#2106,#2105,#279,.T.);
#1751=EDGE_CURVE('',#2106,#2107,#280,.T.);
#1752=EDGE_CURVE('',#2108,#2107,#281,.T.);
#1753=EDGE_CURVE('',#2109,#2108,#282,.T.);
#1754=EDGE_CURVE('',#2110,#2109,#283,.T.);
#1755=EDGE_CURVE('',#2110,#2111,#284,.T.);
#1756=EDGE_CURVE('',#2112,#2111,#285,.T.);
#1757=EDGE_CURVE('',#2113,#2112,#286,.T.);
#1758=EDGE_CURVE('',#2114,#2113,#287,.T.);
#1759=EDGE_CURVE('',#2114,#2115,#2312,.T.);
#1760=EDGE_CURVE('',#2116,#2115,#288,.T.);
#1761=EDGE_CURVE('',#2117,#2116,#289,.T.);
#1762=EDGE_CURVE('',#2118,#2117,#290,.T.);
#1763=EDGE_CURVE('',#2118,#2119,#291,.T.);
#1764=EDGE_CURVE('',#2120,#2119,#292,.T.);
#1765=EDGE_CURVE('',#2121,#2120,#293,.T.);
#1766=EDGE_CURVE('',#2122,#2121,#294,.T.);
#1767=EDGE_CURVE('',#2122,#2123,#295,.T.);
#1768=EDGE_CURVE('',#2124,#2123,#296,.T.);
#1769=EDGE_CURVE('',#2125,#2124,#297,.T.);
#1770=EDGE_CURVE('',#2126,#2125,#298,.T.);
#1771=EDGE_CURVE('',#2126,#2127,#299,.T.);
#1772=EDGE_CURVE('',#2128,#2127,#300,.T.);
#1773=EDGE_CURVE('',#2129,#2128,#301,.T.);
#1774=EDGE_CURVE('',#2130,#2129,#302,.T.);
#1775=EDGE_CURVE('',#2130,#2131,#303,.T.);
#1776=EDGE_CURVE('',#2132,#2131,#304,.T.);
#1777=EDGE_CURVE('',#2133,#2132,#305,.T.);
#1778=EDGE_CURVE('',#2134,#2133,#306,.T.);
#1779=EDGE_CURVE('',#2134,#2135,#307,.T.);
#1780=EDGE_CURVE('',#2136,#2135,#308,.T.);
#1781=EDGE_CURVE('',#2137,#2136,#309,.T.);
#1782=EDGE_CURVE('',#2138,#2137,#310,.T.);
#1783=EDGE_CURVE('',#2138,#2139,#311,.T.);
#1784=EDGE_CURVE('',#2140,#2139,#312,.T.);
#1785=EDGE_CURVE('',#2141,#2140,#313,.T.);
#1786=EDGE_CURVE('',#2142,#2141,#314,.T.);
#1787=EDGE_CURVE('',#2142,#2143,#315,.T.);
#1788=EDGE_CURVE('',#2144,#2143,#316,.T.);
#1789=EDGE_CURVE('',#2145,#2144,#317,.T.);
#1790=EDGE_CURVE('',#2146,#2145,#318,.T.);
#1791=EDGE_CURVE('',#2146,#2147,#319,.T.);
#1792=EDGE_CURVE('',#2148,#2147,#320,.T.);
#1793=EDGE_CURVE('',#2149,#2148,#321,.T.);
#1794=EDGE_CURVE('',#2150,#2149,#322,.T.);
#1795=EDGE_CURVE('',#2150,#2151,#323,.T.);
#1796=EDGE_CURVE('',#2152,#2151,#324,.T.);
#1797=EDGE_CURVE('',#2153,#2152,#325,.T.);
#1798=EDGE_CURVE('',#2154,#2153,#326,.T.);
#1799=EDGE_CURVE('',#2154,#2155,#327,.T.);
#1800=EDGE_CURVE('',#2156,#2155,#328,.T.);
#1801=EDGE_CURVE('',#2157,#2156,#329,.T.);
#1802=EDGE_CURVE('',#2158,#2157,#330,.T.);
#1803=EDGE_CURVE('',#2158,#2159,#331,.T.);
#1804=EDGE_CURVE('',#2160,#2159,#332,.T.);
#1805=EDGE_CURVE('',#2161,#2160,#333,.T.);
#1806=EDGE_CURVE('',#2162,#2161,#334,.T.);
#1807=EDGE_CURVE('',#2162,#2163,#2313,.T.);
#1808=EDGE_CURVE('',#2164,#2163,#335,.T.);
#1809=EDGE_CURVE('',#2165,#2164,#336,.T.);
#1810=EDGE_CURVE('',#2166,#2165,#337,.T.);
#1811=EDGE_CURVE('',#2166,#2167,#338,.T.);
#1812=EDGE_CURVE('',#2168,#2167,#339,.T.);
#1813=EDGE_CURVE('',#2074,#2168,#340,.T.);
#1814=EDGE_CURVE('',#2111,#2169,#341,.T.);
#1815=EDGE_CURVE('',#2169,#2170,#342,.T.);
#1816=EDGE_CURVE('',#2112,#2170,#343,.T.);
#1817=EDGE_CURVE('',#2170,#2171,#344,.T.);
#1818=EDGE_CURVE('',#2113,#2171,#345,.T.);
#1819=EDGE_CURVE('',#2172,#2114,#346,.T.);
#1820=EDGE_CURVE('',#2171,#2172,#347,.T.);
#1821=EDGE_CURVE('',#2173,#2118,#348,.T.);
#1822=EDGE_CURVE('',#2117,#2174,#349,.T.);
#1823=EDGE_CURVE('',#2174,#2173,#350,.T.);
#1824=EDGE_CURVE('',#2116,#2175,#351,.T.);
#1825=EDGE_CURVE('',#2175,#2174,#352,.T.);
#1826=EDGE_CURVE('',#2115,#2176,#353,.T.);
#1827=EDGE_CURVE('',#2176,#2175,#354,.T.);
#1828=EDGE_CURVE('',#2107,#2177,#355,.T.);
#1829=EDGE_CURVE('',#2177,#2178,#356,.T.);
#1830=EDGE_CURVE('',#2108,#2178,#357,.T.);
#1831=EDGE_CURVE('',#2178,#2179,#358,.T.);
#1832=EDGE_CURVE('',#2109,#2179,#359,.T.);
#1833=EDGE_CURVE('',#2180,#2110,#360,.T.);
#1834=EDGE_CURVE('',#2179,#2180,#361,.T.);
#1835=EDGE_CURVE('',#2119,#2181,#362,.T.);
#1836=EDGE_CURVE('',#2181,#2182,#363,.T.);
#1837=EDGE_CURVE('',#2120,#2182,#364,.T.);
#1838=EDGE_CURVE('',#2183,#2122,#365,.T.);
#1839=EDGE_CURVE('',#2121,#2184,#366,.T.);
#1840=EDGE_CURVE('',#2184,#2183,#367,.T.);
#1841=EDGE_CURVE('',#2182,#2184,#368,.T.);
#1842=EDGE_CURVE('',#2103,#2185,#369,.T.);
#1843=EDGE_CURVE('',#2185,#2186,#370,.T.);
#1844=EDGE_CURVE('',#2104,#2186,#371,.T.);
#1845=EDGE_CURVE('',#2186,#2187,#372,.T.);
#1846=EDGE_CURVE('',#2105,#2187,#373,.T.);
#1847=EDGE_CURVE('',#2188,#2106,#374,.T.);
#1848=EDGE_CURVE('',#2187,#2188,#375,.T.);
#1849=EDGE_CURVE('',#2123,#2189,#376,.T.);
#1850=EDGE_CURVE('',#2189,#2190,#377,.T.);
#1851=EDGE_CURVE('',#2124,#2190,#378,.T.);
#1852=EDGE_CURVE('',#2191,#2126,#379,.T.);
#1853=EDGE_CURVE('',#2125,#2192,#380,.T.);
#1854=EDGE_CURVE('',#2192,#2191,#381,.T.);
#1855=EDGE_CURVE('',#2190,#2192,#382,.T.);
#1856=EDGE_CURVE('',#2099,#2193,#383,.T.);
#1857=EDGE_CURVE('',#2193,#2194,#384,.T.);
#1858=EDGE_CURVE('',#2100,#2194,#385,.T.);
#1859=EDGE_CURVE('',#2194,#2195,#386,.T.);
#1860=EDGE_CURVE('',#2101,#2195,#387,.T.);
#1861=EDGE_CURVE('',#2196,#2102,#388,.T.);
#1862=EDGE_CURVE('',#2195,#2196,#389,.T.);
#1863=EDGE_CURVE('',#2127,#2197,#390,.T.);
#1864=EDGE_CURVE('',#2197,#2198,#391,.T.);
#1865=EDGE_CURVE('',#2128,#2198,#392,.T.);
#1866=EDGE_CURVE('',#2199,#2130,#393,.T.);
#1867=EDGE_CURVE('',#2129,#2200,#394,.T.);
#1868=EDGE_CURVE('',#2200,#2199,#395,.T.);
#1869=EDGE_CURVE('',#2198,#2200,#396,.T.);
#1870=EDGE_CURVE('',#2095,#2201,#397,.T.);
#1871=EDGE_CURVE('',#2201,#2202,#398,.T.);
#1872=EDGE_CURVE('',#2096,#2202,#399,.T.);
#1873=EDGE_CURVE('',#2202,#2203,#400,.T.);
#1874=EDGE_CURVE('',#2097,#2203,#401,.T.);
#1875=EDGE_CURVE('',#2204,#2098,#402,.T.);
#1876=EDGE_CURVE('',#2203,#2204,#403,.T.);
#1877=EDGE_CURVE('',#2131,#2205,#404,.T.);
#1878=EDGE_CURVE('',#2205,#2206,#405,.T.);
#1879=EDGE_CURVE('',#2132,#2206,#406,.T.);
#1880=EDGE_CURVE('',#2207,#2134,#407,.T.);
#1881=EDGE_CURVE('',#2133,#2208,#408,.T.);
#1882=EDGE_CURVE('',#2208,#2207,#409,.T.);
#1883=EDGE_CURVE('',#2206,#2208,#410,.T.);
#1884=EDGE_CURVE('',#2091,#2209,#411,.T.);
#1885=EDGE_CURVE('',#2209,#2210,#412,.T.);
#1886=EDGE_CURVE('',#2092,#2210,#413,.T.);
#1887=EDGE_CURVE('',#2210,#2211,#414,.T.);
#1888=EDGE_CURVE('',#2093,#2211,#415,.T.);
#1889=EDGE_CURVE('',#2212,#2094,#416,.T.);
#1890=EDGE_CURVE('',#2211,#2212,#417,.T.);
#1891=EDGE_CURVE('',#2135,#2213,#418,.T.);
#1892=EDGE_CURVE('',#2213,#2214,#419,.T.);
#1893=EDGE_CURVE('',#2136,#2214,#420,.T.);
#1894=EDGE_CURVE('',#2215,#2138,#421,.T.);
#1895=EDGE_CURVE('',#2137,#2216,#422,.T.);
#1896=EDGE_CURVE('',#2216,#2215,#423,.T.);
#1897=EDGE_CURVE('',#2214,#2216,#424,.T.);
#1898=EDGE_CURVE('',#2087,#2217,#425,.T.);
#1899=EDGE_CURVE('',#2217,#2218,#426,.T.);
#1900=EDGE_CURVE('',#2088,#2218,#427,.T.);
#1901=EDGE_CURVE('',#2218,#2219,#428,.T.);
#1902=EDGE_CURVE('',#2089,#2219,#429,.T.);
#1903=EDGE_CURVE('',#2220,#2090,#430,.T.);
#1904=EDGE_CURVE('',#2219,#2220,#431,.T.);
#1905=EDGE_CURVE('',#2139,#2221,#432,.T.);
#1906=EDGE_CURVE('',#2221,#2222,#433,.T.);
#1907=EDGE_CURVE('',#2140,#2222,#434,.T.);
#1908=EDGE_CURVE('',#2223,#2142,#435,.T.);
#1909=EDGE_CURVE('',#2141,#2224,#436,.T.);
#1910=EDGE_CURVE('',#2224,#2223,#437,.T.);
#1911=EDGE_CURVE('',#2222,#2224,#438,.T.);
#1912=EDGE_CURVE('',#2083,#2225,#439,.T.);
#1913=EDGE_CURVE('',#2225,#2226,#440,.T.);
#1914=EDGE_CURVE('',#2084,#2226,#441,.T.);
#1915=EDGE_CURVE('',#2226,#2227,#442,.T.);
#1916=EDGE_CURVE('',#2085,#2227,#443,.T.);
#1917=EDGE_CURVE('',#2228,#2086,#444,.T.);
#1918=EDGE_CURVE('',#2227,#2228,#445,.T.);
#1919=EDGE_CURVE('',#2143,#2229,#446,.T.);
#1920=EDGE_CURVE('',#2229,#2230,#447,.T.);
#1921=EDGE_CURVE('',#2144,#2230,#448,.T.);
#1922=EDGE_CURVE('',#2231,#2146,#449,.T.);
#1923=EDGE_CURVE('',#2145,#2232,#450,.T.);
#1924=EDGE_CURVE('',#2232,#2231,#451,.T.);
#1925=EDGE_CURVE('',#2230,#2232,#452,.T.);
#1926=EDGE_CURVE('',#2079,#2233,#453,.T.);
#1927=EDGE_CURVE('',#2233,#2234,#454,.T.);
#1928=EDGE_CURVE('',#2080,#2234,#455,.T.);
#1929=EDGE_CURVE('',#2234,#2235,#456,.T.);
#1930=EDGE_CURVE('',#2081,#2235,#457,.T.);
#1931=EDGE_CURVE('',#2236,#2082,#458,.T.);
#1932=EDGE_CURVE('',#2235,#2236,#459,.T.);
#1933=EDGE_CURVE('',#2147,#2237,#460,.T.);
#1934=EDGE_CURVE('',#2237,#2238,#461,.T.);
#1935=EDGE_CURVE('',#2148,#2238,#462,.T.);
#1936=EDGE_CURVE('',#2239,#2150,#463,.T.);
#1937=EDGE_CURVE('',#2149,#2240,#464,.T.);
#1938=EDGE_CURVE('',#2240,#2239,#465,.T.);
#1939=EDGE_CURVE('',#2238,#2240,#466,.T.);
#1940=EDGE_CURVE('',#2075,#2241,#467,.T.);
#1941=EDGE_CURVE('',#2241,#2242,#468,.T.);
#1942=EDGE_CURVE('',#2076,#2242,#469,.T.);
#1943=EDGE_CURVE('',#2242,#2243,#470,.T.);
#1944=EDGE_CURVE('',#2077,#2243,#471,.T.);
#1945=EDGE_CURVE('',#2244,#2078,#472,.T.);
#1946=EDGE_CURVE('',#2243,#2244,#473,.T.);
#1947=EDGE_CURVE('',#2151,#2245,#474,.T.);
#1948=EDGE_CURVE('',#2245,#2246,#475,.T.);
#1949=EDGE_CURVE('',#2152,#2246,#476,.T.);
#1950=EDGE_CURVE('',#2247,#2154,#477,.T.);
#1951=EDGE_CURVE('',#2153,#2248,#478,.T.);
#1952=EDGE_CURVE('',#2248,#2247,#479,.T.);
#1953=EDGE_CURVE('',#2246,#2248,#480,.T.);
#1954=EDGE_CURVE('',#2167,#2249,#481,.T.);
#1955=EDGE_CURVE('',#2249,#2250,#482,.T.);
#1956=EDGE_CURVE('',#2168,#2250,#483,.T.);
#1957=EDGE_CURVE('',#2250,#2251,#484,.T.);
#1958=EDGE_CURVE('',#2074,#2251,#485,.T.);
#1959=EDGE_CURVE('',#2252,#2073,#486,.T.);
#1960=EDGE_CURVE('',#2251,#2252,#487,.T.);
#1961=EDGE_CURVE('',#2155,#2253,#488,.T.);
#1962=EDGE_CURVE('',#2253,#2254,#489,.T.);
#1963=EDGE_CURVE('',#2156,#2254,#490,.T.);
#1964=EDGE_CURVE('',#2255,#2158,#491,.T.);
#1965=EDGE_CURVE('',#2157,#2256,#492,.T.);
#1966=EDGE_CURVE('',#2256,#2255,#493,.T.);
#1967=EDGE_CURVE('',#2254,#2256,#494,.T.);
#1968=EDGE_CURVE('',#2163,#2257,#495,.T.);
#1969=EDGE_CURVE('',#2257,#2258,#496,.T.);
#1970=EDGE_CURVE('',#2164,#2258,#497,.T.);
#1971=EDGE_CURVE('',#2258,#2259,#498,.T.);
#1972=EDGE_CURVE('',#2165,#2259,#499,.T.);
#1973=EDGE_CURVE('',#2260,#2166,#500,.T.);
#1974=EDGE_CURVE('',#2259,#2260,#501,.T.);
#1975=EDGE_CURVE('',#2159,#2261,#502,.T.);
#1976=EDGE_CURVE('',#2261,#2262,#503,.T.);
#1977=EDGE_CURVE('',#2160,#2262,#504,.T.);
#1978=EDGE_CURVE('',#2263,#2162,#505,.T.);
#1979=EDGE_CURVE('',#2161,#2264,#506,.T.);
#1980=EDGE_CURVE('',#2264,#2263,#507,.T.);
#1981=EDGE_CURVE('',#2262,#2264,#508,.T.);
#1982=EDGE_CURVE('',#2265,#2266,#509,.T.);
#1983=EDGE_CURVE('',#2266,#2267,#2314,.T.);
#1984=EDGE_CURVE('',#2267,#2268,#510,.T.);
#1985=EDGE_CURVE('',#2268,#2265,#2315,.T.);
#1986=EDGE_CURVE('',#2180,#2169,#511,.T.);
#1987=EDGE_CURVE('',#2188,#2177,#512,.T.);
#1988=EDGE_CURVE('',#2196,#2185,#513,.T.);
#1989=EDGE_CURVE('',#2204,#2193,#514,.T.);
#1990=EDGE_CURVE('',#2212,#2201,#515,.T.);
#1991=EDGE_CURVE('',#2220,#2209,#516,.T.);
#1992=EDGE_CURVE('',#2228,#2217,#517,.T.);
#1993=EDGE_CURVE('',#2236,#2225,#518,.T.);
#1994=EDGE_CURVE('',#2244,#2233,#519,.T.);
#1995=EDGE_CURVE('',#2252,#2241,#520,.T.);
#1996=EDGE_CURVE('',#2260,#2249,#521,.T.);
#1997=EDGE_CURVE('',#2263,#2257,#2316,.T.);
#1998=EDGE_CURVE('',#2255,#2261,#522,.T.);
#1999=EDGE_CURVE('',#2247,#2253,#523,.T.);
#2000=EDGE_CURVE('',#2239,#2245,#524,.T.);
#2001=EDGE_CURVE('',#2231,#2237,#525,.T.);
#2002=EDGE_CURVE('',#2223,#2229,#526,.T.);
#2003=EDGE_CURVE('',#2215,#2221,#527,.T.);
#2004=EDGE_CURVE('',#2207,#2213,#528,.T.);
#2005=EDGE_CURVE('',#2199,#2205,#529,.T.);
#2006=EDGE_CURVE('',#2191,#2197,#530,.T.);
#2007=EDGE_CURVE('',#2183,#2189,#531,.T.);
#2008=EDGE_CURVE('',#2173,#2181,#532,.T.);
#2009=EDGE_CURVE('',#2172,#2176,#2317,.T.);
#2010=EDGE_CURVE('',#2269,#2265,#533,.T.);
#2011=EDGE_CURVE('',#2269,#2270,#534,.T.);
#2012=EDGE_CURVE('',#2270,#2266,#535,.T.);
#2013=EDGE_CURVE('',#2271,#2268,#536,.T.);
#2014=EDGE_CURVE('',#2271,#2269,#2318,.T.);
#2015=EDGE_CURVE('',#2272,#2267,#537,.T.);
#2016=EDGE_CURVE('',#2272,#2271,#538,.T.);
#2017=EDGE_CURVE('',#2273,#2069,#539,.T.);
#2018=EDGE_CURVE('',#2274,#2273,#540,.T.);
#2019=EDGE_CURVE('',#2274,#2071,#541,.T.);
#2020=EDGE_CURVE('',#2275,#2072,#542,.T.);
#2021=EDGE_CURVE('',#2276,#2275,#543,.T.);
#2022=EDGE_CURVE('',#2276,#2070,#544,.T.);
#2023=EDGE_CURVE('',#2273,#2276,#2319,.T.);
#2024=EDGE_CURVE('',#2270,#2272,#2320,.T.);
#2025=EDGE_CURVE('',#2275,#2274,#2321,.T.);
#2026=EDGE_CURVE('',#2060,#2057,#2322,.T.);
#2027=EDGE_CURVE('',#2050,#2053,#2323,.T.);
#2028=EDGE_CURVE('',#2040,#2046,#2324,.T.);
#2029=EDGE_CURVE('',#2277,#2277,#2325,.T.);
#2030=EDGE_CURVE('',#2278,#2278,#2326,.F.);
#2031=VERTEX_POINT('',#4285);
#2032=VERTEX_POINT('',#4286);
#2033=VERTEX_POINT('',#4291);
#2034=VERTEX_POINT('',#4293);
#2035=VERTEX_POINT('',#4320);
#2036=VERTEX_POINT('',#4321);
#2037=VERTEX_POINT('',#4332);
#2038=VERTEX_POINT('',#4333);
#2039=VERTEX_POINT('',#4349);
#2040=VERTEX_POINT('',#4350);
#2041=VERTEX_POINT('',#4375);
#2042=VERTEX_POINT('',#4376);
#2043=VERTEX_POINT('',#4407);
#2044=VERTEX_POINT('',#4408);
#2045=VERTEX_POINT('',#4430);
#2046=VERTEX_POINT('',#4431);
#2047=VERTEX_POINT('',#4445);
#2048=VERTEX_POINT('',#4446);
#2049=VERTEX_POINT('',#4448);
#2050=VERTEX_POINT('',#4450);
#2051=VERTEX_POINT('',#4454);
#2052=VERTEX_POINT('',#4455);
#2053=VERTEX_POINT('',#4457);
#2054=VERTEX_POINT('',#4459);
#2055=VERTEX_POINT('',#4466);
#2056=VERTEX_POINT('',#4468);
#2057=VERTEX_POINT('',#4470);
#2058=VERTEX_POINT('',#4474);
#2059=VERTEX_POINT('',#4476);
#2060=VERTEX_POINT('',#4478);
#2061=VERTEX_POINT('',#4497);
#2062=VERTEX_POINT('',#4525);
#2063=VERTEX_POINT('',#4538);
#2064=VERTEX_POINT('',#4540);
#2065=VERTEX_POINT('',#4544);
#2066=VERTEX_POINT('',#4546);
#2067=VERTEX_POINT('',#4553);
#2068=VERTEX_POINT('',#4555);
#2069=VERTEX_POINT('',#4568);
#2070=VERTEX_POINT('',#4569);
#2071=VERTEX_POINT('',#4571);
#2072=VERTEX_POINT('',#4573);
#2073=VERTEX_POINT('',#4578);
#2074=VERTEX_POINT('',#4579);
#2075=VERTEX_POINT('',#4581);
#2076=VERTEX_POINT('',#4583);
#2077=VERTEX_POINT('',#4585);
#2078=VERTEX_POINT('',#4587);
#2079=VERTEX_POINT('',#4589);
#2080=VERTEX_POINT('',#4591);
#2081=VERTEX_POINT('',#4593);
#2082=VERTEX_POINT('',#4595);
#2083=VERTEX_POINT('',#4597);
#2084=VERTEX_POINT('',#4599);
#2085=VERTEX_POINT('',#4601);
#2086=VERTEX_POINT('',#4603);
#2087=VERTEX_POINT('',#4605);
#2088=VERTEX_POINT('',#4607);
#2089=VERTEX_POINT('',#4609);
#2090=VERTEX_POINT('',#4611);
#2091=VERTEX_POINT('',#4613);
#2092=VERTEX_POINT('',#4615);
#2093=VERTEX_POINT('',#4617);
#2094=VERTEX_POINT('',#4619);
#2095=VERTEX_POINT('',#4621);
#2096=VERTEX_POINT('',#4623);
#2097=VERTEX_POINT('',#4625);
#2098=VERTEX_POINT('',#4627);
#2099=VERTEX_POINT('',#4629);
#2100=VERTEX_POINT('',#4631);
#2101=VERTEX_POINT('',#4633);
#2102=VERTEX_POINT('',#4635);
#2103=VERTEX_POINT('',#4637);
#2104=VERTEX_POINT('',#4639);
#2105=VERTEX_POINT('',#4641);
#2106=VERTEX_POINT('',#4643);
#2107=VERTEX_POINT('',#4645);
#2108=VERTEX_POINT('',#4647);
#2109=VERTEX_POINT('',#4649);
#2110=VERTEX_POINT('',#4651);
#2111=VERTEX_POINT('',#4653);
#2112=VERTEX_POINT('',#4655);
#2113=VERTEX_POINT('',#4657);
#2114=VERTEX_POINT('',#4659);
#2115=VERTEX_POINT('',#4661);
#2116=VERTEX_POINT('',#4663);
#2117=VERTEX_POINT('',#4665);
#2118=VERTEX_POINT('',#4667);
#2119=VERTEX_POINT('',#4669);
#2120=VERTEX_POINT('',#4671);
#2121=VERTEX_POINT('',#4673);
#2122=VERTEX_POINT('',#4675);
#2123=VERTEX_POINT('',#4677);
#2124=VERTEX_POINT('',#4679);
#2125=VERTEX_POINT('',#4681);
#2126=VERTEX_POINT('',#4683);
#2127=VERTEX_POINT('',#4685);
#2128=VERTEX_POINT('',#4687);
#2129=VERTEX_POINT('',#4689);
#2130=VERTEX_POINT('',#4691);
#2131=VERTEX_POINT('',#4693);
#2132=VERTEX_POINT('',#4695);
#2133=VERTEX_POINT('',#4697);
#2134=VERTEX_POINT('',#4699);
#2135=VERTEX_POINT('',#4701);
#2136=VERTEX_POINT('',#4703);
#2137=VERTEX_POINT('',#4705);
#2138=VERTEX_POINT('',#4707);
#2139=VERTEX_POINT('',#4709);
#2140=VERTEX_POINT('',#4711);
#2141=VERTEX_POINT('',#4713);
#2142=VERTEX_POINT('',#4715);
#2143=VERTEX_POINT('',#4717);
#2144=VERTEX_POINT('',#4719);
#2145=VERTEX_POINT('',#4721);
#2146=VERTEX_POINT('',#4723);
#2147=VERTEX_POINT('',#4725);
#2148=VERTEX_POINT('',#4727);
#2149=VERTEX_POINT('',#4729);
#2150=VERTEX_POINT('',#4731);
#2151=VERTEX_POINT('',#4733);
#2152=VERTEX_POINT('',#4735);
#2153=VERTEX_POINT('',#4737);
#2154=VERTEX_POINT('',#4739);
#2155=VERTEX_POINT('',#4741);
#2156=VERTEX_POINT('',#4743);
#2157=VERTEX_POINT('',#4745);
#2158=VERTEX_POINT('',#4747);
#2159=VERTEX_POINT('',#4749);
#2160=VERTEX_POINT('',#4751);
#2161=VERTEX_POINT('',#4753);
#2162=VERTEX_POINT('',#4755);
#2163=VERTEX_POINT('',#4757);
#2164=VERTEX_POINT('',#4759);
#2165=VERTEX_POINT('',#4761);
#2166=VERTEX_POINT('',#4763);
#2167=VERTEX_POINT('',#4765);
#2168=VERTEX_POINT('',#4767);
#2169=VERTEX_POINT('',#4771);
#2170=VERTEX_POINT('',#4773);
#2171=VERTEX_POINT('',#4777);
#2172=VERTEX_POINT('',#4781);
#2173=VERTEX_POINT('',#4785);
#2174=VERTEX_POINT('',#4787);
#2175=VERTEX_POINT('',#4791);
#2176=VERTEX_POINT('',#4795);
#2177=VERTEX_POINT('',#4799);
#2178=VERTEX_POINT('',#4801);
#2179=VERTEX_POINT('',#4805);
#2180=VERTEX_POINT('',#4809);
#2181=VERTEX_POINT('',#4813);
#2182=VERTEX_POINT('',#4815);
#2183=VERTEX_POINT('',#4819);
#2184=VERTEX_POINT('',#4821);
#2185=VERTEX_POINT('',#4827);
#2186=VERTEX_POINT('',#4829);
#2187=VERTEX_POINT('',#4833);
#2188=VERTEX_POINT('',#4837);
#2189=VERTEX_POINT('',#4841);
#2190=VERTEX_POINT('',#4843);
#2191=VERTEX_POINT('',#4847);
#2192=VERTEX_POINT('',#4849);
#2193=VERTEX_POINT('',#4855);
#2194=VERTEX_POINT('',#4857);
#2195=VERTEX_POINT('',#4861);
#2196=VERTEX_POINT('',#4865);
#2197=VERTEX_POINT('',#4869);
#2198=VERTEX_POINT('',#4871);
#2199=VERTEX_POINT('',#4875);
#2200=VERTEX_POINT('',#4877);
#2201=VERTEX_POINT('',#4883);
#2202=VERTEX_POINT('',#4885);
#2203=VERTEX_POINT('',#4889);
#2204=VERTEX_POINT('',#4893);
#2205=VERTEX_POINT('',#4897);
#2206=VERTEX_POINT('',#4899);
#2207=VERTEX_POINT('',#4903);
#2208=VERTEX_POINT('',#4905);
#2209=VERTEX_POINT('',#4911);
#2210=VERTEX_POINT('',#4913);
#2211=VERTEX_POINT('',#4917);
#2212=VERTEX_POINT('',#4921);
#2213=VERTEX_POINT('',#4925);
#2214=VERTEX_POINT('',#4927);
#2215=VERTEX_POINT('',#4931);
#2216=VERTEX_POINT('',#4933);
#2217=VERTEX_POINT('',#4939);
#2218=VERTEX_POINT('',#4941);
#2219=VERTEX_POINT('',#4945);
#2220=VERTEX_POINT('',#4949);
#2221=VERTEX_POINT('',#4953);
#2222=VERTEX_POINT('',#4955);
#2223=VERTEX_POINT('',#4959);
#2224=VERTEX_POINT('',#4961);
#2225=VERTEX_POINT('',#4967);
#2226=VERTEX_POINT('',#4969);
#2227=VERTEX_POINT('',#4973);
#2228=VERTEX_POINT('',#4977);
#2229=VERTEX_POINT('',#4981);
#2230=VERTEX_POINT('',#4983);
#2231=VERTEX_POINT('',#4987);
#2232=VERTEX_POINT('',#4989);
#2233=VERTEX_POINT('',#4995);
#2234=VERTEX_POINT('',#4997);
#2235=VERTEX_POINT('',#5001);
#2236=VERTEX_POINT('',#5005);
#2237=VERTEX_POINT('',#5009);
#2238=VERTEX_POINT('',#5011);
#2239=VERTEX_POINT('',#5015);
#2240=VERTEX_POINT('',#5017);
#2241=VERTEX_POINT('',#5023);
#2242=VERTEX_POINT('',#5025);
#2243=VERTEX_POINT('',#5029);
#2244=VERTEX_POINT('',#5033);
#2245=VERTEX_POINT('',#5037);
#2246=VERTEX_POINT('',#5039);
#2247=VERTEX_POINT('',#5043);
#2248=VERTEX_POINT('',#5045);
#2249=VERTEX_POINT('',#5051);
#2250=VERTEX_POINT('',#5053);
#2251=VERTEX_POINT('',#5057);
#2252=VERTEX_POINT('',#5061);
#2253=VERTEX_POINT('',#5065);
#2254=VERTEX_POINT('',#5067);
#2255=VERTEX_POINT('',#5071);
#2256=VERTEX_POINT('',#5073);
#2257=VERTEX_POINT('',#5079);
#2258=VERTEX_POINT('',#5081);
#2259=VERTEX_POINT('',#5085);
#2260=VERTEX_POINT('',#5089);
#2261=VERTEX_POINT('',#5093);
#2262=VERTEX_POINT('',#5095);
#2263=VERTEX_POINT('',#5099);
#2264=VERTEX_POINT('',#5101);
#2265=VERTEX_POINT('',#5107);
#2266=VERTEX_POINT('',#5108);
#2267=VERTEX_POINT('',#5110);
#2268=VERTEX_POINT('',#5112);
#2269=VERTEX_POINT('',#5143);
#2270=VERTEX_POINT('',#5145);
#2271=VERTEX_POINT('',#5149);
#2272=VERTEX_POINT('',#5153);
#2273=VERTEX_POINT('',#5157);
#2274=VERTEX_POINT('',#5159);
#2275=VERTEX_POINT('',#5163);
#2276=VERTEX_POINT('',#5165);
#2277=VERTEX_POINT('',#5202);
#2278=VERTEX_POINT('',#5209);
#2279=CIRCLE('',#3416,0.0002);
#2280=CIRCLE('',#3417,0.0002);
#2281=CIRCLE('',#3418,0.0002);
#2282=CIRCLE('',#3420,0.0002);
#2283=CIRCLE('',#3421,0.00219653945262314);
#2284=CIRCLE('',#3422,0.00199656991359186);
#2285=CIRCLE('',#3423,0.0002);
#2286=CIRCLE('',#3424,0.0002);
#2287=CIRCLE('',#3425,0.0002);
#2288=CIRCLE('',#3426,0.0002);
#2289=CIRCLE('',#3428,0.0002);
#2290=CIRCLE('',#3429,0.0002);
#2291=CIRCLE('',#3431,0.0002);
#2292=CIRCLE('',#3432,0.0002);
#2293=CIRCLE('',#3434,0.00215);
#2294=CIRCLE('',#3435,0.00195);
#2295=CIRCLE('',#3437,0.0002);
#2296=CIRCLE('',#3438,0.0002);
#2297=CIRCLE('',#3440,0.0002);
#2298=CIRCLE('',#3441,0.0002);
#2299=CIRCLE('',#3442,0.0002);
#2300=CIRCLE('',#3443,0.0002);
#2301=CIRCLE('',#3445,0.0002);
#2302=CIRCLE('',#3447,0.0002);
#2303=CIRCLE('',#3449,0.00195);
#2304=CIRCLE('',#3450,0.00215);
#2305=CIRCLE('',#3452,0.00171618522273577);
#2306=CIRCLE('',#3453,0.0013);
#2307=CIRCLE('',#3455,0.00219653945262314);
#2308=CIRCLE('',#3456,0.00195);
#2309=CIRCLE('',#3461,0.00125);
#2310=CIRCLE('',#3462,0.00125);
#2311=CIRCLE('',#3463,0.00195);
#2312=CIRCLE('',#3465,0.00044);
#2313=CIRCLE('',#3466,0.00044);
#2314=CIRCLE('',#3540,0.0011);
#2315=CIRCLE('',#3541,0.0011);
#2316=CIRCLE('',#3542,0.00044);
#2317=CIRCLE('',#3543,0.00044);
#2318=CIRCLE('',#3549,0.0011);
#2319=CIRCLE('',#3554,0.00125);
#2320=CIRCLE('',#3556,0.0011);
#2321=CIRCLE('',#3557,0.00125);
#2322=CIRCLE('',#3583,0.00215);
#2323=CIRCLE('',#3584,0.00215);
#2324=CIRCLE('',#3586,0.00199656991359186);
#2325=CIRCLE('',#3587,0.00191615476176706);
#2326=CIRCLE('',#3593,0.0013);
#2327=EDGE_LOOP('',(#897,#898,#899,#900));
#2328=EDGE_LOOP('',(#901,#902,#903,#904));
#2329=EDGE_LOOP('',(#905,#906,#907,#908));
#2330=EDGE_LOOP('',(#909,#910,#911,#912));
#2331=EDGE_LOOP('',(#913,#914,#915,#916));
#2332=EDGE_LOOP('',(#917,#918,#919,#920));
#2333=EDGE_LOOP('',(#921,#922,#923,#924));
#2334=EDGE_LOOP('',(#925,#926,#927,#928));
#2335=EDGE_LOOP('',(#929,#930,#931,#932));
#2336=EDGE_LOOP('',(#933,#934,#935,#936));
#2337=EDGE_LOOP('',(#937,#938,#939,#940,#941));
#2338=EDGE_LOOP('',(#942,#943,#944,#945,#946));
#2339=EDGE_LOOP('',(#947,#948,#949,#950));
#2340=EDGE_LOOP('',(#951,#952,#953,#954));
#2341=EDGE_LOOP('',(#955,#956,#957,#958,#959));
#2342=EDGE_LOOP('',(#960,#961,#962,#963,#964));
#2343=EDGE_LOOP('',(#965,#966,#967,#968));
#2344=EDGE_LOOP('',(#969));
#2345=EDGE_LOOP('',(#970));
#2346=EDGE_LOOP('',(#971,#972,#973,#974));
#2347=EDGE_LOOP('',(#975,#976,#977,#978,#979,#980));
#2348=EDGE_LOOP('',(#981,#982,#983,#984,#985,#986));
#2349=EDGE_LOOP('',(#987,#988,#989,#990));
#2350=EDGE_LOOP('',(#991,#992,#993,#994));
#2351=EDGE_LOOP('',(#995,#996,#997,#998));
#2352=EDGE_LOOP('',(#999,#1000,#1001,#1002,#1003,#1004,#1005,#1006,#1007,
#1008,#1009,#1010,#1011,#1012,#1013,#1014,#1015,#1016,#1017,#1018,#1019,
#1020,#1021,#1022,#1023,#1024,#1025,#1026,#1027,#1028,#1029,#1030,#1031,
#1032,#1033,#1034,#1035,#1036,#1037,#1038,#1039,#1040,#1041,#1042,#1043,
#1044,#1045,#1046,#1047,#1048,#1049,#1050,#1051,#1052,#1053,#1054,#1055,
#1056,#1057,#1058,#1059,#1060,#1061,#1062,#1063,#1064,#1065,#1066,#1067,
#1068,#1069,#1070,#1071,#1072,#1073,#1074,#1075,#1076,#1077,#1078,#1079,
#1080,#1081,#1082,#1083,#1084,#1085,#1086,#1087,#1088,#1089,#1090,#1091,
#1092,#1093,#1094));
#2353=EDGE_LOOP('',(#1095,#1096,#1097,#1098));
#2354=EDGE_LOOP('',(#1099,#1100,#1101,#1102));
#2355=EDGE_LOOP('',(#1103,#1104,#1105,#1106));
#2356=EDGE_LOOP('',(#1107,#1108,#1109,#1110));
#2357=EDGE_LOOP('',(#1111,#1112,#1113,#1114));
#2358=EDGE_LOOP('',(#1115,#1116,#1117,#1118));
#2359=EDGE_LOOP('',(#1119,#1120,#1121,#1122));
#2360=EDGE_LOOP('',(#1123,#1124,#1125,#1126));
#2361=EDGE_LOOP('',(#1127,#1128,#1129,#1130));
#2362=EDGE_LOOP('',(#1131,#1132,#1133,#1134));
#2363=EDGE_LOOP('',(#1135,#1136,#1137,#1138));
#2364=EDGE_LOOP('',(#1139,#1140,#1141,#1142));
#2365=EDGE_LOOP('',(#1143,#1144,#1145,#1146));
#2366=EDGE_LOOP('',(#1147,#1148,#1149,#1150));
#2367=EDGE_LOOP('',(#1151,#1152,#1153,#1154));
#2368=EDGE_LOOP('',(#1155,#1156,#1157,#1158));
#2369=EDGE_LOOP('',(#1159,#1160,#1161,#1162));
#2370=EDGE_LOOP('',(#1163,#1164,#1165,#1166));
#2371=EDGE_LOOP('',(#1167,#1168,#1169,#1170));
#2372=EDGE_LOOP('',(#1171,#1172,#1173,#1174));
#2373=EDGE_LOOP('',(#1175,#1176,#1177,#1178));
#2374=EDGE_LOOP('',(#1179,#1180,#1181,#1182));
#2375=EDGE_LOOP('',(#1183,#1184,#1185,#1186));
#2376=EDGE_LOOP('',(#1187,#1188,#1189,#1190));
#2377=EDGE_LOOP('',(#1191,#1192,#1193,#1194));
#2378=EDGE_LOOP('',(#1195,#1196,#1197,#1198));
#2379=EDGE_LOOP('',(#1199,#1200,#1201,#1202));
#2380=EDGE_LOOP('',(#1203,#1204,#1205,#1206));
#2381=EDGE_LOOP('',(#1207,#1208,#1209,#1210));
#2382=EDGE_LOOP('',(#1211,#1212,#1213,#1214));
#2383=EDGE_LOOP('',(#1215,#1216,#1217,#1218));
#2384=EDGE_LOOP('',(#1219,#1220,#1221,#1222));
#2385=EDGE_LOOP('',(#1223,#1224,#1225,#1226));
#2386=EDGE_LOOP('',(#1227,#1228,#1229,#1230));
#2387=EDGE_LOOP('',(#1231,#1232,#1233,#1234));
#2388=EDGE_LOOP('',(#1235,#1236,#1237,#1238));
#2389=EDGE_LOOP('',(#1239,#1240,#1241,#1242));
#2390=EDGE_LOOP('',(#1243,#1244,#1245,#1246));
#2391=EDGE_LOOP('',(#1247,#1248,#1249,#1250));
#2392=EDGE_LOOP('',(#1251,#1252,#1253,#1254));
#2393=EDGE_LOOP('',(#1255,#1256,#1257,#1258));
#2394=EDGE_LOOP('',(#1259,#1260,#1261,#1262));
#2395=EDGE_LOOP('',(#1263,#1264,#1265,#1266));
#2396=EDGE_LOOP('',(#1267,#1268,#1269,#1270));
#2397=EDGE_LOOP('',(#1271,#1272,#1273,#1274));
#2398=EDGE_LOOP('',(#1275,#1276,#1277,#1278));
#2399=EDGE_LOOP('',(#1279,#1280,#1281,#1282));
#2400=EDGE_LOOP('',(#1283,#1284,#1285,#1286));
#2401=EDGE_LOOP('',(#1287,#1288,#1289,#1290));
#2402=EDGE_LOOP('',(#1291,#1292,#1293,#1294));
#2403=EDGE_LOOP('',(#1295,#1296,#1297,#1298));
#2404=EDGE_LOOP('',(#1299,#1300,#1301,#1302));
#2405=EDGE_LOOP('',(#1303,#1304,#1305,#1306));
#2406=EDGE_LOOP('',(#1307,#1308,#1309,#1310));
#2407=EDGE_LOOP('',(#1311,#1312,#1313,#1314));
#2408=EDGE_LOOP('',(#1315,#1316,#1317,#1318));
#2409=EDGE_LOOP('',(#1319,#1320,#1321,#1322));
#2410=EDGE_LOOP('',(#1323,#1324,#1325,#1326));
#2411=EDGE_LOOP('',(#1327,#1328,#1329,#1330));
#2412=EDGE_LOOP('',(#1331,#1332,#1333,#1334));
#2413=EDGE_LOOP('',(#1335,#1336,#1337,#1338));
#2414=EDGE_LOOP('',(#1339,#1340,#1341,#1342));
#2415=EDGE_LOOP('',(#1343,#1344,#1345,#1346));
#2416=EDGE_LOOP('',(#1347,#1348,#1349,#1350));
#2417=EDGE_LOOP('',(#1351,#1352,#1353,#1354));
#2418=EDGE_LOOP('',(#1355,#1356,#1357,#1358));
#2419=EDGE_LOOP('',(#1359,#1360,#1361,#1362));
#2420=EDGE_LOOP('',(#1363,#1364,#1365,#1366));
#2421=EDGE_LOOP('',(#1367,#1368,#1369,#1370));
#2422=EDGE_LOOP('',(#1371,#1372,#1373,#1374));
#2423=EDGE_LOOP('',(#1375,#1376,#1377,#1378));
#2424=EDGE_LOOP('',(#1379,#1380,#1381,#1382));
#2425=EDGE_LOOP('',(#1383,#1384,#1385,#1386));
#2426=EDGE_LOOP('',(#1387,#1388,#1389,#1390,#1391,#1392,#1393,#1394,#1395,
#1396,#1397,#1398,#1399,#1400,#1401,#1402,#1403,#1404,#1405,#1406,#1407,
#1408,#1409,#1410,#1411,#1412,#1413,#1414,#1415,#1416,#1417,#1418,#1419,
#1420,#1421,#1422,#1423,#1424,#1425,#1426,#1427,#1428,#1429,#1430,#1431,
#1432,#1433,#1434,#1435,#1436,#1437,#1438,#1439,#1440,#1441,#1442,#1443,
#1444,#1445,#1446,#1447,#1448,#1449,#1450,#1451,#1452,#1453,#1454,#1455,
#1456,#1457,#1458,#1459,#1460,#1461,#1462,#1463,#1464,#1465,#1466,#1467,
#1468,#1469,#1470,#1471,#1472,#1473,#1474,#1475,#1476,#1477,#1478,#1479,
#1480,#1481,#1482));
#2427=EDGE_LOOP('',(#1483,#1484,#1485,#1486));
#2428=EDGE_LOOP('',(#1487,#1488,#1489,#1490));
#2429=EDGE_LOOP('',(#1491,#1492,#1493,#1494));
#2430=EDGE_LOOP('',(#1495,#1496,#1497,#1498));
#2431=EDGE_LOOP('',(#1499,#1500,#1501,#1502));
#2432=EDGE_LOOP('',(#1503,#1504,#1505,#1506));
#2433=EDGE_LOOP('',(#1507,#1508,#1509,#1510));
#2434=EDGE_LOOP('',(#1511,#1512,#1513,#1514));
#2435=EDGE_LOOP('',(#1515,#1516,#1517,#1518));
#2436=EDGE_LOOP('',(#1519,#1520,#1521,#1522));
#2437=EDGE_LOOP('',(#1523,#1524,#1525,#1526));
#2438=EDGE_LOOP('',(#1527,#1528,#1529,#1530));
#2439=EDGE_LOOP('',(#1531,#1532,#1533,#1534));
#2440=EDGE_LOOP('',(#1535,#1536,#1537,#1538));
#2441=EDGE_LOOP('',(#1539,#1540,#1541,#1542));
#2442=EDGE_LOOP('',(#1543,#1544,#1545,#1546));
#2443=EDGE_LOOP('',(#1547,#1548,#1549,#1550));
#2444=EDGE_LOOP('',(#1551,#1552,#1553,#1554));
#2445=EDGE_LOOP('',(#1555,#1556,#1557,#1558));
#2446=EDGE_LOOP('',(#1559,#1560,#1561,#1562));
#2447=EDGE_LOOP('',(#1563,#1564,#1565,#1566));
#2448=EDGE_LOOP('',(#1567,#1568,#1569,#1570));
#2449=EDGE_LOOP('',(#1571,#1572,#1573,#1574));
#2450=EDGE_LOOP('',(#1575,#1576,#1577,#1578));
#2451=EDGE_LOOP('',(#1579,#1580,#1581,#1582));
#2452=EDGE_LOOP('',(#1583,#1584,#1585,#1586));
#2453=EDGE_LOOP('',(#1587,#1588,#1589,#1590));
#2454=EDGE_LOOP('',(#1591,#1592,#1593,#1594));
#2455=EDGE_LOOP('',(#1595,#1596,#1597,#1598));
#2456=EDGE_LOOP('',(#1599,#1600,#1601,#1602));
#2457=EDGE_LOOP('',(#1603,#1604,#1605,#1606));
#2458=EDGE_LOOP('',(#1607,#1608,#1609,#1610));
#2459=EDGE_LOOP('',(#1611,#1612,#1613,#1614));
#2460=EDGE_LOOP('',(#1615,#1616,#1617,#1618));
#2461=EDGE_LOOP('',(#1619,#1620,#1621,#1622));
#2462=EDGE_LOOP('',(#1623,#1624,#1625,#1626));
#2463=EDGE_LOOP('',(#1627,#1628,#1629,#1630,#1631,#1632,#1633,#1634));
#2464=EDGE_LOOP('',(#1635));
#2465=EDGE_LOOP('',(#1636,#1637,#1638,#1639));
#2466=EDGE_LOOP('',(#1640,#1641,#1642,#1643));
#2467=EDGE_LOOP('',(#1644));
#2468=EDGE_LOOP('',(#1645));
#2469=EDGE_LOOP('',(#1646,#1647,#1648,#1649));
#2470=EDGE_LOOP('',(#1650));
#2471=EDGE_LOOP('',(#1651));
#2472=EDGE_LOOP('',(#1652));
#2473=FACE_BOUND('',#2327,.T.);
#2474=FACE_BOUND('',#2328,.T.);
#2475=FACE_BOUND('',#2329,.T.);
#2476=FACE_BOUND('',#2330,.T.);
#2477=FACE_BOUND('',#2331,.T.);
#2478=FACE_BOUND('',#2332,.T.);
#2479=FACE_BOUND('',#2333,.T.);
#2480=FACE_BOUND('',#2334,.T.);
#2481=FACE_BOUND('',#2335,.T.);
#2482=FACE_BOUND('',#2336,.T.);
#2483=FACE_BOUND('',#2337,.T.);
#2484=FACE_BOUND('',#2338,.T.);
#2485=FACE_BOUND('',#2339,.T.);
#2486=FACE_BOUND('',#2340,.T.);
#2487=FACE_BOUND('',#2341,.T.);
#2488=FACE_BOUND('',#2342,.T.);
#2489=FACE_BOUND('',#2343,.T.);
#2490=FACE_BOUND('',#2344,.T.);
#2491=FACE_BOUND('',#2345,.T.);
#2492=FACE_BOUND('',#2346,.T.);
#2493=FACE_BOUND('',#2347,.T.);
#2494=FACE_BOUND('',#2348,.T.);
#2495=FACE_BOUND('',#2349,.T.);
#2496=FACE_BOUND('',#2350,.T.);
#2497=FACE_BOUND('',#2351,.T.);
#2498=FACE_BOUND('',#2352,.T.);
#2499=FACE_BOUND('',#2353,.T.);
#2500=FACE_BOUND('',#2354,.T.);
#2501=FACE_BOUND('',#2355,.T.);
#2502=FACE_BOUND('',#2356,.T.);
#2503=FACE_BOUND('',#2357,.T.);
#2504=FACE_BOUND('',#2358,.T.);
#2505=FACE_BOUND('',#2359,.T.);
#2506=FACE_BOUND('',#2360,.T.);
#2507=FACE_BOUND('',#2361,.T.);
#2508=FACE_BOUND('',#2362,.T.);
#2509=FACE_BOUND('',#2363,.T.);
#2510=FACE_BOUND('',#2364,.T.);
#2511=FACE_BOUND('',#2365,.T.);
#2512=FACE_BOUND('',#2366,.T.);
#2513=FACE_BOUND('',#2367,.T.);
#2514=FACE_BOUND('',#2368,.T.);
#2515=FACE_BOUND('',#2369,.T.);
#2516=FACE_BOUND('',#2370,.T.);
#2517=FACE_BOUND('',#2371,.T.);
#2518=FACE_BOUND('',#2372,.T.);
#2519=FACE_BOUND('',#2373,.T.);
#2520=FACE_BOUND('',#2374,.T.);
#2521=FACE_BOUND('',#2375,.T.);
#2522=FACE_BOUND('',#2376,.T.);
#2523=FACE_BOUND('',#2377,.T.);
#2524=FACE_BOUND('',#2378,.T.);
#2525=FACE_BOUND('',#2379,.T.);
#2526=FACE_BOUND('',#2380,.T.);
#2527=FACE_BOUND('',#2381,.T.);
#2528=FACE_BOUND('',#2382,.T.);
#2529=FACE_BOUND('',#2383,.T.);
#2530=FACE_BOUND('',#2384,.T.);
#2531=FACE_BOUND('',#2385,.T.);
#2532=FACE_BOUND('',#2386,.T.);
#2533=FACE_BOUND('',#2387,.T.);
#2534=FACE_BOUND('',#2388,.T.);
#2535=FACE_BOUND('',#2389,.T.);
#2536=FACE_BOUND('',#2390,.T.);
#2537=FACE_BOUND('',#2391,.T.);
#2538=FACE_BOUND('',#2392,.T.);
#2539=FACE_BOUND('',#2393,.T.);
#2540=FACE_BOUND('',#2394,.T.);
#2541=FACE_BOUND('',#2395,.T.);
#2542=FACE_BOUND('',#2396,.T.);
#2543=FACE_BOUND('',#2397,.T.);
#2544=FACE_BOUND('',#2398,.T.);
#2545=FACE_BOUND('',#2399,.T.);
#2546=FACE_BOUND('',#2400,.T.);
#2547=FACE_BOUND('',#2401,.T.);
#2548=FACE_BOUND('',#2402,.T.);
#2549=FACE_BOUND('',#2403,.T.);
#2550=FACE_BOUND('',#2404,.T.);
#2551=FACE_BOUND('',#2405,.T.);
#2552=FACE_BOUND('',#2406,.T.);
#2553=FACE_BOUND('',#2407,.T.);
#2554=FACE_BOUND('',#2408,.T.);
#2555=FACE_BOUND('',#2409,.T.);
#2556=FACE_BOUND('',#2410,.T.);
#2557=FACE_BOUND('',#2411,.T.);
#2558=FACE_BOUND('',#2412,.T.);
#2559=FACE_BOUND('',#2413,.T.);
#2560=FACE_BOUND('',#2414,.T.);
#2561=FACE_BOUND('',#2415,.T.);
#2562=FACE_BOUND('',#2416,.T.);
#2563=FACE_BOUND('',#2417,.T.);
#2564=FACE_BOUND('',#2418,.T.);
#2565=FACE_BOUND('',#2419,.T.);
#2566=FACE_BOUND('',#2420,.T.);
#2567=FACE_BOUND('',#2421,.T.);
#2568=FACE_BOUND('',#2422,.T.);
#2569=FACE_BOUND('',#2423,.T.);
#2570=FACE_BOUND('',#2424,.T.);
#2571=FACE_BOUND('',#2425,.T.);
#2572=FACE_BOUND('',#2426,.T.);
#2573=FACE_BOUND('',#2427,.T.);
#2574=FACE_BOUND('',#2428,.T.);
#2575=FACE_BOUND('',#2429,.T.);
#2576=FACE_BOUND('',#2430,.T.);
#2577=FACE_BOUND('',#2431,.T.);
#2578=FACE_BOUND('',#2432,.T.);
#2579=FACE_BOUND('',#2433,.T.);
#2580=FACE_BOUND('',#2434,.T.);
#2581=FACE_BOUND('',#2435,.T.);
#2582=FACE_BOUND('',#2436,.T.);
#2583=FACE_BOUND('',#2437,.T.);
#2584=FACE_BOUND('',#2438,.T.);
#2585=FACE_BOUND('',#2439,.T.);
#2586=FACE_BOUND('',#2440,.T.);
#2587=FACE_BOUND('',#2441,.T.);
#2588=FACE_BOUND('',#2442,.T.);
#2589=FACE_BOUND('',#2443,.T.);
#2590=FACE_BOUND('',#2444,.T.);
#2591=FACE_BOUND('',#2445,.T.);
#2592=FACE_BOUND('',#2446,.T.);
#2593=FACE_BOUND('',#2447,.T.);
#2594=FACE_BOUND('',#2448,.T.);
#2595=FACE_BOUND('',#2449,.T.);
#2596=FACE_BOUND('',#2450,.T.);
#2597=FACE_BOUND('',#2451,.T.);
#2598=FACE_BOUND('',#2452,.T.);
#2599=FACE_BOUND('',#2453,.T.);
#2600=FACE_BOUND('',#2454,.T.);
#2601=FACE_BOUND('',#2455,.T.);
#2602=FACE_BOUND('',#2456,.T.);
#2603=FACE_BOUND('',#2457,.T.);
#2604=FACE_BOUND('',#2458,.T.);
#2605=FACE_BOUND('',#2459,.T.);
#2606=FACE_BOUND('',#2460,.T.);
#2607=FACE_BOUND('',#2461,.T.);
#2608=FACE_BOUND('',#2462,.T.);
#2609=FACE_BOUND('',#2463,.T.);
#2610=FACE_BOUND('',#2464,.T.);
#2611=FACE_BOUND('',#2465,.T.);
#2612=FACE_BOUND('',#2466,.T.);
#2613=FACE_BOUND('',#2467,.T.);
#2614=FACE_BOUND('',#2468,.T.);
#2615=FACE_BOUND('',#2469,.T.);
#2616=FACE_BOUND('',#2470,.T.);
#2617=FACE_BOUND('',#2471,.T.);
#2618=FACE_BOUND('',#2472,.T.);
#2619=(
BOUNDED_SURFACE()
B_SPLINE_SURFACE(3,2,((#4272,#4273,#4274),(#4275,#4276,#4277),(#4278,#4279,
#4280),(#4281,#4282,#4283)),.UNSPECIFIED.,.F.,.F.,.F.)
B_SPLINE_SURFACE_WITH_KNOTS((4,4),(3,3),(0.,0.000604119577745638),(0.,1.),
 .PIECEWISE_BEZIER_KNOTS.)
GEOMETRIC_REPRESENTATION_ITEM()
RATIONAL_B_SPLINE_SURFACE(((1.,0.71325044915418,1.),(1.,0.786139464600377,
1.),(1.,0.837236996979292,1.),(1.,0.868841210902939,1.)))
REPRESENTATION_ITEM('')
SURFACE()
);
#2620=(
BOUNDED_SURFACE()
B_SPLINE_SURFACE(3,2,((#4301,#4302,#4303),(#4304,#4305,#4306),(#4307,#4308,
#4309),(#4310,#4311,#4312),(#4313,#4314,#4315),(#4316,#4317,#4318)),
 .UNSPECIFIED.,.F.,.F.,.F.)
B_SPLINE_SURFACE_WITH_KNOTS((4,2,4),(3,3),(-1.68051336735253E-18,0.000445478018215897,
0.000890956036431795),(0.,1.),.UNSPECIFIED.)
GEOMETRIC_REPRESENTATION_ITEM()
RATIONAL_B_SPLINE_SURFACE(((1.,0.868841210902963,1.),(1.,0.893535181959756,
1.),(1.,0.903652176384081,1.),(1.,0.903792884131773,1.),(1.,0.893609296158733,
1.),(1.,0.868841210903069,1.)))
REPRESENTATION_ITEM('')
SURFACE()
);
#2621=(
BOUNDED_SURFACE()
B_SPLINE_SURFACE(3,2,((#4336,#4337,#4338),(#4339,#4340,#4341),(#4342,#4343,
#4344),(#4345,#4346,#4347)),.UNSPECIFIED.,.F.,.F.,.F.)
B_SPLINE_SURFACE_WITH_KNOTS((4,4),(3,3),(0.,0.000604119577746283),(0.,1.),
 .PIECEWISE_BEZIER_KNOTS.)
GEOMETRIC_REPRESENTATION_ITEM()
RATIONAL_B_SPLINE_SURFACE(((1.,0.868841210903062,1.),(1.,0.837236996979381,
1.),(1.,0.786139464600463,1.),(1.,0.713250449154186,1.)))
REPRESENTATION_ITEM('')
SURFACE()
);
#2622=(
BOUNDED_SURFACE()
B_SPLINE_SURFACE(3,2,((#4362,#4363,#4364),(#4365,#4366,#4367),(#4368,#4369,
#4370),(#4371,#4372,#4373)),.UNSPECIFIED.,.F.,.F.,.F.)
B_SPLINE_SURFACE_WITH_KNOTS((4,4),(3,3),(-1.0842021724855E-19,0.000604119577744996),
(0.,1.),.PIECEWISE_BEZIER_KNOTS.)
GEOMETRIC_REPRESENTATION_ITEM()
RATIONAL_B_SPLINE_SURFACE(((1.,0.86884121090286,1.),(1.,0.837236996979159,
1.),(1.,0.786139464600309,1.),(1.,0.713250449154187,1.)))
REPRESENTATION_ITEM('')
SURFACE()
);
#2623=(
BOUNDED_SURFACE()
B_SPLINE_SURFACE(3,2,((#4388,#4389,#4390),(#4391,#4392,#4393),(#4394,#4395,
#4396),(#4397,#4398,#4399),(#4400,#4401,#4402),(#4403,#4404,#4405)),
 .UNSPECIFIED.,.F.,.F.,.F.)
B_SPLINE_SURFACE_WITH_KNOTS((4,2,4),(3,3),(-1.62630325872826E-19,0.000445478018216538,
0.000890956036433077),(0.,1.),.UNSPECIFIED.)
GEOMETRIC_REPRESENTATION_ITEM()
RATIONAL_B_SPLINE_SURFACE(((1.,0.868841210902963,1.),(1.,0.893535181959784,
1.),(1.,0.903652176384122,1.),(1.,0.903792884131732,1.),(1.,0.89360929615865,
1.),(1.,0.868841210902852,1.)))
REPRESENTATION_ITEM('')
SURFACE()
);
#2624=(
BOUNDED_SURFACE()
B_SPLINE_SURFACE(3,2,((#4417,#4418,#4419),(#4420,#4421,#4422),(#4423,#4424,
#4425),(#4426,#4427,#4428)),.UNSPECIFIED.,.F.,.F.,.F.)
B_SPLINE_SURFACE_WITH_KNOTS((4,4),(3,3),(2.71050543121376E-19,0.00060411957774564),
(0.,1.),.PIECEWISE_BEZIER_KNOTS.)
GEOMETRIC_REPRESENTATION_ITEM()
RATIONAL_B_SPLINE_SURFACE(((1.,0.71325044915418,1.),(1.,0.786139464600377,
1.),(1.,0.837236996979292,1.),(1.,0.868841210902939,1.)))
REPRESENTATION_ITEM('')
SURFACE()
);
#2625=ADVANCED_FACE('',(#2473),#2619,.F.);
#2626=ADVANCED_FACE('',(#2474),#2620,.F.);
#2627=ADVANCED_FACE('',(#2475),#876,.F.);
#2628=ADVANCED_FACE('',(#2476),#2621,.F.);
#2629=ADVANCED_FACE('',(#2477),#2622,.F.);
#2630=ADVANCED_FACE('',(#2478),#2623,.F.);
#2631=ADVANCED_FACE('',(#2479),#2624,.F.);
#2632=ADVANCED_FACE('',(#2480),#861,.T.);
#2633=ADVANCED_FACE('',(#2481),#862,.T.);
#2634=ADVANCED_FACE('',(#2482),#877,.T.);
#2635=ADVANCED_FACE('',(#2483),#863,.T.);
#2636=ADVANCED_FACE('',(#2484),#864,.T.);
#2637=ADVANCED_FACE('',(#2485),#227,.T.);
#2638=ADVANCED_FACE('',(#2486),#228,.T.);
#2639=ADVANCED_FACE('',(#2487),#865,.T.);
#2640=ADVANCED_FACE('',(#2488),#866,.T.);
#2641=ADVANCED_FACE('',(#2489),#878,.T.);
#2642=ADVANCED_FACE('',(#2490,#2491),#119,.T.);
#2643=ADVANCED_FACE('',(#2492),#120,.F.);
#2644=ADVANCED_FACE('',(#2493),#121,.T.);
#2645=ADVANCED_FACE('',(#2494),#122,.T.);
#2646=ADVANCED_FACE('',(#2495),#867,.T.);
#2647=ADVANCED_FACE('',(#2496,#2497),#123,.T.);
#2648=ADVANCED_FACE('',(#2498),#124,.T.);
#2649=ADVANCED_FACE('',(#2499),#125,.F.);
#2650=ADVANCED_FACE('',(#2500),#126,.F.);
#2651=ADVANCED_FACE('',(#2501),#127,.F.);
#2652=ADVANCED_FACE('',(#2502),#128,.F.);
#2653=ADVANCED_FACE('',(#2503),#129,.F.);
#2654=ADVANCED_FACE('',(#2504),#130,.F.);
#2655=ADVANCED_FACE('',(#2505),#131,.F.);
#2656=ADVANCED_FACE('',(#2506),#132,.F.);
#2657=ADVANCED_FACE('',(#2507),#133,.F.);
#2658=ADVANCED_FACE('',(#2508),#134,.F.);
#2659=ADVANCED_FACE('',(#2509),#135,.F.);
#2660=ADVANCED_FACE('',(#2510),#136,.F.);
#2661=ADVANCED_FACE('',(#2511),#137,.F.);
#2662=ADVANCED_FACE('',(#2512),#138,.F.);
#2663=ADVANCED_FACE('',(#2513),#139,.F.);
#2664=ADVANCED_FACE('',(#2514),#140,.F.);
#2665=ADVANCED_FACE('',(#2515),#141,.F.);
#2666=ADVANCED_FACE('',(#2516),#142,.F.);
#2667=ADVANCED_FACE('',(#2517),#143,.F.);
#2668=ADVANCED_FACE('',(#2518),#144,.F.);
#2669=ADVANCED_FACE('',(#2519),#145,.F.);
#2670=ADVANCED_FACE('',(#2520),#146,.F.);
#2671=ADVANCED_FACE('',(#2521),#147,.F.);
#2672=ADVANCED_FACE('',(#2522),#148,.F.);
#2673=ADVANCED_FACE('',(#2523),#149,.F.);
#2674=ADVANCED_FACE('',(#2524),#150,.F.);
#2675=ADVANCED_FACE('',(#2525),#151,.F.);
#2676=ADVANCED_FACE('',(#2526),#152,.F.);
#2677=ADVANCED_FACE('',(#2527),#153,.F.);
#2678=ADVANCED_FACE('',(#2528),#154,.F.);
#2679=ADVANCED_FACE('',(#2529),#155,.F.);
#2680=ADVANCED_FACE('',(#2530),#156,.F.);
#2681=ADVANCED_FACE('',(#2531),#157,.F.);
#2682=ADVANCED_FACE('',(#2532),#158,.F.);
#2683=ADVANCED_FACE('',(#2533),#159,.F.);
#2684=ADVANCED_FACE('',(#2534),#160,.F.);
#2685=ADVANCED_FACE('',(#2535),#161,.F.);
#2686=ADVANCED_FACE('',(#2536),#162,.F.);
#2687=ADVANCED_FACE('',(#2537),#163,.F.);
#2688=ADVANCED_FACE('',(#2538),#164,.F.);
#2689=ADVANCED_FACE('',(#2539),#165,.F.);
#2690=ADVANCED_FACE('',(#2540),#166,.F.);
#2691=ADVANCED_FACE('',(#2541),#167,.F.);
#2692=ADVANCED_FACE('',(#2542),#168,.F.);
#2693=ADVANCED_FACE('',(#2543),#169,.F.);
#2694=ADVANCED_FACE('',(#2544),#170,.F.);
#2695=ADVANCED_FACE('',(#2545),#171,.F.);
#2696=ADVANCED_FACE('',(#2546),#172,.F.);
#2697=ADVANCED_FACE('',(#2547),#173,.F.);
#2698=ADVANCED_FACE('',(#2548),#174,.F.);
#2699=ADVANCED_FACE('',(#2549),#175,.F.);
#2700=ADVANCED_FACE('',(#2550),#176,.F.);
#2701=ADVANCED_FACE('',(#2551),#177,.F.);
#2702=ADVANCED_FACE('',(#2552),#178,.F.);
#2703=ADVANCED_FACE('',(#2553),#179,.F.);
#2704=ADVANCED_FACE('',(#2554),#180,.F.);
#2705=ADVANCED_FACE('',(#2555),#181,.F.);
#2706=ADVANCED_FACE('',(#2556),#182,.F.);
#2707=ADVANCED_FACE('',(#2557),#183,.F.);
#2708=ADVANCED_FACE('',(#2558),#184,.F.);
#2709=ADVANCED_FACE('',(#2559),#185,.F.);
#2710=ADVANCED_FACE('',(#2560),#186,.F.);
#2711=ADVANCED_FACE('',(#2561),#187,.F.);
#2712=ADVANCED_FACE('',(#2562),#188,.F.);
#2713=ADVANCED_FACE('',(#2563),#189,.F.);
#2714=ADVANCED_FACE('',(#2564),#190,.F.);
#2715=ADVANCED_FACE('',(#2565),#191,.F.);
#2716=ADVANCED_FACE('',(#2566),#192,.F.);
#2717=ADVANCED_FACE('',(#2567),#193,.F.);
#2718=ADVANCED_FACE('',(#2568),#194,.F.);
#2719=ADVANCED_FACE('',(#2569),#195,.F.);
#2720=ADVANCED_FACE('',(#2570),#196,.F.);
#2721=ADVANCED_FACE('',(#2571,#2572),#197,.T.);
#2722=ADVANCED_FACE('',(#2573),#868,.F.);
#2723=ADVANCED_FACE('',(#2574),#198,.T.);
#2724=ADVANCED_FACE('',(#2575),#199,.T.);
#2725=ADVANCED_FACE('',(#2576),#200,.T.);
#2726=ADVANCED_FACE('',(#2577),#869,.F.);
#2727=ADVANCED_FACE('',(#2578),#201,.T.);
#2728=ADVANCED_FACE('',(#2579),#202,.F.);
#2729=ADVANCED_FACE('',(#2580),#203,.F.);
#2730=ADVANCED_FACE('',(#2581),#870,.T.);
#2731=ADVANCED_FACE('',(#2582,#2583),#204,.T.);
#2732=ADVANCED_FACE('',(#2584),#205,.T.);
#2733=ADVANCED_FACE('',(#2585),#206,.T.);
#2734=ADVANCED_FACE('',(#2586),#207,.T.);
#2735=ADVANCED_FACE('',(#2587),#208,.T.);
#2736=ADVANCED_FACE('',(#2588),#209,.T.);
#2737=ADVANCED_FACE('',(#2589),#210,.T.);
#2738=ADVANCED_FACE('',(#2590),#211,.T.);
#2739=ADVANCED_FACE('',(#2591),#212,.T.);
#2740=ADVANCED_FACE('',(#2592),#213,.T.);
#2741=ADVANCED_FACE('',(#2593),#214,.T.);
#2742=ADVANCED_FACE('',(#2594),#215,.T.);
#2743=ADVANCED_FACE('',(#2595),#216,.T.);
#2744=ADVANCED_FACE('',(#2596),#217,.T.);
#2745=ADVANCED_FACE('',(#2597),#218,.T.);
#2746=ADVANCED_FACE('',(#2598),#219,.T.);
#2747=ADVANCED_FACE('',(#2599),#220,.T.);
#2748=ADVANCED_FACE('',(#2600),#221,.T.);
#2749=ADVANCED_FACE('',(#2601),#222,.T.);
#2750=ADVANCED_FACE('',(#2602),#223,.T.);
#2751=ADVANCED_FACE('',(#2603),#224,.T.);
#2752=ADVANCED_FACE('',(#2604),#225,.F.);
#2753=ADVANCED_FACE('',(#2605),#871,.T.);
#2754=ADVANCED_FACE('',(#2606),#872,.F.);
#2755=ADVANCED_FACE('',(#2607),#873,.F.);
#2756=ADVANCED_FACE('',(#2608),#874,.T.);
#2757=ADVANCED_FACE('',(#2609,#2610),#12,.T.);
#2758=ADVANCED_FACE('',(#2611),#879,.T.);
#2759=ADVANCED_FACE('',(#2612),#880,.T.);
#2760=ADVANCED_FACE('',(#2613,#2614),#881,.T.);
#2761=ADVANCED_FACE('',(#2615),#882,.F.);
#2762=ADVANCED_FACE('',(#2616,#2617),#875,.T.);
#2763=ADVANCED_FACE('',(#2618),#226,.F.);
#2764=CLOSED_SHELL('',(#2625,#2626,#2627,#2628,#2629,#2630,#2631,#2632,
#2633,#2634,#2635,#2636,#2637,#2638,#2639,#2640,#2641,#2642,#2643,#2644,
#2645,#2646,#2647,#2648,#2649,#2650,#2651,#2652,#2653,#2654,#2655,#2656,
#2657,#2658,#2659,#2660,#2661,#2662,#2663,#2664,#2665,#2666,#2667,#2668,
#2669,#2670,#2671,#2672,#2673,#2674,#2675,#2676,#2677,#2678,#2679,#2680,
#2681,#2682,#2683,#2684,#2685,#2686,#2687,#2688,#2689,#2690,#2691,#2692,
#2693,#2694,#2695,#2696,#2697,#2698,#2699,#2700,#2701,#2702,#2703,#2704,
#2705,#2706,#2707,#2708,#2709,#2710,#2711,#2712,#2713,#2714,#2715,#2716,
#2717,#2718,#2719,#2720,#2721,#2722,#2723,#2724,#2725,#2726,#2727,#2728,
#2729,#2730,#2731,#2732,#2733,#2734,#2735,#2736,#2737,#2738,#2739,#2740,
#2741,#2742,#2743,#2744,#2745,#2746,#2747,#2748,#2749,#2750,#2751,#2752,
#2753,#2754,#2755,#2756,#2757,#2758,#2759,#2760,#2761,#2762,#2763));
#2765=STYLED_ITEM('',(#2766),#3412);
#2766=PRESENTATION_STYLE_ASSIGNMENT((#2873));
#2767=PRESENTATION_STYLE_ASSIGNMENT((#2874));
#2768=PRESENTATION_STYLE_ASSIGNMENT((#2875));
#2769=PRESENTATION_STYLE_ASSIGNMENT((#2876));
#2770=PRESENTATION_STYLE_ASSIGNMENT((#2877));
#2771=PRESENTATION_STYLE_ASSIGNMENT((#2878));
#2772=PRESENTATION_STYLE_ASSIGNMENT((#2879));
#2773=PRESENTATION_STYLE_ASSIGNMENT((#2880));
#2774=PRESENTATION_STYLE_ASSIGNMENT((#2881));
#2775=PRESENTATION_STYLE_ASSIGNMENT((#2882));
#2776=PRESENTATION_STYLE_ASSIGNMENT((#2883));
#2777=PRESENTATION_STYLE_ASSIGNMENT((#2884));
#2778=PRESENTATION_STYLE_ASSIGNMENT((#2885));
#2779=PRESENTATION_STYLE_ASSIGNMENT((#2886));
#2780=PRESENTATION_STYLE_ASSIGNMENT((#2887));
#2781=PRESENTATION_STYLE_ASSIGNMENT((#2888));
#2782=PRESENTATION_STYLE_ASSIGNMENT((#2889));
#2783=PRESENTATION_STYLE_ASSIGNMENT((#2890));
#2784=PRESENTATION_STYLE_ASSIGNMENT((#2891));
#2785=PRESENTATION_STYLE_ASSIGNMENT((#2892));
#2786=PRESENTATION_STYLE_ASSIGNMENT((#2893));
#2787=PRESENTATION_STYLE_ASSIGNMENT((#2894));
#2788=PRESENTATION_STYLE_ASSIGNMENT((#2895));
#2789=PRESENTATION_STYLE_ASSIGNMENT((#2896));
#2790=PRESENTATION_STYLE_ASSIGNMENT((#2897));
#2791=PRESENTATION_STYLE_ASSIGNMENT((#2898));
#2792=PRESENTATION_STYLE_ASSIGNMENT((#2899));
#2793=PRESENTATION_STYLE_ASSIGNMENT((#2900));
#2794=PRESENTATION_STYLE_ASSIGNMENT((#2901));
#2795=PRESENTATION_STYLE_ASSIGNMENT((#2902));
#2796=PRESENTATION_STYLE_ASSIGNMENT((#2903));
#2797=PRESENTATION_STYLE_ASSIGNMENT((#2904));
#2798=PRESENTATION_STYLE_ASSIGNMENT((#2905));
#2799=PRESENTATION_STYLE_ASSIGNMENT((#2906));
#2800=PRESENTATION_STYLE_ASSIGNMENT((#2907));
#2801=PRESENTATION_STYLE_ASSIGNMENT((#2908));
#2802=PRESENTATION_STYLE_ASSIGNMENT((#2909));
#2803=PRESENTATION_STYLE_ASSIGNMENT((#2910));
#2804=PRESENTATION_STYLE_ASSIGNMENT((#2911));
#2805=PRESENTATION_STYLE_ASSIGNMENT((#2912));
#2806=PRESENTATION_STYLE_ASSIGNMENT((#2913));
#2807=PRESENTATION_STYLE_ASSIGNMENT((#2914));
#2808=PRESENTATION_STYLE_ASSIGNMENT((#2915));
#2809=PRESENTATION_STYLE_ASSIGNMENT((#2916));
#2810=PRESENTATION_STYLE_ASSIGNMENT((#2917));
#2811=PRESENTATION_STYLE_ASSIGNMENT((#2918));
#2812=PRESENTATION_STYLE_ASSIGNMENT((#2919));
#2813=PRESENTATION_STYLE_ASSIGNMENT((#2920));
#2814=PRESENTATION_STYLE_ASSIGNMENT((#2921));
#2815=PRESENTATION_STYLE_ASSIGNMENT((#2922));
#2816=PRESENTATION_STYLE_ASSIGNMENT((#2923));
#2817=PRESENTATION_STYLE_ASSIGNMENT((#2924));
#2818=PRESENTATION_STYLE_ASSIGNMENT((#2925));
#2819=PRESENTATION_STYLE_ASSIGNMENT((#2926));
#2820=PRESENTATION_STYLE_ASSIGNMENT((#2927));
#2821=PRESENTATION_STYLE_ASSIGNMENT((#2928));
#2822=PRESENTATION_STYLE_ASSIGNMENT((#2929));
#2823=PRESENTATION_STYLE_ASSIGNMENT((#2930));
#2824=PRESENTATION_STYLE_ASSIGNMENT((#2931));
#2825=PRESENTATION_STYLE_ASSIGNMENT((#2932));
#2826=PRESENTATION_STYLE_ASSIGNMENT((#2933));
#2827=PRESENTATION_STYLE_ASSIGNMENT((#2934));
#2828=PRESENTATION_STYLE_ASSIGNMENT((#2935));
#2829=PRESENTATION_STYLE_ASSIGNMENT((#2936));
#2830=PRESENTATION_STYLE_ASSIGNMENT((#2937));
#2831=PRESENTATION_STYLE_ASSIGNMENT((#2938));
#2832=PRESENTATION_STYLE_ASSIGNMENT((#2939));
#2833=PRESENTATION_STYLE_ASSIGNMENT((#2940));
#2834=PRESENTATION_STYLE_ASSIGNMENT((#2941));
#2835=PRESENTATION_STYLE_ASSIGNMENT((#2942));
#2836=PRESENTATION_STYLE_ASSIGNMENT((#2943));
#2837=PRESENTATION_STYLE_ASSIGNMENT((#2944));
#2838=PRESENTATION_STYLE_ASSIGNMENT((#2945));
#2839=PRESENTATION_STYLE_ASSIGNMENT((#2946));
#2840=PRESENTATION_STYLE_ASSIGNMENT((#2947));
#2841=PRESENTATION_STYLE_ASSIGNMENT((#2948));
#2842=PRESENTATION_STYLE_ASSIGNMENT((#2949));
#2843=PRESENTATION_STYLE_ASSIGNMENT((#2950));
#2844=PRESENTATION_STYLE_ASSIGNMENT((#2951));
#2845=PRESENTATION_STYLE_ASSIGNMENT((#2952));
#2846=PRESENTATION_STYLE_ASSIGNMENT((#2953));
#2847=PRESENTATION_STYLE_ASSIGNMENT((#2954));
#2848=PRESENTATION_STYLE_ASSIGNMENT((#2955));
#2849=PRESENTATION_STYLE_ASSIGNMENT((#2956));
#2850=PRESENTATION_STYLE_ASSIGNMENT((#2957));
#2851=PRESENTATION_STYLE_ASSIGNMENT((#2958));
#2852=PRESENTATION_STYLE_ASSIGNMENT((#2959));
#2853=PRESENTATION_STYLE_ASSIGNMENT((#2960));
#2854=PRESENTATION_STYLE_ASSIGNMENT((#2961));
#2855=PRESENTATION_STYLE_ASSIGNMENT((#2962));
#2856=PRESENTATION_STYLE_ASSIGNMENT((#2963));
#2857=PRESENTATION_STYLE_ASSIGNMENT((#2964));
#2858=PRESENTATION_STYLE_ASSIGNMENT((#2965));
#2859=PRESENTATION_STYLE_ASSIGNMENT((#2966));
#2860=PRESENTATION_STYLE_ASSIGNMENT((#2967));
#2861=PRESENTATION_STYLE_ASSIGNMENT((#2968));
#2862=PRESENTATION_STYLE_ASSIGNMENT((#2969));
#2863=PRESENTATION_STYLE_ASSIGNMENT((#2970));
#2864=PRESENTATION_STYLE_ASSIGNMENT((#2971));
#2865=PRESENTATION_STYLE_ASSIGNMENT((#2972));
#2866=PRESENTATION_STYLE_ASSIGNMENT((#2973));
#2867=PRESENTATION_STYLE_ASSIGNMENT((#2974));
#2868=PRESENTATION_STYLE_ASSIGNMENT((#2975));
#2869=PRESENTATION_STYLE_ASSIGNMENT((#2976));
#2870=PRESENTATION_STYLE_ASSIGNMENT((#2977));
#2871=PRESENTATION_STYLE_ASSIGNMENT((#2978));
#2872=PRESENTATION_STYLE_ASSIGNMENT((#2979));
#2873=SURFACE_STYLE_USAGE(.BOTH.,#2980);
#2874=SURFACE_STYLE_USAGE(.BOTH.,#2981);
#2875=SURFACE_STYLE_USAGE(.BOTH.,#2982);
#2876=SURFACE_STYLE_USAGE(.BOTH.,#2983);
#2877=SURFACE_STYLE_USAGE(.BOTH.,#2984);
#2878=SURFACE_STYLE_USAGE(.BOTH.,#2985);
#2879=SURFACE_STYLE_USAGE(.BOTH.,#2986);
#2880=SURFACE_STYLE_USAGE(.BOTH.,#2987);
#2881=SURFACE_STYLE_USAGE(.BOTH.,#2988);
#2882=SURFACE_STYLE_USAGE(.BOTH.,#2989);
#2883=SURFACE_STYLE_USAGE(.BOTH.,#2990);
#2884=SURFACE_STYLE_USAGE(.BOTH.,#2991);
#2885=SURFACE_STYLE_USAGE(.BOTH.,#2992);
#2886=SURFACE_STYLE_USAGE(.BOTH.,#2993);
#2887=SURFACE_STYLE_USAGE(.BOTH.,#2994);
#2888=SURFACE_STYLE_USAGE(.BOTH.,#2995);
#2889=SURFACE_STYLE_USAGE(.BOTH.,#2996);
#2890=SURFACE_STYLE_USAGE(.BOTH.,#2997);
#2891=SURFACE_STYLE_USAGE(.BOTH.,#2998);
#2892=SURFACE_STYLE_USAGE(.BOTH.,#2999);
#2893=SURFACE_STYLE_USAGE(.BOTH.,#3000);
#2894=SURFACE_STYLE_USAGE(.BOTH.,#3001);
#2895=SURFACE_STYLE_USAGE(.BOTH.,#3002);
#2896=SURFACE_STYLE_USAGE(.BOTH.,#3003);
#2897=SURFACE_STYLE_USAGE(.BOTH.,#3004);
#2898=SURFACE_STYLE_USAGE(.BOTH.,#3005);
#2899=SURFACE_STYLE_USAGE(.BOTH.,#3006);
#2900=SURFACE_STYLE_USAGE(.BOTH.,#3007);
#2901=SURFACE_STYLE_USAGE(.BOTH.,#3008);
#2902=SURFACE_STYLE_USAGE(.BOTH.,#3009);
#2903=SURFACE_STYLE_USAGE(.BOTH.,#3010);
#2904=SURFACE_STYLE_USAGE(.BOTH.,#3011);
#2905=SURFACE_STYLE_USAGE(.BOTH.,#3012);
#2906=SURFACE_STYLE_USAGE(.BOTH.,#3013);
#2907=SURFACE_STYLE_USAGE(.BOTH.,#3014);
#2908=SURFACE_STYLE_USAGE(.BOTH.,#3015);
#2909=SURFACE_STYLE_USAGE(.BOTH.,#3016);
#2910=SURFACE_STYLE_USAGE(.BOTH.,#3017);
#2911=SURFACE_STYLE_USAGE(.BOTH.,#3018);
#2912=SURFACE_STYLE_USAGE(.BOTH.,#3019);
#2913=SURFACE_STYLE_USAGE(.BOTH.,#3020);
#2914=SURFACE_STYLE_USAGE(.BOTH.,#3021);
#2915=SURFACE_STYLE_USAGE(.BOTH.,#3022);
#2916=SURFACE_STYLE_USAGE(.BOTH.,#3023);
#2917=SURFACE_STYLE_USAGE(.BOTH.,#3024);
#2918=SURFACE_STYLE_USAGE(.BOTH.,#3025);
#2919=SURFACE_STYLE_USAGE(.BOTH.,#3026);
#2920=SURFACE_STYLE_USAGE(.BOTH.,#3027);
#2921=SURFACE_STYLE_USAGE(.BOTH.,#3028);
#2922=SURFACE_STYLE_USAGE(.BOTH.,#3029);
#2923=SURFACE_STYLE_USAGE(.BOTH.,#3030);
#2924=SURFACE_STYLE_USAGE(.BOTH.,#3031);
#2925=SURFACE_STYLE_USAGE(.BOTH.,#3032);
#2926=SURFACE_STYLE_USAGE(.BOTH.,#3033);
#2927=SURFACE_STYLE_USAGE(.BOTH.,#3034);
#2928=SURFACE_STYLE_USAGE(.BOTH.,#3035);
#2929=SURFACE_STYLE_USAGE(.BOTH.,#3036);
#2930=SURFACE_STYLE_USAGE(.BOTH.,#3037);
#2931=SURFACE_STYLE_USAGE(.BOTH.,#3038);
#2932=SURFACE_STYLE_USAGE(.BOTH.,#3039);
#2933=SURFACE_STYLE_USAGE(.BOTH.,#3040);
#2934=SURFACE_STYLE_USAGE(.BOTH.,#3041);
#2935=SURFACE_STYLE_USAGE(.BOTH.,#3042);
#2936=SURFACE_STYLE_USAGE(.BOTH.,#3043);
#2937=SURFACE_STYLE_USAGE(.BOTH.,#3044);
#2938=SURFACE_STYLE_USAGE(.BOTH.,#3045);
#2939=SURFACE_STYLE_USAGE(.BOTH.,#3046);
#2940=SURFACE_STYLE_USAGE(.BOTH.,#3047);
#2941=SURFACE_STYLE_USAGE(.BOTH.,#3048);
#2942=SURFACE_STYLE_USAGE(.BOTH.,#3049);
#2943=SURFACE_STYLE_USAGE(.BOTH.,#3050);
#2944=SURFACE_STYLE_USAGE(.BOTH.,#3051);
#2945=SURFACE_STYLE_USAGE(.BOTH.,#3052);
#2946=SURFACE_STYLE_USAGE(.BOTH.,#3053);
#2947=SURFACE_STYLE_USAGE(.BOTH.,#3054);
#2948=SURFACE_STYLE_USAGE(.BOTH.,#3055);
#2949=SURFACE_STYLE_USAGE(.BOTH.,#3056);
#2950=SURFACE_STYLE_USAGE(.BOTH.,#3057);
#2951=SURFACE_STYLE_USAGE(.BOTH.,#3058);
#2952=SURFACE_STYLE_USAGE(.BOTH.,#3059);
#2953=SURFACE_STYLE_USAGE(.BOTH.,#3060);
#2954=SURFACE_STYLE_USAGE(.BOTH.,#3061);
#2955=SURFACE_STYLE_USAGE(.BOTH.,#3062);
#2956=SURFACE_STYLE_USAGE(.BOTH.,#3063);
#2957=SURFACE_STYLE_USAGE(.BOTH.,#3064);
#2958=SURFACE_STYLE_USAGE(.BOTH.,#3065);
#2959=SURFACE_STYLE_USAGE(.BOTH.,#3066);
#2960=SURFACE_STYLE_USAGE(.BOTH.,#3067);
#2961=SURFACE_STYLE_USAGE(.BOTH.,#3068);
#2962=SURFACE_STYLE_USAGE(.BOTH.,#3069);
#2963=SURFACE_STYLE_USAGE(.BOTH.,#3070);
#2964=SURFACE_STYLE_USAGE(.BOTH.,#3071);
#2965=SURFACE_STYLE_USAGE(.BOTH.,#3072);
#2966=SURFACE_STYLE_USAGE(.BOTH.,#3073);
#2967=SURFACE_STYLE_USAGE(.BOTH.,#3074);
#2968=SURFACE_STYLE_USAGE(.BOTH.,#3075);
#2969=SURFACE_STYLE_USAGE(.BOTH.,#3076);
#2970=SURFACE_STYLE_USAGE(.BOTH.,#3077);
#2971=SURFACE_STYLE_USAGE(.BOTH.,#3078);
#2972=SURFACE_STYLE_USAGE(.BOTH.,#3079);
#2973=SURFACE_STYLE_USAGE(.BOTH.,#3080);
#2974=SURFACE_STYLE_USAGE(.BOTH.,#3081);
#2975=SURFACE_STYLE_USAGE(.BOTH.,#3082);
#2976=SURFACE_STYLE_USAGE(.BOTH.,#3083);
#2977=SURFACE_STYLE_USAGE(.BOTH.,#3084);
#2978=SURFACE_STYLE_USAGE(.BOTH.,#3085);
#2979=SURFACE_STYLE_USAGE(.BOTH.,#3086);
#2980=SURFACE_SIDE_STYLE('',(#3087));
#2981=SURFACE_SIDE_STYLE('',(#3088));
#2982=SURFACE_SIDE_STYLE('',(#3089));
#2983=SURFACE_SIDE_STYLE('',(#3090));
#2984=SURFACE_SIDE_STYLE('',(#3091));
#2985=SURFACE_SIDE_STYLE('',(#3092));
#2986=SURFACE_SIDE_STYLE('',(#3093));
#2987=SURFACE_SIDE_STYLE('',(#3094));
#2988=SURFACE_SIDE_STYLE('',(#3095));
#2989=SURFACE_SIDE_STYLE('',(#3096));
#2990=SURFACE_SIDE_STYLE('',(#3097));
#2991=SURFACE_SIDE_STYLE('',(#3098));
#2992=SURFACE_SIDE_STYLE('',(#3099));
#2993=SURFACE_SIDE_STYLE('',(#3100));
#2994=SURFACE_SIDE_STYLE('',(#3101));
#2995=SURFACE_SIDE_STYLE('',(#3102));
#2996=SURFACE_SIDE_STYLE('',(#3103));
#2997=SURFACE_SIDE_STYLE('',(#3104));
#2998=SURFACE_SIDE_STYLE('',(#3105));
#2999=SURFACE_SIDE_STYLE('',(#3106));
#3000=SURFACE_SIDE_STYLE('',(#3107));
#3001=SURFACE_SIDE_STYLE('',(#3108));
#3002=SURFACE_SIDE_STYLE('',(#3109));
#3003=SURFACE_SIDE_STYLE('',(#3110));
#3004=SURFACE_SIDE_STYLE('',(#3111));
#3005=SURFACE_SIDE_STYLE('',(#3112));
#3006=SURFACE_SIDE_STYLE('',(#3113));
#3007=SURFACE_SIDE_STYLE('',(#3114));
#3008=SURFACE_SIDE_STYLE('',(#3115));
#3009=SURFACE_SIDE_STYLE('',(#3116));
#3010=SURFACE_SIDE_STYLE('',(#3117));
#3011=SURFACE_SIDE_STYLE('',(#3118));
#3012=SURFACE_SIDE_STYLE('',(#3119));
#3013=SURFACE_SIDE_STYLE('',(#3120));
#3014=SURFACE_SIDE_STYLE('',(#3121));
#3015=SURFACE_SIDE_STYLE('',(#3122));
#3016=SURFACE_SIDE_STYLE('',(#3123));
#3017=SURFACE_SIDE_STYLE('',(#3124));
#3018=SURFACE_SIDE_STYLE('',(#3125));
#3019=SURFACE_SIDE_STYLE('',(#3126));
#3020=SURFACE_SIDE_STYLE('',(#3127));
#3021=SURFACE_SIDE_STYLE('',(#3128));
#3022=SURFACE_SIDE_STYLE('',(#3129));
#3023=SURFACE_SIDE_STYLE('',(#3130));
#3024=SURFACE_SIDE_STYLE('',(#3131));
#3025=SURFACE_SIDE_STYLE('',(#3132));
#3026=SURFACE_SIDE_STYLE('',(#3133));
#3027=SURFACE_SIDE_STYLE('',(#3134));
#3028=SURFACE_SIDE_STYLE('',(#3135));
#3029=SURFACE_SIDE_STYLE('',(#3136));
#3030=SURFACE_SIDE_STYLE('',(#3137));
#3031=SURFACE_SIDE_STYLE('',(#3138));
#3032=SURFACE_SIDE_STYLE('',(#3139));
#3033=SURFACE_SIDE_STYLE('',(#3140));
#3034=SURFACE_SIDE_STYLE('',(#3141));
#3035=SURFACE_SIDE_STYLE('',(#3142));
#3036=SURFACE_SIDE_STYLE('',(#3143));
#3037=SURFACE_SIDE_STYLE('',(#3144));
#3038=SURFACE_SIDE_STYLE('',(#3145));
#3039=SURFACE_SIDE_STYLE('',(#3146));
#3040=SURFACE_SIDE_STYLE('',(#3147));
#3041=SURFACE_SIDE_STYLE('',(#3148));
#3042=SURFACE_SIDE_STYLE('',(#3149));
#3043=SURFACE_SIDE_STYLE('',(#3150));
#3044=SURFACE_SIDE_STYLE('',(#3151));
#3045=SURFACE_SIDE_STYLE('',(#3152));
#3046=SURFACE_SIDE_STYLE('',(#3153));
#3047=SURFACE_SIDE_STYLE('',(#3154));
#3048=SURFACE_SIDE_STYLE('',(#3155));
#3049=SURFACE_SIDE_STYLE('',(#3156));
#3050=SURFACE_SIDE_STYLE('',(#3157));
#3051=SURFACE_SIDE_STYLE('',(#3158));
#3052=SURFACE_SIDE_STYLE('',(#3159));
#3053=SURFACE_SIDE_STYLE('',(#3160));
#3054=SURFACE_SIDE_STYLE('',(#3161));
#3055=SURFACE_SIDE_STYLE('',(#3162));
#3056=SURFACE_SIDE_STYLE('',(#3163));
#3057=SURFACE_SIDE_STYLE('',(#3164));
#3058=SURFACE_SIDE_STYLE('',(#3165));
#3059=SURFACE_SIDE_STYLE('',(#3166));
#3060=SURFACE_SIDE_STYLE('',(#3167));
#3061=SURFACE_SIDE_STYLE('',(#3168));
#3062=SURFACE_SIDE_STYLE('',(#3169));
#3063=SURFACE_SIDE_STYLE('',(#3170));
#3064=SURFACE_SIDE_STYLE('',(#3171));
#3065=SURFACE_SIDE_STYLE('',(#3172));
#3066=SURFACE_SIDE_STYLE('',(#3173));
#3067=SURFACE_SIDE_STYLE('',(#3174));
#3068=SURFACE_SIDE_STYLE('',(#3175));
#3069=SURFACE_SIDE_STYLE('',(#3176));
#3070=SURFACE_SIDE_STYLE('',(#3177));
#3071=SURFACE_SIDE_STYLE('',(#3178));
#3072=SURFACE_SIDE_STYLE('',(#3179));
#3073=SURFACE_SIDE_STYLE('',(#3180));
#3074=SURFACE_SIDE_STYLE('',(#3181));
#3075=SURFACE_SIDE_STYLE('',(#3182));
#3076=SURFACE_SIDE_STYLE('',(#3183));
#3077=SURFACE_SIDE_STYLE('',(#3184));
#3078=SURFACE_SIDE_STYLE('',(#3185));
#3079=SURFACE_SIDE_STYLE('',(#3186));
#3080=SURFACE_SIDE_STYLE('',(#3187));
#3081=SURFACE_SIDE_STYLE('',(#3188));
#3082=SURFACE_SIDE_STYLE('',(#3189));
#3083=SURFACE_SIDE_STYLE('',(#3190));
#3084=SURFACE_SIDE_STYLE('',(#3191));
#3085=SURFACE_SIDE_STYLE('',(#3192));
#3086=SURFACE_SIDE_STYLE('',(#3193));
#3087=SURFACE_STYLE_FILL_AREA(#3194);
#3088=SURFACE_STYLE_FILL_AREA(#3195);
#3089=SURFACE_STYLE_FILL_AREA(#3196);
#3090=SURFACE_STYLE_FILL_AREA(#3197);
#3091=SURFACE_STYLE_FILL_AREA(#3198);
#3092=SURFACE_STYLE_FILL_AREA(#3199);
#3093=SURFACE_STYLE_FILL_AREA(#3200);
#3094=SURFACE_STYLE_FILL_AREA(#3201);
#3095=SURFACE_STYLE_FILL_AREA(#3202);
#3096=SURFACE_STYLE_FILL_AREA(#3203);
#3097=SURFACE_STYLE_FILL_AREA(#3204);
#3098=SURFACE_STYLE_FILL_AREA(#3205);
#3099=SURFACE_STYLE_FILL_AREA(#3206);
#3100=SURFACE_STYLE_FILL_AREA(#3207);
#3101=SURFACE_STYLE_FILL_AREA(#3208);
#3102=SURFACE_STYLE_FILL_AREA(#3209);
#3103=SURFACE_STYLE_FILL_AREA(#3210);
#3104=SURFACE_STYLE_FILL_AREA(#3211);
#3105=SURFACE_STYLE_FILL_AREA(#3212);
#3106=SURFACE_STYLE_FILL_AREA(#3213);
#3107=SURFACE_STYLE_FILL_AREA(#3214);
#3108=SURFACE_STYLE_FILL_AREA(#3215);
#3109=SURFACE_STYLE_FILL_AREA(#3216);
#3110=SURFACE_STYLE_FILL_AREA(#3217);
#3111=SURFACE_STYLE_FILL_AREA(#3218);
#3112=SURFACE_STYLE_FILL_AREA(#3219);
#3113=SURFACE_STYLE_FILL_AREA(#3220);
#3114=SURFACE_STYLE_FILL_AREA(#3221);
#3115=SURFACE_STYLE_FILL_AREA(#3222);
#3116=SURFACE_STYLE_FILL_AREA(#3223);
#3117=SURFACE_STYLE_FILL_AREA(#3224);
#3118=SURFACE_STYLE_FILL_AREA(#3225);
#3119=SURFACE_STYLE_FILL_AREA(#3226);
#3120=SURFACE_STYLE_FILL_AREA(#3227);
#3121=SURFACE_STYLE_FILL_AREA(#3228);
#3122=SURFACE_STYLE_FILL_AREA(#3229);
#3123=SURFACE_STYLE_FILL_AREA(#3230);
#3124=SURFACE_STYLE_FILL_AREA(#3231);
#3125=SURFACE_STYLE_FILL_AREA(#3232);
#3126=SURFACE_STYLE_FILL_AREA(#3233);
#3127=SURFACE_STYLE_FILL_AREA(#3234);
#3128=SURFACE_STYLE_FILL_AREA(#3235);
#3129=SURFACE_STYLE_FILL_AREA(#3236);
#3130=SURFACE_STYLE_FILL_AREA(#3237);
#3131=SURFACE_STYLE_FILL_AREA(#3238);
#3132=SURFACE_STYLE_FILL_AREA(#3239);
#3133=SURFACE_STYLE_FILL_AREA(#3240);
#3134=SURFACE_STYLE_FILL_AREA(#3241);
#3135=SURFACE_STYLE_FILL_AREA(#3242);
#3136=SURFACE_STYLE_FILL_AREA(#3243);
#3137=SURFACE_STYLE_FILL_AREA(#3244);
#3138=SURFACE_STYLE_FILL_AREA(#3245);
#3139=SURFACE_STYLE_FILL_AREA(#3246);
#3140=SURFACE_STYLE_FILL_AREA(#3247);
#3141=SURFACE_STYLE_FILL_AREA(#3248);
#3142=SURFACE_STYLE_FILL_AREA(#3249);
#3143=SURFACE_STYLE_FILL_AREA(#3250);
#3144=SURFACE_STYLE_FILL_AREA(#3251);
#3145=SURFACE_STYLE_FILL_AREA(#3252);
#3146=SURFACE_STYLE_FILL_AREA(#3253);
#3147=SURFACE_STYLE_FILL_AREA(#3254);
#3148=SURFACE_STYLE_FILL_AREA(#3255);
#3149=SURFACE_STYLE_FILL_AREA(#3256);
#3150=SURFACE_STYLE_FILL_AREA(#3257);
#3151=SURFACE_STYLE_FILL_AREA(#3258);
#3152=SURFACE_STYLE_FILL_AREA(#3259);
#3153=SURFACE_STYLE_FILL_AREA(#3260);
#3154=SURFACE_STYLE_FILL_AREA(#3261);
#3155=SURFACE_STYLE_FILL_AREA(#3262);
#3156=SURFACE_STYLE_FILL_AREA(#3263);
#3157=SURFACE_STYLE_FILL_AREA(#3264);
#3158=SURFACE_STYLE_FILL_AREA(#3265);
#3159=SURFACE_STYLE_FILL_AREA(#3266);
#3160=SURFACE_STYLE_FILL_AREA(#3267);
#3161=SURFACE_STYLE_FILL_AREA(#3268);
#3162=SURFACE_STYLE_FILL_AREA(#3269);
#3163=SURFACE_STYLE_FILL_AREA(#3270);
#3164=SURFACE_STYLE_FILL_AREA(#3271);
#3165=SURFACE_STYLE_FILL_AREA(#3272);
#3166=SURFACE_STYLE_FILL_AREA(#3273);
#3167=SURFACE_STYLE_FILL_AREA(#3274);
#3168=SURFACE_STYLE_FILL_AREA(#3275);
#3169=SURFACE_STYLE_FILL_AREA(#3276);
#3170=SURFACE_STYLE_FILL_AREA(#3277);
#3171=SURFACE_STYLE_FILL_AREA(#3278);
#3172=SURFACE_STYLE_FILL_AREA(#3279);
#3173=SURFACE_STYLE_FILL_AREA(#3280);
#3174=SURFACE_STYLE_FILL_AREA(#3281);
#3175=SURFACE_STYLE_FILL_AREA(#3282);
#3176=SURFACE_STYLE_FILL_AREA(#3283);
#3177=SURFACE_STYLE_FILL_AREA(#3284);
#3178=SURFACE_STYLE_FILL_AREA(#3285);
#3179=SURFACE_STYLE_FILL_AREA(#3286);
#3180=SURFACE_STYLE_FILL_AREA(#3287);
#3181=SURFACE_STYLE_FILL_AREA(#3288);
#3182=SURFACE_STYLE_FILL_AREA(#3289);
#3183=SURFACE_STYLE_FILL_AREA(#3290);
#3184=SURFACE_STYLE_FILL_AREA(#3291);
#3185=SURFACE_STYLE_FILL_AREA(#3292);
#3186=SURFACE_STYLE_FILL_AREA(#3293);
#3187=SURFACE_STYLE_FILL_AREA(#3294);
#3188=SURFACE_STYLE_FILL_AREA(#3295);
#3189=SURFACE_STYLE_FILL_AREA(#3296);
#3190=SURFACE_STYLE_FILL_AREA(#3297);
#3191=SURFACE_STYLE_FILL_AREA(#3298);
#3192=SURFACE_STYLE_FILL_AREA(#3299);
#3193=SURFACE_STYLE_FILL_AREA(#3300);
#3194=FILL_AREA_STYLE('',(#3301));
#3195=FILL_AREA_STYLE('',(#3302));
#3196=FILL_AREA_STYLE('',(#3303));
#3197=FILL_AREA_STYLE('',(#3304));
#3198=FILL_AREA_STYLE('',(#3305));
#3199=FILL_AREA_STYLE('',(#3306));
#3200=FILL_AREA_STYLE('',(#3307));
#3201=FILL_AREA_STYLE('',(#3308));
#3202=FILL_AREA_STYLE('',(#3309));
#3203=FILL_AREA_STYLE('',(#3310));
#3204=FILL_AREA_STYLE('',(#3311));
#3205=FILL_AREA_STYLE('',(#3312));
#3206=FILL_AREA_STYLE('',(#3313));
#3207=FILL_AREA_STYLE('',(#3314));
#3208=FILL_AREA_STYLE('',(#3315));
#3209=FILL_AREA_STYLE('',(#3316));
#3210=FILL_AREA_STYLE('',(#3317));
#3211=FILL_AREA_STYLE('',(#3318));
#3212=FILL_AREA_STYLE('',(#3319));
#3213=FILL_AREA_STYLE('',(#3320));
#3214=FILL_AREA_STYLE('',(#3321));
#3215=FILL_AREA_STYLE('',(#3322));
#3216=FILL_AREA_STYLE('',(#3323));
#3217=FILL_AREA_STYLE('',(#3324));
#3218=FILL_AREA_STYLE('',(#3325));
#3219=FILL_AREA_STYLE('',(#3326));
#3220=FILL_AREA_STYLE('',(#3327));
#3221=FILL_AREA_STYLE('',(#3328));
#3222=FILL_AREA_STYLE('',(#3329));
#3223=FILL_AREA_STYLE('',(#3330));
#3224=FILL_AREA_STYLE('',(#3331));
#3225=FILL_AREA_STYLE('',(#3332));
#3226=FILL_AREA_STYLE('',(#3333));
#3227=FILL_AREA_STYLE('',(#3334));
#3228=FILL_AREA_STYLE('',(#3335));
#3229=FILL_AREA_STYLE('',(#3336));
#3230=FILL_AREA_STYLE('',(#3337));
#3231=FILL_AREA_STYLE('',(#3338));
#3232=FILL_AREA_STYLE('',(#3339));
#3233=FILL_AREA_STYLE('',(#3340));
#3234=FILL_AREA_STYLE('',(#3341));
#3235=FILL_AREA_STYLE('',(#3342));
#3236=FILL_AREA_STYLE('',(#3343));
#3237=FILL_AREA_STYLE('',(#3344));
#3238=FILL_AREA_STYLE('',(#3345));
#3239=FILL_AREA_STYLE('',(#3346));
#3240=FILL_AREA_STYLE('',(#3347));
#3241=FILL_AREA_STYLE('',(#3348));
#3242=FILL_AREA_STYLE('',(#3349));
#3243=FILL_AREA_STYLE('',(#3350));
#3244=FILL_AREA_STYLE('',(#3351));
#3245=FILL_AREA_STYLE('',(#3352));
#3246=FILL_AREA_STYLE('',(#3353));
#3247=FILL_AREA_STYLE('',(#3354));
#3248=FILL_AREA_STYLE('',(#3355));
#3249=FILL_AREA_STYLE('',(#3356));
#3250=FILL_AREA_STYLE('',(#3357));
#3251=FILL_AREA_STYLE('',(#3358));
#3252=FILL_AREA_STYLE('',(#3359));
#3253=FILL_AREA_STYLE('',(#3360));
#3254=FILL_AREA_STYLE('',(#3361));
#3255=FILL_AREA_STYLE('',(#3362));
#3256=FILL_AREA_STYLE('',(#3363));
#3257=FILL_AREA_STYLE('',(#3364));
#3258=FILL_AREA_STYLE('',(#3365));
#3259=FILL_AREA_STYLE('',(#3366));
#3260=FILL_AREA_STYLE('',(#3367));
#3261=FILL_AREA_STYLE('',(#3368));
#3262=FILL_AREA_STYLE('',(#3369));
#3263=FILL_AREA_STYLE('',(#3370));
#3264=FILL_AREA_STYLE('',(#3371));
#3265=FILL_AREA_STYLE('',(#3372));
#3266=FILL_AREA_STYLE('',(#3373));
#3267=FILL_AREA_STYLE('',(#3374));
#3268=FILL_AREA_STYLE('',(#3375));
#3269=FILL_AREA_STYLE('',(#3376));
#3270=FILL_AREA_STYLE('',(#3377));
#3271=FILL_AREA_STYLE('',(#3378));
#3272=FILL_AREA_STYLE('',(#3379));
#3273=FILL_AREA_STYLE('',(#3380));
#3274=FILL_AREA_STYLE('',(#3381));
#3275=FILL_AREA_STYLE('',(#3382));
#3276=FILL_AREA_STYLE('',(#3383));
#3277=FILL_AREA_STYLE('',(#3384));
#3278=FILL_AREA_STYLE('',(#3385));
#3279=FILL_AREA_STYLE('',(#3386));
#3280=FILL_AREA_STYLE('',(#3387));
#3281=FILL_AREA_STYLE('',(#3388));
#3282=FILL_AREA_STYLE('',(#3389));
#3283=FILL_AREA_STYLE('',(#3390));
#3284=FILL_AREA_STYLE('',(#3391));
#3285=FILL_AREA_STYLE('',(#3392));
#3286=FILL_AREA_STYLE('',(#3393));
#3287=FILL_AREA_STYLE('',(#3394));
#3288=FILL_AREA_STYLE('',(#3395));
#3289=FILL_AREA_STYLE('',(#3396));
#3290=FILL_AREA_STYLE('',(#3397));
#3291=FILL_AREA_STYLE('',(#3398));
#3292=FILL_AREA_STYLE('',(#3399));
#3293=FILL_AREA_STYLE('',(#3400));
#3294=FILL_AREA_STYLE('',(#3401));
#3295=FILL_AREA_STYLE('',(#3402));
#3296=FILL_AREA_STYLE('',(#3403));
#3297=FILL_AREA_STYLE('',(#3404));
#3298=FILL_AREA_STYLE('',(#3405));
#3299=FILL_AREA_STYLE('',(#3406));
#3300=FILL_AREA_STYLE('',(#3407));
#3301=FILL_AREA_STYLE_COLOUR('',#3408);
#3302=FILL_AREA_STYLE_COLOUR('',#3409);
#3303=FILL_AREA_STYLE_COLOUR('',#3409);
#3304=FILL_AREA_STYLE_COLOUR('',#3409);
#3305=FILL_AREA_STYLE_COLOUR('',#3409);
#3306=FILL_AREA_STYLE_COLOUR('',#3409);
#3307=FILL_AREA_STYLE_COLOUR('',#3409);
#3308=FILL_AREA_STYLE_COLOUR('',#3409);
#3309=FILL_AREA_STYLE_COLOUR('',#3409);
#3310=FILL_AREA_STYLE_COLOUR('',#3409);
#3311=FILL_AREA_STYLE_COLOUR('',#3409);
#3312=FILL_AREA_STYLE_COLOUR('',#3409);
#3313=FILL_AREA_STYLE_COLOUR('',#3409);
#3314=FILL_AREA_STYLE_COLOUR('',#3409);
#3315=FILL_AREA_STYLE_COLOUR('',#3409);
#3316=FILL_AREA_STYLE_COLOUR('',#3409);
#3317=FILL_AREA_STYLE_COLOUR('',#3409);
#3318=FILL_AREA_STYLE_COLOUR('',#3409);
#3319=FILL_AREA_STYLE_COLOUR('',#3409);
#3320=FILL_AREA_STYLE_COLOUR('',#3409);
#3321=FILL_AREA_STYLE_COLOUR('',#3409);
#3322=FILL_AREA_STYLE_COLOUR('',#3409);
#3323=FILL_AREA_STYLE_COLOUR('',#3409);
#3324=FILL_AREA_STYLE_COLOUR('',#3409);
#3325=FILL_AREA_STYLE_COLOUR('',#3409);
#3326=FILL_AREA_STYLE_COLOUR('',#3409);
#3327=FILL_AREA_STYLE_COLOUR('',#3409);
#3328=FILL_AREA_STYLE_COLOUR('',#3409);
#3329=FILL_AREA_STYLE_COLOUR('',#3409);
#3330=FILL_AREA_STYLE_COLOUR('',#3409);
#3331=FILL_AREA_STYLE_COLOUR('',#3409);
#3332=FILL_AREA_STYLE_COLOUR('',#3409);
#3333=FILL_AREA_STYLE_COLOUR('',#3409);
#3334=FILL_AREA_STYLE_COLOUR('',#3409);
#3335=FILL_AREA_STYLE_COLOUR('',#3409);
#3336=FILL_AREA_STYLE_COLOUR('',#3409);
#3337=FILL_AREA_STYLE_COLOUR('',#3409);
#3338=FILL_AREA_STYLE_COLOUR('',#3409);
#3339=FILL_AREA_STYLE_COLOUR('',#3409);
#3340=FILL_AREA_STYLE_COLOUR('',#3409);
#3341=FILL_AREA_STYLE_COLOUR('',#3409);
#3342=FILL_AREA_STYLE_COLOUR('',#3409);
#3343=FILL_AREA_STYLE_COLOUR('',#3409);
#3344=FILL_AREA_STYLE_COLOUR('',#3409);
#3345=FILL_AREA_STYLE_COLOUR('',#3409);
#3346=FILL_AREA_STYLE_COLOUR('',#3409);
#3347=FILL_AREA_STYLE_COLOUR('',#3409);
#3348=FILL_AREA_STYLE_COLOUR('',#3409);
#3349=FILL_AREA_STYLE_COLOUR('',#3409);
#3350=FILL_AREA_STYLE_COLOUR('',#3409);
#3351=FILL_AREA_STYLE_COLOUR('',#3409);
#3352=FILL_AREA_STYLE_COLOUR('',#3409);
#3353=FILL_AREA_STYLE_COLOUR('',#3409);
#3354=FILL_AREA_STYLE_COLOUR('',#3409);
#3355=FILL_AREA_STYLE_COLOUR('',#3409);
#3356=FILL_AREA_STYLE_COLOUR('',#3409);
#3357=FILL_AREA_STYLE_COLOUR('',#3409);
#3358=FILL_AREA_STYLE_COLOUR('',#3409);
#3359=FILL_AREA_STYLE_COLOUR('',#3409);
#3360=FILL_AREA_STYLE_COLOUR('',#3409);
#3361=FILL_AREA_STYLE_COLOUR('',#3409);
#3362=FILL_AREA_STYLE_COLOUR('',#3409);
#3363=FILL_AREA_STYLE_COLOUR('',#3409);
#3364=FILL_AREA_STYLE_COLOUR('',#3409);
#3365=FILL_AREA_STYLE_COLOUR('',#3409);
#3366=FILL_AREA_STYLE_COLOUR('',#3409);
#3367=FILL_AREA_STYLE_COLOUR('',#3409);
#3368=FILL_AREA_STYLE_COLOUR('',#3409);
#3369=FILL_AREA_STYLE_COLOUR('',#3409);
#3370=FILL_AREA_STYLE_COLOUR('',#3409);
#3371=FILL_AREA_STYLE_COLOUR('',#3409);
#3372=FILL_AREA_STYLE_COLOUR('',#3409);
#3373=FILL_AREA_STYLE_COLOUR('',#3409);
#3374=FILL_AREA_STYLE_COLOUR('',#3410);
#3375=FILL_AREA_STYLE_COLOUR('',#3410);
#3376=FILL_AREA_STYLE_COLOUR('',#3410);
#3377=FILL_AREA_STYLE_COLOUR('',#3410);
#3378=FILL_AREA_STYLE_COLOUR('',#3411);
#3379=FILL_AREA_STYLE_COLOUR('',#3411);
#3380=FILL_AREA_STYLE_COLOUR('',#3411);
#3381=FILL_AREA_STYLE_COLOUR('',#3411);
#3382=FILL_AREA_STYLE_COLOUR('',#3411);
#3383=FILL_AREA_STYLE_COLOUR('',#3411);
#3384=FILL_AREA_STYLE_COLOUR('',#3411);
#3385=FILL_AREA_STYLE_COLOUR('',#3410);
#3386=FILL_AREA_STYLE_COLOUR('',#3410);
#3387=FILL_AREA_STYLE_COLOUR('',#3410);
#3388=FILL_AREA_STYLE_COLOUR('',#3410);
#3389=FILL_AREA_STYLE_COLOUR('',#3410);
#3390=FILL_AREA_STYLE_COLOUR('',#3410);
#3391=FILL_AREA_STYLE_COLOUR('',#3410);
#3392=FILL_AREA_STYLE_COLOUR('',#3410);
#3393=FILL_AREA_STYLE_COLOUR('',#3410);
#3394=FILL_AREA_STYLE_COLOUR('',#3410);
#3395=FILL_AREA_STYLE_COLOUR('',#3410);
#3396=FILL_AREA_STYLE_COLOUR('',#3410);
#3397=FILL_AREA_STYLE_COLOUR('',#3410);
#3398=FILL_AREA_STYLE_COLOUR('',#3410);
#3399=FILL_AREA_STYLE_COLOUR('',#3410);
#3400=FILL_AREA_STYLE_COLOUR('',#3410);
#3401=FILL_AREA_STYLE_COLOUR('',#3410);
#3402=FILL_AREA_STYLE_COLOUR('',#3410);
#3403=FILL_AREA_STYLE_COLOUR('',#3410);
#3404=FILL_AREA_STYLE_COLOUR('',#3410);
#3405=FILL_AREA_STYLE_COLOUR('',#3411);
#3406=FILL_AREA_STYLE_COLOUR('',#3411);
#3407=FILL_AREA_STYLE_COLOUR('',#3410);
#3408=COLOUR_RGB('',0.109803921568627,0.109803921568627,0.109803921568627);
#3409=COLOUR_RGB('',1.,0.811764705882353,0.501960784313726);
#3410=COLOUR_RGB('',0.627450980392157,0.627450980392157,0.627450980392157);
#3411=COLOUR_RGB('',0.850980392156863,0.850980392156863,0.850980392156863);
#3412=MANIFOLD_SOLID_BREP('\X2\041404350442\X0\5',#2764);
#3413=SHAPE_DEFINITION_REPRESENTATION(#5217,#3414);
#3414=SHAPE_REPRESENTATION('???5',(#3415),#5212);
#3415=AXIS2_PLACEMENT_3D('',#4271,#3595,#3596);
#3416=AXIS2_PLACEMENT_3D('',#4284,#3597,#3598);
#3417=AXIS2_PLACEMENT_3D('',#4292,#3599,#3600);
#3418=AXIS2_PLACEMENT_3D('',#4319,#3601,#3602);
#3419=AXIS2_PLACEMENT_3D('',#4330,#3603,#3604);
#3420=AXIS2_PLACEMENT_3D('',#4331,#3605,#3606);
#3421=AXIS2_PLACEMENT_3D('',#4334,#3607,#3608);
#3422=AXIS2_PLACEMENT_3D('',#4335,#3609,#3610);
#3423=AXIS2_PLACEMENT_3D('',#4348,#3611,#3612);
#3424=AXIS2_PLACEMENT_3D('',#4374,#3613,#3614);
#3425=AXIS2_PLACEMENT_3D('',#4406,#3615,#3616);
#3426=AXIS2_PLACEMENT_3D('',#4429,#3617,#3618);
#3427=AXIS2_PLACEMENT_3D('',#4443,#3619,#3620);
#3428=AXIS2_PLACEMENT_3D('',#4444,#3621,#3622);
#3429=AXIS2_PLACEMENT_3D('',#4449,#3624,#3625);
#3430=AXIS2_PLACEMENT_3D('',#4452,#3627,#3628);
#3431=AXIS2_PLACEMENT_3D('',#4453,#3629,#3630);
#3432=AXIS2_PLACEMENT_3D('',#4458,#3632,#3633);
#3433=AXIS2_PLACEMENT_3D('',#4461,#3635,#3636);
#3434=AXIS2_PLACEMENT_3D('',#4462,#3637,#3638);
#3435=AXIS2_PLACEMENT_3D('',#4463,#3639,#3640);
#3436=AXIS2_PLACEMENT_3D('',#4464,#3641,#3642);
#3437=AXIS2_PLACEMENT_3D('',#4467,#3644,#3645);
#3438=AXIS2_PLACEMENT_3D('',#4471,#3647,#3648);
#3439=AXIS2_PLACEMENT_3D('',#4472,#3649,#3650);
#3440=AXIS2_PLACEMENT_3D('',#4473,#3651,#3652);
#3441=AXIS2_PLACEMENT_3D('',#4477,#3654,#3655);
#3442=AXIS2_PLACEMENT_3D('',#4496,#3657,#3658);
#3443=AXIS2_PLACEMENT_3D('',#4524,#3659,#3660);
#3444=AXIS2_PLACEMENT_3D('',#4536,#3661,#3662);
#3445=AXIS2_PLACEMENT_3D('',#4539,#3664,#3665);
#3446=AXIS2_PLACEMENT_3D('',#4542,#3667,#3668);
#3447=AXIS2_PLACEMENT_3D('',#4547,#3671,#3672);
#3448=AXIS2_PLACEMENT_3D('',#4548,#3673,#3674);
#3449=AXIS2_PLACEMENT_3D('',#4549,#3675,#3676);
#3450=AXIS2_PLACEMENT_3D('',#4550,#3677,#3678);
#3451=AXIS2_PLACEMENT_3D('',#4551,#3679,#3680);
#3452=AXIS2_PLACEMENT_3D('',#4552,#3681,#3682);
#3453=AXIS2_PLACEMENT_3D('',#4554,#3683,#3684);
#3454=AXIS2_PLACEMENT_3D('',#4556,#3685,#3686);
#3455=AXIS2_PLACEMENT_3D('',#4557,#3687,#3688);
#3456=AXIS2_PLACEMENT_3D('',#4558,#3689,#3690);
#3457=AXIS2_PLACEMENT_3D('',#4559,#3691,#3692);
#3458=AXIS2_PLACEMENT_3D('',#4562,#3695,#3696);
#3459=AXIS2_PLACEMENT_3D('',#4565,#3699,#3700);
#3460=AXIS2_PLACEMENT_3D('',#4566,#3701,#3702);
#3461=AXIS2_PLACEMENT_3D('',#4567,#3703,#3704);
#3462=AXIS2_PLACEMENT_3D('',#4572,#3706,#3707);
#3463=AXIS2_PLACEMENT_3D('',#4575,#3709,#3710);
#3464=AXIS2_PLACEMENT_3D('',#4576,#3711,#3712);
#3465=AXIS2_PLACEMENT_3D('',#4660,#3754,#3755);
#3466=AXIS2_PLACEMENT_3D('',#4756,#3803,#3804);
#3467=AXIS2_PLACEMENT_3D('',#4769,#3811,#3812);
#3468=AXIS2_PLACEMENT_3D('',#4775,#3816,#3817);
#3469=AXIS2_PLACEMENT_3D('',#4779,#3820,#3821);
#3470=AXIS2_PLACEMENT_3D('',#4783,#3824,#3825);
#3471=AXIS2_PLACEMENT_3D('',#4789,#3829,#3830);
#3472=AXIS2_PLACEMENT_3D('',#4793,#3833,#3834);
#3473=AXIS2_PLACEMENT_3D('',#4797,#3837,#3838);
#3474=AXIS2_PLACEMENT_3D('',#4803,#3842,#3843);
#3475=AXIS2_PLACEMENT_3D('',#4807,#3846,#3847);
#3476=AXIS2_PLACEMENT_3D('',#4811,#3850,#3851);
#3477=AXIS2_PLACEMENT_3D('',#4817,#3855,#3856);
#3478=AXIS2_PLACEMENT_3D('',#4823,#3860,#3861);
#3479=AXIS2_PLACEMENT_3D('',#4825,#3863,#3864);
#3480=AXIS2_PLACEMENT_3D('',#4831,#3868,#3869);
#3481=AXIS2_PLACEMENT_3D('',#4835,#3872,#3873);
#3482=AXIS2_PLACEMENT_3D('',#4839,#3876,#3877);
#3483=AXIS2_PLACEMENT_3D('',#4845,#3881,#3882);
#3484=AXIS2_PLACEMENT_3D('',#4851,#3886,#3887);
#3485=AXIS2_PLACEMENT_3D('',#4853,#3889,#3890);
#3486=AXIS2_PLACEMENT_3D('',#4859,#3894,#3895);
#3487=AXIS2_PLACEMENT_3D('',#4863,#3898,#3899);
#3488=AXIS2_PLACEMENT_3D('',#4867,#3902,#3903);
#3489=AXIS2_PLACEMENT_3D('',#4873,#3907,#3908);
#3490=AXIS2_PLACEMENT_3D('',#4879,#3912,#3913);
#3491=AXIS2_PLACEMENT_3D('',#4881,#3915,#3916);
#3492=AXIS2_PLACEMENT_3D('',#4887,#3920,#3921);
#3493=AXIS2_PLACEMENT_3D('',#4891,#3924,#3925);
#3494=AXIS2_PLACEMENT_3D('',#4895,#3928,#3929);
#3495=AXIS2_PLACEMENT_3D('',#4901,#3933,#3934);
#3496=AXIS2_PLACEMENT_3D('',#4907,#3938,#3939);
#3497=AXIS2_PLACEMENT_3D('',#4909,#3941,#3942);
#3498=AXIS2_PLACEMENT_3D('',#4915,#3946,#3947);
#3499=AXIS2_PLACEMENT_3D('',#4919,#3950,#3951);
#3500=AXIS2_PLACEMENT_3D('',#4923,#3954,#3955);
#3501=AXIS2_PLACEMENT_3D('',#4929,#3959,#3960);
#3502=AXIS2_PLACEMENT_3D('',#4935,#3964,#3965);
#3503=AXIS2_PLACEMENT_3D('',#4937,#3967,#3968);
#3504=AXIS2_PLACEMENT_3D('',#4943,#3972,#3973);
#3505=AXIS2_PLACEMENT_3D('',#4947,#3976,#3977);
#3506=AXIS2_PLACEMENT_3D('',#4951,#3980,#3981);
#3507=AXIS2_PLACEMENT_3D('',#4957,#3985,#3986);
#3508=AXIS2_PLACEMENT_3D('',#4963,#3990,#3991);
#3509=AXIS2_PLACEMENT_3D('',#4965,#3993,#3994);
#3510=AXIS2_PLACEMENT_3D('',#4971,#3998,#3999);
#3511=AXIS2_PLACEMENT_3D('',#4975,#4002,#4003);
#3512=AXIS2_PLACEMENT_3D('',#4979,#4006,#4007);
#3513=AXIS2_PLACEMENT_3D('',#4985,#4011,#4012);
#3514=AXIS2_PLACEMENT_3D('',#4991,#4016,#4017);
#3515=AXIS2_PLACEMENT_3D('',#4993,#4019,#4020);
#3516=AXIS2_PLACEMENT_3D('',#4999,#4024,#4025);
#3517=AXIS2_PLACEMENT_3D('',#5003,#4028,#4029);
#3518=AXIS2_PLACEMENT_3D('',#5007,#4032,#4033);
#3519=AXIS2_PLACEMENT_3D('',#5013,#4037,#4038);
#3520=AXIS2_PLACEMENT_3D('',#5019,#4042,#4043);
#3521=AXIS2_PLACEMENT_3D('',#5021,#4045,#4046);
#3522=AXIS2_PLACEMENT_3D('',#5027,#4050,#4051);
#3523=AXIS2_PLACEMENT_3D('',#5031,#4054,#4055);
#3524=AXIS2_PLACEMENT_3D('',#5035,#4058,#4059);
#3525=AXIS2_PLACEMENT_3D('',#5041,#4063,#4064);
#3526=AXIS2_PLACEMENT_3D('',#5047,#4068,#4069);
#3527=AXIS2_PLACEMENT_3D('',#5049,#4071,#4072);
#3528=AXIS2_PLACEMENT_3D('',#5055,#4076,#4077);
#3529=AXIS2_PLACEMENT_3D('',#5059,#4080,#4081);
#3530=AXIS2_PLACEMENT_3D('',#5063,#4084,#4085);
#3531=AXIS2_PLACEMENT_3D('',#5069,#4089,#4090);
#3532=AXIS2_PLACEMENT_3D('',#5075,#4094,#4095);
#3533=AXIS2_PLACEMENT_3D('',#5077,#4097,#4098);
#3534=AXIS2_PLACEMENT_3D('',#5083,#4102,#4103);
#3535=AXIS2_PLACEMENT_3D('',#5087,#4106,#4107);
#3536=AXIS2_PLACEMENT_3D('',#5091,#4110,#4111);
#3537=AXIS2_PLACEMENT_3D('',#5097,#4115,#4116);
#3538=AXIS2_PLACEMENT_3D('',#5103,#4120,#4121);
#3539=AXIS2_PLACEMENT_3D('',#5105,#4123,#4124);
#3540=AXIS2_PLACEMENT_3D('',#5109,#4126,#4127);
#3541=AXIS2_PLACEMENT_3D('',#5113,#4129,#4130);
#3542=AXIS2_PLACEMENT_3D('',#5125,#4142,#4143);
#3543=AXIS2_PLACEMENT_3D('',#5137,#4155,#4156);
#3544=AXIS2_PLACEMENT_3D('',#5138,#4157,#4158);
#3545=AXIS2_PLACEMENT_3D('',#5139,#4159,#4160);
#3546=AXIS2_PLACEMENT_3D('',#5140,#4161,#4162);
#3547=AXIS2_PLACEMENT_3D('',#5141,#4163,#4164);
#3548=AXIS2_PLACEMENT_3D('',#5147,#4168,#4169);
#3549=AXIS2_PLACEMENT_3D('',#5150,#4171,#4172);
#3550=AXIS2_PLACEMENT_3D('',#5151,#4173,#4174);
#3551=AXIS2_PLACEMENT_3D('',#5155,#4177,#4178);
#3552=AXIS2_PLACEMENT_3D('',#5161,#4182,#4183);
#3553=AXIS2_PLACEMENT_3D('',#5167,#4187,#4188);
#3554=AXIS2_PLACEMENT_3D('',#5168,#4189,#4190);
#3555=AXIS2_PLACEMENT_3D('',#5169,#4191,#4192);
#3556=AXIS2_PLACEMENT_3D('',#5170,#4193,#4194);
#3557=AXIS2_PLACEMENT_3D('',#5171,#4195,#4196);
#3558=AXIS2_PLACEMENT_3D('',#5172,#4197,#4198);
#3559=AXIS2_PLACEMENT_3D('',#5173,#4199,#4200);
#3560=AXIS2_PLACEMENT_3D('',#5174,#4201,#4202);
#3561=AXIS2_PLACEMENT_3D('',#5175,#4203,#4204);
#3562=AXIS2_PLACEMENT_3D('',#5176,#4205,#4206);
#3563=AXIS2_PLACEMENT_3D('',#5177,#4207,#4208);
#3564=AXIS2_PLACEMENT_3D('',#5178,#4209,#4210);
#3565=AXIS2_PLACEMENT_3D('',#5179,#4211,#4212);
#3566=AXIS2_PLACEMENT_3D('',#5180,#4213,#4214);
#3567=AXIS2_PLACEMENT_3D('',#5181,#4215,#4216);
#3568=AXIS2_PLACEMENT_3D('',#5182,#4217,#4218);
#3569=AXIS2_PLACEMENT_3D('',#5183,#4219,#4220);
#3570=AXIS2_PLACEMENT_3D('',#5184,#4221,#4222);
#3571=AXIS2_PLACEMENT_3D('',#5185,#4223,#4224);
#3572=AXIS2_PLACEMENT_3D('',#5186,#4225,#4226);
#3573=AXIS2_PLACEMENT_3D('',#5187,#4227,#4228);
#3574=AXIS2_PLACEMENT_3D('',#5188,#4229,#4230);
#3575=AXIS2_PLACEMENT_3D('',#5189,#4231,#4232);
#3576=AXIS2_PLACEMENT_3D('',#5190,#4233,#4234);
#3577=AXIS2_PLACEMENT_3D('',#5191,#4235,#4236);
#3578=AXIS2_PLACEMENT_3D('',#5192,#4237,#4238);
#3579=AXIS2_PLACEMENT_3D('',#5193,#4239,#4240);
#3580=AXIS2_PLACEMENT_3D('',#5194,#4241,#4242);
#3581=AXIS2_PLACEMENT_3D('',#5195,#4243,#4244);
#3582=AXIS2_PLACEMENT_3D('',#5196,#4245,#4246);
#3583=AXIS2_PLACEMENT_3D('',#5197,#4247,#4248);
#3584=AXIS2_PLACEMENT_3D('',#5198,#4249,#4250);
#3585=AXIS2_PLACEMENT_3D('',#5199,#4251,#4252);
#3586=AXIS2_PLACEMENT_3D('',#5200,#4253,#4254);
#3587=AXIS2_PLACEMENT_3D('',#5201,#4255,#4256);
#3588=AXIS2_PLACEMENT_3D('',#5203,#4257,#4258);
#3589=AXIS2_PLACEMENT_3D('',#5204,#4259,#4260);
#3590=AXIS2_PLACEMENT_3D('',#5205,#4261,#4262);
#3591=AXIS2_PLACEMENT_3D('',#5206,#4263,#4264);
#3592=AXIS2_PLACEMENT_3D('',#5207,#4265,#4266);
#3593=AXIS2_PLACEMENT_3D('',#5208,#4267,#4268);
#3594=AXIS2_PLACEMENT_3D('',#5210,#4269,#4270);
#3595=DIRECTION('',(0.,0.,1.));
#3596=DIRECTION('',(1.,0.,0.));
#3597=DIRECTION('',(-0.887760061705826,-0.460306498802774,0.));
#3598=DIRECTION('',(0.460306498802774,-0.887760061705826,0.));
#3599=DIRECTION('',(0.971986718660066,0.202833169936962,0.11874562695847));
#3600=DIRECTION('',(-0.204278499940305,0.978912812492583,0.));
#3601=DIRECTION('',(0.971986718660121,-0.202833169936727,-0.118745626958423));
#3602=DIRECTION('',(0.204278499940067,0.978912812492633,0.));
#3603=DIRECTION('',(0.,0.,1.));
#3604=DIRECTION('',(1.,0.,0.));
#3605=DIRECTION('',(0.887760061705826,-0.460306498802773,3.56192244750033E-17));
#3606=DIRECTION('',(0.460306498802773,0.887760061705826,0.));
#3607=DIRECTION('',(0.,0.,1.));
#3608=DIRECTION('',(1.,0.,0.));
#3609=DIRECTION('',(0.,0.,-1.));
#3610=DIRECTION('',(1.,1.77635683940025E-15,0.));
#3611=DIRECTION('',(0.887760061705826,-0.460306498802773,0.));
#3612=DIRECTION('',(0.460306498802772,0.887760061705827,0.));
#3613=DIRECTION('',(0.971986718660457,-0.202833169937266,0.118745626954759));
#3614=DIRECTION('',(0.204278499940519,0.978912812492538,0.));
#3615=DIRECTION('',(0.971986718660068,0.202833169936954,-0.118745626958476));
#3616=DIRECTION('',(-0.204278499940297,0.978912812492585,0.));
#3617=DIRECTION('',(-0.887760061705826,-0.460306498802774,0.));
#3618=DIRECTION('',(0.460306498802774,-0.887760061705826,0.));
#3619=DIRECTION('',(-1.,0.,0.));
#3620=DIRECTION('',(0.,0.,1.));
#3621=DIRECTION('',(1.,0.,0.));
#3622=DIRECTION('',(0.,0.,-1.));
#3623=DIRECTION('',(-1.,0.,0.));
#3624=DIRECTION('',(1.,0.,0.));
#3625=DIRECTION('',(0.,0.,-1.));
#3626=DIRECTION('',(1.,0.,0.));
#3627=DIRECTION('',(1.,0.,0.));
#3628=DIRECTION('',(0.,0.,-1.));
#3629=DIRECTION('',(1.,0.,0.));
#3630=DIRECTION('',(0.,0.,-1.));
#3631=DIRECTION('',(-1.,0.,0.));
#3632=DIRECTION('',(1.,0.,0.));
#3633=DIRECTION('',(0.,0.,-1.));
#3634=DIRECTION('',(1.,0.,0.));
#3635=DIRECTION('',(0.,0.,1.));
#3636=DIRECTION('',(1.,0.,0.));
#3637=DIRECTION('',(0.,0.,-1.));
#3638=DIRECTION('',(1.,0.,0.));
#3639=DIRECTION('',(0.,0.,1.));
#3640=DIRECTION('',(1.,0.,0.));
#3641=DIRECTION('',(1.,0.,0.));
#3642=DIRECTION('',(0.,0.,-1.));
#3643=DIRECTION('',(1.,0.,0.));
#3644=DIRECTION('',(1.,0.,1.54769860121947E-13));
#3645=DIRECTION('',(-1.54769860122306E-13,1.19262238973405E-14,1.));
#3646=DIRECTION('',(-1.,0.,0.));
#3647=DIRECTION('',(1.,0.,0.));
#3648=DIRECTION('',(0.,0.,-1.));
#3649=DIRECTION('',(-1.,0.,0.));
#3650=DIRECTION('',(0.,0.,1.));
#3651=DIRECTION('',(1.,0.,0.));
#3652=DIRECTION('',(0.,0.,-1.));
#3653=DIRECTION('',(-1.,0.,0.));
#3654=DIRECTION('',(1.,0.,0.));
#3655=DIRECTION('',(0.,0.,-1.));
#3656=DIRECTION('',(1.,0.,0.));
#3657=DIRECTION('',(1.,0.,0.));
#3658=DIRECTION('',(0.,0.,-1.));
#3659=DIRECTION('',(1.,0.,0.));
#3660=DIRECTION('',(0.,0.,-1.));
#3661=DIRECTION('',(1.,0.,0.));
#3662=DIRECTION('',(0.,0.,-1.));
#3663=DIRECTION('',(1.,0.,0.));
#3664=DIRECTION('',(1.,0.,0.));
#3665=DIRECTION('',(0.,0.,-1.));
#3666=DIRECTION('',(-1.,0.,0.));
#3667=DIRECTION('',(-1.,0.,0.));
#3668=DIRECTION('',(0.,0.,1.));
#3669=DIRECTION('',(-1.,0.,0.));
#3670=DIRECTION('',(1.,0.,0.));
#3671=DIRECTION('',(1.,0.,0.));
#3672=DIRECTION('',(0.,0.,-1.));
#3673=DIRECTION('',(0.,0.,1.));
#3674=DIRECTION('',(1.,0.,0.));
#3675=DIRECTION('',(0.,0.,-1.));
#3676=DIRECTION('',(1.,0.,0.));
#3677=DIRECTION('',(0.,0.,1.));
#3678=DIRECTION('',(1.,0.,0.));
#3679=DIRECTION('',(0.,0.,-1.));
#3680=DIRECTION('',(-1.,0.,0.));
#3681=DIRECTION('',(0.,0.,-1.));
#3682=DIRECTION('',(-1.,0.,0.));
#3683=DIRECTION('',(0.,0.,-1.));
#3684=DIRECTION('',(-1.,0.,0.));
#3685=DIRECTION('',(0.,0.,1.));
#3686=DIRECTION('',(1.,0.,0.));
#3687=DIRECTION('',(0.,0.,1.));
#3688=DIRECTION('',(1.,0.,0.));
#3689=DIRECTION('',(0.,0.,-1.));
#3690=DIRECTION('',(1.,0.,0.));
#3691=DIRECTION('',(0.,-1.,0.));
#3692=DIRECTION('',(0.,0.,-1.));
#3693=DIRECTION('',(0.,0.,1.));
#3694=DIRECTION('',(0.,0.,1.));
#3695=DIRECTION('',(0.,1.,0.));
#3696=DIRECTION('',(0.,0.,1.));
#3697=DIRECTION('',(0.,0.,1.));
#3698=DIRECTION('',(0.,0.,1.));
#3699=DIRECTION('',(0.,0.,1.));
#3700=DIRECTION('',(1.,0.,0.));
#3701=DIRECTION('',(0.,0.,1.));
#3702=DIRECTION('',(1.,0.,0.));
#3703=DIRECTION('',(0.,0.,1.));
#3704=DIRECTION('',(1.,0.,0.));
#3705=DIRECTION('',(1.,2.94020928131662E-16,0.));
#3706=DIRECTION('',(0.,0.,1.));
#3707=DIRECTION('',(1.,0.,0.));
#3708=DIRECTION('',(-1.,-2.94020928131662E-16,0.));
#3709=DIRECTION('',(0.,0.,1.));
#3710=DIRECTION('',(1.,0.,0.));
#3711=DIRECTION('',(0.,0.,1.));
#3712=DIRECTION('',(1.,0.,0.));
#3713=DIRECTION('',(0.,1.,0.));
#3714=DIRECTION('',(-1.,-3.0719061553756E-16,0.));
#3715=DIRECTION('',(0.,-1.,0.));
#3716=DIRECTION('',(1.,0.,0.));
#3717=DIRECTION('',(0.,1.,0.));
#3718=DIRECTION('',(-1.,-3.0719061553756E-16,0.));
#3719=DIRECTION('',(0.,-1.,0.));
#3720=DIRECTION('',(1.,0.,0.));
#3721=DIRECTION('',(0.,1.,0.));
#3722=DIRECTION('',(-1.,-3.0719061553756E-16,0.));
#3723=DIRECTION('',(0.,-1.,0.));
#3724=DIRECTION('',(1.,0.,0.));
#3725=DIRECTION('',(0.,1.,0.));
#3726=DIRECTION('',(-1.,-3.0719061553756E-16,0.));
#3727=DIRECTION('',(0.,-1.,0.));
#3728=DIRECTION('',(1.,0.,0.));
#3729=DIRECTION('',(0.,1.,0.));
#3730=DIRECTION('',(-1.,-3.0719061553756E-16,0.));
#3731=DIRECTION('',(0.,-1.,0.));
#3732=DIRECTION('',(1.,0.,0.));
#3733=DIRECTION('',(0.,1.,0.));
#3734=DIRECTION('',(-1.,-3.0719061553756E-16,0.));
#3735=DIRECTION('',(0.,-1.,0.));
#3736=DIRECTION('',(1.,0.,0.));
#3737=DIRECTION('',(0.,1.,0.));
#3738=DIRECTION('',(-1.,-3.0719061553756E-16,0.));
#3739=DIRECTION('',(0.,-1.,0.));
#3740=DIRECTION('',(1.,0.,0.));
#3741=DIRECTION('',(0.,1.,0.));
#3742=DIRECTION('',(-1.,-3.0719061553756E-16,0.));
#3743=DIRECTION('',(0.,-1.,0.));
#3744=DIRECTION('',(1.,0.,0.));
#3745=DIRECTION('',(0.,1.,0.));
#3746=DIRECTION('',(-1.,-3.0719061553756E-16,0.));
#3747=DIRECTION('',(0.,-1.,0.));
#3748=DIRECTION('',(1.,0.,0.));
#3749=DIRECTION('',(0.,1.,0.));
#3750=DIRECTION('',(-1.,-3.0719061553756E-16,0.));
#3751=DIRECTION('',(0.,-1.,0.));
#3752=DIRECTION('',(1.,0.,0.));
#3753=DIRECTION('',(0.,1.,0.));
#3754=DIRECTION('',(0.,0.,1.));
#3755=DIRECTION('',(1.,0.,0.));
#3756=DIRECTION('',(0.,1.,0.));
#3757=DIRECTION('',(-1.,0.,0.));
#3758=DIRECTION('',(0.,-1.,0.));
#3759=DIRECTION('',(1.,3.0719061553756E-16,0.));
#3760=DIRECTION('',(0.,1.,0.));
#3761=DIRECTION('',(-1.,0.,0.));
#3762=DIRECTION('',(0.,-1.,0.));
#3763=DIRECTION('',(1.,3.0719061553756E-16,0.));
#3764=DIRECTION('',(0.,1.,0.));
#3765=DIRECTION('',(-1.,0.,0.));
#3766=DIRECTION('',(0.,-1.,0.));
#3767=DIRECTION('',(1.,3.0719061553756E-16,0.));
#3768=DIRECTION('',(0.,1.,0.));
#3769=DIRECTION('',(-1.,0.,0.));
#3770=DIRECTION('',(0.,-1.,0.));
#3771=DIRECTION('',(1.,3.0719061553756E-16,0.));
#3772=DIRECTION('',(0.,1.,0.));
#3773=DIRECTION('',(-1.,0.,0.));
#3774=DIRECTION('',(0.,-1.,0.));
#3775=DIRECTION('',(1.,3.0719061553756E-16,0.));
#3776=DIRECTION('',(0.,1.,0.));
#3777=DIRECTION('',(-1.,0.,0.));
#3778=DIRECTION('',(0.,-1.,0.));
#3779=DIRECTION('',(1.,3.0719061553756E-16,0.));
#3780=DIRECTION('',(0.,1.,0.));
#3781=DIRECTION('',(-1.,0.,0.));
#3782=DIRECTION('',(0.,-1.,0.));
#3783=DIRECTION('',(1.,3.0719061553756E-16,0.));
#3784=DIRECTION('',(0.,1.,0.));
#3785=DIRECTION('',(-1.,0.,0.));
#3786=DIRECTION('',(0.,-1.,0.));
#3787=DIRECTION('',(1.,3.0719061553756E-16,0.));
#3788=DIRECTION('',(0.,1.,0.));
#3789=DIRECTION('',(-1.,0.,0.));
#3790=DIRECTION('',(0.,-1.,0.));
#3791=DIRECTION('',(1.,3.0719061553756E-16,0.));
#3792=DIRECTION('',(0.,1.,0.));
#3793=DIRECTION('',(-1.,0.,0.));
#3794=DIRECTION('',(0.,-1.,0.));
#3795=DIRECTION('',(1.,3.0719061553756E-16,0.));
#3796=DIRECTION('',(0.,1.,0.));
#3797=DIRECTION('',(-1.,0.,0.));
#3798=DIRECTION('',(0.,-1.,0.));
#3799=DIRECTION('',(1.,3.0719061553756E-16,0.));
#3800=DIRECTION('',(0.,1.,0.));
#3801=DIRECTION('',(-1.,0.,0.));
#3802=DIRECTION('',(0.,-1.,0.));
#3803=DIRECTION('',(0.,0.,1.));
#3804=DIRECTION('',(1.,0.,0.));
#3805=DIRECTION('',(0.,-1.,0.));
#3806=DIRECTION('',(1.,0.,0.));
#3807=DIRECTION('',(0.,1.,0.));
#3808=DIRECTION('',(-1.,-3.0719061553756E-16,0.));
#3809=DIRECTION('',(0.,-1.,0.));
#3810=DIRECTION('',(1.,0.,0.));
#3811=DIRECTION('',(1.,0.,0.));
#3812=DIRECTION('',(0.,0.,-1.));
#3813=DIRECTION('',(0.,0.,1.));
#3814=DIRECTION('',(0.,1.,0.));
#3815=DIRECTION('',(0.,0.,1.));
#3816=DIRECTION('',(0.,1.,0.));
#3817=DIRECTION('',(0.,0.,1.));
#3818=DIRECTION('',(-1.,0.,0.));
#3819=DIRECTION('',(0.,0.,1.));
#3820=DIRECTION('',(-1.,0.,0.));
#3821=DIRECTION('',(0.,0.,1.));
#3822=DIRECTION('',(0.,0.,-1.));
#3823=DIRECTION('',(0.,-1.,0.));
#3824=DIRECTION('',(1.,0.,0.));
#3825=DIRECTION('',(0.,0.,-1.));
#3826=DIRECTION('',(0.,0.,-1.));
#3827=DIRECTION('',(0.,0.,1.));
#3828=DIRECTION('',(0.,1.,0.));
#3829=DIRECTION('',(0.,-1.,0.));
#3830=DIRECTION('',(0.,0.,-1.));
#3831=DIRECTION('',(0.,0.,1.));
#3832=DIRECTION('',(1.,0.,0.));
#3833=DIRECTION('',(-1.,0.,0.));
#3834=DIRECTION('',(0.,0.,1.));
#3835=DIRECTION('',(0.,0.,1.));
#3836=DIRECTION('',(0.,-1.,0.));
#3837=DIRECTION('',(1.,0.,0.));
#3838=DIRECTION('',(0.,0.,-1.));
#3839=DIRECTION('',(0.,0.,1.));
#3840=DIRECTION('',(0.,1.,0.));
#3841=DIRECTION('',(0.,0.,1.));
#3842=DIRECTION('',(0.,1.,0.));
#3843=DIRECTION('',(0.,0.,1.));
#3844=DIRECTION('',(-1.,0.,0.));
#3845=DIRECTION('',(0.,0.,1.));
#3846=DIRECTION('',(-1.,0.,0.));
#3847=DIRECTION('',(0.,0.,1.));
#3848=DIRECTION('',(0.,0.,-1.));
#3849=DIRECTION('',(0.,-1.,0.));
#3850=DIRECTION('',(-1.,0.,0.));
#3851=DIRECTION('',(0.,0.,1.));
#3852=DIRECTION('',(0.,0.,1.));
#3853=DIRECTION('',(0.,-1.,0.));
#3854=DIRECTION('',(0.,0.,1.));
#3855=DIRECTION('',(1.,0.,0.));
#3856=DIRECTION('',(0.,0.,-1.));
#3857=DIRECTION('',(0.,0.,-1.));
#3858=DIRECTION('',(0.,0.,1.));
#3859=DIRECTION('',(0.,1.,0.));
#3860=DIRECTION('',(0.,-1.,0.));
#3861=DIRECTION('',(0.,0.,-1.));
#3862=DIRECTION('',(1.,0.,0.));
#3863=DIRECTION('',(1.,0.,0.));
#3864=DIRECTION('',(0.,0.,-1.));
#3865=DIRECTION('',(0.,0.,1.));
#3866=DIRECTION('',(0.,1.,0.));
#3867=DIRECTION('',(0.,0.,1.));
#3868=DIRECTION('',(0.,1.,0.));
#3869=DIRECTION('',(0.,0.,1.));
#3870=DIRECTION('',(-1.,0.,0.));
#3871=DIRECTION('',(0.,0.,1.));
#3872=DIRECTION('',(-1.,0.,0.));
#3873=DIRECTION('',(0.,0.,1.));
#3874=DIRECTION('',(0.,0.,-1.));
#3875=DIRECTION('',(0.,-1.,0.));
#3876=DIRECTION('',(-1.,0.,0.));
#3877=DIRECTION('',(0.,0.,1.));
#3878=DIRECTION('',(0.,0.,1.));
#3879=DIRECTION('',(0.,-1.,0.));
#3880=DIRECTION('',(0.,0.,1.));
#3881=DIRECTION('',(1.,0.,0.));
#3882=DIRECTION('',(0.,0.,-1.));
#3883=DIRECTION('',(0.,0.,-1.));
#3884=DIRECTION('',(0.,0.,1.));
#3885=DIRECTION('',(0.,1.,0.));
#3886=DIRECTION('',(0.,-1.,0.));
#3887=DIRECTION('',(0.,0.,-1.));
#3888=DIRECTION('',(1.,0.,0.));
#3889=DIRECTION('',(1.,0.,0.));
#3890=DIRECTION('',(0.,0.,-1.));
#3891=DIRECTION('',(0.,0.,1.));
#3892=DIRECTION('',(0.,1.,0.));
#3893=DIRECTION('',(0.,0.,1.));
#3894=DIRECTION('',(0.,1.,0.));
#3895=DIRECTION('',(0.,0.,1.));
#3896=DIRECTION('',(-1.,0.,0.));
#3897=DIRECTION('',(0.,0.,1.));
#3898=DIRECTION('',(-1.,0.,0.));
#3899=DIRECTION('',(0.,0.,1.));
#3900=DIRECTION('',(0.,0.,-1.));
#3901=DIRECTION('',(0.,-1.,0.));
#3902=DIRECTION('',(-1.,0.,0.));
#3903=DIRECTION('',(0.,0.,1.));
#3904=DIRECTION('',(0.,0.,1.));
#3905=DIRECTION('',(0.,-1.,0.));
#3906=DIRECTION('',(0.,0.,1.));
#3907=DIRECTION('',(1.,0.,0.));
#3908=DIRECTION('',(0.,0.,-1.));
#3909=DIRECTION('',(0.,0.,-1.));
#3910=DIRECTION('',(0.,0.,1.));
#3911=DIRECTION('',(0.,1.,0.));
#3912=DIRECTION('',(0.,-1.,0.));
#3913=DIRECTION('',(0.,0.,-1.));
#3914=DIRECTION('',(1.,0.,0.));
#3915=DIRECTION('',(1.,0.,0.));
#3916=DIRECTION('',(0.,0.,-1.));
#3917=DIRECTION('',(0.,0.,1.));
#3918=DIRECTION('',(0.,1.,0.));
#3919=DIRECTION('',(0.,0.,1.));
#3920=DIRECTION('',(0.,1.,0.));
#3921=DIRECTION('',(0.,0.,1.));
#3922=DIRECTION('',(-1.,0.,0.));
#3923=DIRECTION('',(0.,0.,1.));
#3924=DIRECTION('',(-1.,0.,0.));
#3925=DIRECTION('',(0.,0.,1.));
#3926=DIRECTION('',(0.,0.,-1.));
#3927=DIRECTION('',(0.,-1.,0.));
#3928=DIRECTION('',(-1.,0.,0.));
#3929=DIRECTION('',(0.,0.,1.));
#3930=DIRECTION('',(0.,0.,1.));
#3931=DIRECTION('',(0.,-1.,0.));
#3932=DIRECTION('',(0.,0.,1.));
#3933=DIRECTION('',(1.,0.,0.));
#3934=DIRECTION('',(0.,0.,-1.));
#3935=DIRECTION('',(0.,0.,-1.));
#3936=DIRECTION('',(0.,0.,1.));
#3937=DIRECTION('',(0.,1.,0.));
#3938=DIRECTION('',(0.,-1.,0.));
#3939=DIRECTION('',(0.,0.,-1.));
#3940=DIRECTION('',(1.,0.,0.));
#3941=DIRECTION('',(1.,0.,0.));
#3942=DIRECTION('',(0.,0.,-1.));
#3943=DIRECTION('',(0.,0.,1.));
#3944=DIRECTION('',(0.,1.,0.));
#3945=DIRECTION('',(0.,0.,1.));
#3946=DIRECTION('',(0.,1.,0.));
#3947=DIRECTION('',(0.,0.,1.));
#3948=DIRECTION('',(-1.,0.,0.));
#3949=DIRECTION('',(0.,0.,1.));
#3950=DIRECTION('',(-1.,0.,0.));
#3951=DIRECTION('',(0.,0.,1.));
#3952=DIRECTION('',(0.,0.,-1.));
#3953=DIRECTION('',(0.,-1.,0.));
#3954=DIRECTION('',(-1.,0.,0.));
#3955=DIRECTION('',(0.,0.,1.));
#3956=DIRECTION('',(0.,0.,1.));
#3957=DIRECTION('',(0.,-1.,0.));
#3958=DIRECTION('',(0.,0.,1.));
#3959=DIRECTION('',(1.,0.,0.));
#3960=DIRECTION('',(0.,0.,-1.));
#3961=DIRECTION('',(0.,0.,-1.));
#3962=DIRECTION('',(0.,0.,1.));
#3963=DIRECTION('',(0.,1.,0.));
#3964=DIRECTION('',(0.,-1.,0.));
#3965=DIRECTION('',(0.,0.,-1.));
#3966=DIRECTION('',(1.,0.,0.));
#3967=DIRECTION('',(1.,0.,0.));
#3968=DIRECTION('',(0.,0.,-1.));
#3969=DIRECTION('',(0.,0.,1.));
#3970=DIRECTION('',(0.,1.,0.));
#3971=DIRECTION('',(0.,0.,1.));
#3972=DIRECTION('',(0.,1.,0.));
#3973=DIRECTION('',(0.,0.,1.));
#3974=DIRECTION('',(-1.,0.,0.));
#3975=DIRECTION('',(0.,0.,1.));
#3976=DIRECTION('',(-1.,0.,0.));
#3977=DIRECTION('',(0.,0.,1.));
#3978=DIRECTION('',(0.,0.,-1.));
#3979=DIRECTION('',(0.,-1.,0.));
#3980=DIRECTION('',(-1.,0.,0.));
#3981=DIRECTION('',(0.,0.,1.));
#3982=DIRECTION('',(0.,0.,1.));
#3983=DIRECTION('',(0.,-1.,0.));
#3984=DIRECTION('',(0.,0.,1.));
#3985=DIRECTION('',(1.,0.,0.));
#3986=DIRECTION('',(0.,0.,-1.));
#3987=DIRECTION('',(0.,0.,-1.));
#3988=DIRECTION('',(0.,0.,1.));
#3989=DIRECTION('',(0.,1.,0.));
#3990=DIRECTION('',(0.,-1.,0.));
#3991=DIRECTION('',(0.,0.,-1.));
#3992=DIRECTION('',(1.,0.,0.));
#3993=DIRECTION('',(1.,0.,0.));
#3994=DIRECTION('',(0.,0.,-1.));
#3995=DIRECTION('',(0.,0.,1.));
#3996=DIRECTION('',(0.,1.,0.));
#3997=DIRECTION('',(0.,0.,1.));
#3998=DIRECTION('',(0.,1.,0.));
#3999=DIRECTION('',(0.,0.,1.));
#4000=DIRECTION('',(-1.,0.,0.));
#4001=DIRECTION('',(0.,0.,1.));
#4002=DIRECTION('',(-1.,0.,0.));
#4003=DIRECTION('',(0.,0.,1.));
#4004=DIRECTION('',(0.,0.,-1.));
#4005=DIRECTION('',(0.,-1.,0.));
#4006=DIRECTION('',(-1.,0.,0.));
#4007=DIRECTION('',(0.,0.,1.));
#4008=DIRECTION('',(0.,0.,1.));
#4009=DIRECTION('',(0.,-1.,0.));
#4010=DIRECTION('',(0.,0.,1.));
#4011=DIRECTION('',(1.,0.,0.));
#4012=DIRECTION('',(0.,0.,-1.));
#4013=DIRECTION('',(0.,0.,-1.));
#4014=DIRECTION('',(0.,0.,1.));
#4015=DIRECTION('',(0.,1.,0.));
#4016=DIRECTION('',(0.,-1.,0.));
#4017=DIRECTION('',(0.,0.,-1.));
#4018=DIRECTION('',(1.,0.,0.));
#4019=DIRECTION('',(1.,0.,0.));
#4020=DIRECTION('',(0.,0.,-1.));
#4021=DIRECTION('',(0.,0.,1.));
#4022=DIRECTION('',(0.,1.,0.));
#4023=DIRECTION('',(0.,0.,1.));
#4024=DIRECTION('',(0.,1.,0.));
#4025=DIRECTION('',(0.,0.,1.));
#4026=DIRECTION('',(-1.,0.,0.));
#4027=DIRECTION('',(0.,0.,1.));
#4028=DIRECTION('',(-1.,0.,0.));
#4029=DIRECTION('',(0.,0.,1.));
#4030=DIRECTION('',(0.,0.,-1.));
#4031=DIRECTION('',(0.,-1.,0.));
#4032=DIRECTION('',(-1.,0.,0.));
#4033=DIRECTION('',(0.,0.,1.));
#4034=DIRECTION('',(0.,0.,1.));
#4035=DIRECTION('',(0.,-1.,0.));
#4036=DIRECTION('',(0.,0.,1.));
#4037=DIRECTION('',(1.,0.,0.));
#4038=DIRECTION('',(0.,0.,-1.));
#4039=DIRECTION('',(0.,0.,-1.));
#4040=DIRECTION('',(0.,0.,1.));
#4041=DIRECTION('',(0.,1.,0.));
#4042=DIRECTION('',(0.,-1.,0.));
#4043=DIRECTION('',(0.,0.,-1.));
#4044=DIRECTION('',(1.,0.,0.));
#4045=DIRECTION('',(1.,0.,0.));
#4046=DIRECTION('',(0.,0.,-1.));
#4047=DIRECTION('',(0.,0.,1.));
#4048=DIRECTION('',(0.,1.,0.));
#4049=DIRECTION('',(0.,0.,1.));
#4050=DIRECTION('',(0.,1.,0.));
#4051=DIRECTION('',(0.,0.,1.));
#4052=DIRECTION('',(-1.,0.,0.));
#4053=DIRECTION('',(0.,0.,1.));
#4054=DIRECTION('',(-1.,0.,0.));
#4055=DIRECTION('',(0.,0.,1.));
#4056=DIRECTION('',(0.,0.,-1.));
#4057=DIRECTION('',(0.,-1.,0.));
#4058=DIRECTION('',(-1.,0.,0.));
#4059=DIRECTION('',(0.,0.,1.));
#4060=DIRECTION('',(0.,0.,1.));
#4061=DIRECTION('',(0.,-1.,0.));
#4062=DIRECTION('',(0.,0.,1.));
#4063=DIRECTION('',(1.,0.,0.));
#4064=DIRECTION('',(0.,0.,-1.));
#4065=DIRECTION('',(0.,0.,-1.));
#4066=DIRECTION('',(0.,0.,1.));
#4067=DIRECTION('',(0.,1.,0.));
#4068=DIRECTION('',(0.,-1.,0.));
#4069=DIRECTION('',(0.,0.,-1.));
#4070=DIRECTION('',(1.,0.,0.));
#4071=DIRECTION('',(1.,0.,0.));
#4072=DIRECTION('',(0.,0.,-1.));
#4073=DIRECTION('',(0.,0.,1.));
#4074=DIRECTION('',(0.,1.,0.));
#4075=DIRECTION('',(0.,0.,1.));
#4076=DIRECTION('',(0.,1.,0.));
#4077=DIRECTION('',(0.,0.,1.));
#4078=DIRECTION('',(-1.,0.,0.));
#4079=DIRECTION('',(0.,0.,1.));
#4080=DIRECTION('',(-1.,0.,0.));
#4081=DIRECTION('',(0.,0.,1.));
#4082=DIRECTION('',(0.,0.,-1.));
#4083=DIRECTION('',(0.,-1.,0.));
#4084=DIRECTION('',(-1.,0.,0.));
#4085=DIRECTION('',(0.,0.,1.));
#4086=DIRECTION('',(0.,0.,1.));
#4087=DIRECTION('',(0.,-1.,0.));
#4088=DIRECTION('',(0.,0.,1.));
#4089=DIRECTION('',(1.,0.,0.));
#4090=DIRECTION('',(0.,0.,-1.));
#4091=DIRECTION('',(0.,0.,-1.));
#4092=DIRECTION('',(0.,0.,1.));
#4093=DIRECTION('',(0.,1.,0.));
#4094=DIRECTION('',(0.,-1.,0.));
#4095=DIRECTION('',(0.,0.,-1.));
#4096=DIRECTION('',(1.,0.,0.));
#4097=DIRECTION('',(1.,0.,0.));
#4098=DIRECTION('',(0.,0.,-1.));
#4099=DIRECTION('',(0.,0.,1.));
#4100=DIRECTION('',(0.,1.,0.));
#4101=DIRECTION('',(0.,0.,1.));
#4102=DIRECTION('',(0.,1.,0.));
#4103=DIRECTION('',(0.,0.,1.));
#4104=DIRECTION('',(-1.,0.,0.));
#4105=DIRECTION('',(0.,0.,1.));
#4106=DIRECTION('',(-1.,0.,0.));
#4107=DIRECTION('',(0.,0.,1.));
#4108=DIRECTION('',(0.,0.,-1.));
#4109=DIRECTION('',(0.,-1.,0.));
#4110=DIRECTION('',(-1.,0.,0.));
#4111=DIRECTION('',(0.,0.,1.));
#4112=DIRECTION('',(0.,0.,1.));
#4113=DIRECTION('',(0.,-1.,0.));
#4114=DIRECTION('',(0.,0.,1.));
#4115=DIRECTION('',(1.,0.,0.));
#4116=DIRECTION('',(0.,0.,-1.));
#4117=DIRECTION('',(0.,0.,-1.));
#4118=DIRECTION('',(0.,0.,1.));
#4119=DIRECTION('',(0.,1.,0.));
#4120=DIRECTION('',(0.,-1.,0.));
#4121=DIRECTION('',(0.,0.,-1.));
#4122=DIRECTION('',(1.,0.,0.));
#4123=DIRECTION('',(0.,0.,1.));
#4124=DIRECTION('',(1.,0.,0.));
#4125=DIRECTION('',(-1.,-3.3077354414812E-16,0.));
#4126=DIRECTION('',(0.,0.,1.));
#4127=DIRECTION('',(1.,0.,0.));
#4128=DIRECTION('',(1.,3.3077354414812E-16,0.));
#4129=DIRECTION('',(0.,0.,1.));
#4130=DIRECTION('',(1.,0.,0.));
#4131=DIRECTION('',(-1.,-3.0719061553756E-16,0.));
#4132=DIRECTION('',(-1.,-3.0719061553756E-16,0.));
#4133=DIRECTION('',(-1.,-3.0719061553756E-16,0.));
#4134=DIRECTION('',(-1.,-3.0719061553756E-16,0.));
#4135=DIRECTION('',(-1.,-3.0719061553756E-16,0.));
#4136=DIRECTION('',(-1.,-3.0719061553756E-16,0.));
#4137=DIRECTION('',(-1.,-3.0719061553756E-16,0.));
#4138=DIRECTION('',(-1.,-3.0719061553756E-16,0.));
#4139=DIRECTION('',(-1.,-3.0719061553756E-16,0.));
#4140=DIRECTION('',(-1.,-3.0719061553756E-16,0.));
#4141=DIRECTION('',(-1.,-3.0719061553756E-16,0.));
#4142=DIRECTION('',(0.,0.,1.));
#4143=DIRECTION('',(1.,0.,0.));
#4144=DIRECTION('',(1.,3.0719061553756E-16,0.));
#4145=DIRECTION('',(1.,3.0719061553756E-16,0.));
#4146=DIRECTION('',(1.,3.0719061553756E-16,0.));
#4147=DIRECTION('',(1.,3.0719061553756E-16,0.));
#4148=DIRECTION('',(1.,3.0719061553756E-16,0.));
#4149=DIRECTION('',(1.,3.0719061553756E-16,0.));
#4150=DIRECTION('',(1.,3.0719061553756E-16,0.));
#4151=DIRECTION('',(1.,3.0719061553756E-16,0.));
#4152=DIRECTION('',(1.,3.0719061553756E-16,0.));
#4153=DIRECTION('',(1.,3.0719061553756E-16,0.));
#4154=DIRECTION('',(1.,3.0719061553756E-16,0.));
#4155=DIRECTION('',(0.,0.,1.));
#4156=DIRECTION('',(1.,0.,0.));
#4157=DIRECTION('',(0.,0.,-1.));
#4158=DIRECTION('',(-1.,0.,0.));
#4159=DIRECTION('',(3.0719061553756E-16,-1.,0.));
#4160=DIRECTION('',(1.,3.0719061553756E-16,0.));
#4161=DIRECTION('',(-3.0719061553756E-16,1.,0.));
#4162=DIRECTION('',(-1.,-3.0719061553756E-16,0.));
#4163=DIRECTION('',(2.94020928131662E-16,-1.,0.));
#4164=DIRECTION('',(1.,2.94020928131662E-16,0.));
#4165=DIRECTION('',(0.,0.,-1.));
#4166=DIRECTION('',(-1.,-2.94020928131662E-16,0.));
#4167=DIRECTION('',(0.,0.,-1.));
#4168=DIRECTION('',(0.,0.,-1.));
#4169=DIRECTION('',(-1.,0.,0.));
#4170=DIRECTION('',(0.,0.,-1.));
#4171=DIRECTION('',(0.,0.,1.));
#4172=DIRECTION('',(1.,0.,0.));
#4173=DIRECTION('',(-2.94020928131662E-16,1.,0.));
#4174=DIRECTION('',(-1.,-2.94020928131662E-16,0.));
#4175=DIRECTION('',(0.,0.,-1.));
#4176=DIRECTION('',(1.,2.94020928131662E-16,0.));
#4177=DIRECTION('',(-2.94020928131662E-16,1.,0.));
#4178=DIRECTION('',(-1.,-2.94020928131662E-16,0.));
#4179=DIRECTION('',(0.,0.,-1.));
#4180=DIRECTION('',(1.,2.94020928131662E-16,0.));
#4181=DIRECTION('',(0.,0.,-1.));
#4182=DIRECTION('',(2.94020928131662E-16,-1.,0.));
#4183=DIRECTION('',(1.,2.94020928131662E-16,0.));
#4184=DIRECTION('',(0.,0.,-1.));
#4185=DIRECTION('',(-1.,-2.94020928131662E-16,0.));
#4186=DIRECTION('',(0.,0.,-1.));
#4187=DIRECTION('',(0.,0.,-1.));
#4188=DIRECTION('',(-1.,0.,0.));
#4189=DIRECTION('',(0.,0.,1.));
#4190=DIRECTION('',(1.,0.,0.));
#4191=DIRECTION('',(0.,0.,1.));
#4192=DIRECTION('',(1.,0.,0.));
#4193=DIRECTION('',(0.,0.,1.));
#4194=DIRECTION('',(1.,0.,0.));
#4195=DIRECTION('',(0.,0.,1.));
#4196=DIRECTION('',(1.,0.,0.));
#4197=DIRECTION('',(3.0719061553756E-16,-1.,0.));
#4198=DIRECTION('',(1.,3.0719061553756E-16,0.));
#4199=DIRECTION('',(3.0719061553756E-16,-1.,0.));
#4200=DIRECTION('',(1.,3.0719061553756E-16,0.));
#4201=DIRECTION('',(3.0719061553756E-16,-1.,0.));
#4202=DIRECTION('',(1.,3.0719061553756E-16,0.));
#4203=DIRECTION('',(3.0719061553756E-16,-1.,0.));
#4204=DIRECTION('',(1.,3.0719061553756E-16,0.));
#4205=DIRECTION('',(3.0719061553756E-16,-1.,0.));
#4206=DIRECTION('',(1.,3.0719061553756E-16,0.));
#4207=DIRECTION('',(3.0719061553756E-16,-1.,0.));
#4208=DIRECTION('',(1.,3.0719061553756E-16,0.));
#4209=DIRECTION('',(3.0719061553756E-16,-1.,0.));
#4210=DIRECTION('',(1.,3.0719061553756E-16,0.));
#4211=DIRECTION('',(3.0719061553756E-16,-1.,0.));
#4212=DIRECTION('',(1.,3.0719061553756E-16,0.));
#4213=DIRECTION('',(3.0719061553756E-16,-1.,0.));
#4214=DIRECTION('',(1.,3.0719061553756E-16,0.));
#4215=DIRECTION('',(3.0719061553756E-16,-1.,0.));
#4216=DIRECTION('',(1.,3.0719061553756E-16,0.));
#4217=DIRECTION('',(-3.0719061553756E-16,1.,0.));
#4218=DIRECTION('',(-1.,-3.0719061553756E-16,0.));
#4219=DIRECTION('',(-3.0719061553756E-16,1.,0.));
#4220=DIRECTION('',(-1.,-3.0719061553756E-16,0.));
#4221=DIRECTION('',(-3.0719061553756E-16,1.,0.));
#4222=DIRECTION('',(-1.,-3.0719061553756E-16,0.));
#4223=DIRECTION('',(-3.0719061553756E-16,1.,0.));
#4224=DIRECTION('',(-1.,-3.0719061553756E-16,0.));
#4225=DIRECTION('',(-3.0719061553756E-16,1.,0.));
#4226=DIRECTION('',(-1.,-3.0719061553756E-16,0.));
#4227=DIRECTION('',(-3.0719061553756E-16,1.,0.));
#4228=DIRECTION('',(-1.,-3.0719061553756E-16,0.));
#4229=DIRECTION('',(-3.0719061553756E-16,1.,0.));
#4230=DIRECTION('',(-1.,-3.0719061553756E-16,0.));
#4231=DIRECTION('',(-3.0719061553756E-16,1.,0.));
#4232=DIRECTION('',(-1.,-3.0719061553756E-16,0.));
#4233=DIRECTION('',(-3.0719061553756E-16,1.,0.));
#4234=DIRECTION('',(-1.,-3.0719061553756E-16,0.));
#4235=DIRECTION('',(-3.0719061553756E-16,1.,0.));
#4236=DIRECTION('',(-1.,-3.0719061553756E-16,0.));
#4237=DIRECTION('',(0.,0.,1.));
#4238=DIRECTION('',(1.,0.,0.));
#4239=DIRECTION('',(0.,0.,-1.));
#4240=DIRECTION('',(-1.,0.,0.));
#4241=DIRECTION('',(0.,0.,-1.));
#4242=DIRECTION('',(-1.,0.,0.));
#4243=DIRECTION('',(0.,0.,-1.));
#4244=DIRECTION('',(-1.,0.,0.));
#4245=DIRECTION('',(0.,0.,1.));
#4246=DIRECTION('',(1.,0.,0.));
#4247=DIRECTION('',(0.,0.,1.));
#4248=DIRECTION('',(1.,0.,0.));
#4249=DIRECTION('',(0.,0.,-1.));
#4250=DIRECTION('',(1.,0.,0.));
#4251=DIRECTION('',(0.,0.,1.));
#4252=DIRECTION('',(-1.,0.,0.));
#4253=DIRECTION('',(0.,0.,-1.));
#4254=DIRECTION('',(1.,-8.88178419700125E-16,0.));
#4255=DIRECTION('',(0.,0.,1.));
#4256=DIRECTION('',(1.,0.,0.));
#4257=DIRECTION('',(0.,0.,1.));
#4258=DIRECTION('',(1.,0.,0.));
#4259=DIRECTION('',(0.,0.,1.));
#4260=DIRECTION('',(1.,0.,0.));
#4261=DIRECTION('',(0.,0.,-1.));
#4262=DIRECTION('',(-1.,0.,0.));
#4263=DIRECTION('',(0.,0.,1.));
#4264=DIRECTION('',(1.,0.,0.));
#4265=DIRECTION('',(0.,0.,1.));
#4266=DIRECTION('',(1.,0.,0.));
#4267=DIRECTION('',(0.,0.,1.));
#4268=DIRECTION('',(1.,0.,0.));
#4269=DIRECTION('',(0.,0.,1.));
#4270=DIRECTION('',(1.,0.,0.));
#4271=CARTESIAN_POINT('',(0.,0.,0.));
#4272=CARTESIAN_POINT('',(-0.000919034106540425,0.00177247502969031,-0.0141965095187125));
#4273=CARTESIAN_POINT('',(-0.000920612997605546,0.00177552012341165,-0.014));
#4274=CARTESIAN_POINT('',(-0.00101108138491912,0.00195,-0.014));
#4275=CARTESIAN_POINT('',(-0.000754592807625356,0.00185773838366158,-0.01419650941441));
#4276=CARTESIAN_POINT('',(-0.000787225039638339,0.00184394833216189,-0.0140373271051805));
#4277=CARTESIAN_POINT('',(-0.00082996893578796,0.0019969536942567,-0.014));
#4278=CARTESIAN_POINT('',(-0.000583363249020429,0.00191877691960216,-0.0141658162449465));
#4279=CARTESIAN_POINT('',(-0.000607444469208326,0.00191479706579534,-0.0140365218618237));
#4280=CARTESIAN_POINT('',(-0.00064194198324954,0.00203043429359665,-0.0139846637596748));
#4281=CARTESIAN_POINT('',(-0.000403968962764636,0.00195625185540094,-0.0141417049069944));
#4282=CARTESIAN_POINT('',(-0.000417623683631485,0.00195544870334732,-0.0140285629450485));
#4283=CARTESIAN_POINT('',(-0.000444409720865782,0.0020510447226591,-0.0139725976941409));
#4284=CARTESIAN_POINT('',(-0.00101108138491912,0.00195,-0.0142));
#4285=CARTESIAN_POINT('',(-0.000919034106540425,0.00177247502969031,-0.0141965095187125));
#4286=CARTESIAN_POINT('',(-0.00101108138491912,0.00195,-0.014));
#4287=CARTESIAN_POINT('',(-0.000444409720865785,0.00205104472265908,-0.0139725976941409));
#4288=CARTESIAN_POINT('',(-0.000641895763018748,0.00203043913249042,-0.0139846609268172));
#4289=CARTESIAN_POINT('',(-0.000830786317703191,0.00199674179134737,-0.014));
#4290=CARTESIAN_POINT('',(-0.00101108138491912,0.00195,-0.014));
#4291=CARTESIAN_POINT('',(-0.000444409720865784,0.00205104472265908,-0.0139725976941409));
#4292=CARTESIAN_POINT('',(-0.00044440972086578,0.00215208944531816,-0.0141451953882818));
#4293=CARTESIAN_POINT('',(-0.000403968962764633,0.00195625185540094,-0.0141417049069943));
#4294=CARTESIAN_POINT('',(-0.000919034106540428,0.0017724750296903,-0.0141965095187125));
#4295=CARTESIAN_POINT('',(-0.000848674328581857,0.00180895680494208,-0.0141965095187125));
#4296=CARTESIAN_POINT('',(-0.000692479645533058,0.00187511117837598,-0.0141828681198769));
#4297=CARTESIAN_POINT('',(-0.00057981429209841,0.0019130974670667,-0.0141665138163813));
#4298=CARTESIAN_POINT('',(-0.000435184660987615,0.00195021279926394,-0.0141459765463703));
#4299=CARTESIAN_POINT('',(-0.000410429529488325,0.0019549022621605,-0.0141425732318063));
#4300=CARTESIAN_POINT('',(-0.000403968962764631,0.00195625185540094,-0.0141417049069943));
#4301=CARTESIAN_POINT('',(-0.000403968962764634,0.00195625185540094,-0.0141417049069943));
#4302=CARTESIAN_POINT('',(-0.000417623683631484,0.00195544870334733,-0.0140285629450485));
#4303=CARTESIAN_POINT('',(-0.000444409720865779,0.00205104472265908,-0.0139725976941409));
#4304=CARTESIAN_POINT('',(-0.00027092927914731,0.00198404345007984,-0.014123823917609));
#4305=CARTESIAN_POINT('',(-0.000281359939605402,0.00198458881710011,-0.0140235447632744));
#4306=CARTESIAN_POINT('',(-0.000291691435287687,0.00206627004813365,-0.0139636842564636));
#4307=CARTESIAN_POINT('',(-0.00013661957725801,0.00199787074980423,-0.0141168065987964));
#4308=CARTESIAN_POINT('',(-0.00014009718574345,0.00199952045228052,-0.0140220363432769));
#4309=CARTESIAN_POINT('',(-0.000147294817446888,0.00207391562172406,-0.0139633106197851));
#4310=CARTESIAN_POINT('',(0.000133963080350201,0.00199805242140911,-0.014116704177678));
#4311=CARTESIAN_POINT('',(0.000137351679889502,0.00199970973731542,-0.0140220121090931));
#4312=CARTESIAN_POINT('',(0.000144430747367181,0.00207401545872449,-0.0139632859521337));
#4313=CARTESIAN_POINT('',(0.000271281318934217,0.00198396991008844,-0.0141238712287943));
#4314=CARTESIAN_POINT('',(0.000281721062971869,0.0019845115943716,-0.0140235580605965));
#4315=CARTESIAN_POINT('',(0.000292076773051332,0.00206623163410786,-0.0139637067453769));
#4316=CARTESIAN_POINT('',(0.000403968962764066,0.00195625185540106,-0.0141417049069942));
#4317=CARTESIAN_POINT('',(0.000417623683630885,0.00195544870334746,-0.0140285629450485));
#4318=CARTESIAN_POINT('',(0.000444409720865126,0.00205104472265914,-0.0139725976941408));
#4319=CARTESIAN_POINT('',(0.000444409720865155,0.00215208944531829,-0.0141451953882817));
#4320=CARTESIAN_POINT('',(0.000444409720865184,0.00205104472265894,-0.0139725976941405));
#4321=CARTESIAN_POINT('',(0.000403968962764055,0.00195625185540106,-0.0141417049069942));
#4322=CARTESIAN_POINT('',(-0.000403968962764631,0.00195625185540094,-0.0141417049069943));
#4323=CARTESIAN_POINT('',(-0.000157333908146301,0.00200777318732192,-0.0141085562148463));
#4324=CARTESIAN_POINT('',(0.000155582610183954,0.00200813902827559,-0.0141083208337198));
#4325=CARTESIAN_POINT('',(0.000403968962764062,0.00195625185540106,-0.0141417049069942));
#4326=CARTESIAN_POINT('',(-0.000444409720865779,0.00205104472265908,-0.0139725976941409));
#4327=CARTESIAN_POINT('',(-0.000138973149709595,0.00208149537360822,-0.0139547708187862));
#4328=CARTESIAN_POINT('',(0.000139743825237539,0.00208141854555657,-0.013954815796613));
#4329=CARTESIAN_POINT('',(0.000444409720865126,0.00205104472265914,-0.0139725976941408));
#4330=CARTESIAN_POINT('',(0.,0.,-0.0142));
#4331=CARTESIAN_POINT('',(-0.00101108138491912,-0.00195,-0.0142));
#4332=CARTESIAN_POINT('',(-0.000919034106540424,-0.00177247502969031,-0.0141965095187125));
#4333=CARTESIAN_POINT('',(-0.00101108138491912,-0.00195,-0.014));
#4334=CARTESIAN_POINT('',(0.,0.,-0.014));
#4335=CARTESIAN_POINT('',(0.,0.,-0.0141965095187125));
#4336=CARTESIAN_POINT('',(0.000403968962764059,0.00195625185540106,-0.0141417049069942));
#4337=CARTESIAN_POINT('',(0.000417623683630897,0.00195544870334745,-0.0140285629450484));
#4338=CARTESIAN_POINT('',(0.000444409720865147,0.00205104472265915,-0.0139725976941408));
#4339=CARTESIAN_POINT('',(0.000583363249017651,0.00191877691960244,-0.0141658162449664));
#4340=CARTESIAN_POINT('',(0.000607444469208552,0.0019147970657953,-0.0140365218618409));
#4341=CARTESIAN_POINT('',(0.000641941983249169,0.0020304342935921,-0.0139846637596774));
#4342=CARTESIAN_POINT('',(0.000754592807626728,0.00185773838366117,-0.0141965094143947));
#4343=CARTESIAN_POINT('',(0.000787225039637092,0.00184394833216193,-0.0140373271051671));
#4344=CARTESIAN_POINT('',(0.000829968935786868,0.00199695369425687,-0.014));
#4345=CARTESIAN_POINT('',(0.000919034106540419,0.00177247502969031,-0.0141965095187126));
#4346=CARTESIAN_POINT('',(0.000920612997605543,0.00177552012341166,-0.0140000000000001));
#4347=CARTESIAN_POINT('',(0.00101108138491911,0.00195,-0.014));
#4348=CARTESIAN_POINT('',(0.00101108138491912,0.00195,-0.0142));
#4349=CARTESIAN_POINT('',(0.00101108138491912,0.00195,-0.014));
#4350=CARTESIAN_POINT('',(0.000919034106540424,0.00177247502969031,-0.0141965095187125));
#4351=CARTESIAN_POINT('',(0.000403968962764062,0.00195625185540106,-0.0141417049069942));
#4352=CARTESIAN_POINT('',(0.000410447030991755,0.00195489860614831,-0.0141425755840751));
#4353=CARTESIAN_POINT('',(0.000435223990083444,0.0019502034764077,-0.0141459818579451));
#4354=CARTESIAN_POINT('',(0.000579791629654318,0.00191310289224158,-0.0141665107811955));
#4355=CARTESIAN_POINT('',(0.000692498953626362,0.00187510591109873,-0.0141828703962662));
#4356=CARTESIAN_POINT('',(0.000848663762818235,0.00180896228332511,-0.0141965095187125));
#4357=CARTESIAN_POINT('',(0.000919034106540427,0.0017724750296903,-0.0141965095187125));
#4358=CARTESIAN_POINT('',(0.00101108138491911,0.00195,-0.014));
#4359=CARTESIAN_POINT('',(0.000830786317702985,0.00199674179134743,-0.014));
#4360=CARTESIAN_POINT('',(0.000641895763018342,0.00203043913249049,-0.0139846609268172));
#4361=CARTESIAN_POINT('',(0.000444409720865185,0.00205104472265915,-0.0139725976941408));
#4362=CARTESIAN_POINT('',(-0.000403968962765207,-0.00195625185540082,-0.0141417049069944));
#4363=CARTESIAN_POINT('',(-0.000417623683632071,-0.0019554487033472,-0.0140285629450485));
#4364=CARTESIAN_POINT('',(-0.00044440972086641,-0.00205104472265901,-0.0139725976941409));
#4365=CARTESIAN_POINT('',(-0.000583363249018393,-0.00191877691960217,-0.0141658162449665));
#4366=CARTESIAN_POINT('',(-0.000607444469209236,-0.00191479706579489,-0.0140365218618415));
#4367=CARTESIAN_POINT('',(-0.00064194198324995,-0.002030434293592,-0.0139846637596775));
#4368=CARTESIAN_POINT('',(-0.000754592807627081,-0.00185773838366098,-0.0141965094143947));
#4369=CARTESIAN_POINT('',(-0.0007872250396374,-0.00184394833216196,-0.0140373271051666));
#4370=CARTESIAN_POINT('',(-0.000829968935787316,-0.00199695369425688,-0.014));
#4371=CARTESIAN_POINT('',(-0.000919034106540419,-0.00177247502969031,-0.0141965095187126));
#4372=CARTESIAN_POINT('',(-0.000920612997605541,-0.00177552012341165,-0.014));
#4373=CARTESIAN_POINT('',(-0.00101108138491911,-0.00195,-0.014));
#4374=CARTESIAN_POINT('',(-0.00044440972086641,-0.00215208944531803,-0.0141451953882818));
#4375=CARTESIAN_POINT('',(-0.000403968962765207,-0.00195625185540082,-0.0141417049069944));
#4376=CARTESIAN_POINT('',(-0.000444409720865784,-0.00205104472265922,-0.0139725976941408));
#4377=CARTESIAN_POINT('',(-0.00101108138491912,-0.00195,-0.014));
#4378=CARTESIAN_POINT('',(-0.000830786317703612,-0.00199674179134727,-0.014));
#4379=CARTESIAN_POINT('',(-0.000641895763019168,-0.00203043913249038,-0.0139846609268173));
#4380=CARTESIAN_POINT('',(-0.000444409720865785,-0.00205104472265922,-0.0139725976941408));
#4381=CARTESIAN_POINT('',(-0.000403968962765206,-0.00195625185540082,-0.0141417049069944));
#4382=CARTESIAN_POINT('',(-0.000410447030992744,-0.0019548986061481,-0.0141425755840752));
#4383=CARTESIAN_POINT('',(-0.000435223990084105,-0.00195020347640758,-0.0141459818579452));
#4384=CARTESIAN_POINT('',(-0.000579791629655753,-0.00191310289224104,-0.0141665107811957));
#4385=CARTESIAN_POINT('',(-0.000692498953620897,-0.00187510591110158,-0.0141828703962662));
#4386=CARTESIAN_POINT('',(-0.000848663762843276,-0.00180896228331212,-0.0141965095187125));
#4387=CARTESIAN_POINT('',(-0.000919034106540422,-0.00177247502969031,-0.0141965095187125));
#4388=CARTESIAN_POINT('',(0.000403968962764634,-0.00195625185540094,-0.0141417049069943));
#4389=CARTESIAN_POINT('',(0.000417623683631484,-0.00195544870334733,-0.0140285629450485));
#4390=CARTESIAN_POINT('',(0.000444409720865779,-0.00205104472265908,-0.0139725976941409));
#4391=CARTESIAN_POINT('',(0.000270929279147121,-0.00198404345007988,-0.0141238239176091));
#4392=CARTESIAN_POINT('',(0.000281359939605219,-0.00198458881710014,-0.0140235447632744));
#4393=CARTESIAN_POINT('',(0.000291691435287478,-0.00206627004813371,-0.0139636842564635));
#4394=CARTESIAN_POINT('',(0.000136619577257623,-0.00199787074980427,-0.0141168065987963));
#4395=CARTESIAN_POINT('',(0.000140097185743047,-0.00199952045228061,-0.0140220363432767));
#4396=CARTESIAN_POINT('',(0.00014729481744647,-0.00207391562172415,-0.013963310619785));
#4397=CARTESIAN_POINT('',(-0.000133963080350983,-0.00199805242140907,-0.0141167041776781));
#4398=CARTESIAN_POINT('',(-0.00013735167989031,-0.00199970973731532,-0.0140220121090934));
#4399=CARTESIAN_POINT('',(-0.000144430747368024,-0.0020740154587244,-0.0139632859521338));
#4400=CARTESIAN_POINT('',(-0.00027128131893511,-0.00198396991008832,-0.014123871228795));
#4401=CARTESIAN_POINT('',(-0.000281721062972765,-0.00198451159437113,-0.0140235580605978));
#4402=CARTESIAN_POINT('',(-0.000292076773052348,-0.00206623163410747,-0.0139637067453771));
#4403=CARTESIAN_POINT('',(-0.00040396896276521,-0.00195625185540082,-0.0141417049069944));
#4404=CARTESIAN_POINT('',(-0.000417623683632092,-0.0019554487033472,-0.0140285629450485));
#4405=CARTESIAN_POINT('',(-0.000444409720866442,-0.00205104472265901,-0.0139725976941409));
#4406=CARTESIAN_POINT('',(0.000444409720865778,-0.00215208944531816,-0.0141451953882818));
#4407=CARTESIAN_POINT('',(0.000403968962764633,-0.00195625185540094,-0.0141417049069943));
#4408=CARTESIAN_POINT('',(0.000444409720865784,-0.00205104472265908,-0.0139725976941409));
#4409=CARTESIAN_POINT('',(0.000444409720865779,-0.00205104472265908,-0.0139725976941409));
#4410=CARTESIAN_POINT('',(0.000138973149709176,-0.00208149537360833,-0.0139547708187862));
#4411=CARTESIAN_POINT('',(-0.000139743825238254,-0.00208141854555593,-0.0139548157966133));
#4412=CARTESIAN_POINT('',(-0.000444409720866442,-0.00205104472265901,-0.0139725976941409));
#4413=CARTESIAN_POINT('',(0.000403968962764637,-0.00195625185540094,-0.0141417049069943));
#4414=CARTESIAN_POINT('',(0.000157333908054174,-0.00200777318734116,-0.0141085562148339));
#4415=CARTESIAN_POINT('',(-0.000155582610276642,-0.00200813902825638,-0.0141083208337321));
#4416=CARTESIAN_POINT('',(-0.000403968962765206,-0.00195625185540082,-0.0141417049069944));
#4417=CARTESIAN_POINT('',(0.000919034106540425,-0.00177247502969031,-0.0141965095187125));
#4418=CARTESIAN_POINT('',(0.000920612997605546,-0.00177552012341165,-0.014));
#4419=CARTESIAN_POINT('',(0.00101108138491912,-0.00195,-0.014));
#4420=CARTESIAN_POINT('',(0.000754592807625366,-0.00185773838366158,-0.01419650941441));
#4421=CARTESIAN_POINT('',(0.000787225039638333,-0.00184394833216186,-0.0140373271051805));
#4422=CARTESIAN_POINT('',(0.000829968935787962,-0.00199695369425669,-0.014));
#4423=CARTESIAN_POINT('',(0.00058336324902041,-0.00191877691960217,-0.0141658162449465));
#4424=CARTESIAN_POINT('',(0.00060744446920833,-0.00191479706579538,-0.0140365218618237));
#4425=CARTESIAN_POINT('',(0.00064194198324954,-0.0020304342935967,-0.0139846637596748));
#4426=CARTESIAN_POINT('',(0.000403968962764636,-0.00195625185540094,-0.0141417049069944));
#4427=CARTESIAN_POINT('',(0.000417623683631485,-0.00195544870334732,-0.0140285629450485));
#4428=CARTESIAN_POINT('',(0.000444409720865782,-0.0020510447226591,-0.0139725976941409));
#4429=CARTESIAN_POINT('',(0.00101108138491912,-0.00195,-0.0142));
#4430=CARTESIAN_POINT('',(0.00101108138491912,-0.00195,-0.014));
#4431=CARTESIAN_POINT('',(0.000919034106540425,-0.00177247502969031,-0.0141965095187125));
#4432=CARTESIAN_POINT('',(0.000444409720865785,-0.00205104472265908,-0.0139725976941409));
#4433=CARTESIAN_POINT('',(0.000641895763018748,-0.00203043913249042,-0.0139846609268172));
#4434=CARTESIAN_POINT('',(0.000830786317703193,-0.00199674179134738,-0.014));
#4435=CARTESIAN_POINT('',(0.00101108138491912,-0.00195,-0.014));
#4436=CARTESIAN_POINT('',(0.000919034106540425,-0.00177247502969031,-0.0141965095187125));
#4437=CARTESIAN_POINT('',(0.00084867432858336,-0.0018089568049413,-0.0141965095187125));
#4438=CARTESIAN_POINT('',(0.000692479645539477,-0.00187511117837456,-0.0141828681198779));
#4439=CARTESIAN_POINT('',(0.0005798142920894,-0.00191309746706883,-0.0141665138163801));
#4440=CARTESIAN_POINT('',(0.000435184661003422,-0.0019502127992602,-0.0141459765463724));
#4441=CARTESIAN_POINT('',(0.000410429529495374,-0.00195490226215903,-0.0141425732318072));
#4442=CARTESIAN_POINT('',(0.000403968962764637,-0.00195625185540094,-0.0141417049069943));
#4443=CARTESIAN_POINT('',(-0.00295,0.00195,-0.0002));
#4444=CARTESIAN_POINT('',(-0.00295,0.00195,-0.0002));
#4445=CARTESIAN_POINT('',(-0.00295,0.00215,-0.0002));
#4446=CARTESIAN_POINT('',(-0.00295,0.00195,0.));
#4447=CARTESIAN_POINT('',(-0.00295,0.00195,0.));
#4448=CARTESIAN_POINT('',(0.00295,0.00195,0.));
#4449=CARTESIAN_POINT('',(0.00295,0.00195,-0.0002));
#4450=CARTESIAN_POINT('',(0.00295,0.00215,-0.0002));
#4451=CARTESIAN_POINT('',(-0.00295,0.00215,-0.0002));
#4452=CARTESIAN_POINT('',(-0.00295,-0.00195,-0.0002));
#4453=CARTESIAN_POINT('',(-0.00295,-0.00195,-0.0002));
#4454=CARTESIAN_POINT('',(-0.00295,-0.00195,0.));
#4455=CARTESIAN_POINT('',(-0.00295,-0.00215,-0.0002));
#4456=CARTESIAN_POINT('',(-0.00295,-0.00215,-0.0002));
#4457=CARTESIAN_POINT('',(0.00295,-0.00215,-0.0002));
#4458=CARTESIAN_POINT('',(0.00295,-0.00195,-0.0002));
#4459=CARTESIAN_POINT('',(0.00295,-0.00195,0.));
#4460=CARTESIAN_POINT('',(-0.00295,-0.00195,0.));
#4461=CARTESIAN_POINT('',(-0.00295,-7.99880118231366E-19,-0.0002));
#4462=CARTESIAN_POINT('',(-0.00295,-7.99880118231366E-19,-0.0002));
#4463=CARTESIAN_POINT('',(-0.00295,-7.99880118231366E-19,0.));
#4464=CARTESIAN_POINT('',(-0.00295,0.00195,-0.0138));
#4465=CARTESIAN_POINT('',(0.00295,0.00195,-0.014));
#4466=CARTESIAN_POINT('',(0.00295,0.00195,-0.014));
#4467=CARTESIAN_POINT('',(0.000444409720865157,0.00195,-0.0137999999999995));
#4468=CARTESIAN_POINT('',(0.000444409720865784,0.00215,-0.0138));
#4469=CARTESIAN_POINT('',(-0.00295,0.00215,-0.0138));
#4470=CARTESIAN_POINT('',(0.00295,0.00215,-0.0138));
#4471=CARTESIAN_POINT('',(0.00295,0.00195,-0.0138));
#4472=CARTESIAN_POINT('',(-0.00295,-0.00195,-0.0138));
#4473=CARTESIAN_POINT('',(0.000444409720865784,-0.00195,-0.0138));
#4474=CARTESIAN_POINT('',(0.000444409720865784,-0.00215,-0.0138));
#4475=CARTESIAN_POINT('',(-0.00295,-0.00195,-0.014));
#4476=CARTESIAN_POINT('',(0.00295,-0.00195,-0.014));
#4477=CARTESIAN_POINT('',(0.00295,-0.00195,-0.0138));
#4478=CARTESIAN_POINT('',(0.00295,-0.00215,-0.0138));
#4479=CARTESIAN_POINT('',(0.00295,-0.00215,-0.0138));
#4480=CARTESIAN_POINT('',(-0.000444409720865784,0.00215,-0.0137987253218889));
#4481=CARTESIAN_POINT('',(-0.000444409720865783,0.00215,-0.0138636469887383));
#4482=CARTESIAN_POINT('',(-0.000444409720865783,0.00210867583570048,-0.0139426435142516));
#4483=CARTESIAN_POINT('',(-0.000444409720865783,0.00204283756585939,-0.0139771473577712));
#4484=CARTESIAN_POINT('',(-0.000148005669006922,0.00215,-0.0137989321642616));
#4485=CARTESIAN_POINT('',(-0.000152529541587673,0.00215000000000006,-0.0138533269414837));
#4486=CARTESIAN_POINT('',(-0.000158210796485321,0.0021269208894528,-0.0139138170678624));
#4487=CARTESIAN_POINT('',(-0.000160896483928746,0.00208320106059219,-0.013955904639328));
#4488=CARTESIAN_POINT('',(0.00014806432855518,0.00215,-0.0137989321141916));
#4489=CARTESIAN_POINT('',(0.000152587552917107,0.00215,-0.0138533294231339));
#4490=CARTESIAN_POINT('',(0.000158268050714537,0.00212691741628697,-0.0139138230032305));
#4491=CARTESIAN_POINT('',(0.000160953444076479,0.00208319316640197,-0.013955908952225));
#4492=CARTESIAN_POINT('',(0.000444409720865154,0.00215,-0.0137987253218889));
#4493=CARTESIAN_POINT('',(0.000444409720865164,0.00215,-0.0138636469887382));
#4494=CARTESIAN_POINT('',(0.000444409720865176,0.00210867583570052,-0.0139426435142515));
#4495=CARTESIAN_POINT('',(0.000444409720865182,0.00204283756585947,-0.0139771473577711));
#4496=CARTESIAN_POINT('',(-0.000444409720865784,0.00195,-0.0138));
#4497=CARTESIAN_POINT('',(-0.000444409720865784,0.00215,-0.0138));
#4498=CARTESIAN_POINT('',(0.000444409720865784,0.00215,-0.0138));
#4499=CARTESIAN_POINT('',(0.000411265239691665,0.00215,-0.0138));
#4500=CARTESIAN_POINT('',(0.000378120597785527,0.00215,-0.0138004024939327));
#4501=CARTESIAN_POINT('',(0.000344981052707403,0.00215,-0.0138009744942094));
#4502=CARTESIAN_POINT('',(0.000233943107042861,0.00215,-0.0138028910484497));
#4503=CARTESIAN_POINT('',(0.000122915179027665,0.00215,-0.013806167250508));
#4504=CARTESIAN_POINT('',(1.18608311309775E-5,0.00215,-0.013806341522707));
#4505=CARTESIAN_POINT('',(-0.000140243854592474,0.00215,-0.0138065802132092));
#4506=CARTESIAN_POINT('',(-0.000292304847859736,0.00215,-0.0138));
#4507=CARTESIAN_POINT('',(-0.000444409720865784,0.00215,-0.0138));
#4508=CARTESIAN_POINT('',(0.000444409720865784,-0.00215,-0.0137987253218889));
#4509=CARTESIAN_POINT('',(0.000444409720865783,-0.00215,-0.0138636469887383));
#4510=CARTESIAN_POINT('',(0.000444409720865783,-0.00210867583570045,-0.0139426435142516));
#4511=CARTESIAN_POINT('',(0.000444409720865783,-0.00204283756585934,-0.0139771473577712));
#4512=CARTESIAN_POINT('',(0.000148005669006484,-0.00215,-0.0137989321642616));
#4513=CARTESIAN_POINT('',(0.00015252954158727,-0.00215000000000006,-0.0138533269414834));
#4514=CARTESIAN_POINT('',(0.000158210796484915,-0.00212692088945284,-0.0139138170678619));
#4515=CARTESIAN_POINT('',(0.000160896483928286,-0.00208320106059228,-0.0139559046393278));
#4516=CARTESIAN_POINT('',(-0.000148064328556057,-0.00215,-0.0137989321141919));
#4517=CARTESIAN_POINT('',(-0.000152587552918009,-0.00215,-0.0138533294231339));
#4518=CARTESIAN_POINT('',(-0.000158268050715457,-0.00212691741628698,-0.0139138230032304));
#4519=CARTESIAN_POINT('',(-0.000160953444077374,-0.00208319316640199,-0.0139559089522249));
#4520=CARTESIAN_POINT('',(-0.000444409720866472,-0.00215,-0.0137987253218889));
#4521=CARTESIAN_POINT('',(-0.000444409720866461,-0.00215,-0.0138636469887383));
#4522=CARTESIAN_POINT('',(-0.000444409720866447,-0.00210867583570041,-0.0139426435142517));
#4523=CARTESIAN_POINT('',(-0.000444409720866441,-0.00204283756585925,-0.0139771473577712));
#4524=CARTESIAN_POINT('',(-0.000444409720865784,-0.00195,-0.0138));
#4525=CARTESIAN_POINT('',(-0.000444409720865784,-0.00215,-0.0138));
#4526=CARTESIAN_POINT('',(-0.000444409720865784,-0.00215,-0.0138));
#4527=CARTESIAN_POINT('',(-0.000411265239691665,-0.00215,-0.0138));
#4528=CARTESIAN_POINT('',(-0.000378120597785527,-0.00215,-0.0138004024939327));
#4529=CARTESIAN_POINT('',(-0.000344981052707403,-0.00215,-0.0138009744942094));
#4530=CARTESIAN_POINT('',(-0.000233943107042861,-0.00215,-0.0138028910484497));
#4531=CARTESIAN_POINT('',(-0.000122915179027665,-0.00215,-0.013806167250508));
#4532=CARTESIAN_POINT('',(-1.18608311309775E-5,-0.00215,-0.013806341522707));
#4533=CARTESIAN_POINT('',(0.000140243854592474,-0.00215,-0.0138065802132092));
#4534=CARTESIAN_POINT('',(0.000292304847859736,-0.00215,-0.0138));
#4535=CARTESIAN_POINT('',(0.000444409720865784,-0.00215,-0.0138));
#4536=CARTESIAN_POINT('',(-0.00295,0.00195,-0.0138));
#4537=CARTESIAN_POINT('',(0.00295,0.00195,-0.014));
#4538=CARTESIAN_POINT('',(-0.00295,0.00195,-0.014));
#4539=CARTESIAN_POINT('',(-0.00295,0.00195,-0.0138));
#4540=CARTESIAN_POINT('',(-0.00295,0.00215,-0.0138));
#4541=CARTESIAN_POINT('',(-0.00295,0.00215,-0.0138));
#4542=CARTESIAN_POINT('',(-0.00295,-0.00195,-0.0138));
#4543=CARTESIAN_POINT('',(-0.00295,-0.00195,-0.014));
#4544=CARTESIAN_POINT('',(-0.00295,-0.00195,-0.014));
#4545=CARTESIAN_POINT('',(0.00295,-0.00215,-0.0138));
#4546=CARTESIAN_POINT('',(-0.00295,-0.00215,-0.0138));
#4547=CARTESIAN_POINT('',(-0.00295,-0.00195,-0.0138));
#4548=CARTESIAN_POINT('',(-0.00295,-7.99880118231366E-19,-0.0138));
#4549=CARTESIAN_POINT('',(-0.00295,-7.99880118231366E-19,-0.014));
#4550=CARTESIAN_POINT('',(-0.00295,-7.99880118231366E-19,-0.0138));
#4551=CARTESIAN_POINT('',(0.,0.,-0.019));
#4552=CARTESIAN_POINT('',(0.,0.,-0.019));
#4553=CARTESIAN_POINT('',(-0.00171618522273577,0.,-0.019));
#4554=CARTESIAN_POINT('',(0.,0.,-0.019));
#4555=CARTESIAN_POINT('',(-0.0013,0.,-0.019));
#4556=CARTESIAN_POINT('',(-0.00295,-7.99880118231366E-19,-0.014));
#4557=CARTESIAN_POINT('',(0.,0.,-0.014));
#4558=CARTESIAN_POINT('',(0.00295,1.00647391051098E-18,-0.014));
#4559=CARTESIAN_POINT('',(-0.00295,-0.00215,-0.014));
#4560=CARTESIAN_POINT('',(-0.00295,-0.00215,-0.014));
#4561=CARTESIAN_POINT('',(0.00295,-0.00215,-0.014));
#4562=CARTESIAN_POINT('',(-0.00295,0.00215,-0.014));
#4563=CARTESIAN_POINT('',(0.00295,0.00215,-0.014));
#4564=CARTESIAN_POINT('',(-0.00295,0.00215,-0.014));
#4565=CARTESIAN_POINT('',(-0.00295,-7.99880118231366E-19,-0.014));
#4566=CARTESIAN_POINT('',(-0.00295,-7.99880118231366E-19,0.));
#4567=CARTESIAN_POINT('',(0.00295,1.00647391051098E-18,0.));
#4568=CARTESIAN_POINT('',(0.00295,-0.00125,0.));
#4569=CARTESIAN_POINT('',(0.00295,0.00125,0.));
#4570=CARTESIAN_POINT('',(0.00295,-0.00125,0.));
#4571=CARTESIAN_POINT('',(-0.00295,-0.00125,0.));
#4572=CARTESIAN_POINT('',(-0.00295,-7.99880118231366E-19,0.));
#4573=CARTESIAN_POINT('',(-0.00295,0.00125,0.));
#4574=CARTESIAN_POINT('',(0.00295,0.00125,0.));
#4575=CARTESIAN_POINT('',(0.00295,1.00647391051098E-18,0.));
#4576=CARTESIAN_POINT('',(-0.00295,-7.99880118231366E-19,0.));
#4577=CARTESIAN_POINT('',(0.00219,-0.0005,0.));
#4578=CARTESIAN_POINT('',(0.00219,0.00044,0.));
#4579=CARTESIAN_POINT('',(0.00219,0.0005,0.));
#4580=CARTESIAN_POINT('',(0.003,0.00044,0.));
#4581=CARTESIAN_POINT('',(0.00197,0.00044,0.));
#4582=CARTESIAN_POINT('',(0.00197,0.0005,0.));
#4583=CARTESIAN_POINT('',(0.00197,0.0005,0.));
#4584=CARTESIAN_POINT('',(0.00167,0.0005,0.));
#4585=CARTESIAN_POINT('',(0.00167,0.0005,0.));
#4586=CARTESIAN_POINT('',(0.00167,-0.0005,0.));
#4587=CARTESIAN_POINT('',(0.00167,0.00044,0.));
#4588=CARTESIAN_POINT('',(0.003,0.00044,0.));
#4589=CARTESIAN_POINT('',(0.00145,0.00044,0.));
#4590=CARTESIAN_POINT('',(0.00145,0.0005,0.));
#4591=CARTESIAN_POINT('',(0.00145,0.0005,0.));
#4592=CARTESIAN_POINT('',(0.00115,0.0005,0.));
#4593=CARTESIAN_POINT('',(0.00115,0.0005,0.));
#4594=CARTESIAN_POINT('',(0.00115,-0.0005,0.));
#4595=CARTESIAN_POINT('',(0.00115,0.00044,0.));
#4596=CARTESIAN_POINT('',(0.003,0.00044,0.));
#4597=CARTESIAN_POINT('',(0.00093,0.00044,0.));
#4598=CARTESIAN_POINT('',(0.00093,0.0005,0.));
#4599=CARTESIAN_POINT('',(0.00093,0.0005,0.));
#4600=CARTESIAN_POINT('',(0.00063,0.0005,0.));
#4601=CARTESIAN_POINT('',(0.00063,0.0005,0.));
#4602=CARTESIAN_POINT('',(0.00063,-0.0005,0.));
#4603=CARTESIAN_POINT('',(0.00063,0.00044,0.));
#4604=CARTESIAN_POINT('',(0.003,0.00044,0.));
#4605=CARTESIAN_POINT('',(0.00041,0.00044,0.));
#4606=CARTESIAN_POINT('',(0.00041,0.0005,0.));
#4607=CARTESIAN_POINT('',(0.00041,0.0005,0.));
#4608=CARTESIAN_POINT('',(0.000110000000000001,0.0005,0.));
#4609=CARTESIAN_POINT('',(0.000110000000000001,0.0005,0.));
#4610=CARTESIAN_POINT('',(0.000110000000000001,-0.0005,0.));
#4611=CARTESIAN_POINT('',(0.000110000000000001,0.00044,0.));
#4612=CARTESIAN_POINT('',(0.003,0.00044,0.));
#4613=CARTESIAN_POINT('',(-0.00011,0.00044,0.));
#4614=CARTESIAN_POINT('',(-0.00011,0.0005,0.));
#4615=CARTESIAN_POINT('',(-0.00011,0.0005,0.));
#4616=CARTESIAN_POINT('',(-0.00041,0.0005,0.));
#4617=CARTESIAN_POINT('',(-0.00041,0.0005,0.));
#4618=CARTESIAN_POINT('',(-0.00041,-0.0005,0.));
#4619=CARTESIAN_POINT('',(-0.00041,0.00044,0.));
#4620=CARTESIAN_POINT('',(0.003,0.00044,0.));
#4621=CARTESIAN_POINT('',(-0.00063,0.00044,0.));
#4622=CARTESIAN_POINT('',(-0.00063,0.0005,0.));
#4623=CARTESIAN_POINT('',(-0.00063,0.0005,0.));
#4624=CARTESIAN_POINT('',(-0.00093,0.0005,0.));
#4625=CARTESIAN_POINT('',(-0.00093,0.0005,0.));
#4626=CARTESIAN_POINT('',(-0.00093,-0.0005,0.));
#4627=CARTESIAN_POINT('',(-0.00093,0.00044,0.));
#4628=CARTESIAN_POINT('',(0.003,0.00044,0.));
#4629=CARTESIAN_POINT('',(-0.00115,0.00044,0.));
#4630=CARTESIAN_POINT('',(-0.00115,0.0005,0.));
#4631=CARTESIAN_POINT('',(-0.00115,0.0005,0.));
#4632=CARTESIAN_POINT('',(-0.00145,0.0005,0.));
#4633=CARTESIAN_POINT('',(-0.00145,0.0005,0.));
#4634=CARTESIAN_POINT('',(-0.00145,-0.0005,0.));
#4635=CARTESIAN_POINT('',(-0.00145,0.00044,0.));
#4636=CARTESIAN_POINT('',(0.003,0.00044,0.));
#4637=CARTESIAN_POINT('',(-0.00167,0.00044,0.));
#4638=CARTESIAN_POINT('',(-0.00167,0.0005,0.));
#4639=CARTESIAN_POINT('',(-0.00167,0.0005,0.));
#4640=CARTESIAN_POINT('',(-0.00197,0.0005,0.));
#4641=CARTESIAN_POINT('',(-0.00197,0.0005,0.));
#4642=CARTESIAN_POINT('',(-0.00197,-0.0005,0.));
#4643=CARTESIAN_POINT('',(-0.00197,0.00044,0.));
#4644=CARTESIAN_POINT('',(0.003,0.00044,0.));
#4645=CARTESIAN_POINT('',(-0.00219,0.00044,0.));
#4646=CARTESIAN_POINT('',(-0.00219,0.0005,0.));
#4647=CARTESIAN_POINT('',(-0.00219,0.0005,0.));
#4648=CARTESIAN_POINT('',(-0.00249,0.0005,0.));
#4649=CARTESIAN_POINT('',(-0.00249,0.0005,0.));
#4650=CARTESIAN_POINT('',(-0.00249,-0.0005,0.));
#4651=CARTESIAN_POINT('',(-0.00249,0.00044,0.));
#4652=CARTESIAN_POINT('',(0.003,0.00044,0.));
#4653=CARTESIAN_POINT('',(-0.00271,0.00044,0.));
#4654=CARTESIAN_POINT('',(-0.00271,0.0005,0.));
#4655=CARTESIAN_POINT('',(-0.00271,0.0005,0.));
#4656=CARTESIAN_POINT('',(-0.00301,0.0005,0.));
#4657=CARTESIAN_POINT('',(-0.00301,0.0005,0.));
#4658=CARTESIAN_POINT('',(-0.00301,-0.0005,0.));
#4659=CARTESIAN_POINT('',(-0.00301,0.000439886348958455,0.));
#4660=CARTESIAN_POINT('',(-0.003,-7.47838596236225E-19,0.));
#4661=CARTESIAN_POINT('',(-0.00301,-0.000439886348958456,0.));
#4662=CARTESIAN_POINT('',(-0.00301,-0.0005,0.));
#4663=CARTESIAN_POINT('',(-0.00301,-0.0005,0.));
#4664=CARTESIAN_POINT('',(-0.00301,-0.0005,0.));
#4665=CARTESIAN_POINT('',(-0.00271,-0.0005,0.));
#4666=CARTESIAN_POINT('',(-0.00271,0.0005,0.));
#4667=CARTESIAN_POINT('',(-0.00271,-0.00044,0.));
#4668=CARTESIAN_POINT('',(0.003,-0.00044,0.));
#4669=CARTESIAN_POINT('',(-0.00249,-0.00044,0.));
#4670=CARTESIAN_POINT('',(-0.00249,-0.0005,0.));
#4671=CARTESIAN_POINT('',(-0.00249,-0.0005,0.));
#4672=CARTESIAN_POINT('',(-0.00249,-0.0005,0.));
#4673=CARTESIAN_POINT('',(-0.00219,-0.0005,0.));
#4674=CARTESIAN_POINT('',(-0.00219,0.0005,0.));
#4675=CARTESIAN_POINT('',(-0.00219,-0.00044,0.));
#4676=CARTESIAN_POINT('',(0.003,-0.00044,0.));
#4677=CARTESIAN_POINT('',(-0.00197,-0.00044,0.));
#4678=CARTESIAN_POINT('',(-0.00197,-0.0005,0.));
#4679=CARTESIAN_POINT('',(-0.00197,-0.0005,0.));
#4680=CARTESIAN_POINT('',(-0.00197,-0.0005,0.));
#4681=CARTESIAN_POINT('',(-0.00167,-0.0005,0.));
#4682=CARTESIAN_POINT('',(-0.00167,0.0005,0.));
#4683=CARTESIAN_POINT('',(-0.00167,-0.00044,0.));
#4684=CARTESIAN_POINT('',(0.003,-0.00044,0.));
#4685=CARTESIAN_POINT('',(-0.00145,-0.00044,0.));
#4686=CARTESIAN_POINT('',(-0.00145,-0.0005,0.));
#4687=CARTESIAN_POINT('',(-0.00145,-0.0005,0.));
#4688=CARTESIAN_POINT('',(-0.00145,-0.0005,0.));
#4689=CARTESIAN_POINT('',(-0.00115,-0.0005,0.));
#4690=CARTESIAN_POINT('',(-0.00115,0.0005,0.));
#4691=CARTESIAN_POINT('',(-0.00115,-0.00044,0.));
#4692=CARTESIAN_POINT('',(0.003,-0.00044,0.));
#4693=CARTESIAN_POINT('',(-0.00093,-0.00044,0.));
#4694=CARTESIAN_POINT('',(-0.00093,-0.0005,0.));
#4695=CARTESIAN_POINT('',(-0.00093,-0.0005,0.));
#4696=CARTESIAN_POINT('',(-0.00093,-0.0005,0.));
#4697=CARTESIAN_POINT('',(-0.00063,-0.0005,0.));
#4698=CARTESIAN_POINT('',(-0.00063,0.0005,0.));
#4699=CARTESIAN_POINT('',(-0.00063,-0.00044,0.));
#4700=CARTESIAN_POINT('',(0.003,-0.00044,0.));
#4701=CARTESIAN_POINT('',(-0.00041,-0.00044,0.));
#4702=CARTESIAN_POINT('',(-0.00041,-0.0005,0.));
#4703=CARTESIAN_POINT('',(-0.00041,-0.0005,0.));
#4704=CARTESIAN_POINT('',(-0.00041,-0.0005,0.));
#4705=CARTESIAN_POINT('',(-0.00011,-0.0005,0.));
#4706=CARTESIAN_POINT('',(-0.00011,0.0005,0.));
#4707=CARTESIAN_POINT('',(-0.00011,-0.00044,0.));
#4708=CARTESIAN_POINT('',(0.003,-0.00044,0.));
#4709=CARTESIAN_POINT('',(0.000110000000000001,-0.00044,0.));
#4710=CARTESIAN_POINT('',(0.000110000000000001,-0.0005,0.));
#4711=CARTESIAN_POINT('',(0.000110000000000001,-0.0005,0.));
#4712=CARTESIAN_POINT('',(0.000110000000000001,-0.0005,0.));
#4713=CARTESIAN_POINT('',(0.00041,-0.0005,0.));
#4714=CARTESIAN_POINT('',(0.00041,0.0005,0.));
#4715=CARTESIAN_POINT('',(0.00041,-0.00044,0.));
#4716=CARTESIAN_POINT('',(0.003,-0.00044,0.));
#4717=CARTESIAN_POINT('',(0.00063,-0.00044,0.));
#4718=CARTESIAN_POINT('',(0.00063,-0.0005,0.));
#4719=CARTESIAN_POINT('',(0.00063,-0.0005,0.));
#4720=CARTESIAN_POINT('',(0.00063,-0.0005,0.));
#4721=CARTESIAN_POINT('',(0.00093,-0.0005,0.));
#4722=CARTESIAN_POINT('',(0.00093,0.0005,0.));
#4723=CARTESIAN_POINT('',(0.00093,-0.00044,0.));
#4724=CARTESIAN_POINT('',(0.003,-0.00044,0.));
#4725=CARTESIAN_POINT('',(0.00115,-0.00044,0.));
#4726=CARTESIAN_POINT('',(0.00115,-0.0005,0.));
#4727=CARTESIAN_POINT('',(0.00115,-0.0005,0.));
#4728=CARTESIAN_POINT('',(0.00115,-0.0005,0.));
#4729=CARTESIAN_POINT('',(0.00145,-0.0005,0.));
#4730=CARTESIAN_POINT('',(0.00145,0.0005,0.));
#4731=CARTESIAN_POINT('',(0.00145,-0.00044,0.));
#4732=CARTESIAN_POINT('',(0.003,-0.00044,0.));
#4733=CARTESIAN_POINT('',(0.00167,-0.00044,0.));
#4734=CARTESIAN_POINT('',(0.00167,-0.0005,0.));
#4735=CARTESIAN_POINT('',(0.00167,-0.0005,0.));
#4736=CARTESIAN_POINT('',(0.00167,-0.0005,0.));
#4737=CARTESIAN_POINT('',(0.00197,-0.0005,0.));
#4738=CARTESIAN_POINT('',(0.00197,0.0005,0.));
#4739=CARTESIAN_POINT('',(0.00197,-0.00044,0.));
#4740=CARTESIAN_POINT('',(0.003,-0.00044,0.));
#4741=CARTESIAN_POINT('',(0.00219,-0.00044,0.));
#4742=CARTESIAN_POINT('',(0.00219,-0.0005,0.));
#4743=CARTESIAN_POINT('',(0.00219,-0.0005,0.));
#4744=CARTESIAN_POINT('',(0.00219,-0.0005,0.));
#4745=CARTESIAN_POINT('',(0.00249,-0.0005,0.));
#4746=CARTESIAN_POINT('',(0.00249,0.0005,0.));
#4747=CARTESIAN_POINT('',(0.00249,-0.00044,0.));
#4748=CARTESIAN_POINT('',(0.003,-0.00044,0.));
#4749=CARTESIAN_POINT('',(0.00271,-0.00044,0.));
#4750=CARTESIAN_POINT('',(0.00271,-0.0005,0.));
#4751=CARTESIAN_POINT('',(0.00271,-0.0005,0.));
#4752=CARTESIAN_POINT('',(0.00271,-0.0005,0.));
#4753=CARTESIAN_POINT('',(0.00301,-0.0005,0.));
#4754=CARTESIAN_POINT('',(0.00301,0.0005,0.));
#4755=CARTESIAN_POINT('',(0.00301,-0.000439886348958454,0.));
#4756=CARTESIAN_POINT('',(0.003,1.0891316024848E-18,0.));
#4757=CARTESIAN_POINT('',(0.00301,0.000439886348958456,0.));
#4758=CARTESIAN_POINT('',(0.00301,0.0005,0.));
#4759=CARTESIAN_POINT('',(0.00301,0.0005,0.));
#4760=CARTESIAN_POINT('',(0.00271,0.0005,0.));
#4761=CARTESIAN_POINT('',(0.00271,0.0005,0.));
#4762=CARTESIAN_POINT('',(0.00271,-0.0005,0.));
#4763=CARTESIAN_POINT('',(0.00271,0.00044,0.));
#4764=CARTESIAN_POINT('',(0.003,0.00044,0.));
#4765=CARTESIAN_POINT('',(0.00249,0.00044,0.));
#4766=CARTESIAN_POINT('',(0.00249,0.0005,0.));
#4767=CARTESIAN_POINT('',(0.00249,0.0005,0.));
#4768=CARTESIAN_POINT('',(0.00219,0.0005,0.));
#4769=CARTESIAN_POINT('',(-0.00271,0.0005,-0.00104403065089105));
#4770=CARTESIAN_POINT('',(-0.00271,0.00044,0.0166934498270973));
#4771=CARTESIAN_POINT('',(-0.00271,0.00044,0.0082));
#4772=CARTESIAN_POINT('',(-0.00271,1.00647391051098E-18,0.0082));
#4773=CARTESIAN_POINT('',(-0.00271,0.0005,0.0082));
#4774=CARTESIAN_POINT('',(-0.00271,0.0005,-0.00104403065089105));
#4775=CARTESIAN_POINT('',(-0.00301,0.0005,-0.00104403065089105));
#4776=CARTESIAN_POINT('',(-0.00301,0.0005,0.0082));
#4777=CARTESIAN_POINT('',(-0.00301,0.0005,0.0082));
#4778=CARTESIAN_POINT('',(-0.00301,0.0005,-0.00104403065089105));
#4779=CARTESIAN_POINT('',(-0.00301,-0.0005,-0.00104403065089105));
#4780=CARTESIAN_POINT('',(-0.00301,0.000439886348958455,0.0166934498270973));
#4781=CARTESIAN_POINT('',(-0.00301,0.000439886348958455,0.0082));
#4782=CARTESIAN_POINT('',(-0.00301,-0.0005,0.0082));
#4783=CARTESIAN_POINT('',(-0.00271,0.0005,-0.00104403065089105));
#4784=CARTESIAN_POINT('',(-0.00271,-0.00044,0.0166934498270973));
#4785=CARTESIAN_POINT('',(-0.00271,-0.00044,0.0082));
#4786=CARTESIAN_POINT('',(-0.00271,-0.0005,-0.00104403065089105));
#4787=CARTESIAN_POINT('',(-0.00271,-0.0005,0.0082));
#4788=CARTESIAN_POINT('',(-0.00271,0.0005,0.0082));
#4789=CARTESIAN_POINT('',(-0.00301,-0.0005,-0.00104403065089105));
#4790=CARTESIAN_POINT('',(-0.00301,-0.0005,-0.00104403065089105));
#4791=CARTESIAN_POINT('',(-0.00301,-0.0005,0.0082));
#4792=CARTESIAN_POINT('',(-0.00301,-0.0005,0.0082));
#4793=CARTESIAN_POINT('',(-0.00301,-0.0005,-0.00104403065089105));
#4794=CARTESIAN_POINT('',(-0.00301,-0.000439886348958456,0.0166934498270973));
#4795=CARTESIAN_POINT('',(-0.00301,-0.000439886348958456,0.0082));
#4796=CARTESIAN_POINT('',(-0.00301,1.00647391051098E-18,0.0082));
#4797=CARTESIAN_POINT('',(-0.00219,0.0005,-0.00104403065089105));
#4798=CARTESIAN_POINT('',(-0.00219,0.00044,0.0166934498270973));
#4799=CARTESIAN_POINT('',(-0.00219,0.00044,0.0082));
#4800=CARTESIAN_POINT('',(-0.00219,1.00647391051098E-18,0.0082));
#4801=CARTESIAN_POINT('',(-0.00219,0.0005,0.0082));
#4802=CARTESIAN_POINT('',(-0.00219,0.0005,-0.00104403065089105));
#4803=CARTESIAN_POINT('',(-0.00301,0.0005,-0.00104403065089105));
#4804=CARTESIAN_POINT('',(-0.00249,0.0005,0.0082));
#4805=CARTESIAN_POINT('',(-0.00249,0.0005,0.0082));
#4806=CARTESIAN_POINT('',(-0.00249,0.0005,-0.00104403065089105));
#4807=CARTESIAN_POINT('',(-0.00249,-0.0005,-0.00104403065089105));
#4808=CARTESIAN_POINT('',(-0.00249,0.00044,0.0166934498270973));
#4809=CARTESIAN_POINT('',(-0.00249,0.00044,0.0082));
#4810=CARTESIAN_POINT('',(-0.00249,-0.0005,0.0082));
#4811=CARTESIAN_POINT('',(-0.00249,-0.0005,-0.00104403065089105));
#4812=CARTESIAN_POINT('',(-0.00249,-0.00044,0.0166934498270973));
#4813=CARTESIAN_POINT('',(-0.00249,-0.00044,0.0082));
#4814=CARTESIAN_POINT('',(-0.00249,1.00647391051098E-18,0.0082));
#4815=CARTESIAN_POINT('',(-0.00249,-0.0005,0.0082));
#4816=CARTESIAN_POINT('',(-0.00249,-0.0005,-0.00104403065089105));
#4817=CARTESIAN_POINT('',(-0.00219,0.0005,-0.00104403065089105));
#4818=CARTESIAN_POINT('',(-0.00219,-0.00044,0.0166934498270973));
#4819=CARTESIAN_POINT('',(-0.00219,-0.00044,0.0082));
#4820=CARTESIAN_POINT('',(-0.00219,-0.0005,-0.00104403065089105));
#4821=CARTESIAN_POINT('',(-0.00219,-0.0005,0.0082));
#4822=CARTESIAN_POINT('',(-0.00219,0.0005,0.0082));
#4823=CARTESIAN_POINT('',(-0.00301,-0.0005,-0.00104403065089105));
#4824=CARTESIAN_POINT('',(-0.00249,-0.0005,0.0082));
#4825=CARTESIAN_POINT('',(-0.00167,0.0005,-0.00104403065089105));
#4826=CARTESIAN_POINT('',(-0.00167,0.00044,0.0166934498270973));
#4827=CARTESIAN_POINT('',(-0.00167,0.00044,0.0082));
#4828=CARTESIAN_POINT('',(-0.00167,1.00647391051098E-18,0.0082));
#4829=CARTESIAN_POINT('',(-0.00167,0.0005,0.0082));
#4830=CARTESIAN_POINT('',(-0.00167,0.0005,-0.00104403065089105));
#4831=CARTESIAN_POINT('',(-0.00301,0.0005,-0.00104403065089105));
#4832=CARTESIAN_POINT('',(-0.00197,0.0005,0.0082));
#4833=CARTESIAN_POINT('',(-0.00197,0.0005,0.0082));
#4834=CARTESIAN_POINT('',(-0.00197,0.0005,-0.00104403065089105));
#4835=CARTESIAN_POINT('',(-0.00197,-0.0005,-0.00104403065089105));
#4836=CARTESIAN_POINT('',(-0.00197,0.00044,0.0166934498270973));
#4837=CARTESIAN_POINT('',(-0.00197,0.00044,0.0082));
#4838=CARTESIAN_POINT('',(-0.00197,-0.0005,0.0082));
#4839=CARTESIAN_POINT('',(-0.00197,-0.0005,-0.00104403065089105));
#4840=CARTESIAN_POINT('',(-0.00197,-0.00044,0.0166934498270973));
#4841=CARTESIAN_POINT('',(-0.00197,-0.00044,0.0082));
#4842=CARTESIAN_POINT('',(-0.00197,1.00647391051098E-18,0.0082));
#4843=CARTESIAN_POINT('',(-0.00197,-0.0005,0.0082));
#4844=CARTESIAN_POINT('',(-0.00197,-0.0005,-0.00104403065089105));
#4845=CARTESIAN_POINT('',(-0.00167,0.0005,-0.00104403065089105));
#4846=CARTESIAN_POINT('',(-0.00167,-0.00044,0.0166934498270973));
#4847=CARTESIAN_POINT('',(-0.00167,-0.00044,0.0082));
#4848=CARTESIAN_POINT('',(-0.00167,-0.0005,-0.00104403065089105));
#4849=CARTESIAN_POINT('',(-0.00167,-0.0005,0.0082));
#4850=CARTESIAN_POINT('',(-0.00167,0.0005,0.0082));
#4851=CARTESIAN_POINT('',(-0.00301,-0.0005,-0.00104403065089105));
#4852=CARTESIAN_POINT('',(-0.00197,-0.0005,0.0082));
#4853=CARTESIAN_POINT('',(-0.00115,0.0005,-0.00104403065089105));
#4854=CARTESIAN_POINT('',(-0.00115,0.00044,0.0166934498270973));
#4855=CARTESIAN_POINT('',(-0.00115,0.00044,0.0082));
#4856=CARTESIAN_POINT('',(-0.00115,1.00647391051098E-18,0.0082));
#4857=CARTESIAN_POINT('',(-0.00115,0.0005,0.0082));
#4858=CARTESIAN_POINT('',(-0.00115,0.0005,-0.00104403065089105));
#4859=CARTESIAN_POINT('',(-0.00301,0.0005,-0.00104403065089105));
#4860=CARTESIAN_POINT('',(-0.00145,0.0005,0.0082));
#4861=CARTESIAN_POINT('',(-0.00145,0.0005,0.0082));
#4862=CARTESIAN_POINT('',(-0.00145,0.0005,-0.00104403065089105));
#4863=CARTESIAN_POINT('',(-0.00145,-0.0005,-0.00104403065089105));
#4864=CARTESIAN_POINT('',(-0.00145,0.00044,0.0166934498270973));
#4865=CARTESIAN_POINT('',(-0.00145,0.00044,0.0082));
#4866=CARTESIAN_POINT('',(-0.00145,-0.0005,0.0082));
#4867=CARTESIAN_POINT('',(-0.00145,-0.0005,-0.00104403065089105));
#4868=CARTESIAN_POINT('',(-0.00145,-0.00044,0.0166934498270973));
#4869=CARTESIAN_POINT('',(-0.00145,-0.00044,0.0082));
#4870=CARTESIAN_POINT('',(-0.00145,1.00647391051098E-18,0.0082));
#4871=CARTESIAN_POINT('',(-0.00145,-0.0005,0.0082));
#4872=CARTESIAN_POINT('',(-0.00145,-0.0005,-0.00104403065089105));
#4873=CARTESIAN_POINT('',(-0.00115,0.0005,-0.00104403065089105));
#4874=CARTESIAN_POINT('',(-0.00115,-0.00044,0.0166934498270973));
#4875=CARTESIAN_POINT('',(-0.00115,-0.00044,0.0082));
#4876=CARTESIAN_POINT('',(-0.00115,-0.0005,-0.00104403065089105));
#4877=CARTESIAN_POINT('',(-0.00115,-0.0005,0.0082));
#4878=CARTESIAN_POINT('',(-0.00115,0.0005,0.0082));
#4879=CARTESIAN_POINT('',(-0.00301,-0.0005,-0.00104403065089105));
#4880=CARTESIAN_POINT('',(-0.00145,-0.0005,0.0082));
#4881=CARTESIAN_POINT('',(-0.00063,0.0005,-0.00104403065089105));
#4882=CARTESIAN_POINT('',(-0.00063,0.00044,0.0166934498270973));
#4883=CARTESIAN_POINT('',(-0.00063,0.00044,0.0082));
#4884=CARTESIAN_POINT('',(-0.00063,1.00647391051098E-18,0.0082));
#4885=CARTESIAN_POINT('',(-0.00063,0.0005,0.0082));
#4886=CARTESIAN_POINT('',(-0.00063,0.0005,-0.00104403065089105));
#4887=CARTESIAN_POINT('',(-0.00301,0.0005,-0.00104403065089105));
#4888=CARTESIAN_POINT('',(-0.00093,0.0005,0.0082));
#4889=CARTESIAN_POINT('',(-0.00093,0.0005,0.0082));
#4890=CARTESIAN_POINT('',(-0.00093,0.0005,-0.00104403065089105));
#4891=CARTESIAN_POINT('',(-0.00093,-0.0005,-0.00104403065089105));
#4892=CARTESIAN_POINT('',(-0.00093,0.00044,0.0166934498270973));
#4893=CARTESIAN_POINT('',(-0.00093,0.00044,0.0082));
#4894=CARTESIAN_POINT('',(-0.00093,-0.0005,0.0082));
#4895=CARTESIAN_POINT('',(-0.00093,-0.0005,-0.00104403065089105));
#4896=CARTESIAN_POINT('',(-0.00093,-0.00044,0.0166934498270973));
#4897=CARTESIAN_POINT('',(-0.00093,-0.00044,0.0082));
#4898=CARTESIAN_POINT('',(-0.00093,1.00647391051098E-18,0.0082));
#4899=CARTESIAN_POINT('',(-0.00093,-0.0005,0.0082));
#4900=CARTESIAN_POINT('',(-0.00093,-0.0005,-0.00104403065089105));
#4901=CARTESIAN_POINT('',(-0.00063,0.0005,-0.00104403065089105));
#4902=CARTESIAN_POINT('',(-0.00063,-0.00044,0.0166934498270973));
#4903=CARTESIAN_POINT('',(-0.00063,-0.00044,0.0082));
#4904=CARTESIAN_POINT('',(-0.00063,-0.0005,-0.00104403065089105));
#4905=CARTESIAN_POINT('',(-0.00063,-0.0005,0.0082));
#4906=CARTESIAN_POINT('',(-0.00063,0.0005,0.0082));
#4907=CARTESIAN_POINT('',(-0.00301,-0.0005,-0.00104403065089105));
#4908=CARTESIAN_POINT('',(-0.00093,-0.0005,0.0082));
#4909=CARTESIAN_POINT('',(-0.00011,0.0005,-0.00104403065089105));
#4910=CARTESIAN_POINT('',(-0.00011,0.00044,0.0166934498270973));
#4911=CARTESIAN_POINT('',(-0.00011,0.00044,0.0082));
#4912=CARTESIAN_POINT('',(-0.00011,1.00647391051098E-18,0.0082));
#4913=CARTESIAN_POINT('',(-0.00011,0.0005,0.0082));
#4914=CARTESIAN_POINT('',(-0.00011,0.0005,-0.00104403065089105));
#4915=CARTESIAN_POINT('',(-0.00301,0.0005,-0.00104403065089105));
#4916=CARTESIAN_POINT('',(-0.00041,0.0005,0.0082));
#4917=CARTESIAN_POINT('',(-0.00041,0.0005,0.0082));
#4918=CARTESIAN_POINT('',(-0.00041,0.0005,-0.00104403065089105));
#4919=CARTESIAN_POINT('',(-0.00041,-0.0005,-0.00104403065089105));
#4920=CARTESIAN_POINT('',(-0.00041,0.00044,0.0166934498270973));
#4921=CARTESIAN_POINT('',(-0.00041,0.00044,0.0082));
#4922=CARTESIAN_POINT('',(-0.00041,-0.0005,0.0082));
#4923=CARTESIAN_POINT('',(-0.00041,-0.0005,-0.00104403065089105));
#4924=CARTESIAN_POINT('',(-0.00041,-0.00044,0.0166934498270973));
#4925=CARTESIAN_POINT('',(-0.00041,-0.00044,0.0082));
#4926=CARTESIAN_POINT('',(-0.00041,1.00647391051098E-18,0.0082));
#4927=CARTESIAN_POINT('',(-0.00041,-0.0005,0.0082));
#4928=CARTESIAN_POINT('',(-0.00041,-0.0005,-0.00104403065089105));
#4929=CARTESIAN_POINT('',(-0.00011,0.0005,-0.00104403065089105));
#4930=CARTESIAN_POINT('',(-0.00011,-0.00044,0.0166934498270973));
#4931=CARTESIAN_POINT('',(-0.00011,-0.00044,0.0082));
#4932=CARTESIAN_POINT('',(-0.00011,-0.0005,-0.00104403065089105));
#4933=CARTESIAN_POINT('',(-0.00011,-0.0005,0.0082));
#4934=CARTESIAN_POINT('',(-0.00011,0.0005,0.0082));
#4935=CARTESIAN_POINT('',(-0.00301,-0.0005,-0.00104403065089105));
#4936=CARTESIAN_POINT('',(-0.00041,-0.0005,0.0082));
#4937=CARTESIAN_POINT('',(0.00041,0.0005,-0.00104403065089105));
#4938=CARTESIAN_POINT('',(0.00041,0.00044,0.0166934498270973));
#4939=CARTESIAN_POINT('',(0.00041,0.00044,0.0082));
#4940=CARTESIAN_POINT('',(0.00041,1.00647391051098E-18,0.0082));
#4941=CARTESIAN_POINT('',(0.00041,0.0005,0.0082));
#4942=CARTESIAN_POINT('',(0.00041,0.0005,-0.00104403065089105));
#4943=CARTESIAN_POINT('',(-0.00301,0.0005,-0.00104403065089105));
#4944=CARTESIAN_POINT('',(0.000110000000000001,0.0005,0.0082));
#4945=CARTESIAN_POINT('',(0.000110000000000001,0.0005,0.0082));
#4946=CARTESIAN_POINT('',(0.000110000000000001,0.0005,-0.00104403065089105));
#4947=CARTESIAN_POINT('',(0.000110000000000001,-0.0005,-0.00104403065089105));
#4948=CARTESIAN_POINT('',(0.000110000000000001,0.00044,0.0166934498270973));
#4949=CARTESIAN_POINT('',(0.000110000000000001,0.00044,0.0082));
#4950=CARTESIAN_POINT('',(0.000110000000000001,-0.0005,0.0082));
#4951=CARTESIAN_POINT('',(0.000110000000000001,-0.0005,-0.00104403065089105));
#4952=CARTESIAN_POINT('',(0.000110000000000001,-0.00044,0.0166934498270973));
#4953=CARTESIAN_POINT('',(0.000110000000000001,-0.00044,0.0082));
#4954=CARTESIAN_POINT('',(0.000110000000000001,1.00647391051098E-18,0.0082));
#4955=CARTESIAN_POINT('',(0.000110000000000001,-0.0005,0.0082));
#4956=CARTESIAN_POINT('',(0.000110000000000001,-0.0005,-0.00104403065089105));
#4957=CARTESIAN_POINT('',(0.00041,0.0005,-0.00104403065089105));
#4958=CARTESIAN_POINT('',(0.00041,-0.00044,0.0166934498270973));
#4959=CARTESIAN_POINT('',(0.00041,-0.00044,0.0082));
#4960=CARTESIAN_POINT('',(0.00041,-0.0005,-0.00104403065089105));
#4961=CARTESIAN_POINT('',(0.00041,-0.0005,0.0082));
#4962=CARTESIAN_POINT('',(0.00041,0.0005,0.0082));
#4963=CARTESIAN_POINT('',(-0.00301,-0.0005,-0.00104403065089105));
#4964=CARTESIAN_POINT('',(0.000110000000000001,-0.0005,0.0082));
#4965=CARTESIAN_POINT('',(0.00093,0.0005,-0.00104403065089105));
#4966=CARTESIAN_POINT('',(0.00093,0.00044,0.0166934498270973));
#4967=CARTESIAN_POINT('',(0.00093,0.00044,0.0082));
#4968=CARTESIAN_POINT('',(0.00093,1.00647391051098E-18,0.0082));
#4969=CARTESIAN_POINT('',(0.00093,0.0005,0.0082));
#4970=CARTESIAN_POINT('',(0.00093,0.0005,-0.00104403065089105));
#4971=CARTESIAN_POINT('',(-0.00301,0.0005,-0.00104403065089105));
#4972=CARTESIAN_POINT('',(0.00063,0.0005,0.0082));
#4973=CARTESIAN_POINT('',(0.00063,0.0005,0.0082));
#4974=CARTESIAN_POINT('',(0.00063,0.0005,-0.00104403065089105));
#4975=CARTESIAN_POINT('',(0.00063,-0.0005,-0.00104403065089105));
#4976=CARTESIAN_POINT('',(0.00063,0.00044,0.0166934498270973));
#4977=CARTESIAN_POINT('',(0.00063,0.00044,0.0082));
#4978=CARTESIAN_POINT('',(0.00063,-0.0005,0.0082));
#4979=CARTESIAN_POINT('',(0.00063,-0.0005,-0.00104403065089105));
#4980=CARTESIAN_POINT('',(0.00063,-0.00044,0.0166934498270973));
#4981=CARTESIAN_POINT('',(0.00063,-0.00044,0.0082));
#4982=CARTESIAN_POINT('',(0.00063,1.00647391051098E-18,0.0082));
#4983=CARTESIAN_POINT('',(0.00063,-0.0005,0.0082));
#4984=CARTESIAN_POINT('',(0.00063,-0.0005,-0.00104403065089105));
#4985=CARTESIAN_POINT('',(0.00093,0.0005,-0.00104403065089105));
#4986=CARTESIAN_POINT('',(0.00093,-0.00044,0.0166934498270973));
#4987=CARTESIAN_POINT('',(0.00093,-0.00044,0.0082));
#4988=CARTESIAN_POINT('',(0.00093,-0.0005,-0.00104403065089105));
#4989=CARTESIAN_POINT('',(0.00093,-0.0005,0.0082));
#4990=CARTESIAN_POINT('',(0.00093,0.0005,0.0082));
#4991=CARTESIAN_POINT('',(-0.00301,-0.0005,-0.00104403065089105));
#4992=CARTESIAN_POINT('',(0.00063,-0.0005,0.0082));
#4993=CARTESIAN_POINT('',(0.00145,0.0005,-0.00104403065089105));
#4994=CARTESIAN_POINT('',(0.00145,0.00044,0.0166934498270973));
#4995=CARTESIAN_POINT('',(0.00145,0.00044,0.0082));
#4996=CARTESIAN_POINT('',(0.00145,1.00647391051098E-18,0.0082));
#4997=CARTESIAN_POINT('',(0.00145,0.0005,0.0082));
#4998=CARTESIAN_POINT('',(0.00145,0.0005,-0.00104403065089105));
#4999=CARTESIAN_POINT('',(-0.00301,0.0005,-0.00104403065089105));
#5000=CARTESIAN_POINT('',(0.00115,0.0005,0.0082));
#5001=CARTESIAN_POINT('',(0.00115,0.0005,0.0082));
#5002=CARTESIAN_POINT('',(0.00115,0.0005,-0.00104403065089105));
#5003=CARTESIAN_POINT('',(0.00115,-0.0005,-0.00104403065089105));
#5004=CARTESIAN_POINT('',(0.00115,0.00044,0.0166934498270973));
#5005=CARTESIAN_POINT('',(0.00115,0.00044,0.0082));
#5006=CARTESIAN_POINT('',(0.00115,-0.0005,0.0082));
#5007=CARTESIAN_POINT('',(0.00115,-0.0005,-0.00104403065089105));
#5008=CARTESIAN_POINT('',(0.00115,-0.00044,0.0166934498270973));
#5009=CARTESIAN_POINT('',(0.00115,-0.00044,0.0082));
#5010=CARTESIAN_POINT('',(0.00115,1.00647391051098E-18,0.0082));
#5011=CARTESIAN_POINT('',(0.00115,-0.0005,0.0082));
#5012=CARTESIAN_POINT('',(0.00115,-0.0005,-0.00104403065089105));
#5013=CARTESIAN_POINT('',(0.00145,0.0005,-0.00104403065089105));
#5014=CARTESIAN_POINT('',(0.00145,-0.00044,0.0166934498270973));
#5015=CARTESIAN_POINT('',(0.00145,-0.00044,0.0082));
#5016=CARTESIAN_POINT('',(0.00145,-0.0005,-0.00104403065089105));
#5017=CARTESIAN_POINT('',(0.00145,-0.0005,0.0082));
#5018=CARTESIAN_POINT('',(0.00145,0.0005,0.0082));
#5019=CARTESIAN_POINT('',(-0.00301,-0.0005,-0.00104403065089105));
#5020=CARTESIAN_POINT('',(0.00115,-0.0005,0.0082));
#5021=CARTESIAN_POINT('',(0.00197,0.0005,-0.00104403065089105));
#5022=CARTESIAN_POINT('',(0.00197,0.00044,0.0166934498270973));
#5023=CARTESIAN_POINT('',(0.00197,0.00044,0.0082));
#5024=CARTESIAN_POINT('',(0.00197,1.00647391051098E-18,0.0082));
#5025=CARTESIAN_POINT('',(0.00197,0.0005,0.0082));
#5026=CARTESIAN_POINT('',(0.00197,0.0005,-0.00104403065089105));
#5027=CARTESIAN_POINT('',(-0.00301,0.0005,-0.00104403065089105));
#5028=CARTESIAN_POINT('',(0.00167,0.0005,0.0082));
#5029=CARTESIAN_POINT('',(0.00167,0.0005,0.0082));
#5030=CARTESIAN_POINT('',(0.00167,0.0005,-0.00104403065089105));
#5031=CARTESIAN_POINT('',(0.00167,-0.0005,-0.00104403065089105));
#5032=CARTESIAN_POINT('',(0.00167,0.00044,0.0166934498270973));
#5033=CARTESIAN_POINT('',(0.00167,0.00044,0.0082));
#5034=CARTESIAN_POINT('',(0.00167,-0.0005,0.0082));
#5035=CARTESIAN_POINT('',(0.00167,-0.0005,-0.00104403065089105));
#5036=CARTESIAN_POINT('',(0.00167,-0.00044,0.0166934498270973));
#5037=CARTESIAN_POINT('',(0.00167,-0.00044,0.0082));
#5038=CARTESIAN_POINT('',(0.00167,1.00647391051098E-18,0.0082));
#5039=CARTESIAN_POINT('',(0.00167,-0.0005,0.0082));
#5040=CARTESIAN_POINT('',(0.00167,-0.0005,-0.00104403065089105));
#5041=CARTESIAN_POINT('',(0.00197,0.0005,-0.00104403065089105));
#5042=CARTESIAN_POINT('',(0.00197,-0.00044,0.0166934498270973));
#5043=CARTESIAN_POINT('',(0.00197,-0.00044,0.0082));
#5044=CARTESIAN_POINT('',(0.00197,-0.0005,-0.00104403065089105));
#5045=CARTESIAN_POINT('',(0.00197,-0.0005,0.0082));
#5046=CARTESIAN_POINT('',(0.00197,0.0005,0.0082));
#5047=CARTESIAN_POINT('',(-0.00301,-0.0005,-0.00104403065089105));
#5048=CARTESIAN_POINT('',(0.00167,-0.0005,0.0082));
#5049=CARTESIAN_POINT('',(0.00249,0.0005,-0.00104403065089105));
#5050=CARTESIAN_POINT('',(0.00249,0.00044,0.0166934498270973));
#5051=CARTESIAN_POINT('',(0.00249,0.00044,0.0082));
#5052=CARTESIAN_POINT('',(0.00249,1.00647391051098E-18,0.0082));
#5053=CARTESIAN_POINT('',(0.00249,0.0005,0.0082));
#5054=CARTESIAN_POINT('',(0.00249,0.0005,-0.00104403065089105));
#5055=CARTESIAN_POINT('',(-0.00301,0.0005,-0.00104403065089105));
#5056=CARTESIAN_POINT('',(0.00219,0.0005,0.0082));
#5057=CARTESIAN_POINT('',(0.00219,0.0005,0.0082));
#5058=CARTESIAN_POINT('',(0.00219,0.0005,-0.00104403065089105));
#5059=CARTESIAN_POINT('',(0.00219,-0.0005,-0.00104403065089105));
#5060=CARTESIAN_POINT('',(0.00219,0.00044,0.0166934498270973));
#5061=CARTESIAN_POINT('',(0.00219,0.00044,0.0082));
#5062=CARTESIAN_POINT('',(0.00219,-0.0005,0.0082));
#5063=CARTESIAN_POINT('',(0.00219,-0.0005,-0.00104403065089105));
#5064=CARTESIAN_POINT('',(0.00219,-0.00044,0.0166934498270973));
#5065=CARTESIAN_POINT('',(0.00219,-0.00044,0.0082));
#5066=CARTESIAN_POINT('',(0.00219,1.00647391051098E-18,0.0082));
#5067=CARTESIAN_POINT('',(0.00219,-0.0005,0.0082));
#5068=CARTESIAN_POINT('',(0.00219,-0.0005,-0.00104403065089105));
#5069=CARTESIAN_POINT('',(0.00249,0.0005,-0.00104403065089105));
#5070=CARTESIAN_POINT('',(0.00249,-0.00044,0.0166934498270973));
#5071=CARTESIAN_POINT('',(0.00249,-0.00044,0.0082));
#5072=CARTESIAN_POINT('',(0.00249,-0.0005,-0.00104403065089105));
#5073=CARTESIAN_POINT('',(0.00249,-0.0005,0.0082));
#5074=CARTESIAN_POINT('',(0.00249,0.0005,0.0082));
#5075=CARTESIAN_POINT('',(-0.00301,-0.0005,-0.00104403065089105));
#5076=CARTESIAN_POINT('',(0.00219,-0.0005,0.0082));
#5077=CARTESIAN_POINT('',(0.00301,0.0005,-0.00104403065089105));
#5078=CARTESIAN_POINT('',(0.00301,0.000439886348958457,0.0166934498270973));
#5079=CARTESIAN_POINT('',(0.00301,0.000439886348958457,0.0082));
#5080=CARTESIAN_POINT('',(0.00301,1.00647391051098E-18,0.0082));
#5081=CARTESIAN_POINT('',(0.00301,0.0005,0.0082));
#5082=CARTESIAN_POINT('',(0.00301,0.0005,-0.00104403065089105));
#5083=CARTESIAN_POINT('',(-0.00301,0.0005,-0.00104403065089105));
#5084=CARTESIAN_POINT('',(0.00271,0.0005,0.0082));
#5085=CARTESIAN_POINT('',(0.00271,0.0005,0.0082));
#5086=CARTESIAN_POINT('',(0.00271,0.0005,-0.00104403065089105));
#5087=CARTESIAN_POINT('',(0.00271,-0.0005,-0.00104403065089105));
#5088=CARTESIAN_POINT('',(0.00271,0.00044,0.0166934498270973));
#5089=CARTESIAN_POINT('',(0.00271,0.00044,0.0082));
#5090=CARTESIAN_POINT('',(0.00271,-0.0005,0.0082));
#5091=CARTESIAN_POINT('',(0.00271,-0.0005,-0.00104403065089105));
#5092=CARTESIAN_POINT('',(0.00271,-0.00044,0.0166934498270973));
#5093=CARTESIAN_POINT('',(0.00271,-0.00044,0.0082));
#5094=CARTESIAN_POINT('',(0.00271,1.00647391051098E-18,0.0082));
#5095=CARTESIAN_POINT('',(0.00271,-0.0005,0.0082));
#5096=CARTESIAN_POINT('',(0.00271,-0.0005,-0.00104403065089105));
#5097=CARTESIAN_POINT('',(0.00301,0.0005,-0.00104403065089105));
#5098=CARTESIAN_POINT('',(0.00301,-0.000439886348958454,0.0166934498270973));
#5099=CARTESIAN_POINT('',(0.00301,-0.000439886348958454,0.0082));
#5100=CARTESIAN_POINT('',(0.00301,-0.0005,-0.00104403065089105));
#5101=CARTESIAN_POINT('',(0.00301,-0.0005,0.0082));
#5102=CARTESIAN_POINT('',(0.00301,0.0005,0.0082));
#5103=CARTESIAN_POINT('',(-0.00301,-0.0005,-0.00104403065089105));
#5104=CARTESIAN_POINT('',(0.00271,-0.0005,0.0082));
#5105=CARTESIAN_POINT('',(0.00295,1.00647391051098E-18,0.0082));
#5106=CARTESIAN_POINT('',(-0.00295,0.0011,0.0082));
#5107=CARTESIAN_POINT('',(0.00295,0.0011,0.0082));
#5108=CARTESIAN_POINT('',(-0.00295,0.0011,0.0082));
#5109=CARTESIAN_POINT('',(-0.00295,-7.99880118231366E-19,0.0082));
#5110=CARTESIAN_POINT('',(-0.00295,-0.0011,0.0082));
#5111=CARTESIAN_POINT('',(-0.00295,-0.0011,0.0082));
#5112=CARTESIAN_POINT('',(0.00295,-0.0011,0.0082));
#5113=CARTESIAN_POINT('',(0.00295,1.00647391051098E-18,0.0082));
#5114=CARTESIAN_POINT('',(0.003,0.00044,0.0082));
#5115=CARTESIAN_POINT('',(0.003,0.00044,0.0082));
#5116=CARTESIAN_POINT('',(0.003,0.00044,0.0082));
#5117=CARTESIAN_POINT('',(0.003,0.00044,0.0082));
#5118=CARTESIAN_POINT('',(0.003,0.00044,0.0082));
#5119=CARTESIAN_POINT('',(0.003,0.00044,0.0082));
#5120=CARTESIAN_POINT('',(0.003,0.00044,0.0082));
#5121=CARTESIAN_POINT('',(0.003,0.00044,0.0082));
#5122=CARTESIAN_POINT('',(0.003,0.00044,0.0082));
#5123=CARTESIAN_POINT('',(0.003,0.00044,0.0082));
#5124=CARTESIAN_POINT('',(0.003,0.00044,0.0082));
#5125=CARTESIAN_POINT('',(0.003,1.0891316024848E-18,0.0082));
#5126=CARTESIAN_POINT('',(0.003,-0.00044,0.0082));
#5127=CARTESIAN_POINT('',(0.003,-0.00044,0.0082));
#5128=CARTESIAN_POINT('',(0.003,-0.00044,0.0082));
#5129=CARTESIAN_POINT('',(0.003,-0.00044,0.0082));
#5130=CARTESIAN_POINT('',(0.003,-0.00044,0.0082));
#5131=CARTESIAN_POINT('',(0.003,-0.00044,0.0082));
#5132=CARTESIAN_POINT('',(0.003,-0.00044,0.0082));
#5133=CARTESIAN_POINT('',(0.003,-0.00044,0.0082));
#5134=CARTESIAN_POINT('',(0.003,-0.00044,0.0082));
#5135=CARTESIAN_POINT('',(0.003,-0.00044,0.0082));
#5136=CARTESIAN_POINT('',(0.003,-0.00044,0.0082));
#5137=CARTESIAN_POINT('',(-0.003,-7.47838596236225E-19,0.0082));
#5138=CARTESIAN_POINT('',(0.003,1.0891316024848E-18,0.0166934498270973));
#5139=CARTESIAN_POINT('',(0.003,0.00044,0.0166934498270973));
#5140=CARTESIAN_POINT('',(0.003,-0.00044,0.0166934498270973));
#5141=CARTESIAN_POINT('',(-0.00295,0.0011,0.0083));
#5142=CARTESIAN_POINT('',(0.00295,0.0011,0.0083));
#5143=CARTESIAN_POINT('',(0.00295,0.0011,0.0083));
#5144=CARTESIAN_POINT('',(-0.00295,0.0011,0.0083));
#5145=CARTESIAN_POINT('',(-0.00295,0.0011,0.0083));
#5146=CARTESIAN_POINT('',(-0.00295,0.0011,0.0083));
#5147=CARTESIAN_POINT('',(0.00295,1.00647391051098E-18,0.0083));
#5148=CARTESIAN_POINT('',(0.00295,-0.0011,0.0083));
#5149=CARTESIAN_POINT('',(0.00295,-0.0011,0.0083));
#5150=CARTESIAN_POINT('',(0.00295,1.00647391051098E-18,0.0083));
#5151=CARTESIAN_POINT('',(-0.00295,-0.0011,0.0083));
#5152=CARTESIAN_POINT('',(-0.00295,-0.0011,0.0083));
#5153=CARTESIAN_POINT('',(-0.00295,-0.0011,0.0083));
#5154=CARTESIAN_POINT('',(-0.00295,-0.0011,0.0083));
#5155=CARTESIAN_POINT('',(0.00295,-0.00125,0.0083));
#5156=CARTESIAN_POINT('',(0.00295,-0.00125,0.0083));
#5157=CARTESIAN_POINT('',(0.00295,-0.00125,0.0083));
#5158=CARTESIAN_POINT('',(0.00295,-0.00125,0.0083));
#5159=CARTESIAN_POINT('',(-0.00295,-0.00125,0.0083));
#5160=CARTESIAN_POINT('',(-0.00295,-0.00125,0.0083));
#5161=CARTESIAN_POINT('',(0.00295,0.00125,0.0083));
#5162=CARTESIAN_POINT('',(-0.00295,0.00125,0.0083));
#5163=CARTESIAN_POINT('',(-0.00295,0.00125,0.0083));
#5164=CARTESIAN_POINT('',(0.00295,0.00125,0.0083));
#5165=CARTESIAN_POINT('',(0.00295,0.00125,0.0083));
#5166=CARTESIAN_POINT('',(0.00295,0.00125,0.0083));
#5167=CARTESIAN_POINT('',(0.00295,1.00647391051098E-18,0.0083));
#5168=CARTESIAN_POINT('',(0.00295,1.00647391051098E-18,0.0083));
#5169=CARTESIAN_POINT('',(0.00295,1.00647391051098E-18,0.0083));
#5170=CARTESIAN_POINT('',(-0.00295,-7.99880118231366E-19,0.0083));
#5171=CARTESIAN_POINT('',(-0.00295,-7.99880118231366E-19,0.0083));
#5172=CARTESIAN_POINT('',(0.003,0.00044,0.0166934498270973));
#5173=CARTESIAN_POINT('',(0.003,0.00044,0.0166934498270973));
#5174=CARTESIAN_POINT('',(0.003,0.00044,0.0166934498270973));
#5175=CARTESIAN_POINT('',(0.003,0.00044,0.0166934498270973));
#5176=CARTESIAN_POINT('',(0.003,0.00044,0.0166934498270973));
#5177=CARTESIAN_POINT('',(0.003,0.00044,0.0166934498270973));
#5178=CARTESIAN_POINT('',(0.003,0.00044,0.0166934498270973));
#5179=CARTESIAN_POINT('',(0.003,0.00044,0.0166934498270973));
#5180=CARTESIAN_POINT('',(0.003,0.00044,0.0166934498270973));
#5181=CARTESIAN_POINT('',(0.003,0.00044,0.0166934498270973));
#5182=CARTESIAN_POINT('',(0.003,-0.00044,0.0166934498270973));
#5183=CARTESIAN_POINT('',(0.003,-0.00044,0.0166934498270973));
#5184=CARTESIAN_POINT('',(0.003,-0.00044,0.0166934498270973));
#5185=CARTESIAN_POINT('',(0.003,-0.00044,0.0166934498270973));
#5186=CARTESIAN_POINT('',(0.003,-0.00044,0.0166934498270973));
#5187=CARTESIAN_POINT('',(0.003,-0.00044,0.0166934498270973));
#5188=CARTESIAN_POINT('',(0.003,-0.00044,0.0166934498270973));
#5189=CARTESIAN_POINT('',(0.003,-0.00044,0.0166934498270973));
#5190=CARTESIAN_POINT('',(0.003,-0.00044,0.0166934498270973));
#5191=CARTESIAN_POINT('',(0.003,-0.00044,0.0166934498270973));
#5192=CARTESIAN_POINT('',(-0.00295,-7.99880118231366E-19,-0.014));
#5193=CARTESIAN_POINT('',(-0.00295,-7.99880118231366E-19,0.0083));
#5194=CARTESIAN_POINT('',(-0.00295,-7.99880118231366E-19,0.0083));
#5195=CARTESIAN_POINT('',(-0.003,-7.47838596236225E-19,0.0166934498270973));
#5196=CARTESIAN_POINT('',(0.00295,1.00647391051098E-18,-0.014));
#5197=CARTESIAN_POINT('',(0.00295,1.00647391051098E-18,-0.0138));
#5198=CARTESIAN_POINT('',(0.00295,1.00647391051098E-18,-0.0002));
#5199=CARTESIAN_POINT('',(0.,0.,-0.014));
#5200=CARTESIAN_POINT('',(0.,0.,-0.0141965095187125));
#5201=CARTESIAN_POINT('',(0.,0.,-0.0188034904812874));
#5202=CARTESIAN_POINT('',(0.00191615476176706,0.,-0.0188034904812874));
#5203=CARTESIAN_POINT('',(0.00295,1.00647391051098E-18,-0.0138));
#5204=CARTESIAN_POINT('',(0.00295,1.00647391051098E-18,-0.0002));
#5205=CARTESIAN_POINT('',(0.,0.,-0.0188));
#5206=CARTESIAN_POINT('',(0.,0.,-0.0142));
#5207=CARTESIAN_POINT('',(0.,0.,-0.069));
#5208=CARTESIAN_POINT('',(0.,0.,-0.0245124474167824));
#5209=CARTESIAN_POINT('',(0.0013,0.,-0.0245124474167824));
#5210=CARTESIAN_POINT('',(-0.00242030620574951,0.025,-0.0245124474167824));
#5211=MECHANICAL_DESIGN_GEOMETRIC_PRESENTATION_REPRESENTATION('',(#2765,
#13,#14,#15,#16,#17,#18,#19,#20,#21,#22,#23,#24,#25,#26,#27,#28,#29,#30,
#31,#32,#33,#34,#35,#36,#37,#38,#39,#40,#41,#42,#43,#44,#45,#46,#47,#48,
#49,#50,#51,#52,#53,#54,#55,#56,#57,#58,#59,#60,#61,#62,#63,#64,#65,#66,
#67,#68,#69,#70,#71,#72,#73,#74,#75,#76,#77,#78,#79,#80,#81,#82,#83,#84,
#85,#86,#87,#88,#89,#90,#91,#92,#93,#94,#95,#96,#97,#98,#99,#100,#101,#102,
#103,#104,#105,#106,#107,#108,#109,#110,#111,#112,#113,#114,#115,#116,#117,
#118),#5212);
#5212=(
GEOMETRIC_REPRESENTATION_CONTEXT(3)
GLOBAL_UNCERTAINTY_ASSIGNED_CONTEXT((#5213))
GLOBAL_UNIT_ASSIGNED_CONTEXT((#5216,#5215,#5214))
REPRESENTATION_CONTEXT('???5','TOP_LEVEL_ASSEMBLY_PART')
);
#5213=UNCERTAINTY_MEASURE_WITH_UNIT(LENGTH_MEASURE(2.E-5),#5216,
'DISTANCE_ACCURACY_VALUE','Maximum Tolerance applied to model');
#5214=(
NAMED_UNIT(*)
SI_UNIT($,.STERADIAN.)
SOLID_ANGLE_UNIT()
);
#5215=(
NAMED_UNIT(*)
PLANE_ANGLE_UNIT()
SI_UNIT($,.RADIAN.)
);
#5216=(
LENGTH_UNIT()
NAMED_UNIT(*)
SI_UNIT($,.METRE.)
);
#5217=PRODUCT_DEFINITION_SHAPE('','',#5218);
#5218=PRODUCT_DEFINITION('','',#5220,#5219);
#5219=PRODUCT_DEFINITION_CONTEXT('',#5226,'design');
#5220=PRODUCT_DEFINITION_FORMATION_WITH_SPECIFIED_SOURCE('','',#5222,
 .NOT_KNOWN.);
#5221=PRODUCT_RELATED_PRODUCT_CATEGORY('','',(#5222));
#5222=PRODUCT('???5','???5','???5',(#5224));
#5223=PRODUCT_CATEGORY('','');
#5224=PRODUCT_CONTEXT('',#5226,'mechanical');
#5225=APPLICATION_PROTOCOL_DEFINITION('international standard',
'ap242_managed_model_based_3d_engineering',2020,#5226);
#5226=APPLICATION_CONTEXT('managed model based 3d engineering');
ENDSEC;
END-ISO-10303-21;
