ISO-10303-21;
HEADER;
FILE_DESCRIPTION (( 'STEP AP214' ),
    '1' );
FILE_NAME ('L0201-RD.STEP',
    '2022-02-19T07:54:59',
    ( '' ),
    ( '' ),
    'SwSTEP 2.0',
    'SolidWorks 2020',
    '' );
FILE_SCHEMA (( 'AUTOMOTIVE_DESIGN' ));
ENDSEC;

DATA;
#1 = CARTESIAN_POINT ( 'NONE',  ( -0.08146197527058633703, -0.01056073575486738726, 0.001000000000000000021 ) ) ;
#2 = COLOUR_RGB ( '',1.000000000000000000, 1.000000000000000000, 1.000000000000000000 ) ;
#3 = MECHANICAL_DESIGN_GEOMETRIC_PRESENTATION_REPRESENTATION (  '', ( #1467 ), #503 ) ;
#4 = FILL_AREA_STYLE_COLOUR ( '', #5382 ) ;
#5 = EDGE_CURVE ( 'NONE', #594, #711, #3785, .T. ) ;
#6 = CARTESIAN_POINT ( 'NONE',  ( 0.02646167408139473917, 0.01975113148208877678, 0.001000000000000000021 ) ) ;
#7 = VERTEX_POINT ( 'NONE', #4310 ) ;
#8 = FILL_AREA_STYLE_COLOUR ( '', #2549 ) ;
#9 = CARTESIAN_POINT ( 'NONE',  ( 0.2899999999999999800, 0.1399999999999999301, 0.2799999999999999156 ) ) ;
#10 = PRESENTATION_LAYER_ASSIGNMENT (  '', '', ( #5679 ) ) ;
#11 = VERTEX_POINT ( 'NONE', #3819 ) ;
#12 = ORIENTED_EDGE ( 'NONE', *, *, #375, .T. ) ;
#13 = CARTESIAN_POINT ( 'NONE',  ( -0.04165204358782639144, 0.01988383233176635109, 0.000000000000000000 ) ) ;
#14 = DIRECTION ( 'NONE',  ( 1.000000000000000000, -9.680376540049147084E-17, 0.000000000000000000 ) ) ;
#15 = SURFACE_SIDE_STYLE ('',( #2343 ) ) ;
#16 = PRESENTATION_LAYER_ASSIGNMENT (  '', '', ( #2069 ) ) ;
#17 = FILL_AREA_STYLE ('',( #5013 ) ) ;
#18 = AXIS2_PLACEMENT_3D ( 'NONE', #4725, #523, #2379 ) ;
#19 =( LENGTH_UNIT ( ) NAMED_UNIT ( * ) SI_UNIT ( .MILLI., .METRE. ) );
#20 = ADVANCED_FACE ( 'NONE', ( #108, #5789 ), #625, .T. ) ;
#21 = SURFACE_STYLE_FILL_AREA ( #55 ) ;
#22 =( NAMED_UNIT ( * ) PLANE_ANGLE_UNIT ( ) SI_UNIT ( $, .RADIAN. ) );
#23 = SURFACE_STYLE_USAGE ( .BOTH. , #3708 ) ;
#24 =( GEOMETRIC_REPRESENTATION_CONTEXT ( 3 ) GLOBAL_UNCERTAINTY_ASSIGNED_CONTEXT ( ( #1395 ) ) GLOBAL_UNIT_ASSIGNED_CONTEXT ( ( #2083, #3076, #5909 ) ) REPRESENTATION_CONTEXT ( 'NONE', 'WORKASPACE' ) );
#25 = EDGE_LOOP ( 'NONE', ( #4883, #3210, #2485, #3801 ) ) ;
#26 = DIRECTION ( 'NONE',  ( 0.000000000000000000, -0.000000000000000000, 1.000000000000000000 ) ) ;
#27 = SURFACE_STYLE_USAGE ( .BOTH. , #4229 ) ;
#28 =( NAMED_UNIT ( * ) SI_UNIT ( $, .STERADIAN. ) SOLID_ANGLE_UNIT ( ) );
#29 = PLANE ( 'NONE',  #508 ) ;
#30 = DIRECTION ( 'NONE',  ( -1.000000000000000000, 0.000000000000000000, 0.000000000000000000 ) ) ;
#31 = FILL_AREA_STYLE ('',( #4291 ) ) ;
#32 = ORIENTED_EDGE ( 'NONE', *, *, #427, .T. ) ;
#33 = EDGE_LOOP ( 'NONE', ( #3292, #5991, #4017, #4460 ) ) ;
#34 =( NAMED_UNIT ( * ) SI_UNIT ( $, .STERADIAN. ) SOLID_ANGLE_UNIT ( ) );
#35 = SURFACE_SIDE_STYLE ('',( #1885 ) ) ;
#36 = DIRECTION ( 'NONE',  ( 0.000000000000000000, -1.000000000000000000, 0.000000000000000000 ) ) ;
#37 = AXIS2_PLACEMENT_3D ( 'NONE', #1320, #3176, #3213 ) ;
#38 = SURFACE_SIDE_STYLE ('',( #473 ) ) ;
#39 = VERTEX_POINT ( 'NONE', #2584 ) ;
#40 = CARTESIAN_POINT ( 'NONE',  ( -0.02546921612424486725, -0.02458512599876982660, 0.001000000000000000021 ) ) ;
#41 = CARTESIAN_POINT ( 'NONE',  ( -0.2000000000000000389, -0.1399999999999999856, 0.2800000000000000266 ) ) ;
#42 = SURFACE_STYLE_USAGE ( .BOTH. , #1830 ) ;
#43 = SURFACE_STYLE_USAGE ( .BOTH. , #2843 ) ;
#44 = CARTESIAN_POINT ( 'NONE',  ( 0.03745014050222403995, -0.01940564457077746663, 0.001000000000000000021 ) ) ;
#45 = ADVANCED_FACE ( 'NONE', ( #1220 ), #5452, .F. ) ;
#46 = ORIENTED_EDGE ( 'NONE', *, *, #3751, .F. ) ;
#47 = MECHANICAL_DESIGN_GEOMETRIC_PRESENTATION_REPRESENTATION (  '', ( #5905 ), #3670 ) ;
#48 = ORIENTED_EDGE ( 'NONE', *, *, #4842, .T. ) ;
#49 = EDGE_CURVE ( 'NONE', #3236, #1248, #5946, .T. ) ;
#50 = DIRECTION ( 'NONE',  ( 0.000000000000000000, 0.000000000000000000, 1.000000000000000000 ) ) ;
#51 = FACE_OUTER_BOUND ( 'NONE', #67, .T. ) ;
#52 = SURFACE_STYLE_USAGE ( .BOTH. , #4249 ) ;
#53 = CARTESIAN_POINT ( 'NONE',  ( -0.04930156634129603116, -0.01707204031619050447, 0.001000000000000000021 ) ) ;
#54 = FILL_AREA_STYLE ('',( #4251 ) ) ;
#55 = FILL_AREA_STYLE ('',( #4282 ) ) ;
#56 = FACE_OUTER_BOUND ( 'NONE', #1785, .T. ) ;
#57 = ORIENTED_EDGE ( 'NONE', *, *, #2967, .F. ) ;
#58 = COLOUR_RGB ( '',1.000000000000000000, 1.000000000000000000, 1.000000000000000000 ) ;
#59 = LINE ( 'NONE', #5717, #759 ) ;
#60 = CARTESIAN_POINT ( 'NONE',  ( -0.02546921612424486725, 0.02541487400123018311, 0.000000000000000000 ) ) ;
#61 = DIRECTION ( 'NONE',  ( -0.000000000000000000, -0.000000000000000000, -1.000000000000000000 ) ) ;
#62 =( GEOMETRIC_REPRESENTATION_CONTEXT ( 3 ) GLOBAL_UNCERTAINTY_ASSIGNED_CONTEXT ( ( #852 ) ) GLOBAL_UNIT_ASSIGNED_CONTEXT ( ( #4220, #546, #1870 ) ) REPRESENTATION_CONTEXT ( 'NONE', 'WORKASPACE' ) );
#63 = SURFACE_STYLE_USAGE ( .BOTH. , #2357 ) ;
#64 =( GEOMETRIC_REPRESENTATION_CONTEXT ( 3 ) GLOBAL_UNCERTAINTY_ASSIGNED_CONTEXT ( ( #4789 ) ) GLOBAL_UNIT_ASSIGNED_CONTEXT ( ( #19, #2285, #3828 ) ) REPRESENTATION_CONTEXT ( 'NONE', 'WORKASPACE' ) );
#65 = LINE ( 'NONE', #1937, #5653 ) ;
#66 = CARTESIAN_POINT ( 'NONE',  ( 0.05806736924160880303, -0.0005283424621844572686, 0.001000000000000000021 ) ) ;
#67 = EDGE_LOOP ( 'NONE', ( #760, #151, #3140, #1255 ) ) ;
#68 = ORIENTED_EDGE ( 'NONE', *, *, #5063, .F. ) ;
#69 = MECHANICAL_DESIGN_GEOMETRIC_PRESENTATION_REPRESENTATION (  '', ( #2716 ), #3280 ) ;
#70 = FACE_OUTER_BOUND ( 'NONE', #3784, .T. ) ;
#71 = FILL_AREA_STYLE_COLOUR ( '', #4121 ) ;
#72 = PRESENTATION_LAYER_ASSIGNMENT (  '', '', ( #2912 ) ) ;
#73 = EDGE_CURVE ( 'NONE', #5725, #532, #4458, .T. ) ;
#74 = ORIENTED_EDGE ( 'NONE', *, *, #4589, .F. ) ;
#75 = FILL_AREA_STYLE_COLOUR ( '', #5594 ) ;
#76 = MECHANICAL_DESIGN_GEOMETRIC_PRESENTATION_REPRESENTATION (  '', ( #1626 ), #5881 ) ;
#77 = UNCERTAINTY_MEASURE_WITH_UNIT (LENGTH_MEASURE( 1.000000000000000082E-05 ), #2264, 'distance_accuracy_value', 'NONE');
#78 = VERTEX_POINT ( 'NONE', #4680 ) ;
#79 =( NAMED_UNIT ( * ) SI_UNIT ( $, .STERADIAN. ) SOLID_ANGLE_UNIT ( ) );
#80 = MECHANICAL_DESIGN_GEOMETRIC_PRESENTATION_REPRESENTATION (  '', ( #2733 ), #274 ) ;
#81 = LINE ( 'NONE', #4312, #3054 ) ;
#82 =( LENGTH_UNIT ( ) NAMED_UNIT ( * ) SI_UNIT ( .MILLI., .METRE. ) );
#83 = SURFACE_STYLE_FILL_AREA ( #4280 ) ;
#84 = DIRECTION ( 'NONE',  ( 0.000000000000000000, -1.000000000000000000, -1.149544714130836139E-16 ) ) ;
#85 = CARTESIAN_POINT ( 'NONE',  ( -0.05093804698767666339, -0.01616926039237564020, 0.001000000000000000021 ) ) ;
#86 = ADVANCED_FACE ( 'NONE', ( #3658 ), #4163, .T. ) ;
#87 = CARTESIAN_POINT ( 'NONE',  ( 0.02087224729038928209, -0.01650585770608689953, 0.001000000000000000021 ) ) ;
#88 = ORIENTED_EDGE ( 'NONE', *, *, #5581, .F. ) ;
#89 = LINE ( 'NONE', #3833, #153 ) ;
#90 = AXIS2_PLACEMENT_3D ( 'NONE', #4170, #5194, #6031 ) ;
#91 = CARTESIAN_POINT ( 'NONE',  ( 0.04631613035952081986, -0.02259680682544960156, 0.001000000000000000021 ) ) ;
#92 = FILL_AREA_STYLE_COLOUR ( '', #4003 ) ;
#93 = CARTESIAN_POINT ( 'NONE',  ( -0.03906487161204973829, -0.02458512599876982660, 0.001000000000000000021 ) ) ;
#94 = FACE_OUTER_BOUND ( 'NONE', #5635, .T. ) ;
#95 = EDGE_CURVE ( 'NONE', #1559, #2479, #5174, .T. ) ;
#96 = UNCERTAINTY_MEASURE_WITH_UNIT (LENGTH_MEASURE( 1.000000000000000082E-05 ), #4496, 'distance_accuracy_value', 'NONE');
#97 = ORIENTED_EDGE ( 'NONE', *, *, #2970, .F. ) ;
#98 = ORIENTED_EDGE ( 'NONE', *, *, #3406, .F. ) ;
#99 = COLOUR_RGB ( '',0.1019607843137254888, 0.1019607843137254888, 0.1019607843137254888 ) ;
#100 = MECHANICAL_DESIGN_GEOMETRIC_PRESENTATION_REPRESENTATION (  '', ( #2144 ), #1157 ) ;
#101 = EDGE_CURVE ( 'NONE', #3599, #4697, #5639, .T. ) ;
#102 = EDGE_LOOP ( 'NONE', ( #1426, #1025, #3275, #2919 ) ) ;
#103 = DIRECTION ( 'NONE',  ( -0.000000000000000000, -0.000000000000000000, -1.000000000000000000 ) ) ;
#104 = CARTESIAN_POINT ( 'NONE',  ( -0.06529155349168377920, -0.004453464717004489495, 0.000000000000000000 ) ) ;
#105 = COLOUR_RGB ( '',0.1019607843137254888, 0.1019607843137254888, 0.1019607843137254888 ) ;
#106 = FILL_AREA_STYLE_COLOUR ( '', #1403 ) ;
#107 = ORIENTED_EDGE ( 'NONE', *, *, #2521, .T. ) ;
#108 = FACE_BOUND ( 'NONE', #3156, .T. ) ;
#109 = DIRECTION ( 'NONE',  ( 0.000000000000000000, 0.000000000000000000, 1.000000000000000000 ) ) ;
#110 = MECHANICAL_DESIGN_GEOMETRIC_PRESENTATION_REPRESENTATION (  '', ( #5679 ), #2155 ) ;
#111 =( NAMED_UNIT ( * ) SI_UNIT ( $, .STERADIAN. ) SOLID_ANGLE_UNIT ( ) );
#112 = CARTESIAN_POINT ( 'NONE',  ( 0.05017777376705603171, -0.008186737905965345632, 0.000000000000000000 ) ) ;
#113 = SURFACE_STYLE_FILL_AREA ( #1049 ) ;
#114 = CARTESIAN_POINT ( 'NONE',  ( 0.05134273644446583906, 0.0006536419630052394064, 0.001000000000000000021 ) ) ;
#115 = AXIS2_PLACEMENT_3D ( 'NONE', #1268, #3154, #5015 ) ;
#116 = CARTESIAN_POINT ( 'NONE',  ( 0.04496949340718982974, 0.02321208257151157264, 0.001000000000000000021 ) ) ;
#117 = SURFACE_SIDE_STYLE ('',( #1459 ) ) ;
#118 = CARTESIAN_POINT ( 'NONE',  ( -0.05829445390945429267, 0.007328860733868102113, 0.001000000000000000021 ) ) ;
#119 = STYLED_ITEM ( 'NONE', ( #1904 ), #2311 ) ;
#120 = CARTESIAN_POINT ( 'NONE',  ( 0.04202063898471226217, -0.02428761442602352799, 0.001000000000000000021 ) ) ;
#121 = FACE_OUTER_BOUND ( 'NONE', #5554, .T. ) ;
#122 = DIRECTION ( 'NONE',  ( -0.000000000000000000, -0.000000000000000000, -1.000000000000000000 ) ) ;
#123 = CARTESIAN_POINT ( 'NONE',  ( 0.03354169333399693170, 0.02600361884811849822, 0.001000000000000000021 ) ) ;
#124 = PRESENTATION_LAYER_ASSIGNMENT (  '', '', ( #2779 ) ) ;
#125 = VERTEX_POINT ( 'NONE', #3737 ) ;
#126 = UNCERTAINTY_MEASURE_WITH_UNIT (LENGTH_MEASURE( 1.000000000000000082E-05 ), #1096, 'distance_accuracy_value', 'NONE');
#127 = PRESENTATION_STYLE_ASSIGNMENT (( #2464 ) ) ;
#128 = DIRECTION ( 'NONE',  ( 0.000000000000000000, 1.000000000000000000, 0.000000000000000000 ) ) ;
#129 = ORIENTED_EDGE ( 'NONE', *, *, #1976, .T. ) ;
#130 = SURFACE_STYLE_USAGE ( .BOTH. , #5732 ) ;
#131 =( NAMED_UNIT ( * ) SI_UNIT ( $, .STERADIAN. ) SOLID_ANGLE_UNIT ( ) );
#132 = CARTESIAN_POINT ( 'NONE',  ( -0.04464051616158271757, -0.02418495340313537786, 0.000000000000000000 ) ) ;
#133 = SURFACE_STYLE_FILL_AREA ( #5760 ) ;
#134 = COLOUR_RGB ( '',0.6666666666666666297, 0.6980392156862744724, 0.7686274509803920907 ) ;
#135 = LINE ( 'NONE', #2899, #1094 ) ;
#136 =( LENGTH_UNIT ( ) NAMED_UNIT ( * ) SI_UNIT ( .MILLI., .METRE. ) );
#137 = LINE ( 'NONE', #2992, #3590 ) ;
#138 = ADVANCED_FACE ( 'NONE', ( #56 ), #3259, .T. ) ;
#139 = PRESENTATION_LAYER_ASSIGNMENT (  '', '', ( #5419 ) ) ;
#140 = CARTESIAN_POINT ( 'NONE',  ( 0.05107149277030275519, 0.004354400910871696236, 0.001000000000000000021 ) ) ;
#141 = DIRECTION ( 'NONE',  ( 1.000000000000000000, 0.000000000000000000, 0.000000000000000000 ) ) ;
#142 = FACE_BOUND ( 'NONE', #584, .T. ) ;
#143 = EDGE_LOOP ( 'NONE', ( #450, #3851, #1939, #3442 ) ) ;
#144 = MECHANICAL_DESIGN_GEOMETRIC_PRESENTATION_REPRESENTATION (  '', ( #5128 ), #1107 ) ;
#145 = FILL_AREA_STYLE ('',( #3526 ) ) ;
#146 = CARTESIAN_POINT ( 'NONE',  ( 0.03458759998209943315, 0.02049368975015014929, 0.000000000000000000 ) ) ;
#147 = FACE_OUTER_BOUND ( 'NONE', #536, .T. ) ;
#148 = CARTESIAN_POINT ( 'NONE',  ( 0.3000000000000000444, -0.1400000000000000411, -5.421010862427522170E-17 ) ) ;
#149 = SURFACE_SIDE_STYLE ('',( #1990 ) ) ;
#150 = CIRCLE ( 'NONE', #924, 0.009999999999999998473 ) ;
#151 = ORIENTED_EDGE ( 'NONE', *, *, #4967, .F. ) ;
#152 = LINE ( 'NONE', #1556, #3037 ) ;
#153 = VECTOR ( 'NONE', #5689, 999.9999999999998863 ) ;
#154 = PRESENTATION_LAYER_ASSIGNMENT (  '', '', ( #1129 ) ) ;
#155 = EDGE_CURVE ( 'NONE', #11, #3926, #932, .T. ) ;
#156 = ADVANCED_FACE ( 'NONE', ( #551 ), #428, .T. ) ;
#157 =( GEOMETRIC_REPRESENTATION_CONTEXT ( 3 ) GLOBAL_UNCERTAINTY_ASSIGNED_CONTEXT ( ( #372 ) ) GLOBAL_UNIT_ASSIGNED_CONTEXT ( ( #1048, #2959, #2501 ) ) REPRESENTATION_CONTEXT ( 'NONE', 'WORKASPACE' ) );
#158 = COLOUR_RGB ( '',0.007843137254901960675, 0.5137254901960783826, 0.8235294117647058432 ) ;
#159 = VERTEX_POINT ( 'NONE', #5796 ) ;
#160 = SURFACE_STYLE_FILL_AREA ( #1534 ) ;
#161 = DIRECTION ( 'NONE',  ( -0.000000000000000000, -0.000000000000000000, 1.000000000000000000 ) ) ;
#162 =( GEOMETRIC_REPRESENTATION_CONTEXT ( 3 ) GLOBAL_UNCERTAINTY_ASSIGNED_CONTEXT ( ( #3517 ) ) GLOBAL_UNIT_ASSIGNED_CONTEXT ( ( #4465, #1227, #4974 ) ) REPRESENTATION_CONTEXT ( 'NONE', 'WORKASPACE' ) );
#163 = DIRECTION ( 'NONE',  ( 1.000000000000000000, 0.000000000000000000, 0.000000000000000000 ) ) ;
#164 = DIRECTION ( 'NONE',  ( 0.000000000000000000, 1.000000000000000000, 0.000000000000000000 ) ) ;
#165 = CARTESIAN_POINT ( 'NONE',  ( 0.03370570765624295029, -0.01970707721828202086, 0.001000000000000000021 ) ) ;
#166 = DIRECTION ( 'NONE',  ( 1.000000000000000000, 0.000000000000000000, 0.000000000000000000 ) ) ;
#167 = MECHANICAL_DESIGN_GEOMETRIC_PRESENTATION_REPRESENTATION (  '', ( #1242 ), #951 ) ;
#168 = CARTESIAN_POINT ( 'NONE',  ( 0.08123810094892587597, -0.01909732112072104818, 0.001000000000000000021 ) ) ;
#169 = EDGE_CURVE ( 'NONE', #4893, #4765, #5045, .T. ) ;
#170 = ORIENTED_EDGE ( 'NONE', *, *, #1040, .F. ) ;
#171 = CARTESIAN_POINT ( 'NONE',  ( 0.05800297495385601382, 0.002348250671734772917, 0.000000000000000000 ) ) ;
#172 = CARTESIAN_POINT ( 'NONE',  ( 0.1500000000000000500, 0.1300000000000000322, 4.840188270024575430E-19 ) ) ;
#173 = CARTESIAN_POINT ( 'NONE',  ( -0.05770401337576377965, 0.009193798074317012167, 0.001000000000000000021 ) ) ;
#174 = VECTOR ( 'NONE', #1023, 1000.000000000000000 ) ;
#175 = DIRECTION ( 'NONE',  ( -0.000000000000000000, -0.000000000000000000, -1.000000000000000000 ) ) ;
#176 = PRESENTATION_STYLE_ASSIGNMENT (( #528 ) ) ;
#177 = ADVANCED_FACE ( 'NONE', ( #5274 ), #5300, .T. ) ;
#178 = FILL_AREA_STYLE_COLOUR ( '', #5230 ) ;
#179 = CARTESIAN_POINT ( 'NONE',  ( -0.04026273481261563592, 0.01991241941472667726, -0.000000000000000000 ) ) ;
#180 = CARTESIAN_POINT ( 'NONE',  ( 0.02707182100210450346, -0.02441597831158792697, 0.000000000000000000 ) ) ;
#181 = ORIENTED_EDGE ( 'NONE', *, *, #3157, .F. ) ;
#182 = AXIS2_PLACEMENT_3D ( 'NONE', #2662, #3127, #3642 ) ;
#183 = ORIENTED_EDGE ( 'NONE', *, *, #3504, .T. ) ;
#184 = DIRECTION ( 'NONE',  ( -9.680376540049145852E-17, 1.000000000000000000, 1.936075308009829417E-16 ) ) ;
#185 = MECHANICAL_DESIGN_GEOMETRIC_PRESENTATION_REPRESENTATION (  '', ( #2040 ), #1283 ) ;
#186 =( GEOMETRIC_REPRESENTATION_CONTEXT ( 3 ) GLOBAL_UNCERTAINTY_ASSIGNED_CONTEXT ( ( #3387 ) ) GLOBAL_UNIT_ASSIGNED_CONTEXT ( ( #1637, #5373, #3122 ) ) REPRESENTATION_CONTEXT ( 'NONE', 'WORKASPACE' ) );
#187 = EDGE_LOOP ( 'NONE', ( #2194, #4445, #880, #5550 ) ) ;
#188 = CARTESIAN_POINT ( 'NONE',  ( -0.2000000000000000389, -0.1500000000000000222, -3.265667109102466307E-17 ) ) ;
#189 = DIRECTION ( 'NONE',  ( 0.000000000000000000, -0.000000000000000000, -1.000000000000000000 ) ) ;
#190 = EDGE_CURVE ( 'NONE', #5978, #861, #2534, .T. ) ;
#191 = ORIENTED_EDGE ( 'NONE', *, *, #4793, .T. ) ;
#192 = FILL_AREA_STYLE_COLOUR ( '', #3743 ) ;
#193 = CARTESIAN_POINT ( 'NONE',  ( 0.2899999999999999800, 0.1499999999999999389, 0.2799999999999999156 ) ) ;
#194 = SURFACE_SIDE_STYLE ('',( #4400 ) ) ;
#195 = FILL_AREA_STYLE_COLOUR ( '', #931 ) ;
#196 = CARTESIAN_POINT ( 'NONE',  ( -0.04229904980374632473, 0.02535425446802452507, 0.001000000000000000021 ) ) ;
#197 = UNCERTAINTY_MEASURE_WITH_UNIT (LENGTH_MEASURE( 1.000000000000000082E-05 ), #2771, 'distance_accuracy_value', 'NONE');
#198 = PRESENTATION_LAYER_ASSIGNMENT (  '', '', ( #1472 ) ) ;
#199 = CARTESIAN_POINT ( 'NONE',  ( -0.02546921612424486725, 0.02541487400123018311, 0.000000000000000000 ) ) ;
#200 = DIRECTION ( 'NONE',  ( -0.000000000000000000, -0.000000000000000000, -1.000000000000000000 ) ) ;
#201 =( LENGTH_UNIT ( ) NAMED_UNIT ( * ) SI_UNIT ( .MILLI., .METRE. ) );
#202 = CARTESIAN_POINT ( 'NONE',  ( 0.04038283953550908523, 0.02504130853525159475, 0.000000000000000000 ) ) ;
#203 = SURFACE_SIDE_STYLE ('',( #2450 ) ) ;
#204 = EDGE_CURVE ( 'NONE', #5219, #1248, #5245, .T. ) ;
#205 = CARTESIAN_POINT ( 'NONE',  ( 0.3000000000000000444, -0.1500000000000000222, -3.265667109102466307E-17 ) ) ;
#206 = CARTESIAN_POINT ( 'NONE',  ( 0.03462986924160880303, -0.02519488209633080275, 0.000000000000000000 ) ) ;
#207 = STYLED_ITEM ( 'NONE', ( #5420 ), #1894 ) ;
#208 = LINE ( 'NONE', #3497, #1544 ) ;
#209 = EDGE_LOOP ( 'NONE', ( #2116, #6045, #4661, #1587 ) ) ;
#210 = CIRCLE ( 'NONE', #1389, 0.009999999999999998473 ) ;
#211 = B_SPLINE_CURVE_WITH_KNOTS ( 'NONE', 3,
 ( #2722, #1628, #1257, #5357, #3111, #2092, #5820, #2212, #4463, #5003, #827 ),
 .UNSPECIFIED., .F., .F.,
 ( 4, 1, 1, 1, 1, 1, 1, 1, 4 ),
 ( 0.000000000000000000, 0.1451868664724696723, 0.2834426109197301091, 0.4165243659288290767, 0.5431811235350824107, 0.6651530826377128891, 0.7813602063127155217, 0.8927566556418091714, 1.000000000000000000 ),
 .UNSPECIFIED. ) ;
#212 = CARTESIAN_POINT ( 'NONE',  ( -0.2999999999999999889, 0.1499999999999999389, 0.000000000000000000 ) ) ;
#213 = ORIENTED_EDGE ( 'NONE', *, *, #5242, .F. ) ;
#214 = LINE ( 'NONE', #5810, #3736 ) ;
#215 = PLANE ( 'NONE',  #5795 ) ;
#216 = CARTESIAN_POINT ( 'NONE',  ( -0.06529068661881136382, 0.006306685072534378052, 0.000000000000000000 ) ) ;
#217 = SURFACE_STYLE_FILL_AREA ( #4911 ) ;
#218 = ORIENTED_EDGE ( 'NONE', *, *, #1032, .F. ) ;
#219 = SURFACE_SIDE_STYLE ('',( #4429 ) ) ;
#220 = CARTESIAN_POINT ( 'NONE',  ( 0.05134616117593172185, -0.0008497228689242396563, 0.000000000000000000 ) ) ;
#221 = DIRECTION ( 'NONE',  ( 0.000000000000000000, 0.000000000000000000, 1.000000000000000000 ) ) ;
#222 = CARTESIAN_POINT ( 'NONE',  ( -0.03217653319741560491, -0.01909732112072104818, 0.001000000000000000021 ) ) ;
#223 = COLOUR_RGB ( '',0.1019607843137254888, 0.1019607843137254888, 0.1019607843137254888 ) ;
#224 = DIRECTION ( 'NONE',  ( 0.000000000000000000, 1.000000000000000000, 0.000000000000000000 ) ) ;
#225 = CARTESIAN_POINT ( 'NONE',  ( 0.02500780050364875828, 0.01930648144060460522, 0.000000000000000000 ) ) ;
#226 = EDGE_CURVE ( 'NONE', #2689, #4515, #4863, .T. ) ;
#227 = ORIENTED_EDGE ( 'NONE', *, *, #2207, .T. ) ;
#228 = DIRECTION ( 'NONE',  ( -0.000000000000000000, -0.000000000000000000, -1.000000000000000000 ) ) ;
#229 =( NAMED_UNIT ( * ) SI_UNIT ( $, .STERADIAN. ) SOLID_ANGLE_UNIT ( ) );
#230 = COLOUR_RGB ( '',0.6666666666666666297, 0.6980392156862744724, 0.7686274509803920907 ) ;
#231 = CARTESIAN_POINT ( 'NONE',  ( -0.06571311856326926548, 0.001043684976839931011, 0.001000000000000000021 ) ) ;
#232 = SURFACE_STYLE_USAGE ( .BOTH. , #4440 ) ;
#233 = SURFACE_STYLE_FILL_AREA ( #1145 ) ;
#234 = CARTESIAN_POINT ( 'NONE',  ( 0.1999999999999999833, 0.1400000000000000411, 0.2800000000000000266 ) ) ;
#235 = LINE ( 'NONE', #1147, #1146 ) ;
#236 = CARTESIAN_POINT ( 'NONE',  ( 0.04273960160224671290, 0.02424944539201552562, 0.001000000000000000021 ) ) ;
#237 = ORIENTED_EDGE ( 'NONE', *, *, #2443, .T. ) ;
#238 = ORIENTED_EDGE ( 'NONE', *, *, #4520, .F. ) ;
#239 = CARTESIAN_POINT ( 'NONE',  ( 0.2899999999999999800, 0.1399999999999999301, 0.2799999999999999156 ) ) ;
#240 = CARTESIAN_POINT ( 'NONE',  ( -0.2000000000000000111, -0.1400000000000000411, 0.2900000000000000355 ) ) ;
#241 = PLANE ( 'NONE',  #4409 ) ;
#242 = STYLED_ITEM ( 'NONE', ( #958 ), #4892 ) ;
#243 = ORIENTED_EDGE ( 'NONE', *, *, #4985, .F. ) ;
#244 = DIRECTION ( 'NONE',  ( 0.000000000000000000, 0.000000000000000000, 1.000000000000000000 ) ) ;
#245 = EDGE_CURVE ( 'NONE', #2112, #2297, #4371, .T. ) ;
#246 = MECHANICAL_DESIGN_GEOMETRIC_PRESENTATION_REPRESENTATION (  '', ( #4361 ), #5427 ) ;
#247 =( NAMED_UNIT ( * ) PLANE_ANGLE_UNIT ( ) SI_UNIT ( $, .RADIAN. ) );
#248 = CARTESIAN_POINT ( 'NONE',  ( -0.05898941246097796215, 0.001666817648350728915, -0.000000000000000000 ) ) ;
#249 = VECTOR ( 'NONE', #1570, 999.9999999999998863 ) ;
#250 = EDGE_CURVE ( 'NONE', #3544, #5227, #4872, .T. ) ;
#251 = COLOUR_RGB ( '',0.1019607843137254888, 0.1019607843137254888, 0.1019607843137254888 ) ;
#252 = CARTESIAN_POINT ( 'NONE',  ( -0.03217653319741560491, -0.01909732112072104818, 0.001000000000000000021 ) ) ;
#253 = ORIENTED_EDGE ( 'NONE', *, *, #511, .F. ) ;
#254 = DIRECTION ( 'NONE',  ( 1.000000000000000000, -9.680376540049147084E-17, -0.000000000000000000 ) ) ;
#255 = DIRECTION ( 'NONE',  ( -0.000000000000000000, 1.000000000000000000, 0.000000000000000000 ) ) ;
#256 = CARTESIAN_POINT ( 'NONE',  ( -0.2000000000000000389, 0.1400000000000000411, 0.000000000000000000 ) ) ;
#257 = LINE ( 'NONE', #4519, #4859 ) ;
#258 = CARTESIAN_POINT ( 'NONE',  ( -0.05636995681047498458, 0.02037234803549054993, 0.000000000000000000 ) ) ;
#259 = FILL_AREA_STYLE_COLOUR ( '', #833 ) ;
#260 = LINE ( 'NONE', #5459, #1735 ) ;
#261 = MECHANICAL_DESIGN_GEOMETRIC_PRESENTATION_REPRESENTATION (  '', ( #839 ), #1434 ) ;
#262 = CARTESIAN_POINT ( 'NONE',  ( -0.06471401868750911723, -0.007013316364117928858, 0.000000000000000000 ) ) ;
#263 = CARTESIAN_POINT ( 'NONE',  ( 0.03531326894024171964, 0.02596240002920010420, 0.000000000000000000 ) ) ;
#264 = EDGE_CURVE ( 'NONE', #5640, #3409, #2853, .T. ) ;
#265 = FACE_OUTER_BOUND ( 'NONE', #25, .T. ) ;
#266 = CARTESIAN_POINT ( 'NONE',  ( 0.05136005216843807231, -0.0001186625841356777722, 0.000000000000000000 ) ) ;
#267 = EDGE_CURVE ( 'NONE', #5227, #2078, #1229, .T. ) ;
#268 =( NAMED_UNIT ( * ) SI_UNIT ( $, .STERADIAN. ) SOLID_ANGLE_UNIT ( ) );
#269 =( LENGTH_UNIT ( ) NAMED_UNIT ( * ) SI_UNIT ( .MILLI., .METRE. ) );
#270 = FACE_OUTER_BOUND ( 'NONE', #4787, .T. ) ;
#271 = CARTESIAN_POINT ( 'NONE',  ( -0.09213748703513227611, 0.01646608276664543111, 0.001000000000000000021 ) ) ;
#272 = LINE ( 'NONE', #4037, #2738 ) ;
#273 = ORIENTED_EDGE ( 'NONE', *, *, #3794, .F. ) ;
#274 =( GEOMETRIC_REPRESENTATION_CONTEXT ( 3 ) GLOBAL_UNCERTAINTY_ASSIGNED_CONTEXT ( ( #331 ) ) GLOBAL_UNIT_ASSIGNED_CONTEXT ( ( #201, #2096, #2185 ) ) REPRESENTATION_CONTEXT ( 'NONE', 'WORKASPACE' ) );
#275 = SURFACE_SIDE_STYLE ('',( #2196 ) ) ;
#276 = EDGE_CURVE ( 'NONE', #1906, #4352, #719, .T. ) ;
#277 = CARTESIAN_POINT ( 'NONE',  ( -0.05381196832622963527, -0.01386121639614156138, 0.000000000000000000 ) ) ;
#278 = LINE ( 'NONE', #4964, #2031 ) ;
#279 = VECTOR ( 'NONE', #5441, 1000.000000000000000 ) ;
#280 = DIRECTION ( 'NONE',  ( 0.000000000000000000, -1.149544714130836139E-16, 1.000000000000000000 ) ) ;
#281 = SURFACE_STYLE_USAGE ( .BOTH. , #4456 ) ;
#282 = AXIS2_PLACEMENT_3D ( 'NONE', #3985, #710, #1130 ) ;
#283 = EDGE_CURVE ( 'NONE', #1559, #4707, #5490, .T. ) ;
#284 = AXIS2_PLACEMENT_3D ( 'NONE', #3221, #4190, #3153 ) ;
#285 = VERTEX_POINT ( 'NONE', #3577 ) ;
#286 = CARTESIAN_POINT ( 'NONE',  ( -0.09213748703513227611, 0.01646608276664543111, 0.000000000000000000 ) ) ;
#287 = CARTESIAN_POINT ( 'NONE',  ( 0.04948586850760917921, -0.009924788209791927246, 0.000000000000000000 ) ) ;
#288 = SURFACE_SIDE_STYLE ('',( #5951 ) ) ;
#289 = B_SPLINE_SURFACE_WITH_KNOTS ( 'NONE', 3, 1, ( 
 ( #5151, #2894 ),
 ( #3474, #1105 ),
 ( #4422, #3385 ),
 ( #3905, #104 ),
 ( #3877, #2927 ),
 ( #5320, #3011 ),
 ( #2524, #4879 ),
 ( #1043, #622 ),
 ( #572, #2027 ),
 ( #4800, #650 ),
 ( #1620, #4823 ),
 ( #601, #2470 ),
 ( #1508, #1971 ),
 ( #4332, #4390 ),
 ( #5734, #5291 ),
 ( #3445, #132 ),
 ( #3957, #3509 ),
 ( #681, #1588 ),
 ( #4772, #5812 ) ),
 .UNSPECIFIED., .F., .F., .F.,
 ( 4, 1, 1, 1, 1, 1, 1, 1, 1, 1, 1, 1, 1, 1, 1, 1, 4 ),
 ( 2, 2 ),
 ( 0.000000000000000000, 0.06806869584499403159, 0.1334274328189550551, 0.1961460338131564562, 0.2570485924493126073, 0.3168826631591618592, 0.3761872086663213821, 0.4359603353635462253, 0.4965352368627260482, 0.5574653434807329555, 0.6176868634101470024, 0.6779436406969059359, 0.7388052848060400191, 0.8009493367665837527, 0.8648146674702262837, 0.9310247810786568268, 1.000000000000000000 ),
 ( 0.000000000000000000, 1.000000000000000000 ),
 .UNSPECIFIED. ) ;
#290 =( GEOMETRIC_REPRESENTATION_CONTEXT ( 3 ) GLOBAL_UNCERTAINTY_ASSIGNED_CONTEXT ( ( #2289 ) ) GLOBAL_UNIT_ASSIGNED_CONTEXT ( ( #2614, #2752, #4487 ) ) REPRESENTATION_CONTEXT ( 'NONE', 'WORKASPACE' ) );
#291 = VERTEX_POINT ( 'NONE', #4491 ) ;
#292 = CARTESIAN_POINT ( 'NONE',  ( 0.2000000000000000389, -0.1500000000000000500, 0.2799999999999998601 ) ) ;
#293 = CARTESIAN_POINT ( 'NONE',  ( 0.05806736924160880303, -0.0005283424621844572686, 0.001000000000000000021 ) ) ;
#294 = VECTOR ( 'NONE', #2227, 1000.000000000000000 ) ;
#295 = STYLED_ITEM ( 'NONE', ( #5783 ), #2862 ) ;
#296 = LINE ( 'NONE', #1636, #468 ) ;
#297 = CARTESIAN_POINT ( 'NONE',  ( 0.05321746269849937649, -0.01669550313201324798, 0.001000000000000000021 ) ) ;
#298 = FILL_AREA_STYLE_COLOUR ( '', #1418 ) ;
#299 = CARTESIAN_POINT ( 'NONE',  ( 0.02372077728132135702, -0.01792287151418890667, 0.000000000000000000 ) ) ;
#300 = VERTEX_POINT ( 'NONE', #4976 ) ;
#301 = CARTESIAN_POINT ( 'NONE',  ( -0.05871813864205496780, -0.003540867284301547208, 0.000000000000000000 ) ) ;
#302 =( LENGTH_UNIT ( ) NAMED_UNIT ( * ) SI_UNIT ( .MILLI., .METRE. ) );
#303 = FILL_AREA_STYLE ('',( #1244 ) ) ;
#304 = CARTESIAN_POINT ( 'NONE',  ( 0.004408832656242948553, -0.01909732112072104818, 0.001000000000000000021 ) ) ;
#305 = CARTESIAN_POINT ( 'NONE',  ( -0.04363937810360978692, -0.01879697581875370768, 0.001000000000000000021 ) ) ;
#306 = EDGE_LOOP ( 'NONE', ( #170, #5841, #3752, #3539 ) ) ;
#307 = EDGE_CURVE ( 'NONE', #2601, #4650, #260, .T. ) ;
#308 = SURFACE_SIDE_STYLE ('',( #4389 ) ) ;
#309 = DIRECTION ( 'NONE',  ( 1.000000000000000000, 0.000000000000000000, 0.000000000000000000 ) ) ;
#310 =( GEOMETRIC_REPRESENTATION_CONTEXT ( 3 ) GLOBAL_UNCERTAINTY_ASSIGNED_CONTEXT ( ( #1314 ) ) GLOBAL_UNIT_ASSIGNED_CONTEXT ( ( #3729, #5588, #387 ) ) REPRESENTATION_CONTEXT ( 'NONE', 'WORKASPACE' ) );
#311 = LINE ( 'NONE', #2176, #1478 ) ;
#312 = VERTEX_POINT ( 'NONE', #1660 ) ;
#313 =( GEOMETRIC_REPRESENTATION_CONTEXT ( 3 ) GLOBAL_UNCERTAINTY_ASSIGNED_CONTEXT ( ( #3733 ) ) GLOBAL_UNIT_ASSIGNED_CONTEXT ( ( #507, #1071, #3358 ) ) REPRESENTATION_CONTEXT ( 'NONE', 'WORKASPACE' ) );
#314 = SURFACE_SIDE_STYLE ('',( #4548 ) ) ;
#315 = CARTESIAN_POINT ( 'NONE',  ( -0.09498141124619609299, 0.02541487400123018311, 0.001000000000000000021 ) ) ;
#316 = DIRECTION ( 'NONE',  ( 0.000000000000000000, -1.000000000000000000, 0.000000000000000000 ) ) ;
#317 = LINE ( 'NONE', #3548, #4076 ) ;
#318 = FILL_AREA_STYLE ('',( #1629 ) ) ;
#319 = DIRECTION ( 'NONE',  ( 1.000000000000000000, 9.680376540049145852E-17, 0.000000000000000000 ) ) ;
#320 = VERTEX_POINT ( 'NONE', #2125 ) ;
#321 = CARTESIAN_POINT ( 'NONE',  ( -0.05900580149009851394, 0.0009007733914740772251, 0.000000000000000000 ) ) ;
#322 = CARTESIAN_POINT ( 'NONE',  ( 0.2899999999999999800, 0.1399999999999999301, 0.000000000000000000 ) ) ;
#323 = SURFACE_STYLE_USAGE ( .BOTH. , #777 ) ;
#324 = CARTESIAN_POINT ( 'NONE',  ( 0.04738818418259561210, 0.01351997388719446483, 0.000000000000000000 ) ) ;
#325 = DIRECTION ( 'NONE',  ( 0.000000000000000000, -1.000000000000000000, 0.000000000000000000 ) ) ;
#326 = FACE_OUTER_BOUND ( 'NONE', #3313, .T. ) ;
#327 = FILL_AREA_STYLE_COLOUR ( '', #3783 ) ;
#328 = SURFACE_STYLE_FILL_AREA ( #5440 ) ;
#329 = LINE ( 'NONE', #3066, #2330 ) ;
#330 = DIRECTION ( 'NONE',  ( -1.000000000000000000, 0.000000000000000000, 0.000000000000000000 ) ) ;
#331 = UNCERTAINTY_MEASURE_WITH_UNIT (LENGTH_MEASURE( 1.000000000000000082E-05 ), #201, 'distance_accuracy_value', 'NONE');
#332 =( NAMED_UNIT ( * ) SI_UNIT ( $, .STERADIAN. ) SOLID_ANGLE_UNIT ( ) );
#333 = PRESENTATION_LAYER_ASSIGNMENT (  '', '', ( #5610 ) ) ;
#334 = LINE ( 'NONE', #5836, #1466 ) ;
#335 =( NAMED_UNIT ( * ) SI_UNIT ( $, .STERADIAN. ) SOLID_ANGLE_UNIT ( ) );
#336 = CIRCLE ( 'NONE', #3956, 0.009999999999999998473 ) ;
#337 = CARTESIAN_POINT ( 'NONE',  ( 0.04480753086882317132, 0.01627768093872708488, 0.000000000000000000 ) ) ;
#338 = ORIENTED_EDGE ( 'NONE', *, *, #5694, .F. ) ;
#339 = VERTEX_POINT ( 'NONE', #3181 ) ;
#340 = ADVANCED_FACE ( 'NONE', ( #3996 ), #4556, .T. ) ;
#341 = EDGE_CURVE ( 'NONE', #3818, #1385, #4092, .T. ) ;
#342 = PLANE ( 'NONE',  #5383 ) ;
#343 = EDGE_CURVE ( 'NONE', #1287, #3926, #803, .T. ) ;
#344 = VECTOR ( 'NONE', #425, 1000.000000000000000 ) ;
#345 = ORIENTED_EDGE ( 'NONE', *, *, #2059, .F. ) ;
#346 =( LENGTH_UNIT ( ) NAMED_UNIT ( * ) SI_UNIT ( .MILLI., .METRE. ) );
#347 = CARTESIAN_POINT ( 'NONE',  ( 0.03370570765624295029, -0.01970707721828202086, 0.000000000000000000 ) ) ;
#348 = CARTESIAN_POINT ( 'NONE',  ( -0.2000000000000000111, 0.1400000000000000411, 1.694065894508600678E-18 ) ) ;
#349 = MECHANICAL_DESIGN_GEOMETRIC_PRESENTATION_REPRESENTATION (  '', ( #2902 ), #557 ) ;
#350 = MECHANICAL_DESIGN_GEOMETRIC_PRESENTATION_REPRESENTATION (  '', ( #5631 ), #2711 ) ;
#351 =( NAMED_UNIT ( * ) SI_UNIT ( $, .STERADIAN. ) SOLID_ANGLE_UNIT ( ) );
#352 = DIRECTION ( 'NONE',  ( 0.000000000000000000, 0.000000000000000000, -1.000000000000000000 ) ) ;
#353 = B_SPLINE_CURVE_WITH_KNOTS ( 'NONE', 3,
 ( #2154, #2216, #3521, #3578, #262, #1729, #720, #2566, #4027, #4435, #1171, #5007, #4948, #3633, #5925, #1661, #4059, #5890, #3116 ),
 .UNSPECIFIED., .F., .F.,
 ( 4, 1, 1, 1, 1, 1, 1, 1, 1, 1, 1, 1, 1, 1, 1, 1, 4 ),
 ( 0.000000000000000000, 0.06806869584499403159, 0.1334274328189550551, 0.1961460338131564562, 0.2570485924493126073, 0.3168826631591618592, 0.3761872086663213821, 0.4359603353635462253, 0.4965352368627260482, 0.5574653434807329555, 0.6176868634101470024, 0.6779436406969059359, 0.7388052848060400191, 0.8009493367665837527, 0.8648146674702262837, 0.9310247810786568268, 1.000000000000000000 ),
 .UNSPECIFIED. ) ;
#354 = VECTOR ( 'NONE', #3630, 1000.000000000000000 ) ;
#355 = DIRECTION ( 'NONE',  ( 0.3635424856527063042, 0.9315776194850602376, 0.000000000000000000 ) ) ;
#356 = CARTESIAN_POINT ( 'NONE',  ( 0.05770420373069050368, -0.005794279174151800889, 0.000000000000000000 ) ) ;
#357 = SURFACE_STYLE_USAGE ( .BOTH. , #5466 ) ;
#358 = FILL_AREA_STYLE ('',( #2823 ) ) ;
#359 = CARTESIAN_POINT ( 'NONE',  ( -0.2999999999999999889, 0.1499999999999999389, 0.2799999999999999156 ) ) ;
#360 = EDGE_CURVE ( 'NONE', #2818, #3770, #3966, .T. ) ;
#361 = FACE_OUTER_BOUND ( 'NONE', #2296, .T. ) ;
#362 = SURFACE_STYLE_USAGE ( .BOTH. , #4007 ) ;
#363 = DIRECTION ( 'NONE',  ( 0.3390537954853694580, 0.9407669869669987861, 0.000000000000000000 ) ) ;
#364 = ORIENTED_EDGE ( 'NONE', *, *, #2715, .T. ) ;
#365 = DIRECTION ( 'NONE',  ( -0.3363908276654490881, 0.9417224702971432881, 0.000000000000000000 ) ) ;
#366 = STYLED_ITEM ( 'NONE', ( #3254 ), #5268 ) ;
#367 = FACE_OUTER_BOUND ( 'NONE', #5302, .T. ) ;
#368 = DIRECTION ( 'NONE',  ( -0.000000000000000000, -0.000000000000000000, -1.000000000000000000 ) ) ;
#369 = DIRECTION ( 'NONE',  ( 0.000000000000000000, -1.000000000000000000, 0.000000000000000000 ) ) ;
#370 = STYLED_ITEM ( 'NONE', ( #1905 ), #410 ) ;
#371 = ORIENTED_EDGE ( 'NONE', *, *, #5235, .T. ) ;
#372 = UNCERTAINTY_MEASURE_WITH_UNIT (LENGTH_MEASURE( 1.000000000000000082E-05 ), #1048, 'distance_accuracy_value', 'NONE');
#373 = CARTESIAN_POINT ( 'NONE',  ( 0.02228656050776070541, -0.02277430589739516675, 0.001000000000000000021 ) ) ;
#374 = CARTESIAN_POINT ( 'NONE',  ( 0.02845535217210905243, -0.01928171044815464585, 0.000000000000000000 ) ) ;
#375 = EDGE_CURVE ( 'NONE', #2436, #2526, #5624, .T. ) ;
#376 = ORIENTED_EDGE ( 'NONE', *, *, #5793, .T. ) ;
#377 = PRESENTATION_STYLE_ASSIGNMENT (( #2865 ) ) ;
#378 = CARTESIAN_POINT ( 'NONE',  ( 0.02472128616601435361, 0.02527365291818879645, 0.001000000000000000021 ) ) ;
#379 = CARTESIAN_POINT ( 'NONE',  ( 0.06233566192453564303, -0.02458512599876982660, 0.001000000000000000021 ) ) ;
#380 = CARTESIAN_POINT ( 'NONE',  ( 0.03920096401778042777, -0.01899817406343691506, 0.001000000000000000021 ) ) ;
#381 = COLOUR_RGB ( '',0.1019607843137254888, 0.1019607843137254888, 0.1019607843137254888 ) ;
#382 = CARTESIAN_POINT ( 'NONE',  ( -0.3000000000000000444, -0.1400000000000000411, 0.2899999999999998690 ) ) ;
#383 = ORIENTED_EDGE ( 'NONE', *, *, #3457, .F. ) ;
#384 = ORIENTED_EDGE ( 'NONE', *, *, #2991, .T. ) ;
#385 =( GEOMETRIC_REPRESENTATION_CONTEXT ( 3 ) GLOBAL_UNCERTAINTY_ASSIGNED_CONTEXT ( ( #4802 ) ) GLOBAL_UNIT_ASSIGNED_CONTEXT ( ( #1266, #2344, #5563 ) ) REPRESENTATION_CONTEXT ( 'NONE', 'WORKASPACE' ) );
#386 = DIRECTION ( 'NONE',  ( 0.000000000000000000, -0.000000000000000000, 1.000000000000000000 ) ) ;
#387 =( NAMED_UNIT ( * ) SI_UNIT ( $, .STERADIAN. ) SOLID_ANGLE_UNIT ( ) );
#388 = DIRECTION ( 'NONE',  ( 0.000000000000000000, 0.000000000000000000, -1.000000000000000000 ) ) ;
#389 = FACE_OUTER_BOUND ( 'NONE', #5567, .T. ) ;
#390 = CARTESIAN_POINT ( 'NONE',  ( 0.03967482514570856711, -0.02481924017086075199, 0.000000000000000000 ) ) ;
#391 =( NAMED_UNIT ( * ) SI_UNIT ( $, .STERADIAN. ) SOLID_ANGLE_UNIT ( ) );
#392 = SURFACE_STYLE_USAGE ( .BOTH. , #2732 ) ;
#393 = COLOUR_RGB ( '',0.007843137254901960675, 0.5137254901960783826, 0.8235294117647058432 ) ;
#394 = FACE_OUTER_BOUND ( 'NONE', #3607, .T. ) ;
#395 = DIRECTION ( 'NONE',  ( 0.000000000000000000, -1.000000000000000000, 0.000000000000000000 ) ) ;
#396 = ORIENTED_EDGE ( 'NONE', *, *, #5860, .T. ) ;
#397 = FILL_AREA_STYLE ('',( #2195 ) ) ;
#398 = AXIS2_PLACEMENT_3D ( 'NONE', #5873, #3505, #1212 ) ;
#399 = MECHANICAL_DESIGN_GEOMETRIC_PRESENTATION_REPRESENTATION (  '', ( #4113 ), #1653 ) ;
#400 = PRESENTATION_STYLE_ASSIGNMENT (( #2739 ) ) ;
#401 = FILL_AREA_STYLE ('',( #3647 ) ) ;
#402 = LINE ( 'NONE', #5507, #1760 ) ;
#403 =( LENGTH_UNIT ( ) NAMED_UNIT ( * ) SI_UNIT ( .MILLI., .METRE. ) );
#404 = SURFACE_STYLE_FILL_AREA ( #3594 ) ;
#405 = MECHANICAL_DESIGN_GEOMETRIC_PRESENTATION_REPRESENTATION (  '', ( #1167 ), #5379 ) ;
#406 = DIRECTION ( 'NONE',  ( -0.000000000000000000, -0.000000000000000000, -1.000000000000000000 ) ) ;
#407 = EDGE_LOOP ( 'NONE', ( #3322, #4660, #2370, #5092 ) ) ;
#408 = ORIENTED_EDGE ( 'NONE', *, *, #1407, .T. ) ;
#409 = CARTESIAN_POINT ( 'NONE',  ( -0.09227991538027045804, 0.01601070718730033052, -0.000000000000000000 ) ) ;
#410 = ADVANCED_FACE ( 'NONE', ( #2855 ), #1842, .T. ) ;
#411 = UNCERTAINTY_MEASURE_WITH_UNIT (LENGTH_MEASURE( 1.000000000000000082E-05 ), #2394, 'distance_accuracy_value', 'NONE');
#412 = CARTESIAN_POINT ( 'NONE',  ( 0.02372077728132135702, -0.01792287151418890667, 0.001000000000000000021 ) ) ;
#413 = DIRECTION ( 'NONE',  ( 0.000000000000000000, 0.000000000000000000, -1.000000000000000000 ) ) ;
#414 = EDGE_CURVE ( 'NONE', #4658, #2951, #1009, .T. ) ;
#415 = SURFACE_STYLE_USAGE ( .BOTH. , #38 ) ;
#416 = ORIENTED_EDGE ( 'NONE', *, *, #3919, .F. ) ;
#417 = CARTESIAN_POINT ( 'NONE',  ( -0.1500000000000000500, 0.1400000000000000411, -0.009999999999999998473 ) ) ;
#418 = FILL_AREA_STYLE ('',( #3662 ) ) ;
#419 = SURFACE_STYLE_USAGE ( .BOTH. , #1918 ) ;
#420 = PRESENTATION_LAYER_ASSIGNMENT (  '', '', ( #2953 ) ) ;
#421 = ORIENTED_EDGE ( 'NONE', *, *, #5234, .T. ) ;
#422 = COLOUR_RGB ( '',0.6666666666666666297, 0.6980392156862744724, 0.7686274509803920907 ) ;
#423 = ORIENTED_EDGE ( 'NONE', *, *, #2213, .T. ) ;
#424 = PRESENTATION_STYLE_ASSIGNMENT (( #2372 ) ) ;
#425 = DIRECTION ( 'NONE',  ( -0.000000000000000000, -0.000000000000000000, -1.000000000000000000 ) ) ;
#426 = CARTESIAN_POINT ( 'NONE',  ( -0.09084724471228387832, 0.01653173110287119857, 0.001000000000000000021 ) ) ;
#427 = EDGE_CURVE ( 'NONE', #1819, #78, #2012, .T. ) ;
#428 = PLANE ( 'NONE',  #4882 ) ;
#429 = DIRECTION ( 'NONE',  ( -0.000000000000000000, 0.000000000000000000, 1.000000000000000000 ) ) ;
#430 = CARTESIAN_POINT ( 'NONE',  ( -0.01327409417302535810, -0.002024150389013728082, 0.001000000000000000021 ) ) ;
#431 = VECTOR ( 'NONE', #1815, 1000.000000000000000 ) ;
#432 =( NAMED_UNIT ( * ) SI_UNIT ( $, .STERADIAN. ) SOLID_ANGLE_UNIT ( ) );
#433 =( NAMED_UNIT ( * ) PLANE_ANGLE_UNIT ( ) SI_UNIT ( $, .RADIAN. ) );
#434 = PRESENTATION_LAYER_ASSIGNMENT (  '', '', ( #4045 ) ) ;
#435 = EDGE_LOOP ( 'NONE', ( #3400, #5198, #4718, #4966, #4381, #830 ) ) ;
#436 = ORIENTED_EDGE ( 'NONE', *, *, #973, .F. ) ;
#437 = VECTOR ( 'NONE', #2814, 1000.000000000000000 ) ;
#438 = CARTESIAN_POINT ( 'NONE',  ( 0.03191145770325050368, -0.01968352016134909330, 0.000000000000000000 ) ) ;
#439 = B_SPLINE_CURVE_WITH_KNOTS ( 'NONE', 3,
 ( #1353, #4242, #6015, #1388, #889, #2333, #3301, #1863, #2872, #1321, #2783, #476, #5152, #1831, #380, #44, #3695, #446, #954 ),
 .UNSPECIFIED., .F., .F.,
 ( 4, 1, 1, 1, 1, 1, 1, 1, 1, 1, 1, 1, 1, 1, 1, 1, 4 ),
 ( 0.000000000000000000, 0.07377411937406359865, 0.1440791147260413463, 0.2113485183089115205, 0.2760768857398838150, 0.3385209158196766377, 0.3998851166931335910, 0.4602540674652130792, 0.5205889643912479103, 0.5802076845630442792, 0.6386329085525459526, 0.6963645494905239541, 0.7540017746600128357, 0.8128056813744979348, 0.8727544255255602623, 0.9351819969782669828, 0.9999999999999998890 ),
 .UNSPECIFIED. ) ;
#440 = CARTESIAN_POINT ( 'NONE',  ( 0.03263267922607804294, -0.02517145841895125288, 0.001000000000000000021 ) ) ;
#441 = ADVANCED_FACE ( 'NONE', ( #5771, #142, #5744, #4834, #3429, #5275 ), #4285, .F. ) ;
#442 = CARTESIAN_POINT ( 'NONE',  ( 0.02794310883110395771, 0.02011018980315107396, 0.000000000000000000 ) ) ;
#443 = EDGE_CURVE ( 'NONE', #515, #1986, #353, .T. ) ;
#444 = CARTESIAN_POINT ( 'NONE',  ( -0.2000000000000000389, -0.1399999999999999856, 0.2800000000000000266 ) ) ;
#445 = CARTESIAN_POINT ( 'NONE',  ( -0.01571311856326925924, -0.01909732112072104818, 0.001000000000000000021 ) ) ;
#446 = CARTESIAN_POINT ( 'NONE',  ( 0.03434804140680379481, -0.01969052231408785492, 0.001000000000000000021 ) ) ;
#447 = ORIENTED_EDGE ( 'NONE', *, *, #2991, .F. ) ;
#448 = VECTOR ( 'NONE', #4399, 1000.000000000000000 ) ;
#449 = FACE_OUTER_BOUND ( 'NONE', #664, .T. ) ;
#450 = ORIENTED_EDGE ( 'NONE', *, *, #5404, .T. ) ;
#451 = ORIENTED_EDGE ( 'NONE', *, *, #3552, .F. ) ;
#452 = CARTESIAN_POINT ( 'NONE',  ( 0.2000000000000000389, 0.1399999999999999301, 0.2900000000000000355 ) ) ;
#453 = FILL_AREA_STYLE_COLOUR ( '', #5629 ) ;
#454 = VECTOR ( 'NONE', #3029, 1000.000000000000000 ) ;
#455 = CARTESIAN_POINT ( 'NONE',  ( -0.09140862161204973968, 0.01931731302562042160, 0.000000000000000000 ) ) ;
#456 = MECHANICAL_DESIGN_GEOMETRIC_PRESENTATION_REPRESENTATION (  '', ( #2410 ), #644 ) ;
#457 = AXIS2_PLACEMENT_3D ( 'NONE', #660, #2533, #4402 ) ;
#458 = PRESENTATION_STYLE_ASSIGNMENT (( #2797 ) ) ;
#459 = DIRECTION ( 'NONE',  ( -0.000000000000000000, -0.000000000000000000, 1.000000000000000000 ) ) ;
#460 = CARTESIAN_POINT ( 'NONE',  ( -0.06937165514863510851, -0.02458512599876982660, 0.001000000000000000021 ) ) ;
#461 = EDGE_CURVE ( 'NONE', #4038, #1765, #5492, .T. ) ;
#462 = VECTOR ( 'NONE', #3308, 1000.000000000000000 ) ;
#463 = UNCERTAINTY_MEASURE_WITH_UNIT (LENGTH_MEASURE( 1.000000000000000082E-05 ), #5458, 'distance_accuracy_value', 'NONE');
#464 = FILL_AREA_STYLE_COLOUR ( '', #1724 ) ;
#465 = FILL_AREA_STYLE_COLOUR ( '', #1217 ) ;
#466 =( LENGTH_UNIT ( ) NAMED_UNIT ( * ) SI_UNIT ( .MILLI., .METRE. ) );
#467 = ORIENTED_EDGE ( 'NONE', *, *, #4484, .F. ) ;
#468 = VECTOR ( 'NONE', #1144, 1000.000000000000000 ) ;
#469 = ORIENTED_EDGE ( 'NONE', *, *, #5025, .F. ) ;
#470 =( NAMED_UNIT ( * ) SI_UNIT ( $, .STERADIAN. ) SOLID_ANGLE_UNIT ( ) );
#471 = DIRECTION ( 'NONE',  ( -0.000000000000000000, -0.000000000000000000, -1.000000000000000000 ) ) ;
#472 =( LENGTH_UNIT ( ) NAMED_UNIT ( * ) SI_UNIT ( .MILLI., .METRE. ) );
#473 = SURFACE_STYLE_FILL_AREA ( #918 ) ;
#474 = ORIENTED_EDGE ( 'NONE', *, *, #3453, .F. ) ;
#475 = SURFACE_STYLE_FILL_AREA ( #921 ) ;
#476 = CARTESIAN_POINT ( 'NONE',  ( 0.04387771001108497354, -0.01675852141817260263, 0.001000000000000000021 ) ) ;
#477 = EDGE_CURVE ( 'NONE', #1748, #3960, #645, .T. ) ;
#478 = ORIENTED_EDGE ( 'NONE', *, *, #169, .F. ) ;
#479 = COLOUR_RGB ( '',0.1019607843137254888, 0.1019607843137254888, 0.1019607843137254888 ) ;
#480 = FILL_AREA_STYLE_COLOUR ( '', #1977 ) ;
#481 = ORIENTED_EDGE ( 'NONE', *, *, #643, .T. ) ;
#482 = AXIS2_PLACEMENT_3D ( 'NONE', #3739, #6061, #844 ) ;
#483 = CARTESIAN_POINT ( 'NONE',  ( -0.05366505450872676580, 0.01517885595129658295, 0.001000000000000000021 ) ) ;
#484 = DIRECTION ( 'NONE',  ( 0.000000000000000000, -1.000000000000000000, 0.000000000000000000 ) ) ;
#485 = CARTESIAN_POINT ( 'NONE',  ( 0.1999999999999999833, 0.1499999999999999389, 0.000000000000000000 ) ) ;
#486 = CARTESIAN_POINT ( 'NONE',  ( 0.05806736924160880303, -0.0005283424621844572686, 0.000000000000000000 ) ) ;
#487 = UNCERTAINTY_MEASURE_WITH_UNIT (LENGTH_MEASURE( 1.000000000000000082E-05 ), #472, 'distance_accuracy_value', 'NONE');
#488 = DIRECTION ( 'NONE',  ( 0.000000000000000000, 0.000000000000000000, 1.000000000000000000 ) ) ;
#489 = FACE_OUTER_BOUND ( 'NONE', #4818, .T. ) ;
#490 = PRESENTATION_STYLE_ASSIGNMENT (( #2255 ) ) ;
#491 =( NAMED_UNIT ( * ) PLANE_ANGLE_UNIT ( ) SI_UNIT ( $, .RADIAN. ) );
#492 =( LENGTH_UNIT ( ) NAMED_UNIT ( * ) SI_UNIT ( .MILLI., .METRE. ) );
#493 = CARTESIAN_POINT ( 'NONE',  ( -0.03957935331936682927, 0.02541487400123018311, 0.001000000000000000021 ) ) ;
#494 = ORIENTED_EDGE ( 'NONE', *, *, #1070, .F. ) ;
#495 = LINE ( 'NONE', #2910, #2366 ) ;
#496 = DIRECTION ( 'NONE',  ( 1.000000000000000000, 0.000000000000000000, 0.000000000000000000 ) ) ;
#497 = CARTESIAN_POINT ( 'NONE',  ( -0.06471444591119700218, 0.008750022969892216548, 0.000000000000000000 ) ) ;
#498 = PRESENTATION_LAYER_ASSIGNMENT (  '', '', ( #5576 ) ) ;
#499 = CARTESIAN_POINT ( 'NONE',  ( -0.06565413400385156084, 0.003722285018188408769, 0.001000000000000000021 ) ) ;
#500 = FILL_AREA_STYLE ('',( #6065 ) ) ;
#501 = VERTEX_POINT ( 'NONE', #4977 ) ;
#502 = STYLED_ITEM ( 'NONE', ( #5973 ), #5223 ) ;
#503 =( GEOMETRIC_REPRESENTATION_CONTEXT ( 3 ) GLOBAL_UNCERTAINTY_ASSIGNED_CONTEXT ( ( #2299 ) ) GLOBAL_UNIT_ASSIGNED_CONTEXT ( ( #3514, #4086, #2613 ) ) REPRESENTATION_CONTEXT ( 'NONE', 'WORKASPACE' ) );
#504 = ORIENTED_EDGE ( 'NONE', *, *, #4132, .F. ) ;
#505 = ADVANCED_FACE ( 'NONE', ( #774 ), #1197, .T. ) ;
#506 = FILL_AREA_STYLE_COLOUR ( '', #520 ) ;
#507 =( LENGTH_UNIT ( ) NAMED_UNIT ( * ) SI_UNIT ( .MILLI., .METRE. ) );
#508 = AXIS2_PLACEMENT_3D ( 'NONE', #1911, #1881, #4139 ) ;
#509 =( GEOMETRIC_REPRESENTATION_CONTEXT ( 3 ) GLOBAL_UNCERTAINTY_ASSIGNED_CONTEXT ( ( #1281 ) ) GLOBAL_UNIT_ASSIGNED_CONTEXT ( ( #526, #2828, #1491 ) ) REPRESENTATION_CONTEXT ( 'NONE', 'WORKASPACE' ) );
#510 = DIRECTION ( 'NONE',  ( -0.000000000000000000, -0.000000000000000000, -1.000000000000000000 ) ) ;
#511 = EDGE_CURVE ( 'NONE', #6046, #5293, #278, .T. ) ;
#512 = EDGE_LOOP ( 'NONE', ( #5731, #1480, #758, #5417 ) ) ;
#513 = CARTESIAN_POINT ( 'NONE',  ( -0.2000000000000000389, 0.1400000000000000411, 0.2800000000000000266 ) ) ;
#514 = DIRECTION ( 'NONE',  ( -1.000000000000000000, 0.000000000000000000, 0.000000000000000000 ) ) ;
#515 = VERTEX_POINT ( 'NONE', #2266 ) ;
#516 = SURFACE_SIDE_STYLE ('',( #896 ) ) ;
#517 = CARTESIAN_POINT ( 'NONE',  ( 0.3000000000000000444, 0.1399999999999999301, 0.000000000000000000 ) ) ;
#518 =( NAMED_UNIT ( * ) PLANE_ANGLE_UNIT ( ) SI_UNIT ( $, .RADIAN. ) );
#519 = FILL_AREA_STYLE ('',( #453 ) ) ;
#520 = COLOUR_RGB ( '',0.6666666666666666297, 0.6980392156862744724, 0.7686274509803920907 ) ;
#521 = CARTESIAN_POINT ( 'NONE',  ( -0.04002785370916496499, -0.01908103567488159125, 0.001000000000000000021 ) ) ;
#522 =( GEOMETRIC_REPRESENTATION_CONTEXT ( 3 ) GLOBAL_UNCERTAINTY_ASSIGNED_CONTEXT ( ( #5547 ) ) GLOBAL_UNIT_ASSIGNED_CONTEXT ( ( #1022, #5216, #3829 ) ) REPRESENTATION_CONTEXT ( 'NONE', 'WORKASPACE' ) );
#523 = DIRECTION ( 'NONE',  ( -1.000000000000000000, 9.680376540049147084E-17, 2.225605136481930034E-32 ) ) ;
#524 = PRESENTATION_LAYER_ASSIGNMENT (  '', '', ( #2670 ) ) ;
#525 = VERTEX_POINT ( 'NONE', #3562 ) ;
#526 =( LENGTH_UNIT ( ) NAMED_UNIT ( * ) SI_UNIT ( .MILLI., .METRE. ) );
#527 = CARTESIAN_POINT ( 'NONE',  ( -0.01449360636814730173, 0.02541487400123018311, 0.001000000000000000021 ) ) ;
#528 = SURFACE_STYLE_USAGE ( .BOTH. , #2017 ) ;
#529 =( NAMED_UNIT ( * ) SI_UNIT ( $, .STERADIAN. ) SOLID_ANGLE_UNIT ( ) );
#530 = SURFACE_SIDE_STYLE ('',( #4732 ) ) ;
#531 = EDGE_LOOP ( 'NONE', ( #3899, #107, #1379, #4855 ) ) ;
#532 = VERTEX_POINT ( 'NONE', #6003 ) ;
#533 = SURFACE_STYLE_FILL_AREA ( #568 ) ;
#534 =( GEOMETRIC_REPRESENTATION_CONTEXT ( 3 ) GLOBAL_UNCERTAINTY_ASSIGNED_CONTEXT ( ( #3379 ) ) GLOBAL_UNIT_ASSIGNED_CONTEXT ( ( #2143, #247, #3565 ) ) REPRESENTATION_CONTEXT ( 'NONE', 'WORKASPACE' ) );
#535 = SURFACE_STYLE_FILL_AREA ( #5756 ) ;
#536 = EDGE_LOOP ( 'NONE', ( #2860, #4511, #4293 ) ) ;
#537 =( LENGTH_UNIT ( ) NAMED_UNIT ( * ) SI_UNIT ( .MILLI., .METRE. ) );
#538 = EDGE_CURVE ( 'NONE', #3960, #4667, #4452, .T. ) ;
#539 = SURFACE_STYLE_FILL_AREA ( #5671 ) ;
#540 = CARTESIAN_POINT ( 'NONE',  ( 0.01111614972941367581, 0.02541487400123018311, 0.001000000000000000021 ) ) ;
#541 = EDGE_CURVE ( 'NONE', #5609, #5219, #5021, .T. ) ;
#542 = ORIENTED_EDGE ( 'NONE', *, *, #5853, .T. ) ;
#543 = AXIS2_PLACEMENT_3D ( 'NONE', #3788, #4722, #14 ) ;
#544 = CARTESIAN_POINT ( 'NONE',  ( 0.08123810094892587597, -0.01909732112072104818, 0.000000000000000000 ) ) ;
#545 = DIRECTION ( 'NONE',  ( 1.000000000000000000, -9.680376540049147084E-17, -0.000000000000000000 ) ) ;
#546 =( NAMED_UNIT ( * ) PLANE_ANGLE_UNIT ( ) SI_UNIT ( $, .RADIAN. ) );
#547 = MECHANICAL_DESIGN_GEOMETRIC_PRESENTATION_REPRESENTATION (  '', ( #242 ), #5315 ) ;
#548 = DIRECTION ( 'NONE',  ( -0.000000000000000000, 1.000000000000000000, -0.000000000000000000 ) ) ;
#549 = CARTESIAN_POINT ( 'NONE',  ( -0.05900580149009851394, 0.0009007733914740772251, 0.000000000000000000 ) ) ;
#550 = DIRECTION ( 'NONE',  ( -0.000000000000000000, 0.000000000000000000, -1.000000000000000000 ) ) ;
#551 = FACE_OUTER_BOUND ( 'NONE', #4420, .T. ) ;
#552 = ORIENTED_EDGE ( 'NONE', *, *, #2348, .T. ) ;
#553 = VECTOR ( 'NONE', #1912, 1000.000000000000000 ) ;
#554 = DIRECTION ( 'NONE',  ( 0.000000000000000000, -1.000000000000000000, 0.000000000000000000 ) ) ;
#555 = EDGE_CURVE ( 'NONE', #861, #2112, #2707, .T. ) ;
#556 = CARTESIAN_POINT ( 'NONE',  ( 0.03549782231918386516, -0.02517552424208824302, 0.001000000000000000021 ) ) ;
#557 =( GEOMETRIC_REPRESENTATION_CONTEXT ( 3 ) GLOBAL_UNCERTAINTY_ASSIGNED_CONTEXT ( ( #2710 ) ) GLOBAL_UNIT_ASSIGNED_CONTEXT ( ( #4430, #3824, #2903 ) ) REPRESENTATION_CONTEXT ( 'NONE', 'WORKASPACE' ) );
#558 = DIRECTION ( 'NONE',  ( 0.000000000000000000, 1.000000000000000000, 1.149544714130833921E-16 ) ) ;
#559 = STYLED_ITEM ( 'NONE', ( #1874 ), #4543 ) ;
#560 = DIRECTION ( 'NONE',  ( 1.112802568240965428E-32, -1.149544714130836139E-16, 1.000000000000000000 ) ) ;
#561 = ORIENTED_EDGE ( 'NONE', *, *, #3100, .F. ) ;
#562 = EDGE_LOOP ( 'NONE', ( #5833, #57, #2141, #2548 ) ) ;
#563 = CYLINDRICAL_SURFACE ( 'NONE', #4522, 0.009999999999999998473 ) ;
#564 = VECTOR ( 'NONE', #548, 1000.000000000000000 ) ;
#565 = UNCERTAINTY_MEASURE_WITH_UNIT (LENGTH_MEASURE( 1.000000000000000082E-05 ), #5165, 'distance_accuracy_value', 'NONE');
#566 = FILL_AREA_STYLE ('',( #1498 ) ) ;
#567 = MECHANICAL_DESIGN_GEOMETRIC_PRESENTATION_REPRESENTATION (  '', ( #4276 ), #5053 ) ;
#568 = FILL_AREA_STYLE ('',( #71 ) ) ;
#569 = ORIENTED_EDGE ( 'NONE', *, *, #4205, .T. ) ;
#570 = CARTESIAN_POINT ( 'NONE',  ( -0.1071765331974156160, -0.02458512599876982660, 0.001000000000000000021 ) ) ;
#571 = PLANE ( 'NONE',  #4311 ) ;
#572 = CARTESIAN_POINT ( 'NONE',  ( -0.06003434578385283271, -0.01580139447957704113, 0.001000000000000000021 ) ) ;
#573 = LINE ( 'NONE', #3475, #2492 ) ;
#574 = CARTESIAN_POINT ( 'NONE',  ( 0.02087224729038928209, 0.02404292278171798330, 0.000000000000000000 ) ) ;
#575 = UNCERTAINTY_MEASURE_WITH_UNIT (LENGTH_MEASURE( 1.000000000000000082E-05 ), #732, 'distance_accuracy_value', 'NONE');
#576 = VERTEX_POINT ( 'NONE', #5543 ) ;
#577 = FACE_OUTER_BOUND ( 'NONE', #947, .T. ) ;
#578 = CARTESIAN_POINT ( 'NONE',  ( -0.08314833197790340302, -0.005072930876818605370, 0.001000000000000000021 ) ) ;
#579 = APPLICATION_PROTOCOL_DEFINITION ( 'draft international standard', 'automotive_design', 1998, #5693 ) ;
#580 = PRESENTATION_STYLE_ASSIGNMENT (( #1982 ) ) ;
#581 = PRESENTATION_STYLE_ASSIGNMENT (( #1514 ) ) ;
#582 = CARTESIAN_POINT ( 'NONE',  ( 0.03531326894024171964, 0.02596240002920010420, 0.001000000000000000021 ) ) ;
#583 =( GEOMETRIC_REPRESENTATION_CONTEXT ( 3 ) GLOBAL_UNCERTAINTY_ASSIGNED_CONTEXT ( ( #1302 ) ) GLOBAL_UNIT_ASSIGNED_CONTEXT ( ( #4844, #5377, #4413 ) ) REPRESENTATION_CONTEXT ( 'NONE', 'WORKASPACE' ) );
#584 = EDGE_LOOP ( 'NONE', ( #4143, #2177, #5345, #4958, #1915 ) ) ;
#585 = DIRECTION ( 'NONE',  ( 0.000000000000000000, 1.000000000000000000, 1.936075308009829417E-16 ) ) ;
#586 = COLOUR_RGB ( '',0.6666666666666666297, 0.6980392156862744724, 0.7686274509803920907 ) ;
#587 = CARTESIAN_POINT ( 'NONE',  ( 0.03258146985136489010, 0.02053682522074237043, 0.000000000000000000 ) ) ;
#588 =( GEOMETRIC_REPRESENTATION_CONTEXT ( 3 ) GLOBAL_UNCERTAINTY_ASSIGNED_CONTEXT ( ( #6053 ) ) GLOBAL_UNIT_ASSIGNED_CONTEXT ( ( #5966, #3954, #5316 ) ) REPRESENTATION_CONTEXT ( 'NONE', 'WORKASPACE' ) );
#589 = STYLED_ITEM ( 'NONE', ( #4232 ), #787 ) ;
#590 = CARTESIAN_POINT ( 'NONE',  ( 0.1600000000000000311, 0.1400000000000000411, -0.009999999999999998473 ) ) ;
#591 = LINE ( 'NONE', #2050, #5350 ) ;
#592 = CARTESIAN_POINT ( 'NONE',  ( 0.03791023384645993838, 0.02561000360963487307, 0.000000000000000000 ) ) ;
#593 = UNCERTAINTY_MEASURE_WITH_UNIT (LENGTH_MEASURE( 1.000000000000000082E-05 ), #5590, 'distance_accuracy_value', 'NONE');
#594 = VERTEX_POINT ( 'NONE', #849 ) ;
#595 = VERTEX_POINT ( 'NONE', #2745 ) ;
#596 = PRESENTATION_LAYER_ASSIGNMENT (  '', '', ( #2753 ) ) ;
#597 = ORIENTED_EDGE ( 'NONE', *, *, #2093, .F. ) ;
#598 = ADVANCED_FACE ( 'NONE', ( #910 ), #727, .T. ) ;
#599 = PLANE ( 'NONE',  #2369 ) ;
#600 = CARTESIAN_POINT ( 'NONE',  ( 0.03263863448551124202, 0.02602463009879115233, 0.000000000000000000 ) ) ;
#601 = CARTESIAN_POINT ( 'NONE',  ( -0.05429554391301764926, -0.02069109116340708820, 0.001000000000000000021 ) ) ;
#602 =( GEOMETRIC_REPRESENTATION_CONTEXT ( 3 ) GLOBAL_UNCERTAINTY_ASSIGNED_CONTEXT ( ( #575 ) ) GLOBAL_UNIT_ASSIGNED_CONTEXT ( ( #732, #4479, #4961 ) ) REPRESENTATION_CONTEXT ( 'NONE', 'WORKASPACE' ) );
#603 = CIRCLE ( 'NONE', #4015, 0.009999999999999998473 ) ;
#604 = SURFACE_STYLE_FILL_AREA ( #5986 ) ;
#605 = SURFACE_STYLE_USAGE ( .BOTH. , #2439 ) ;
#606 = CARTESIAN_POINT ( 'NONE',  ( 0.05134616117593172185, -0.0008497228689242396563, 0.001000000000000000021 ) ) ;
#607 =( LENGTH_UNIT ( ) NAMED_UNIT ( * ) SI_UNIT ( .MILLI., .METRE. ) );
#608 = SURFACE_STYLE_FILL_AREA ( #1115 ) ;
#609 = CARTESIAN_POINT ( 'NONE',  ( -0.06390069648873029917, 0.01105506609094145803, 0.001000000000000000021 ) ) ;
#610 = CIRCLE ( 'NONE', #4524, 0.03034656252617936104 ) ;
#611 =( NAMED_UNIT ( * ) PLANE_ANGLE_UNIT ( ) SI_UNIT ( $, .RADIAN. ) );
#612 = DIRECTION ( 'NONE',  ( -1.000000000000000000, -9.680376540049147084E-17, -0.000000000000000000 ) ) ;
#613 = EDGE_CURVE ( 'NONE', #4269, #125, #5442, .T. ) ;
#614 =( LENGTH_UNIT ( ) NAMED_UNIT ( * ) SI_UNIT ( .MILLI., .METRE. ) );
#615 = DIRECTION ( 'NONE',  ( 1.000000000000000000, 0.000000000000000000, 0.000000000000000000 ) ) ;
#616 = VECTOR ( 'NONE', #1560, 1000.000000000000000 ) ;
#617 = CARTESIAN_POINT ( 'NONE',  ( 0.05631289203242669655, 0.01026334299732335580, 0.000000000000000000 ) ) ;
#618 = MECHANICAL_DESIGN_GEOMETRIC_PRESENTATION_REPRESENTATION (  '', ( #1488 ), #3061 ) ;
#619 = ORIENTED_EDGE ( 'NONE', *, *, #2867, .T. ) ;
#620 = SURFACE_SIDE_STYLE ('',( #978 ) ) ;
#621 = ORIENTED_EDGE ( 'NONE', *, *, #4933, .F. ) ;
#622 = CARTESIAN_POINT ( 'NONE',  ( -0.06155237330580937138, -0.01382006822469384125, 0.000000000000000000 ) ) ;
#623 = PRESENTATION_STYLE_ASSIGNMENT (( #4824 ) ) ;
#624 = EDGE_CURVE ( 'NONE', #4798, #5088, #2838, .T. ) ;
#625 = PLANE ( 'NONE',  #4391 ) ;
#626 = ORIENTED_EDGE ( 'NONE', *, *, #4153, .F. ) ;
#627 = MECHANICAL_DESIGN_GEOMETRIC_PRESENTATION_REPRESENTATION (  '', ( #1593 ), #4657 ) ;
#628 = FILL_AREA_STYLE ('',( #5269 ) ) ;
#629 = CARTESIAN_POINT ( 'NONE',  ( 0.04948586850760917921, -0.009924788209791927246, 0.001000000000000000021 ) ) ;
#630 = CARTESIAN_POINT ( 'NONE',  ( -0.04565522136070260945, -0.01839184609293055897, 0.001000000000000000021 ) ) ;
#631 = PRESENTATION_STYLE_ASSIGNMENT (( #2038 ) ) ;
#632 = PRESENTATION_STYLE_ASSIGNMENT (( #2964 ) ) ;
#633 = EDGE_LOOP ( 'NONE', ( #5065, #753, #1897, #3378 ) ) ;
#634 =( NAMED_UNIT ( * ) PLANE_ANGLE_UNIT ( ) SI_UNIT ( $, .RADIAN. ) );
#635 = CARTESIAN_POINT ( 'NONE',  ( 0.04615775469380303808, 0.01496812907602180533, 0.001000000000000000021 ) ) ;
#636 = CARTESIAN_POINT ( 'NONE',  ( 0.04423182879657706207, -0.02354066071042681257, 0.001000000000000000021 ) ) ;
#637 = PLANE ( 'NONE',  #2104 ) ;
#638 = CARTESIAN_POINT ( 'NONE',  ( -0.04743597297352430964, 0.01876811111770598783, 0.000000000000000000 ) ) ;
#639 = CARTESIAN_POINT ( 'NONE',  ( -0.2899999999999999800, -0.1400000000000000133, -3.388131789017201356E-17 ) ) ;
#640 = AXIS2_PLACEMENT_3D ( 'NONE', #5525, #388, #5994 ) ;
#641 = EDGE_LOOP ( 'NONE', ( #4996, #1065, #734, #1632 ) ) ;
#642 = ORIENTED_EDGE ( 'NONE', *, *, #5853, .F. ) ;
#643 = EDGE_CURVE ( 'NONE', #3674, #4038, #3097, .T. ) ;
#644 =( GEOMETRIC_REPRESENTATION_CONTEXT ( 3 ) GLOBAL_UNCERTAINTY_ASSIGNED_CONTEXT ( ( #5026 ) ) GLOBAL_UNIT_ASSIGNED_CONTEXT ( ( #5930, #1694, #3583 ) ) REPRESENTATION_CONTEXT ( 'NONE', 'WORKASPACE' ) );
#645 = B_SPLINE_CURVE_WITH_KNOTS ( 'NONE', 3,
 ( #1689, #5429, #3605, #5364, #225, #5460, #1261, #3055, #1231, #2126, #1292 ),
 .UNSPECIFIED., .F., .F.,
 ( 4, 1, 1, 1, 1, 1, 1, 1, 4 ),
 ( 0.000000000000000000, 0.1252796967356259727, 0.2494199707420513001, 0.3733567994928199130, 0.4966812787822861286, 0.6202029157439825635, 0.7450863201614565945, 0.8712691950190978307, 1.000000000000000000 ),
 .UNSPECIFIED. ) ;
#646 =( NAMED_UNIT ( * ) PLANE_ANGLE_UNIT ( ) SI_UNIT ( $, .RADIAN. ) );
#647 =( GEOMETRIC_REPRESENTATION_CONTEXT ( 3 ) GLOBAL_UNCERTAINTY_ASSIGNED_CONTEXT ( ( #4111 ) ) GLOBAL_UNIT_ASSIGNED_CONTEXT ( ( #716, #5487, #4972 ) ) REPRESENTATION_CONTEXT ( 'NONE', 'WORKASPACE' ) );
#648 = ORIENTED_EDGE ( 'NONE', *, *, #1086, .F. ) ;
#649 = LINE ( 'NONE', #1649, #2766 ) ;
#650 = CARTESIAN_POINT ( 'NONE',  ( -0.05828924330543427262, -0.01761847234298149004, 0.000000000000000000 ) ) ;
#651 =( LENGTH_UNIT ( ) NAMED_UNIT ( * ) SI_UNIT ( .MILLI., .METRE. ) );
#652 =( GEOMETRIC_REPRESENTATION_CONTEXT ( 3 ) GLOBAL_UNCERTAINTY_ASSIGNED_CONTEXT ( ( #1166 ) ) GLOBAL_UNIT_ASSIGNED_CONTEXT ( ( #5186, #3857, #991 ) ) REPRESENTATION_CONTEXT ( 'NONE', 'WORKASPACE' ) );
#653 = VECTOR ( 'NONE', #61, 1000.000000000000000 ) ;
#654 = EDGE_CURVE ( 'NONE', #1932, #2987, #1300, .T. ) ;
#655 = PRESENTATION_STYLE_ASSIGNMENT (( #605 ) ) ;
#656 = CARTESIAN_POINT ( 'NONE',  ( -0.2000000000000000111, 0.1399999999999999301, 0.000000000000000000 ) ) ;
#657 = CARTESIAN_POINT ( 'NONE',  ( 0.04387771001108497354, -0.01675852141817260263, 0.001000000000000000021 ) ) ;
#658 = DIRECTION ( 'NONE',  ( -0.000000000000000000, -0.000000000000000000, 1.000000000000000000 ) ) ;
#659 = DIRECTION ( 'NONE',  ( 1.000000000000000000, 0.000000000000000000, 0.000000000000000000 ) ) ;
#660 = CARTESIAN_POINT ( 'NONE',  ( 0.06233566192453564303, -0.01909732112072104818, 0.001000000000000000021 ) ) ;
#661 = AXIS2_PLACEMENT_3D ( 'NONE', #5888, #3115, #4918 ) ;
#662 = CARTESIAN_POINT ( 'NONE',  ( -0.02546921612424486725, -0.02458512599876982660, 0.001000000000000000021 ) ) ;
#663 = CARTESIAN_POINT ( 'NONE',  ( -0.05215896221750224160, 0.02287594705169799722, 0.001000000000000000021 ) ) ;
#664 = EDGE_LOOP ( 'NONE', ( #5536, #5668, #1126 ) ) ;
#665 = CARTESIAN_POINT ( 'NONE',  ( 0.05804559306885066772, 0.0004444330933053949233, -0.000000000000000000 ) ) ;
#666 = PLANE ( 'NONE',  #1809 ) ;
#667 = CARTESIAN_POINT ( 'NONE',  ( -0.05076700354404747872, 0.01727048279837879730, 0.001000000000000000021 ) ) ;
#668 = CARTESIAN_POINT ( 'NONE',  ( 0.1600000000000000311, 0.1300000000000000322, -0.01000000000000000194 ) ) ;
#669 = CARTESIAN_POINT ( 'NONE',  ( 0.05802116059570023437, -0.003207505579874123797, 0.000000000000000000 ) ) ;
#670 = AXIS2_PLACEMENT_3D ( 'NONE', #5254, #1063, #615 ) ;
#671 = CARTESIAN_POINT ( 'NONE',  ( 0.03263267922607804294, -0.02517145841895125288, 0.000000000000000000 ) ) ;
#672 = CARTESIAN_POINT ( 'NONE',  ( 0.05710837624939206492, 0.007771798363351167631, 0.000000000000000000 ) ) ;
#673 = MECHANICAL_DESIGN_GEOMETRIC_PRESENTATION_REPRESENTATION (  '', ( #1448 ), #4601 ) ;
#674 = ORIENTED_EDGE ( 'NONE', *, *, #226, .T. ) ;
#675 =( NAMED_UNIT ( * ) PLANE_ANGLE_UNIT ( ) SI_UNIT ( $, .RADIAN. ) );
#676 = PRESENTATION_LAYER_ASSIGNMENT (  '', '', ( #1354 ) ) ;
#677 =( GEOMETRIC_REPRESENTATION_CONTEXT ( 3 ) GLOBAL_UNCERTAINTY_ASSIGNED_CONTEXT ( ( #4541 ) ) GLOBAL_UNIT_ASSIGNED_CONTEXT ( ( #492, #22, #1841 ) ) REPRESENTATION_CONTEXT ( 'NONE', 'WORKASPACE' ) );
#678 = EDGE_CURVE ( 'NONE', #3039, #4477, #841, .T. ) ;
#679 = EDGE_LOOP ( 'NONE', ( #5000, #3414, #5790, #786 ) ) ;
#680 = DIRECTION ( 'NONE',  ( -0.000000000000000000, -0.000000000000000000, -1.000000000000000000 ) ) ;
#681 = CARTESIAN_POINT ( 'NONE',  ( -0.04002190746100014324, -0.02456781072996205156, 0.001000000000000000021 ) ) ;
#682 = DIRECTION ( 'NONE',  ( -0.000000000000000000, -0.000000000000000000, -1.000000000000000000 ) ) ;
#683 = B_SPLINE_CURVE_WITH_KNOTS ( 'NONE', 3,
 ( #3946, #1696, #3584, #2542, #2101, #3974, #5437 ),
 .UNSPECIFIED., .F., .F.,
 ( 4, 1, 1, 1, 4 ),
 ( 0.000000000000000000, 0.3005411131585078444, 0.5677471464835985859, 0.8000336137369795653, 1.000000000000000000 ),
 .UNSPECIFIED. ) ;
#684 = EDGE_CURVE ( 'NONE', #6004, #5606, #2630, .T. ) ;
#685 = ORIENTED_EDGE ( 'NONE', *, *, #1457, .T. ) ;
#686 = COLOUR_RGB ( '',0.1019607843137254888, 0.1019607843137254888, 0.1019607843137254888 ) ;
#687 = SURFACE_STYLE_USAGE ( .BOTH. , #4970 ) ;
#688 = DIRECTION ( 'NONE',  ( 0.000000000000000000, 0.000000000000000000, 1.000000000000000000 ) ) ;
#689 = CARTESIAN_POINT ( 'NONE',  ( 0.03258146985136489010, 0.02053682522074237043, 0.000000000000000000 ) ) ;
#690 = CARTESIAN_POINT ( 'NONE',  ( -0.05871813864205496780, -0.003540867284301547208, 0.001000000000000000021 ) ) ;
#691 = UNCERTAINTY_MEASURE_WITH_UNIT (LENGTH_MEASURE( 1.000000000000000082E-05 ), #866, 'distance_accuracy_value', 'NONE');
#692 = VECTOR ( 'NONE', #3159, 1000.000000000000000 ) ;
#693 =( GEOMETRIC_REPRESENTATION_CONTEXT ( 3 ) GLOBAL_UNCERTAINTY_ASSIGNED_CONTEXT ( ( #487 ) ) GLOBAL_UNIT_ASSIGNED_CONTEXT ( ( #472, #2274, #6009 ) ) REPRESENTATION_CONTEXT ( 'NONE', 'WORKASPACE' ) );
#694 = ORIENTED_EDGE ( 'NONE', *, *, #4691, .F. ) ;
#695 = PRESENTATION_STYLE_ASSIGNMENT (( #3916 ) ) ;
#696 = CARTESIAN_POINT ( 'NONE',  ( -0.03927447527058632037, -0.01909732112072104818, 0.001000000000000000021 ) ) ;
#697 = CARTESIAN_POINT ( 'NONE',  ( 0.03325893794459040820, 0.02052225841644349583, 0.001000000000000000021 ) ) ;
#698 =( NAMED_UNIT ( * ) PLANE_ANGLE_UNIT ( ) SI_UNIT ( $, .RADIAN. ) );
#699 = CARTESIAN_POINT ( 'NONE',  ( 0.05172804511675182376, -0.01845700848506715355, 0.000000000000000000 ) ) ;
#700 = PRESENTATION_LAYER_ASSIGNMENT (  '', '', ( #4630 ) ) ;
#701 = DIRECTION ( 'NONE',  ( 0.9466707760722535836, 0.3222024856061125875, -0.000000000000000000 ) ) ;
#702 = DIRECTION ( 'NONE',  ( 0.000000000000000000, 1.224646799147352714E-16, 1.000000000000000000 ) ) ;
#703 = ORIENTED_EDGE ( 'NONE', *, *, #2867, .F. ) ;
#704 = VERTEX_POINT ( 'NONE', #4476 ) ;
#705 = CARTESIAN_POINT ( 'NONE',  ( -0.1600000000000000033, -0.1299999999999999767, -0.01000000000000003143 ) ) ;
#706 = DIRECTION ( 'NONE',  ( 0.000000000000000000, -1.000000000000000000, 0.000000000000000000 ) ) ;
#707 = EDGE_CURVE ( 'NONE', #5544, #5605, #272, .T. ) ;
#708 = AXIS2_PLACEMENT_3D ( 'NONE', #1027, #2827, #26 ) ;
#709 = VECTOR ( 'NONE', #5231, 1000.000000000000000 ) ;
#710 = DIRECTION ( 'NONE',  ( -1.000000000000000000, 9.680376540049145852E-17, 0.000000000000000000 ) ) ;
#711 = VERTEX_POINT ( 'NONE', #4502 ) ;
#712 = DIRECTION ( 'NONE',  ( 0.000000000000000000, 1.000000000000000000, 0.000000000000000000 ) ) ;
#713 = DIRECTION ( 'NONE',  ( 9.680376540049145852E-17, -1.000000000000000000, 0.000000000000000000 ) ) ;
#714 = CARTESIAN_POINT ( 'NONE',  ( -0.06565413400385156084, 0.003722285018188408769, 0.000000000000000000 ) ) ;
#715 = ADVANCED_FACE ( 'NONE', ( #4134 ), #1670, .T. ) ;
#716 =( LENGTH_UNIT ( ) NAMED_UNIT ( * ) SI_UNIT ( .MILLI., .METRE. ) );
#717 = DIRECTION ( 'NONE',  ( 1.000000000000000000, 0.000000000000000000, 0.000000000000000000 ) ) ;
#718 = CARTESIAN_POINT ( 'NONE',  ( -0.04725608404822227715, -0.02365420448033158859, 0.001000000000000000021 ) ) ;
#719 = LINE ( 'NONE', #4467, #2223 ) ;
#720 = CARTESIAN_POINT ( 'NONE',  ( -0.06285372628899252301, -0.01170163937352915358, 0.000000000000000000 ) ) ;
#721 = ORIENTED_EDGE ( 'NONE', *, *, #101, .F. ) ;
#722 =( NAMED_UNIT ( * ) SI_UNIT ( $, .STERADIAN. ) SOLID_ANGLE_UNIT ( ) );
#723 = SURFACE_SIDE_STYLE ('',( #3432 ) ) ;
#724 = CARTESIAN_POINT ( 'NONE',  ( 0.05066153456882772216, 0.006429331644174559116, 0.001000000000000000021 ) ) ;
#725 = ADVANCED_FACE ( 'NONE', ( #1701 ), #3351, .T. ) ;
#726 = CARTESIAN_POINT ( 'NONE',  ( 0.03015586361119986306, -0.01952312141390606659, 0.000000000000000000 ) ) ;
#727 = B_SPLINE_SURFACE_WITH_KNOTS ( 'NONE', 3, 1, ( 
 ( #66, #2577 ),
 ( #2516, #3923 ),
 ( #4349, #2021 ),
 ( #1583, #1613 ),
 ( #3465, #672 ),
 ( #2917, #617 ),
 ( #2546, #3866 ),
 ( #4414, #4443 ),
 ( #3898, #2077 ),
 ( #4786, #2975 ),
 ( #3439, #5752 ),
 ( #1552, #3498 ),
 ( #5343, #3031 ),
 ( #236, #2103 ),
 ( #3980, #3375 ),
 ( #1034, #592 ),
 ( #2456, #4323 ),
 ( #123, #1527 ),
 ( #3559, #3068 ) ),
 .UNSPECIFIED., .F., .F., .F.,
 ( 4, 1, 1, 1, 1, 1, 1, 1, 1, 1, 1, 1, 1, 1, 1, 1, 4 ),
 ( 2, 2 ),
 ( 0.000000000000000000, 0.07064371857535413357, 0.1382567155089046429, 0.2033641242175800723, 0.2663240938030566052, 0.3279047615429893092, 0.3887377151730921909, 0.4494235281093022505, 0.5108610114593156171, 0.5720793960475145656, 0.6317344287314451412, 0.6911172105788376818, 0.7503600294901705547, 0.8100329005312619790, 0.8713624508287362014, 0.9344271412311534464, 1.000000000000000000 ),
 ( 0.000000000000000000, 1.000000000000000000 ),
 .UNSPECIFIED. ) ;
#728 = ORIENTED_EDGE ( 'NONE', *, *, #3698, .F. ) ;
#729 = VERTEX_POINT ( 'NONE', #4705 ) ;
#730 = EDGE_CURVE ( 'NONE', #4978, #1287, #65, .T. ) ;
#731 =( LENGTH_UNIT ( ) NAMED_UNIT ( * ) SI_UNIT ( .MILLI., .METRE. ) );
#732 =( LENGTH_UNIT ( ) NAMED_UNIT ( * ) SI_UNIT ( .MILLI., .METRE. ) );
#733 = STYLED_ITEM ( 'NONE', ( #4663 ), #4949 ) ;
#734 = ORIENTED_EDGE ( 'NONE', *, *, #2457, .T. ) ;
#735 = DIRECTION ( 'NONE',  ( -1.000000000000000000, -9.680376540049145852E-17, 0.000000000000000000 ) ) ;
#736 = PRESENTATION_LAYER_ASSIGNMENT (  '', '', ( #828 ) ) ;
#737 = STYLED_ITEM ( 'NONE', ( #3887 ), #4649 ) ;
#738 = FILL_AREA_STYLE_COLOUR ( '', #1751 ) ;
#739 = CARTESIAN_POINT ( 'NONE',  ( 0.06233566192453564303, -0.01909732112072104818, 0.000000000000000000 ) ) ;
#740 = CARTESIAN_POINT ( 'NONE',  ( 0.04524349790807703775, -0.01567234840204667287, 0.000000000000000000 ) ) ;
#741 = SURFACE_STYLE_FILL_AREA ( #4971 ) ;
#742 = COLOUR_RGB ( '',0.1019607843137254888, 0.1019607843137254888, 0.1019607843137254888 ) ;
#743 = FACE_OUTER_BOUND ( 'NONE', #2578, .T. ) ;
#744 = SURFACE_SIDE_STYLE ('',( #1684 ) ) ;
#745 = ORIENTED_EDGE ( 'NONE', *, *, #613, .T. ) ;
#746 = CARTESIAN_POINT ( 'NONE',  ( 0.04273960160224671290, 0.02424944539201552562, 0.000000000000000000 ) ) ;
#747 = DIRECTION ( 'NONE',  ( -1.112802568240965428E-32, 1.149544714130836139E-16, -1.000000000000000000 ) ) ;
#748 = CARTESIAN_POINT ( 'NONE',  ( 0.05134273644446583906, 0.0006536419630052394064, 0.000000000000000000 ) ) ;
#749 = FILL_AREA_STYLE_COLOUR ( '', #3426 ) ;
#750 = CARTESIAN_POINT ( 'NONE',  ( 0.03310193662795513081, -0.01969915019091100089, -0.000000000000000000 ) ) ;
#751 = EDGE_CURVE ( 'NONE', #1575, #5519, #2537, .T. ) ;
#752 = CARTESIAN_POINT ( 'NONE',  ( -0.07668872831936683621, -0.02458512599876982660, 0.001000000000000000021 ) ) ;
#753 = ORIENTED_EDGE ( 'NONE', *, *, #4985, .T. ) ;
#754 = CARTESIAN_POINT ( 'NONE',  ( -0.08827409417302536920, 0.02541487400123018311, 0.001000000000000000021 ) ) ;
#755 = SURFACE_SIDE_STYLE ('',( #4960 ) ) ;
#756 = FACE_OUTER_BOUND ( 'NONE', #1014, .T. ) ;
#757 = CARTESIAN_POINT ( 'NONE',  ( 0.2899999999999999800, -0.1500000000000000500, 0.2799999999999998601 ) ) ;
#758 = ORIENTED_EDGE ( 'NONE', *, *, #1699, .T. ) ;
#759 = VECTOR ( 'NONE', #2449, 1000.000000000000000 ) ;
#760 = ORIENTED_EDGE ( 'NONE', *, *, #5028, .F. ) ;
#761 = DIRECTION ( 'NONE',  ( 1.000000000000000000, -9.680376540049147084E-17, -0.000000000000000000 ) ) ;
#762 = STYLED_ITEM ( 'NONE', ( #3611 ), #5501 ) ;
#763 = ORIENTED_EDGE ( 'NONE', *, *, #1832, .T. ) ;
#764 = SURFACE_STYLE_FILL_AREA ( #2211 ) ;
#765 = DIRECTION ( 'NONE',  ( 0.000000000000000000, 1.000000000000000000, 0.000000000000000000 ) ) ;
#766 =( GEOMETRIC_REPRESENTATION_CONTEXT ( 3 ) GLOBAL_UNCERTAINTY_ASSIGNED_CONTEXT ( ( #4702 ) ) GLOBAL_UNIT_ASSIGNED_CONTEXT ( ( #136, #2528, #1627 ) ) REPRESENTATION_CONTEXT ( 'NONE', 'WORKASPACE' ) );
#767 = CARTESIAN_POINT ( 'NONE',  ( 0.03258146985136489010, 0.02053682522074237043, 0.001000000000000000021 ) ) ;
#768 = EDGE_CURVE ( 'NONE', #970, #2105, #1402, .T. ) ;
#769 = FACE_OUTER_BOUND ( 'NONE', #986, .T. ) ;
#770 =( NAMED_UNIT ( * ) SI_UNIT ( $, .STERADIAN. ) SOLID_ANGLE_UNIT ( ) );
#771 = AXIS2_PLACEMENT_3D ( 'NONE', #5504, #6026, #1846 ) ;
#772 = SURFACE_STYLE_FILL_AREA ( #2688 ) ;
#773 = PRESENTATION_LAYER_ASSIGNMENT (  '', '', ( #295 ) ) ;
#774 = FACE_OUTER_BOUND ( 'NONE', #923, .T. ) ;
#775 = ORIENTED_EDGE ( 'NONE', *, *, #3543, .T. ) ;
#776 = LINE ( 'NONE', #3150, #1607 ) ;
#777 = SURFACE_SIDE_STYLE ('',( #4128 ) ) ;
#778 = CARTESIAN_POINT ( 'NONE',  ( 0.05009355960660913376, 0.008386197837631424040, 0.000000000000000000 ) ) ;
#779 = MECHANICAL_DESIGN_GEOMETRIC_PRESENTATION_REPRESENTATION (  '', ( #5770 ), #4993 ) ;
#780 = VECTOR ( 'NONE', #1907, 1000.000000000000000 ) ;
#781 = SURFACE_STYLE_USAGE ( .BOTH. , #5372 ) ;
#782 = CARTESIAN_POINT ( 'NONE',  ( 0.05806736924160880303, -0.0005283424621844572686, 0.000000000000000000 ) ) ;
#783 = SURFACE_SIDE_STYLE ('',( #4954 ) ) ;
#784 = DIRECTION ( 'NONE',  ( 0.000000000000000000, 0.000000000000000000, -1.000000000000000000 ) ) ;
#785 = CARTESIAN_POINT ( 'NONE',  ( 0.02133186379683110756, -0.01676473541498877881, -0.000000000000000000 ) ) ;
#786 = ORIENTED_EDGE ( 'NONE', *, *, #283, .F. ) ;
#787 = ADVANCED_FACE ( 'NONE', ( #1850 ), #3768, .T. ) ;
#788 = CARTESIAN_POINT ( 'NONE',  ( -0.2899999999999999800, 0.1399999999999999301, 0.2799999999999999156 ) ) ;
#789 = DIRECTION ( 'NONE',  ( 0.000000000000000000, -0.000000000000000000, 1.000000000000000000 ) ) ;
#790 = EDGE_CURVE ( 'NONE', #5876, #5614, #968, .T. ) ;
#791 = AXIS2_PLACEMENT_3D ( 'NONE', #2471, #984, #4335 ) ;
#792 = DIRECTION ( 'NONE',  ( -0.000000000000000000, -0.000000000000000000, -1.000000000000000000 ) ) ;
#793 = CARTESIAN_POINT ( 'NONE',  ( 0.03652867386767453400, 0.02021319826587794286, 0.000000000000000000 ) ) ;
#794 = ORIENTED_EDGE ( 'NONE', *, *, #4301, .F. ) ;
#795 = VERTEX_POINT ( 'NONE', #2422 ) ;
#796 = CARTESIAN_POINT ( 'NONE',  ( -0.09213748703513227611, 0.01646608276664543111, 0.000000000000000000 ) ) ;
#797 = STYLED_ITEM ( 'NONE', ( #2775 ), #1420 ) ;
#798 = STYLED_ITEM ( 'NONE', ( #1917 ), #2408 ) ;
#799 = CARTESIAN_POINT ( 'NONE',  ( -0.05829445390945429267, 0.007328860733868102113, 0.000000000000000000 ) ) ;
#800 = ORIENTED_EDGE ( 'NONE', *, *, #4520, .T. ) ;
#801 = CARTESIAN_POINT ( 'NONE',  ( 0.03560902019794352780, -0.01965802303616579275, 0.000000000000000000 ) ) ;
#802 = ADVANCED_FACE ( 'NONE', ( #94 ), #3837, .F. ) ;
#803 = LINE ( 'NONE', #2215, #2123 ) ;
#804 = DIRECTION ( 'NONE',  ( 1.000000000000000000, 0.000000000000000000, 0.000000000000000000 ) ) ;
#805 = ORIENTED_EDGE ( 'NONE', *, *, #1823, .F. ) ;
#806 = SURFACE_STYLE_FILL_AREA ( #2187 ) ;
#807 = FILL_AREA_STYLE ('',( #5011 ) ) ;
#808 = SURFACE_STYLE_USAGE ( .BOTH. , #4560 ) ;
#809 =( NAMED_UNIT ( * ) PLANE_ANGLE_UNIT ( ) SI_UNIT ( $, .RADIAN. ) );
#810 = AXIS2_PLACEMENT_3D ( 'NONE', #445, #3693, #4241 ) ;
#811 = CARTESIAN_POINT ( 'NONE',  ( -0.1540667895922966657, 0.000000000000000000, 0.2890000000000000346 ) ) ;
#812 = ORIENTED_EDGE ( 'NONE', *, *, #5471, .F. ) ;
#813 = AXIS2_PLACEMENT_3D ( 'NONE', #4182, #922, #5584 ) ;
#814 = CARTESIAN_POINT ( 'NONE',  ( -0.05244354858359633054, -0.01509496943174732340, 0.000000000000000000 ) ) ;
#815 = DIRECTION ( 'NONE',  ( 0.000000000000000000, -1.210047067506143201E-16, 1.000000000000000000 ) ) ;
#817 = CARTESIAN_POINT ( 'NONE',  ( -0.05244354858359633054, -0.01509496943174732340, 0.001000000000000000021 ) ) ;
#816 = STYLED_ITEM ( 'NONE', ( #2621 ), #3790 ) ;
#818 = CARTESIAN_POINT ( 'NONE',  ( -0.09157058807546437917, 0.01931731302562042160, 0.001000000000000000021 ) ) ;
#819 = ORIENTED_EDGE ( 'NONE', *, *, #3245, .F. ) ;
#820 = ORIENTED_EDGE ( 'NONE', *, *, #541, .T. ) ;
#821 = CARTESIAN_POINT ( 'NONE',  ( 0.03462986924160880303, -0.02519488209633080275, 0.000000000000000000 ) ) ;
#822 = CIRCLE ( 'NONE', #4554, 0.009999999999999998473 ) ;
#823 = CARTESIAN_POINT ( 'NONE',  ( 0.02087224729038928209, -0.01650585770608689953, 0.001000000000000000021 ) ) ;
#824 = MECHANICAL_DESIGN_GEOMETRIC_PRESENTATION_REPRESENTATION (  '', ( #5811 ), #1920 ) ;
#825 = SURFACE_STYLE_FILL_AREA ( #566 ) ;
#826 = FACE_OUTER_BOUND ( 'NONE', #2567, .T. ) ;
#827 = CARTESIAN_POINT ( 'NONE',  ( 0.02087224729038928209, 0.02404292278171798330, 0.000000000000000000 ) ) ;
#828 = STYLED_ITEM ( 'NONE', ( #1394 ), #3277 ) ;
#829 = SURFACE_STYLE_USAGE ( .BOTH. , #5038 ) ;
#830 = ORIENTED_EDGE ( 'NONE', *, *, #4691, .T. ) ;
#831 = PRESENTATION_LAYER_ASSIGNMENT (  '', '', ( #5431 ) ) ;
#832 = MECHANICAL_DESIGN_GEOMETRIC_PRESENTATION_REPRESENTATION (  '', ( #3494 ), #3208 ) ;
#833 = COLOUR_RGB ( '',0.6666666666666666297, 0.6980392156862744724, 0.7686274509803920907 ) ;
#834 = DIRECTION ( 'NONE',  ( 0.000000000000000000, 1.000000000000000000, 0.000000000000000000 ) ) ;
#835 = FACE_OUTER_BOUND ( 'NONE', #2725, .T. ) ;
#836 = CARTESIAN_POINT ( 'NONE',  ( 0.1500000000000000500, 0.1300000000000000322, -0.01000000000000000021 ) ) ;
#837 = CARTESIAN_POINT ( 'NONE',  ( 0.05130901690442551955, 0.002157578739914025722, 0.000000000000000000 ) ) ;
#838 = CARTESIAN_POINT ( 'NONE',  ( -0.1600000000000000311, 0.1400000000000000411, -0.009999999999999998473 ) ) ;
#839 = STYLED_ITEM ( 'NONE', ( #2731 ), #6047 ) ;
#840 = DIRECTION ( 'NONE',  ( -0.000000000000000000, -0.000000000000000000, -1.000000000000000000 ) ) ;
#841 = LINE ( 'NONE', #752, #5160 ) ;
#842 = CARTESIAN_POINT ( 'NONE',  ( 0.2899999999999999800, -0.1400000000000000411, 0.2799999999999998601 ) ) ;
#843 = ORIENTED_EDGE ( 'NONE', *, *, #912, .F. ) ;
#844 = DIRECTION ( 'NONE',  ( -9.680376540049145852E-17, 1.000000000000000000, 0.000000000000000000 ) ) ;
#845 = AXIS2_PLACEMENT_3D ( 'NONE', #1777, #4418, #3643 ) ;
#846 = CARTESIAN_POINT ( 'NONE',  ( -0.1540667895922966657, 0.000000000000000000, 0.2890000000000000346 ) ) ;
#847 = PRESENTATION_STYLE_ASSIGNMENT (( #5975 ) ) ;
#848 = CARTESIAN_POINT ( 'NONE',  ( -0.05774227383279153386, -0.007507723450493597288, 0.001000000000000000021 ) ) ;
#849 = CARTESIAN_POINT ( 'NONE',  ( 0.2000000000000000111, -0.1399999999999999856, 0.000000000000000000 ) ) ;
#850 = ORIENTED_EDGE ( 'NONE', *, *, #1823, .T. ) ;
#851 = EDGE_LOOP ( 'NONE', ( #3225, #4172, #451, #3777, #4046, #648, #1319, #478, #4388, #5144 ) ) ;
#852 = UNCERTAINTY_MEASURE_WITH_UNIT (LENGTH_MEASURE( 1.000000000000000082E-05 ), #4220, 'distance_accuracy_value', 'NONE');
#853 = CARTESIAN_POINT ( 'NONE',  ( -0.09176785743930045147, 0.01822371834429876991, 0.000000000000000000 ) ) ;
#854 = MECHANICAL_DESIGN_GEOMETRIC_PRESENTATION_REPRESENTATION (  '', ( #3324 ), #4876 ) ;
#855 = EDGE_LOOP ( 'NONE', ( #2826, #5957, #5780, #2461 ) ) ;
#856 = STYLED_ITEM ( 'NONE', ( #2644 ), #45 ) ;
#857 = DIRECTION ( 'NONE',  ( 0.000000000000000000, 1.000000000000000000, -1.224646799147352714E-16 ) ) ;
#858 = CARTESIAN_POINT ( 'NONE',  ( 0.03263863448551124202, 0.02602463009879115233, 0.000000000000000000 ) ) ;
#859 =( GEOMETRIC_REPRESENTATION_CONTEXT ( 3 ) GLOBAL_UNCERTAINTY_ASSIGNED_CONTEXT ( ( #2225 ) ) GLOBAL_UNIT_ASSIGNED_CONTEXT ( ( #4071, #2697, #1206 ) ) REPRESENTATION_CONTEXT ( 'NONE', 'WORKASPACE' ) );
#860 = EDGE_CURVE ( 'NONE', #3039, #4821, #3438, .T. ) ;
#861 = VERTEX_POINT ( 'NONE', #3464 ) ;
#862 = STYLED_ITEM ( 'NONE', ( #900 ), #5571 ) ;
#863 = CARTESIAN_POINT ( 'NONE',  ( -0.04368506062959385400, 0.01966111884288532577, 0.001000000000000000021 ) ) ;
#864 = DIRECTION ( 'NONE',  ( 0.000000000000000000, -1.000000000000000000, 0.000000000000000000 ) ) ;
#865 =( LENGTH_UNIT ( ) NAMED_UNIT ( * ) SI_UNIT ( .MILLI., .METRE. ) );
#866 =( LENGTH_UNIT ( ) NAMED_UNIT ( * ) SI_UNIT ( .MILLI., .METRE. ) );
#867 = PRESENTATION_STYLE_ASSIGNMENT (( #232 ) ) ;
#868 = SURFACE_STYLE_USAGE ( .BOTH. , #4724 ) ;
#869 = PRESENTATION_STYLE_ASSIGNMENT (( #4696 ) ) ;
#870 = DIRECTION ( 'NONE',  ( 0.9417224702971433992, 0.3363908276654491436, -0.000000000000000000 ) ) ;
#871 = AXIS2_PLACEMENT_3D ( 'NONE', #5475, #1273, #3160 ) ;
#872 =( GEOMETRIC_REPRESENTATION_CONTEXT ( 3 ) GLOBAL_UNCERTAINTY_ASSIGNED_CONTEXT ( ( #2749 ) ) GLOBAL_UNIT_ASSIGNED_CONTEXT ( ( #346, #1828, #975 ) ) REPRESENTATION_CONTEXT ( 'NONE', 'WORKASPACE' ) );
#873 = SURFACE_STYLE_USAGE ( .BOTH. , #5083 ) ;
#874 = EDGE_CURVE ( 'NONE', #3298, #6004, #2836, .T. ) ;
#875 = DIRECTION ( 'NONE',  ( 0.000000000000000000, -0.000000000000000000, -1.000000000000000000 ) ) ;
#876 =( NAMED_UNIT ( * ) PLANE_ANGLE_UNIT ( ) SI_UNIT ( $, .RADIAN. ) );
#877 = EDGE_CURVE ( 'NONE', #3770, #3430, #3062, .T. ) ;
#878 = SURFACE_SIDE_STYLE ('',( #404 ) ) ;
#879 = ORIENTED_EDGE ( 'NONE', *, *, #2023, .T. ) ;
#880 = ORIENTED_EDGE ( 'NONE', *, *, #6054, .F. ) ;
#881 = CARTESIAN_POINT ( 'NONE',  ( 0.03263267922607804294, -0.02517145841895125288, 0.000000000000000000 ) ) ;
#882 = EDGE_CURVE ( 'NONE', #4658, #4237, #591, .T. ) ;
#883 = UNCERTAINTY_MEASURE_WITH_UNIT (LENGTH_MEASURE( 1.000000000000000082E-05 ), #2463, 'distance_accuracy_value', 'NONE');
#884 = LINE ( 'NONE', #2778, #1183 ) ;
#885 = DIRECTION ( 'NONE',  ( 1.000000000000000000, 0.000000000000000000, 0.000000000000000000 ) ) ;
#886 = VECTOR ( 'NONE', #3095, 1000.000000000000000 ) ;
#887 = ORIENTED_EDGE ( 'NONE', *, *, #4439, .T. ) ;
#888 = VECTOR ( 'NONE', #2032, 1000.000000000000000 ) ;
#889 = CARTESIAN_POINT ( 'NONE',  ( 0.05070839085194170370, -0.006331686346985768675, 0.001000000000000000021 ) ) ;
#890 =( GEOMETRIC_REPRESENTATION_CONTEXT ( 3 ) GLOBAL_UNCERTAINTY_ASSIGNED_CONTEXT ( ( #4814 ) ) GLOBAL_UNIT_ASSIGNED_CONTEXT ( ( #3269, #4675, #470 ) ) REPRESENTATION_CONTEXT ( 'NONE', 'WORKASPACE' ) );
#891 = ORIENTED_EDGE ( 'NONE', *, *, #5234, .F. ) ;
#892 = EDGE_CURVE ( 'NONE', #4765, #5182, #3922, .T. ) ;
#893 = ORIENTED_EDGE ( 'NONE', *, *, #477, .T. ) ;
#894 = COLOUR_RGB ( '',0.6666666666666666297, 0.6980392156862744724, 0.7686274509803920907 ) ;
#895 = ORIENTED_EDGE ( 'NONE', *, *, #902, .T. ) ;
#896 = SURFACE_STYLE_FILL_AREA ( #5073 ) ;
#897 = FACE_OUTER_BOUND ( 'NONE', #1301, .T. ) ;
#898 = DIRECTION ( 'NONE',  ( 0.000000000000000000, -1.000000000000000000, -1.210047067506145419E-16 ) ) ;
#899 = PLANE ( 'NONE',  #6022 ) ;
#900 = PRESENTATION_STYLE_ASSIGNMENT (( #392 ) ) ;
#901 = FILL_AREA_STYLE_COLOUR ( '', #4268 ) ;
#902 = EDGE_CURVE ( 'NONE', #3904, #2987, #1612, .T. ) ;
#903 =( LENGTH_UNIT ( ) NAMED_UNIT ( * ) SI_UNIT ( .MILLI., .METRE. ) );
#904 = CARTESIAN_POINT ( 'NONE',  ( -0.02546921612424486725, -0.02458512599876982660, 0.001000000000000000021 ) ) ;
#905 = LINE ( 'NONE', #3287, #4014 ) ;
#906 = AXIS2_PLACEMENT_3D ( 'NONE', #5386, #761, #4020 ) ;
#907 = CARTESIAN_POINT ( 'NONE',  ( -0.06565413400385156084, 0.003722285018188408769, 0.000000000000000000 ) ) ;
#908 = CARTESIAN_POINT ( 'NONE',  ( 0.02087224729038928209, -0.01650585770608689953, 0.001000000000000000021 ) ) ;
#909 = DIRECTION ( 'NONE',  ( 0.000000000000000000, 0.000000000000000000, -1.000000000000000000 ) ) ;
#910 = FACE_OUTER_BOUND ( 'NONE', #3172, .T. ) ;
#911 = EDGE_LOOP ( 'NONE', ( #4203, #1993, #1161, #4746 ) ) ;
#912 = EDGE_CURVE ( 'NONE', #3674, #970, #208, .T. ) ;
#913 = ORIENTED_EDGE ( 'NONE', *, *, #3698, .T. ) ;
#914 = CARTESIAN_POINT ( 'NONE',  ( 0.02134141682913874918, -0.02225262506763032999, 0.000000000000000000 ) ) ;
#915 = VECTOR ( 'NONE', #545, 1000.000000000000000 ) ;
#916 = CARTESIAN_POINT ( 'NONE',  ( 0.02681731462942821276, -0.01892637471205727007, 0.001000000000000000021 ) ) ;
#917 = FILL_AREA_STYLE ('',( #4 ) ) ;
#918 = FILL_AREA_STYLE ('',( #2364 ) ) ;
#919 = EDGE_LOOP ( 'NONE', ( #5228, #3471, #1808, #2719 ) ) ;
#920 = AXIS2_PLACEMENT_3D ( 'NONE', #3110, #5984, #3080 ) ;
#921 = FILL_AREA_STYLE ('',( #5093 ) ) ;
#922 = DIRECTION ( 'NONE',  ( 1.000000000000000000, -9.680376540049147084E-17, -0.000000000000000000 ) ) ;
#923 = EDGE_LOOP ( 'NONE', ( #2522, #183, #1496, #5663 ) ) ;
#924 = AXIS2_PLACEMENT_3D ( 'NONE', #656, #4885, #2561 ) ;
#925 =( NAMED_UNIT ( * ) PLANE_ANGLE_UNIT ( ) SI_UNIT ( $, .RADIAN. ) );
#926 = LINE ( 'NONE', #4750, #2293 ) ;
#927 = STYLED_ITEM ( 'NONE', ( #1118 ), #3161 ) ;
#928 = PRODUCT_CONTEXT ( 'NONE', #2813, 'mechanical' ) ;
#929 =( NAMED_UNIT ( * ) PLANE_ANGLE_UNIT ( ) SI_UNIT ( $, .RADIAN. ) );
#930 = EDGE_CURVE ( 'NONE', #2885, #3810, #3865, .T. ) ;
#931 = COLOUR_RGB ( '',0.6666666666666666297, 0.6980392156862744724, 0.7686274509803920907 ) ;
#932 = LINE ( 'NONE', #6060, #2540 ) ;
#933 = DIRECTION ( 'NONE',  ( 1.000000000000000000, 9.680376540049147084E-17, 2.225605136481930034E-32 ) ) ;
#934 = PRESENTATION_LAYER_ASSIGNMENT (  '', '', ( #1031 ) ) ;
#935 = ORIENTED_EDGE ( 'NONE', *, *, #5204, .T. ) ;
#936 = SURFACE_STYLE_USAGE ( .BOTH. , #4569 ) ;
#937 = CARTESIAN_POINT ( 'NONE',  ( -0.06571311856326926548, 0.001043684976839931011, 0.001000000000000000021 ) ) ;
#938 = DIRECTION ( 'NONE',  ( -1.112802568240965428E-32, 1.149544714130836139E-16, -1.000000000000000000 ) ) ;
#939 = COLOUR_RGB ( '',1.000000000000000000, 1.000000000000000000, 1.000000000000000000 ) ;
#940 = UNCERTAINTY_MEASURE_WITH_UNIT (LENGTH_MEASURE( 1.000000000000000082E-05 ), #82, 'distance_accuracy_value', 'NONE');
#941 = PRESENTATION_STYLE_ASSIGNMENT (( #4138 ) ) ;
#942 = CARTESIAN_POINT ( 'NONE',  ( -0.2899999999999999800, -0.1400000000000000411, 0.2799999999999998601 ) ) ;
#943 = EDGE_CURVE ( 'NONE', #4352, #2286, #235, .T. ) ;
#944 = PRESENTATION_STYLE_ASSIGNMENT (( #63 ) ) ;
#945 = DIRECTION ( 'NONE',  ( -9.680376540049145852E-17, 1.000000000000000000, 0.000000000000000000 ) ) ;
#946 = ORIENTED_EDGE ( 'NONE', *, *, #892, .T. ) ;
#947 = EDGE_LOOP ( 'NONE', ( #4995, #2430, #3868, #5989 ) ) ;
#948 = SURFACE_STYLE_FILL_AREA ( #2361 ) ;
#949 = CARTESIAN_POINT ( 'NONE',  ( 0.02225504935857713570, -0.01728471709485988536, 0.001000000000000000021 ) ) ;
#950 = LINE ( 'NONE', #2329, #4904 ) ;
#951 =( GEOMETRIC_REPRESENTATION_CONTEXT ( 3 ) GLOBAL_UNCERTAINTY_ASSIGNED_CONTEXT ( ( #1279 ) ) GLOBAL_UNIT_ASSIGNED_CONTEXT ( ( #5331, #3860, #5217 ) ) REPRESENTATION_CONTEXT ( 'NONE', 'WORKASPACE' ) );
#952 = ORIENTED_EDGE ( 'NONE', *, *, #4132, .T. ) ;
#953 = SURFACE_STYLE_FILL_AREA ( #1012 ) ;
#954 = CARTESIAN_POINT ( 'NONE',  ( 0.03370570765624295029, -0.01970707721828202086, 0.001000000000000000021 ) ) ;
#955 = EDGE_LOOP ( 'NONE', ( #2606, #3499, #1518, #5942 ) ) ;
#956 = ORIENTED_EDGE ( 'NONE', *, *, #3685, .F. ) ;
#957 = CARTESIAN_POINT ( 'NONE',  ( -0.05076700354404747872, 0.01727048279837879730, 0.000000000000000000 ) ) ;
#958 = PRESENTATION_STYLE_ASSIGNMENT (( #1899 ) ) ;
#959 = UNCERTAINTY_MEASURE_WITH_UNIT (LENGTH_MEASURE( 1.000000000000000082E-05 ), #1638, 'distance_accuracy_value', 'NONE');
#960 =( GEOMETRIC_REPRESENTATION_CONTEXT ( 3 ) GLOBAL_UNCERTAINTY_ASSIGNED_CONTEXT ( ( #5511 ) ) GLOBAL_UNIT_ASSIGNED_CONTEXT ( ( #3852, #3390, #5264 ) ) REPRESENTATION_CONTEXT ( 'NONE', 'WORKASPACE' ) );
#961 =( NAMED_UNIT ( * ) SI_UNIT ( $, .STERADIAN. ) SOLID_ANGLE_UNIT ( ) );
#962 = SURFACE_STYLE_USAGE ( .BOTH. , #3282 ) ;
#963 = STYLED_ITEM ( 'NONE', ( #1814 ), #5389 ) ;
#964 = ORIENTED_EDGE ( 'NONE', *, *, #5321, .T. ) ;
#965 = FILL_AREA_STYLE ('',( #5162 ) ) ;
#966 = MECHANICAL_DESIGN_GEOMETRIC_PRESENTATION_REPRESENTATION (  '', ( #5361 ), #1072 ) ;
#967 = CARTESIAN_POINT ( 'NONE',  ( -0.2000000000000000111, -0.1400000000000000411, 0.2900000000000000355 ) ) ;
#968 = LINE ( 'NONE', #2859, #4881 ) ;
#969 = EDGE_CURVE ( 'NONE', #3298, #1208, #3711, .T. ) ;
#970 = VERTEX_POINT ( 'NONE', #5751 ) ;
#971 = AXIS2_PLACEMENT_3D ( 'NONE', #5698, #5171, #2276 ) ;
#972 = ORIENTED_EDGE ( 'NONE', *, *, #969, .F. ) ;
#973 = EDGE_CURVE ( 'NONE', #5947, #1575, #5832, .T. ) ;
#974 =( NAMED_UNIT ( * ) PLANE_ANGLE_UNIT ( ) SI_UNIT ( $, .RADIAN. ) );
#975 =( NAMED_UNIT ( * ) SI_UNIT ( $, .STERADIAN. ) SOLID_ANGLE_UNIT ( ) );
#976 = CARTESIAN_POINT ( 'NONE',  ( -0.03906487161204973829, -0.02458512599876982660, 0.000000000000000000 ) ) ;
#977 = AXIS2_PLACEMENT_3D ( 'NONE', #2168, #4101, #2633 ) ;
#978 = SURFACE_STYLE_FILL_AREA ( #3903 ) ;
#979 =( GEOMETRIC_REPRESENTATION_CONTEXT ( 3 ) GLOBAL_UNCERTAINTY_ASSIGNED_CONTEXT ( ( #2822 ) ) GLOBAL_UNIT_ASSIGNED_CONTEXT ( ( #5202, #4236, #3359 ) ) REPRESENTATION_CONTEXT ( 'NONE', 'WORKASPACE' ) );
#980 = CARTESIAN_POINT ( 'NONE',  ( 0.3000000000000000444, -0.1400000000000000411, 0.2899999999999998690 ) ) ;
#981 = ORIENTED_EDGE ( 'NONE', *, *, #1345, .T. ) ;
#982 = CARTESIAN_POINT ( 'NONE',  ( -0.2899999999999999800, 0.1399999999999999301, 0.000000000000000000 ) ) ;
#983 =( GEOMETRIC_REPRESENTATION_CONTEXT ( 3 ) GLOBAL_UNCERTAINTY_ASSIGNED_CONTEXT ( ( #959 ) ) GLOBAL_UNIT_ASSIGNED_CONTEXT ( ( #1638, #2131, #5375 ) ) REPRESENTATION_CONTEXT ( 'NONE', 'WORKASPACE' ) );
#984 = DIRECTION ( 'NONE',  ( 1.000000000000000000, 9.680376540049145852E-17, 0.000000000000000000 ) ) ;
#985 = ORIENTED_EDGE ( 'NONE', *, *, #1267, .T. ) ;
#986 = EDGE_LOOP ( 'NONE', ( #4504, #5479, #3867, #5480 ) ) ;
#987 = EDGE_CURVE ( 'NONE', #3949, #5527, #3798, .T. ) ;
#988 =( LENGTH_UNIT ( ) NAMED_UNIT ( * ) SI_UNIT ( .MILLI., .METRE. ) );
#989 = FILL_AREA_STYLE ('',( #3337 ) ) ;
#990 = DIRECTION ( 'NONE',  ( 0.000000000000000000, -0.000000000000000000, -1.000000000000000000 ) ) ;
#991 =( NAMED_UNIT ( * ) SI_UNIT ( $, .STERADIAN. ) SOLID_ANGLE_UNIT ( ) );
#992 =( NAMED_UNIT ( * ) SI_UNIT ( $, .STERADIAN. ) SOLID_ANGLE_UNIT ( ) );
#993 = SURFACE_STYLE_USAGE ( .BOTH. , #5188 ) ;
#994 =( LENGTH_UNIT ( ) NAMED_UNIT ( * ) SI_UNIT ( .MILLI., .METRE. ) );
#995 = COLOUR_RGB ( '',0.6666666666666666297, 0.6980392156862744724, 0.7686274509803920907 ) ;
#996 = DIRECTION ( 'NONE',  ( 0.3222024856061125875, -0.9466707760722534726, 0.000000000000000000 ) ) ;
#997 = LINE ( 'NONE', #205, #5337 ) ;
#998 =( NAMED_UNIT ( * ) SI_UNIT ( $, .STERADIAN. ) SOLID_ANGLE_UNIT ( ) );
#999 =( LENGTH_UNIT ( ) NAMED_UNIT ( * ) SI_UNIT ( .MILLI., .METRE. ) );
#1000 = FILL_AREA_STYLE_COLOUR ( '', #2438 ) ;
#1001 = UNCERTAINTY_MEASURE_WITH_UNIT (LENGTH_MEASURE( 1.000000000000000082E-05 ), #2304, 'distance_accuracy_value', 'NONE');
#1002 = EDGE_LOOP ( 'NONE', ( #4125, #4708, #5209 ) ) ;
#1003 = EDGE_LOOP ( 'NONE', ( #5255, #3237, #3933, #5512 ) ) ;
#1004 = CARTESIAN_POINT ( 'NONE',  ( -0.2000000000000000389, 0.1400000000000000411, 0.000000000000000000 ) ) ;
#1005 = DIRECTION ( 'NONE',  ( -1.000000000000000000, 9.680376540049147084E-17, 0.000000000000000000 ) ) ;
#1006 = CARTESIAN_POINT ( 'NONE',  ( -0.08314833197790340302, -0.005072930876818605370, 0.001000000000000000021 ) ) ;
#1007 =( NAMED_UNIT ( * ) PLANE_ANGLE_UNIT ( ) SI_UNIT ( $, .RADIAN. ) );
#1008 = VECTOR ( 'NONE', #792, 1000.000000000000000 ) ;
#1009 = B_SPLINE_CURVE_WITH_KNOTS ( 'NONE', 3,
 ( #493, #1425, #4373, #4812, #5797, #2039, #663, #2067, #1517, #4316, #5301, #3485, #5246, #609, #3371, #5218, #1024, #5333, #3022 ),
 .UNSPECIFIED., .F., .F.,
 ( 4, 1, 1, 1, 1, 1, 1, 1, 1, 1, 1, 1, 1, 1, 1, 1, 4 ),
 ( 0.000000000000000000, 0.06863117867660099847, 0.1345664660386766964, 0.1983281540108808028, 0.2607897666408446891, 0.3219991514841584190, 0.3827217465030193222, 0.4435374740357288514, 0.5051334294849249007, 0.5662138747646714432, 0.6261058646175455822, 0.6853493221605165830, 0.7449958703477972399, 0.8054158418145627163, 0.8676362663459531444, 0.9323077823023292465, 1.000000000000000000 ),
 .UNSPECIFIED. ) ;
#1010 =( LENGTH_UNIT ( ) NAMED_UNIT ( * ) SI_UNIT ( .MILLI., .METRE. ) );
#1011 = LINE ( 'NONE', #5758, #1501 ) ;
#1012 = FILL_AREA_STYLE ('',( #75 ) ) ;
#1013 = DIRECTION ( 'NONE',  ( -1.000000000000000000, -0.000000000000000000, -0.000000000000000000 ) ) ;
#1014 = EDGE_LOOP ( 'NONE', ( #4253, #964, #5555, #1270 ) ) ;
#1015 = COLOUR_RGB ( '',0.1019607843137254888, 0.1019607843137254888, 0.1019607843137254888 ) ;
#1016 = CARTESIAN_POINT ( 'NONE',  ( -0.2000000000000000111, 0.1399999999999999301, 0.2900000000000000355 ) ) ;
#1017 = CARTESIAN_POINT ( 'NONE',  ( -0.09986898746570829766, -0.005072930876818605370, 0.000000000000000000 ) ) ;
#1018 = MECHANICAL_DESIGN_GEOMETRIC_PRESENTATION_REPRESENTATION (  '', ( #733 ), #5724 ) ;
#1019 = FACE_OUTER_BOUND ( 'NONE', #2796, .T. ) ;
#1020 = CARTESIAN_POINT ( 'NONE',  ( 0.04844432569936807376, 0.01192363835368224698, 0.001000000000000000021 ) ) ;
#1021 = SURFACE_STYLE_FILL_AREA ( #5215 ) ;
#1022 =( LENGTH_UNIT ( ) NAMED_UNIT ( * ) SI_UNIT ( .MILLI., .METRE. ) );
#1023 = DIRECTION ( 'NONE',  ( -1.000000000000000000, 0.000000000000000000, 0.000000000000000000 ) ) ;
#1024 = CARTESIAN_POINT ( 'NONE',  ( -0.06565413400385156084, 0.003722285018188408769, 0.001000000000000000021 ) ) ;
#1025 = ORIENTED_EDGE ( 'NONE', *, *, #790, .T. ) ;
#1026 = COLOUR_RGB ( '',0.6666666666666666297, 0.6980392156862744724, 0.7686274509803920907 ) ;
#1027 = CARTESIAN_POINT ( 'NONE',  ( -0.01327409417302535810, -0.002024150389013728082, 0.001000000000000000021 ) ) ;
#1028 = CARTESIAN_POINT ( 'NONE',  ( -0.09140862161204973968, 0.01931731302562042160, 0.001000000000000000021 ) ) ;
#1029 =( LENGTH_UNIT ( ) NAMED_UNIT ( * ) SI_UNIT ( .MILLI., .METRE. ) );
#1030 = FACE_OUTER_BOUND ( 'NONE', #3087, .T. ) ;
#1031 = STYLED_ITEM ( 'NONE', ( #2191 ), #4506 ) ;
#1032 = EDGE_CURVE ( 'NONE', #4871, #5609, #1742, .T. ) ;
#1033 =( NAMED_UNIT ( * ) SI_UNIT ( $, .STERADIAN. ) SOLID_ANGLE_UNIT ( ) );
#1034 = CARTESIAN_POINT ( 'NONE',  ( 0.03791023384645993838, 0.02561000360963487307, 0.001000000000000000021 ) ) ;
#1035 = EDGE_LOOP ( 'NONE', ( #1710, #2758, #2245, #4770 ) ) ;
#1036 = ORIENTED_EDGE ( 'NONE', *, *, #1519, .T. ) ;
#1037 = COLOUR_RGB ( '',0.6666666666666666297, 0.6980392156862744724, 0.7686274509803920907 ) ;
#1038 = UNCERTAINTY_MEASURE_WITH_UNIT (LENGTH_MEASURE( 1.000000000000000082E-05 ), #1745, 'distance_accuracy_value', 'NONE');
#1039 = FACE_OUTER_BOUND ( 'NONE', #679, .T. ) ;
#1040 = EDGE_CURVE ( 'NONE', #4734, #576, #4475, .T. ) ;
#1041 = ORIENTED_EDGE ( 'NONE', *, *, #250, .T. ) ;
#1042 = SURFACE_STYLE_USAGE ( .BOTH. , #4011 ) ;
#1043 = CARTESIAN_POINT ( 'NONE',  ( -0.06155237330580937138, -0.01382006822469384125, 0.001000000000000000021 ) ) ;
#1044 = CARTESIAN_POINT ( 'NONE',  ( 0.2000000000000000389, -0.1500000000000000500, 0.2799999999999998601 ) ) ;
#1045 = UNCERTAINTY_MEASURE_WITH_UNIT (LENGTH_MEASURE( 1.000000000000000082E-05 ), #302, 'distance_accuracy_value', 'NONE');
#1046 = VECTOR ( 'NONE', #1631, 1000.000000000000000 ) ;
#1047 = EDGE_CURVE ( 'NONE', #3924, #5135, #5900, .T. ) ;
#1048 =( LENGTH_UNIT ( ) NAMED_UNIT ( * ) SI_UNIT ( .MILLI., .METRE. ) );
#1049 = FILL_AREA_STYLE ('',( #5682 ) ) ;
#1050 = CARTESIAN_POINT ( 'NONE',  ( 0.03838004352676320508, 0.01979355130426439791, 0.001000000000000000021 ) ) ;
#1051 = SURFACE_SIDE_STYLE ('',( #3399 ) ) ;
#1052 = EDGE_LOOP ( 'NONE', ( #981, #642, #5024, #5891 ) ) ;
#1053 = DIRECTION ( 'NONE',  ( 0.000000000000000000, -1.000000000000000000, 0.000000000000000000 ) ) ;
#1054 = MECHANICAL_DESIGN_GEOMETRIC_PRESENTATION_REPRESENTATION (  '', ( #1546 ), #4200 ) ;
#1055 = B_SPLINE_CURVE_WITH_KNOTS ( 'NONE', 3,
 ( #2347, #4224, #4252, #1367, #1807, #3189, #5081, #2765, #3707, #1659, #5923, #5362, #2687, #1228, #718, #2124, #5399, #1687, #3114 ),
 .UNSPECIFIED., .F., .F.,
 ( 4, 1, 1, 1, 1, 1, 1, 1, 1, 1, 1, 1, 1, 1, 1, 1, 4 ),
 ( 0.000000000000000000, 0.06806869584499403159, 0.1334274328189550551, 0.1961460338131564562, 0.2570485924493126073, 0.3168826631591618592, 0.3761872086663213821, 0.4359603353635462253, 0.4965352368627260482, 0.5574653434807329555, 0.6176868634101470024, 0.6779436406969059359, 0.7388052848060400191, 0.8009493367665837527, 0.8648146674702262837, 0.9310247810786568268, 1.000000000000000000 ),
 .UNSPECIFIED. ) ;
#1056 = CARTESIAN_POINT ( 'NONE',  ( -0.04561162933455641805, 0.01929523879603092795, 0.001000000000000000021 ) ) ;
#1057 =( GEOMETRIC_REPRESENTATION_CONTEXT ( 3 ) GLOBAL_UNCERTAINTY_ASSIGNED_CONTEXT ( ( #4221 ) ) GLOBAL_UNIT_ASSIGNED_CONTEXT ( ( #3672, #2852, #4779 ) ) REPRESENTATION_CONTEXT ( 'NONE', 'WORKASPACE' ) );
#1058 = CARTESIAN_POINT ( 'NONE',  ( -0.03217653319741560491, -0.01909732112072104818, 0.000000000000000000 ) ) ;
#1059 = DIRECTION ( 'NONE',  ( 0.000000000000000000, 0.000000000000000000, 1.000000000000000000 ) ) ;
#1060 = VECTOR ( 'NONE', #4731, 1000.000000000000000 ) ;
#1061 = LINE ( 'NONE', #5750, #3199 ) ;
#1062 = CARTESIAN_POINT ( 'NONE',  ( -0.05366505450872676580, 0.01517885595129658295, 0.000000000000000000 ) ) ;
#1063 = DIRECTION ( 'NONE',  ( -0.000000000000000000, 0.000000000000000000, 1.000000000000000000 ) ) ;
#1064 =( NAMED_UNIT ( * ) SI_UNIT ( $, .STERADIAN. ) SOLID_ANGLE_UNIT ( ) );
#1065 = ORIENTED_EDGE ( 'NONE', *, *, #3363, .T. ) ;
#1066 = ORIENTED_EDGE ( 'NONE', *, *, #3808, .F. ) ;
#1067 = MECHANICAL_DESIGN_GEOMETRIC_PRESENTATION_REPRESENTATION (  '', ( #2753 ), #2241 ) ;
#1068 = EDGE_CURVE ( 'NONE', #3355, #3924, #1176, .T. ) ;
#1069 = DIRECTION ( 'NONE',  ( -1.112802568240965291E-32, 1.149544714130836386E-16, -1.000000000000000000 ) ) ;
#1070 = EDGE_CURVE ( 'NONE', #1385, #5155, #3096, .T. ) ;
#1071 =( NAMED_UNIT ( * ) PLANE_ANGLE_UNIT ( ) SI_UNIT ( $, .RADIAN. ) );
#1072 =( GEOMETRIC_REPRESENTATION_CONTEXT ( 3 ) GLOBAL_UNCERTAINTY_ASSIGNED_CONTEXT ( ( #1879 ) ) GLOBAL_UNIT_ASSIGNED_CONTEXT ( ( #1010, #4682, #1861 ) ) REPRESENTATION_CONTEXT ( 'NONE', 'WORKASPACE' ) );
#1073 = FACE_OUTER_BOUND ( 'NONE', #5169, .T. ) ;
#1074 = UNCERTAINTY_MEASURE_WITH_UNIT (LENGTH_MEASURE( 1.000000000000000082E-05 ), #4921, 'distance_accuracy_value', 'NONE');
#1075 = VERTEX_POINT ( 'NONE', #5869 ) ;
#1076 =( NAMED_UNIT ( * ) PLANE_ANGLE_UNIT ( ) SI_UNIT ( $, .RADIAN. ) );
#1077 =( NAMED_UNIT ( * ) PLANE_ANGLE_UNIT ( ) SI_UNIT ( $, .RADIAN. ) );
#1078 =( GEOMETRIC_REPRESENTATION_CONTEXT ( 3 ) GLOBAL_UNCERTAINTY_ASSIGNED_CONTEXT ( ( #1974 ) ) GLOBAL_UNIT_ASSIGNED_CONTEXT ( ( #3592, #1645, #335 ) ) REPRESENTATION_CONTEXT ( 'NONE', 'WORKASPACE' ) );
#1079 = COLOUR_RGB ( '',0.1019607843137254888, 0.1019607843137254888, 0.1019607843137254888 ) ;
#1080 =( NAMED_UNIT ( * ) SI_UNIT ( $, .STERADIAN. ) SOLID_ANGLE_UNIT ( ) );
#1081 = EDGE_LOOP ( 'NONE', ( #1652, #129, #4845, #5265 ) ) ;
#1082 = DIRECTION ( 'NONE',  ( 9.680376540049145852E-17, -1.000000000000000000, -1.936075308009829417E-16 ) ) ;
#1083 = COLOUR_RGB ( '',1.000000000000000000, 1.000000000000000000, 1.000000000000000000 ) ;
#1084 = CARTESIAN_POINT ( 'NONE',  ( 0.03560902019794352780, -0.01965802303616579275, 0.000000000000000000 ) ) ;
#1085 = CARTESIAN_POINT ( 'NONE',  ( 0.2899999999999999800, -0.1500000000000000500, 0.2799999999999998601 ) ) ;
#1086 = EDGE_CURVE ( 'NONE', #1919, #5640, #329, .T. ) ;
#1087 = FILL_AREA_STYLE ('',( #4315 ) ) ;
#1088 = SURFACE_SIDE_STYLE ('',( #4405 ) ) ;
#1089 = ORIENTED_EDGE ( 'NONE', *, *, #169, .T. ) ;
#1090 = CARTESIAN_POINT ( 'NONE',  ( 0.05710837624939206492, 0.007771798363351167631, 0.000000000000000000 ) ) ;
#1091 = VECTOR ( 'NONE', #2494, 1000.000000000000114 ) ;
#1092 = SURFACE_STYLE_FILL_AREA ( #2999 ) ;
#1093 = CARTESIAN_POINT ( 'NONE',  ( 0.04480753086882317132, 0.01627768093872708488, 0.000000000000000000 ) ) ;
#1094 = VECTOR ( 'NONE', #5240, 1000.000000000000000 ) ;
#1095 = CARTESIAN_POINT ( 'NONE',  ( 0.004408832656242948553, 0.003463654489035054244, 0.001000000000000000021 ) ) ;
#1096 =( LENGTH_UNIT ( ) NAMED_UNIT ( * ) SI_UNIT ( .MILLI., .METRE. ) );
#1097 = CARTESIAN_POINT ( 'NONE',  ( 0.004408832656242948553, 0.003463654489035054244, 0.000000000000000000 ) ) ;
#1098 = PRESENTATION_LAYER_ASSIGNMENT (  '', '', ( #3745 ) ) ;
#1099 = ORIENTED_EDGE ( 'NONE', *, *, #1992, .F. ) ;
#1100 = AXIS2_PLACEMENT_3D ( 'NONE', #2824, #1422, #1952 ) ;
#1101 = VERTEX_POINT ( 'NONE', #757 ) ;
#1102 = PLANE ( 'NONE',  #5578 ) ;
#1103 = EDGE_CURVE ( 'NONE', #729, #2965, #4106, .T. ) ;
#1104 = EDGE_LOOP ( 'NONE', ( #569, #4593, #4629, #3697, #6067, #4950 ) ) ;
#1105 = CARTESIAN_POINT ( 'NONE',  ( -0.06569292520313700645, 9.930575152245262537E-05, 0.000000000000000000 ) ) ;
#1106 =( NAMED_UNIT ( * ) PLANE_ANGLE_UNIT ( ) SI_UNIT ( $, .RADIAN. ) );
#1107 =( GEOMETRIC_REPRESENTATION_CONTEXT ( 3 ) GLOBAL_UNCERTAINTY_ASSIGNED_CONTEXT ( ( #3352 ) ) GLOBAL_UNIT_ASSIGNED_CONTEXT ( ( #5851, #4462, #4119 ) ) REPRESENTATION_CONTEXT ( 'NONE', 'WORKASPACE' ) );
#1108 = ORIENTED_EDGE ( 'NONE', *, *, #5763, .F. ) ;
#1109 =( GEOMETRIC_REPRESENTATION_CONTEXT ( 3 ) GLOBAL_UNCERTAINTY_ASSIGNED_CONTEXT ( ( #5226 ) ) GLOBAL_UNIT_ASSIGNED_CONTEXT ( ( #3059, #1665, #4922 ) ) REPRESENTATION_CONTEXT ( 'NONE', 'WORKASPACE' ) );
#1110 = LINE ( 'NONE', #1949, #2666 ) ;
#1111 = CARTESIAN_POINT ( 'NONE',  ( 0.04651002532579481819, -0.01443556579653927988, 0.000000000000000000 ) ) ;
#1112 = CARTESIAN_POINT ( 'NONE',  ( 0.3000000000000000444, 0.1399999999999999301, 0.2799999999999999156 ) ) ;
#1113 = STYLED_ITEM ( 'NONE', ( #1802 ), #3873 ) ;
#1114 = CARTESIAN_POINT ( 'NONE',  ( -0.05895501704484117089, -0.001362795352829676045, 0.001000000000000000021 ) ) ;
#1115 = FILL_AREA_STYLE ('',( #4370 ) ) ;
#1116 = SURFACE_SIDE_STYLE ('',( #1199 ) ) ;
#1117 = DIRECTION ( 'NONE',  ( 1.000000000000000000, 0.000000000000000000, -0.000000000000000000 ) ) ;
#1118 = PRESENTATION_STYLE_ASSIGNMENT (( #5305 ) ) ;
#1119 = CIRCLE ( 'NONE', #5421, 0.009999999999999998473 ) ;
#1120 = SURFACE_STYLE_FILL_AREA ( #2453 ) ;
#1121 = ADVANCED_FACE ( 'NONE', ( #1676 ), #4503, .T. ) ;
#1122 = FILL_AREA_STYLE ('',( #178 ) ) ;
#1123 = CARTESIAN_POINT ( 'NONE',  ( -0.04368506062959385400, 0.01966111884288532577, 0.000000000000000000 ) ) ;
#1124 = STYLED_ITEM ( 'NONE', ( #2656 ), #4820 ) ;
#1125 = ORIENTED_EDGE ( 'NONE', *, *, #3045, .F. ) ;
#1126 = ORIENTED_EDGE ( 'NONE', *, *, #1574, .F. ) ;
#1127 = SURFACE_STYLE_FILL_AREA ( #2949 ) ;
#1128 = ADVANCED_FACE ( 'NONE', ( #2265 ), #3615, .T. ) ;
#1129 = STYLED_ITEM ( 'NONE', ( #5657 ), #4336 ) ;
#1130 = DIRECTION ( 'NONE',  ( 9.680376540049145852E-17, 1.000000000000000000, 0.000000000000000000 ) ) ;
#1131 = MECHANICAL_DESIGN_GEOMETRIC_PRESENTATION_REPRESENTATION (  '', ( #3207 ), #2414 ) ;
#1132 = STYLED_ITEM ( 'NONE', ( #5627 ), #5837 ) ;
#1133 = ORIENTED_EDGE ( 'NONE', *, *, #4257, .T. ) ;
#1134 = SURFACE_SIDE_STYLE ('',( #160 ) ) ;
#1135 = STYLED_ITEM ( 'NONE', ( #1927 ), #5601 ) ;
#1136 = CARTESIAN_POINT ( 'NONE',  ( -0.09176785743930045147, 0.01822371834429876991, 0.000000000000000000 ) ) ;
#1137 = FILL_AREA_STYLE_COLOUR ( '', #1015 ) ;
#1138 = LINE ( 'NONE', #1017, #249 ) ;
#1139 = CARTESIAN_POINT ( 'NONE',  ( -0.05830802477415204799, -0.005587285445373437777, 0.001000000000000000021 ) ) ;
#1140 = COLOUR_RGB ( '',0.6666666666666666297, 0.6980392156862744724, 0.7686274509803920907 ) ;
#1141 = ADVANCED_FACE ( 'NONE', ( #1271 ), #5050, .F. ) ;
#1142 = CARTESIAN_POINT ( 'NONE',  ( 0.04013428509269429539, 0.01917936544031970808, 0.001000000000000000021 ) ) ;
#1143 = AXIS2_PLACEMENT_3D ( 'NONE', #3621, #1783, #4016 ) ;
#1144 = DIRECTION ( 'NONE',  ( -0.000000000000000000, -0.000000000000000000, -1.000000000000000000 ) ) ;
#1145 = FILL_AREA_STYLE ('',( #1611 ) ) ;
#1146 = VECTOR ( 'NONE', #2020, 1000.000000000000000 ) ;
#1147 = CARTESIAN_POINT ( 'NONE',  ( 0.2000000000000000389, 0.1399999999999999301, 0.2800000000000000266 ) ) ;
#1148 = ORIENTED_EDGE ( 'NONE', *, *, #987, .F. ) ;
#1149 = CLOSED_SHELL ( 'NONE', ( #441, #4133, #3270, #5341, #5067, #4243, #3790, #2173, #5061, #1365, #4336, #4949, #2642, #5782, #5309, #3907, #1128, #4557, #4506, #2607, #5601, #3973, #177, #1232, #5736, #4068, #20, #5505, #2408, #1121, #715, #2830, #4048, #5406, #3350, #3603, #4998, #2862, #3724, #4018, #5571, #1194, #5276, #2427, #45, #2029, #1393, #5501, #598, #5047, #5019, #86, #3161, #3959, #2184, #1705, #4649, #2625, #4426, #156, #5220, #4050, #3224, #2913, #802 ) ) ;
#1150 = ORIENTED_EDGE ( 'NONE', *, *, #4183, .T. ) ;
#1151 = PRESENTATION_LAYER_ASSIGNMENT (  '', '', ( #4299 ) ) ;
#1152 = SURFACE_STYLE_USAGE ( .BOTH. , #755 ) ;
#1153 = SURFACE_STYLE_USAGE ( .BOTH. , #5446 ) ;
#1154 = ADVANCED_FACE ( 'NONE', ( #2737 ), #4607, .F. ) ;
#1155 = EDGE_LOOP ( 'NONE', ( #2258, #2186, #3216, #3069, #32, #4156, #2639, #1041 ) ) ;
#1156 = CARTESIAN_POINT ( 'NONE',  ( 0.08794541802209661363, -0.02458512599876982660, 0.000000000000000000 ) ) ;
#1157 =( GEOMETRIC_REPRESENTATION_CONTEXT ( 3 ) GLOBAL_UNCERTAINTY_ASSIGNED_CONTEXT ( ( #1375 ) ) GLOBAL_UNIT_ASSIGNED_CONTEXT ( ( #2398, #4212, #3331 ) ) REPRESENTATION_CONTEXT ( 'NONE', 'WORKASPACE' ) );
#1158 = DIRECTION ( 'NONE',  ( -0.3635424856527063042, -0.9315776194850602376, 0.000000000000000000 ) ) ;
#1159 = SURFACE_SIDE_STYLE ('',( #217 ) ) ;
#1160 = EDGE_CURVE ( 'NONE', #1447, #5978, #59, .T. ) ;
#1161 = ORIENTED_EDGE ( 'NONE', *, *, #3984, .T. ) ;
#1162 = PRESENTATION_LAYER_ASSIGNMENT (  '', '', ( #2345 ) ) ;
#1163 = COLOUR_RGB ( '',0.6666666666666666297, 0.6980392156862744724, 0.7686274509803920907 ) ;
#1164 =( LENGTH_UNIT ( ) NAMED_UNIT ( * ) SI_UNIT ( .MILLI., .METRE. ) );
#1165 = CARTESIAN_POINT ( 'NONE',  ( -0.04229904980374632473, 0.02535425446802452507, 0.000000000000000000 ) ) ;
#1166 = UNCERTAINTY_MEASURE_WITH_UNIT (LENGTH_MEASURE( 1.000000000000000082E-05 ), #5186, 'distance_accuracy_value', 'NONE');
#1167 = STYLED_ITEM ( 'NONE', ( #1811 ), #2905 ) ;
#1168 = CARTESIAN_POINT ( 'NONE',  ( -0.2899999999999999800, -0.1400000000000000411, 0.2799999999999998601 ) ) ;
#1169 = CARTESIAN_POINT ( 'NONE',  ( 0.02945987309811515589, 0.02035102033879177680, 0.001000000000000000021 ) ) ;
#1170 = EDGE_CURVE ( 'NONE', #1765, #3904, #4227, .T. ) ;
#1171 = CARTESIAN_POINT ( 'NONE',  ( -0.05635928572702612188, -0.01924475055041157887, 0.000000000000000000 ) ) ;
#1172 = CARTESIAN_POINT ( 'NONE',  ( -0.2000000000000000111, 0.1399999999999999301, 0.2800000000000000266 ) ) ;
#1173 = DIRECTION ( 'NONE',  ( -0.000000000000000000, -0.000000000000000000, -1.000000000000000000 ) ) ;
#1174 =( NAMED_UNIT ( * ) PLANE_ANGLE_UNIT ( ) SI_UNIT ( $, .RADIAN. ) );
#1175 = CARTESIAN_POINT ( 'NONE',  ( 0.03967482514570856711, -0.02481924017086075199, 0.001000000000000000021 ) ) ;
#1176 = LINE ( 'NONE', #4535, #1743 ) ;
#1177 = ORIENTED_EDGE ( 'NONE', *, *, #6035, .T. ) ;
#1178 = EDGE_LOOP ( 'NONE', ( #3635, #2884, #5175, #5168 ) ) ;
#1179 = CIRCLE ( 'NONE', #1892, 0.01000000000000002623 ) ;
#1180 = DIRECTION ( 'NONE',  ( 0.000000000000000000, 1.000000000000000000, 1.694065894508600925E-16 ) ) ;
#1181 = DIRECTION ( 'NONE',  ( -1.112802568240965017E-32, 1.149544714130836139E-16, -1.000000000000000000 ) ) ;
#1182 = DIRECTION ( 'NONE',  ( 0.000000000000000000, 0.000000000000000000, 1.000000000000000000 ) ) ;
#1183 = VECTOR ( 'NONE', #471, 1000.000000000000000 ) ;
#1184 = LINE ( 'NONE', #5786, #1860 ) ;
#1185 = ORIENTED_EDGE ( 'NONE', *, *, #5918, .T. ) ;
#1186 = ORIENTED_EDGE ( 'NONE', *, *, #49, .F. ) ;
#1187 = FILL_AREA_STYLE_COLOUR ( '', #1297 ) ;
#1188 = SURFACE_STYLE_FILL_AREA ( #3511 ) ;
#1189 = SURFACE_STYLE_USAGE ( .BOTH. , #1159 ) ;
#1190 = VERTEX_POINT ( 'NONE', #1427 ) ;
#1191 = FILL_AREA_STYLE_COLOUR ( '', #4314 ) ;
#1192 = STYLED_ITEM ( 'NONE', ( #5843 ), #4149 ) ;
#1193 = DIRECTION ( 'NONE',  ( 9.680376540049145852E-17, 1.000000000000000000, 1.149544714130836139E-16 ) ) ;
#1194 = ADVANCED_FACE ( 'NONE', ( #4318 ), #5221, .T. ) ;
#1195 = LINE ( 'NONE', #4555, #3843 ) ;
#1196 = CARTESIAN_POINT ( 'NONE',  ( -0.01327409417302535810, -0.002024150389013728082, 0.000000000000000000 ) ) ;
#1197 = CYLINDRICAL_SURFACE ( 'NONE', #1143, 0.01000000000000002623 ) ;
#1198 = ORIENTED_EDGE ( 'NONE', *, *, #2973, .T. ) ;
#1199 = SURFACE_STYLE_FILL_AREA ( #965 ) ;
#1200 = CARTESIAN_POINT ( 'NONE',  ( 0.06233566192453564303, -0.01909732112072104818, 0.001000000000000000021 ) ) ;
#1201 = CARTESIAN_POINT ( 'NONE',  ( 0.05009355960660913376, 0.008386197837631424040, 0.001000000000000000021 ) ) ;
#1202 = VECTOR ( 'NONE', #3944, 1000.000000000000000 ) ;
#1203 = CARTESIAN_POINT ( 'NONE',  ( 0.05562409414350599074, -0.01274693200976809333, 0.001000000000000000021 ) ) ;
#1204 = SURFACE_SIDE_STYLE ('',( #4131 ) ) ;
#1205 = DIRECTION ( 'NONE',  ( -1.000000000000000000, -0.000000000000000000, -0.000000000000000000 ) ) ;
#1206 =( NAMED_UNIT ( * ) SI_UNIT ( $, .STERADIAN. ) SOLID_ANGLE_UNIT ( ) );
#1207 = VECTOR ( 'NONE', #4158, 1000.000000000000000 ) ;
#1208 = VERTEX_POINT ( 'NONE', #5745 ) ;
#1209 = CARTESIAN_POINT ( 'NONE',  ( -0.03927447527058632037, -0.01909732112072104818, 0.000000000000000000 ) ) ;
#1210 = FILL_AREA_STYLE_COLOUR ( '', #3533 ) ;
#1211 = EDGE_CURVE ( 'NONE', #2078, #3744, #495, .T. ) ;
#1212 = DIRECTION ( 'NONE',  ( -0.000000000000000000, 0.000000000000000000, -1.000000000000000000 ) ) ;
#1213 = AXIS2_PLACEMENT_3D ( 'NONE', #4248, #164, #5769 ) ;
#1214 = CARTESIAN_POINT ( 'NONE',  ( -0.03927447527058632037, -0.01909732112072104818, 0.000000000000000000 ) ) ;
#1215 = VERTEX_POINT ( 'NONE', #3431 ) ;
#1216 = CARTESIAN_POINT ( 'NONE',  ( 0.2899999999999999800, 0.1399999999999999301, -2.434255618027112814E-34 ) ) ;
#1217 = COLOUR_RGB ( '',0.1019607843137254888, 0.1019607843137254888, 0.1019607843137254888 ) ;
#1218 = CIRCLE ( 'NONE', #2305, 0.01000000000000002623 ) ;
#1219 = AXIS2_PLACEMENT_3D ( 'NONE', #4223, #5132, #3342 ) ;
#1220 = FACE_OUTER_BOUND ( 'NONE', #5317, .T. ) ;
#1221 = ORIENTED_EDGE ( 'NONE', *, *, #1285, .F. ) ;
#1222 = FILL_AREA_STYLE ('',( #1191 ) ) ;
#1223 = CARTESIAN_POINT ( 'NONE',  ( 0.05017777376705603171, -0.008186737905965345632, 0.000000000000000000 ) ) ;
#1224 = PRESENTATION_STYLE_ASSIGNMENT (( #2119 ) ) ;
#1225 = PRESENTATION_LAYER_ASSIGNMENT (  '', '', ( #3494 ) ) ;
#1226 = CARTESIAN_POINT ( 'NONE',  ( -0.3000000000000000444, 0.1399999999999999301, 0.2799999999999999156 ) ) ;
#1227 =( NAMED_UNIT ( * ) PLANE_ANGLE_UNIT ( ) SI_UNIT ( $, .RADIAN. ) );
#1228 = CARTESIAN_POINT ( 'NONE',  ( -0.04973242962689526647, -0.02287466682716734687, 0.001000000000000000021 ) ) ;
#1229 = LINE ( 'NONE', #3053, #1046 ) ;
#1230 = MECHANICAL_DESIGN_GEOMETRIC_PRESENTATION_REPRESENTATION (  '', ( #366 ), #2609 ) ;
#1231 = CARTESIAN_POINT ( 'NONE',  ( 0.03100909315150664897, 0.02051305201824462493, 0.000000000000000000 ) ) ;
#1232 = ADVANCED_FACE ( 'NONE', ( #4698 ), #2351, .T. ) ;
#1233 = ORIENTED_EDGE ( 'NONE', *, *, #860, .F. ) ;
#1234 = CARTESIAN_POINT ( 'NONE',  ( -0.1600000000000000311, 0.1300000000000000322, -0.01000000000000000194 ) ) ;
#1235 = FILL_AREA_STYLE ('',( #5435 ) ) ;
#1236 = CARTESIAN_POINT ( 'NONE',  ( -0.09140862161204973968, 0.01931731302562042160, 0.001000000000000000021 ) ) ;
#1237 = FACE_OUTER_BOUND ( 'NONE', #2166, .T. ) ;
#1238 = CARTESIAN_POINT ( 'NONE',  ( 0.04826274678358694059, -0.02143011030572371245, 0.000000000000000000 ) ) ;
#1239 = CARTESIAN_POINT ( 'NONE',  ( -0.1500000000000000500, 0.1300000000000000322, 4.840188270024575430E-19 ) ) ;
#1240 = DIRECTION ( 'NONE',  ( 0.000000000000000000, -1.000000000000000000, -1.210047067506143201E-16 ) ) ;
#1241 = ORIENTED_EDGE ( 'NONE', *, *, #5658, .T. ) ;
#1242 = STYLED_ITEM ( 'NONE', ( #631 ), #177 ) ;
#1243 = CARTESIAN_POINT ( 'NONE',  ( -0.04754534699222128652, -0.01782432135164675399, 0.000000000000000000 ) ) ;
#1244 = FILL_AREA_STYLE_COLOUR ( '', #4807 ) ;
#1245 = CARTESIAN_POINT ( 'NONE',  ( -0.08314833197790340302, -0.005072930876818605370, 0.001000000000000000021 ) ) ;
#1246 = CARTESIAN_POINT ( 'NONE',  ( -0.01571311856326925924, -0.02458512599876982660, 0.000000000000000000 ) ) ;
#1247 = STYLED_ITEM ( 'NONE', ( #4202 ), #598 ) ;
#1248 = VERTEX_POINT ( 'NONE', #2568 ) ;
#1249 = EDGE_CURVE ( 'NONE', #5287, #5182, #2247, .T. ) ;
#1250 = VECTOR ( 'NONE', #1053, 1000.000000000000000 ) ;
#1251 = ORIENTED_EDGE ( 'NONE', *, *, #1170, .T. ) ;
#1252 = DIRECTION ( 'NONE',  ( -1.000000000000000000, -0.000000000000000000, -0.000000000000000000 ) ) ;
#1253 = CLOSED_SHELL ( 'NONE', ( #5389, #4706, #5148, #6047, #1894, #4543, #4590, #4820, #1774 ) ) ;
#1254 = EDGE_CURVE ( 'NONE', #3613, #159, #2620, .T. ) ;
#1255 = ORIENTED_EDGE ( 'NONE', *, *, #1664, .T. ) ;
#1256 = PRESENTATION_LAYER_ASSIGNMENT (  '', '', ( #2638 ) ) ;
#1257 = CARTESIAN_POINT ( 'NONE',  ( 0.03092235831192036849, 0.02601232737377671619, 0.000000000000000000 ) ) ;
#1258 = STYLED_ITEM ( 'NONE', ( #4041 ), #5309 ) ;
#1259 = CARTESIAN_POINT ( 'NONE',  ( -0.2899999999999999800, 0.1399999999999999301, 2.736911063134415520E-50 ) ) ;
#1260 = CIRCLE ( 'NONE', #1876, 0.009999999999999998473 ) ;
#1261 = CARTESIAN_POINT ( 'NONE',  ( 0.02794310883110395771, 0.02011018980315107396, 0.000000000000000000 ) ) ;
#1262 = DIRECTION ( 'NONE',  ( -1.000000000000000000, -9.680376540049145852E-17, 0.000000000000000000 ) ) ;
#1263 = CARTESIAN_POINT ( 'NONE',  ( 0.05321746269849937649, -0.01669550313201324798, 0.000000000000000000 ) ) ;
#1264 = VECTOR ( 'NONE', #4228, 1000.000000000000000 ) ;
#1265 =( NAMED_UNIT ( * ) PLANE_ANGLE_UNIT ( ) SI_UNIT ( $, .RADIAN. ) );
#1266 =( LENGTH_UNIT ( ) NAMED_UNIT ( * ) SI_UNIT ( .MILLI., .METRE. ) );
#1267 = EDGE_CURVE ( 'NONE', #5155, #5502, #2966, .T. ) ;
#1268 = CARTESIAN_POINT ( 'NONE',  ( 0.2899999999999999800, 0.1399999999999999301, 0.000000000000000000 ) ) ;
#1269 = CIRCLE ( 'NONE', #5096, 0.01000000000000002623 ) ;
#1270 = ORIENTED_EDGE ( 'NONE', *, *, #4589, .T. ) ;
#1271 = FACE_OUTER_BOUND ( 'NONE', #5848, .T. ) ;
#1272 =( NAMED_UNIT ( * ) SI_UNIT ( $, .STERADIAN. ) SOLID_ANGLE_UNIT ( ) );
#1273 = DIRECTION ( 'NONE',  ( 1.000000000000000000, -9.680376540049145852E-17, -0.000000000000000000 ) ) ;
#1274 = VECTOR ( 'NONE', #682, 1000.000000000000000 ) ;
#1275 = CARTESIAN_POINT ( 'NONE',  ( 0.2899999999999999800, 0.1399999999999999301, 0.2799999999999999156 ) ) ;
#1276 = CARTESIAN_POINT ( 'NONE',  ( -0.05093804698767666339, -0.01616926039237564020, 0.000000000000000000 ) ) ;
#1277 = CARTESIAN_POINT ( 'NONE',  ( 0.05134273644446583906, 0.0006536419630052394064, -0.000000000000000000 ) ) ;
#1278 = ORIENTED_EDGE ( 'NONE', *, *, #5634, .F. ) ;
#1279 = UNCERTAINTY_MEASURE_WITH_UNIT (LENGTH_MEASURE( 1.000000000000000082E-05 ), #5331, 'distance_accuracy_value', 'NONE');
#1280 = VERTEX_POINT ( 'NONE', #2041 ) ;
#1281 = UNCERTAINTY_MEASURE_WITH_UNIT (LENGTH_MEASURE( 1.000000000000000082E-05 ), #526, 'distance_accuracy_value', 'NONE');
#1282 = CARTESIAN_POINT ( 'NONE',  ( 0.03263267922607804294, -0.02517145841895125288, 0.001000000000000000021 ) ) ;
#1283 =( GEOMETRIC_REPRESENTATION_CONTEXT ( 3 ) GLOBAL_UNCERTAINTY_ASSIGNED_CONTEXT ( ( #5730 ) ) GLOBAL_UNIT_ASSIGNED_CONTEXT ( ( #2481, #4754, #3832 ) ) REPRESENTATION_CONTEXT ( 'NONE', 'WORKASPACE' ) );
#1284 = PRESENTATION_LAYER_ASSIGNMENT (  '', '', ( #119 ) ) ;
#1285 = EDGE_CURVE ( 'NONE', #5806, #3430, #5892, .T. ) ;
#1286 = CARTESIAN_POINT ( 'NONE',  ( 0.02228656050776070541, -0.02277430589739516675, 0.001000000000000000021 ) ) ;
#1287 = VERTEX_POINT ( 'NONE', #4437 ) ;
#1288 = CARTESIAN_POINT ( 'NONE',  ( 0.05108595306410528697, -0.004361350254752263504, 0.000000000000000000 ) ) ;
#1289 = DIRECTION ( 'NONE',  ( 1.000000000000000000, 0.000000000000000000, 0.000000000000000000 ) ) ;
#1290 = CARTESIAN_POINT ( 'NONE',  ( -0.03927447527058632037, -0.01909732112072104818, 0.000000000000000000 ) ) ;
#1291 = CARTESIAN_POINT ( 'NONE',  ( 0.02646167408139473917, 0.01975113148208877678, 0.001000000000000000021 ) ) ;
#1292 = CARTESIAN_POINT ( 'NONE',  ( 0.03258146985136489010, 0.02053682522074237043, 0.000000000000000000 ) ) ;
#1293 = ORIENTED_EDGE ( 'NONE', *, *, #1423, .T. ) ;
#1294 = SURFACE_STYLE_FILL_AREA ( #3089 ) ;
#1295 = FILL_AREA_STYLE_COLOUR ( '', #5426 ) ;
#1296 = SURFACE_STYLE_USAGE ( .BOTH. , #5078 ) ;
#1297 = COLOUR_RGB ( '',0.6666666666666666297, 0.6980392156862744724, 0.7686274509803920907 ) ;
#1298 = LINE ( 'NONE', #1902, #4710 ) ;
#1299 = PLANE ( 'NONE',  #3885 ) ;
#1300 = LINE ( 'NONE', #4605, #1739 ) ;
#1301 = EDGE_LOOP ( 'NONE', ( #4616, #2655, #4577, #1435 ) ) ;
#1302 = UNCERTAINTY_MEASURE_WITH_UNIT (LENGTH_MEASURE( 1.000000000000000082E-05 ), #4844, 'distance_accuracy_value', 'NONE');
#1303 = AXIS2_PLACEMENT_3D ( 'NONE', #540, #2001, #189 ) ;
#1304 = LINE ( 'NONE', #5972, #692 ) ;
#1305 = SURFACE_SIDE_STYLE ('',( #5570 ) ) ;
#1306 = CARTESIAN_POINT ( 'NONE',  ( -0.06529068661881136382, 0.006306685072534378052, 0.001000000000000000021 ) ) ;
#1307 = DIRECTION ( 'NONE',  ( 1.000000000000000000, 0.000000000000000000, 0.000000000000000000 ) ) ;
#1309 = CARTESIAN_POINT ( 'NONE',  ( -0.05898854568907867940, 0.0001316463162744311709, 0.000000000000000000 ) ) ;
#1308 = MECHANICAL_DESIGN_GEOMETRIC_PRESENTATION_REPRESENTATION (  '', ( #3763 ), #2495 ) ;
#1310 = EDGE_LOOP ( 'NONE', ( #4325, #3846, #1390, #5757 ) ) ;
#1311 = ORIENTED_EDGE ( 'NONE', *, *, #1160, .F. ) ;
#1312 = EDGE_CURVE ( 'NONE', #5120, #6019, #5334, .T. ) ;
#1313 = CARTESIAN_POINT ( 'NONE',  ( -0.09234231063644000870, 0.01581121546464480873, 0.000000000000000000 ) ) ;
#1314 = UNCERTAINTY_MEASURE_WITH_UNIT (LENGTH_MEASURE( 1.000000000000000082E-05 ), #3729, 'distance_accuracy_value', 'NONE');
#1315 = PRESENTATION_LAYER_ASSIGNMENT (  '', '', ( #733 ) ) ;
#1316 = FACE_OUTER_BOUND ( 'NONE', #306, .T. ) ;
#1317 = DIRECTION ( 'NONE',  ( -1.000000000000000000, 0.000000000000000000, -0.000000000000000000 ) ) ;
#1318 = PRESENTATION_LAYER_ASSIGNMENT (  '', '', ( #4361 ) ) ;
#1319 = ORIENTED_EDGE ( 'NONE', *, *, #2443, .F. ) ;
#1320 = CARTESIAN_POINT ( 'NONE',  ( 0.004408832656242948553, 0.003463654489035054244, 0.001000000000000000021 ) ) ;
#1321 = CARTESIAN_POINT ( 'NONE',  ( 0.04651002532579481819, -0.01443556579653927988, 0.001000000000000000021 ) ) ;
#1322 = VECTOR ( 'NONE', #996, 1000.000000000000114 ) ;
#1323 = COLOUR_RGB ( '',0.1019607843137254888, 0.1019607843137254888, 0.1019607843137254888 ) ;
#1324 = DIRECTION ( 'NONE',  ( 0.000000000000000000, -1.000000000000000000, 0.000000000000000000 ) ) ;
#1325 = ORIENTED_EDGE ( 'NONE', *, *, #4672, .F. ) ;
#1326 = AXIS2_PLACEMENT_3D ( 'NONE', #3481, #4805, #4367 ) ;
#1327 = COLOUR_RGB ( '',0.6666666666666666297, 0.6980392156862744724, 0.7686274509803920907 ) ;
#1328 = CARTESIAN_POINT ( 'NONE',  ( -0.04026273481261563592, 0.01991241941472667726, 0.000000000000000000 ) ) ;
#1329 =( LENGTH_UNIT ( ) NAMED_UNIT ( * ) SI_UNIT ( .MILLI., .METRE. ) );
#1330 = LINE ( 'NONE', #3637, #1597 ) ;
#1331 = SURFACE_STYLE_USAGE ( .BOTH. , #15 ) ;
#1332 = EDGE_CURVE ( 'NONE', #4123, #576, #5100, .T. ) ;
#1333 = LINE ( 'NONE', #2316, #3894 ) ;
#1334 =( NAMED_UNIT ( * ) SI_UNIT ( $, .STERADIAN. ) SOLID_ANGLE_UNIT ( ) );
#1335 = AXIS2_PLACEMENT_3D ( 'NONE', #5338, #2623, #5308 ) ;
#1336 = ORIENTED_EDGE ( 'NONE', *, *, #4967, .T. ) ;
#1337 = VECTOR ( 'NONE', #2924, 1000.000000000000000 ) ;
#1338 = CARTESIAN_POINT ( 'NONE',  ( -0.09498141124619609299, 0.02541487400123018311, 0.000000000000000000 ) ) ;
#1339 =( NAMED_UNIT ( * ) PLANE_ANGLE_UNIT ( ) SI_UNIT ( $, .RADIAN. ) );
#1340 = CARTESIAN_POINT ( 'NONE',  ( 0.3000000000000000444, -0.1500000000000000500, 0.2799999999999998601 ) ) ;
#1341 = CARTESIAN_POINT ( 'NONE',  ( -0.05610782381410100994, -0.01095545269230039503, 0.000000000000000000 ) ) ;
#1342 = PRESENTATION_LAYER_ASSIGNMENT (  '', '', ( #2733 ) ) ;
#1343 = VERTEX_POINT ( 'NONE', #3525 ) ;
#1344 = SURFACE_STYLE_FILL_AREA ( #3686 ) ;
#1345 = EDGE_CURVE ( 'NONE', #2013, #1906, #5366, .T. ) ;
#1346 = CARTESIAN_POINT ( 'NONE',  ( 0.02379804373199050083, -0.02341801040300478878, 0.001000000000000000021 ) ) ;
#1347 =( GEOMETRIC_REPRESENTATION_CONTEXT ( 3 ) GLOBAL_UNCERTAINTY_ASSIGNED_CONTEXT ( ( #3845 ) ) GLOBAL_UNIT_ASSIGNED_CONTEXT ( ( #5688, #4728, #3863 ) ) REPRESENTATION_CONTEXT ( 'NONE', 'WORKASPACE' ) );
#1348 =( NAMED_UNIT ( * ) PLANE_ANGLE_UNIT ( ) SI_UNIT ( $, .RADIAN. ) );
#1349 = ORIENTED_EDGE ( 'NONE', *, *, #1576, .F. ) ;
#1350 = COLOUR_RGB ( '',0.1019607843137254888, 0.1019607843137254888, 0.1019607843137254888 ) ;
#1351 = CARTESIAN_POINT ( 'NONE',  ( 0.1500000000000000500, 0.1400000000000000411, 1.694065894508600678E-18 ) ) ;
#1352 = FILL_AREA_STYLE ('',( #2278 ) ) ;
#1353 = CARTESIAN_POINT ( 'NONE',  ( 0.05136005216843807231, -0.0001186625841356777722, 0.001000000000000000021 ) ) ;
#1354 = STYLED_ITEM ( 'NONE', ( #3530 ), #802 ) ;
#1355 = EDGE_CURVE ( 'NONE', #5597, #4537, #210, .T. ) ;
#1356 = ORIENTED_EDGE ( 'NONE', *, *, #4737, .T. ) ;
#1357 = VERTEX_POINT ( 'NONE', #4375 ) ;
#1358 = MECHANICAL_DESIGN_GEOMETRIC_PRESENTATION_REPRESENTATION (  '', ( #6059 ), #2446 ) ;
#1359 = DIRECTION ( 'NONE',  ( 0.000000000000000000, -1.000000000000000000, 0.000000000000000000 ) ) ;
#1360 =( NAMED_UNIT ( * ) PLANE_ANGLE_UNIT ( ) SI_UNIT ( $, .RADIAN. ) );
#1361 = DIRECTION ( 'NONE',  ( 0.000000000000000000, -1.000000000000000000, 0.000000000000000000 ) ) ;
#1362 = SURFACE_STYLE_FILL_AREA ( #4693 ) ;
#1363 = DIRECTION ( 'NONE',  ( 1.000000000000000000, 0.000000000000000000, 0.000000000000000000 ) ) ;
#1364 =( LENGTH_UNIT ( ) NAMED_UNIT ( * ) SI_UNIT ( .MILLI., .METRE. ) );
#1365 = ADVANCED_FACE ( 'NONE', ( #1731 ), #5040, .T. ) ;
#1366 = SURFACE_STYLE_FILL_AREA ( #5498 ) ;
#1367 = CARTESIAN_POINT ( 'NONE',  ( -0.06529155349168377920, -0.004453464717004489495, 0.001000000000000000021 ) ) ;
#1368 =( LENGTH_UNIT ( ) NAMED_UNIT ( * ) SI_UNIT ( .MILLI., .METRE. ) );
#1369 = B_SPLINE_SURFACE_WITH_KNOTS ( 'NONE', 3, 1, ( 
 ( #3575, #1571 ),
 ( #5358, #2650 ),
 ( #196, #1165 ),
 ( #3455, #2064 ),
 ( #3939, #4915 ),
 ( #5794, #4490 ),
 ( #3483, #5328 ),
 ( #2152, #2590 ),
 ( #5822, #258 ),
 ( #2121, #3993 ),
 ( #1657, #5397 ),
 ( #4024, #5457 ),
 ( #1725, #5921 ),
 ( #3601, #2181 ),
 ( #4056, #497 ),
 ( #1306, #3713 ),
 ( #499, #907 ),
 ( #4644, #1399 ),
 ( #5105, #3197 ) ),
 .UNSPECIFIED., .F., .F., .F.,
 ( 4, 1, 1, 1, 1, 1, 1, 1, 1, 1, 1, 1, 1, 1, 1, 1, 4 ),
 ( 2, 2 ),
 ( 0.000000000000000000, 0.06863117867660099847, 0.1345664660386766964, 0.1983281540108808028, 0.2607897666408446891, 0.3219991514841584190, 0.3827217465030193222, 0.4435374740357288514, 0.5051334294849249007, 0.5662138747646714432, 0.6261058646175455822, 0.6853493221605165830, 0.7449958703477972399, 0.8054158418145627163, 0.8676362663459531444, 0.9323077823023292465, 1.000000000000000000 ),
 ( 0.000000000000000000, 1.000000000000000000 ),
 .UNSPECIFIED. ) ;
#1370 = ORIENTED_EDGE ( 'NONE', *, *, #4619, .T. ) ;
#1371 =( LENGTH_UNIT ( ) NAMED_UNIT ( * ) SI_UNIT ( .MILLI., .METRE. ) );
#1372 = AXIS2_PLACEMENT_3D ( 'NONE', #2081, #815, #3952 ) ;
#1373 = LINE ( 'NONE', #2798, #1770 ) ;
#1374 = CARTESIAN_POINT ( 'NONE',  ( -0.1021174630754643764, -0.01056073575486738726, 0.001000000000000000021 ) ) ;
#1375 = UNCERTAINTY_MEASURE_WITH_UNIT (LENGTH_MEASURE( 1.000000000000000082E-05 ), #2398, 'distance_accuracy_value', 'NONE');
#1376 = FACE_OUTER_BOUND ( 'NONE', #4234, .T. ) ;
#1377 =( NAMED_UNIT ( * ) PLANE_ANGLE_UNIT ( ) SI_UNIT ( $, .RADIAN. ) );
#1378 = ORIENTED_EDGE ( 'NONE', *, *, #5267, .F. ) ;
#1379 = ORIENTED_EDGE ( 'NONE', *, *, #2151, .T. ) ;
#1380 = AXIS2_PLACEMENT_3D ( 'NONE', #5700, #1500, #2002 ) ;
#1381 = CARTESIAN_POINT ( 'NONE',  ( 0.02087224729038928209, -0.02199366258413568143, 0.000000000000000000 ) ) ;
#1382 = CARTESIAN_POINT ( 'NONE',  ( 0.02225504935857713570, -0.01728471709485988536, 0.000000000000000000 ) ) ;
#1383 = SURFACE_SIDE_STYLE ('',( #3206 ) ) ;
#1384 = CARTESIAN_POINT ( 'NONE',  ( 0.03258146985136489010, 0.02053682522074237043, 0.001000000000000000021 ) ) ;
#1385 = VERTEX_POINT ( 'NONE', #4061 ) ;
#1386 = DIRECTION ( 'NONE',  ( 1.000000000000000000, 0.000000000000000000, 0.000000000000000000 ) ) ;
#1387 =( GEOMETRIC_REPRESENTATION_CONTEXT ( 3 ) GLOBAL_UNCERTAINTY_ASSIGNED_CONTEXT ( ( #3655 ) ) GLOBAL_UNIT_ASSIGNED_CONTEXT ( ( #4747, #1481, #79 ) ) REPRESENTATION_CONTEXT ( 'NONE', 'WORKASPACE' ) );
#1388 = CARTESIAN_POINT ( 'NONE',  ( 0.05108595306410528697, -0.004361350254752263504, 0.001000000000000000021 ) ) ;
#1389 = AXIS2_PLACEMENT_3D ( 'NONE', #5861, #2158, #4029 ) ;
#1390 = ORIENTED_EDGE ( 'NONE', *, *, #5694, .T. ) ;
#1391 = VECTOR ( 'NONE', #5666, 1000.000000000000000 ) ;
#1392 = FACE_OUTER_BOUND ( 'NONE', #562, .T. ) ;
#1393 = ADVANCED_FACE ( 'NONE', ( #4979 ), #2298, .T. ) ;
#1394 = PRESENTATION_STYLE_ASSIGNMENT (( #1331 ) ) ;
#1395 = UNCERTAINTY_MEASURE_WITH_UNIT (LENGTH_MEASURE( 1.000000000000000082E-05 ), #2083, 'distance_accuracy_value', 'NONE');
#1396 = SURFACE_STYLE_FILL_AREA ( #17 ) ;
#1397 = VERTEX_POINT ( 'NONE', #4112 ) ;
#1398 = DIRECTION ( 'NONE',  ( -0.000000000000000000, -0.000000000000000000, -1.000000000000000000 ) ) ;
#1399 = CARTESIAN_POINT ( 'NONE',  ( -0.06569316016858055274, 0.001950033305389139646, 0.000000000000000000 ) ) ;
#1400 = CARTESIAN_POINT ( 'NONE',  ( -0.1500000000000000222, -0.1300000000000000044, -0.01000000000000003143 ) ) ;
#1401 = SURFACE_STYLE_USAGE ( .BOTH. , #2858 ) ;
#1402 = LINE ( 'NONE', #4761, #3522 ) ;
#1403 = COLOUR_RGB ( '',0.6666666666666666297, 0.6980392156862744724, 0.7686274509803920907 ) ;
#1404 = EDGE_LOOP ( 'NONE', ( #879, #5087 ) ) ;
#1405 = ORIENTED_EDGE ( 'NONE', *, *, #2328, .T. ) ;
#1406 = PRESENTATION_LAYER_ASSIGNMENT (  '', '', ( #816 ) ) ;
#1407 = EDGE_CURVE ( 'NONE', #3900, #5219, #2478, .T. ) ;
#1408 = ORIENTED_EDGE ( 'NONE', *, *, #5710, .T. ) ;
#1409 = DIRECTION ( 'NONE',  ( 0.000000000000000000, -0.000000000000000000, 1.000000000000000000 ) ) ;
#1410 = FACE_OUTER_BOUND ( 'NONE', #1975, .T. ) ;
#1411 = LINE ( 'NONE', #5612, #2088 ) ;
#1412 = EDGE_LOOP ( 'NONE', ( #98, #3005, #237, #887 ) ) ;
#1413 = MECHANICAL_DESIGN_GEOMETRIC_PRESENTATION_REPRESENTATION (  '', ( #5136 ), #766 ) ;
#1414 = CARTESIAN_POINT ( 'NONE',  ( 0.02615796964005627154, 0.02554129088778282416, 0.001000000000000000021 ) ) ;
#1415 =( NAMED_UNIT ( * ) SI_UNIT ( $, .STERADIAN. ) SOLID_ANGLE_UNIT ( ) );
#1416 = PRESENTATION_LAYER_ASSIGNMENT (  '', '', ( #5919 ) ) ;
#1417 = CARTESIAN_POINT ( 'NONE',  ( -0.3000000000000000444, -0.1400000000000000411, -3.388131789017201356E-17 ) ) ;
#1418 = COLOUR_RGB ( '',0.6666666666666666297, 0.6980392156862744724, 0.7686274509803920907 ) ;
#1419 = LINE ( 'NONE', #1085, #462 ) ;
#1420 = ADVANCED_FACE ( 'NONE', ( #2678 ), #2748, .T. ) ;
#1421 = CARTESIAN_POINT ( 'NONE',  ( -0.09124017615213118881, 0.01828867053690088132, 0.000000000000000000 ) ) ;
#1422 = DIRECTION ( 'NONE',  ( 0.000000000000000000, 0.000000000000000000, 1.000000000000000000 ) ) ;
#1423 = EDGE_CURVE ( 'NONE', #1468, #2506, #4264, .T. ) ;
#1424 = VECTOR ( 'NONE', #5396, 1000.000000000000000 ) ;
#1425 = CARTESIAN_POINT ( 'NONE',  ( -0.04049794652268429856, 0.02539439940360106035, 0.001000000000000000021 ) ) ;
#1426 = ORIENTED_EDGE ( 'NONE', *, *, #5515, .F. ) ;
#1427 = CARTESIAN_POINT ( 'NONE',  ( -0.1071765331974156160, -0.02458512599876982660, 0.001000000000000000021 ) ) ;
#1428 = CARTESIAN_POINT ( 'NONE',  ( 0.000000000000000000, 0.000000000000000000, 0.000000000000000000 ) ) ;
#1429 =( GEOMETRIC_REPRESENTATION_CONTEXT ( 3 ) GLOBAL_UNCERTAINTY_ASSIGNED_CONTEXT ( ( #197 ) ) GLOBAL_UNIT_ASSIGNED_CONTEXT ( ( #2771, #2831, #28 ) ) REPRESENTATION_CONTEXT ( 'NONE', 'WORKASPACE' ) );
#1430 = SURFACE_SIDE_STYLE ('',( #4730 ) ) ;
#1431 =( LENGTH_UNIT ( ) NAMED_UNIT ( * ) SI_UNIT ( .MILLI., .METRE. ) );
#1432 = FILL_AREA_STYLE ('',( #1000 ) ) ;
#1433 = VERTEX_POINT ( 'NONE', #1004 ) ;
#1434 =( GEOMETRIC_REPRESENTATION_CONTEXT ( 3 ) GLOBAL_UNCERTAINTY_ASSIGNED_CONTEXT ( ( #5329 ) ) GLOBAL_UNIT_ASSIGNED_CONTEXT ( ( #3610, #3671, #5931 ) ) REPRESENTATION_CONTEXT ( 'NONE', 'WORKASPACE' ) );
#1435 = ORIENTED_EDGE ( 'NONE', *, *, #2520, .T. ) ;
#1436 = CARTESIAN_POINT ( 'NONE',  ( -0.03217653319741560491, 0.01992706912318139775, 0.001000000000000000021 ) ) ;
#1437 = SURFACE_SIDE_STYLE ('',( #533 ) ) ;
#1438 = VECTOR ( 'NONE', #141, 1000.000000000000000 ) ;
#1439 = ADVANCED_FACE ( 'NONE', ( #2886 ), #563, .T. ) ;
#1440 = CARTESIAN_POINT ( 'NONE',  ( -0.09060831673400097930, 0.01581121546464480873, 0.001000000000000000021 ) ) ;
#1441 = SURFACE_SIDE_STYLE ('',( #948 ) ) ;
#1442 = PRESENTATION_STYLE_ASSIGNMENT (( #3779 ) ) ;
#1443 = PLANE ( 'NONE',  #3859 ) ;
#1444 =( NAMED_UNIT ( * ) PLANE_ANGLE_UNIT ( ) SI_UNIT ( $, .RADIAN. ) );
#1445 = PRESENTATION_LAYER_ASSIGNMENT (  '', '', ( #3324 ) ) ;
#1446 = CARTESIAN_POINT ( 'NONE',  ( -0.05215896221750224160, 0.02287594705169799722, 0.000000000000000000 ) ) ;
#1447 = VERTEX_POINT ( 'NONE', #1505 ) ;
#1448 = STYLED_ITEM ( 'NONE', ( #3297 ), #86 ) ;
#1449 = ORIENTED_EDGE ( 'NONE', *, *, #3363, .F. ) ;
#1450 = CARTESIAN_POINT ( 'NONE',  ( 0.02767003220708500605, 0.02576612197457915296, 0.001000000000000000021 ) ) ;
#1451 = SURFACE_STYLE_USAGE ( .BOTH. , #3732 ) ;
#1452 = STYLED_ITEM ( 'NONE', ( #869 ), #156 ) ;
#1453 = DIRECTION ( 'NONE',  ( -0.9407669869669988971, 0.3390537954853694025, 0.000000000000000000 ) ) ;
#1454 = VECTOR ( 'NONE', #2972, 1000.000000000000000 ) ;
#1455 =( NAMED_UNIT ( * ) SI_UNIT ( $, .STERADIAN. ) SOLID_ANGLE_UNIT ( ) );
#1456 = FILL_AREA_STYLE ('',( #4226 ) ) ;
#1457 = EDGE_CURVE ( 'NONE', #576, #2817, #3778, .T. ) ;
#1458 = EDGE_LOOP ( 'NONE', ( #5059, #3968, #5384, #1150 ) ) ;
#1459 = SURFACE_STYLE_FILL_AREA ( #3892 ) ;
#1460 = DIRECTION ( 'NONE',  ( 0.000000000000000000, 1.000000000000000000, 0.000000000000000000 ) ) ;
#1461 = VECTOR ( 'NONE', #4338, 1000.000000000000000 ) ;
#1462 = CARTESIAN_POINT ( 'NONE',  ( 0.03967482514570856711, -0.02481924017086075199, 0.001000000000000000021 ) ) ;
#1463 =( NAMED_UNIT ( * ) PLANE_ANGLE_UNIT ( ) SI_UNIT ( $, .RADIAN. ) );
#1464 = CARTESIAN_POINT ( 'NONE',  ( -0.2000000000000000111, 0.1400000000000000411, 1.694065894508600678E-18 ) ) ;
#1465 = VERTEX_POINT ( 'NONE', #3362 ) ;
#1466 = VECTOR ( 'NONE', #3848, 1000.000000000000114 ) ;
#1467 = STYLED_ITEM ( 'NONE', ( #3961 ), #2607 ) ;
#1468 = VERTEX_POINT ( 'NONE', #5641 ) ;
#1469 = CARTESIAN_POINT ( 'NONE',  ( -0.1071765331974156160, -0.02458512599876982660, 0.000000000000000000 ) ) ;
#1470 = UNCERTAINTY_MEASURE_WITH_UNIT (LENGTH_MEASURE( 1.000000000000000082E-05 ), #614, 'distance_accuracy_value', 'NONE');
#1471 = CARTESIAN_POINT ( 'NONE',  ( -0.1500000000000000500, 0.1300000000000000322, -0.01000000000000000021 ) ) ;
#1472 = STYLED_ITEM ( 'NONE', ( #400 ), #2913 ) ;
#1473 = CARTESIAN_POINT ( 'NONE',  ( -0.2000000000000000111, 0.1399999999999999301, 0.2900000000000000355 ) ) ;
#1474 = ORIENTED_EDGE ( 'NONE', *, *, #190, .T. ) ;
#1475 =( NAMED_UNIT ( * ) SI_UNIT ( $, .STERADIAN. ) SOLID_ANGLE_UNIT ( ) );
#1476 = FACE_OUTER_BOUND ( 'NONE', #3762, .T. ) ;
#1477 = SURFACE_SIDE_STYLE ('',( #133 ) ) ;
#1478 = VECTOR ( 'NONE', #1158, 1000.000000000000114 ) ;
#1479 = UNCERTAINTY_MEASURE_WITH_UNIT (LENGTH_MEASURE( 1.000000000000000082E-05 ), #1431, 'distance_accuracy_value', 'NONE');
#1480 = ORIENTED_EDGE ( 'NONE', *, *, #360, .F. ) ;
#1481 =( NAMED_UNIT ( * ) PLANE_ANGLE_UNIT ( ) SI_UNIT ( $, .RADIAN. ) );
#1482 = CARTESIAN_POINT ( 'NONE',  ( 0.2000000000000000389, -0.1400000000000000411, 0.2899999999999998690 ) ) ;
#1483 =( NAMED_UNIT ( * ) SI_UNIT ( $, .STERADIAN. ) SOLID_ANGLE_UNIT ( ) );
#1484 = CARTESIAN_POINT ( 'NONE',  ( -0.3000000000000000444, -0.1500000000000000500, 0.2799999999999998601 ) ) ;
#1485 = SURFACE_SIDE_STYLE ('',( #3017 ) ) ;
#1486 = EDGE_CURVE ( 'NONE', #1343, #2818, #2892, .T. ) ;
#1487 = AXIS2_PLACEMENT_3D ( 'NONE', #3118, #834, #386 ) ;
#1488 = STYLED_ITEM ( 'NONE', ( #5729 ), #2184 ) ;
#1489 = CARTESIAN_POINT ( 'NONE',  ( 0.05009355960660913376, 0.008386197837631424040, 0.001000000000000000021 ) ) ;
#1490 = CARTESIAN_POINT ( 'NONE',  ( 0.02087224729038928209, 0.01733560570854724911, 0.001000000000000000021 ) ) ;
#1491 =( NAMED_UNIT ( * ) SI_UNIT ( $, .STERADIAN. ) SOLID_ANGLE_UNIT ( ) );
#1492 = SURFACE_STYLE_FILL_AREA ( #5690 ) ;
#1493 =( LENGTH_UNIT ( ) NAMED_UNIT ( * ) SI_UNIT ( .MILLI., .METRE. ) );
#1494 = DIRECTION ( 'NONE',  ( 0.000000000000000000, -1.000000000000000000, 0.000000000000000000 ) ) ;
#1495 = UNCERTAINTY_MEASURE_WITH_UNIT (LENGTH_MEASURE( 1.000000000000000082E-05 ), #2931, 'distance_accuracy_value', 'NONE');
#1496 = ORIENTED_EDGE ( 'NONE', *, *, #5461, .T. ) ;
#1497 = ORIENTED_EDGE ( 'NONE', *, *, #1890, .F. ) ;
#1498 = FILL_AREA_STYLE_COLOUR ( '', #1079 ) ;
#1499 = LINE ( 'NONE', #1006, #1391 ) ;
#1500 = DIRECTION ( 'NONE',  ( 0.000000000000000000, 0.000000000000000000, 1.000000000000000000 ) ) ;
#1501 = VECTOR ( 'NONE', #4304, 1000.000000000000000 ) ;
#1502 = FILL_AREA_STYLE_COLOUR ( '', #4283 ) ;
#1503 = EDGE_CURVE ( 'NONE', #125, #2601, #4270, .T. ) ;
#1504 = ORIENTED_EDGE ( 'NONE', *, *, #5524, .F. ) ;
#1505 = CARTESIAN_POINT ( 'NONE',  ( 0.08794541802209661363, -0.02458512599876982660, 0.001000000000000000021 ) ) ;
#1506 = MECHANICAL_DESIGN_GEOMETRIC_PRESENTATION_REPRESENTATION (  '', ( #2387 ), #4451 ) ;
#1507 = LINE ( 'NONE', #2469, #3246 ) ;
#1508 = CARTESIAN_POINT ( 'NONE',  ( -0.05208028505002085945, -0.02189280744651419738, 0.001000000000000000021 ) ) ;
#1509 = SURFACE_SIDE_STYLE ('',( #3417 ) ) ;
#1510 = EDGE_LOOP ( 'NONE', ( #2134, #685, #3075, #935 ) ) ;
#1511 = CARTESIAN_POINT ( 'NONE',  ( -0.1540667895922966657, 0.000000000000000000, 0.2900000000000000355 ) ) ;
#1512 = PLANE ( 'NONE',  #1213 ) ;
#1513 = CARTESIAN_POINT ( 'NONE',  ( 0.04765077031566498228, -0.01305639783419473669, 0.001000000000000000021 ) ) ;
#1514 = SURFACE_STYLE_USAGE ( .BOTH. , #3792 ) ;
#1515 = SPHERICAL_SURFACE ( 'NONE', #5006, 0.01000000000000000021 ) ;
#1516 = EDGE_CURVE ( 'NONE', #1190, #2869, #4799, .T. ) ;
#1517 = CARTESIAN_POINT ( 'NONE',  ( -0.05636995681047498458, 0.02037234803549054993, 0.001000000000000000021 ) ) ;
#1518 = ORIENTED_EDGE ( 'NONE', *, *, #250, .F. ) ;
#1519 = EDGE_CURVE ( 'NONE', #291, #594, #3811, .T. ) ;
#1520 = MECHANICAL_DESIGN_GEOMETRIC_PRESENTATION_REPRESENTATION (  '', ( #5324 ), #3482 ) ;
#1521 = CARTESIAN_POINT ( 'NONE',  ( -0.2899999999999999800, 0.1399999999999999301, 0.2799999999999999156 ) ) ;
#1522 = CARTESIAN_POINT ( 'NONE',  ( 0.05005879621716570471, -0.02003138303670737308, 0.001000000000000000021 ) ) ;
#1523 = DIRECTION ( 'NONE',  ( -1.000000000000000000, 0.000000000000000000, 0.000000000000000000 ) ) ;
#1524 =( GEOMETRIC_REPRESENTATION_CONTEXT ( 3 ) GLOBAL_UNCERTAINTY_ASSIGNED_CONTEXT ( ( #3203 ) ) GLOBAL_UNIT_ASSIGNED_CONTEXT ( ( #3433, #4783, #229 ) ) REPRESENTATION_CONTEXT ( 'NONE', 'WORKASPACE' ) );
#1525 = PLANE ( 'NONE',  #5143 ) ;
#1526 = DIRECTION ( 'NONE',  ( 0.000000000000000000, 0.000000000000000000, 1.000000000000000000 ) ) ;
#1527 = CARTESIAN_POINT ( 'NONE',  ( 0.03354169333399693170, 0.02600361884811849822, 0.000000000000000000 ) ) ;
#1528 = ORIENTED_EDGE ( 'NONE', *, *, #5702, .F. ) ;
#1529 = AXIS2_PLACEMENT_3D ( 'NONE', #3397, #1453, #5243 ) ;
#1530 = SURFACE_STYLE_USAGE ( .BOTH. , #2979 ) ;
#1531 = SURFACE_SIDE_STYLE ('',( #5728 ) ) ;
#1532 = DIRECTION ( 'NONE',  ( 0.000000000000000000, -0.000000000000000000, 1.000000000000000000 ) ) ;
#1533 = ORIENTED_EDGE ( 'NONE', *, *, #4321, .T. ) ;
#1534 = FILL_AREA_STYLE ('',( #5788 ) ) ;
#1535 = SURFACE_SIDE_STYLE ('',( #604 ) ) ;
#1536 = ADVANCED_FACE ( 'NONE', ( #1969 ), #599, .T. ) ;
#1537 = CARTESIAN_POINT ( 'NONE',  ( -0.04986535551506855041, 0.02379819827895601758, 0.000000000000000000 ) ) ;
#1538 = PRESENTATION_LAYER_ASSIGNMENT (  '', '', ( #3902 ) ) ;
#1539 = CARTESIAN_POINT ( 'NONE',  ( -0.1540667895922966657, 0.000000000000000000, 0.2890000000000000346 ) ) ;
#1540 = CARTESIAN_POINT ( 'NONE',  ( 0.03745014050222403995, -0.01940564457077746663, 0.000000000000000000 ) ) ;
#1541 = FILL_AREA_STYLE ('',( #4776 ) ) ;
#1542 = CARTESIAN_POINT ( 'NONE',  ( 0.05066153456882772216, 0.006429331644174559116, 0.001000000000000000021 ) ) ;
#1543 = CARTESIAN_POINT ( 'NONE',  ( 0.05529990752149874234, 0.01261009997651078851, 0.001000000000000000021 ) ) ;
#1544 = VECTOR ( 'NONE', #5342, 1000.000000000000000 ) ;
#1545 = PLANE ( 'NONE',  #5516 ) ;
#1546 = STYLED_ITEM ( 'NONE', ( #4284 ), #138 ) ;
#1547 = CARTESIAN_POINT ( 'NONE',  ( 0.04013428509269429539, 0.01917936544031970808, 0.000000000000000000 ) ) ;
#1548 = MECHANICAL_DESIGN_GEOMETRIC_PRESENTATION_REPRESENTATION (  '', ( #3357 ), #1057 ) ;
#1549 = EDGE_CURVE ( 'NONE', #3321, #1819, #3454, .T. ) ;
#1550 = DIRECTION ( 'NONE',  ( 0.000000000000000000, 0.000000000000000000, -1.000000000000000000 ) ) ;
#1551 = CARTESIAN_POINT ( 'NONE',  ( -0.2000000000000000111, 0.1399999999999999301, 0.2899999999999999245 ) ) ;
#1552 = CARTESIAN_POINT ( 'NONE',  ( 0.04708071240259774359, 0.02195204512702905730, 0.001000000000000000021 ) ) ;
#1553 = VERTEX_POINT ( 'NONE', #1711 ) ;
#1554 = ORIENTED_EDGE ( 'NONE', *, *, #4865, .T. ) ;
#1555 = PRESENTATION_LAYER_ASSIGNMENT (  '', '', ( #5361 ) ) ;
#1556 = CARTESIAN_POINT ( 'NONE',  ( -0.01327409417302535810, 0.003463654489035054244, 0.000000000000000000 ) ) ;
#1557 = CIRCLE ( 'NONE', #871, 0.01000000000000002623 ) ;
#1558 =( GEOMETRIC_REPRESENTATION_CONTEXT ( 3 ) GLOBAL_UNCERTAINTY_ASSIGNED_CONTEXT ( ( #5062 ) ) GLOBAL_UNIT_ASSIGNED_CONTEXT ( ( #4884, #2178, #3108 ) ) REPRESENTATION_CONTEXT ( 'NONE', 'WORKASPACE' ) );
#1559 = VERTEX_POINT ( 'NONE', #4454 ) ;
#1560 = DIRECTION ( 'NONE',  ( 0.000000000000000000, -1.000000000000000000, 0.000000000000000000 ) ) ;
#1561 = SURFACE_STYLE_USAGE ( .BOTH. , #1134 ) ;
#1562 = CIRCLE ( 'NONE', #3628, 0.01000000000000002623 ) ;
#1563 =( NAMED_UNIT ( * ) SI_UNIT ( $, .STERADIAN. ) SOLID_ANGLE_UNIT ( ) );
#1564 = ORIENTED_EDGE ( 'NONE', *, *, #2936, .T. ) ;
#1565 = CARTESIAN_POINT ( 'NONE',  ( -0.1021174630754643764, -0.01056073575486738726, 0.000000000000000000 ) ) ;
#1566 = ADVANCED_FACE ( 'NONE', ( #4019 ), #2142, .F. ) ;
#1567 = VECTOR ( 'NONE', #5113, 1000.000000000000000 ) ;
#1568 = SURFACE_SIDE_STYLE ('',( #2061 ) ) ;
#1569 = CARTESIAN_POINT ( 'NONE',  ( 0.05131903239527044192, -0.002277466358611141776, 0.001000000000000000021 ) ) ;
#1570 = DIRECTION ( 'NONE',  ( 0.3390537954853694580, 0.9407669869669987861, 0.000000000000000000 ) ) ;
#1571 = CARTESIAN_POINT ( 'NONE',  ( -0.03957935331936682927, 0.02541487400123018311, 0.000000000000000000 ) ) ;
#1572 = LINE ( 'NONE', #5714, #4368 ) ;
#1573 = DIRECTION ( 'NONE',  ( -1.000000000000000000, 0.000000000000000000, 0.000000000000000000 ) ) ;
#1574 = EDGE_CURVE ( 'NONE', #1559, #1280, #3938, .T. ) ;
#1575 = VERTEX_POINT ( 'NONE', #3597 ) ;
#1576 = EDGE_CURVE ( 'NONE', #39, #3544, #5418, .T. ) ;
#1577 = CARTESIAN_POINT ( 'NONE',  ( 0.03791023384645993838, 0.02561000360963487307, 0.000000000000000000 ) ) ;
#1578 = CARTESIAN_POINT ( 'NONE',  ( -0.05900580149009851394, 0.0009007733914740772251, 0.001000000000000000021 ) ) ;
#1579 = CARTESIAN_POINT ( 'NONE',  ( -0.04743597297352430964, 0.01876811111770598783, 0.001000000000000000021 ) ) ;
#1580 =( LENGTH_UNIT ( ) NAMED_UNIT ( * ) SI_UNIT ( .MILLI., .METRE. ) );
#1581 = FACE_OUTER_BOUND ( 'NONE', #5313, .T. ) ;
#1582 = CARTESIAN_POINT ( 'NONE',  ( -0.07668872831936683621, -0.02458512599876982660, 0.001000000000000000021 ) ) ;
#1583 = CARTESIAN_POINT ( 'NONE',  ( 0.05766421916956485788, 0.005132098590591411581, 0.001000000000000000021 ) ) ;
#1584 = ORIENTED_EDGE ( 'NONE', *, *, #360, .T. ) ;
#1585 = ORIENTED_EDGE ( 'NONE', *, *, #613, .F. ) ;
#1586 =( NAMED_UNIT ( * ) PLANE_ANGLE_UNIT ( ) SI_UNIT ( $, .RADIAN. ) );
#1587 = ORIENTED_EDGE ( 'NONE', *, *, #155, .F. ) ;
#1588 = CARTESIAN_POINT ( 'NONE',  ( -0.04002190746100014324, -0.02456781072996205156, 0.000000000000000000 ) ) ;
#1589 = STYLED_ITEM ( 'NONE', ( #5236 ), #4133 ) ;
#1590 = CARTESIAN_POINT ( 'NONE',  ( -0.05695038685776004916, 0.01091651507169538911, 0.000000000000000000 ) ) ;
#1591 = EDGE_CURVE ( 'NONE', #595, #1465, #649, .T. ) ;
#1592 = ORIENTED_EDGE ( 'NONE', *, *, #190, .F. ) ;
#1593 = STYLED_ITEM ( 'NONE', ( #3814 ), #3574 ) ;
#1594 = CARTESIAN_POINT ( 'NONE',  ( 0.02208167900123621935, 0.02453385777765213285, 0.001000000000000000021 ) ) ;
#1595 = CARTESIAN_POINT ( 'NONE',  ( 0.05131903239527044192, -0.002277466358611141776, 0.000000000000000000 ) ) ;
#1596 = FACE_OUTER_BOUND ( 'NONE', #407, .T. ) ;
#1597 = VECTOR ( 'NONE', #747, 1000.000000000000000 ) ;
#1598 = CARTESIAN_POINT ( 'NONE',  ( -0.05898854568907867940, 0.0001316463162744311709, 0.001000000000000000021 ) ) ;
#1599 = UNCERTAINTY_MEASURE_WITH_UNIT (LENGTH_MEASURE( 1.000000000000000082E-05 ), #1029, 'distance_accuracy_value', 'NONE');
#1600 = CARTESIAN_POINT ( 'NONE',  ( 0.03258146985136489010, 0.02053682522074237043, 0.001000000000000000021 ) ) ;
#1601 = CARTESIAN_POINT ( 'NONE',  ( 0.05806736924160880303, -0.0005283424621844572686, 0.001000000000000000021 ) ) ;
#1602 = ORIENTED_EDGE ( 'NONE', *, *, #4811, .T. ) ;
#1603 = DIRECTION ( 'NONE',  ( 0.000000000000000000, -0.000000000000000000, -1.000000000000000000 ) ) ;
#1604 = EDGE_CURVE ( 'NONE', #3409, #3960, #2523, .T. ) ;
#1605 =( NAMED_UNIT ( * ) PLANE_ANGLE_UNIT ( ) SI_UNIT ( $, .RADIAN. ) );
#1606 = CARTESIAN_POINT ( 'NONE',  ( 0.03458759998209943315, 0.02049368975015014929, 0.001000000000000000021 ) ) ;
#1607 = VECTOR ( 'NONE', #5494, 1000.000000000000000 ) ;
#1608 =( LENGTH_UNIT ( ) NAMED_UNIT ( * ) SI_UNIT ( .MILLI., .METRE. ) );
#1609 = PLANE ( 'NONE',  #3815 ) ;
#1610 = EDGE_CURVE ( 'NONE', #5049, #4650, #214, .T. ) ;
#1611 = FILL_AREA_STYLE_COLOUR ( '', #5531 ) ;
#1612 = LINE ( 'NONE', #1097, #2628 ) ;
#1613 = CARTESIAN_POINT ( 'NONE',  ( 0.05766421916956485788, 0.005132098590591411581, 0.000000000000000000 ) ) ;
#1614 = EDGE_LOOP ( 'NONE', ( #68, #2337, #5633, #1624, #4286, #5762 ) ) ;
#1615 = ORIENTED_EDGE ( 'NONE', *, *, #3443, .T. ) ;
#1616 = FILL_AREA_STYLE ('',( #5411 ) ) ;
#1617 = MECHANICAL_DESIGN_GEOMETRIC_PRESENTATION_REPRESENTATION (  '', ( #559 ), #64 ) ;
#1618 = PRESENTATION_LAYER_ASSIGNMENT (  '', '', ( #4276 ) ) ;
#1619 = ORIENTED_EDGE ( 'NONE', *, *, #684, .T. ) ;
#1620 = CARTESIAN_POINT ( 'NONE',  ( -0.05635928572702612188, -0.01924475055041157887, 0.001000000000000000021 ) ) ;
#1621 = DIRECTION ( 'NONE',  ( 0.000000000000000000, 0.000000000000000000, -1.000000000000000000 ) ) ;
#1622 = MECHANICAL_DESIGN_GEOMETRIC_PRESENTATION_REPRESENTATION (  '', ( #2912 ), #4866 ) ;
#1623 = EDGE_CURVE ( 'NONE', #5708, #2202, #5351, .T. ) ;
#1624 = ORIENTED_EDGE ( 'NONE', *, *, #3891, .T. ) ;
#1625 = FILL_AREA_STYLE_COLOUR ( '', #4715 ) ;
#1626 = STYLED_ITEM ( 'NONE', ( #1997 ), #2173 ) ;
#1627 =( NAMED_UNIT ( * ) SI_UNIT ( $, .STERADIAN. ) SOLID_ANGLE_UNIT ( ) );
#1628 = CARTESIAN_POINT ( 'NONE',  ( 0.03205729145432018729, 0.02602046287701072907, -0.000000000000000000 ) ) ;
#1629 = FILL_AREA_STYLE_COLOUR ( '', #742 ) ;
#1630 = SURFACE_STYLE_FILL_AREA ( #4917 ) ;
#1631 = DIRECTION ( 'NONE',  ( 1.112802568240965428E-32, -1.149544714130836139E-16, 1.000000000000000000 ) ) ;
#1632 = ORIENTED_EDGE ( 'NONE', *, *, #5471, .T. ) ;
#1633 = CARTESIAN_POINT ( 'NONE',  ( 0.05806736924160880303, -0.0005283424621844572686, 0.000000000000000000 ) ) ;
#1634 = FILL_AREA_STYLE_COLOUR ( '', #1712 ) ;
#1635 = COLOUR_RGB ( '',0.1019607843137254888, 0.1019607843137254888, 0.1019607843137254888 ) ;
#1636 = CARTESIAN_POINT ( 'NONE',  ( 0.08794541802209661363, -0.02458512599876982660, 0.001000000000000000021 ) ) ;
#1637 =( LENGTH_UNIT ( ) NAMED_UNIT ( * ) SI_UNIT ( .MILLI., .METRE. ) );
#1638 =( LENGTH_UNIT ( ) NAMED_UNIT ( * ) SI_UNIT ( .MILLI., .METRE. ) );
#1639 = CARTESIAN_POINT ( 'NONE',  ( 0.03370570765624295029, -0.01970707721828202086, 0.000000000000000000 ) ) ;
#1640 = FILL_AREA_STYLE_COLOUR ( '', #2136 ) ;
#1641 = ORIENTED_EDGE ( 'NONE', *, *, #678, .T. ) ;
#1642 = MECHANICAL_DESIGN_GEOMETRIC_PRESENTATION_REPRESENTATION (  '', ( #5845 ), #588 ) ;
#1643 = ORIENTED_EDGE ( 'NONE', *, *, #1723, .T. ) ;
#1644 = MECHANICAL_DESIGN_GEOMETRIC_PRESENTATION_REPRESENTATION (  '', ( #5068 ), #859 ) ;
#1645 =( NAMED_UNIT ( * ) PLANE_ANGLE_UNIT ( ) SI_UNIT ( $, .RADIAN. ) );
#1646 = CARTESIAN_POINT ( 'NONE',  ( 0.08123810094892587597, -0.01909732112072104818, 0.001000000000000000021 ) ) ;
#1647 = MECHANICAL_DESIGN_GEOMETRIC_PRESENTATION_REPRESENTATION (  '', ( #862 ), #2934 ) ;
#1648 = VERTEX_POINT ( 'NONE', #3040 ) ;
#1649 = CARTESIAN_POINT ( 'NONE',  ( -0.1237202270661173081, 0.000000000000000000, 0.2890000000000000346 ) ) ;
#1650 = MECHANICAL_DESIGN_GEOMETRIC_PRESENTATION_REPRESENTATION (  '', ( #2638 ), #3335 ) ;
#1651 =( LENGTH_UNIT ( ) NAMED_UNIT ( * ) SI_UNIT ( .MILLI., .METRE. ) );
#1652 = ORIENTED_EDGE ( 'NONE', *, *, #2985, .F. ) ;
#1653 =( GEOMETRIC_REPRESENTATION_CONTEXT ( 3 ) GLOBAL_UNCERTAINTY_ASSIGNED_CONTEXT ( ( #3239 ) ) GLOBAL_UNIT_ASSIGNED_CONTEXT ( ( #5636, #2391, #4327 ) ) REPRESENTATION_CONTEXT ( 'NONE', 'WORKASPACE' ) );
#1654 = LINE ( 'NONE', #3547, #1461 ) ;
#1655 =( NAMED_UNIT ( * ) PLANE_ANGLE_UNIT ( ) SI_UNIT ( $, .RADIAN. ) );
#1656 = DIRECTION ( 'NONE',  ( 1.000000000000000000, 0.000000000000000000, 0.000000000000000000 ) ) ;
#1657 = CARTESIAN_POINT ( 'NONE',  ( -0.06002927621178513057, 0.01711132189690458064, 0.001000000000000000021 ) ) ;
#1658 = SURFACE_STYLE_USAGE ( .BOTH. , #5857 ) ;
#1659 = CARTESIAN_POINT ( 'NONE',  ( -0.05828924330543427262, -0.01761847234298149004, 0.001000000000000000021 ) ) ;
#1660 = CARTESIAN_POINT ( 'NONE',  ( -0.09986898746570829766, -0.005072930876818605370, 0.001000000000000000021 ) ) ;
#1661 = CARTESIAN_POINT ( 'NONE',  ( -0.04464051616158271757, -0.02418495340313537786, 0.000000000000000000 ) ) ;
#1662 = ORIENTED_EDGE ( 'NONE', *, *, #1604, .T. ) ;
#1663 = CARTESIAN_POINT ( 'NONE',  ( 0.04496949340718982974, 0.02321208257151157264, 0.000000000000000000 ) ) ;
#1664 = EDGE_CURVE ( 'NONE', #501, #3949, #4908, .T. ) ;
#1665 =( NAMED_UNIT ( * ) PLANE_ANGLE_UNIT ( ) SI_UNIT ( $, .RADIAN. ) );
#1666 = CARTESIAN_POINT ( 'NONE',  ( 0.05136005216843807231, -0.0001186625841356777722, 0.001000000000000000021 ) ) ;
#1667 = LINE ( 'NONE', #2073, #5738 ) ;
#1668 = CARTESIAN_POINT ( 'NONE',  ( 0.03549782231918386516, -0.02517552424208824302, 0.000000000000000000 ) ) ;
#1669 = CARTESIAN_POINT ( 'NONE',  ( 0.02845535217210905243, -0.01928171044815464585, 0.000000000000000000 ) ) ;
#1670 = PLANE ( 'NONE',  #5952 ) ;
#1671 = VERTEX_POINT ( 'NONE', #3688 ) ;
#1672 = MECHANICAL_DESIGN_GEOMETRIC_PRESENTATION_REPRESENTATION (  '', ( #119 ), #522 ) ;
#1673 = CARTESIAN_POINT ( 'NONE',  ( -0.05900580149009851394, 0.0009007733914740772251, 0.000000000000000000 ) ) ;
#1674 = CYLINDRICAL_SURFACE ( 'NONE', #3034, 0.009999999999999998473 ) ;
#1675 = STYLED_ITEM ( 'NONE', ( #5943 ), #1393 ) ;
#1676 = FACE_OUTER_BOUND ( 'NONE', #6023, .T. ) ;
#1677 = VECTOR ( 'NONE', #4739, 1000.000000000000000 ) ;
#1678 = ORIENTED_EDGE ( 'NONE', *, *, #5235, .F. ) ;
#1679 = EDGE_CURVE ( 'NONE', #5645, #4093, #950, .T. ) ;
#1680 = ORIENTED_EDGE ( 'NONE', *, *, #5566, .T. ) ;
#1681 = CARTESIAN_POINT ( 'NONE',  ( -0.09176785743930045147, 0.01822371834429876991, 0.001000000000000000021 ) ) ;
#1682 = COLOUR_RGB ( '',0.1019607843137254888, 0.1019607843137254888, 0.1019607843137254888 ) ;
#1683 = CARTESIAN_POINT ( 'NONE',  ( 0.02087224729038928209, 0.02404292278171798330, 0.000000000000000000 ) ) ;
#1684 = SURFACE_STYLE_FILL_AREA ( #318 ) ;
#1685 = CARTESIAN_POINT ( 'NONE',  ( 0.2000000000000000111, 0.1399999999999999301, 0.2799999999999999156 ) ) ;
#1686 =( GEOMETRIC_REPRESENTATION_CONTEXT ( 3 ) GLOBAL_UNCERTAINTY_ASSIGNED_CONTEXT ( ( #2270 ) ) GLOBAL_UNIT_ASSIGNED_CONTEXT ( ( #4852, #3906, #1563 ) ) REPRESENTATION_CONTEXT ( 'NONE', 'WORKASPACE' ) );
#1687 = CARTESIAN_POINT ( 'NONE',  ( -0.04002190746100014324, -0.02456781072996205156, 0.001000000000000000021 ) ) ;
#1688 = CARTESIAN_POINT ( 'NONE',  ( 0.02087224729038928209, 0.01733560570854724911, 0.001000000000000000021 ) ) ;
#1689 = CARTESIAN_POINT ( 'NONE',  ( 0.02087224729038928209, 0.01733560570854724911, 0.000000000000000000 ) ) ;
#1690 = ORIENTED_EDGE ( 'NONE', *, *, #5768, .F. ) ;
#1691 = CARTESIAN_POINT ( 'NONE',  ( -0.02546921612424486725, 0.02541487400123018311, 0.001000000000000000021 ) ) ;
#1692 =( NAMED_UNIT ( * ) SI_UNIT ( $, .STERADIAN. ) SOLID_ANGLE_UNIT ( ) );
#1693 = CARTESIAN_POINT ( 'NONE',  ( -0.08827409417302536920, 0.02541487400123018311, 0.000000000000000000 ) ) ;
#1694 =( NAMED_UNIT ( * ) PLANE_ANGLE_UNIT ( ) SI_UNIT ( $, .RADIAN. ) );
#1695 = MECHANICAL_DESIGN_GEOMETRIC_PRESENTATION_REPRESENTATION (  '', ( #5713 ), #4455 ) ;
#1696 = CARTESIAN_POINT ( 'NONE',  ( -0.09135031748842692423, 0.01896126841120937545, -0.000000000000000000 ) ) ;
#1697 = CARTESIAN_POINT ( 'NONE',  ( 0.04826274678358694059, -0.02143011030572371245, 0.001000000000000000021 ) ) ;
#1698 = DIRECTION ( 'NONE',  ( -0.3635424856527063042, -0.9315776194850602376, 0.000000000000000000 ) ) ;
#1699 = EDGE_CURVE ( 'NONE', #2818, #5806, #4057, .T. ) ;
#1700 = CARTESIAN_POINT ( 'NONE',  ( 0.004408832656242948553, -0.002024150389013728082, 0.000000000000000000 ) ) ;
#1701 = FACE_OUTER_BOUND ( 'NONE', #641, .T. ) ;
#1702 =( GEOMETRIC_REPRESENTATION_CONTEXT ( 3 ) GLOBAL_UNCERTAINTY_ASSIGNED_CONTEXT ( ( #5661 ) ) GLOBAL_UNIT_ASSIGNED_CONTEXT ( ( #5486, #4054, #3600 ) ) REPRESENTATION_CONTEXT ( 'NONE', 'WORKASPACE' ) );
#1703 = ORIENTED_EDGE ( 'NONE', *, *, #1679, .T. ) ;
#1704 =( NAMED_UNIT ( * ) PLANE_ANGLE_UNIT ( ) SI_UNIT ( $, .RADIAN. ) );
#1705 = ADVANCED_FACE ( 'NONE', ( #2301 ), #4621, .T. ) ;
#1706 = LINE ( 'NONE', #2170, #1008 ) ;
#1707 = COLOUR_RGB ( '',0.1019607843137254888, 0.1019607843137254888, 0.1019607843137254888 ) ;
#1708 = CARTESIAN_POINT ( 'NONE',  ( -0.05871813864205496780, -0.003540867284301547208, 0.001000000000000000021 ) ) ;
#1709 = CARTESIAN_POINT ( 'NONE',  ( 0.04844432569936807376, 0.01192363835368224698, 0.000000000000000000 ) ) ;
#1710 = ORIENTED_EDGE ( 'NONE', *, *, #5278, .F. ) ;
#1711 = CARTESIAN_POINT ( 'NONE',  ( -0.01449360636814730173, 0.02541487400123018311, 0.000000000000000000 ) ) ;
#1712 = COLOUR_RGB ( '',0.1019607843137254888, 0.1019607843137254888, 0.1019607843137254888 ) ;
#1713 =( GEOMETRIC_REPRESENTATION_CONTEXT ( 3 ) GLOBAL_UNCERTAINTY_ASSIGNED_CONTEXT ( ( #126 ) ) GLOBAL_UNIT_ASSIGNED_CONTEXT ( ( #1096, #2513, #3977 ) ) REPRESENTATION_CONTEXT ( 'NONE', 'WORKASPACE' ) );
#1714 = CARTESIAN_POINT ( 'NONE',  ( -0.01327409417302535810, 0.003463654489035054244, 0.001000000000000000021 ) ) ;
#1715 = VECTOR ( 'NONE', #4914, 1000.000000000000000 ) ;
#1716 = PRESENTATION_LAYER_ASSIGNMENT (  '', '', ( #2209 ) ) ;
#1717 = DIRECTION ( 'NONE',  ( -1.000000000000000000, 0.000000000000000000, -0.000000000000000000 ) ) ;
#1718 = ORIENTED_EDGE ( 'NONE', *, *, #5634, .T. ) ;
#1719 = MANIFOLD_SOLID_BREP ( 'ÇÐ³ý-À­Éì1', #1149 ) ;
#1720 = DIRECTION ( 'NONE',  ( 0.000000000000000000, -1.000000000000000000, 0.000000000000000000 ) ) ;
#1721 = CARTESIAN_POINT ( 'NONE',  ( 0.03920096401778042777, -0.01899817406343691506, 0.000000000000000000 ) ) ;
#1722 = SURFACE_STYLE_FILL_AREA ( #5395 ) ;
#1723 = EDGE_CURVE ( 'NONE', #5527, #3770, #3296, .T. ) ;
#1724 = COLOUR_RGB ( '',0.1019607843137254888, 0.1019607843137254888, 0.1019607843137254888 ) ;
#1725 = CARTESIAN_POINT ( 'NONE',  ( -0.06285268527417590956, 0.01322014298360684077, 0.001000000000000000021 ) ) ;
#1726 = LINE ( 'NONE', #2243, #3209 ) ;
#1727 = CARTESIAN_POINT ( 'NONE',  ( 0.03100909315150664897, 0.02051305201824462493, 0.001000000000000000021 ) ) ;
#1728 = COLOUR_RGB ( '',1.000000000000000000, 1.000000000000000000, 1.000000000000000000 ) ;
#1729 = CARTESIAN_POINT ( 'NONE',  ( -0.06390333059450470365, -0.009429955606056609693, 0.000000000000000000 ) ) ;
#1730 = ORIENTED_EDGE ( 'NONE', *, *, #1910, .T. ) ;
#1731 = FACE_OUTER_BOUND ( 'NONE', #1961, .T. ) ;
#1732 = CARTESIAN_POINT ( 'NONE',  ( -0.07668872831936683621, -0.02458512599876982660, 0.000000000000000000 ) ) ;
#1733 = SURFACE_SIDE_STYLE ('',( #4472 ) ) ;
#1734 = DIRECTION ( 'NONE',  ( 0.000000000000000000, 0.000000000000000000, 1.000000000000000000 ) ) ;
#1735 = VECTOR ( 'NONE', #224, 1000.000000000000000 ) ;
#1736 =( LENGTH_UNIT ( ) NAMED_UNIT ( * ) SI_UNIT ( .MILLI., .METRE. ) );
#1737 = ORIENTED_EDGE ( 'NONE', *, *, #3535, .T. ) ;
#1738 = UNCERTAINTY_MEASURE_WITH_UNIT (LENGTH_MEASURE( 1.000000000000000082E-05 ), #2945, 'distance_accuracy_value', 'NONE');
#1739 = VECTOR ( 'NONE', #3612, 1000.000000000000000 ) ;
#1740 = EDGE_CURVE ( 'NONE', #2526, #2013, #1886, .T. ) ;
#1741 = CARTESIAN_POINT ( 'NONE',  ( -0.04149755027638463850, -0.01904926589940055676, 0.000000000000000000 ) ) ;
#1742 = B_SPLINE_CURVE_WITH_KNOTS ( 'NONE', 3,
 ( #2629, #3588, #271, #2192, #2661, #4927, #2599 ),
 .UNSPECIFIED., .F., .F.,
 ( 4, 1, 1, 1, 4 ),
 ( 0.000000000000000000, 0.1744817153170503676, 0.3982857591281118714, 0.6738978473986658724, 0.9999999999999998890 ),
 .UNSPECIFIED. ) ;
#1743 = VECTOR ( 'NONE', #1240, 1000.000000000000000 ) ;
#1744 = SURFACE_STYLE_USAGE ( .BOTH. , #2169 ) ;
#1745 =( LENGTH_UNIT ( ) NAMED_UNIT ( * ) SI_UNIT ( .MILLI., .METRE. ) );
#1746 = SURFACE_STYLE_USAGE ( .BOTH. , #878 ) ;
#1747 = CLOSED_SHELL ( 'NONE', ( #3503, #4760, #1154, #4149, #1566, #3524, #4447, #2593, #3873, #2060, #2306, #5412, #3663, #5307, #340, #2905, #5944, #3365, #410, #2244, #3735, #4417, #138, #1439 ) ) ;
#1748 = VERTEX_POINT ( 'NONE', #4768 ) ;
#1749 = ORIENTED_EDGE ( 'NONE', *, *, #555, .T. ) ;
#1750 = CARTESIAN_POINT ( 'NONE',  ( 0.02707182100210450346, -0.02441597831158792697, 0.001000000000000000021 ) ) ;
#1751 = COLOUR_RGB ( '',0.1019607843137254888, 0.1019607843137254888, 0.1019607843137254888 ) ;
#1752 = AXIS2_PLACEMENT_3D ( 'NONE', #4346, #5192, #3799 ) ;
#1753 = ORIENTED_EDGE ( 'NONE', *, *, #4790, .T. ) ;
#1754 = SURFACE_STYLE_FILL_AREA ( #3991 ) ;
#1755 = CARTESIAN_POINT ( 'NONE',  ( 0.02472128616601435361, 0.02527365291818879645, 0.000000000000000000 ) ) ;
#1756 = LINE ( 'NONE', #379, #4665 ) ;
#1757 = COLOUR_RGB ( '',0.1019607843137254888, 0.1019607843137254888, 0.1019607843137254888 ) ;
#1758 = B_SPLINE_SURFACE_WITH_KNOTS ( 'NONE', 3, 1, ( 
 ( #4461, #2117 ),
 ( #5882, #4486 ),
 ( #2559, #286 ),
 ( #3571, #2147 ),
 ( #1681, #1136 ),
 ( #2648, #5422 ),
 ( #4427, #4516 ) ),
 .UNSPECIFIED., .F., .F., .F.,
 ( 4, 1, 1, 1, 4 ),
 ( 2, 2 ),
 ( 0.000000000000000000, 0.1744817153170503676, 0.3982857591281118714, 0.6738978473986658724, 0.9999999999999998890 ),
 ( 0.000000000000000000, 1.000000000000000000 ),
 .UNSPECIFIED. ) ;
#1759 = DIRECTION ( 'NONE',  ( -0.000000000000000000, 0.000000000000000000, -1.000000000000000000 ) ) ;
#1760 = VECTOR ( 'NONE', #4703, 1000.000000000000000 ) ;
#1761 = CARTESIAN_POINT ( 'NONE',  ( 0.02220026676541110577, 0.01810728506059530729, 0.001000000000000000021 ) ) ;
#1762 = VECTOR ( 'NONE', #5201, 1000.000000000000000 ) ;
#1763 = PRESENTATION_STYLE_ASSIGNMENT (( #5955 ) ) ;
#1764 = EDGE_CURVE ( 'NONE', #4707, #4436, #1269, .T. ) ;
#1765 = VERTEX_POINT ( 'NONE', #5172 ) ;
#1766 =( LENGTH_UNIT ( ) NAMED_UNIT ( * ) SI_UNIT ( .MILLI., .METRE. ) );
#1767 = FACE_OUTER_BOUND ( 'NONE', #1002, .T. ) ;
#1768 = CARTESIAN_POINT ( 'NONE',  ( 0.08123810094892587597, 0.02541487400123018311, 0.001000000000000000021 ) ) ;
#1769 = CARTESIAN_POINT ( 'NONE',  ( 0.05452116671465233322, -0.01479016889113524656, 0.000000000000000000 ) ) ;
#1770 = VECTOR ( 'NONE', #1955, 1000.000000000000000 ) ;
#1771 = FILL_AREA_STYLE ('',( #6056 ) ) ;
#1772 = CARTESIAN_POINT ( 'NONE',  ( -0.07668872831936683621, -0.02458512599876982660, 0.000000000000000000 ) ) ;
#1773 = CARTESIAN_POINT ( 'NONE',  ( -0.03217653319741560491, 0.01992706912318139775, 0.000000000000000000 ) ) ;
#1774 = ADVANCED_FACE ( 'NONE', ( #2889 ), #2362, .T. ) ;
#1775 = VECTOR ( 'NONE', #510, 1000.000000000000000 ) ;
#1776 = CARTESIAN_POINT ( 'NONE',  ( -0.03906487161204973829, -0.02458512599876982660, 0.001000000000000000021 ) ) ;
#1777 = CARTESIAN_POINT ( 'NONE',  ( -0.1540667895922966657, 0.000000000000000000, 0.2900000000000000355 ) ) ;
#1778 = ORIENTED_EDGE ( 'NONE', *, *, #477, .F. ) ;
#1779 = CARTESIAN_POINT ( 'NONE',  ( -0.04002785370916496499, -0.01908103567488159125, -0.000000000000000000 ) ) ;
#1780 = SURFACE_SIDE_STYLE ('',( #2263 ) ) ;
#1781 = CARTESIAN_POINT ( 'NONE',  ( 0.000000000000000000, 0.000000000000000000, 0.001000000000000000021 ) ) ;
#1782 = DIRECTION ( 'NONE',  ( -1.112802568240965428E-32, -1.149544714130836139E-16, 1.000000000000000000 ) ) ;
#1783 = DIRECTION ( 'NONE',  ( -1.000000000000000000, -9.680376540049147084E-17, -0.000000000000000000 ) ) ;
#1784 = UNCERTAINTY_MEASURE_WITH_UNIT (LENGTH_MEASURE( 1.000000000000000082E-05 ), #1651, 'distance_accuracy_value', 'NONE');
#1785 = EDGE_LOOP ( 'NONE', ( #1913, #1198, #48, #3596 ) ) ;
#1786 = ORIENTED_EDGE ( 'NONE', *, *, #343, .F. ) ;
#1787 = UNCERTAINTY_MEASURE_WITH_UNIT (LENGTH_MEASURE( 1.000000000000000082E-05 ), #3145, 'distance_accuracy_value', 'NONE');
#1788 = CARTESIAN_POINT ( 'NONE',  ( 0.02538849037813640727, -0.02397323583351941567, 0.001000000000000000021 ) ) ;
#1789 = MECHANICAL_DESIGN_GEOMETRIC_PRESENTATION_REPRESENTATION (  '', ( #4733 ), #3555 ) ;
#1790 = CARTESIAN_POINT ( 'NONE',  ( 0.03310193662795513081, -0.01969915019091100089, 0.001000000000000000021 ) ) ;
#1791 = FILL_AREA_STYLE_COLOUR ( '', #1083 ) ;
#1792 = CARTESIAN_POINT ( 'NONE',  ( 0.02500780050364875828, 0.01930648144060460522, 0.000000000000000000 ) ) ;
#1793 = VERTEX_POINT ( 'NONE', #3816 ) ;
#1794 = PLANE ( 'NONE',  #2940 ) ;
#1795 =( NAMED_UNIT ( * ) SI_UNIT ( $, .STERADIAN. ) SOLID_ANGLE_UNIT ( ) );
#1796 = EDGE_CURVE ( 'NONE', #2553, #1748, #4359, .T. ) ;
#1797 = DIRECTION ( 'NONE',  ( 1.000000000000000000, -9.680376540049147084E-17, -0.000000000000000000 ) ) ;
#1798 = ORIENTED_EDGE ( 'NONE', *, *, #4428, .T. ) ;
#1799 = ORIENTED_EDGE ( 'NONE', *, *, #3757, .T. ) ;
#1800 = CARTESIAN_POINT ( 'NONE',  ( -0.05226685326664547854, 0.01629139429080626519, 0.001000000000000000021 ) ) ;
#1801 = DIRECTION ( 'NONE',  ( -0.000000000000000000, -0.000000000000000000, -1.000000000000000000 ) ) ;
#1802 = PRESENTATION_STYLE_ASSIGNMENT (( #323 ) ) ;
#1803 = CARTESIAN_POINT ( 'NONE',  ( -0.03955077100229364984, 0.01992706912318139775, 0.001000000000000000021 ) ) ;
#1804 = PRESENTATION_LAYER_ASSIGNMENT (  '', '', ( #4446 ) ) ;
#1805 = LINE ( 'NONE', #1772, #2047 ) ;
#1806 = FACE_OUTER_BOUND ( 'NONE', #4085, .T. ) ;
#1807 = CARTESIAN_POINT ( 'NONE',  ( -0.06471401868750911723, -0.007013316364117928858, 0.001000000000000000021 ) ) ;
#1808 = ORIENTED_EDGE ( 'NONE', *, *, #1958, .F. ) ;
#1809 = AXIS2_PLACEMENT_3D ( 'NONE', #2042, #5746, #2482 ) ;
#1810 = EDGE_CURVE ( 'NONE', #159, #39, #2654, .T. ) ;
#1811 = PRESENTATION_STYLE_ASSIGNMENT (( #873 ) ) ;
#1812 =( NAMED_UNIT ( * ) PLANE_ANGLE_UNIT ( ) SI_UNIT ( $, .RADIAN. ) );
#1813 = DIRECTION ( 'NONE',  ( 0.3222024856061125875, -0.9466707760722534726, 0.000000000000000000 ) ) ;
#1814 = PRESENTATION_STYLE_ASSIGNMENT (( #5106 ) ) ;
#1815 = DIRECTION ( 'NONE',  ( -0.000000000000000000, -0.000000000000000000, -1.000000000000000000 ) ) ;
#1817 = CARTESIAN_POINT ( 'NONE',  ( -0.03927447527058632037, -0.01909732112072104818, 0.001000000000000000021 ) ) ;
#1816 = COLOUR_RGB ( '',0.1019607843137254888, 0.1019607843137254888, 0.1019607843137254888 ) ;
#1818 =( NAMED_UNIT ( * ) SI_UNIT ( $, .STERADIAN. ) SOLID_ANGLE_UNIT ( ) );
#1819 = VERTEX_POINT ( 'NONE', #5706 ) ;
#1820 = VERTEX_POINT ( 'NONE', #5675 ) ;
#1821 = CARTESIAN_POINT ( 'NONE',  ( 0.02379804373199050083, -0.02341801040300478878, 0.001000000000000000021 ) ) ;
#1822 = UNCERTAINTY_MEASURE_WITH_UNIT (LENGTH_MEASURE( 1.000000000000000082E-05 ), #3502, 'distance_accuracy_value', 'NONE');
#1823 = EDGE_CURVE ( 'NONE', #291, #2977, #3386, .T. ) ;
#1824 = STYLED_ITEM ( 'NONE', ( #2760 ), #4875 ) ;
#1825 = LINE ( 'NONE', #4207, #4033 ) ;
#1826 = CARTESIAN_POINT ( 'NONE',  ( 0.03205386336589377549, 0.02052884819092543403, 0.001000000000000000021 ) ) ;
#1827 = EDGE_LOOP ( 'NONE', ( #2847, #4928, #371, #1799 ) ) ;
#1828 =( NAMED_UNIT ( * ) PLANE_ANGLE_UNIT ( ) SI_UNIT ( $, .RADIAN. ) );
#1829 = CARTESIAN_POINT ( 'NONE',  ( 0.03092235831192036849, 0.02601232737377671619, 0.000000000000000000 ) ) ;
#1830 = SURFACE_SIDE_STYLE ('',( #4713 ) ) ;
#1831 = CARTESIAN_POINT ( 'NONE',  ( 0.04085311497039819523, -0.01841693280378158340, 0.001000000000000000021 ) ) ;
#1832 = EDGE_CURVE ( 'NONE', #5135, #3544, #2895, .T. ) ;
#1833 = PRESENTATION_LAYER_ASSIGNMENT (  '', '', ( #559 ) ) ;
#1834 = B_SPLINE_CURVE_WITH_KNOTS ( 'NONE', 3,
 ( #1028, #4669, #2856, #4729, #3347, #2321, #4195 ),
 .UNSPECIFIED., .F., .F.,
 ( 4, 1, 1, 1, 4 ),
 ( 0.000000000000000000, 0.3005411131585078444, 0.5677471464835985859, 0.8000336137369795653, 1.000000000000000000 ),
 .UNSPECIFIED. ) ;
#1835 = ORIENTED_EDGE ( 'NONE', *, *, #3353, .T. ) ;
#1836 =( GEOMETRIC_REPRESENTATION_CONTEXT ( 3 ) GLOBAL_UNCERTAINTY_ASSIGNED_CONTEXT ( ( #3940 ) ) GLOBAL_UNIT_ASSIGNED_CONTEXT ( ( #607, #2442, #961 ) ) REPRESENTATION_CONTEXT ( 'NONE', 'WORKASPACE' ) );
#1837 = CARTESIAN_POINT ( 'NONE',  ( -0.05829445390945429267, 0.007328860733868102113, 0.001000000000000000021 ) ) ;
#1838 = CARTESIAN_POINT ( 'NONE',  ( -0.2000000000000000389, -0.1500000000000000500, 0.2799999999999998601 ) ) ;
#1839 = DIRECTION ( 'NONE',  ( 0.3363908276654490881, -0.9417224702971432881, 0.000000000000000000 ) ) ;
#1840 = CARTESIAN_POINT ( 'NONE',  ( -0.09124017615213118881, 0.01828867053690088132, 0.001000000000000000021 ) ) ;
#1841 =( NAMED_UNIT ( * ) SI_UNIT ( $, .STERADIAN. ) SOLID_ANGLE_UNIT ( ) );
#1842 = PLANE ( 'NONE',  #3987 ) ;
#1843 = EDGE_LOOP ( 'NONE', ( #5586, #1378, #5941, #481 ) ) ;
#1844 = SURFACE_STYLE_USAGE ( .BOTH. , #4668 ) ;
#1845 = DIRECTION ( 'NONE',  ( 1.112802568240965428E-32, 1.149544714130836139E-16, -1.000000000000000000 ) ) ;
#1846 = DIRECTION ( 'NONE',  ( -0.000000000000000000, 0.000000000000000000, -1.000000000000000000 ) ) ;
#1847 = PLANE ( 'NONE',  #3689 ) ;
#1848 = DIRECTION ( 'NONE',  ( -1.000000000000000000, 0.000000000000000000, 0.000000000000000000 ) ) ;
#1849 = CARTESIAN_POINT ( 'NONE',  ( 0.03310193662795513081, -0.01969915019091100089, 0.001000000000000000021 ) ) ;
#1850 = FACE_OUTER_BOUND ( 'NONE', #209, .T. ) ;
#1851 = ORIENTED_EDGE ( 'NONE', *, *, #4386, .T. ) ;
#1852 =( GEOMETRIC_REPRESENTATION_CONTEXT ( 3 ) GLOBAL_UNCERTAINTY_ASSIGNED_CONTEXT ( ( #5023 ) ) GLOBAL_UNIT_ASSIGNED_CONTEXT ( ( #2183, #4025, #3147 ) ) REPRESENTATION_CONTEXT ( 'NONE', 'WORKASPACE' ) );
#1853 = CARTESIAN_POINT ( 'NONE',  ( -0.09157058807546437917, 0.01931731302562042160, 0.000000000000000000 ) ) ;
#1854 = FILL_AREA_STYLE_COLOUR ( '', #422 ) ;
#1855 = CARTESIAN_POINT ( 'NONE',  ( 0.02707182100210450346, -0.02441597831158792697, 0.001000000000000000021 ) ) ;
#1856 = AXIS2_PLACEMENT_3D ( 'NONE', #3795, #2383, #585 ) ;
#1857 = EDGE_CURVE ( 'NONE', #4237, #515, #1887, .T. ) ;
#1858 = CARTESIAN_POINT ( 'NONE',  ( 0.02945987309811515589, 0.02035102033879177680, 0.000000000000000000 ) ) ;
#1859 = EDGE_LOOP ( 'NONE', ( #2708, #721, #5650, #5115 ) ) ;
#1860 = VECTOR ( 'NONE', #4099, 1000.000000000000000 ) ;
#1861 =( NAMED_UNIT ( * ) SI_UNIT ( $, .STERADIAN. ) SOLID_ANGLE_UNIT ( ) );
#1862 = FILL_AREA_STYLE_COLOUR ( '', #1682 ) ;
#1863 = CARTESIAN_POINT ( 'NONE',  ( 0.04865007120332199425, -0.01155045525247540457, 0.001000000000000000021 ) ) ;
#1864 = MECHANICAL_DESIGN_GEOMETRIC_PRESENTATION_REPRESENTATION (  '', ( #963 ), #3241 ) ;
#1865 = ORIENTED_EDGE ( 'NONE', *, *, #1979, .F. ) ;
#1866 =( GEOMETRIC_REPRESENTATION_CONTEXT ( 3 ) GLOBAL_UNCERTAINTY_ASSIGNED_CONTEXT ( ( #3288 ) ) GLOBAL_UNIT_ASSIGNED_CONTEXT ( ( #5295, #2957, #4365 ) ) REPRESENTATION_CONTEXT ( 'NONE', 'WORKASPACE' ) );
#1867 = CARTESIAN_POINT ( 'NONE',  ( -0.05366505450872676580, 0.01517885595129658295, 0.000000000000000000 ) ) ;
#1868 = CARTESIAN_POINT ( 'NONE',  ( 0.2899999999999999800, -0.1400000000000000133, -3.388131789017201356E-17 ) ) ;
#1869 = LINE ( 'NONE', #2901, #2983 ) ;
#1870 =( NAMED_UNIT ( * ) SI_UNIT ( $, .STERADIAN. ) SOLID_ANGLE_UNIT ( ) );
#1871 = CARTESIAN_POINT ( 'NONE',  ( 0.000000000000000000, 0.000000000000000000, 0.000000000000000000 ) ) ;
#1872 = CARTESIAN_POINT ( 'NONE',  ( -0.1600000000000000311, 0.1400000000000000411, 1.694065894508600678E-18 ) ) ;
#1873 = MECHANICAL_DESIGN_GEOMETRIC_PRESENTATION_REPRESENTATION (  '', ( #502 ), #2459 ) ;
#1874 = PRESENTATION_STYLE_ASSIGNMENT (( #962 ) ) ;
#1875 = ORIENTED_EDGE ( 'NONE', *, *, #2115, .T. ) ;
#1876 = AXIS2_PLACEMENT_3D ( 'NONE', #4117, #1005, #4265 ) ;
#1877 = CARTESIAN_POINT ( 'NONE',  ( -0.09986898746570829766, -0.005072930876818605370, 0.001000000000000000021 ) ) ;
#1878 = SURFACE_STYLE_USAGE ( .BOTH. , #5138 ) ;
#1879 = UNCERTAINTY_MEASURE_WITH_UNIT (LENGTH_MEASURE( 1.000000000000000082E-05 ), #1010, 'distance_accuracy_value', 'NONE');
#1880 = EDGE_CURVE ( 'NONE', #78, #1648, #3927, .T. ) ;
#1881 = DIRECTION ( 'NONE',  ( 1.000000000000000000, 0.000000000000000000, -0.000000000000000000 ) ) ;
#1882 = CARTESIAN_POINT ( 'NONE',  ( 0.03191145770325050368, -0.01968352016134909330, 0.001000000000000000021 ) ) ;
#1883 = ORIENTED_EDGE ( 'NONE', *, *, #730, .F. ) ;
#1884 = ORIENTED_EDGE ( 'NONE', *, *, #5953, .F. ) ;
#1885 = SURFACE_STYLE_FILL_AREA ( #5112 ) ;
#1886 = LINE ( 'NONE', #1473, #1775 ) ;
#1887 = B_SPLINE_CURVE_WITH_KNOTS ( 'NONE', 3,
 ( #5263, #4307, #2057, #3879, #5735, #1537, #1446, #4825, #3908, #5761, #5292, #2986, #4853, #2525, #4394, #216, #714, #3989, #3013 ),
 .UNSPECIFIED., .F., .F.,
 ( 4, 1, 1, 1, 1, 1, 1, 1, 1, 1, 1, 1, 1, 1, 1, 1, 4 ),
 ( 0.000000000000000000, 0.06863117867660099847, 0.1345664660386766964, 0.1983281540108808028, 0.2607897666408446891, 0.3219991514841584190, 0.3827217465030193222, 0.4435374740357288514, 0.5051334294849249007, 0.5662138747646714432, 0.6261058646175455822, 0.6853493221605165830, 0.7449958703477972399, 0.8054158418145627163, 0.8676362663459531444, 0.9323077823023292465, 1.000000000000000000 ),
 .UNSPECIFIED. ) ;
#1888 = ORIENTED_EDGE ( 'NONE', *, *, #4321, .F. ) ;
#1889 = VECTOR ( 'NONE', #1943, 1000.000000000000000 ) ;
#1890 = EDGE_CURVE ( 'NONE', #2105, #3904, #5847, .T. ) ;
#1891 = FILL_AREA_STYLE ('',( #1862 ) ) ;
#1892 = AXIS2_PLACEMENT_3D ( 'NONE', #982, #2400, #514 ) ;
#1893 = CARTESIAN_POINT ( 'NONE',  ( -0.06937165514863510851, -0.02458512599876982660, 0.000000000000000000 ) ) ;
#1894 = ADVANCED_FACE ( 'NONE', ( #5451 ), #342, .F. ) ;
#1895 = COLOUR_RGB ( '',0.6666666666666666297, 0.6980392156862744724, 0.7686274509803920907 ) ;
#1896 = ORIENTED_EDGE ( 'NONE', *, *, #2677, .F. ) ;
#1897 = ORIENTED_EDGE ( 'NONE', *, *, #4641, .F. ) ;
#1898 = CARTESIAN_POINT ( 'NONE',  ( -0.04026273481261563592, 0.01991241941472667726, 0.001000000000000000021 ) ) ;
#1899 = SURFACE_STYLE_USAGE ( .BOTH. , #5589 ) ;
#1900 = DIRECTION ( 'NONE',  ( -0.000000000000000000, -0.000000000000000000, -1.000000000000000000 ) ) ;
#1901 = UNCERTAINTY_MEASURE_WITH_UNIT (LENGTH_MEASURE( 1.000000000000000082E-05 ), #3412, 'distance_accuracy_value', 'NONE');
#1902 = CARTESIAN_POINT ( 'NONE',  ( 0.1500000000000000500, 0.1400000000000000411, -0.009999999999999998473 ) ) ;
#1903 = PRESENTATION_STYLE_ASSIGNMENT (( #868 ) ) ;
#1904 = PRESENTATION_STYLE_ASSIGNMENT (( #2413 ) ) ;
#1905 = PRESENTATION_STYLE_ASSIGNMENT (( #23 ) ) ;
#1906 = VERTEX_POINT ( 'NONE', #3542 ) ;
#1907 = DIRECTION ( 'NONE',  ( -0.000000000000000000, -0.000000000000000000, -1.000000000000000000 ) ) ;
#1908 = FILL_AREA_STYLE ('',( #3765 ) ) ;
#1909 = PRESENTATION_LAYER_ASSIGNMENT (  '', '', ( #1192 ) ) ;
#1910 = EDGE_CURVE ( 'NONE', #5039, #2382, #311, .T. ) ;
#1911 = CARTESIAN_POINT ( 'NONE',  ( -0.2000000000000000389, 0.1400000000000000411, 0.2800000000000000266 ) ) ;
#1912 = DIRECTION ( 'NONE',  ( -0.000000000000000000, -1.000000000000000000, -1.210047067506143201E-16 ) ) ;
#1913 = ORIENTED_EDGE ( 'NONE', *, *, #1355, .T. ) ;
#1914 = EDGE_LOOP ( 'NONE', ( #1851, #2486, #1737, #2058, #1564, #2365, #1251, #895, #2631, #2861, #1948, #985 ) ) ;
#1915 = ORIENTED_EDGE ( 'NONE', *, *, #443, .T. ) ;
#1916 = SURFACE_SIDE_STYLE ('',( #475 ) ) ;
#1917 = PRESENTATION_STYLE_ASSIGNMENT (( #43 ) ) ;
#1918 = SURFACE_SIDE_STYLE ('',( #4627 ) ) ;
#1919 = VERTEX_POINT ( 'NONE', #4940 ) ;
#1920 =( GEOMETRIC_REPRESENTATION_CONTEXT ( 3 ) GLOBAL_UNCERTAINTY_ASSIGNED_CONTEXT ( ( #565 ) ) GLOBAL_UNIT_ASSIGNED_CONTEXT ( ( #5165, #1377, #2915 ) ) REPRESENTATION_CONTEXT ( 'NONE', 'WORKASPACE' ) );
#1921 = VERTEX_POINT ( 'NONE', #5322 ) ;
#1922 = CARTESIAN_POINT ( 'NONE',  ( 0.03205729145432018729, 0.02602046287701072907, 0.001000000000000000021 ) ) ;
#1923 = CARTESIAN_POINT ( 'NONE',  ( 0.05136005216843807231, -0.0001186625841356777722, 0.001000000000000000021 ) ) ;
#1924 = CARTESIAN_POINT ( 'NONE',  ( 0.05136005216843807231, -0.0001186625841356777722, 0.001000000000000000021 ) ) ;
#1925 = STYLED_ITEM ( 'NONE', ( #3855 ), #3350 ) ;
#1926 = CARTESIAN_POINT ( 'NONE',  ( 0.05805174181701861641, -0.001434415747027232690, -0.000000000000000000 ) ) ;
#1927 = PRESENTATION_STYLE_ASSIGNMENT (( #4806 ) ) ;
#1928 = SURFACE_STYLE_FILL_AREA ( #54 ) ;
#1929 = AXIS2_PLACEMENT_3D ( 'NONE', #9, #3244, #4684 ) ;
#1930 = DIRECTION ( 'NONE',  ( 0.000000000000000000, 0.000000000000000000, -1.000000000000000000 ) ) ;
#1931 =( GEOMETRIC_REPRESENTATION_CONTEXT ( 3 ) GLOBAL_UNCERTAINTY_ASSIGNED_CONTEXT ( ( #5200 ) ) GLOBAL_UNIT_ASSIGNED_CONTEXT ( ( #1364, #5099, #992 ) ) REPRESENTATION_CONTEXT ( 'NONE', 'WORKASPACE' ) );
#1932 = VERTEX_POINT ( 'NONE', #1714 ) ;
#1933 = FILL_AREA_STYLE_COLOUR ( '', #4701 ) ;
#1934 = DIRECTION ( 'NONE',  ( -1.000000000000000000, 0.000000000000000000, 0.000000000000000000 ) ) ;
#1935 = CARTESIAN_POINT ( 'NONE',  ( 0.03462986924160880303, -0.02519488209633080275, 0.001000000000000000021 ) ) ;
#1936 = FILL_AREA_STYLE ('',( #92 ) ) ;
#1937 = CARTESIAN_POINT ( 'NONE',  ( 0.2899999999999999800, 0.1499999999999999389, 0.2799999999999999156 ) ) ;
#1938 = STYLED_ITEM ( 'NONE', ( #2573 ), #5945 ) ;
#1939 = ORIENTED_EDGE ( 'NONE', *, *, #5376, .F. ) ;
#1940 = LINE ( 'NONE', #3173, #3827 ) ;
#1941 = VECTOR ( 'NONE', #1985, 1000.000000000000000 ) ;
#1942 = ORIENTED_EDGE ( 'NONE', *, *, #874, .T. ) ;
#1943 = DIRECTION ( 'NONE',  ( -0.000000000000000000, -0.000000000000000000, -1.000000000000000000 ) ) ;
#1944 =( NAMED_UNIT ( * ) PLANE_ANGLE_UNIT ( ) SI_UNIT ( $, .RADIAN. ) );
#1945 = SURFACE_STYLE_USAGE ( .BOTH. , #3727 ) ;
#1946 = FILL_AREA_STYLE_COLOUR ( '', #4659 ) ;
#1947 = MECHANICAL_DESIGN_GEOMETRIC_PRESENTATION_REPRESENTATION (  '', ( #2928 ), #1347 ) ;
#1948 = ORIENTED_EDGE ( 'NONE', *, *, #1070, .T. ) ;
#1949 = CARTESIAN_POINT ( 'NONE',  ( 0.06233566192453564303, -0.02458512599876982660, 0.001000000000000000021 ) ) ;
#1950 = DIRECTION ( 'NONE',  ( 0.000000000000000000, 1.149544714130836139E-16, -1.000000000000000000 ) ) ;
#1951 = CARTESIAN_POINT ( 'NONE',  ( -0.05503170552086972256, -0.01247414486020642643, 0.001000000000000000021 ) ) ;
#1952 = DIRECTION ( 'NONE',  ( -1.000000000000000000, 0.000000000000000000, 0.000000000000000000 ) ) ;
#1953 = PRESENTATION_LAYER_ASSIGNMENT (  '', '', ( #862 ) ) ;
#1954 = CARTESIAN_POINT ( 'NONE',  ( 0.05766421916956485788, 0.005132098590591411581, 0.001000000000000000021 ) ) ;
#1955 = DIRECTION ( 'NONE',  ( -0.000000000000000000, -0.000000000000000000, -1.000000000000000000 ) ) ;
#1956 = LINE ( 'NONE', #2045, #5332 ) ;
#1957 = SURFACE_STYLE_FILL_AREA ( #1936 ) ;
#1958 = EDGE_CURVE ( 'NONE', #2977, #795, #2610, .T. ) ;
#1959 = LINE ( 'NONE', #3836, #5319 ) ;
#1960 = DIRECTION ( 'NONE',  ( -9.680376540049147084E-17, 1.000000000000000000, 0.000000000000000000 ) ) ;
#1961 = EDGE_LOOP ( 'NONE', ( #3099, #5902, #2709, #3381 ) ) ;
#1962 = COLOUR_RGB ( '',0.1019607843137254888, 0.1019607843137254888, 0.1019607843137254888 ) ;
#1963 = VERTEX_POINT ( 'NONE', #5911 ) ;
#1964 = UNCERTAINTY_MEASURE_WITH_UNIT (LENGTH_MEASURE( 1.000000000000000082E-05 ), #1736, 'distance_accuracy_value', 'NONE');
#1965 = SURFACE_SIDE_STYLE ('',( #3211 ) ) ;
#1966 = MECHANICAL_DESIGN_GEOMETRIC_PRESENTATION_REPRESENTATION (  '', ( #295 ), #4994 ) ;
#1967 = VECTOR ( 'NONE', #680, 1000.000000000000000 ) ;
#1968 = ORIENTED_EDGE ( 'NONE', *, *, #1810, .F. ) ;
#1969 = FACE_OUTER_BOUND ( 'NONE', #102, .T. ) ;
#1970 = SURFACE_SIDE_STYLE ('',( #2277 ) ) ;
#1971 = CARTESIAN_POINT ( 'NONE',  ( -0.05208028505002085945, -0.02189280744651419738, 0.000000000000000000 ) ) ;
#1972 = DIRECTION ( 'NONE',  ( -9.680376540049147084E-17, 1.000000000000000000, 0.000000000000000000 ) ) ;
#1973 = EDGE_CURVE ( 'NONE', #4544, #3010, #5963, .T. ) ;
#1974 = UNCERTAINTY_MEASURE_WITH_UNIT (LENGTH_MEASURE( 1.000000000000000082E-05 ), #3592, 'distance_accuracy_value', 'NONE');
#1975 = EDGE_LOOP ( 'NONE', ( #694, #4687, #4292, #4382 ) ) ;
#1976 = EDGE_CURVE ( 'NONE', #2645, #3361, #3587, .T. ) ;
#1977 = COLOUR_RGB ( '',0.6666666666666666297, 0.6980392156862744724, 0.7686274509803920907 ) ;
#1978 = CARTESIAN_POINT ( 'NONE',  ( 0.04865007120332199425, -0.01155045525247540457, 0.000000000000000000 ) ) ;
#1979 = EDGE_CURVE ( 'NONE', #5645, #729, #4926, .T. ) ;
#1980 = CARTESIAN_POINT ( 'NONE',  ( 0.3000000000000000444, 0.1399999999999999301, -2.434255618027112814E-34 ) ) ;
#1981 = AXIS2_PLACEMENT_3D ( 'NONE', #2864, #5145, #2390 ) ;
#1982 = SURFACE_STYLE_USAGE ( .BOTH. , #5742 ) ;
#1983 = CARTESIAN_POINT ( 'NONE',  ( 0.03458759998209943315, 0.02049368975015014929, 0.001000000000000000021 ) ) ;
#1984 = CARTESIAN_POINT ( 'NONE',  ( 0.04907027026142734422, 0.02046102398664923980, 0.001000000000000000021 ) ) ;
#1985 = DIRECTION ( 'NONE',  ( 9.680376540049145852E-17, -1.000000000000000000, -1.149544714130836139E-16 ) ) ;
#1986 = VERTEX_POINT ( 'NONE', #2627 ) ;
#1987 = UNCERTAINTY_MEASURE_WITH_UNIT (LENGTH_MEASURE( 1.000000000000000082E-05 ), #5669, 'distance_accuracy_value', 'NONE');
#1988 = DIRECTION ( 'NONE',  ( 9.680376540049145852E-17, 1.000000000000000000, 1.210047067506143201E-16 ) ) ;
#1989 = DIRECTION ( 'NONE',  ( 0.000000000000000000, -1.000000000000000000, 0.000000000000000000 ) ) ;
#1990 = SURFACE_STYLE_FILL_AREA ( #5311 ) ;
#1991 = UNCERTAINTY_MEASURE_WITH_UNIT (LENGTH_MEASURE( 1.000000000000000082E-05 ), #1164, 'distance_accuracy_value', 'NONE');
#1992 = EDGE_CURVE ( 'NONE', #2977, #711, #4442, .T. ) ;
#1993 = ORIENTED_EDGE ( 'NONE', *, *, #2579, .F. ) ;
#1994 = ORIENTED_EDGE ( 'NONE', *, *, #4709, .F. ) ;
#1995 = DIRECTION ( 'NONE',  ( -0.000000000000000000, 0.000000000000000000, -1.000000000000000000 ) ) ;
#1996 = MECHANICAL_DESIGN_GEOMETRIC_PRESENTATION_REPRESENTATION (  '', ( #4154 ), #2791 ) ;
#1997 = PRESENTATION_STYLE_ASSIGNMENT (( #4354 ) ) ;
#1998 = UNCERTAINTY_MEASURE_WITH_UNIT (LENGTH_MEASURE( 1.000000000000000082E-05 ), #903, 'distance_accuracy_value', 'NONE');
#1999 = EDGE_LOOP ( 'NONE', ( #4082, #4929, #4835, #2581 ) ) ;
#2000 = EDGE_CURVE ( 'NONE', #300, #3298, #4474, .T. ) ;
#2001 = DIRECTION ( 'NONE',  ( 0.000000000000000000, -1.000000000000000000, 0.000000000000000000 ) ) ;
#2002 = DIRECTION ( 'NONE',  ( 1.000000000000000000, 0.000000000000000000, -0.000000000000000000 ) ) ;
#2003 = COLOUR_RGB ( '',0.6666666666666666297, 0.6980392156862744724, 0.7686274509803920907 ) ;
#2004 = ADVANCED_FACE ( 'NONE', ( #270 ), #5470, .T. ) ;
#2005 = CARTESIAN_POINT ( 'NONE',  ( 0.02087224729038928209, 0.02404292278171798330, 0.000000000000000000 ) ) ;
#2006 = CARTESIAN_POINT ( 'NONE',  ( -0.01449360636814730173, 0.02541487400123018311, 0.001000000000000000021 ) ) ;
#2007 = CARTESIAN_POINT ( 'NONE',  ( 0.04865007120332199425, -0.01155045525247540457, 0.001000000000000000021 ) ) ;
#2008 = LINE ( 'NONE', #3937, #4565 ) ;
#2009 = PRESENTATION_LAYER_ASSIGNMENT (  '', '', ( #1124 ) ) ;
#2010 = CARTESIAN_POINT ( 'NONE',  ( 0.05130901690442551955, 0.002157578739914025722, 0.001000000000000000021 ) ) ;
#2011 = DIRECTION ( 'NONE',  ( 0.000000000000000000, -0.000000000000000000, -1.000000000000000000 ) ) ;
#2012 = LINE ( 'NONE', #2536, #1941 ) ;
#2013 = VERTEX_POINT ( 'NONE', #4036 ) ;
#2014 = AXIS2_PLACEMENT_3D ( 'NONE', #5721, #701, #2048 ) ;
#2015 = CARTESIAN_POINT ( 'NONE',  ( 0.03652867386767453400, 0.02021319826587794286, 0.000000000000000000 ) ) ;
#2016 = PRESENTATION_STYLE_ASSIGNMENT (( #4320 ) ) ;
#2017 = SURFACE_SIDE_STYLE ('',( #1120 ) ) ;
#2018 = DIRECTION ( 'NONE',  ( 0.000000000000000000, 0.000000000000000000, 1.000000000000000000 ) ) ;
#2019 = AXIS2_PLACEMENT_3D ( 'NONE', #1685, #319, #3112 ) ;
#2020 = DIRECTION ( 'NONE',  ( -0.000000000000000000, 1.000000000000000000, -0.000000000000000000 ) ) ;
#2021 = CARTESIAN_POINT ( 'NONE',  ( 0.05800297495385601382, 0.002348250671734772917, 0.000000000000000000 ) ) ;
#2022 = PRESENTATION_LAYER_ASSIGNMENT (  '', '', ( #1135 ) ) ;
#2023 = EDGE_CURVE ( 'NONE', #595, #285, #2770, .T. ) ;
#2024 =( LENGTH_UNIT ( ) NAMED_UNIT ( * ) SI_UNIT ( .MILLI., .METRE. ) );
#2025 = ORIENTED_EDGE ( 'NONE', *, *, #2535, .T. ) ;
#2026 = PRESENTATION_STYLE_ASSIGNMENT (( #2397 ) ) ;
#2027 = CARTESIAN_POINT ( 'NONE',  ( -0.06003434578385283271, -0.01580139447957704113, 0.000000000000000000 ) ) ;
#2028 =( LENGTH_UNIT ( ) NAMED_UNIT ( * ) SI_UNIT ( .MILLI., .METRE. ) );
#2029 = ADVANCED_FACE ( 'NONE', ( #361 ), #4097, .T. ) ;
#2030 = ORIENTED_EDGE ( 'NONE', *, *, #1740, .F. ) ;
#2031 = VECTOR ( 'NONE', #3235, 1000.000000000000000 ) ;
#2032 = DIRECTION ( 'NONE',  ( -0.000000000000000000, -0.000000000000000000, -1.000000000000000000 ) ) ;
#2033 = CARTESIAN_POINT ( 'NONE',  ( 0.05136005216843807231, -0.0001186625841356777722, 0.001000000000000000021 ) ) ;
#2034 = PLANE ( 'NONE',  #3082 ) ;
#2035 = DIRECTION ( 'NONE',  ( -1.874193799142677938E-32, 1.936075308009829417E-16, -1.000000000000000000 ) ) ;
#2036 = MECHANICAL_DESIGN_GEOMETRIC_PRESENTATION_REPRESENTATION (  '', ( #1247 ), #5454 ) ;
#2037 = CARTESIAN_POINT ( 'NONE',  ( 0.03652867386767453400, 0.02021319826587794286, 0.001000000000000000021 ) ) ;
#2038 = SURFACE_STYLE_USAGE ( .BOTH. , #1051 ) ;
#2039 = CARTESIAN_POINT ( 'NONE',  ( -0.04986535551506855041, 0.02379819827895601758, 0.001000000000000000021 ) ) ;
#2040 = STYLED_ITEM ( 'NONE', ( #3346 ), #1194 ) ;
#2041 = CARTESIAN_POINT ( 'NONE',  ( 0.3000000000000000444, -0.1400000000000000411, 0.2799999999999998601 ) ) ;
#2042 = CARTESIAN_POINT ( 'NONE',  ( -0.1500000000000000500, 0.1400000000000000411, 1.694065894508600678E-18 ) ) ;
#2043 = COLOUR_RGB ( '',0.1019607843137254888, 0.1019607843137254888, 0.1019607843137254888 ) ;
#2044 = CARTESIAN_POINT ( 'NONE',  ( 0.06233566192453564303, -0.02458512599876982660, 0.001000000000000000021 ) ) ;
#2045 = CARTESIAN_POINT ( 'NONE',  ( -0.03217653319741560491, 0.01992706912318139775, 0.000000000000000000 ) ) ;
#2046 = CARTESIAN_POINT ( 'NONE',  ( 0.2999999999999999889, 0.1499999999999999389, 0.2799999999999999156 ) ) ;
#2047 = VECTOR ( 'NONE', #5962, 1000.000000000000000 ) ;
#2048 = DIRECTION ( 'NONE',  ( -0.3222024856061125875, 0.9466707760722535836, 0.000000000000000000 ) ) ;
#2049 = CARTESIAN_POINT ( 'NONE',  ( -0.03955077100229364984, 0.01992706912318139775, 0.000000000000000000 ) ) ;
#2050 = CARTESIAN_POINT ( 'NONE',  ( -0.03957935331936682927, 0.02541487400123018311, 0.001000000000000000021 ) ) ;
#2051 = ORIENTED_EDGE ( 'NONE', *, *, #3443, .F. ) ;
#2052 = ORIENTED_EDGE ( 'NONE', *, *, #155, .T. ) ;
#2053 = SURFACE_STYLE_USAGE ( .BOTH. , #5346 ) ;
#2054 = ORIENTED_EDGE ( 'NONE', *, *, #3245, .T. ) ;
#2055 = CARTESIAN_POINT ( 'NONE',  ( -0.02546921612424486725, 0.02541487400123018311, 0.001000000000000000021 ) ) ;
#2056 = VECTOR ( 'NONE', #1460, 1000.000000000000000 ) ;
#2057 = CARTESIAN_POINT ( 'NONE',  ( -0.04229904980374632473, 0.02535425446802452507, 0.000000000000000000 ) ) ;
#2058 = ORIENTED_EDGE ( 'NONE', *, *, #5702, .T. ) ;
#2059 = EDGE_CURVE ( 'NONE', #5640, #1748, #3343, .T. ) ;
#2060 = ADVANCED_FACE ( 'NONE', ( #2933 ), #2110, .T. ) ;
#2061 = SURFACE_STYLE_FILL_AREA ( #628 ) ;
#2062 = CARTESIAN_POINT ( 'NONE',  ( 0.05070839085194170370, -0.006331686346985768675, 0.000000000000000000 ) ) ;
#2063 = SURFACE_SIDE_STYLE ('',( #5712 ) ) ;
#2064 = CARTESIAN_POINT ( 'NONE',  ( -0.04494025701305292414, 0.02504930670587728406, 0.000000000000000000 ) ) ;
#2065 = CARTESIAN_POINT ( 'NONE',  ( -0.03957935331936682927, 0.02541487400123018311, 0.001000000000000000021 ) ) ;
#2066 = CARTESIAN_POINT ( 'NONE',  ( 0.05406856178083804115, 0.01481519187120709444, 0.001000000000000000021 ) ) ;
#2067 = CARTESIAN_POINT ( 'NONE',  ( -0.05431926160774282197, 0.02172061246543587759, 0.001000000000000000021 ) ) ;
#2068 = CARTESIAN_POINT ( 'NONE',  ( 0.03263863448551124202, 0.02602463009879115233, 0.000000000000000000 ) ) ;
#2069 = STYLED_ITEM ( 'NONE', ( #4526 ), #1365 ) ;
#2070 = CARTESIAN_POINT ( 'NONE',  ( 0.08123810094892587597, 0.02541487400123018311, 0.000000000000000000 ) ) ;
#2071 = CARTESIAN_POINT ( 'NONE',  ( -0.05602239528275015229, 0.01248714149315011644, 0.001000000000000000021 ) ) ;
#2072 = VECTOR ( 'NONE', #1082, 1000.000000000000000 ) ;
#2073 = CARTESIAN_POINT ( 'NONE',  ( 0.004408832656242948553, -0.002024150389013728082, 0.001000000000000000021 ) ) ;
#2074 = CARTESIAN_POINT ( 'NONE',  ( 0.05452116671465233322, -0.01479016889113524656, 0.001000000000000000021 ) ) ;
#2075 = CARTESIAN_POINT ( 'NONE',  ( 0.02538849037813640727, -0.02397323583351941567, 0.000000000000000000 ) ) ;
#2076 = VECTOR ( 'NONE', #1252, 1000.000000000000000 ) ;
#2077 = CARTESIAN_POINT ( 'NONE',  ( 0.05259884672208972600, 0.01686725736057132288, 0.000000000000000000 ) ) ;
#2078 = VERTEX_POINT ( 'NONE', #4936 ) ;
#2079 = EDGE_CURVE ( 'NONE', #78, #39, #2552, .T. ) ;
#2080 =( LENGTH_UNIT ( ) NAMED_UNIT ( * ) SI_UNIT ( .MILLI., .METRE. ) );
#2081 = CARTESIAN_POINT ( 'NONE',  ( 0.1600000000000000311, 0.1300000000000000322, 4.840188270024619726E-19 ) ) ;
#2082 = ORIENTED_EDGE ( 'NONE', *, *, #2328, .F. ) ;
#2083 =( LENGTH_UNIT ( ) NAMED_UNIT ( * ) SI_UNIT ( .MILLI., .METRE. ) );
#2084 = SPHERICAL_SURFACE ( 'NONE', #4344, 0.01000000000000000021 ) ;
#2085 = VECTOR ( 'NONE', #2199, 1000.000000000000000 ) ;
#2086 = FILL_AREA_STYLE_COLOUR ( '', #2560 ) ;
#2087 = ORIENTED_EDGE ( 'NONE', *, *, #4848, .T. ) ;
#2088 = VECTOR ( 'NONE', #5119, 1000.000000000000000 ) ;
#2089 = FACE_OUTER_BOUND ( 'NONE', #4493, .T. ) ;
#2090 = SURFACE_STYLE_USAGE ( .BOTH. , #219 ) ;
#2091 = CARTESIAN_POINT ( 'NONE',  ( 0.04387771001108497354, -0.01675852141817260263, 0.000000000000000000 ) ) ;
#2092 = CARTESIAN_POINT ( 'NONE',  ( 0.02615796964005627154, 0.02554129088778282416, 0.000000000000000000 ) ) ;
#2093 = EDGE_CURVE ( 'NONE', #1101, #1280, #3995, .T. ) ;
#2094 = UNCERTAINTY_MEASURE_WITH_UNIT (LENGTH_MEASURE( 1.000000000000000082E-05 ), #1608, 'distance_accuracy_value', 'NONE');
#2095 = CARTESIAN_POINT ( 'NONE',  ( 0.04615775469380303808, 0.01496812907602180533, 0.001000000000000000021 ) ) ;
#2096 =( NAMED_UNIT ( * ) PLANE_ANGLE_UNIT ( ) SI_UNIT ( $, .RADIAN. ) );
#2097 = CARTESIAN_POINT ( 'NONE',  ( -0.1600000000000000033, -0.1299999999999999767, -3.097720492815727042E-17 ) ) ;
#2098 = CARTESIAN_POINT ( 'NONE',  ( 0.004408832656242948553, -0.002024150389013728082, 0.001000000000000000021 ) ) ;
#2099 = CARTESIAN_POINT ( 'NONE',  ( 0.04480753086882317132, 0.01627768093872708488, 0.001000000000000000021 ) ) ;
#2100 = MECHANICAL_DESIGN_GEOMETRIC_PRESENTATION_REPRESENTATION (  '', ( #1124 ), #4562 ) ;
#2101 = CARTESIAN_POINT ( 'NONE',  ( -0.09084724471228387832, 0.01653173110287119857, 0.000000000000000000 ) ) ;
#2102 = CARTESIAN_POINT ( 'NONE',  ( -0.2899999999999999800, 0.1499999999999999389, 0.2799999999999999156 ) ) ;
#2103 = CARTESIAN_POINT ( 'NONE',  ( 0.04273960160224671290, 0.02424944539201552562, 0.000000000000000000 ) ) ;
#2104 = AXIS2_PLACEMENT_3D ( 'NONE', #3065, #5374, #4899 ) ;
#2105 = VERTEX_POINT ( 'NONE', #3038 ) ;
#2106 = EDGE_LOOP ( 'NONE', ( #3183, #4525, #4813, #3986 ) ) ;
#2107 = DIRECTION ( 'NONE',  ( 0.000000000000000000, 0.000000000000000000, 1.000000000000000000 ) ) ;
#2108 =( NAMED_UNIT ( * ) PLANE_ANGLE_UNIT ( ) SI_UNIT ( $, .RADIAN. ) );
#2109 = B_SPLINE_CURVE_WITH_KNOTS ( 'NONE', 3,
 ( #3372, #3918, #4838, #3026, #118, #173, #5775, #2071, #4319, #2911, #5800, #667, #3401, #1579, #1056, #3972, #2541, #2939, #4408 ),
 .UNSPECIFIED., .F., .F.,
 ( 4, 1, 1, 1, 1, 1, 1, 1, 1, 1, 1, 1, 1, 1, 1, 1, 4 ),
 ( 0.000000000000000000, 0.07430379644281594198, 0.1443936103644179736, 0.2104994961032796985, 0.2735426065034679555, 0.3338247445790732404, 0.3925296724085029498, 0.4500874545995855458, 0.5078206115557879485, 0.5654649127768468508, 0.6231487223336199532, 0.6812971927909358127, 0.7409134981565812517, 0.8018557521958583623, 0.8652412377209435235, 0.9309416570467442531, 1.000000000000000000 ),
 .UNSPECIFIED. ) ;
#2110 = PLANE ( 'NONE',  #282 ) ;
#2111 = MECHANICAL_DESIGN_GEOMETRIC_PRESENTATION_REPRESENTATION (  '', ( #1135 ), #1836 ) ;
#2112 = VERTEX_POINT ( 'NONE', #1646 ) ;
#2113 = SURFACE_STYLE_USAGE ( .BOTH. , #308 ) ;
#2114 = AXIS2_PLACEMENT_3D ( 'NONE', #5719, #1550, #5654 ) ;
#2115 = EDGE_CURVE ( 'NONE', #312, #4871, #3538, .T. ) ;
#2116 = ORIENTED_EDGE ( 'NONE', *, *, #5461, .F. ) ;
#2117 = CARTESIAN_POINT ( 'NONE',  ( -0.09234231063644000870, 0.01581121546464481220, 0.000000000000000000 ) ) ;
#2118 = PLANE ( 'NONE',  #3135 ) ;
#2119 = SURFACE_STYLE_USAGE ( .BOTH. , #5424 ) ;
#2120 = PRESENTATION_STYLE_ASSIGNMENT (( #5212 ) ) ;
#2121 = CARTESIAN_POINT ( 'NONE',  ( -0.05828436243386193871, 0.01882822962129672428, 0.001000000000000000021 ) ) ;
#2122 = CARTESIAN_POINT ( 'NONE',  ( 0.05136005216843807231, -0.0001186625841356777722, 0.000000000000000000 ) ) ;
#2123 = VECTOR ( 'NONE', #5954, 1000.000000000000000 ) ;
#2124 = CARTESIAN_POINT ( 'NONE',  ( -0.04464051616158271757, -0.02418495340313537786, 0.001000000000000000021 ) ) ;
#2125 = CARTESIAN_POINT ( 'NONE',  ( -0.2000000000000000111, -0.1400000000000000411, 0.2900000000000000355 ) ) ;
#2126 = CARTESIAN_POINT ( 'NONE',  ( 0.03205386336589377549, 0.02052884819092543403, -0.000000000000000000 ) ) ;
#2127 = CARTESIAN_POINT ( 'NONE',  ( -0.2000000000000000111, 0.1399999999999999301, 0.2899999999999999245 ) ) ;
#2128 = CARTESIAN_POINT ( 'NONE',  ( 0.03549782231918386516, -0.02517552424208824302, 0.001000000000000000021 ) ) ;
#2129 = B_SPLINE_CURVE_WITH_KNOTS ( 'NONE', 3,
 ( #6030, #1849, #1882, #5604, #3715, #5574, #5107, #4289, #4673, #5193, #908 ),
 .UNSPECIFIED., .F., .F.,
 ( 4, 1, 1, 1, 1, 1, 1, 1, 4 ),
 ( 0.000000000000000000, 0.1352946047634290272, 0.2667656579247485449, 0.3948160188358720846, 0.5200516544342452807, 0.6421757029708213826, 0.7626518205584228438, 0.8818340043805019679, 1.000000000000000000 ),
 .UNSPECIFIED. ) ;
#2130 =( NAMED_UNIT ( * ) PLANE_ANGLE_UNIT ( ) SI_UNIT ( $, .RADIAN. ) );
#2131 =( NAMED_UNIT ( * ) PLANE_ANGLE_UNIT ( ) SI_UNIT ( $, .RADIAN. ) );
#2132 = CARTESIAN_POINT ( 'NONE',  ( 0.02523613493054476659, -0.01848157456955751982, 0.000000000000000000 ) ) ;
#2133 = FILL_AREA_STYLE_COLOUR ( '', #1635 ) ;
#2134 = ORIENTED_EDGE ( 'NONE', *, *, #1332, .T. ) ;
#2135 = AXIS2_PLACEMENT_3D ( 'NONE', #842, #4566, #3506 ) ;
#2136 = COLOUR_RGB ( '',0.6666666666666666297, 0.6980392156862744724, 0.7686274509803920907 ) ;
#2137 = EDGE_CURVE ( 'NONE', #4685, #3818, #1184, .T. ) ;
#2138 = CYLINDRICAL_SURFACE ( 'NONE', #2146, 0.01000000000000002623 ) ;
#2139 = CARTESIAN_POINT ( 'NONE',  ( -0.05093804698767666339, -0.01616926039237564020, 0.001000000000000000021 ) ) ;
#2140 = COLOUR_RGB ( '',0.1019607843137254888, 0.1019607843137254888, 0.1019607843137254888 ) ;
#2141 = ORIENTED_EDGE ( 'NONE', *, *, #4162, .T. ) ;
#2142 = PLANE ( 'NONE',  #4235 ) ;
#2143 =( LENGTH_UNIT ( ) NAMED_UNIT ( * ) SI_UNIT ( .MILLI., .METRE. ) );
#2144 = STYLED_ITEM ( 'NONE', ( #5551 ), #5061 ) ;
#2145 = ORIENTED_EDGE ( 'NONE', *, *, #2248, .F. ) ;
#2146 = AXIS2_PLACEMENT_3D ( 'NONE', #2198, #5838, #1182 ) ;
#2147 = CARTESIAN_POINT ( 'NONE',  ( -0.09195084663666984459, 0.01725203574533821019, 0.000000000000000000 ) ) ;
#2148 = CARTESIAN_POINT ( 'NONE',  ( 0.02925739606348680411, 0.02591030741048710659, 0.001000000000000000021 ) ) ;
#2149 = SURFACE_STYLE_USAGE ( .BOTH. , #288 ) ;
#2150 = EDGE_CURVE ( 'NONE', #5039, #5817, #3009, .T. ) ;
#2151 = EDGE_CURVE ( 'NONE', #5982, #1465, #3717, .T. ) ;
#2152 = CARTESIAN_POINT ( 'NONE',  ( -0.05431926160774282197, 0.02172061246543587759, 0.001000000000000000021 ) ) ;
#2153 = SURFACE_STYLE_FILL_AREA ( #4946 ) ;
#2154 = CARTESIAN_POINT ( 'NONE',  ( -0.06571311856326926548, 0.001043684976839931011, 0.000000000000000000 ) ) ;
#2155 =( GEOMETRIC_REPRESENTATION_CONTEXT ( 3 ) GLOBAL_UNCERTAINTY_ASSIGNED_CONTEXT ( ( #2315 ) ) GLOBAL_UNIT_ASSIGNED_CONTEXT ( ( #4147, #2780, #2839 ) ) REPRESENTATION_CONTEXT ( 'NONE', 'WORKASPACE' ) );
#2156 = ORIENTED_EDGE ( 'NONE', *, *, #5025, .T. ) ;
#2157 = EDGE_CURVE ( 'NONE', #3361, #2675, #5500, .T. ) ;
#2158 = DIRECTION ( 'NONE',  ( -0.000000000000000000, 1.210047067506143201E-16, -1.000000000000000000 ) ) ;
#2159 = LINE ( 'NONE', #4031, #344 ) ;
#2160 = FILL_AREA_STYLE_COLOUR ( '', #4935 ) ;
#2161 = DIRECTION ( 'NONE',  ( 1.000000000000000000, 0.000000000000000000, 0.000000000000000000 ) ) ;
#2162 = CARTESIAN_POINT ( 'NONE',  ( -0.2000000000000000389, -0.1399999999999999856, 0.000000000000000000 ) ) ;
#2163 = CARTESIAN_POINT ( 'NONE',  ( 0.05721647688942845672, -0.008247814995778620165, 0.001000000000000000021 ) ) ;
#2164 = SURFACE_STYLE_USAGE ( .BOTH. , #1204 ) ;
#2165 = CARTESIAN_POINT ( 'NONE',  ( 0.02087224729038928209, -0.01650585770608689953, 0.000000000000000000 ) ) ;
#2166 = EDGE_LOOP ( 'NONE', ( #5809, #703, #4631, #1753 ) ) ;
#2167 = MECHANICAL_DESIGN_GEOMETRIC_PRESENTATION_REPRESENTATION (  '', ( #5197 ), #1387 ) ;
#2168 = CARTESIAN_POINT ( 'NONE',  ( -0.01449360636814730173, 0.01992706912318139775, 0.001000000000000000021 ) ) ;
#2169 = SURFACE_SIDE_STYLE ('',( #3132 ) ) ;
#2170 = CARTESIAN_POINT ( 'NONE',  ( 0.08794541802209661363, 0.02541487400123018311, 0.001000000000000000021 ) ) ;
#2171 = CARTESIAN_POINT ( 'NONE',  ( -0.05244354858359633054, -0.01509496943174732340, 0.000000000000000000 ) ) ;
#2172 = CARTESIAN_POINT ( 'NONE',  ( 0.04013428509269429539, 0.01917936544031970808, 0.000000000000000000 ) ) ;
#2173 = ADVANCED_FACE ( 'NONE', ( #1073 ), #4387, .T. ) ;
#2174 = ORIENTED_EDGE ( 'NONE', *, *, #4933, .T. ) ;
#2175 =( NAMED_UNIT ( * ) SI_UNIT ( $, .STERADIAN. ) SOLID_ANGLE_UNIT ( ) );
#2176 = CARTESIAN_POINT ( 'NONE',  ( -0.09498141124619609299, 0.02541487400123018311, 0.001000000000000000021 ) ) ;
#2177 = ORIENTED_EDGE ( 'NONE', *, *, #307, .T. ) ;
#2178 =( NAMED_UNIT ( * ) PLANE_ANGLE_UNIT ( ) SI_UNIT ( $, .RADIAN. ) );
#2179 = CARTESIAN_POINT ( 'NONE',  ( 0.03205729145432018729, 0.02602046287701072907, 0.000000000000000000 ) ) ;
#2180 = LINE ( 'NONE', #3081, #2208 ) ;
#2181 = CARTESIAN_POINT ( 'NONE',  ( -0.06390069648873029917, 0.01105506609094145803, 0.000000000000000000 ) ) ;
#2182 = CARTESIAN_POINT ( 'NONE',  ( -0.09060831673400097930, 0.01581121546464480873, 0.000000000000000000 ) ) ;
#2183 =( LENGTH_UNIT ( ) NAMED_UNIT ( * ) SI_UNIT ( .MILLI., .METRE. ) );
#2184 = ADVANCED_FACE ( 'NONE', ( #3872 ), #5359, .T. ) ;
#2185 =( NAMED_UNIT ( * ) SI_UNIT ( $, .STERADIAN. ) SOLID_ANGLE_UNIT ( ) );
#2186 = ORIENTED_EDGE ( 'NONE', *, *, #6016, .T. ) ;
#2187 = FILL_AREA_STYLE ('',( #5433 ) ) ;
#2188 = CARTESIAN_POINT ( 'NONE',  ( 0.05066153456882772216, 0.006429331644174559116, 0.000000000000000000 ) ) ;
#2189 = AXIS2_PLACEMENT_3D ( 'NONE', #6021, #4032, #355 ) ;
#2190 = CARTESIAN_POINT ( 'NONE',  ( 0.04202063898471226217, -0.02428761442602352799, 0.000000000000000000 ) ) ;
#2191 = PRESENTATION_STYLE_ASSIGNMENT (( #2164 ) ) ;
#2192 = CARTESIAN_POINT ( 'NONE',  ( -0.09195084663666984459, 0.01725203574533821019, 0.001000000000000000021 ) ) ;
#2193 = DIRECTION ( 'NONE',  ( 1.000000000000000000, 0.000000000000000000, 0.000000000000000000 ) ) ;
#2194 = ORIENTED_EDGE ( 'NONE', *, *, #4047, .T. ) ;
#2195 = FILL_AREA_STYLE_COLOUR ( '', #3124 ) ;
#2196 = SURFACE_STYLE_FILL_AREA ( #2226 ) ;
#2197 = SURFACE_STYLE_FILL_AREA ( #5937 ) ;
#2198 = CARTESIAN_POINT ( 'NONE',  ( -0.2899999999999999800, 0.1399999999999999301, 0.2799999999999999156 ) ) ;
#2199 = DIRECTION ( 'NONE',  ( -1.000000000000000000, 0.000000000000000000, 0.000000000000000000 ) ) ;
#2200 = UNCERTAINTY_MEASURE_WITH_UNIT (LENGTH_MEASURE( 1.000000000000000082E-05 ), #2318, 'distance_accuracy_value', 'NONE');
#2201 = EDGE_LOOP ( 'NONE', ( #5753, #3523, #3466, #5110 ) ) ;
#2202 = VERTEX_POINT ( 'NONE', #6008 ) ;
#2203 = SURFACE_SIDE_STYLE ('',( #2806 ) ) ;
#2204 = AXIS2_PLACEMENT_3D ( 'NONE', #2790, #5530, #5618 ) ;
#2205 = VECTOR ( 'NONE', #3495, 1000.000000000000000 ) ;
#2206 = CARTESIAN_POINT ( 'NONE',  ( 0.03370570765624295029, -0.01970707721828202086, 0.001000000000000000021 ) ) ;
#2207 = EDGE_CURVE ( 'NONE', #1819, #4736, #1825, .T. ) ;
#2208 = VECTOR ( 'NONE', #4944, 1000.000000000000000 ) ;
#2209 = STYLED_ITEM ( 'NONE', ( #2723 ), #4706 ) ;
#2210 = DIRECTION ( 'NONE',  ( 1.000000000000000000, 0.000000000000000000, 0.000000000000000000 ) ) ;
#2211 = FILL_AREA_STYLE ('',( #3079 ) ) ;
#2212 = CARTESIAN_POINT ( 'NONE',  ( 0.02336536381795564776, 0.02492477399191892276, 0.000000000000000000 ) ) ;
#2213 = EDGE_CURVE ( 'NONE', #970, #1765, #884, .T. ) ;
#2214 = CARTESIAN_POINT ( 'NONE',  ( -0.2000000000000000111, -0.1399999999999999856, -3.218725199566341288E-17 ) ) ;
#2215 = CARTESIAN_POINT ( 'NONE',  ( 0.2999999999999999889, 0.1499999999999999389, 0.000000000000000000 ) ) ;
#2216 = CARTESIAN_POINT ( 'NONE',  ( -0.06569292520313700645, 9.930575152245262537E-05, -0.000000000000000000 ) ) ;
#2217 = ORIENTED_EDGE ( 'NONE', *, *, #1549, .F. ) ;
#2218 = CARTESIAN_POINT ( 'NONE',  ( 0.01111614972941367581, 0.02541487400123018311, 0.001000000000000000021 ) ) ;
#2219 = LINE ( 'NONE', #5959, #5032 ) ;
#2220 = CARTESIAN_POINT ( 'NONE',  ( 0.05562409414350599074, -0.01274693200976809333, 0.000000000000000000 ) ) ;
#2221 = DIRECTION ( 'NONE',  ( -1.000000000000000000, 0.000000000000000000, 0.000000000000000000 ) ) ;
#2222 = SURFACE_STYLE_FILL_AREA ( #358 ) ;
#2223 = VECTOR ( 'NONE', #3632, 1000.000000000000000 ) ;
#2224 = VERTEX_POINT ( 'NONE', #1 ) ;
#2225 = UNCERTAINTY_MEASURE_WITH_UNIT (LENGTH_MEASURE( 1.000000000000000082E-05 ), #4071, 'distance_accuracy_value', 'NONE');
#2226 = FILL_AREA_STYLE ('',( #5538 ) ) ;
#2227 = DIRECTION ( 'NONE',  ( 1.000000000000000000, 0.000000000000000000, 0.000000000000000000 ) ) ;
#2228 = VECTOR ( 'NONE', #4612, 1000.000000000000000 ) ;
#2229 = CARTESIAN_POINT ( 'NONE',  ( -0.05900580149009851394, 0.0009007733914740772251, 0.001000000000000000021 ) ) ;
#2230 = FILL_AREA_STYLE_COLOUR ( '', #2 ) ;
#2231 = FILL_AREA_STYLE_COLOUR ( '', #1026 ) ;
#2232 = CARTESIAN_POINT ( 'NONE',  ( -0.05895501704484117089, -0.001362795352829676045, 0.000000000000000000 ) ) ;
#2233 = PRESENTATION_LAYER_ASSIGNMENT (  '', '', ( #856 ) ) ;
#2234 = CARTESIAN_POINT ( 'NONE',  ( 0.03258146985136489010, 0.02053682522074237043, 0.000000000000000000 ) ) ;
#2235 = ORIENTED_EDGE ( 'NONE', *, *, #4209, .T. ) ;
#2236 = EDGE_LOOP ( 'NONE', ( #3726, #2937, #2873, #4907 ) ) ;
#2237 = COLOUR_RGB ( '',0.1019607843137254888, 0.1019607843137254888, 0.1019607843137254888 ) ;
#2238 = ORIENTED_EDGE ( 'NONE', *, *, #2669, .F. ) ;
#2239 = CARTESIAN_POINT ( 'NONE',  ( -0.1999999999999999833, 0.1499999999999999389, 0.000000000000000000 ) ) ;
#2240 = CARTESIAN_POINT ( 'NONE',  ( 0.02127025346592198093, 0.02420448226326165492, 0.000000000000000000 ) ) ;
#2241 =( GEOMETRIC_REPRESENTATION_CONTEXT ( 3 ) GLOBAL_UNCERTAINTY_ASSIGNED_CONTEXT ( ( #5602 ) ) GLOBAL_UNIT_ASSIGNED_CONTEXT ( ( #537, #1944, #131 ) ) REPRESENTATION_CONTEXT ( 'NONE', 'WORKASPACE' ) );
#2242 = FACE_OUTER_BOUND ( 'NONE', #4262, .T. ) ;
#2243 = CARTESIAN_POINT ( 'NONE',  ( -0.09234231063643999482, 0.01581121546464480873, 0.001000000000000000021 ) ) ;
#2244 = ADVANCED_FACE ( 'NONE', ( #1316 ), #2300, .T. ) ;
#2245 = ORIENTED_EDGE ( 'NONE', *, *, #6016, .F. ) ;
#2246 =( LENGTH_UNIT ( ) NAMED_UNIT ( * ) SI_UNIT ( .MILLI., .METRE. ) );
#2247 = B_SPLINE_CURVE_WITH_KNOTS ( 'NONE', 3,
 ( #1633, #665, #171, #4470, #1090, #3580, #3488, #5773, #3459, #5303, #2538, #5798, #1663, #746, #202, #1577, #263, #4495, #2068 ),
 .UNSPECIFIED., .F., .F.,
 ( 4, 1, 1, 1, 1, 1, 1, 1, 1, 1, 1, 1, 1, 1, 1, 1, 4 ),
 ( 0.000000000000000000, 0.07064371857535413357, 0.1382567155089046429, 0.2033641242175800723, 0.2663240938030566052, 0.3279047615429893092, 0.3887377151730921909, 0.4494235281093022505, 0.5108610114593156171, 0.5720793960475145656, 0.6317344287314451412, 0.6911172105788376818, 0.7503600294901705547, 0.8100329005312619790, 0.8713624508287362014, 0.9344271412311534464, 1.000000000000000000 ),
 .UNSPECIFIED. ) ;
#2248 = EDGE_CURVE ( 'NONE', #4764, #312, #1499, .T. ) ;
#2249 = EDGE_LOOP ( 'NONE', ( #2698, #3074, #2982, #2787 ) ) ;
#2250 = DIRECTION ( 'NONE',  ( 0.000000000000000000, -0.000000000000000000, -1.000000000000000000 ) ) ;
#2251 = PLANE ( 'NONE',  #543 ) ;
#2252 = APPLICATION_PROTOCOL_DEFINITION ( 'draft international standard', 'automotive_design', 1998, #2813 ) ;
#2253 = CARTESIAN_POINT ( 'NONE',  ( -0.2000000000000000111, -0.1399999999999999856, -3.218725199566341288E-17 ) ) ;
#2254 = FILL_AREA_STYLE ('',( #327 ) ) ;
#2255 = SURFACE_STYLE_USAGE ( .BOTH. , #3257 ) ;
#2256 = VECTOR ( 'NONE', #3540, 1000.000000000000000 ) ;
#2257 = CARTESIAN_POINT ( 'NONE',  ( -0.05895756387182943259, 0.003155461583717800254, 0.000000000000000000 ) ) ;
#2258 = ORIENTED_EDGE ( 'NONE', *, *, #3453, .T. ) ;
#2259 = EDGE_CURVE ( 'NONE', #1986, #2601, #2950, .T. ) ;
#2260 = SURFACE_STYLE_FILL_AREA ( #397 ) ;
#2261 = CARTESIAN_POINT ( 'NONE',  ( -0.05503170552086972256, -0.01247414486020642643, 0.000000000000000000 ) ) ;
#2262 = CYLINDRICAL_SURFACE ( 'NONE', #6068, 0.009999999999999998473 ) ;
#2263 = SURFACE_STYLE_FILL_AREA ( #4573 ) ;
#2264 =( LENGTH_UNIT ( ) NAMED_UNIT ( * ) SI_UNIT ( .MILLI., .METRE. ) );
#2265 = FACE_OUTER_BOUND ( 'NONE', #1859, .T. ) ;
#2266 = CARTESIAN_POINT ( 'NONE',  ( -0.06571311856326926548, 0.001043684976839931011, 0.000000000000000000 ) ) ;
#2267 = ORIENTED_EDGE ( 'NONE', *, *, #2259, .F. ) ;
#2268 = EDGE_CURVE ( 'NONE', #4093, #6046, #3410, .T. ) ;
#2269 = EDGE_LOOP ( 'NONE', ( #1619, #5754, #5161, #728 ) ) ;
#2270 = UNCERTAINTY_MEASURE_WITH_UNIT (LENGTH_MEASURE( 1.000000000000000082E-05 ), #4852, 'distance_accuracy_value', 'NONE');
#2271 = CARTESIAN_POINT ( 'NONE',  ( -0.09163992287558407612, 0.01893294432707074218, -0.000000000000000000 ) ) ;
#2272 = AXIS2_PLACEMENT_3D ( 'NONE', #1691, #4406, #1603 ) ;
#2273 = AXIS2_PLACEMENT_3D ( 'NONE', #3871, #5699, #3842 ) ;
#2274 =( NAMED_UNIT ( * ) PLANE_ANGLE_UNIT ( ) SI_UNIT ( $, .RADIAN. ) );
#2275 = CARTESIAN_POINT ( 'NONE',  ( 0.02359063834610108587, 0.01874947453190014060, 0.000000000000000000 ) ) ;
#2276 = DIRECTION ( 'NONE',  ( 0.000000000000000000, -0.000000000000000000, 1.000000000000000000 ) ) ;
#2277 = SURFACE_STYLE_FILL_AREA ( #418 ) ;
#2278 = FILL_AREA_STYLE_COLOUR ( '', #2978 ) ;
#2279 = DIRECTION ( 'NONE',  ( -1.000000000000000000, 9.680376540049145852E-17, 0.000000000000000000 ) ) ;
#2280 = EDGE_LOOP ( 'NONE', ( #3032, #4374, #1405, #2054 ) ) ;
#2281 = ORIENTED_EDGE ( 'NONE', *, *, #1958, .T. ) ;
#2282 = SURFACE_STYLE_FILL_AREA ( #3789 ) ;
#2283 = VECTOR ( 'NONE', #3232, 1000.000000000000000 ) ;
#2284 = DIRECTION ( 'NONE',  ( 1.112802568240965291E-32, 1.149544714130836386E-16, -1.000000000000000000 ) ) ;
#2285 =( NAMED_UNIT ( * ) PLANE_ANGLE_UNIT ( ) SI_UNIT ( $, .RADIAN. ) );
#2286 = VERTEX_POINT ( 'NONE', #4767 ) ;
#2287 = LINE ( 'NONE', #5137, #1264 ) ;
#2288 = PRESENTATION_STYLE_ASSIGNMENT (( #4196 ) ) ;
#2289 = UNCERTAINTY_MEASURE_WITH_UNIT (LENGTH_MEASURE( 1.000000000000000082E-05 ), #2614, 'distance_accuracy_value', 'NONE');
#2290 = CARTESIAN_POINT ( 'NONE',  ( 0.3000000000000000444, 0.1399999999999999578, 0.000000000000000000 ) ) ;
#2291 = CARTESIAN_POINT ( 'NONE',  ( -0.2000000000000000389, -0.1399999999999999856, 0.000000000000000000 ) ) ;
#2292 = FILL_AREA_STYLE ('',( #6066 ) ) ;
#2294 = CARTESIAN_POINT ( 'NONE',  ( 0.3000000000000000444, 0.1399999999999999301, 0.2799999999999999156 ) ) ;
#2293 = VECTOR ( 'NONE', #4188, 1000.000000000000000 ) ;
#2295 = SURFACE_SIDE_STYLE ('',( #4648 ) ) ;
#2296 = EDGE_LOOP ( 'NONE', ( #3955, #3719, #2774, #1584 ) ) ;
#2297 = VERTEX_POINT ( 'NONE', #4297 ) ;
#2298 = B_SPLINE_SURFACE_WITH_KNOTS ( 'NONE', 3, 1, ( 
 ( #4206, #1381 ),
 ( #4997, #914 ),
 ( #373, #4651 ),
 ( #1821, #3720 ),
 ( #1788, #4618 ),
 ( #1750, #3654 ),
 ( #6036, #3168 ),
 ( #5111, #5481 ),
 ( #1282, #881 ),
 ( #6006, #5027 ),
 ( #5981, #821 ) ),
 .UNSPECIFIED., .F., .F., .F.,
 ( 4, 1, 1, 1, 1, 1, 1, 1, 4 ),
 ( 2, 2 ),
 ( 0.000000000000000000, 0.1124483899088010164, 0.2265276752126777204, 0.3444019493260284670, 0.4658649724874589504, 0.5916594493521171172, 0.7221684870248873400, 0.8586063875549265756, 1.000000000000000000 ),
 ( 0.000000000000000000, 1.000000000000000000 ),
 .UNSPECIFIED. ) ;
#2299 = UNCERTAINTY_MEASURE_WITH_UNIT (LENGTH_MEASURE( 1.000000000000000082E-05 ), #3514, 'distance_accuracy_value', 'NONE');
#2300 = PLANE ( 'NONE',  #2273 ) ;
#2301 = FACE_OUTER_BOUND ( 'NONE', #851, .T. ) ;
#2302 = ORIENTED_EDGE ( 'NONE', *, *, #2137, .T. ) ;
#2303 = FILL_AREA_STYLE ('',( #8 ) ) ;
#2304 =( LENGTH_UNIT ( ) NAMED_UNIT ( * ) SI_UNIT ( .MILLI., .METRE. ) );
#2305 = AXIS2_PLACEMENT_3D ( 'NONE', #1521, #5336, #5828 ) ;
#2306 = ADVANCED_FACE ( 'NONE', ( #2491 ), #3344, .T. ) ;
#2307 = ORIENTED_EDGE ( 'NONE', *, *, #73, .F. ) ;
#2308 = EDGE_LOOP ( 'NONE', ( #2389, #1186, #3627, #4640 ) ) ;
#2309 = ORIENTED_EDGE ( 'NONE', *, *, #2535, .F. ) ;
#2310 = STYLED_ITEM ( 'NONE', ( #4945 ), #5736 ) ;
#2311 = ADVANCED_FACE ( 'NONE', ( #5622 ), #5684, .T. ) ;
#2312 = CARTESIAN_POINT ( 'NONE',  ( 0.02925739606348680411, 0.02591030741048710659, 0.001000000000000000021 ) ) ;
#2313 =( LENGTH_UNIT ( ) NAMED_UNIT ( * ) SI_UNIT ( .MILLI., .METRE. ) );
#2314 = SURFACE_SIDE_STYLE ('',( #5680 ) ) ;
#2315 = UNCERTAINTY_MEASURE_WITH_UNIT (LENGTH_MEASURE( 1.000000000000000082E-05 ), #4147, 'distance_accuracy_value', 'NONE');
#2316 = CARTESIAN_POINT ( 'NONE',  ( -0.2000000000000000389, 0.1400000000000000411, 0.2800000000000000266 ) ) ;
#2317 = CARTESIAN_POINT ( 'NONE',  ( -0.09060831673400097930, 0.01581121546464480873, 0.000000000000000000 ) ) ;
#2318 =( LENGTH_UNIT ( ) NAMED_UNIT ( * ) SI_UNIT ( .MILLI., .METRE. ) );
#2319 = DIRECTION ( 'NONE',  ( -1.000000000000000000, -0.000000000000000000, -0.000000000000000000 ) ) ;
#2320 =( NAMED_UNIT ( * ) SI_UNIT ( $, .STERADIAN. ) SOLID_ANGLE_UNIT ( ) );
#2321 = CARTESIAN_POINT ( 'NONE',  ( -0.09068388793049135532, 0.01603910936498291820, 0.001000000000000000021 ) ) ;
#2322 = PRESENTATION_STYLE_ASSIGNMENT (( #4610 ) ) ;
#2323 = SURFACE_STYLE_FILL_AREA ( #2292 ) ;
#2324 =( NAMED_UNIT ( * ) SI_UNIT ( $, .STERADIAN. ) SOLID_ANGLE_UNIT ( ) );
#2325 = ORIENTED_EDGE ( 'NONE', *, *, #751, .F. ) ;
#2326 =( GEOMETRIC_REPRESENTATION_CONTEXT ( 3 ) GLOBAL_UNCERTAINTY_ASSIGNED_CONTEXT ( ( #4073 ) ) GLOBAL_UNIT_ASSIGNED_CONTEXT ( ( #2246, #4594, #1818 ) ) REPRESENTATION_CONTEXT ( 'NONE', 'WORKASPACE' ) );
#2327 = ORIENTED_EDGE ( 'NONE', *, *, #2794, .F. ) ;
#2328 = EDGE_CURVE ( 'NONE', #2951, #4269, #1055, .T. ) ;
#2329 = CARTESIAN_POINT ( 'NONE',  ( -0.01571311856326925924, -0.02458512599876982660, 0.001000000000000000021 ) ) ;
#2330 = VECTOR ( 'NONE', #369, 1000.000000000000000 ) ;
#2331 = ORIENTED_EDGE ( 'NONE', *, *, #1407, .F. ) ;
#2332 =( LENGTH_UNIT ( ) NAMED_UNIT ( * ) SI_UNIT ( .MILLI., .METRE. ) );
#2333 = CARTESIAN_POINT ( 'NONE',  ( 0.05017777376705603171, -0.008186737905965345632, 0.001000000000000000021 ) ) ;
#2334 = AXIS2_PLACEMENT_3D ( 'NONE', #3404, #5749, #1059 ) ;
#2335 = ORIENTED_EDGE ( 'NONE', *, *, #1503, .T. ) ;
#2336 = FILL_AREA_STYLE ('',( #480 ) ) ;
#2337 = ORIENTED_EDGE ( 'NONE', *, *, #5278, .T. ) ;
#2338 = MECHANICAL_DESIGN_GEOMETRIC_PRESENTATION_REPRESENTATION (  '', ( #4010 ), #1866 ) ;
#2339 = EDGE_CURVE ( 'NONE', #1671, #5708, #1195, .T. ) ;
#2340 = CARTESIAN_POINT ( 'NONE',  ( -0.04561162933455641805, 0.01929523879603092795, 0.001000000000000000021 ) ) ;
#2341 = FACE_OUTER_BOUND ( 'NONE', #5380, .T. ) ;
#2342 = LINE ( 'NONE', #3731, #4755 ) ;
#2343 = SURFACE_STYLE_FILL_AREA ( #2411 ) ;
#2344 =( NAMED_UNIT ( * ) PLANE_ANGLE_UNIT ( ) SI_UNIT ( $, .RADIAN. ) );
#2345 = STYLED_ITEM ( 'NONE', ( #3619 ), #5307 ) ;
#2346 = FACE_OUTER_BOUND ( 'NONE', #2308, .T. ) ;
#2347 = CARTESIAN_POINT ( 'NONE',  ( -0.06571311856326926548, 0.001043684976839931011, 0.001000000000000000021 ) ) ;
#2348 = EDGE_CURVE ( 'NONE', #5781, #6004, #4628, .T. ) ;
#2349 = DIRECTION ( 'NONE',  ( 0.000000000000000000, 1.000000000000000000, 1.149544714130836386E-16 ) ) ;
#2350 = ORIENTED_EDGE ( 'NONE', *, *, #5425, .T. ) ;
#2351 = PLANE ( 'NONE',  #2272 ) ;
#2352 = AXIS2_PLACEMENT_3D ( 'NONE', #942, #5140, #1848 ) ;
#2353 = LINE ( 'NONE', #2418, #780 ) ;
#2354 = SURFACE_STYLE_FILL_AREA ( #1908 ) ;
#2355 = LINE ( 'NONE', #2290, #2717 ) ;
#2356 =( NAMED_UNIT ( * ) SI_UNIT ( $, .STERADIAN. ) SOLID_ANGLE_UNIT ( ) );
#2357 = SURFACE_SIDE_STYLE ('',( #2323 ) ) ;
#2358 = SURFACE_STYLE_USAGE ( .BOTH. , #3716 ) ;
#2359 = ORIENTED_EDGE ( 'NONE', *, *, #1664, .F. ) ;
#2360 = ORIENTED_EDGE ( 'NONE', *, *, #427, .F. ) ;
#2361 = FILL_AREA_STYLE ('',( #506 ) ) ;
#2362 = PLANE ( 'NONE',  #1380 ) ;
#2363 = ADVANCED_FACE ( 'NONE', ( #449 ), #1515, .T. ) ;
#2364 = FILL_AREA_STYLE_COLOUR ( '', #1350 ) ;
#2365 = ORIENTED_EDGE ( 'NONE', *, *, #461, .T. ) ;
#2366 = VECTOR ( 'NONE', #1988, 1000.000000000000000 ) ;
#2367 = FACE_OUTER_BOUND ( 'NONE', #143, .T. ) ;
#2368 = CARTESIAN_POINT ( 'NONE',  ( -0.1144936063681473021, -0.02458512599876982660, 0.001000000000000000021 ) ) ;
#2369 = AXIS2_PLACEMENT_3D ( 'NONE', #4938, #4421, #280 ) ;
#2370 = ORIENTED_EDGE ( 'NONE', *, *, #2268, .T. ) ;
#2371 = ORIENTED_EDGE ( 'NONE', *, *, #2000, .F. ) ;
#2372 = SURFACE_STYLE_USAGE ( .BOTH. , #516 ) ;
#2373 = LINE ( 'NONE', #3392, #3675 ) ;
#2374 = CARTESIAN_POINT ( 'NONE',  ( 0.03370570765624295029, -0.01970707721828202086, 0.000000000000000000 ) ) ;
#2375 = SURFACE_STYLE_FILL_AREA ( #519 ) ;
#2376 = CARTESIAN_POINT ( 'NONE',  ( -0.04754534699222128652, -0.01782432135164675399, 0.001000000000000000021 ) ) ;
#2377 = CARTESIAN_POINT ( 'NONE',  ( -0.09135031748842692423, 0.01896126841120937545, 0.001000000000000000021 ) ) ;
#2378 = EDGE_CURVE ( 'NONE', #1357, #3361, #1179, .T. ) ;
#2379 = DIRECTION ( 'NONE',  ( -9.680376540049147084E-17, -1.000000000000000000, 0.000000000000000000 ) ) ;
#2380 = CARTESIAN_POINT ( 'NONE',  ( -0.1600000000000000311, 0.1300000000000000322, 5.445211803777644349E-19 ) ) ;
#2381 = CARTESIAN_POINT ( 'NONE',  ( -0.2000000000000000111, 0.1399999999999999301, 0.2900000000000000355 ) ) ;
#2382 = VERTEX_POINT ( 'NONE', #2368 ) ;
#2383 = DIRECTION ( 'NONE',  ( 1.874193799142677938E-32, 1.936075308009829417E-16, -1.000000000000000000 ) ) ;
#2384 = MECHANICAL_DESIGN_GEOMETRIC_PRESENTATION_REPRESENTATION (  '', ( #4832 ), #2786 ) ;
#2385 = LINE ( 'NONE', #4258, #653 ) ;
#2386 =( LENGTH_UNIT ( ) NAMED_UNIT ( * ) SI_UNIT ( .MILLI., .METRE. ) );
#2387 = STYLED_ITEM ( 'NONE', ( #4837 ), #3735 ) ;
#2388 = ORIENTED_EDGE ( 'NONE', *, *, #930, .T. ) ;
#2389 = ORIENTED_EDGE ( 'NONE', *, *, #6035, .F. ) ;
#2390 = DIRECTION ( 'NONE',  ( 0.000000000000000000, -1.000000000000000000, -1.210047067506143201E-16 ) ) ;
#2391 =( NAMED_UNIT ( * ) PLANE_ANGLE_UNIT ( ) SI_UNIT ( $, .RADIAN. ) );
#2392 = PRESENTATION_LAYER_ASSIGNMENT (  '', '', ( #1113 ) ) ;
#2393 = CARTESIAN_POINT ( 'NONE',  ( -0.05898941246097796215, 0.001666817648350728915, 0.000000000000000000 ) ) ;
#2394 =( LENGTH_UNIT ( ) NAMED_UNIT ( * ) SI_UNIT ( .MILLI., .METRE. ) );
#2395 = SURFACE_STYLE_USAGE ( .BOTH. , #1437 ) ;
#2396 = EDGE_LOOP ( 'NONE', ( #4782, #2030, #5453, #619 ) ) ;
#2397 = SURFACE_STYLE_USAGE ( .BOTH. , #1441 ) ;
#2398 =( LENGTH_UNIT ( ) NAMED_UNIT ( * ) SI_UNIT ( .MILLI., .METRE. ) );
#2399 = PRESENTATION_STYLE_ASSIGNMENT (( #5552 ) ) ;
#2400 = DIRECTION ( 'NONE',  ( -0.000000000000000000, -0.000000000000000000, -1.000000000000000000 ) ) ;
#2401 = CARTESIAN_POINT ( 'NONE',  ( -0.01449360636814730173, 0.01992706912318139775, 0.001000000000000000021 ) ) ;
#2402 = DIRECTION ( 'NONE',  ( 0.000000000000000000, -1.000000000000000000, 0.000000000000000000 ) ) ;
#2403 = UNCERTAINTY_MEASURE_WITH_UNIT (LENGTH_MEASURE( 1.000000000000000082E-05 ), #4934, 'distance_accuracy_value', 'NONE');
#2404 = ORIENTED_EDGE ( 'NONE', *, *, #5585, .T. ) ;
#2405 = VECTOR ( 'NONE', #3896, 1000.000000000000000 ) ;
#2406 = PRESENTATION_STYLE_ASSIGNMENT (( #5737 ) ) ;
#2407 = DIRECTION ( 'NONE',  ( 1.000000000000000000, 0.000000000000000000, 0.000000000000000000 ) ) ;
#2408 = ADVANCED_FACE ( 'NONE', ( #1476 ), #5856, .T. ) ;
#2409 = FILL_AREA_STYLE_COLOUR ( '', #2694 ) ;
#2410 = STYLED_ITEM ( 'NONE', ( #2622 ), #3224 ) ;
#2411 = FILL_AREA_STYLE ('',( #4189 ) ) ;
#2412 = CYLINDRICAL_SURFACE ( 'NONE', #3786, 0.01000000000000002623 ) ;
#2413 = SURFACE_STYLE_USAGE ( .BOTH. , #3793 ) ;
#2414 =( GEOMETRIC_REPRESENTATION_CONTEXT ( 3 ) GLOBAL_UNCERTAINTY_ASSIGNED_CONTEXT ( ( #1787 ) ) GLOBAL_UNIT_ASSIGNED_CONTEXT ( ( #3145, #2684, #1795 ) ) REPRESENTATION_CONTEXT ( 'NONE', 'WORKASPACE' ) );
#2415 = DIRECTION ( 'NONE',  ( 1.112802568240965428E-32, 1.149544714130836139E-16, -1.000000000000000000 ) ) ;
#2416 = VECTOR ( 'NONE', #717, 1000.000000000000000 ) ;
#2417 = ORIENTED_EDGE ( 'NONE', *, *, #2735, .F. ) ;
#2418 = CARTESIAN_POINT ( 'NONE',  ( -0.01571311856326925924, -0.01909732112072104818, 0.001000000000000000021 ) ) ;
#2419 =( GEOMETRIC_REPRESENTATION_CONTEXT ( 3 ) GLOBAL_UNCERTAINTY_ASSIGNED_CONTEXT ( ( #2591 ) ) GLOBAL_UNIT_ASSIGNED_CONTEXT ( ( #1580, #698, #3491 ) ) REPRESENTATION_CONTEXT ( 'NONE', 'WORKASPACE' ) );
#2420 = CARTESIAN_POINT ( 'NONE',  ( 0.03719520205243483091, -0.02513766778380785438, 0.001000000000000000021 ) ) ;
#2421 = DIRECTION ( 'NONE',  ( 1.000000000000000000, 0.000000000000000000, 0.000000000000000000 ) ) ;
#2422 = CARTESIAN_POINT ( 'NONE',  ( -0.2000000000000000389, 0.1400000000000000411, 0.2800000000000000266 ) ) ;
#2423 = UNCERTAINTY_MEASURE_WITH_UNIT (LENGTH_MEASURE( 1.000000000000000082E-05 ), #2510, 'distance_accuracy_value', 'NONE');
#2424 = ORIENTED_EDGE ( 'NONE', *, *, #5992, .F. ) ;
#2425 = ORIENTED_EDGE ( 'NONE', *, *, #912, .T. ) ;
#2426 = CARTESIAN_POINT ( 'NONE',  ( -0.08827409417302536920, 0.02541487400123018311, 0.001000000000000000021 ) ) ;
#2427 = ADVANCED_FACE ( 'NONE', ( #1392 ), #5557, .T. ) ;
#2428 = VECTOR ( 'NONE', #3085, 1000.000000000000000 ) ;
#2429 = PRODUCT_DEFINITION ( 'Î´Öª', '', #3402, #4433 ) ;
#2430 = ORIENTED_EDGE ( 'NONE', *, *, #3293, .T. ) ;
#2431 = CARTESIAN_POINT ( 'NONE',  ( 0.2000000000000000111, -0.1399999999999999856, 0.2800000000000000266 ) ) ;
#2432 = CARTESIAN_POINT ( 'NONE',  ( -0.3000000000000000444, 0.1399999999999999301, 0.2799999999999999156 ) ) ;
#2433 = CARTESIAN_POINT ( 'NONE',  ( -0.09060831673400097930, 0.01581121546464480873, 0.001000000000000000021 ) ) ;
#2434 = AXIS2_PLACEMENT_3D ( 'NONE', #4900, #702, #2576 ) ;
#2435 = DIRECTION ( 'NONE',  ( -9.680376540049145852E-17, 1.000000000000000000, -0.000000000000000000 ) ) ;
#2436 = VERTEX_POINT ( 'NONE', #452 ) ;
#2437 = CLOSED_SHELL ( 'NONE', ( #1141, #505, #3311, #2490, #3574, #5133, #5131, #4892, #787, #725, #5615, #2363, #4875, #2776, #3988, #4238, #2004, #5837, #2311, #3277, #1536, #1420, #5223, #4240 ) ) ;
#2438 = COLOUR_RGB ( '',0.6666666666666666297, 0.6980392156862744724, 0.7686274509803920907 ) ;
#2439 = SURFACE_SIDE_STYLE ('',( #4856 ) ) ;
#2440 = SPHERICAL_SURFACE ( 'NONE', #4357, 0.01000000000000000021 ) ;
#2441 =( NAMED_UNIT ( * ) SI_UNIT ( $, .STERADIAN. ) SOLID_ANGLE_UNIT ( ) );
#2442 =( NAMED_UNIT ( * ) PLANE_ANGLE_UNIT ( ) SI_UNIT ( $, .RADIAN. ) );
#2443 = EDGE_CURVE ( 'NONE', #4765, #1919, #2683, .T. ) ;
#2444 = SURFACE_SIDE_STYLE ('',( #608 ) ) ;
#2445 =( NAMED_UNIT ( * ) SI_UNIT ( $, .STERADIAN. ) SOLID_ANGLE_UNIT ( ) );
#2446 =( GEOMETRIC_REPRESENTATION_CONTEXT ( 3 ) GLOBAL_UNCERTAINTY_ASSIGNED_CONTEXT ( ( #3817 ) ) GLOBAL_UNIT_ASSIGNED_CONTEXT ( ( #1493, #1463, #998 ) ) REPRESENTATION_CONTEXT ( 'NONE', 'WORKASPACE' ) );
#2447 = CARTESIAN_POINT ( 'NONE',  ( 0.05804559306885066772, 0.0004444330933053949233, 0.001000000000000000021 ) ) ;
#2448 = ORIENTED_EDGE ( 'NONE', *, *, #1103, .F. ) ;
#2449 = DIRECTION ( 'NONE',  ( 0.000000000000000000, 1.000000000000000000, 0.000000000000000000 ) ) ;
#2450 = SURFACE_STYLE_FILL_AREA ( #3460 ) ;
#2451 = MECHANICAL_DESIGN_GEOMETRIC_PRESENTATION_REPRESENTATION (  '', ( #3820 ), #4714 ) ;
#2452 = CARTESIAN_POINT ( 'NONE',  ( 0.05651904521848645502, -0.01056467077540288076, 0.001000000000000000021 ) ) ;
#2453 = FILL_AREA_STYLE ('',( #3895 ) ) ;
#2454 = CARTESIAN_POINT ( 'NONE',  ( -0.01571311856326925924, -0.01909732112072104818, 0.000000000000000000 ) ) ;
#2455 = CARTESIAN_POINT ( 'NONE',  ( 0.02087224729038928209, -0.02199366258413568143, 0.000000000000000000 ) ) ;
#2456 = CARTESIAN_POINT ( 'NONE',  ( 0.03531326894024171964, 0.02596240002920010420, 0.001000000000000000021 ) ) ;
#2457 = EDGE_CURVE ( 'NONE', #4436, #1280, #5678, .T. ) ;
#2458 = ORIENTED_EDGE ( 'NONE', *, *, #930, .F. ) ;
#2459 =( GEOMETRIC_REPRESENTATION_CONTEXT ( 3 ) GLOBAL_UNCERTAINTY_ASSIGNED_CONTEXT ( ( #4308 ) ) GLOBAL_UNIT_ASSIGNED_CONTEXT ( ( #3677, #2740, #4670 ) ) REPRESENTATION_CONTEXT ( 'NONE', 'WORKASPACE' ) );
#2460 = STYLED_ITEM ( 'NONE', ( #4847 ), #2830 ) ;
#2461 = ORIENTED_EDGE ( 'NONE', *, *, #1810, .T. ) ;
#2462 = UNCERTAINTY_MEASURE_WITH_UNIT (LENGTH_MEASURE( 1.000000000000000082E-05 ), #999, 'distance_accuracy_value', 'NONE');
#2463 =( LENGTH_UNIT ( ) NAMED_UNIT ( * ) SI_UNIT ( .MILLI., .METRE. ) );
#2464 = SURFACE_STYLE_USAGE ( .BOTH. , #1531 ) ;
#2465 = EDGE_CURVE ( 'NONE', #2869, #2506, #4803, .T. ) ;
#2466 = PRESENTATION_LAYER_ASSIGNMENT (  '', '', ( #2857 ) ) ;
#2467 = ORIENTED_EDGE ( 'NONE', *, *, #3318, .T. ) ;
#2468 = FILL_AREA_STYLE ('',( #3382 ) ) ;
#2469 = CARTESIAN_POINT ( 'NONE',  ( -0.1500000000000000222, -0.1300000000000000044, -2.934364138702397779E-17 ) ) ;
#2470 = CARTESIAN_POINT ( 'NONE',  ( -0.05429554391301764926, -0.02069109116340708820, 0.000000000000000000 ) ) ;
#2471 = CARTESIAN_POINT ( 'NONE',  ( 0.2000000000000000389, -0.1400000000000000133, -3.388131789017201356E-17 ) ) ;
#2472 = PRESENTATION_LAYER_ASSIGNMENT (  '', '', ( #4328 ) ) ;
#2473 = DIRECTION ( 'NONE',  ( 1.000000000000000000, -9.680376540049147084E-17, -0.000000000000000000 ) ) ;
#2474 = CARTESIAN_POINT ( 'NONE',  ( 0.05131903239527044192, -0.002277466358611141776, 0.000000000000000000 ) ) ;
#2475 = CARTESIAN_POINT ( 'NONE',  ( 0.03920096401778042777, -0.01899817406343691506, 0.000000000000000000 ) ) ;
#2476 = COLOUR_RGB ( '',0.1019607843137254888, 0.1019607843137254888, 0.1019607843137254888 ) ;
#2477 = SURFACE_STYLE_USAGE ( .BOTH. , #2444 ) ;
#2478 = B_SPLINE_CURVE_WITH_KNOTS ( 'NONE', 3,
 ( #1313, #409, #796, #5060, #853, #2271, #1853 ),
 .UNSPECIFIED., .F., .F.,
 ( 4, 1, 1, 1, 4 ),
 ( 0.000000000000000000, 0.1744817153170503676, 0.3982857591281118714, 0.6738978473986658724, 0.9999999999999998890 ),
 .UNSPECIFIED. ) ;
#2479 = VERTEX_POINT ( 'NONE', #1482 ) ;
#2480 = UNCERTAINTY_MEASURE_WITH_UNIT (LENGTH_MEASURE( 1.000000000000000082E-05 ), #4173, 'distance_accuracy_value', 'NONE');
#2481 =( LENGTH_UNIT ( ) NAMED_UNIT ( * ) SI_UNIT ( .MILLI., .METRE. ) );
#2482 = DIRECTION ( 'NONE',  ( 0.000000000000000000, -1.149544714130836139E-16, 1.000000000000000000 ) ) ;
#2483 = LINE ( 'NONE', #4379, #2205 ) ;
#2484 = CARTESIAN_POINT ( 'NONE',  ( 0.03069291577952058467, -0.02501280926838061677, 0.000000000000000000 ) ) ;
#2485 = ORIENTED_EDGE ( 'NONE', *, *, #4205, .F. ) ;
#2486 = ORIENTED_EDGE ( 'NONE', *, *, #1103, .T. ) ;
#2487 = VECTOR ( 'NONE', #316, 1000.000000000000000 ) ;
#2488 = DIRECTION ( 'NONE',  ( -1.112802568240965017E-32, -1.149544714130836139E-16, 1.000000000000000000 ) ) ;
#2489 = EDGE_CURVE ( 'NONE', #1208, #4115, #81, .T. ) ;
#2490 = ADVANCED_FACE ( 'NONE', ( #577 ), #4749, .T. ) ;
#2491 = FACE_OUTER_BOUND ( 'NONE', #33, .T. ) ;
#2492 = VECTOR ( 'NONE', #161, 1000.000000000000000 ) ;
#2493 = ORIENTED_EDGE ( 'NONE', *, *, #3469, .T. ) ;
#2494 = DIRECTION ( 'NONE',  ( 0.3393303772748785807, 0.9406672605435402179, 0.000000000000000000 ) ) ;
#2495 =( GEOMETRIC_REPRESENTATION_CONTEXT ( 3 ) GLOBAL_UNCERTAINTY_ASSIGNED_CONTEXT ( ( #3838 ) ) GLOBAL_UNIT_ASSIGNED_CONTEXT ( ( #5617, #518, #3701 ) ) REPRESENTATION_CONTEXT ( 'NONE', 'WORKASPACE' ) );
#2496 = LINE ( 'NONE', #2055, #5299 ) ;
#2497 = PRESENTATION_LAYER_ASSIGNMENT (  '', '', ( #5128 ) ) ;
#2498 = VERTEX_POINT ( 'NONE', #544 ) ;
#2499 = CARTESIAN_POINT ( 'NONE',  ( -0.1021174630754643764, -0.01056073575486738726, 0.001000000000000000021 ) ) ;
#2500 =( NAMED_UNIT ( * ) PLANE_ANGLE_UNIT ( ) SI_UNIT ( $, .RADIAN. ) );
#2501 =( NAMED_UNIT ( * ) SI_UNIT ( $, .STERADIAN. ) SOLID_ANGLE_UNIT ( ) );
#2502 = PRESENTATION_LAYER_ASSIGNMENT (  '', '', ( #5136 ) ) ;
#2503 = CARTESIAN_POINT ( 'NONE',  ( -0.05244354858359633054, -0.01509496943174732340, 0.001000000000000000021 ) ) ;
#2504 = CARTESIAN_POINT ( 'NONE',  ( 0.03325893794459040820, 0.02052225841644349583, 0.001000000000000000021 ) ) ;
#2505 = CARTESIAN_POINT ( 'NONE',  ( 0.08794541802209661363, 0.02541487400123018311, 0.001000000000000000021 ) ) ;
#2506 = VERTEX_POINT ( 'NONE', #1565 ) ;
#2507 = AXIS2_PLACEMENT_3D ( 'NONE', #5075, #1361, #5126 ) ;
#2508 = VECTOR ( 'NONE', #840, 1000.000000000000000 ) ;
#2509 = DIRECTION ( 'NONE',  ( -1.000000000000000000, 0.000000000000000000, 0.000000000000000000 ) ) ;
#2510 =( LENGTH_UNIT ( ) NAMED_UNIT ( * ) SI_UNIT ( .MILLI., .METRE. ) );
#2511 = CARTESIAN_POINT ( 'NONE',  ( 0.04615775469380303808, 0.01496812907602180533, 0.000000000000000000 ) ) ;
#2512 =( NAMED_UNIT ( * ) PLANE_ANGLE_UNIT ( ) SI_UNIT ( $, .RADIAN. ) );
#2513 =( NAMED_UNIT ( * ) PLANE_ANGLE_UNIT ( ) SI_UNIT ( $, .RADIAN. ) );
#2514 = CARTESIAN_POINT ( 'NONE',  ( -0.04561162933455641805, 0.01929523879603092795, 0.000000000000000000 ) ) ;
#2515 = CARTESIAN_POINT ( 'NONE',  ( 0.02228656050776070541, -0.02277430589739516675, 0.000000000000000000 ) ) ;
#2516 = CARTESIAN_POINT ( 'NONE',  ( 0.05804559306885066772, 0.0004444330933053949233, 0.001000000000000000021 ) ) ;
#2517 = ORIENTED_EDGE ( 'NONE', *, *, #1610, .F. ) ;
#2518 = VECTOR ( 'NONE', #1813, 1000.000000000000114 ) ;
#2519 = FILL_AREA_STYLE_COLOUR ( '', #2948 ) ;
#2520 = EDGE_CURVE ( 'NONE', #1465, #5982, #5491, .T. ) ;
#2521 = EDGE_CURVE ( 'NONE', #285, #5982, #4337, .T. ) ;
#2522 = ORIENTED_EDGE ( 'NONE', *, *, #3420, .F. ) ;
#2523 = LINE ( 'NONE', #4878, #1967 ) ;
#2524 = CARTESIAN_POINT ( 'NONE',  ( -0.06285372628899252301, -0.01170163937352915358, 0.001000000000000000021 ) ) ;
#2525 = CARTESIAN_POINT ( 'NONE',  ( -0.06390069648873029917, 0.01105506609094145803, 0.000000000000000000 ) ) ;
#2526 = VERTEX_POINT ( 'NONE', #1016 ) ;
#2527 = VECTOR ( 'NONE', #2193, 1000.000000000000000 ) ;
#2528 =( NAMED_UNIT ( * ) PLANE_ANGLE_UNIT ( ) SI_UNIT ( $, .RADIAN. ) );
#2529 = CARTESIAN_POINT ( 'NONE',  ( 0.04240968600421410328, -0.01766513775971134681, 0.001000000000000000021 ) ) ;
#2530 = FACE_OUTER_BOUND ( 'NONE', #1081, .T. ) ;
#2531 = COLOUR_RGB ( '',0.1019607843137254888, 0.1019607843137254888, 0.1019607843137254888 ) ;
#2532 = AXIS2_PLACEMENT_3D ( 'NONE', #4546, #2558, #2210 ) ;
#2533 = DIRECTION ( 'NONE',  ( 1.000000000000000000, 0.000000000000000000, -0.000000000000000000 ) ) ;
#2534 = LINE ( 'NONE', #2505, #174 ) ;
#2535 = EDGE_CURVE ( 'NONE', #2689, #5725, #135, .T. ) ;
#2536 = CARTESIAN_POINT ( 'NONE',  ( 0.2899999999999999800, 0.1399999999999999301, -0.01000000000000000021 ) ) ;
#2537 = CIRCLE ( 'NONE', #90, 0.01000000000000002623 ) ;
#2538 = CARTESIAN_POINT ( 'NONE',  ( 0.04907027026142734422, 0.02046102398664923980, 0.000000000000000000 ) ) ;
#2539 = CARTESIAN_POINT ( 'NONE',  ( -0.2899999999999999800, -0.1400000000000000133, -3.388131789017201356E-17 ) ) ;
#2540 = VECTOR ( 'NONE', #1930, 1000.000000000000000 ) ;
#2541 = CARTESIAN_POINT ( 'NONE',  ( -0.04165204358782639144, 0.01988383233176635109, 0.001000000000000000021 ) ) ;
#2542 = CARTESIAN_POINT ( 'NONE',  ( -0.09105425174174093528, 0.01734622166403974181, 0.000000000000000000 ) ) ;
#2543 = AXIS2_PLACEMENT_3D ( 'NONE', #4841, #4378, #5776 ) ;
#2544 =( NAMED_UNIT ( * ) PLANE_ANGLE_UNIT ( ) SI_UNIT ( $, .RADIAN. ) );
#2545 = DIRECTION ( 'NONE',  ( -1.000000000000000000, 0.000000000000000000, 0.000000000000000000 ) ) ;
#2546 = CARTESIAN_POINT ( 'NONE',  ( 0.05529990752149874234, 0.01261009997651078851, 0.001000000000000000021 ) ) ;
#2547 = EDGE_LOOP ( 'NONE', ( #4717, #1615, #2404, #552 ) ) ;
#2548 = ORIENTED_EDGE ( 'NONE', *, *, #2970, .T. ) ;
#2549 = COLOUR_RGB ( '',1.000000000000000000, 1.000000000000000000, 1.000000000000000000 ) ;
#2550 = FILL_AREA_STYLE_COLOUR ( '', #105 ) ;
#2551 = VECTOR ( 'NONE', #1398, 1000.000000000000000 ) ;
#2552 = LINE ( 'NONE', #5839, #6055 ) ;
#2553 = VERTEX_POINT ( 'NONE', #2005 ) ;
#2554 = EDGE_CURVE ( 'NONE', #285, #595, #610, .T. ) ;
#2555 = PRESENTATION_STYLE_ASSIGNMENT (( #2113 ) ) ;
#2556 = CIRCLE ( 'NONE', #4623, 0.009999999999999998473 ) ;
#2557 = LINE ( 'NONE', #2070, #4545 ) ;
#2558 = DIRECTION ( 'NONE',  ( -0.000000000000000000, 0.000000000000000000, 1.000000000000000000 ) ) ;
#2559 = CARTESIAN_POINT ( 'NONE',  ( -0.09213748703513227611, 0.01646608276664543111, 0.001000000000000000021 ) ) ;
#2560 = COLOUR_RGB ( '',0.007843137254901960675, 0.5137254901960783826, 0.8235294117647058432 ) ;
#2561 = DIRECTION ( 'NONE',  ( 0.000000000000000000, -1.000000000000000000, 0.000000000000000000 ) ) ;
#2562 =( NAMED_UNIT ( * ) SI_UNIT ( $, .STERADIAN. ) SOLID_ANGLE_UNIT ( ) );
#2563 = CARTESIAN_POINT ( 'NONE',  ( 0.3000000000000000444, 0.1399999999999999301, 0.2899999999999999245 ) ) ;
#2564 = CARTESIAN_POINT ( 'NONE',  ( -0.2000000000000000111, 0.1399999999999999301, 0.2900000000000000355 ) ) ;
#2565 = CARTESIAN_POINT ( 'NONE',  ( 0.05631289203242669655, 0.01026334299732335580, 0.001000000000000000021 ) ) ;
#2566 = CARTESIAN_POINT ( 'NONE',  ( -0.06155237330580937138, -0.01382006822469384125, 0.000000000000000000 ) ) ;
#2567 = EDGE_LOOP ( 'NONE', ( #3982, #2360, #2217, #1108 ) ) ;
#2568 = CARTESIAN_POINT ( 'NONE',  ( -0.09140862161204973968, 0.01931731302562042160, 0.000000000000000000 ) ) ;
#2569 = PRESENTATION_LAYER_ASSIGNMENT (  '', '', ( #797 ) ) ;
#2570 = CARTESIAN_POINT ( 'NONE',  ( -0.1999999999999999833, 0.1499999999999999389, 0.2799999999999999156 ) ) ;
#2571 = CARTESIAN_POINT ( 'NONE',  ( 0.04334397281597038298, 0.01741247355745446923, 0.001000000000000000021 ) ) ;
#2572 = PRESENTATION_LAYER_ASSIGNMENT (  '', '', ( #5197 ) ) ;
#2573 = PRESENTATION_STYLE_ASSIGNMENT (( #781 ) ) ;
#2574 = CARTESIAN_POINT ( 'NONE',  ( 0.04202063898471226217, -0.02428761442602352799, 0.001000000000000000021 ) ) ;
#2575 = CARTESIAN_POINT ( 'NONE',  ( 0.2000000000000000389, -0.1400000000000000411, 0.2800000000000000266 ) ) ;
#2576 = DIRECTION ( 'NONE',  ( 0.000000000000000000, 1.000000000000000000, -1.224646799147352714E-16 ) ) ;
#2577 = CARTESIAN_POINT ( 'NONE',  ( 0.05806736924160880303, -0.0005283424621844572686, 0.000000000000000000 ) ) ;
#2578 = EDGE_LOOP ( 'NONE', ( #2602, #243, #621, #421, #3624, #4920, #1554, #4901, #1504, #5233 ) ) ;
#2579 = EDGE_CURVE ( 'NONE', #3128, #1671, #1110, .T. ) ;
#2580 = DIRECTION ( 'NONE',  ( -1.000000000000000000, -9.680376540049147084E-17, -0.000000000000000000 ) ) ;
#2581 = ORIENTED_EDGE ( 'NONE', *, *, #1610, .T. ) ;
#2582 = FILL_AREA_STYLE_COLOUR ( '', #995 ) ;
#2583 = FACE_OUTER_BOUND ( 'NONE', #3950, .T. ) ;
#2584 = CARTESIAN_POINT ( 'NONE',  ( 0.2000000000000000389, -0.1400000000000000133, -0.01000000000000003317 ) ) ;
#2585 = MECHANICAL_DESIGN_GEOMETRIC_PRESENTATION_REPRESENTATION (  '', ( #3953 ), #1686 ) ;
#2586 = PRESENTATION_STYLE_ASSIGNMENT (( #5355 ) ) ;
#2587 = CARTESIAN_POINT ( 'NONE',  ( 0.05136005216843807231, -0.0001186625841356777722, 0.000000000000000000 ) ) ;
#2588 = LINE ( 'NONE', #348, #354 ) ;
#2589 = PRESENTATION_LAYER_ASSIGNMENT (  '', '', ( #5222 ) ) ;
#2590 = CARTESIAN_POINT ( 'NONE',  ( -0.05431926160774282197, 0.02172061246543587759, 0.000000000000000000 ) ) ;
#2591 = UNCERTAINTY_MEASURE_WITH_UNIT (LENGTH_MEASURE( 1.000000000000000082E-05 ), #1580, 'distance_accuracy_value', 'NONE');
#2592 = CARTESIAN_POINT ( 'NONE',  ( 0.03258146985136489010, 0.02053682522074237043, 0.001000000000000000021 ) ) ;
#2593 = ADVANCED_FACE ( 'NONE', ( #5294 ), #2988, .T. ) ;
#2594 = EDGE_LOOP ( 'NONE', ( #1643, #4108, #4614, #4742, #4184, #5290, #893, #4622, #2880, #2835 ) ) ;
#2595 = DIRECTION ( 'NONE',  ( 0.000000000000000000, -1.000000000000000000, 0.000000000000000000 ) ) ;
#2596 = LINE ( 'NONE', #3638, #3883 ) ;
#2597 = CARTESIAN_POINT ( 'NONE',  ( 0.05770420373069050368, -0.005794279174151800889, 0.001000000000000000021 ) ) ;
#2598 = DIRECTION ( 'NONE',  ( 1.000000000000000000, -9.680376540049147084E-17, -0.000000000000000000 ) ) ;
#2599 = CARTESIAN_POINT ( 'NONE',  ( -0.09157058807546437917, 0.01931731302562042160, 0.001000000000000000021 ) ) ;
#2600 = DIRECTION ( 'NONE',  ( -0.000000000000000000, -0.000000000000000000, -1.000000000000000000 ) ) ;
#2601 = VERTEX_POINT ( 'NONE', #2681 ) ;
#2602 = ORIENTED_EDGE ( 'NONE', *, *, #3423, .T. ) ;
#2603 = CARTESIAN_POINT ( 'NONE',  ( 0.03325893794459040820, 0.02052225841644349583, -0.000000000000000000 ) ) ;
#2604 = MECHANICAL_DESIGN_GEOMETRIC_PRESENTATION_REPRESENTATION (  '', ( #2310 ), #162 ) ;
#2605 = EDGE_CURVE ( 'NONE', #3268, #1671, #3545, .T. ) ;
#2606 = ORIENTED_EDGE ( 'NONE', *, *, #3891, .F. ) ;
#2607 = ADVANCED_FACE ( 'NONE', ( #2089 ), #1758, .T. ) ;
#2608 = FILL_AREA_STYLE ('',( #1187 ) ) ;
#2609 =( GEOMETRIC_REPRESENTATION_CONTEXT ( 3 ) GLOBAL_UNCERTAINTY_ASSIGNED_CONTEXT ( ( #691 ) ) GLOBAL_UNIT_ASSIGNED_CONTEXT ( ( #866, #809, #4160 ) ) REPRESENTATION_CONTEXT ( 'NONE', 'WORKASPACE' ) );
#2610 = LINE ( 'NONE', #4049, #3634 ) ;
#2611 = PRODUCT_RELATED_PRODUCT_CATEGORY ( 'part', '', ( #4890 ) ) ;
#2612 = EDGE_LOOP ( 'NONE', ( #5787, #4988, #5154, #2954 ) ) ;
#2613 =( NAMED_UNIT ( * ) SI_UNIT ( $, .STERADIAN. ) SOLID_ANGLE_UNIT ( ) );
#2614 =( LENGTH_UNIT ( ) NAMED_UNIT ( * ) SI_UNIT ( .MILLI., .METRE. ) );
#2615 = PLANE ( 'NONE',  #3976 ) ;
#2616 = CARTESIAN_POINT ( 'NONE',  ( 0.01111614972941367581, 0.02541487400123018311, 0.000000000000000000 ) ) ;
#2617 = STYLED_ITEM ( 'NONE', ( #1763 ), #505 ) ;
#2618 = CARTESIAN_POINT ( 'NONE',  ( 0.02359063834610108587, 0.01874947453190014060, 0.001000000000000000021 ) ) ;
#2619 = ORIENTED_EDGE ( 'NONE', *, *, #4848, .F. ) ;
#2620 = LINE ( 'NONE', #292, #3271 ) ;
#2621 = PRESENTATION_STYLE_ASSIGNMENT (( #808 ) ) ;
#2622 = PRESENTATION_STYLE_ASSIGNMENT (( #4529 ) ) ;
#2623 = DIRECTION ( 'NONE',  ( 0.000000000000000000, 0.000000000000000000, -1.000000000000000000 ) ) ;
#2624 = SURFACE_STYLE_FILL_AREA ( #4952 ) ;
#2625 = ADVANCED_FACE ( 'NONE', ( #5849 ), #5393, .T. ) ;
#2626 = DIRECTION ( 'NONE',  ( -0.000000000000000000, -0.000000000000000000, -1.000000000000000000 ) ) ;
#2627 = CARTESIAN_POINT ( 'NONE',  ( -0.03906487161204973829, -0.02458512599876982660, 0.000000000000000000 ) ) ;
#2628 = VECTOR ( 'NONE', #2545, 1000.000000000000000 ) ;
#2629 = CARTESIAN_POINT ( 'NONE',  ( -0.09234231063644000870, 0.01581121546464480873, 0.001000000000000000021 ) ) ;
#2630 = LINE ( 'NONE', #5472, #4592 ) ;
#2631 = ORIENTED_EDGE ( 'NONE', *, *, #2809, .T. ) ;
#2632 = VECTOR ( 'NONE', #3369, 1000.000000000000000 ) ;
#2633 = DIRECTION ( 'NONE',  ( 0.000000000000000000, -0.000000000000000000, 1.000000000000000000 ) ) ;
#2634 = PRESENTATION_STYLE_ASSIGNMENT (( #1152 ) ) ;
#2635 = AXIS2_PLACEMENT_3D ( 'NONE', #846, #4611, #4104 ) ;
#2636 = CARTESIAN_POINT ( 'NONE',  ( 0.1600000000000000033, -0.1299999999999999767, -3.103770728153257847E-17 ) ) ;
#2637 = CARTESIAN_POINT ( 'NONE',  ( 0.03838004352676320508, 0.01979355130426439791, 0.000000000000000000 ) ) ;
#2638 = STYLED_ITEM ( 'NONE', ( #3071 ), #5133 ) ;
#2639 = ORIENTED_EDGE ( 'NONE', *, *, #1576, .T. ) ;
#2640 = FILL_AREA_STYLE ('',( #2582 ) ) ;
#2641 = LINE ( 'NONE', #4512, #4930 ) ;
#2642 = ADVANCED_FACE ( 'NONE', ( #70 ), #6012, .T. ) ;
#2643 = CARTESIAN_POINT ( 'NONE',  ( -0.2000000000000000111, 0.1399999999999999301, 0.2900000000000000355 ) ) ;
#2644 = PRESENTATION_STYLE_ASSIGNMENT (( #1189 ) ) ;
#2645 = VERTEX_POINT ( 'NONE', #3691 ) ;
#2646 = CIRCLE ( 'NONE', #2352, 0.01000000000000002623 ) ;
#2647 = AXIS2_PLACEMENT_3D ( 'NONE', #3380, #4150, #4624 ) ;
#2648 = CARTESIAN_POINT ( 'NONE',  ( -0.09163992287558407612, 0.01893294432707074218, 0.001000000000000000021 ) ) ;
#2649 = SURFACE_STYLE_USAGE ( .BOTH. , #5034 ) ;
#2650 = CARTESIAN_POINT ( 'NONE',  ( -0.04049794652268429856, 0.02539439940360106035, 0.000000000000000000 ) ) ;
#2651 = CARTESIAN_POINT ( 'NONE',  ( -0.2000000000000000111, 0.1399999999999999301, 0.2900000000000000355 ) ) ;
#2652 = CARTESIAN_POINT ( 'NONE',  ( 0.03205386336589377549, 0.02052884819092543403, 0.001000000000000000021 ) ) ;
#2653 = SURFACE_SIDE_STYLE ('',( #5859 ) ) ;
#2654 = CIRCLE ( 'NONE', #791, 0.009999999999999998473 ) ;
#2655 = ORIENTED_EDGE ( 'NONE', *, *, #2023, .F. ) ;
#2656 = PRESENTATION_STYLE_ASSIGNMENT (( #5529 ) ) ;
#2657 = SURFACE_STYLE_FILL_AREA ( #5464 ) ;
#2658 = CARTESIAN_POINT ( 'NONE',  ( 0.05005879621716570471, -0.02003138303670737308, 0.000000000000000000 ) ) ;
#2659 = FILL_AREA_STYLE_COLOUR ( '', #5935 ) ;
#2660 = CARTESIAN_POINT ( 'NONE',  ( -0.01571311856326925924, -0.01909732112072104818, 0.000000000000000000 ) ) ;
#2661 = CARTESIAN_POINT ( 'NONE',  ( -0.09176785743930045147, 0.01822371834429876991, 0.001000000000000000021 ) ) ;
#2662 = CARTESIAN_POINT ( 'NONE',  ( -0.2899999999999999800, 0.1399999999999999301, 0.2799999999999999156 ) ) ;
#2663 = VECTOR ( 'NONE', #3057, 1000.000000000000000 ) ;
#2664 = ORIENTED_EDGE ( 'NONE', *, *, #2893, .T. ) ;
#2665 = UNCERTAINTY_MEASURE_WITH_UNIT (LENGTH_MEASURE( 1.000000000000000082E-05 ), #3165, 'distance_accuracy_value', 'NONE');
#2666 = VECTOR ( 'NONE', #3450, 1000.000000000000000 ) ;
#2667 = DIRECTION ( 'NONE',  ( 0.000000000000000000, 1.000000000000000000, 0.000000000000000000 ) ) ;
#2668 = FACE_OUTER_BOUND ( 'NONE', #5625, .T. ) ;
#2669 = EDGE_CURVE ( 'NONE', #5365, #2674, #2720, .T. ) ;
#2670 = STYLED_ITEM ( 'NONE', ( #2555 ), #1566 ) ;
#2671 = FACE_OUTER_BOUND ( 'NONE', #2891, .T. ) ;
#2672 = SPHERICAL_SURFACE ( 'NONE', #4266, 0.01000000000000000021 ) ;
#2673 = CARTESIAN_POINT ( 'NONE',  ( -0.04754534699222128652, -0.01782432135164675399, 0.000000000000000000 ) ) ;
#2674 = VERTEX_POINT ( 'NONE', #1471 ) ;
#2675 = VERTEX_POINT ( 'NONE', #2239 ) ;
#2676 = EDGE_LOOP ( 'NONE', ( #3334, #763, #1349, #3303 ) ) ;
#2677 = EDGE_CURVE ( 'NONE', #2885, #5039, #5229, .T. ) ;
#2678 = FACE_OUTER_BOUND ( 'NONE', #1614, .T. ) ;
#2679 = CARTESIAN_POINT ( 'NONE',  ( -0.05770401337576377965, 0.009193798074317012167, 0.000000000000000000 ) ) ;
#2680 = ORIENTED_EDGE ( 'NONE', *, *, #4874, .F. ) ;
#2681 = CARTESIAN_POINT ( 'NONE',  ( -0.02546921612424486725, -0.02458512599876982660, 0.000000000000000000 ) ) ;
#2682 = CARTESIAN_POINT ( 'NONE',  ( 0.04085311497039819523, -0.01841693280378158340, 0.000000000000000000 ) ) ;
#2683 = B_SPLINE_CURVE_WITH_KNOTS ( 'NONE', 3,
 ( #2788, #1922, #4662, #2312, #1450, #1414, #3305, #5157, #1594, #4398, #3821 ),
 .UNSPECIFIED., .F., .F.,
 ( 4, 1, 1, 1, 1, 1, 1, 1, 4 ),
 ( 0.000000000000000000, 0.1451868664724696723, 0.2834426109197301091, 0.4165243659288290767, 0.5431811235350824107, 0.6651530826377128891, 0.7813602063127155217, 0.8927566556418091714, 1.000000000000000000 ),
 .UNSPECIFIED. ) ;
#2684 =( NAMED_UNIT ( * ) PLANE_ANGLE_UNIT ( ) SI_UNIT ( $, .RADIAN. ) );
#2685 =( LENGTH_UNIT ( ) NAMED_UNIT ( * ) SI_UNIT ( .MILLI., .METRE. ) );
#2686 = PRESENTATION_LAYER_ASSIGNMENT (  '', '', ( #3953 ) ) ;
#2687 = CARTESIAN_POINT ( 'NONE',  ( -0.05208028505002085945, -0.02189280744651419738, 0.001000000000000000021 ) ) ;
#2688 = FILL_AREA_STYLE ('',( #3520 ) ) ;
#2689 = VERTEX_POINT ( 'NONE', #1436 ) ;
#2690 = SURFACE_STYLE_USAGE ( .BOTH. , #5958 ) ;
#2691 = SURFACE_SIDE_STYLE ('',( #3669 ) ) ;
#2692 = PLANE ( 'NONE',  #2189 ) ;
#2693 = CARTESIAN_POINT ( 'NONE',  ( 0.04936016071041594844, 0.01022232934929309493, 0.001000000000000000021 ) ) ;
#2694 = COLOUR_RGB ( '',0.1019607843137254888, 0.1019607843137254888, 0.1019607843137254888 ) ;
#2695 = SURFACE_STYLE_USAGE ( .BOTH. , #783 ) ;
#2696 = DIRECTION ( 'NONE',  ( 0.000000000000000000, 0.000000000000000000, 1.000000000000000000 ) ) ;
#2697 =( NAMED_UNIT ( * ) PLANE_ANGLE_UNIT ( ) SI_UNIT ( $, .RADIAN. ) );
#2698 = ORIENTED_EDGE ( 'NONE', *, *, #4395, .F. ) ;
#2699 = COLOUR_RGB ( '',0.6666666666666666297, 0.6980392156862744724, 0.7686274509803920907 ) ;
#2700 =( NAMED_UNIT ( * ) PLANE_ANGLE_UNIT ( ) SI_UNIT ( $, .RADIAN. ) );
#2701 = CARTESIAN_POINT ( 'NONE',  ( -0.05610782381410100994, -0.01095545269230039503, 0.000000000000000000 ) ) ;
#2702 = CARTESIAN_POINT ( 'NONE',  ( -0.09157058807546437917, 0.01931731302562042160, 0.000000000000000000 ) ) ;
#2703 = SURFACE_SIDE_STYLE ('',( #3741 ) ) ;
#2704 = PRESENTATION_STYLE_ASSIGNMENT (( #27 ) ) ;
#2705 = SURFACE_STYLE_FILL_AREA ( #4991 ) ;
#2706 = CARTESIAN_POINT ( 'NONE',  ( -0.04149755027638463850, -0.01904926589940055676, 0.001000000000000000021 ) ) ;
#2707 = LINE ( 'NONE', #4107, #4091 ) ;
#2708 = ORIENTED_EDGE ( 'NONE', *, *, #3266, .F. ) ;
#2709 = ORIENTED_EDGE ( 'NONE', *, *, #5250, .T. ) ;
#2710 = UNCERTAINTY_MEASURE_WITH_UNIT (LENGTH_MEASURE( 1.000000000000000082E-05 ), #4430, 'distance_accuracy_value', 'NONE');
#2711 =( GEOMETRIC_REPRESENTATION_CONTEXT ( 3 ) GLOBAL_UNCERTAINTY_ASSIGNED_CONTEXT ( ( #1964 ) ) GLOBAL_UNIT_ASSIGNED_CONTEXT ( ( #1736, #4004, #5533 ) ) REPRESENTATION_CONTEXT ( 'NONE', 'WORKASPACE' ) );
#2712 = CARTESIAN_POINT ( 'NONE',  ( 0.02133186379683110756, -0.01676473541498877881, 0.000000000000000000 ) ) ;
#2713 = EDGE_CURVE ( 'NONE', #3361, #5781, #1260, .T. ) ;
#2714 = CARTESIAN_POINT ( 'NONE',  ( 0.02134141682913874918, -0.02225262506763032999, 0.001000000000000000021 ) ) ;
#2715 = EDGE_CURVE ( 'NONE', #5725, #5662, #1940, .T. ) ;
#2716 = STYLED_ITEM ( 'NONE', ( #3781 ), #3524 ) ;
#2717 = VECTOR ( 'NONE', #5603, 1000.000000000000000 ) ;
#2718 = AXIS2_PLACEMENT_3D ( 'NONE', #5964, #4035, #5899 ) ;
#2719 = ORIENTED_EDGE ( 'NONE', *, *, #1992, .T. ) ;
#2720 = LINE ( 'NONE', #417, #3537 ) ;
#2721 = CIRCLE ( 'NONE', #3008, 0.009999999999999998473 ) ;
#2722 = CARTESIAN_POINT ( 'NONE',  ( 0.03263863448551124202, 0.02602463009879115233, 0.000000000000000000 ) ) ;
#2723 = PRESENTATION_STYLE_ASSIGNMENT (( #5824 ) ) ;
#2724 = PRESENTATION_STYLE_ASSIGNMENT (( #829 ) ) ;
#2725 = EDGE_LOOP ( 'NONE', ( #1786, #1602, #227, #2680 ) ) ;
#2726 =( NAMED_UNIT ( * ) SI_UNIT ( $, .STERADIAN. ) SOLID_ANGLE_UNIT ( ) );
#2727 = CARTESIAN_POINT ( 'NONE',  ( -0.05602239528275015229, 0.01248714149315011644, 0.000000000000000000 ) ) ;
#2728 = CARTESIAN_POINT ( 'NONE',  ( -0.2899999999999999800, -0.1400000000000000411, 0.2899999999999998690 ) ) ;
#2729 = FACE_OUTER_BOUND ( 'NONE', #5189, .T. ) ;
#2730 = PLANE ( 'NONE',  #5141 ) ;
#2731 = PRESENTATION_STYLE_ASSIGNMENT (( #357 ) ) ;
#2732 = SURFACE_SIDE_STYLE ('',( #1396 ) ) ;
#2733 = STYLED_ITEM ( 'NONE', ( #632 ), #441 ) ;
#2734 = DIRECTION ( 'NONE',  ( 0.000000000000000000, 1.000000000000000000, 1.149544714130836139E-16 ) ) ;
#2735 = EDGE_CURVE ( 'NONE', #525, #1648, #2757, .T. ) ;
#2736 = ORIENTED_EDGE ( 'NONE', *, *, #3543, .F. ) ;
#2737 = FACE_OUTER_BOUND ( 'NONE', #3653, .T. ) ;
#2738 = VECTOR ( 'NONE', #330, 1000.000000000000000 ) ;
#2739 = SURFACE_STYLE_USAGE ( .BOTH. , #275 ) ;
#2740 =( NAMED_UNIT ( * ) PLANE_ANGLE_UNIT ( ) SI_UNIT ( $, .RADIAN. ) );
#2741 = STYLED_ITEM ( 'NONE', ( #3233 ), #1121 ) ;
#2742 = CARTESIAN_POINT ( 'NONE',  ( -0.08146197527058633703, -0.01056073575486738726, 0.000000000000000000 ) ) ;
#2743 = SURFACE_SIDE_STYLE ('',( #6029 ) ) ;
#2744 = CARTESIAN_POINT ( 'NONE',  ( -0.05900580149009851394, 0.0009007733914740772251, 0.000000000000000000 ) ) ;
#2745 = CARTESIAN_POINT ( 'NONE',  ( -0.1237202270661173081, 0.000000000000000000, 0.2890000000000000346 ) ) ;
#2746 =( GEOMETRIC_REPRESENTATION_CONTEXT ( 3 ) GLOBAL_UNCERTAINTY_ASSIGNED_CONTEXT ( ( #5968 ) ) GLOBAL_UNIT_ASSIGNED_CONTEXT ( ( #5632, #433, #1033 ) ) REPRESENTATION_CONTEXT ( 'NONE', 'WORKASPACE' ) );
#2747 = ORIENTED_EDGE ( 'NONE', *, *, #1549, .T. ) ;
#2748 = PLANE ( 'NONE',  #1981 ) ;
#2749 = UNCERTAINTY_MEASURE_WITH_UNIT (LENGTH_MEASURE( 1.000000000000000082E-05 ), #346, 'distance_accuracy_value', 'NONE');
#2750 =( GEOMETRIC_REPRESENTATION_CONTEXT ( 3 ) GLOBAL_UNCERTAINTY_ASSIGNED_CONTEXT ( ( #5707 ) ) GLOBAL_UNIT_ASSIGNED_CONTEXT ( ( #2386, #2512, #3920 ) ) REPRESENTATION_CONTEXT ( 'NONE', 'WORKASPACE' ) );
#2751 = CARTESIAN_POINT ( 'NONE',  ( 0.02131626657177722317, 0.01759361435812120331, 0.000000000000000000 ) ) ;
#2752 =( NAMED_UNIT ( * ) PLANE_ANGLE_UNIT ( ) SI_UNIT ( $, .RADIAN. ) );
#2753 = STYLED_ITEM ( 'NONE', ( #1442 ), #5131 ) ;
#2754 =( NAMED_UNIT ( * ) SI_UNIT ( $, .STERADIAN. ) SOLID_ANGLE_UNIT ( ) );
#2755 =( GEOMETRIC_REPRESENTATION_CONTEXT ( 3 ) GLOBAL_UNCERTAINTY_ASSIGNED_CONTEXT ( ( #5208 ) ) GLOBAL_UNIT_ASSIGNED_CONTEXT ( ( #2769, #1812, #6001 ) ) REPRESENTATION_CONTEXT ( 'NONE', 'WORKASPACE' ) );
#2756 = EDGE_LOOP ( 'NONE', ( #972, #1942, #913 ) ) ;
#2757 = CIRCLE ( 'NONE', #5179, 0.009999999999999998473 ) ;
#2758 = ORIENTED_EDGE ( 'NONE', *, *, #790, .F. ) ;
#2759 = CARTESIAN_POINT ( 'NONE',  ( -0.05602239528275015229, 0.01248714149315011644, 0.001000000000000000021 ) ) ;
#2760 = PRESENTATION_STYLE_ASSIGNMENT (( #5074 ) ) ;
#2761 = SURFACE_SIDE_STYLE ('',( #2657 ) ) ;
#2762 = AXIS2_PLACEMENT_3D ( 'NONE', #1428, #429, #496 ) ;
#2763 = CARTESIAN_POINT ( 'NONE',  ( -0.2000000000000000389, -0.1500000000000000500, 0.2799999999999998601 ) ) ;
#2764 = CARTESIAN_POINT ( 'NONE',  ( -0.09105425174174093528, 0.01734622166403974181, 0.001000000000000000021 ) ) ;
#2765 = CARTESIAN_POINT ( 'NONE',  ( -0.06155237330580937138, -0.01382006822469384125, 0.001000000000000000021 ) ) ;
#2766 = VECTOR ( 'NONE', #5385, 1000.000000000000000 ) ;
#2767 = ORIENTED_EDGE ( 'NONE', *, *, #882, .T. ) ;
#2768 = DIRECTION ( 'NONE',  ( 0.000000000000000000, 0.000000000000000000, -1.000000000000000000 ) ) ;
#2769 =( LENGTH_UNIT ( ) NAMED_UNIT ( * ) SI_UNIT ( .MILLI., .METRE. ) );
#2770 = CIRCLE ( 'NONE', #4419, 0.03034656252617936104 ) ;
#2771 =( LENGTH_UNIT ( ) NAMED_UNIT ( * ) SI_UNIT ( .MILLI., .METRE. ) );
#2772 = LINE ( 'NONE', #2291, #1060 ) ;
#2773 = FACE_OUTER_BOUND ( 'NONE', #955, .T. ) ;
#2774 = ORIENTED_EDGE ( 'NONE', *, *, #1486, .T. ) ;
#2775 = PRESENTATION_STYLE_ASSIGNMENT (( #5089 ) ) ;
#2776 = ADVANCED_FACE ( 'NONE', ( #1039 ), #3323, .T. ) ;
#2777 = VECTOR ( 'NONE', #5199, 1000.000000000000114 ) ;
#2778 = CARTESIAN_POINT ( 'NONE',  ( 0.004408832656242948553, 0.01992706912318139775, 0.001000000000000000021 ) ) ;
#2779 = STYLED_ITEM ( 'NONE', ( #127 ), #2306 ) ;
#2780 =( NAMED_UNIT ( * ) PLANE_ANGLE_UNIT ( ) SI_UNIT ( $, .RADIAN. ) );
#2781 =( LENGTH_UNIT ( ) NAMED_UNIT ( * ) SI_UNIT ( .MILLI., .METRE. ) );
#2782 = ORIENTED_EDGE ( 'NONE', *, *, #5321, .F. ) ;
#2783 = CARTESIAN_POINT ( 'NONE',  ( 0.04524349790807703775, -0.01567234840204667287, 0.001000000000000000021 ) ) ;
#2784 = EDGE_LOOP ( 'NONE', ( #1778, #345, #4060, #1662 ) ) ;
#2785 = ORIENTED_EDGE ( 'NONE', *, *, #654, .F. ) ;
#2786 =( GEOMETRIC_REPRESENTATION_CONTEXT ( 3 ) GLOBAL_UNCERTAINTY_ASSIGNED_CONTEXT ( ( #2918 ) ) GLOBAL_UNIT_ASSIGNED_CONTEXT ( ( #2332, #5177, #5118 ) ) REPRESENTATION_CONTEXT ( 'NONE', 'WORKASPACE' ) );
#2787 = ORIENTED_EDGE ( 'NONE', *, *, #2973, .F. ) ;
#2788 = CARTESIAN_POINT ( 'NONE',  ( 0.03263863448551124202, 0.02602463009879115233, 0.001000000000000000021 ) ) ;
#2789 = CARTESIAN_POINT ( 'NONE',  ( 0.004408832656242948553, 0.003463654489035054244, 0.000000000000000000 ) ) ;
#2790 = CARTESIAN_POINT ( 'NONE',  ( 0.2899999999999999800, -0.1400000000000000411, 0.2799999999999998601 ) ) ;
#2791 =( GEOMETRIC_REPRESENTATION_CONTEXT ( 3 ) GLOBAL_UNCERTAINTY_ASSIGNED_CONTEXT ( ( #6005 ) ) GLOBAL_UNIT_ASSIGNED_CONTEXT ( ( #2028, #1106, #4880 ) ) REPRESENTATION_CONTEXT ( 'NONE', 'WORKASPACE' ) );
#2792 = DIRECTION ( 'NONE',  ( -0.000000000000000000, -1.000000000000000000, -0.000000000000000000 ) ) ;
#2793 = CARTESIAN_POINT ( 'NONE',  ( -0.09084724471228387832, 0.01653173110287119857, 0.000000000000000000 ) ) ;
#2794 = EDGE_CURVE ( 'NONE', #3355, #4736, #4903, .T. ) ;
#2795 = FILL_AREA_STYLE ('',( #5134 ) ) ;
#2796 = EDGE_LOOP ( 'NONE', ( #597, #1278, #2417, #812 ) ) ;
#2797 = SURFACE_STYLE_USAGE ( .BOTH. , #5568 ) ;
#2798 = CARTESIAN_POINT ( 'NONE',  ( -0.03955077100229364984, 0.01992706912318139775, 0.001000000000000000021 ) ) ;
#2799 = FACE_OUTER_BOUND ( 'NONE', #3458, .T. ) ;
#2800 = UNCERTAINTY_MEASURE_WITH_UNIT (LENGTH_MEASURE( 1.000000000000000082E-05 ), #2313, 'distance_accuracy_value', 'NONE');
#2801 = FILL_AREA_STYLE_COLOUR ( '', #939 ) ;
#2802 = LINE ( 'NONE', #1464, #553 ) ;
#2803 = B_SPLINE_CURVE_WITH_KNOTS ( 'NONE', 3,
 ( #4281, #521, #4830, #4250, #630, #2376, #53, #85, #2503, #4369, #1951, #3825, #3052, #3019, #1139, #690, #1114, #1598, #5886 ),
 .UNSPECIFIED., .F., .F.,
 ( 4, 1, 1, 1, 1, 1, 1, 1, 1, 1, 1, 1, 1, 1, 1, 1, 4 ),
 ( 0.000000000000000000, 0.07082657255516341954, 0.1381690332797999854, 0.2024753315338422566, 0.2639737544135198899, 0.3233803205980371187, 0.3817976227131854583, 0.4393900745193891066, 0.4969027245459975983, 0.5546621696093703147, 0.6127418784921975226, 0.6715388363911724001, 0.7316557220901981351, 0.7942978116139531863, 0.8594822049793585661, 0.9276813254527899177, 1.000000000000000000 ),
 .UNSPECIFIED. ) ;
#2804 = ORIENTED_EDGE ( 'NONE', *, *, #3266, .T. ) ;
#2805 = ORIENTED_EDGE ( 'NONE', *, *, #4790, .F. ) ;
#2806 = SURFACE_STYLE_FILL_AREA ( #4580 ) ;
#2807 = DIRECTION ( 'NONE',  ( -1.000000000000000000, -9.680376540049147084E-17, -0.000000000000000000 ) ) ;
#2808 = SURFACE_STYLE_USAGE ( .BOTH. , #1383 ) ;
#2809 = EDGE_CURVE ( 'NONE', #2987, #3818, #152, .T. ) ;
#2810 = VECTOR ( 'NONE', #5863, 1000.000000000000000 ) ;
#2811 = STYLED_ITEM ( 'NONE', ( #4816 ), #4426 ) ;
#2812 = EDGE_LOOP ( 'NONE', ( #3684, #1497, #2350, #4583 ) ) ;
#2813 = APPLICATION_CONTEXT ( 'automotive_design' ) ;
#2814 = DIRECTION ( 'NONE',  ( 0.000000000000000000, 1.000000000000000000, 0.000000000000000000 ) ) ;
#2815 = MECHANICAL_DESIGN_GEOMETRIC_PRESENTATION_REPRESENTATION (  '', ( #5431 ), #647 ) ;
#2816 = PRESENTATION_LAYER_ASSIGNMENT (  '', '', ( #2904 ) ) ;
#2817 = VERTEX_POINT ( 'NONE', #5314 ) ;
#2818 = VERTEX_POINT ( 'NONE', #3869 ) ;
#2819 = VECTOR ( 'NONE', #5855, 1000.000000000000000 ) ;
#2820 = FACE_OUTER_BOUND ( 'NONE', #2612, .T. ) ;
#2821 = CARTESIAN_POINT ( 'NONE',  ( 0.1500000000000000222, -0.1399999999999999856, -3.218725199566341288E-17 ) ) ;
#2822 = UNCERTAINTY_MEASURE_WITH_UNIT (LENGTH_MEASURE( 1.000000000000000082E-05 ), #5202, 'distance_accuracy_value', 'NONE');
#2823 = FILL_AREA_STYLE_COLOUR ( '', #5539 ) ;
#2824 = CARTESIAN_POINT ( 'NONE',  ( -0.2899999999999999800, -0.1400000000000000411, 0.2799999999999999156 ) ) ;
#2825 = DIRECTION ( 'NONE',  ( 9.680376540049147084E-17, -1.000000000000000000, 0.000000000000000000 ) ) ;
#2826 = ORIENTED_EDGE ( 'NONE', *, *, #2079, .F. ) ;
#2827 = DIRECTION ( 'NONE',  ( 0.000000000000000000, 1.000000000000000000, 0.000000000000000000 ) ) ;
#2828 =( NAMED_UNIT ( * ) PLANE_ANGLE_UNIT ( ) SI_UNIT ( $, .RADIAN. ) );
#2829 = FACE_OUTER_BOUND ( 'NONE', #1035, .T. ) ;
#2830 = ADVANCED_FACE ( 'NONE', ( #4448 ), #1102, .T. ) ;
#2831 =( NAMED_UNIT ( * ) PLANE_ANGLE_UNIT ( ) SI_UNIT ( $, .RADIAN. ) );
#2832 = FACE_OUTER_BOUND ( 'NONE', #531, .T. ) ;
#2833 =( NAMED_UNIT ( * ) PLANE_ANGLE_UNIT ( ) SI_UNIT ( $, .RADIAN. ) );
#2834 = ORIENTED_EDGE ( 'NONE', *, *, #4842, .F. ) ;
#2835 = ORIENTED_EDGE ( 'NONE', *, *, #987, .T. ) ;
#2836 = CIRCLE ( 'NONE', #5840, 0.01000000000000000021 ) ;
#2837 = CARTESIAN_POINT ( 'NONE',  ( 0.02133186379683110756, -0.01676473541498877881, 0.001000000000000000021 ) ) ;
#2838 = CIRCLE ( 'NONE', #182, 0.01000000000000002623 ) ;
#2839 =( NAMED_UNIT ( * ) SI_UNIT ( $, .STERADIAN. ) SOLID_ANGLE_UNIT ( ) );
#2840 = PRESENTATION_LAYER_ASSIGNMENT (  '', '', ( #2741 ) ) ;
#2841 = DIRECTION ( 'NONE',  ( -1.000000000000000000, 0.000000000000000000, 0.000000000000000000 ) ) ;
#2842 = DIRECTION ( 'NONE',  ( 0.000000000000000000, 1.000000000000000000, 0.000000000000000000 ) ) ;
#2843 = SURFACE_SIDE_STYLE ('',( #953 ) ) ;
#2844 = PLANE ( 'NONE',  #5306 ) ;
#2845 = EDGE_CURVE ( 'NONE', #2817, #5365, #603, .T. ) ;
#2846 = AXIS2_PLACEMENT_3D ( 'NONE', #4259, #5691, #3864 ) ;
#2847 = ORIENTED_EDGE ( 'NONE', *, *, #341, .F. ) ;
#2848 = ORIENTED_EDGE ( 'NONE', *, *, #276, .F. ) ;
#2849 = CARTESIAN_POINT ( 'NONE',  ( -0.05870975316176003933, 0.005314511977076996629, 0.001000000000000000021 ) ) ;
#2850 = CARTESIAN_POINT ( 'NONE',  ( -0.2000000000000000111, 0.1400000000000000411, -0.009999999999999998473 ) ) ;
#2851 = PRESENTATION_LAYER_ASSIGNMENT (  '', '', ( #5090 ) ) ;
#2852 =( NAMED_UNIT ( * ) PLANE_ANGLE_UNIT ( ) SI_UNIT ( $, .RADIAN. ) );
#2853 = B_SPLINE_CURVE_WITH_KNOTS ( 'NONE', 3,
 ( #1688, #4947, #1761, #2618, #5924, #1291, #5363, #1169, #1727, #2652, #2592 ),
 .UNSPECIFIED., .F., .F.,
 ( 4, 1, 1, 1, 1, 1, 1, 1, 4 ),
 ( 0.000000000000000000, 0.1252796967356259727, 0.2494199707420513001, 0.3733567994928199130, 0.4966812787822861286, 0.6202029157439825635, 0.7450863201614565945, 0.8712691950190978307, 1.000000000000000000 ),
 .UNSPECIFIED. ) ;
#2854 = DIRECTION ( 'NONE',  ( -0.000000000000000000, -0.000000000000000000, -1.000000000000000000 ) ) ;
#2855 = FACE_OUTER_BOUND ( 'NONE', #2249, .T. ) ;
#2856 = CARTESIAN_POINT ( 'NONE',  ( -0.09124017615213118881, 0.01828867053690088132, 0.001000000000000000021 ) ) ;
#2857 = STYLED_ITEM ( 'NONE', ( #3773 ), #1774 ) ;
#2858 = SURFACE_SIDE_STYLE ('',( #3349 ) ) ;
#2859 = CARTESIAN_POINT ( 'NONE',  ( 0.1600000000000000311, 0.1400000000000000411, 1.694065894508600486E-18 ) ) ;
#2860 = ORIENTED_EDGE ( 'NONE', *, *, #5585, .F. ) ;
#2861 = ORIENTED_EDGE ( 'NONE', *, *, #341, .T. ) ;
#2862 = ADVANCED_FACE ( 'NONE', ( #3901 ), #3983, .T. ) ;
#2863 = COLOUR_RGB ( '',0.6666666666666666297, 0.6980392156862744724, 0.7686274509803920907 ) ;
#2864 = CARTESIAN_POINT ( 'NONE',  ( 1.112802568240965137E-34, 6.050235337530882991E-20, -1.524659305057740610E-17 ) ) ;
#2865 = SURFACE_STYLE_USAGE ( .BOTH. , #4766 ) ;
#2866 = CARTESIAN_POINT ( 'NONE',  ( 0.2899999999999999800, 0.1399999999999999301, 0.2799999999999999156 ) ) ;
#2867 = EDGE_CURVE ( 'NONE', #2436, #2286, #1304, .T. ) ;
#2868 = EDGE_CURVE ( 'NONE', #4115, #5606, #2556, .T. ) ;
#2869 = VERTEX_POINT ( 'NONE', #5410 ) ;
#2870 = VECTOR ( 'NONE', #5826, 1000.000000000000000 ) ;
#2871 = SURFACE_STYLE_USAGE ( .BOTH. , #1970 ) ;
#2872 = CARTESIAN_POINT ( 'NONE',  ( 0.04765077031566498228, -0.01305639783419473669, 0.001000000000000000021 ) ) ;
#2873 = ORIENTED_EDGE ( 'NONE', *, *, #4047, .F. ) ;
#2874 = DIRECTION ( 'NONE',  ( -9.680376540049145852E-17, 1.000000000000000000, -0.000000000000000000 ) ) ;
#2875 = FILL_AREA_STYLE ('',( #5647 ) ) ;
#2876 = FILL_AREA_STYLE_COLOUR ( '', #4676 ) ;
#2877 = DIRECTION ( 'NONE',  ( 0.000000000000000000, -0.000000000000000000, 1.000000000000000000 ) ) ;
#2878 = CARTESIAN_POINT ( 'NONE',  ( -0.3000000000000000444, -0.1400000000000000411, 0.2799999999999998601 ) ) ;
#2879 = SURFACE_STYLE_FILL_AREA ( #1456 ) ;
#2880 = ORIENTED_EDGE ( 'NONE', *, *, #5028, .T. ) ;
#2881 = LINE ( 'NONE', #4756, #2997 ) ;
#2882 = COLOUR_RGB ( '',0.6666666666666666297, 0.6980392156862744724, 0.7686274509803920907 ) ;
#2883 = LINE ( 'NONE', #527, #4278 ) ;
#2884 = ORIENTED_EDGE ( 'NONE', *, *, #4439, .F. ) ;
#2885 = VERTEX_POINT ( 'NONE', #754 ) ;
#2886 = FACE_OUTER_BOUND ( 'NONE', #1510, .T. ) ;
#2887 = UNCERTAINTY_MEASURE_WITH_UNIT (LENGTH_MEASURE( 1.000000000000000082E-05 ), #3456, 'distance_accuracy_value', 'NONE');
#2888 = FILL_AREA_STYLE_COLOUR ( '', #1163 ) ;
#2889 = FACE_OUTER_BOUND ( 'NONE', #1404, .T. ) ;
#2890 =( NAMED_UNIT ( * ) SI_UNIT ( $, .STERADIAN. ) SOLID_ANGLE_UNIT ( ) );
#2891 = EDGE_LOOP ( 'NONE', ( #4110, #1896, #561, #3149, #3014, #3569, #5980, #88 ) ) ;
#2892 = LINE ( 'NONE', #2926, #616 ) ;
#2893 = EDGE_CURVE ( 'NONE', #3478, #4544, #5764, .T. ) ;
#2894 = CARTESIAN_POINT ( 'NONE',  ( -0.06571311856326926548, 0.001043684976839931011, 0.000000000000000000 ) ) ;
#2895 = LINE ( 'NONE', #5207, #3048 ) ;
#2896 = UNCERTAINTY_MEASURE_WITH_UNIT (LENGTH_MEASURE( 1.000000000000000082E-05 ), #731, 'distance_accuracy_value', 'NONE');
#2897 = ORIENTED_EDGE ( 'NONE', *, *, #5242, .T. ) ;
#2898 = AXIS2_PLACEMENT_3D ( 'NONE', #2636, #4508, #558 ) ;
#2899 = CARTESIAN_POINT ( 'NONE',  ( -0.03217653319741560491, 0.01992706912318139775, 0.001000000000000000021 ) ) ;
#2900 = CARTESIAN_POINT ( 'NONE',  ( -0.03955077100229364984, 0.01992706912318139775, 0.001000000000000000021 ) ) ;
#2901 = CARTESIAN_POINT ( 'NONE',  ( -0.08314833197790340302, -0.005072930876818605370, 0.000000000000000000 ) ) ;
#2902 = STYLED_ITEM ( 'NONE', ( #3368 ), #3311 ) ;
#2903 =( NAMED_UNIT ( * ) SI_UNIT ( $, .STERADIAN. ) SOLID_ANGLE_UNIT ( ) );
#2904 = STYLED_ITEM ( 'NONE', ( #1903 ), #4557 ) ;
#2905 = ADVANCED_FACE ( 'NONE', ( #5503 ), #3195, .T. ) ;
#2906 = CARTESIAN_POINT ( 'NONE',  ( 0.05136005216843807231, -0.0001186625841356777722, 0.001000000000000000021 ) ) ;
#2907 = PRESENTATION_STYLE_ASSIGNMENT (( #993 ) ) ;
#2908 = DIRECTION ( 'NONE',  ( 0.000000000000000000, 0.000000000000000000, 1.000000000000000000 ) ) ;
#2909 = CARTESIAN_POINT ( 'NONE',  ( 0.05259884672208972600, 0.01686725736057132288, 0.001000000000000000021 ) ) ;
#2910 = CARTESIAN_POINT ( 'NONE',  ( 0.1500000000000000500, 0.1400000000000000411, 1.694065894508600678E-18 ) ) ;
#2911 = CARTESIAN_POINT ( 'NONE',  ( -0.05366505450872676580, 0.01517885595129658295, 0.001000000000000000021 ) ) ;
#2912 = STYLED_ITEM ( 'NONE', ( #2016 ), #5944 ) ;
#2913 = ADVANCED_FACE ( 'NONE', ( #367 ), #3676, .F. ) ;
#2914 = SURFACE_SIDE_STYLE ('',( #1957 ) ) ;
#2915 =( NAMED_UNIT ( * ) SI_UNIT ( $, .STERADIAN. ) SOLID_ANGLE_UNIT ( ) );
#2916 = CARTESIAN_POINT ( 'NONE',  ( 0.03462986924160880303, -0.02519488209633080275, 0.000000000000000000 ) ) ;
#2917 = CARTESIAN_POINT ( 'NONE',  ( 0.05631289203242669655, 0.01026334299732335580, 0.001000000000000000021 ) ) ;
#2918 = UNCERTAINTY_MEASURE_WITH_UNIT (LENGTH_MEASURE( 1.000000000000000082E-05 ), #2332, 'distance_accuracy_value', 'NONE');
#2919 = ORIENTED_EDGE ( 'NONE', *, *, #2794, .T. ) ;
#2920 = ORIENTED_EDGE ( 'NONE', *, *, #5992, .T. ) ;
#2921 = SURFACE_STYLE_USAGE ( .BOTH. , #1965 ) ;
#2922 = CARTESIAN_POINT ( 'NONE',  ( 0.01111614972941367581, -0.02458512599876982660, 0.001000000000000000021 ) ) ;
#2923 = COLOUR_RGB ( '',0.6666666666666666297, 0.6980392156862744724, 0.7686274509803920907 ) ;
#2924 = DIRECTION ( 'NONE',  ( 1.000000000000000000, -9.680376540049147084E-17, -0.000000000000000000 ) ) ;
#2925 = UNCERTAINTY_MEASURE_WITH_UNIT (LENGTH_MEASURE( 1.000000000000000082E-05 ), #1371, 'distance_accuracy_value', 'NONE');
#2926 = CARTESIAN_POINT ( 'NONE',  ( 0.02087224729038928209, -0.01650585770608689953, 0.001000000000000000021 ) ) ;
#2927 = CARTESIAN_POINT ( 'NONE',  ( -0.06471401868750911723, -0.007013316364117928858, 0.000000000000000000 ) ) ;
#2928 = STYLED_ITEM ( 'NONE', ( #458 ), #1154 ) ;
#2929 = FILL_AREA_STYLE ('',( #4773 ) ) ;
#2930 = FACE_OUTER_BOUND ( 'NONE', #1178, .T. ) ;
#2931 =( LENGTH_UNIT ( ) NAMED_UNIT ( * ) SI_UNIT ( .MILLI., .METRE. ) );
#2932 = CARTESIAN_POINT ( 'NONE',  ( 0.04178940661603426643, 0.01838666392305995240, 0.001000000000000000021 ) ) ;
#2933 = FACE_OUTER_BOUND ( 'NONE', #3006, .T. ) ;
#2934 =( GEOMETRIC_REPRESENTATION_CONTEXT ( 3 ) GLOBAL_UNCERTAINTY_ASSIGNED_CONTEXT ( ( #5823 ) ) GLOBAL_UNIT_ASSIGNED_CONTEXT ( ( #5130, #929, #1334 ) ) REPRESENTATION_CONTEXT ( 'NONE', 'WORKASPACE' ) );
#2935 = CARTESIAN_POINT ( 'NONE',  ( -0.09157058807546437917, 0.01931731302562042160, 0.000000000000000000 ) ) ;
#2936 = EDGE_CURVE ( 'NONE', #1553, #4038, #3286, .T. ) ;
#2937 = ORIENTED_EDGE ( 'NONE', *, *, #5404, .F. ) ;
#2938 = SURFACE_STYLE_USAGE ( .BOTH. , #117 ) ;
#2939 = CARTESIAN_POINT ( 'NONE',  ( -0.04026273481261563592, 0.01991241941472667726, 0.001000000000000000021 ) ) ;
#2940 = AXIS2_PLACEMENT_3D ( 'NONE', #3812, #5611, #5670 ) ;
#2941 = LINE ( 'NONE', #1058, #5545 ) ;
#2942 = LINE ( 'NONE', #2046, #5084 ) ;
#2943 = FACE_OUTER_BOUND ( 'NONE', #1104, .T. ) ;
#2944 = CARTESIAN_POINT ( 'NONE',  ( 0.02134141682913874918, -0.02225262506763032999, -0.000000000000000000 ) ) ;
#2945 =( LENGTH_UNIT ( ) NAMED_UNIT ( * ) SI_UNIT ( .MILLI., .METRE. ) );
#2946 = ORIENTED_EDGE ( 'NONE', *, *, #1032, .T. ) ;
#2947 = MECHANICAL_DESIGN_GEOMETRIC_PRESENTATION_REPRESENTATION (  '', ( #2345 ), #5765 ) ;
#2948 = COLOUR_RGB ( '',0.1019607843137254888, 0.1019607843137254888, 0.1019607843137254888 ) ;
#2949 = FILL_AREA_STYLE ('',( #2550 ) ) ;
#2950 = LINE ( 'NONE', #976, #709 ) ;
#2951 = VERTEX_POINT ( 'NONE', #937 ) ;
#2952 = CARTESIAN_POINT ( 'NONE',  ( 0.3000000000000000444, -0.1500000000000000500, 0.2799999999999998601 ) ) ;
#2953 = STYLED_ITEM ( 'NONE', ( #695 ), #1232 ) ;
#2954 = ORIENTED_EDGE ( 'NONE', *, *, #3067, .T. ) ;
#2955 = MECHANICAL_DESIGN_GEOMETRIC_PRESENTATION_REPRESENTATION (  '', ( #798 ), #4636 ) ;
#2956 = CARTESIAN_POINT ( 'NONE',  ( -0.1844133521184760371, 3.716382066281057806E-18, 0.2890000000000000346 ) ) ;
#2957 =( NAMED_UNIT ( * ) PLANE_ANGLE_UNIT ( ) SI_UNIT ( $, .RADIAN. ) );
#2958 = CARTESIAN_POINT ( 'NONE',  ( 0.03434804140680379481, -0.01969052231408785492, 0.001000000000000000021 ) ) ;
#2959 =( NAMED_UNIT ( * ) PLANE_ANGLE_UNIT ( ) SI_UNIT ( $, .RADIAN. ) );
#2960 = CARTESIAN_POINT ( 'NONE',  ( 0.2000000000000000389, 0.1399999999999999301, 0.2900000000000000355 ) ) ;
#2961 = STYLED_ITEM ( 'NONE', ( #5607 ), #2244 ) ;
#2962 = CARTESIAN_POINT ( 'NONE',  ( 0.04738818418259561210, 0.01351997388719446483, 0.001000000000000000021 ) ) ;
#2963 = CARTESIAN_POINT ( 'NONE',  ( 0.05091416799755696387, 0.01875234866158748126, 0.001000000000000000021 ) ) ;
#2964 = SURFACE_STYLE_USAGE ( .BOTH. , #1088 ) ;
#2965 = VERTEX_POINT ( 'NONE', #4700 ) ;
#2966 = LINE ( 'NONE', #3554, #3058 ) ;
#2967 = EDGE_CURVE ( 'NONE', #1075, #5155, #2287, .T. ) ;
#2968 = DIRECTION ( 'NONE',  ( 0.000000000000000000, -1.000000000000000000, 0.000000000000000000 ) ) ;
#2969 = CARTESIAN_POINT ( 'NONE',  ( 0.04178940661603426643, 0.01838666392305995240, 0.001000000000000000021 ) ) ;
#2970 = EDGE_CURVE ( 'NONE', #1820, #5502, #2353, .T. ) ;
#2971 = SURFACE_SIDE_STYLE ('',( #1492 ) ) ;
#2972 = DIRECTION ( 'NONE',  ( 0.000000000000000000, 0.000000000000000000, -1.000000000000000000 ) ) ;
#2973 = EDGE_CURVE ( 'NONE', #4537, #2674, #4165, .T. ) ;
#2974 = CARTESIAN_POINT ( 'NONE',  ( -0.05076700354404747872, 0.01727048279837879730, 0.000000000000000000 ) ) ;
#2975 = CARTESIAN_POINT ( 'NONE',  ( 0.05091416799755696387, 0.01875234866158748126, 0.000000000000000000 ) ) ;
#2976 = ORIENTED_EDGE ( 'NONE', *, *, #3264, .F. ) ;
#2977 = VERTEX_POINT ( 'NONE', #5652 ) ;
#2978 = COLOUR_RGB ( '',0.1019607843137254888, 0.1019607843137254888, 0.1019607843137254888 ) ;
#2979 = SURFACE_SIDE_STYLE ('',( #1127 ) ) ;
#2980 = PRESENTATION_LAYER_ASSIGNMENT (  '', '', ( #1593 ) ) ;
#2981 = SURFACE_SIDE_STYLE ('',( #535 ) ) ;
#2982 = ORIENTED_EDGE ( 'NONE', *, *, #2669, .T. ) ;
#2983 = VECTOR ( 'NONE', #6051, 1000.000000000000000 ) ;
#2984 = CARTESIAN_POINT ( 'NONE',  ( -0.1500000000000000222, -0.1300000000000000044, -3.097720492815727659E-17 ) ) ;
#2985 = EDGE_CURVE ( 'NONE', #2645, #5088, #1562, .T. ) ;
#2986 = CARTESIAN_POINT ( 'NONE',  ( -0.06155038225724264456, 0.01523358821375406930, 0.000000000000000000 ) ) ;
#2987 = VERTEX_POINT ( 'NONE', #6025 ) ;
#2988 = CYLINDRICAL_SURFACE ( 'NONE', #5371, 0.009999999999999998473 ) ;
#2989 = CARTESIAN_POINT ( 'NONE',  ( 0.02087224729038928209, 0.02404292278171798330, 0.001000000000000000021 ) ) ;
#2990 = CARTESIAN_POINT ( 'NONE',  ( 0.04524349790807703775, -0.01567234840204667287, 0.001000000000000000021 ) ) ;
#2991 = EDGE_CURVE ( 'NONE', #4937, #3010, #1373, .T. ) ;
#2992 = CARTESIAN_POINT ( 'NONE',  ( -0.06937165514863510851, -0.02458512599876982660, 0.000000000000000000 ) ) ;
#2993 = SURFACE_STYLE_USAGE ( .BOTH. , #744 ) ;
#2994 =( LENGTH_UNIT ( ) NAMED_UNIT ( * ) SI_UNIT ( .MILLI., .METRE. ) );
#2995 = CARTESIAN_POINT ( 'NONE',  ( 0.04708071240259774359, 0.02195204512702905730, 0.001000000000000000021 ) ) ;
#2996 = ORIENTED_EDGE ( 'NONE', *, *, #4874, .T. ) ;
#2997 = VECTOR ( 'NONE', #4287, 1000.000000000000000 ) ;
#2998 = PRESENTATION_LAYER_ASSIGNMENT (  '', '', ( #5631 ) ) ;
#2999 = FILL_AREA_STYLE ('',( #4342 ) ) ;
#3000 = DIRECTION ( 'NONE',  ( 1.000000000000000000, -0.000000000000000000, -0.000000000000000000 ) ) ;
#3001 = CIRCLE ( 'NONE', #1929, 0.01000000000000002623 ) ;
#3002 = SURFACE_SIDE_STYLE ('',( #4843 ) ) ;
#3003 = VECTOR ( 'NONE', #3179, 1000.000000000000000 ) ;
#3004 = DIRECTION ( 'NONE',  ( -0.000000000000000000, -0.000000000000000000, -1.000000000000000000 ) ) ;
#3005 = ORIENTED_EDGE ( 'NONE', *, *, #892, .F. ) ;
#3006 = EDGE_LOOP ( 'NONE', ( #2051, #2371, #74, #383 ) ) ;
#3007 = MECHANICAL_DESIGN_GEOMETRIC_PRESENTATION_REPRESENTATION (  '', ( #1132 ), #4473 ) ;
#3008 = AXIS2_PLACEMENT_3D ( 'NONE', #668, #3027, #4897 ) ;
#3009 = LINE ( 'NONE', #3470, #4796 ) ;
#3010 = VERTEX_POINT ( 'NONE', #3764 ) ;
#3011 = CARTESIAN_POINT ( 'NONE',  ( -0.06390333059450470365, -0.009429955606056609693, 0.000000000000000000 ) ) ;
#3012 = DIRECTION ( 'NONE',  ( 0.000000000000000000, 1.000000000000000000, 0.000000000000000000 ) ) ;
#3013 = CARTESIAN_POINT ( 'NONE',  ( -0.06571311856326926548, 0.001043684976839931011, 0.000000000000000000 ) ) ;
#3014 = ORIENTED_EDGE ( 'NONE', *, *, #3078, .F. ) ;
#3015 = CARTESIAN_POINT ( 'NONE',  ( 0.2899999999999999800, -0.1400000000000000133, -3.388131789017201356E-17 ) ) ;
#3016 = CARTESIAN_POINT ( 'NONE',  ( 0.05108595306410528697, -0.004361350254752263504, 0.001000000000000000021 ) ) ;
#3017 = SURFACE_STYLE_FILL_AREA ( #5327 ) ;
#3018 = AXIS2_PLACEMENT_3D ( 'NONE', #6024, #870, #365 ) ;
#3019 = CARTESIAN_POINT ( 'NONE',  ( -0.05774227383279153386, -0.007507723450493597288, 0.001000000000000000021 ) ) ;
#3020 = UNCERTAINTY_MEASURE_WITH_UNIT (LENGTH_MEASURE( 1.000000000000000082E-05 ), #3220, 'distance_accuracy_value', 'NONE');
#3021 =( NAMED_UNIT ( * ) SI_UNIT ( $, .STERADIAN. ) SOLID_ANGLE_UNIT ( ) );
#3022 = CARTESIAN_POINT ( 'NONE',  ( -0.06571311856326926548, 0.001043684976839931011, 0.001000000000000000021 ) ) ;
#3023 = MECHANICAL_DESIGN_GEOMETRIC_PRESENTATION_REPRESENTATION (  '', ( #1354 ), #583 ) ;
#3024 = CARTESIAN_POINT ( 'NONE',  ( -0.2000000000000000389, -0.1399999999999999856, 0.2800000000000000266 ) ) ;
#3025 = CARTESIAN_POINT ( 'NONE',  ( 0.004408832656242948553, 0.01992706912318139775, 0.001000000000000000021 ) ) ;
#3026 = CARTESIAN_POINT ( 'NONE',  ( -0.05870975316176003933, 0.005314511977076996629, 0.001000000000000000021 ) ) ;
#3027 = DIRECTION ( 'NONE',  ( -1.112802568240965017E-32, 1.149544714130836139E-16, -1.000000000000000000 ) ) ;
#3028 = CARTESIAN_POINT ( 'NONE',  ( 0.04631613035952081986, -0.02259680682544960156, 0.001000000000000000021 ) ) ;
#3029 = DIRECTION ( 'NONE',  ( 0.000000000000000000, -1.000000000000000000, 0.000000000000000000 ) ) ;
#3030 = SURFACE_STYLE_USAGE ( .BOTH. , #149 ) ;
#3031 = CARTESIAN_POINT ( 'NONE',  ( 0.04496949340718982974, 0.02321208257151157264, 0.000000000000000000 ) ) ;
#3032 = ORIENTED_EDGE ( 'NONE', *, *, #443, .F. ) ;
#3033 = ORIENTED_EDGE ( 'NONE', *, *, #276, .T. ) ;
#3034 = AXIS2_PLACEMENT_3D ( 'NONE', #3561, #5733, #706 ) ;
#3035 = FILL_AREA_STYLE ('',( #1210 ) ) ;
#3036 = MECHANICAL_DESIGN_GEOMETRIC_PRESENTATION_REPRESENTATION (  '', ( #4989 ), #602 ) ;
#3037 = VECTOR ( 'NONE', #5727, 1000.000000000000000 ) ;
#3038 = CARTESIAN_POINT ( 'NONE',  ( 0.004408832656242948553, 0.003463654489035054244, 0.001000000000000000021 ) ) ;
#3039 = VERTEX_POINT ( 'NONE', #5102 ) ;
#3040 = CARTESIAN_POINT ( 'NONE',  ( 0.2899999999999999800, -0.1500000000000000222, -3.265667109102466307E-17 ) ) ;
#3041 = CARTESIAN_POINT ( 'NONE',  ( 0.1999999999999999833, 0.1400000000000000411, 0.2800000000000000266 ) ) ;
#3042 = PRESENTATION_LAYER_ASSIGNMENT (  '', '', ( #1167 ) ) ;
#3043 = SURFACE_SIDE_STYLE ('',( #1188 ) ) ;
#3044 = EDGE_CURVE ( 'NONE', #125, #5049, #3314, .T. ) ;
#3045 = EDGE_CURVE ( 'NONE', #3236, #3599, #1834, .T. ) ;
#3046 = CARTESIAN_POINT ( 'NONE',  ( -0.05810819550438226649, 0.01892990902269788348, 0.001000000000000000021 ) ) ;
#3047 = ORIENTED_EDGE ( 'NONE', *, *, #5889, .F. ) ;
#3048 = VECTOR ( 'NONE', #5239, 1000.000000000000000 ) ;
#3049 = PLANE ( 'NONE',  #4499 ) ;
#3050 = CARTESIAN_POINT ( 'NONE',  ( 0.03920096401778042777, -0.01899817406343691506, 0.001000000000000000021 ) ) ;
#3051 = LINE ( 'NONE', #3177, #1715 ) ;
#3052 = CARTESIAN_POINT ( 'NONE',  ( -0.05700189932203005710, -0.009294487917743678509, 0.001000000000000000021 ) ) ;
#3053 = CARTESIAN_POINT ( 'NONE',  ( 0.1500000000000000222, -0.1300000000000000044, -2.934364138702397779E-17 ) ) ;
#3054 = VECTOR ( 'NONE', #2473, 1000.000000000000000 ) ;
#3055 = CARTESIAN_POINT ( 'NONE',  ( 0.02945987309811515589, 0.02035102033879177680, 0.000000000000000000 ) ) ;
#3056 = ORIENTED_EDGE ( 'NONE', *, *, #3126, .T. ) ;
#3057 = DIRECTION ( 'NONE',  ( 0.000000000000000000, -1.000000000000000000, 0.000000000000000000 ) ) ;
#3058 = VECTOR ( 'NONE', #2509, 1000.000000000000000 ) ;
#3059 =( LENGTH_UNIT ( ) NAMED_UNIT ( * ) SI_UNIT ( .MILLI., .METRE. ) );
#3060 = CARTESIAN_POINT ( 'NONE',  ( 0.03549782231918386516, -0.02517552424208824302, -0.000000000000000000 ) ) ;
#3061 =( GEOMETRIC_REPRESENTATION_CONTEXT ( 3 ) GLOBAL_UNCERTAINTY_ASSIGNED_CONTEXT ( ( #4664 ) ) GLOBAL_UNIT_ASSIGNED_CONTEXT ( ( #2024, #5667, #2890 ) ) REPRESENTATION_CONTEXT ( 'NONE', 'WORKASPACE' ) );
#3062 = B_SPLINE_CURVE_WITH_KNOTS ( 'NONE', 3,
 ( #2455, #2944, #2515, #4869, #2075, #180, #3897, #2484, #671, #4348, #2916 ),
 .UNSPECIFIED., .F., .F.,
 ( 4, 1, 1, 1, 1, 1, 1, 1, 4 ),
 ( 0.000000000000000000, 0.1124483899088010164, 0.2265276752126777204, 0.3444019493260284670, 0.4658649724874589504, 0.5916594493521171172, 0.7221684870248873400, 0.8586063875549265756, 1.000000000000000000 ),
 .UNSPECIFIED. ) ;
#3063 = FILL_AREA_STYLE_COLOUR ( '', #1728 ) ;
#3064 = CARTESIAN_POINT ( 'NONE',  ( 0.04423182879657706207, -0.02354066071042681257, 0.001000000000000000021 ) ) ;
#3065 = CARTESIAN_POINT ( 'NONE',  ( -1.112802568240965137E-34, 6.050235337530882991E-20, -1.524659305057740610E-17 ) ) ;
#3066 = CARTESIAN_POINT ( 'NONE',  ( 0.02087224729038928209, 0.02404292278171798330, 0.001000000000000000021 ) ) ;
#3067 = EDGE_CURVE ( 'NONE', #312, #1921, #6062, .T. ) ;
#3068 = CARTESIAN_POINT ( 'NONE',  ( 0.03263863448551124202, 0.02602463009879115233, 0.000000000000000000 ) ) ;
#3069 = ORIENTED_EDGE ( 'NONE', *, *, #2207, .F. ) ;
#3070 = ORIENTED_EDGE ( 'NONE', *, *, #4077, .F. ) ;
#3071 = PRESENTATION_STYLE_ASSIGNMENT (( #1042 ) ) ;
#3072 = EDGE_CURVE ( 'NONE', #4650, #4237, #5599, .T. ) ;
#3073 = FACE_BOUND ( 'NONE', #4397, .T. ) ;
#3074 = ORIENTED_EDGE ( 'NONE', *, *, #5204, .F. ) ;
#3075 = ORIENTED_EDGE ( 'NONE', *, *, #2845, .T. ) ;
#3076 =( NAMED_UNIT ( * ) PLANE_ANGLE_UNIT ( ) SI_UNIT ( $, .RADIAN. ) );
#3077 = PRESENTATION_LAYER_ASSIGNMENT (  '', '', ( #5713 ) ) ;
#3078 = EDGE_CURVE ( 'NONE', #2224, #3039, #5190, .T. ) ;
#3079 = FILL_AREA_STYLE_COLOUR ( '', #3622 ) ;
#3080 = DIRECTION ( 'NONE',  ( 0.000000000000000000, 0.000000000000000000, -1.000000000000000000 ) ) ;
#3081 = CARTESIAN_POINT ( 'NONE',  ( 0.2000000000000000111, 0.1399999999999999301, 0.2899999999999999245 ) ) ;
#3082 = AXIS2_PLACEMENT_3D ( 'NONE', #4488, #765, #4586 ) ;
#3083 = CARTESIAN_POINT ( 'NONE',  ( -0.09157058807546437917, 0.01931731302562042160, 0.001000000000000000021 ) ) ;
#3084 = FACE_OUTER_BOUND ( 'NONE', #1052, .T. ) ;
#3085 = DIRECTION ( 'NONE',  ( 1.000000000000000000, 0.000000000000000000, 0.000000000000000000 ) ) ;
#3086 = FILL_AREA_STYLE_COLOUR ( '', #5249 ) ;
#3087 = EDGE_LOOP ( 'NONE', ( #4817, #5880, #5325 ) ) ;
#3088 = CARTESIAN_POINT ( 'NONE',  ( 0.03462986924160880303, -0.02519488209633080275, 0.001000000000000000021 ) ) ;
#3089 = FILL_AREA_STYLE ('',( #4095 ) ) ;
#3090 = CARTESIAN_POINT ( 'NONE',  ( 0.05107149277030275519, 0.004354400910871696236, 0.001000000000000000021 ) ) ;
#3091 = EDGE_CURVE ( 'NONE', #2112, #2498, #2881, .T. ) ;
#3092 = CIRCLE ( 'NONE', #4851, 0.01000000000000000021 ) ;
#3093 = CARTESIAN_POINT ( 'NONE',  ( 0.05651904521848645502, -0.01056467077540288076, 0.000000000000000000 ) ) ;
#3094 = PLANE ( 'NONE',  #2718 ) ;
#3095 = DIRECTION ( 'NONE',  ( -0.000000000000000000, -0.000000000000000000, -1.000000000000000000 ) ) ;
#3096 = LINE ( 'NONE', #1700, #4094 ) ;
#3097 = LINE ( 'NONE', #5499, #4385 ) ;
#3098 = AXIS2_PLACEMENT_3D ( 'NONE', #3319, #4231, #2421 ) ;
#3099 = ORIENTED_EDGE ( 'NONE', *, *, #5681, .F. ) ;
#3100 = EDGE_CURVE ( 'NONE', #4477, #2885, #89, .T. ) ;
#3101 = CARTESIAN_POINT ( 'NONE',  ( -0.04565522136070260945, -0.01839184609293055897, 0.000000000000000000 ) ) ;
#3102 = MECHANICAL_DESIGN_GEOMETRIC_PRESENTATION_REPRESENTATION (  '', ( #1925 ), #157 ) ;
#3103 =( GEOMETRIC_REPRESENTATION_CONTEXT ( 3 ) GLOBAL_UNCERTAINTY_ASSIGNED_CONTEXT ( ( #4198 ) ) GLOBAL_UNIT_ASSIGNED_CONTEXT ( ( #2994, #3427, #3021 ) ) REPRESENTATION_CONTEXT ( 'NONE', 'WORKASPACE' ) );
#3104 = CARTESIAN_POINT ( 'NONE',  ( 0.05806736924160880303, -0.0005283424621844572686, 0.000000000000000000 ) ) ;
#3105 = FILL_AREA_STYLE_COLOUR ( '', #2882 ) ;
#3106 = ORIENTED_EDGE ( 'NONE', *, *, #1604, .F. ) ;
#3107 = EDGE_LOOP ( 'NONE', ( #4674, #4681, #3981, #2493 ) ) ;
#3108 =( NAMED_UNIT ( * ) SI_UNIT ( $, .STERADIAN. ) SOLID_ANGLE_UNIT ( ) );
#3109 = CARTESIAN_POINT ( 'NONE',  ( 0.04651002532579481819, -0.01443556579653927988, 0.000000000000000000 ) ) ;
#3110 = CARTESIAN_POINT ( 'NONE',  ( 0.2899999999999999800, 0.1399999999999999301, 2.736911063134415520E-50 ) ) ;
#3111 = CARTESIAN_POINT ( 'NONE',  ( 0.02767003220708500605, 0.02576612197457915296, 0.000000000000000000 ) ) ;
#3112 = DIRECTION ( 'NONE',  ( 0.000000000000000000, 1.000000000000000000, 0.000000000000000000 ) ) ;
#3113 = MECHANICAL_DESIGN_GEOMETRIC_PRESENTATION_REPRESENTATION (  '', ( #2617 ), #2326 ) ;
#3114 = CARTESIAN_POINT ( 'NONE',  ( -0.03906487161204973829, -0.02458512599876982660, 0.001000000000000000021 ) ) ;
#3115 = DIRECTION ( 'NONE',  ( -1.112802568240965017E-32, 1.149544714130836139E-16, -1.000000000000000000 ) ) ;
#3116 = CARTESIAN_POINT ( 'NONE',  ( -0.03906487161204973829, -0.02458512599876982660, 0.000000000000000000 ) ) ;
#3117 = EDGE_CURVE ( 'NONE', #3709, #4937, #2109, .T. ) ;
#3118 = CARTESIAN_POINT ( 'NONE',  ( -0.1021174630754643764, -0.01056073575486738726, 0.001000000000000000021 ) ) ;
#3119 = LINE ( 'NONE', #293, #4261 ) ;
#3120 = CARTESIAN_POINT ( 'NONE',  ( 0.04202063898471226217, -0.02428761442602352799, 0.000000000000000000 ) ) ;
#3121 = CARTESIAN_POINT ( 'NONE',  ( -0.1844133521184760371, 3.716382066281058577E-18, 0.2900000000000000355 ) ) ;
#3122 =( NAMED_UNIT ( * ) SI_UNIT ( $, .STERADIAN. ) SOLID_ANGLE_UNIT ( ) );
#3123 = CARTESIAN_POINT ( 'NONE',  ( 0.3000000000000000444, 0.1399999999999999301, 0.2799999999999999156 ) ) ;
#3124 = COLOUR_RGB ( '',0.6666666666666666297, 0.6980392156862744724, 0.7686274509803920907 ) ;
#3125 = CARTESIAN_POINT ( 'NONE',  ( 0.02225504935857713570, -0.01728471709485988536, 0.000000000000000000 ) ) ;
#3126 = EDGE_CURVE ( 'NONE', #4798, #2645, #1218, .T. ) ;
#3127 = DIRECTION ( 'NONE',  ( -0.000000000000000000, -1.000000000000000000, -0.000000000000000000 ) ) ;
#3128 = VERTEX_POINT ( 'NONE', #2044 ) ;
#3129 = CARTESIAN_POINT ( 'NONE',  ( -0.04930156634129603116, -0.01707204031619050447, 0.000000000000000000 ) ) ;
#3130 =( NAMED_UNIT ( * ) SI_UNIT ( $, .STERADIAN. ) SOLID_ANGLE_UNIT ( ) );
#3131 = MECHANICAL_DESIGN_GEOMETRIC_PRESENTATION_REPRESENTATION (  '', ( #3721 ), #2750 ) ;
#3132 = SURFACE_STYLE_FILL_AREA ( #4507 ) ;
#3133 = CARTESIAN_POINT ( 'NONE',  ( -0.05700189932203005710, -0.009294487917743678509, 0.001000000000000000021 ) ) ;
#3134 = UNCERTAINTY_MEASURE_WITH_UNIT (LENGTH_MEASURE( 1.000000000000000082E-05 ), #2781, 'distance_accuracy_value', 'NONE');
#3135 = AXIS2_PLACEMENT_3D ( 'NONE', #2006, #3881, #5739 ) ;
#3136 = ORIENTED_EDGE ( 'NONE', *, *, #5854, .F. ) ;
#3137 = MECHANICAL_DESIGN_GEOMETRIC_PRESENTATION_REPRESENTATION (  '', ( #3434 ), #2755 ) ;
#3138 = PRESENTATION_LAYER_ASSIGNMENT (  '', '', ( #5766 ) ) ;
#3139 = CARTESIAN_POINT ( 'NONE',  ( -0.05895756387182943259, 0.003155461583717800254, 0.000000000000000000 ) ) ;
#3140 = ORIENTED_EDGE ( 'NONE', *, *, #3552, .T. ) ;
#3141 = VECTOR ( 'NONE', #1307, 1000.000000000000000 ) ;
#3142 = MECHANICAL_DESIGN_GEOMETRIC_PRESENTATION_REPRESENTATION (  '', ( #1472 ), #509 ) ;
#3143 = SURFACE_STYLE_USAGE ( .BOTH. , #314 ) ;
#3144 = CARTESIAN_POINT ( 'NONE',  ( 0.02767003220708500605, 0.02576612197457915296, 0.001000000000000000021 ) ) ;
#3145 =( LENGTH_UNIT ( ) NAMED_UNIT ( * ) SI_UNIT ( .MILLI., .METRE. ) );
#3146 = PLANE ( 'NONE',  #5637 ) ;
#3147 =( NAMED_UNIT ( * ) SI_UNIT ( $, .STERADIAN. ) SOLID_ANGLE_UNIT ( ) );
#3148 = MECHANICAL_DESIGN_GEOMETRIC_PRESENTATION_REPRESENTATION (  '', ( #207 ), #4124 ) ;
#3149 = ORIENTED_EDGE ( 'NONE', *, *, #678, .F. ) ;
#3150 = CARTESIAN_POINT ( 'NONE',  ( 0.2000000000000000389, -0.1400000000000000411, 0.2900000000000000355 ) ) ;
#3151 =( NAMED_UNIT ( * ) PLANE_ANGLE_UNIT ( ) SI_UNIT ( $, .RADIAN. ) );
#3152 = CARTESIAN_POINT ( 'NONE',  ( 0.05651904521848645502, -0.01056467077540288076, 0.000000000000000000 ) ) ;
#3153 = DIRECTION ( 'NONE',  ( -0.000000000000000000, 0.000000000000000000, -1.000000000000000000 ) ) ;
#3154 = DIRECTION ( 'NONE',  ( 0.000000000000000000, 0.000000000000000000, 1.000000000000000000 ) ) ;
#3155 = SURFACE_STYLE_FILL_AREA ( #5407 ) ;
#3156 = EDGE_LOOP ( 'NONE', ( #3354, #4595, #2307, #2309, #3553 ) ) ;
#3157 = EDGE_CURVE ( 'NONE', #5606, #2817, #5248, .T. ) ;
#3158 = MECHANICAL_DESIGN_GEOMETRIC_PRESENTATION_REPRESENTATION (  '', ( #5785 ), #1558 ) ;
#3159 = DIRECTION ( 'NONE',  ( -0.000000000000000000, -0.000000000000000000, -1.000000000000000000 ) ) ;
#3160 = DIRECTION ( 'NONE',  ( 0.000000000000000000, 1.000000000000000000, 0.000000000000000000 ) ) ;
#3161 = ADVANCED_FACE ( 'NONE', ( #4895 ), #3531, .T. ) ;
#3162 =( NAMED_UNIT ( * ) SI_UNIT ( $, .STERADIAN. ) SOLID_ANGLE_UNIT ( ) );
#3163 = VECTOR ( 'NONE', #103, 1000.000000000000000 ) ;
#3164 = LINE ( 'NONE', #5413, #3661 ) ;
#3165 =( LENGTH_UNIT ( ) NAMED_UNIT ( * ) SI_UNIT ( .MILLI., .METRE. ) );
#3166 = CARTESIAN_POINT ( 'NONE',  ( 0.05136005216843807231, -0.0001186625841356777722, 0.000000000000000000 ) ) ;
#3167 = EDGE_LOOP ( 'NONE', ( #1148, #2359, #1133, #1798 ) ) ;
#3168 = CARTESIAN_POINT ( 'NONE',  ( 0.02883684531775318818, -0.02477179909904225416, 0.000000000000000000 ) ) ;
#3169 = CARTESIAN_POINT ( 'NONE',  ( 0.03310193662795513081, -0.01969915019091100089, 0.000000000000000000 ) ) ;
#3170 = CARTESIAN_POINT ( 'NONE',  ( 0.03395626955992919749, -0.02518698190581115590, 0.001000000000000000021 ) ) ;
#3171 = CARTESIAN_POINT ( 'NONE',  ( 0.02220026676541110577, 0.01810728506059530729, 0.000000000000000000 ) ) ;
#3172 = EDGE_LOOP ( 'NONE', ( #4204, #2619, #1089, #946 ) ) ;
#3173 = CARTESIAN_POINT ( 'NONE',  ( -0.03217653319741560491, -0.01909732112072104818, 0.001000000000000000021 ) ) ;
#3174 = MECHANICAL_DESIGN_GEOMETRIC_PRESENTATION_REPRESENTATION (  '', ( #1192 ), #534 ) ;
#3175 = CARTESIAN_POINT ( 'NONE',  ( 0.04387771001108497354, -0.01675852141817260263, 0.000000000000000000 ) ) ;
#3176 = DIRECTION ( 'NONE',  ( 0.000000000000000000, -1.000000000000000000, 0.000000000000000000 ) ) ;
#3177 = CARTESIAN_POINT ( 'NONE',  ( 0.3000000000000000444, 0.1399999999999999301, 0.2899999999999999245 ) ) ;
#3178 = EDGE_CURVE ( 'NONE', #4937, #2689, #5895, .T. ) ;
#3179 = DIRECTION ( 'NONE',  ( 1.000000000000000000, -9.680376540049147084E-17, -0.000000000000000000 ) ) ;
#3180 = VECTOR ( 'NONE', #4407, 1000.000000000000000 ) ;
#3181 = CARTESIAN_POINT ( 'NONE',  ( -0.08314833197790340302, -0.005072930876818605370, 0.000000000000000000 ) ) ;
#3182 = CARTESIAN_POINT ( 'NONE',  ( -0.01449360636814730173, 0.01992706912318139775, 0.000000000000000000 ) ) ;
#3183 = ORIENTED_EDGE ( 'NONE', *, *, #2489, .T. ) ;
#3184 =( NAMED_UNIT ( * ) PLANE_ANGLE_UNIT ( ) SI_UNIT ( $, .RADIAN. ) );
#3185 = CARTESIAN_POINT ( 'NONE',  ( 0.04844432569936807376, 0.01192363835368224698, 0.000000000000000000 ) ) ;
#3186 = MECHANICAL_DESIGN_GEOMETRIC_PRESENTATION_REPRESENTATION (  '', ( #1113 ), #3473 ) ;
#3187 = CARTESIAN_POINT ( 'NONE',  ( 0.02087224729038928209, -0.01650585770608689953, 0.000000000000000000 ) ) ;
#3188 = FACE_OUTER_BOUND ( 'NONE', #1310, .T. ) ;
#3189 = CARTESIAN_POINT ( 'NONE',  ( -0.06390333059450470365, -0.009429955606056609693, 0.001000000000000000021 ) ) ;
#3190 = CARTESIAN_POINT ( 'NONE',  ( -0.03217653319741560491, -0.01909732112072104818, 0.001000000000000000021 ) ) ;
#3191 = DIRECTION ( 'NONE',  ( -0.000000000000000000, -0.000000000000000000, -1.000000000000000000 ) ) ;
#3192 = ORIENTED_EDGE ( 'NONE', *, *, #5, .T. ) ;
#3193 = PRESENTATION_LAYER_ASSIGNMENT (  '', '', ( #242 ) ) ;
#3194 = FILL_AREA_STYLE_COLOUR ( '', #4973 ) ;
#3195 = SPHERICAL_SURFACE ( 'NONE', #5977, 0.01000000000000000021 ) ;
#3196 = DIRECTION ( 'NONE',  ( 0.000000000000000000, 1.000000000000000000, 1.149544714130836386E-16 ) ) ;
#3197 = CARTESIAN_POINT ( 'NONE',  ( -0.06571311856326926548, 0.001043684976839931011, 0.000000000000000000 ) ) ;
#3198 = FACE_OUTER_BOUND ( 'NONE', #4912, .T. ) ;
#3199 = VECTOR ( 'NONE', #3463, 1000.000000000000000 ) ;
#3200 = CARTESIAN_POINT ( 'NONE',  ( -0.04002785370916496499, -0.01908103567488159125, 0.001000000000000000021 ) ) ;
#3201 = CARTESIAN_POINT ( 'NONE',  ( 0.04615775469380303808, 0.01496812907602180533, 0.000000000000000000 ) ) ;
#3202 = ORIENTED_EDGE ( 'NONE', *, *, #3356, .T. ) ;
#3203 = UNCERTAINTY_MEASURE_WITH_UNIT (LENGTH_MEASURE( 1.000000000000000082E-05 ), #3433, 'distance_accuracy_value', 'NONE');
#3204 = STYLED_ITEM ( 'NONE', ( #581 ), #4590 ) ;
#3205 = CARTESIAN_POINT ( 'NONE',  ( 0.03015586361119986306, -0.01952312141390606659, 0.001000000000000000021 ) ) ;
#3206 = SURFACE_STYLE_FILL_AREA ( #4177 ) ;
#3207 = STYLED_ITEM ( 'NONE', ( #5917 ), #3503 ) ;
#3208 =( GEOMETRIC_REPRESENTATION_CONTEXT ( 3 ) GLOBAL_UNCERTAINTY_ASSIGNED_CONTEXT ( ( #4916 ) ) GLOBAL_UNIT_ASSIGNED_CONTEXT ( ( #5506, #4167, #3162 ) ) REPRESENTATION_CONTEXT ( 'NONE', 'WORKASPACE' ) );
#3209 = VECTOR ( 'NONE', #5489, 1000.000000000000000 ) ;
#3210 = ORIENTED_EDGE ( 'NONE', *, *, #3423, .F. ) ;
#3211 = SURFACE_STYLE_FILL_AREA ( #4295 ) ;
#3212 = CARTESIAN_POINT ( 'NONE',  ( 0.05070839085194170370, -0.006331686346985768675, 0.000000000000000000 ) ) ;
#3213 = DIRECTION ( 'NONE',  ( 0.000000000000000000, -0.000000000000000000, -1.000000000000000000 ) ) ;
#3214 = FILL_AREA_STYLE ('',( #4716 ) ) ;
#3215 = PRESENTATION_LAYER_ASSIGNMENT (  '', '', ( #1626 ) ) ;
#3216 = ORIENTED_EDGE ( 'NONE', *, *, #5515, .T. ) ;
#3217 = CARTESIAN_POINT ( 'NONE',  ( -0.04561162933455641805, 0.01929523879603092795, 0.000000000000000000 ) ) ;
#3218 = SURFACE_STYLE_FILL_AREA ( #3636 ) ;
#3219 = PLANE ( 'NONE',  #3774 ) ;
#3220 =( LENGTH_UNIT ( ) NAMED_UNIT ( * ) SI_UNIT ( .MILLI., .METRE. ) );
#3221 = CARTESIAN_POINT ( 'NONE',  ( -0.01327409417302535810, 0.003463654489035054244, 0.001000000000000000021 ) ) ;
#3222 = FILL_AREA_STYLE ('',( #901 ) ) ;
#3223 = CARTESIAN_POINT ( 'NONE',  ( 0.02087224729038928209, -0.02199366258413568143, 0.001000000000000000021 ) ) ;
#3224 = ADVANCED_FACE ( 'NONE', ( #4000 ), #2730, .F. ) ;
#3225 = ORIENTED_EDGE ( 'NONE', *, *, #1486, .F. ) ;
#3226 = FILL_AREA_STYLE ('',( #4135 ) ) ;
#3227 = CARTESIAN_POINT ( 'NONE',  ( -0.05898854568907867940, 0.0001316463162744311709, -0.000000000000000000 ) ) ;
#3228 = PLANE ( 'NONE',  #771 ) ;
#3229 = PRESENTATION_LAYER_ASSIGNMENT (  '', '', ( #4792 ) ) ;
#3230 = CYLINDRICAL_SURFACE ( 'NONE', #2114, 0.01000000000000002623 ) ;
#3231 = DIRECTION ( 'NONE',  ( -0.000000000000000000, 0.000000000000000000, 1.000000000000000000 ) ) ;
#3232 = DIRECTION ( 'NONE',  ( -1.000000000000000000, 0.000000000000000000, 0.000000000000000000 ) ) ;
#3233 = PRESENTATION_STYLE_ASSIGNMENT (( #1746 ) ) ;
#3234 = VECTOR ( 'NONE', #3776, 1000.000000000000000 ) ;
#3235 = DIRECTION ( 'NONE',  ( -1.000000000000000000, 0.000000000000000000, 0.000000000000000000 ) ) ;
#3236 = VERTEX_POINT ( 'NONE', #1236 ) ;
#3237 = ORIENTED_EDGE ( 'NONE', *, *, #2213, .F. ) ;
#3238 = SURFACE_SIDE_STYLE ('',( #1344 ) ) ;
#3239 = UNCERTAINTY_MEASURE_WITH_UNIT (LENGTH_MEASURE( 1.000000000000000082E-05 ), #5636, 'distance_accuracy_value', 'NONE');
#3240 = CARTESIAN_POINT ( 'NONE',  ( 0.03191145770325050368, -0.01968352016134909330, 0.001000000000000000021 ) ) ;
#3241 =( GEOMETRIC_REPRESENTATION_CONTEXT ( 3 ) GLOBAL_UNCERTAINTY_ASSIGNED_CONTEXT ( ( #1479 ) ) GLOBAL_UNIT_ASSIGNED_CONTEXT ( ( #1431, #1339, #432 ) ) REPRESENTATION_CONTEXT ( 'NONE', 'WORKASPACE' ) );
#3242 = SURFACE_SIDE_STYLE ('',( #539 ) ) ;
#3243 = COLOUR_RGB ( '',0.6666666666666666297, 0.6980392156862744724, 0.7686274509803920907 ) ;
#3244 = DIRECTION ( 'NONE',  ( -1.000000000000000000, -9.680376540049147084E-17, -0.000000000000000000 ) ) ;
#3245 = EDGE_CURVE ( 'NONE', #4269, #1986, #2596, .T. ) ;
#3246 = VECTOR ( 'NONE', #4331, 1000.000000000000000 ) ;
#3247 = CARTESIAN_POINT ( 'NONE',  ( -0.2899999999999999800, 0.1399999999999999301, -0.01000000000000000021 ) ) ;
#3248 = ORIENTED_EDGE ( 'NONE', *, *, #5681, .T. ) ;
#3249 =( GEOMETRIC_REPRESENTATION_CONTEXT ( 3 ) GLOBAL_UNCERTAINTY_ASSIGNED_CONTEXT ( ( #1822 ) ) GLOBAL_UNIT_ASSIGNED_CONTEXT ( ( #3502, #1586, #4873 ) ) REPRESENTATION_CONTEXT ( 'NONE', 'WORKASPACE' ) );
#3250 = CARTESIAN_POINT ( 'NONE',  ( -0.05695038685776004916, 0.01091651507169538911, 0.001000000000000000021 ) ) ;
#3251 = SURFACE_SIDE_STYLE ('',( #3218 ) ) ;
#3252 = CARTESIAN_POINT ( 'NONE',  ( 0.1600000000000000033, -0.1299999999999999767, -3.097720492815727042E-17 ) ) ;
#3253 = LINE ( 'NONE', #3702, #5534 ) ;
#3254 = PRESENTATION_STYLE_ASSIGNMENT (( #1296 ) ) ;
#3255 = CARTESIAN_POINT ( 'NONE',  ( -0.2899999999999999800, 0.1399999999999999301, -2.434255618027112814E-34 ) ) ;
#3256 = SURFACE_STYLE_FILL_AREA ( #3222 ) ;
#3257 = SURFACE_SIDE_STYLE ('',( #1366 ) ) ;
#3258 = PRESENTATION_LAYER_ASSIGNMENT (  '', '', ( #5772 ) ) ;
#3259 = CYLINDRICAL_SURFACE ( 'NONE', #5167, 0.009999999999999998473 ) ;
#3260 =( NAMED_UNIT ( * ) PLANE_ANGLE_UNIT ( ) SI_UNIT ( $, .RADIAN. ) );
#3261 = ORIENTED_EDGE ( 'NONE', *, *, #1679, .F. ) ;
#3262 = CARTESIAN_POINT ( 'NONE',  ( -0.1500000000000000500, 0.1300000000000000322, 5.445211803777644349E-19 ) ) ;
#3263 = DIRECTION ( 'NONE',  ( 1.000000000000000000, 0.000000000000000000, 0.000000000000000000 ) ) ;
#3264 = EDGE_CURVE ( 'NONE', #3430, #5287, #3802, .T. ) ;
#3265 = FILL_AREA_STYLE_COLOUR ( '', #1327 ) ;
#3266 = EDGE_CURVE ( 'NONE', #4697, #339, #3253, .T. ) ;
#3267 = ORIENTED_EDGE ( 'NONE', *, *, #3469, .F. ) ;
#3268 = VERTEX_POINT ( 'NONE', #5649 ) ;
#3269 =( LENGTH_UNIT ( ) NAMED_UNIT ( * ) SI_UNIT ( .MILLI., .METRE. ) );
#3270 = ADVANCED_FACE ( 'NONE', ( #6052 ), #4751, .F. ) ;
#3271 = VECTOR ( 'NONE', #3943, 1000.000000000000000 ) ;
#3272 =( GEOMETRIC_REPRESENTATION_CONTEXT ( 3 ) GLOBAL_UNCERTAINTY_ASSIGNED_CONTEXT ( ( #3307 ) ) GLOBAL_UNIT_ASSIGNED_CONTEXT ( ( #994, #491, #2445 ) ) REPRESENTATION_CONTEXT ( 'NONE', 'WORKASPACE' ) );
#3273 = SURFACE_SIDE_STYLE ('',( #5482 ) ) ;
#3274 = ORIENTED_EDGE ( 'NONE', *, *, #2150, .T. ) ;
#3275 = ORIENTED_EDGE ( 'NONE', *, *, #5063, .T. ) ;
#3276 = ORIENTED_EDGE ( 'NONE', *, *, #4363, .T. ) ;
#3277 = ADVANCED_FACE ( 'NONE', ( #3279 ), #899, .T. ) ;
#3278 = CARTESIAN_POINT ( 'NONE',  ( -0.05076700354404747872, 0.01727048279837879730, 0.001000000000000000021 ) ) ;
#3279 = FACE_OUTER_BOUND ( 'NONE', #2676, .T. ) ;
#3280 =( GEOMETRIC_REPRESENTATION_CONTEXT ( 3 ) GLOBAL_UNCERTAINTY_ASSIGNED_CONTEXT ( ( #3625 ) ) GLOBAL_UNIT_ASSIGNED_CONTEXT ( ( #5644, #1444, #2754 ) ) REPRESENTATION_CONTEXT ( 'NONE', 'WORKASPACE' ) );
#3281 = PLANE ( 'NONE',  #284 ) ;
#3282 = SURFACE_SIDE_STYLE ('',( #3256 ) ) ;
#3283 = CARTESIAN_POINT ( 'NONE',  ( -0.1500000000000000500, 0.1400000000000000411, 1.694065894508600678E-18 ) ) ;
#3284 = ORIENTED_EDGE ( 'NONE', *, *, #3794, .T. ) ;
#3285 = MECHANICAL_DESIGN_GEOMETRIC_PRESENTATION_REPRESENTATION (  '', ( #816 ), #4159 ) ;
#3286 = LINE ( 'NONE', #4256, #3925 ) ;
#3287 = CARTESIAN_POINT ( 'NONE',  ( -0.01449360636814730173, 0.02541487400123018311, 0.001000000000000000021 ) ) ;
#3288 = UNCERTAINTY_MEASURE_WITH_UNIT (LENGTH_MEASURE( 1.000000000000000082E-05 ), #5295, 'distance_accuracy_value', 'NONE');
#3289 = LINE ( 'NONE', #2229, #4864 ) ;
#3290 = SURFACE_STYLE_USAGE ( .BOTH. , #5573 ) ;
#3291 =( NAMED_UNIT ( * ) PLANE_ANGLE_UNIT ( ) SI_UNIT ( $, .RADIAN. ) );
#3292 = ORIENTED_EDGE ( 'NONE', *, *, #5367, .T. ) ;
#3293 = EDGE_CURVE ( 'NONE', #1101, #1559, #4468, .T. ) ;
#3294 = ORIENTED_EDGE ( 'NONE', *, *, #1211, .T. ) ;
#3295 = VECTOR ( 'NONE', #1801, 1000.000000000000000 ) ;
#3296 = LINE ( 'NONE', #4711, #4514 ) ;
#3297 = PRESENTATION_STYLE_ASSIGNMENT (( #415 ) ) ;
#3298 = VERTEX_POINT ( 'NONE', #1417 ) ;
#3299 = SURFACE_STYLE_FILL_AREA ( #2303 ) ;
#3300 = PLANE ( 'NONE',  #810 ) ;
#3301 = CARTESIAN_POINT ( 'NONE',  ( 0.04948586850760917921, -0.009924788209791927246, 0.001000000000000000021 ) ) ;
#3302 = AXIS2_PLACEMENT_3D ( 'NONE', #4090, #5852, #1656 ) ;
#3303 = ORIENTED_EDGE ( 'NONE', *, *, #3318, .F. ) ;
#3304 = PRESENTATION_LAYER_ASSIGNMENT (  '', '', ( #5819 ) ) ;
#3305 = CARTESIAN_POINT ( 'NONE',  ( 0.02472128616601435361, 0.02527365291818879645, 0.001000000000000000021 ) ) ;
#3306 = FACE_OUTER_BOUND ( 'NONE', #3107, .T. ) ;
#3307 = UNCERTAINTY_MEASURE_WITH_UNIT (LENGTH_MEASURE( 1.000000000000000082E-05 ), #994, 'distance_accuracy_value', 'NONE');
#3308 = DIRECTION ( 'NONE',  ( -0.000000000000000000, -0.000000000000000000, 1.000000000000000000 ) ) ;
#3309 = VECTOR ( 'NONE', #4001, 1000.000000000000000 ) ;
#3310 = PLANE ( 'NONE',  #3396 ) ;
#3311 = ADVANCED_FACE ( 'NONE', ( #3306 ), #3219, .F. ) ;
#3312 = FILL_AREA_STYLE ('',( #4727 ) ) ;
#3313 = EDGE_LOOP ( 'NONE', ( #273, #447, #3990, #674 ) ) ;
#3314 = LINE ( 'NONE', #904, #2056 ) ;
#3315 = VECTOR ( 'NONE', #1573, 1000.000000000000000 ) ;
#3316 = SURFACE_STYLE_USAGE ( .BOTH. , #1430 ) ;
#3317 = PRESENTATION_STYLE_ASSIGNMENT (( #3290 ) ) ;
#3318 = EDGE_CURVE ( 'NONE', #3924, #39, #2008, .T. ) ;
#3319 = CARTESIAN_POINT ( 'NONE',  ( 0.000000000000000000, 0.000000000000000000, 0.2800000000000000266 ) ) ;
#3320 = SURFACE_STYLE_FILL_AREA ( #1432 ) ;
#3321 = VERTEX_POINT ( 'NONE', #1980 ) ;
#3322 = ORIENTED_EDGE ( 'NONE', *, *, #3535, .F. ) ;
#3323 = CYLINDRICAL_SURFACE ( 'NONE', #3435, 0.01000000000000002623 ) ;
#3324 = STYLED_ITEM ( 'NONE', ( #3710 ), #1128 ) ;
#3325 = VECTOR ( 'NONE', #2841, 1000.000000000000000 ) ;
#3326 = DIRECTION ( 'NONE',  ( 0.000000000000000000, 0.000000000000000000, 1.000000000000000000 ) ) ;
#3327 =( GEOMETRIC_REPRESENTATION_CONTEXT ( 3 ) GLOBAL_UNCERTAINTY_ASSIGNED_CONTEXT ( ( #3644 ) ) GLOBAL_UNIT_ASSIGNED_CONTEXT ( ( #466, #2833, #5659 ) ) REPRESENTATION_CONTEXT ( 'NONE', 'WORKASPACE' ) );
#3328 = CARTESIAN_POINT ( 'NONE',  ( 0.03258146985136489010, 0.02053682522074237043, 0.000000000000000000 ) ) ;
#3329 = MECHANICAL_DESIGN_GEOMETRIC_PRESENTATION_REPRESENTATION (  '', ( #1452 ), #677 ) ;
#3330 = SURFACE_STYLE_FILL_AREA ( #2468 ) ;
#3331 =( NAMED_UNIT ( * ) SI_UNIT ( $, .STERADIAN. ) SOLID_ANGLE_UNIT ( ) );
#3332 = FILL_AREA_STYLE_COLOUR ( '', #223 ) ;
#3333 = MECHANICAL_DESIGN_GEOMETRIC_PRESENTATION_REPRESENTATION (  '', ( #762 ), #186 ) ;
#3334 = ORIENTED_EDGE ( 'NONE', *, *, #1047, .T. ) ;
#3335 =( GEOMETRIC_REPRESENTATION_CONTEXT ( 3 ) GLOBAL_UNCERTAINTY_ASSIGNED_CONTEXT ( ( #2896 ) ) GLOBAL_UNIT_ASSIGNED_CONTEXT ( ( #731, #2108, #5871 ) ) REPRESENTATION_CONTEXT ( 'NONE', 'WORKASPACE' ) );
#3336 = CARTESIAN_POINT ( 'NONE',  ( -0.03955077100229364984, 0.01992706912318139775, 0.000000000000000000 ) ) ;
#3337 = FILL_AREA_STYLE_COLOUR ( '', #3876 ) ;
#3338 = FILL_AREA_STYLE_COLOUR ( '', #1816 ) ;
#3339 = EDGE_CURVE ( 'NONE', #1921, #3900, #1138, .T. ) ;
#3340 = PRESENTATION_STYLE_ASSIGNMENT (( #1451 ) ) ;
#3341 = COLOUR_RGB ( '',1.000000000000000000, 1.000000000000000000, 1.000000000000000000 ) ;
#3342 = DIRECTION ( 'NONE',  ( 1.000000000000000000, 0.000000000000000000, 0.000000000000000000 ) ) ;
#3343 = LINE ( 'NONE', #1490, #2632 ) ;
#3344 = CYLINDRICAL_SURFACE ( 'NONE', #1100, 0.01000000000000002623 ) ;
#3345 = ORIENTED_EDGE ( 'NONE', *, *, #555, .F. ) ;
#3346 = PRESENTATION_STYLE_ASSIGNMENT (( #2938 ) ) ;
#3347 = CARTESIAN_POINT ( 'NONE',  ( -0.09084724471228387832, 0.01653173110287119857, 0.001000000000000000021 ) ) ;
#3348 = CARTESIAN_POINT ( 'NONE',  ( 0.04826274678358694059, -0.02143011030572371245, 0.001000000000000000021 ) ) ;
#3349 = SURFACE_STYLE_FILL_AREA ( #5692 ) ;
#3350 = ADVANCED_FACE ( 'NONE', ( #1596 ), #4829, .T. ) ;
#3351 = PLANE ( 'NONE',  #5080 ) ;
#3352 = UNCERTAINTY_MEASURE_WITH_UNIT (LENGTH_MEASURE( 1.000000000000000082E-05 ), #5851, 'distance_accuracy_value', 'NONE');
#3353 = EDGE_CURVE ( 'NONE', #3507, #3810, #137, .T. ) ;
#3354 = ORIENTED_EDGE ( 'NONE', *, *, #3117, .F. ) ;
#3355 = VERTEX_POINT ( 'NONE', #5741 ) ;
#3356 = EDGE_CURVE ( 'NONE', #3321, #1287, #5926, .T. ) ;
#3357 = STYLED_ITEM ( 'NONE', ( #490 ), #2029 ) ;
#3358 =( NAMED_UNIT ( * ) SI_UNIT ( $, .STERADIAN. ) SOLID_ANGLE_UNIT ( ) );
#3359 =( NAMED_UNIT ( * ) SI_UNIT ( $, .STERADIAN. ) SOLID_ANGLE_UNIT ( ) );
#3360 = AXIS2_PLACEMENT_3D ( 'NONE', #4247, #1359, #2250 ) ;
#3361 = VERTEX_POINT ( 'NONE', #4860 ) ;
#3362 = CARTESIAN_POINT ( 'NONE',  ( -0.1237202270661173081, 0.000000000000000000, 0.2900000000000000355 ) ) ;
#3363 = EDGE_CURVE ( 'NONE', #3321, #4436, #3913, .T. ) ;
#3364 = ORIENTED_EDGE ( 'NONE', *, *, #2985, .T. ) ;
#3365 = ADVANCED_FACE ( 'NONE', ( #2530 ), #4401, .T. ) ;
#3366 = DIRECTION ( 'NONE',  ( 0.000000000000000000, -1.000000000000000000, 0.000000000000000000 ) ) ;
#3367 = SURFACE_SIDE_STYLE ('',( #83 ) ) ;
#3368 = PRESENTATION_STYLE_ASSIGNMENT (( #52 ) ) ;
#3369 = DIRECTION ( 'NONE',  ( -0.000000000000000000, -0.000000000000000000, -1.000000000000000000 ) ) ;
#3370 = DIRECTION ( 'NONE',  ( 0.000000000000000000, -1.000000000000000000, 0.000000000000000000 ) ) ;
#3371 = CARTESIAN_POINT ( 'NONE',  ( -0.06471444591119700218, 0.008750022969892216548, 0.001000000000000000021 ) ) ;
#3372 = CARTESIAN_POINT ( 'NONE',  ( -0.05900580149009851394, 0.0009007733914740772251, 0.001000000000000000021 ) ) ;
#3373 =( GEOMETRIC_REPRESENTATION_CONTEXT ( 3 ) GLOBAL_UNCERTAINTY_ASSIGNED_CONTEXT ( ( #4762 ) ) GLOBAL_UNIT_ASSIGNED_CONTEXT ( ( #4626, #4213, #3749 ) ) REPRESENTATION_CONTEXT ( 'NONE', 'WORKASPACE' ) );
#3374 = FILL_AREA_STYLE_COLOUR ( '', #3998 ) ;
#3375 = CARTESIAN_POINT ( 'NONE',  ( 0.04038283953550908523, 0.02504130853525159475, 0.000000000000000000 ) ) ;
#3376 = MECHANICAL_DESIGN_GEOMETRIC_PRESENTATION_REPRESENTATION (  '', ( #5610 ), #1109 ) ;
#3377 = ORIENTED_EDGE ( 'NONE', *, *, #1345, .F. ) ;
#3378 = ORIENTED_EDGE ( 'NONE', *, *, #2713, .F. ) ;
#3379 = UNCERTAINTY_MEASURE_WITH_UNIT (LENGTH_MEASURE( 1.000000000000000082E-05 ), #2143, 'distance_accuracy_value', 'NONE');
#3380 = CARTESIAN_POINT ( 'NONE',  ( -0.06937165514863510851, -0.02458512599876982660, 0.001000000000000000021 ) ) ;
#3381 = ORIENTED_EDGE ( 'NONE', *, *, #3935, .T. ) ;
#3382 = FILL_AREA_STYLE_COLOUR ( '', #1895 ) ;
#3383 = AXIS2_PLACEMENT_3D ( 'NONE', #4062, #5929, #4127 ) ;
#3384 = DIRECTION ( 'NONE',  ( 0.000000000000000000, 1.000000000000000000, 0.000000000000000000 ) ) ;
#3385 = CARTESIAN_POINT ( 'NONE',  ( -0.06565334242328511871, -0.001751854963068078582, 0.000000000000000000 ) ) ;
#3386 = LINE ( 'NONE', #3419, #4726 ) ;
#3387 = UNCERTAINTY_MEASURE_WITH_UNIT (LENGTH_MEASURE( 1.000000000000000082E-05 ), #1637, 'distance_accuracy_value', 'NONE');
#3388 = ORIENTED_EDGE ( 'NONE', *, *, #3889, .T. ) ;
#3389 = PRESENTATION_LAYER_ASSIGNMENT (  '', '', ( #2811 ) ) ;
#3390 =( NAMED_UNIT ( * ) PLANE_ANGLE_UNIT ( ) SI_UNIT ( $, .RADIAN. ) );
#3391 = DIRECTION ( 'NONE',  ( 0.000000000000000000, 0.000000000000000000, 1.000000000000000000 ) ) ;
#3392 = CARTESIAN_POINT ( 'NONE',  ( -0.1999999999999999833, 0.1499999999999999389, 0.2799999999999999156 ) ) ;
#3393 = CARTESIAN_POINT ( 'NONE',  ( 0.04765077031566498228, -0.01305639783419473669, 0.000000000000000000 ) ) ;
#3394 =( GEOMETRIC_REPRESENTATION_CONTEXT ( 3 ) GLOBAL_UNCERTAINTY_ASSIGNED_CONTEXT ( ( #4617 ) ) GLOBAL_UNIT_ASSIGNED_CONTEXT ( ( #865, #3760, #5591 ) ) REPRESENTATION_CONTEXT ( 'NONE', 'WORKASPACE' ) );
#3395 = DIRECTION ( 'NONE',  ( -1.112802568240965291E-32, 1.149544714130836386E-16, -1.000000000000000000 ) ) ;
#3396 = AXIS2_PLACEMENT_3D ( 'NONE', #4340, #4778, #5244 ) ;
#3397 = CARTESIAN_POINT ( 'NONE',  ( -0.09986898746570829766, -0.005072930876818605370, 0.001000000000000000021 ) ) ;
#3398 = CARTESIAN_POINT ( 'NONE',  ( -0.05898941246097796215, 0.001666817648350728915, 0.001000000000000000021 ) ) ;
#3399 = SURFACE_STYLE_FILL_AREA ( #1087 ) ;
#3400 = ORIENTED_EDGE ( 'NONE', *, *, #2605, .T. ) ;
#3401 = CARTESIAN_POINT ( 'NONE',  ( -0.04915249456770112713, 0.01809256481591878588, 0.001000000000000000021 ) ) ;
#3402 = PRODUCT_DEFINITION_FORMATION_WITH_SPECIFIED_SOURCE ( 'ÈÎºÎ', '', #4890, .NOT_KNOWN. ) ;
#3403 = CARTESIAN_POINT ( 'NONE',  ( 0.05802116059570023437, -0.003207505579874123797, 0.001000000000000000021 ) ) ;
#3404 = CARTESIAN_POINT ( 'NONE',  ( -0.2899999999999999800, -0.1400000000000000411, 0.2799999999999998601 ) ) ;
#3405 = CARTESIAN_POINT ( 'NONE',  ( 0.08794541802209661363, -0.02458512599876982660, 0.001000000000000000021 ) ) ;
#3406 = EDGE_CURVE ( 'NONE', #5182, #2553, #211, .T. ) ;
#3407 = CARTESIAN_POINT ( 'NONE',  ( -0.08827409417302536920, 0.02541487400123018311, 0.001000000000000000021 ) ) ;
#3408 = ORIENTED_EDGE ( 'NONE', *, *, #5581, .T. ) ;
#3409 = VERTEX_POINT ( 'NONE', #767 ) ;
#3410 = LINE ( 'NONE', #2922, #1677 ) ;
#3411 = AXIS2_PLACEMENT_3D ( 'NONE', #1259, #5400, #352 ) ;
#3412 =( LENGTH_UNIT ( ) NAMED_UNIT ( * ) SI_UNIT ( .MILLI., .METRE. ) );
#3413 = UNCERTAINTY_MEASURE_WITH_UNIT (LENGTH_MEASURE( 1.000000000000000082E-05 ), #1766, 'distance_accuracy_value', 'NONE');
#3414 = ORIENTED_EDGE ( 'NONE', *, *, #2457, .F. ) ;
#3415 = DIRECTION ( 'NONE',  ( 1.112802568240965428E-32, 1.149544714130836139E-16, -1.000000000000000000 ) ) ;
#3416 =( LENGTH_UNIT ( ) NAMED_UNIT ( * ) SI_UNIT ( .MILLI., .METRE. ) );
#3417 = SURFACE_STYLE_FILL_AREA ( #5705 ) ;
#3418 = MECHANICAL_DESIGN_GEOMETRIC_PRESENTATION_REPRESENTATION (  '', ( #2741 ), #4296 ) ;
#3419 = CARTESIAN_POINT ( 'NONE',  ( 0.1999999999999999833, 0.1400000000000000411, 0.2800000000000000266 ) ) ;
#3420 = EDGE_CURVE ( 'NONE', #4707, #4870, #3051, .T. ) ;
#3421 = FILL_AREA_STYLE ('',( #3447 ) ) ;
#3422 =( NAMED_UNIT ( * ) SI_UNIT ( $, .STERADIAN. ) SOLID_ANGLE_UNIT ( ) );
#3423 = EDGE_CURVE ( 'NONE', #7, #5605, #2588, .T. ) ;
#3424 = LINE ( 'NONE', #2033, #448 ) ;
#3425 = CARTESIAN_POINT ( 'NONE',  ( 0.03560902019794352780, -0.01965802303616579275, 0.001000000000000000021 ) ) ;
#3426 = COLOUR_RGB ( '',0.1019607843137254888, 0.1019607843137254888, 0.1019607843137254888 ) ;
#3427 =( NAMED_UNIT ( * ) PLANE_ANGLE_UNIT ( ) SI_UNIT ( $, .RADIAN. ) );
#3428 = PRESENTATION_LAYER_ASSIGNMENT (  '', '', ( #2144 ) ) ;
#3429 = FACE_BOUND ( 'NONE', #1914, .T. ) ;
#3430 = VERTEX_POINT ( 'NONE', #4588 ) ;
#3431 = CARTESIAN_POINT ( 'NONE',  ( -0.1144936063681473021, -0.02458512599876982660, 0.000000000000000000 ) ) ;
#3432 = SURFACE_STYLE_FILL_AREA ( #145 ) ;
#3433 =( LENGTH_UNIT ( ) NAMED_UNIT ( * ) SI_UNIT ( .MILLI., .METRE. ) );
#3434 = STYLED_ITEM ( 'NONE', ( #2288 ), #5220 ) ;
#3435 = AXIS2_PLACEMENT_3D ( 'NONE', #239, #184, #2107 ) ;
#3436 = CARTESIAN_POINT ( 'NONE',  ( 0.05721647688942845672, -0.008247814995778620165, 0.001000000000000000021 ) ) ;
#3437 = LINE ( 'NONE', #4500, #2508 ) ;
#3438 = LINE ( 'NONE', #1582, #3515 ) ;
#3439 = CARTESIAN_POINT ( 'NONE',  ( 0.04907027026142734422, 0.02046102398664923980, 0.001000000000000000021 ) ) ;
#3440 = ORIENTED_EDGE ( 'NONE', *, *, #3044, .F. ) ;
#3441 = PRESENTATION_LAYER_ASSIGNMENT (  '', '', ( #5770 ) ) ;
#3442 = ORIENTED_EDGE ( 'NONE', *, *, #1312, .T. ) ;
#3443 = EDGE_CURVE ( 'NONE', #3298, #1357, #257, .T. ) ;
#3444 = CARTESIAN_POINT ( 'NONE',  ( 0.2000000000000000111, 0.1400000000000000411, 1.694065894508600678E-18 ) ) ;
#3445 = CARTESIAN_POINT ( 'NONE',  ( -0.04464051616158271757, -0.02418495340313537786, 0.001000000000000000021 ) ) ;
#3446 = PRESENTATION_LAYER_ASSIGNMENT (  '', '', ( #1675 ) ) ;
#3447 = FILL_AREA_STYLE_COLOUR ( '', #2043 ) ;
#3448 = ORIENTED_EDGE ( 'NONE', *, *, #1423, .F. ) ;
#3449 = COLOUR_RGB ( '',0.6666666666666666297, 0.6980392156862744724, 0.7686274509803920907 ) ;
#3450 = DIRECTION ( 'NONE',  ( -0.000000000000000000, -0.000000000000000000, -1.000000000000000000 ) ) ;
#3451 = CARTESIAN_POINT ( 'NONE',  ( 0.05017777376705603171, -0.008186737905965345632, 0.001000000000000000021 ) ) ;
#3452 = SURFACE_STYLE_USAGE ( .BOTH. , #2063 ) ;
#3453 = EDGE_CURVE ( 'NONE', #5227, #3862, #317, .T. ) ;
#3454 = CIRCLE ( 'NONE', #4527, 0.01000000000000000021 ) ;
#3455 = CARTESIAN_POINT ( 'NONE',  ( -0.04494025701305292414, 0.02504930670587728406, 0.001000000000000000021 ) ) ;
#3456 =( LENGTH_UNIT ( ) NAMED_UNIT ( * ) SI_UNIT ( .MILLI., .METRE. ) );
#3457 = EDGE_CURVE ( 'NONE', #1357, #5088, #5885, .T. ) ;
#3458 = EDGE_LOOP ( 'NONE', ( #956, #1066, #1749, #4009 ) ) ;
#3459 = CARTESIAN_POINT ( 'NONE',  ( 0.05259884672208972600, 0.01686725736057132288, 0.000000000000000000 ) ) ;
#3460 = FILL_AREA_STYLE ('',( #1634 ) ) ;
#3461 = LINE ( 'NONE', #231, #3309 ) ;
#3462 = SURFACE_STYLE_USAGE ( .BOTH. , #2914 ) ;
#3463 = DIRECTION ( 'NONE',  ( -9.680376540049145852E-17, 1.000000000000000000, 1.210047067506143201E-16 ) ) ;
#3464 = CARTESIAN_POINT ( 'NONE',  ( 0.08123810094892587597, 0.02541487400123018311, 0.001000000000000000021 ) ) ;
#3465 = CARTESIAN_POINT ( 'NONE',  ( 0.05710837624939206492, 0.007771798363351167631, 0.001000000000000000021 ) ) ;
#3466 = ORIENTED_EDGE ( 'NONE', *, *, #3856, .T. ) ;
#3467 = ORIENTED_EDGE ( 'NONE', *, *, #461, .F. ) ;
#3468 = STYLED_ITEM ( 'NONE', ( #3813 ), #4048 ) ;
#3469 = EDGE_CURVE ( 'NONE', #4870, #2479, #2180, .T. ) ;
#3470 = CARTESIAN_POINT ( 'NONE',  ( -0.09498141124619609299, 0.02541487400123018311, 0.001000000000000000021 ) ) ;
#3471 = ORIENTED_EDGE ( 'NONE', *, *, #5079, .F. ) ;
#3472 = CARTESIAN_POINT ( 'NONE',  ( -0.3000000000000000444, -0.1500000000000000500, 0.2799999999999998601 ) ) ;
#3473 =( GEOMETRIC_REPRESENTATION_CONTEXT ( 3 ) GLOBAL_UNCERTAINTY_ASSIGNED_CONTEXT ( ( #593 ) ) GLOBAL_UNIT_ASSIGNED_CONTEXT ( ( #5590, #1360, #2441 ) ) REPRESENTATION_CONTEXT ( 'NONE', 'WORKASPACE' ) );
#3474 = CARTESIAN_POINT ( 'NONE',  ( -0.06569292520313700645, 9.930575152245262537E-05, 0.001000000000000000021 ) ) ;
#3475 = CARTESIAN_POINT ( 'NONE',  ( -0.2899999999999999800, -0.1500000000000000500, 0.2799999999999998601 ) ) ;
#3476 = CARTESIAN_POINT ( 'NONE',  ( -0.05602239528275015229, 0.01248714149315011644, 0.000000000000000000 ) ) ;
#3477 = CIRCLE ( 'NONE', #640, 0.01000000000000002623 ) ;
#3478 = VERTEX_POINT ( 'NONE', #1290 ) ;
#3479 = CARTESIAN_POINT ( 'NONE',  ( 0.3000000000000000444, -0.1400000000000000411, 0.2799999999999998601 ) ) ;
#3480 = CARTESIAN_POINT ( 'NONE',  ( 0.04240968600421410328, -0.01766513775971134681, 0.000000000000000000 ) ) ;
#3481 = CARTESIAN_POINT ( 'NONE',  ( 0.01111614972941367581, -0.02458512599876982660, 0.001000000000000000021 ) ) ;
#3482 =( GEOMETRIC_REPRESENTATION_CONTEXT ( 3 ) GLOBAL_UNCERTAINTY_ASSIGNED_CONTEXT ( ( #3804 ) ) GLOBAL_UNIT_ASSIGNED_CONTEXT ( ( #403, #3679, #4012 ) ) REPRESENTATION_CONTEXT ( 'NONE', 'WORKASPACE' ) );
#3483 = CARTESIAN_POINT ( 'NONE',  ( -0.05215896221750224160, 0.02287594705169799722, 0.001000000000000000021 ) ) ;
#3484 = CARTESIAN_POINT ( 'NONE',  ( 0.04013428509269429539, 0.01917936544031970808, 0.001000000000000000021 ) ) ;
#3485 = CARTESIAN_POINT ( 'NONE',  ( -0.06155038225724264456, 0.01523358821375406930, 0.001000000000000000021 ) ) ;
#3486 = PRESENTATION_LAYER_ASSIGNMENT (  '', '', ( #927 ) ) ;
#3487 = COLOUR_RGB ( '',0.007843137254901960675, 0.5137254901960783826, 0.8235294117647058432 ) ;
#3488 = CARTESIAN_POINT ( 'NONE',  ( 0.05529990752149874234, 0.01261009997651078851, 0.000000000000000000 ) ) ;
#3489 =( NAMED_UNIT ( * ) SI_UNIT ( $, .STERADIAN. ) SOLID_ANGLE_UNIT ( ) );
#3490 = CARTESIAN_POINT ( 'NONE',  ( 0.03652867386767453400, 0.02021319826587794286, 0.001000000000000000021 ) ) ;
#3491 =( NAMED_UNIT ( * ) SI_UNIT ( $, .STERADIAN. ) SOLID_ANGLE_UNIT ( ) );
#3492 = CARTESIAN_POINT ( 'NONE',  ( 0.05321746269849937649, -0.01669550313201324798, 0.000000000000000000 ) ) ;
#3493 = COLOUR_RGB ( '',0.6666666666666666297, 0.6980392156862744724, 0.7686274509803920907 ) ;
#3494 = STYLED_ITEM ( 'NONE', ( #941 ), #5782 ) ;
#3495 = DIRECTION ( 'NONE',  ( 0.000000000000000000, -1.000000000000000000, 0.000000000000000000 ) ) ;
#3496 = CIRCLE ( 'NONE', #5821, 0.01000000000000002623 ) ;
#3497 = CARTESIAN_POINT ( 'NONE',  ( -0.01449360636814730173, 0.01992706912318139775, 0.001000000000000000021 ) ) ;
#3498 = CARTESIAN_POINT ( 'NONE',  ( 0.04708071240259774359, 0.02195204512702905730, 0.000000000000000000 ) ) ;
#3499 = ORIENTED_EDGE ( 'NONE', *, *, #267, .F. ) ;
#3500 = ORIENTED_EDGE ( 'NONE', *, *, #3339, .F. ) ;
#3501 = MECHANICAL_DESIGN_GEOMETRIC_PRESENTATION_REPRESENTATION (  '', ( #1938 ), #2419 ) ;
#3502 =( LENGTH_UNIT ( ) NAMED_UNIT ( * ) SI_UNIT ( .MILLI., .METRE. ) );
#3503 = ADVANCED_FACE ( 'NONE', ( #743 ), #2615, .F. ) ;
#3504 = EDGE_CURVE ( 'NONE', #4707, #4978, #3001, .T. ) ;
#3505 = DIRECTION ( 'NONE',  ( 1.000000000000000000, 0.000000000000000000, -0.000000000000000000 ) ) ;
#3506 = DIRECTION ( 'NONE',  ( 1.000000000000000000, 0.000000000000000000, 0.000000000000000000 ) ) ;
#3507 = VERTEX_POINT ( 'NONE', #1893 ) ;
#3508 = DIRECTION ( 'NONE',  ( -0.000000000000000000, -0.000000000000000000, -1.000000000000000000 ) ) ;
#3509 = CARTESIAN_POINT ( 'NONE',  ( -0.04189761313481338290, -0.02453387433355435840, 0.000000000000000000 ) ) ;
#3510 = PRESENTATION_LAYER_ASSIGNMENT (  '', '', ( #1242 ) ) ;
#3511 = FILL_AREA_STYLE ('',( #2086 ) ) ;
#3512 = CARTESIAN_POINT ( 'NONE',  ( -0.09140862161204973968, 0.01931731302562042160, 0.001000000000000000021 ) ) ;
#3513 = ORIENTED_EDGE ( 'NONE', *, *, #3504, .F. ) ;
#3514 =( LENGTH_UNIT ( ) NAMED_UNIT ( * ) SI_UNIT ( .MILLI., .METRE. ) );
#3515 = VECTOR ( 'NONE', #3979, 1000.000000000000000 ) ;
#3516 = CARTESIAN_POINT ( 'NONE',  ( 0.08794541802209661363, -0.02458512599876982660, 0.000000000000000000 ) ) ;
#3517 = UNCERTAINTY_MEASURE_WITH_UNIT (LENGTH_MEASURE( 1.000000000000000082E-05 ), #4465, 'distance_accuracy_value', 'NONE');
#3518 = MECHANICAL_DESIGN_GEOMETRIC_PRESENTATION_REPRESENTATION (  '', ( #4396 ), #960 ) ;
#3519 = SURFACE_SIDE_STYLE ('',( #1630 ) ) ;
#3520 = FILL_AREA_STYLE_COLOUR ( '', #2923 ) ;
#3521 = CARTESIAN_POINT ( 'NONE',  ( -0.06565334242328511871, -0.001751854963068078582, 0.000000000000000000 ) ) ;
#3522 = VECTOR ( 'NONE', #1494, 1000.000000000000000 ) ;
#3523 = ORIENTED_EDGE ( 'NONE', *, *, #5912, .F. ) ;
#3524 = ADVANCED_FACE ( 'NONE', ( #5095 ), #3750, .T. ) ;
#3525 = CARTESIAN_POINT ( 'NONE',  ( 0.02087224729038928209, -0.01650585770608689953, 0.001000000000000000021 ) ) ;
#3526 = FILL_AREA_STYLE_COLOUR ( '', #4839 ) ;
#3527 = CARTESIAN_POINT ( 'NONE',  ( 0.03838004352676320508, 0.01979355130426439791, 0.000000000000000000 ) ) ;
#3528 = CARTESIAN_POINT ( 'NONE',  ( 0.03719520205243483091, -0.02513766778380785438, 0.000000000000000000 ) ) ;
#3529 = PRESENTATION_STYLE_ASSIGNMENT (( #5340 ) ) ;
#3530 = PRESENTATION_STYLE_ASSIGNMENT (( #3030 ) ) ;
#3531 = B_SPLINE_SURFACE_WITH_KNOTS ( 'NONE', 3, 1, ( 
 ( #3945, #587 ),
 ( #697, #4343 ),
 ( #1606, #146 ),
 ( #3490, #2015 ),
 ( #3893, #3527 ),
 ( #1142, #1547 ),
 ( #2969, #5280 ),
 ( #2571, #4438 ),
 ( #2099, #1093 ),
 ( #635, #2511 ),
 ( #4923, #324 ),
 ( #5496, #3185 ),
 ( #2693, #5042 ),
 ( #1201, #778 ),
 ( #724, #2188 ),
 ( #3090, #5012 ),
 ( #4064, #837 ),
 ( #4951, #748 ),
 ( #1666, #266 ) ),
 .UNSPECIFIED., .F., .F., .F.,
 ( 4, 1, 1, 1, 1, 1, 1, 1, 1, 1, 1, 1, 1, 1, 1, 1, 4 ),
 ( 2, 2 ),
 ( 0.000000000000000000, 0.06460397028839230671, 0.1267024139629473467, 0.1867568140356183348, 0.2455056873654374860, 0.3036520244499754662, 0.3615030739706254770, 0.4202402229284675772, 0.4800333407766962934, 0.5406781347755160727, 0.6011918063807818458, 0.6623335024774423818, 0.7247395102972318259, 0.7894677361728866805, 0.8565048600438308624, 0.9263120958391902748, 1.000000000000000000 ),
 ( 0.000000000000000000, 1.000000000000000000 ),
 .UNSPECIFIED. ) ;
#3532 = EDGE_LOOP ( 'NONE', ( #4712, #97, #4968, #6032 ) ) ;
#3533 = COLOUR_RGB ( '',0.6666666666666666297, 0.6980392156862744724, 0.7686274509803920907 ) ;
#3534 = FILL_AREA_STYLE_COLOUR ( '', #1962 ) ;
#3535 = EDGE_CURVE ( 'NONE', #2965, #1963, #4152, .T. ) ;
#3536 = PRESENTATION_LAYER_ASSIGNMENT (  '', '', ( #502 ) ) ;
#3537 = VECTOR ( 'NONE', #4584, 1000.000000000000000 ) ;
#3538 = LINE ( 'NONE', #5349, #5561 ) ;
#3539 = ORIENTED_EDGE ( 'NONE', *, *, #1457, .F. ) ;
#3540 = DIRECTION ( 'NONE',  ( 0.000000000000000000, 1.000000000000000000, 0.000000000000000000 ) ) ;
#3541 = CYLINDRICAL_SURFACE ( 'NONE', #906, 0.01000000000000002623 ) ;
#3542 = CARTESIAN_POINT ( 'NONE',  ( -0.2000000000000000111, -0.1400000000000000411, 0.2800000000000000266 ) ) ;
#3543 = EDGE_CURVE ( 'NONE', #1190, #1468, #1411, .T. ) ;
#3544 = VERTEX_POINT ( 'NONE', #5180 ) ;
#3545 = LINE ( 'NONE', #739, #5971 ) ;
#3546 = VECTOR ( 'NONE', #4534, 1000.000000000000000 ) ;
#3547 = CARTESIAN_POINT ( 'NONE',  ( -0.01327409417302535810, 0.003463654489035054244, 0.001000000000000000021 ) ) ;
#3548 = CARTESIAN_POINT ( 'NONE',  ( 0.1500000000000000500, 0.1400000000000000411, -0.009999999999999998473 ) ) ;
#3549 = DIRECTION ( 'NONE',  ( -1.000000000000000000, 0.000000000000000000, 0.000000000000000000 ) ) ;
#3550 = DIRECTION ( 'NONE',  ( -1.000000000000000000, 0.000000000000000000, 0.000000000000000000 ) ) ;
#3551 = MECHANICAL_DESIGN_GEOMETRIC_PRESENTATION_REPRESENTATION (  '', ( #5387 ), #310 ) ;
#3552 = EDGE_CURVE ( 'NONE', #4902, #501, #439, .T. ) ;
#3553 = ORIENTED_EDGE ( 'NONE', *, *, #3178, .F. ) ;
#3554 = CARTESIAN_POINT ( 'NONE',  ( 0.004408832656242948553, -0.01909732112072104818, 0.000000000000000000 ) ) ;
#3555 =( GEOMETRIC_REPRESENTATION_CONTEXT ( 3 ) GLOBAL_UNCERTAINTY_ASSIGNED_CONTEXT ( ( #1987 ) ) GLOBAL_UNIT_ASSIGNED_CONTEXT ( ( #5669, #3847, #1475 ) ) REPRESENTATION_CONTEXT ( 'NONE', 'WORKASPACE' ) );
#3556 = LINE ( 'NONE', #1200, #1207 ) ;
#3557 = CARTESIAN_POINT ( 'NONE',  ( 0.04423182879657706207, -0.02354066071042681257, 0.000000000000000000 ) ) ;
#3558 = CARTESIAN_POINT ( 'NONE',  ( 0.02681731462942821276, -0.01892637471205727007, 0.000000000000000000 ) ) ;
#3559 = CARTESIAN_POINT ( 'NONE',  ( 0.03263863448551124202, 0.02602463009879115233, 0.001000000000000000021 ) ) ;
#3560 = DIRECTION ( 'NONE',  ( 0.000000000000000000, 1.000000000000000000, 0.000000000000000000 ) ) ;
#3561 = CARTESIAN_POINT ( 'NONE',  ( 0.3000000000000000444, -0.1400000000000000133, -3.388131789017201356E-17 ) ) ;
#3562 = CARTESIAN_POINT ( 'NONE',  ( 0.3000000000000000444, -0.1400000000000000411, -3.388131789017201356E-17 ) ) ;
#3563 = PRESENTATION_LAYER_ASSIGNMENT (  '', '', ( #4832 ) ) ;
#3564 = ORIENTED_EDGE ( 'NONE', *, *, #4641, .T. ) ;
#3565 =( NAMED_UNIT ( * ) SI_UNIT ( $, .STERADIAN. ) SOLID_ANGLE_UNIT ( ) );
#3566 = VECTOR ( 'NONE', #1013, 1000.000000000000000 ) ;
#3567 = SURFACE_STYLE_USAGE ( .BOTH. , #3043 ) ;
#3568 =( NAMED_UNIT ( * ) PLANE_ANGLE_UNIT ( ) SI_UNIT ( $, .RADIAN. ) );
#3569 = ORIENTED_EDGE ( 'NONE', *, *, #5250, .F. ) ;
#3570 = MECHANICAL_DESIGN_GEOMETRIC_PRESENTATION_REPRESENTATION (  '', ( #5419 ), #1702 ) ;
#3571 = CARTESIAN_POINT ( 'NONE',  ( -0.09195084663666984459, 0.01725203574533821019, 0.001000000000000000021 ) ) ;
#3572 = CARTESIAN_POINT ( 'NONE',  ( 0.03092235831192036849, 0.02601232737377671619, 0.001000000000000000021 ) ) ;
#3573 = LINE ( 'NONE', #256, #2487 ) ;
#3574 = ADVANCED_FACE ( 'NONE', ( #2242 ), #2844, .F. ) ;
#3575 = CARTESIAN_POINT ( 'NONE',  ( -0.03957935331936682927, 0.02541487400123018311, 0.001000000000000000021 ) ) ;
#3576 = FACE_OUTER_BOUND ( 'NONE', #4244, .T. ) ;
#3577 = CARTESIAN_POINT ( 'NONE',  ( -0.1844133521184760371, 3.716382066281058577E-18, 0.2890000000000000346 ) ) ;
#3578 = CARTESIAN_POINT ( 'NONE',  ( -0.06529155349168377920, -0.004453464717004489495, 0.000000000000000000 ) ) ;
#3579 = ORIENTED_EDGE ( 'NONE', *, *, #538, .F. ) ;
#3580 = CARTESIAN_POINT ( 'NONE',  ( 0.05631289203242669655, 0.01026334299732335580, 0.000000000000000000 ) ) ;
#3581 = CARTESIAN_POINT ( 'NONE',  ( -0.2899999999999999800, 0.1399999999999999301, 0.2899999999999999245 ) ) ;
#3582 =( LENGTH_UNIT ( ) NAMED_UNIT ( * ) SI_UNIT ( .MILLI., .METRE. ) );
#3583 =( NAMED_UNIT ( * ) SI_UNIT ( $, .STERADIAN. ) SOLID_ANGLE_UNIT ( ) );
#3584 = CARTESIAN_POINT ( 'NONE',  ( -0.09124017615213118881, 0.01828867053690088132, 0.000000000000000000 ) ) ;
#3585 = CARTESIAN_POINT ( 'NONE',  ( 0.05805174181701861641, -0.001434415747027232690, 0.000000000000000000 ) ) ;
#3586 = PRESENTATION_STYLE_ASSIGNMENT (( #2695 ) ) ;
#3587 = LINE ( 'NONE', #2102, #3546 ) ;
#3588 = CARTESIAN_POINT ( 'NONE',  ( -0.09227991538027045804, 0.01601070718730033052, 0.001000000000000000021 ) ) ;
#3589 = ORIENTED_EDGE ( 'NONE', *, *, #2151, .F. ) ;
#3590 = VECTOR ( 'NONE', #4888, 999.9999999999998863 ) ;
#3591 = CIRCLE ( 'NONE', #2019, 0.01000000000000002623 ) ;
#3592 =( LENGTH_UNIT ( ) NAMED_UNIT ( * ) SI_UNIT ( .MILLI., .METRE. ) );
#3593 = LINE ( 'NONE', #4105, #2283 ) ;
#3594 = FILL_AREA_STYLE ('',( #5415 ) ) ;
#3595 = CARTESIAN_POINT ( 'NONE',  ( 0.04936016071041594844, 0.01022232934929309493, 0.000000000000000000 ) ) ;
#3596 = ORIENTED_EDGE ( 'NONE', *, *, #4176, .T. ) ;
#3597 = CARTESIAN_POINT ( 'NONE',  ( -0.2000000000000000389, -0.1400000000000000411, 0.2899999999999998690 ) ) ;
#3598 = CARTESIAN_POINT ( 'NONE',  ( -0.05900580149009851394, 0.0009007733914740772251, 0.000000000000000000 ) ) ;
#3599 = VERTEX_POINT ( 'NONE', #2433 ) ;
#3600 =( NAMED_UNIT ( * ) SI_UNIT ( $, .STERADIAN. ) SOLID_ANGLE_UNIT ( ) );
#3601 = CARTESIAN_POINT ( 'NONE',  ( -0.06390069648873029917, 0.01105506609094145803, 0.001000000000000000021 ) ) ;
#3602 = DIRECTION ( 'NONE',  ( 0.000000000000000000, -1.000000000000000000, 0.000000000000000000 ) ) ;
#3603 = ADVANCED_FACE ( 'NONE', ( #4358 ), #4392, .T. ) ;
#3604 = DIRECTION ( 'NONE',  ( -9.680376540049145852E-17, 1.000000000000000000, 1.936075308009829417E-16 ) ) ;
#3605 = CARTESIAN_POINT ( 'NONE',  ( 0.02220026676541110577, 0.01810728506059530729, 0.000000000000000000 ) ) ;
#3606 = EDGE_CURVE ( 'NONE', #711, #1433, #3850, .T. ) ;
#3607 = EDGE_LOOP ( 'NONE', ( #1408, #3276, #4309, #12 ) ) ;
#3608 = DIRECTION ( 'NONE',  ( 0.000000000000000000, 1.000000000000000000, 1.694065894508600925E-16 ) ) ;
#3609 = CARTESIAN_POINT ( 'NONE',  ( 0.03462986924160880303, -0.02519488209633080275, 0.000000000000000000 ) ) ;
#3610 =( LENGTH_UNIT ( ) NAMED_UNIT ( * ) SI_UNIT ( .MILLI., .METRE. ) );
#3611 = PRESENTATION_STYLE_ASSIGNMENT (( #5830 ) ) ;
#3612 = DIRECTION ( 'NONE',  ( -0.000000000000000000, -0.000000000000000000, -1.000000000000000000 ) ) ;
#3613 = VERTEX_POINT ( 'NONE', #1044 ) ;
#3614 = PRESENTATION_LAYER_ASSIGNMENT (  '', '', ( #4396 ) ) ;
#3615 = PLANE ( 'NONE',  #3018 ) ;
#3616 = SURFACE_STYLE_FILL_AREA ( #4505 ) ;
#3617 = CARTESIAN_POINT ( 'NONE',  ( 0.1600000000000000311, 0.1300000000000000322, 5.445211803777644349E-19 ) ) ;
#3618 = PRESENTATION_LAYER_ASSIGNMENT (  '', '', ( #4102 ) ) ;
#3619 = PRESENTATION_STYLE_ASSIGNMENT (( #1153 ) ) ;
#3620 = CARTESIAN_POINT ( 'NONE',  ( -0.04754534699222128652, -0.01782432135164675399, 0.001000000000000000021 ) ) ;
#3621 = CARTESIAN_POINT ( 'NONE',  ( 0.3000000000000000444, 0.1399999999999999301, 0.2799999999999999156 ) ) ;
#3622 = COLOUR_RGB ( '',0.1019607843137254888, 0.1019607843137254888, 0.1019607843137254888 ) ;
#3623 = EDGE_CURVE ( 'NONE', #1208, #5392, #573, .T. ) ;
#3624 = ORIENTED_EDGE ( 'NONE', *, *, #973, .T. ) ;
#3625 = UNCERTAINTY_MEASURE_WITH_UNIT (LENGTH_MEASURE( 1.000000000000000082E-05 ), #5644, 'distance_accuracy_value', 'NONE');
#3626 =( GEOMETRIC_REPRESENTATION_CONTEXT ( 3 ) GLOBAL_UNCERTAINTY_ASSIGNED_CONTEXT ( ( #883 ) ) GLOBAL_UNIT_ASSIGNED_CONTEXT ( ( #2463, #675, #5755 ) ) REPRESENTATION_CONTEXT ( 'NONE', 'WORKASPACE' ) );
#3627 = ORIENTED_EDGE ( 'NONE', *, *, #3045, .T. ) ;
#3628 = AXIS2_PLACEMENT_3D ( 'NONE', #5163, #459, #5569 ) ;
#3629 = CARTESIAN_POINT ( 'NONE',  ( 0.02336536381795564776, 0.02492477399191892276, 0.000000000000000000 ) ) ;
#3630 = DIRECTION ( 'NONE',  ( 1.112802568240965291E-32, 1.149544714130836386E-16, -1.000000000000000000 ) ) ;
#3631 = LINE ( 'NONE', #5360, #5432 ) ;
#3632 = DIRECTION ( 'NONE',  ( 1.000000000000000000, 0.000000000000000000, 0.000000000000000000 ) ) ;
#3633 = CARTESIAN_POINT ( 'NONE',  ( -0.04973242962689526647, -0.02287466682716734687, 0.000000000000000000 ) ) ;
#3634 = VECTOR ( 'NONE', #4483, 1000.000000000000000 ) ;
#3635 = ORIENTED_EDGE ( 'NONE', *, *, #1796, .F. ) ;
#3636 = FILL_AREA_STYLE ('',( #4157 ) ) ;
#3637 = CARTESIAN_POINT ( 'NONE',  ( 0.1500000000000000500, 0.1300000000000000322, 5.445211803777644349E-19 ) ) ;
#3638 = CARTESIAN_POINT ( 'NONE',  ( -0.03906487161204973829, -0.02458512599876982660, 0.001000000000000000021 ) ) ;
#3639 = SURFACE_STYLE_FILL_AREA ( #1771 ) ;
#3640 = CARTESIAN_POINT ( 'NONE',  ( -0.09498141124619609299, 0.02541487400123018311, 0.000000000000000000 ) ) ;
#3641 = PRESENTATION_STYLE_ASSIGNMENT (( #4069 ) ) ;
#3642 = DIRECTION ( 'NONE',  ( 0.000000000000000000, 0.000000000000000000, 1.000000000000000000 ) ) ;
#3643 = DIRECTION ( 'NONE',  ( 1.000000000000000000, 0.000000000000000000, 0.000000000000000000 ) ) ;
#3644 = UNCERTAINTY_MEASURE_WITH_UNIT (LENGTH_MEASURE( 1.000000000000000082E-05 ), #466, 'distance_accuracy_value', 'NONE');
#3645 =( GEOMETRIC_REPRESENTATION_CONTEXT ( 3 ) GLOBAL_UNCERTAINTY_ASSIGNED_CONTEXT ( ( #4145 ) ) GLOBAL_UNIT_ASSIGNED_CONTEXT ( ( #988, #3910, #3422 ) ) REPRESENTATION_CONTEXT ( 'NONE', 'WORKASPACE' ) );
#3646 = CARTESIAN_POINT ( 'NONE',  ( -0.05700189932203005710, -0.009294487917743678509, 0.000000000000000000 ) ) ;
#3647 = FILL_AREA_STYLE_COLOUR ( '', #686 ) ;
#3648 = CARTESIAN_POINT ( 'NONE',  ( 0.03462986924160880303, -0.02519488209633080275, 0.001000000000000000021 ) ) ;
#3649 =( GEOMETRIC_REPRESENTATION_CONTEXT ( 3 ) GLOBAL_UNCERTAINTY_ASSIGNED_CONTEXT ( ( #5127 ) ) GLOBAL_UNIT_ASSIGNED_CONTEXT ( ( #3875, #1076, #2175 ) ) REPRESENTATION_CONTEXT ( 'NONE', 'WORKASPACE' ) );
#3650 = SURFACE_STYLE_FILL_AREA ( #4042 ) ;
#3651 = CARTESIAN_POINT ( 'NONE',  ( -0.04363937810360978692, -0.01879697581875370768, 0.000000000000000000 ) ) ;
#3652 = CARTESIAN_POINT ( 'NONE',  ( 0.05009355960660913376, 0.008386197837631424040, 0.000000000000000000 ) ) ;
#3653 = EDGE_LOOP ( 'NONE', ( #4215, #436, #416, #2782 ) ) ;
#3654 = CARTESIAN_POINT ( 'NONE',  ( 0.02707182100210450346, -0.02441597831158792697, 0.000000000000000000 ) ) ;
#3655 = UNCERTAINTY_MEASURE_WITH_UNIT (LENGTH_MEASURE( 1.000000000000000082E-05 ), #4747, 'distance_accuracy_value', 'NONE');
#3656 = CARTESIAN_POINT ( 'NONE',  ( 0.02523613493054476659, -0.01848157456955751982, 0.001000000000000000021 ) ) ;
#3657 = PRESENTATION_STYLE_ASSIGNMENT (( #2808 ) ) ;
#3658 = FACE_OUTER_BOUND ( 'NONE', #2784, .T. ) ;
#3659 = ORIENTED_EDGE ( 'NONE', *, *, #2677, .T. ) ;
#3660 = CARTESIAN_POINT ( 'NONE',  ( 0.2899999999999999800, -0.1400000000000000411, -3.388131789017201356E-17 ) ) ;
#3661 = VECTOR ( 'NONE', #1782, 1000.000000000000000 ) ;
#3662 = FILL_AREA_STYLE_COLOUR ( '', #4891 ) ;
#3663 = ADVANCED_FACE ( 'NONE', ( #4305 ), #2084, .T. ) ;
#3664 = CARTESIAN_POINT ( 'NONE',  ( 0.03263863448551124202, 0.02602463009879115233, 0.001000000000000000021 ) ) ;
#3665 = SURFACE_SIDE_STYLE ('',( #4155 ) ) ;
#3666 = EDGE_LOOP ( 'NONE', ( #850, #2281, #4849, #4178 ) ) ;
#3667 = ORIENTED_EDGE ( 'NONE', *, *, #3919, .T. ) ;
#3668 = CARTESIAN_POINT ( 'NONE',  ( -0.04743597297352430964, 0.01876811111770598783, 0.001000000000000000021 ) ) ;
#3669 = SURFACE_STYLE_FILL_AREA ( #807 ) ;
#3670 =( GEOMETRIC_REPRESENTATION_CONTEXT ( 3 ) GLOBAL_UNCERTAINTY_ASSIGNED_CONTEXT ( ( #1495 ) ) GLOBAL_UNIT_ASSIGNED_CONTEXT ( ( #2931, #2500, #2562 ) ) REPRESENTATION_CONTEXT ( 'NONE', 'WORKASPACE' ) );
#3671 =( NAMED_UNIT ( * ) PLANE_ANGLE_UNIT ( ) SI_UNIT ( $, .RADIAN. ) );
#3672 =( LENGTH_UNIT ( ) NAMED_UNIT ( * ) SI_UNIT ( .MILLI., .METRE. ) );
#3673 = SURFACE_SIDE_STYLE ('',( #5082 ) ) ;
#3674 = VERTEX_POINT ( 'NONE', #2401 ) ;
#3675 = VECTOR ( 'NONE', #5124, 1000.000000000000000 ) ;
#3676 = PLANE ( 'NONE',  #2762 ) ;
#3677 =( LENGTH_UNIT ( ) NAMED_UNIT ( * ) SI_UNIT ( .MILLI., .METRE. ) );
#3678 = CARTESIAN_POINT ( 'NONE',  ( -0.2899999999999999800, -0.1500000000000000500, 0.2799999999999998601 ) ) ;
#3679 =( NAMED_UNIT ( * ) PLANE_ANGLE_UNIT ( ) SI_UNIT ( $, .RADIAN. ) );
#3680 = MECHANICAL_DESIGN_GEOMETRIC_PRESENTATION_REPRESENTATION (  '', ( #2811 ), #1713 ) ;
#3681 = CARTESIAN_POINT ( 'NONE',  ( -0.05830802477415204799, -0.005587285445373437777, 0.000000000000000000 ) ) ;
#3682 = CARTESIAN_POINT ( 'NONE',  ( 0.05066153456882772216, 0.006429331644174559116, 0.000000000000000000 ) ) ;
#3683 = EDGE_LOOP ( 'NONE', ( #3056, #3364, #5008 ) ) ;
#3684 = ORIENTED_EDGE ( 'NONE', *, *, #902, .F. ) ;
#3685 = EDGE_CURVE ( 'NONE', #1793, #2498, #2557, .T. ) ;
#3686 = FILL_AREA_STYLE ('',( #4144 ) ) ;
#3687 = COLOUR_RGB ( '',0.1019607843137254888, 0.1019607843137254888, 0.1019607843137254888 ) ;
#3688 = CARTESIAN_POINT ( 'NONE',  ( 0.06233566192453564303, -0.02458512599876982660, 0.000000000000000000 ) ) ;
#3689 = AXIS2_PLACEMENT_3D ( 'NONE', #4103, #5572, #875 ) ;
#3690 = ORIENTED_EDGE ( 'NONE', *, *, #5267, .T. ) ;
#3691 = CARTESIAN_POINT ( 'NONE',  ( -0.2899999999999999800, 0.1499999999999999389, 0.2799999999999999156 ) ) ;
#3692 = CARTESIAN_POINT ( 'NONE',  ( 0.02208167900123621935, 0.02453385777765213285, 0.001000000000000000021 ) ) ;
#3693 = DIRECTION ( 'NONE',  ( 1.000000000000000000, 0.000000000000000000, -0.000000000000000000 ) ) ;
#3694 = COLOUR_RGB ( '',1.000000000000000000, 1.000000000000000000, 1.000000000000000000 ) ;
#3695 = CARTESIAN_POINT ( 'NONE',  ( 0.03560902019794352780, -0.01965802303616579275, 0.001000000000000000021 ) ) ;
#3696 = ORIENTED_EDGE ( 'NONE', *, *, #5860, .F. ) ;
#3697 = ORIENTED_EDGE ( 'NONE', *, *, #1332, .F. ) ;
#3698 = EDGE_CURVE ( 'NONE', #6004, #1208, #5116, .T. ) ;
#3699 = CARTESIAN_POINT ( 'NONE',  ( -0.05226685326664547854, 0.01629139429080626519, 0.000000000000000000 ) ) ;
#3700 = DIRECTION ( 'NONE',  ( 0.000000000000000000, 0.000000000000000000, -1.000000000000000000 ) ) ;
#3701 =( NAMED_UNIT ( * ) SI_UNIT ( $, .STERADIAN. ) SOLID_ANGLE_UNIT ( ) );
#3702 = CARTESIAN_POINT ( 'NONE',  ( -0.09060831673400097930, 0.01581121546464480873, 0.000000000000000000 ) ) ;
#3703 = EDGE_CURVE ( 'NONE', #532, #3478, #5368, .T. ) ;
#3704 = CARTESIAN_POINT ( 'NONE',  ( -0.1144936063681473021, -0.02458512599876982660, 0.001000000000000000021 ) ) ;
#3705 = AXIS2_PLACEMENT_3D ( 'NONE', #4919, #4492, #3967 ) ;
#3706 = CARTESIAN_POINT ( 'NONE',  ( -0.09068388793049135532, 0.01603910936498291820, 0.001000000000000000021 ) ) ;
#3707 = CARTESIAN_POINT ( 'NONE',  ( -0.06003434578385283271, -0.01580139447957704113, 0.001000000000000000021 ) ) ;
#3708 = SURFACE_SIDE_STYLE ('',( #2879 ) ) ;
#3709 = VERTEX_POINT ( 'NONE', #1578 ) ;
#3710 = PRESENTATION_STYLE_ASSIGNMENT (( #936 ) ) ;
#3711 = CIRCLE ( 'NONE', #2434, 0.009999999999999998473 ) ;
#3712 = UNCERTAINTY_MEASURE_WITH_UNIT (LENGTH_MEASURE( 1.000000000000000082E-05 ), #4721, 'distance_accuracy_value', 'NONE');
#3713 = CARTESIAN_POINT ( 'NONE',  ( -0.06529068661881136382, 0.006306685072534378052, 0.000000000000000000 ) ) ;
#3714 = FACE_OUTER_BOUND ( 'NONE', #187, .T. ) ;
#3715 = CARTESIAN_POINT ( 'NONE',  ( 0.02845535217210905243, -0.01928171044815464585, 0.001000000000000000021 ) ) ;
#3716 = SURFACE_SIDE_STYLE ('',( #3320 ) ) ;
#3717 = CIRCLE ( 'NONE', #845, 0.03034656252617936104 ) ;
#3718 = ORIENTED_EDGE ( 'NONE', *, *, #707, .F. ) ;
#3719 = ORIENTED_EDGE ( 'NONE', *, *, #4428, .F. ) ;
#3720 = CARTESIAN_POINT ( 'NONE',  ( 0.02379804373199050083, -0.02341801040300478878, 0.000000000000000000 ) ) ;
#3721 = STYLED_ITEM ( 'NONE', ( #5655 ), #5412 ) ;
#3722 = CARTESIAN_POINT ( 'NONE',  ( 0.02372077728132135702, -0.01792287151418890667, 0.000000000000000000 ) ) ;
#3723 = CARTESIAN_POINT ( 'NONE',  ( 0.02883684531775318818, -0.02477179909904225416, 0.001000000000000000021 ) ) ;
#3724 = ADVANCED_FACE ( 'NONE', ( #3917 ), #1545, .T. ) ;
#3725 = CARTESIAN_POINT ( 'NONE',  ( 0.03100909315150664897, 0.02051305201824462493, 0.000000000000000000 ) ) ;
#3726 = ORIENTED_EDGE ( 'NONE', *, *, #5, .F. ) ;
#3727 = SURFACE_SIDE_STYLE ('',( #4683 ) ) ;
#3728 = VERTEX_POINT ( 'NONE', #2570 ) ;
#3729 =( LENGTH_UNIT ( ) NAMED_UNIT ( * ) SI_UNIT ( .MILLI., .METRE. ) );
#3730 = SURFACE_STYLE_FILL_AREA ( #989 ) ;
#3731 = CARTESIAN_POINT ( 'NONE',  ( -0.08146197527058633703, -0.01056073575486738726, 0.001000000000000000021 ) ) ;
#3732 = SURFACE_SIDE_STYLE ('',( #2282 ) ) ;
#3733 = UNCERTAINTY_MEASURE_WITH_UNIT (LENGTH_MEASURE( 1.000000000000000082E-05 ), #507, 'distance_accuracy_value', 'NONE');
#3734 = CARTESIAN_POINT ( 'NONE',  ( -0.03955077100229364984, 0.01992706912318139775, 0.001000000000000000021 ) ) ;
#3735 = ADVANCED_FACE ( 'NONE', ( #265 ), #666, .T. ) ;
#3736 = VECTOR ( 'NONE', #3508, 1000.000000000000000 ) ;
#3737 = CARTESIAN_POINT ( 'NONE',  ( -0.02546921612424486725, -0.02458512599876982660, 0.001000000000000000021 ) ) ;
#3738 = ORIENTED_EDGE ( 'NONE', *, *, #5768, .T. ) ;
#3739 = CARTESIAN_POINT ( 'NONE',  ( 0.2000000000000000111, 0.1399999999999999301, 0.2799999999999999156 ) ) ;
#3740 = DIRECTION ( 'NONE',  ( -0.000000000000000000, -0.000000000000000000, -1.000000000000000000 ) ) ;
#3741 = SURFACE_STYLE_FILL_AREA ( #6064 ) ;
#3742 = VECTOR ( 'NONE', #3415, 1000.000000000000000 ) ;
#3743 = COLOUR_RGB ( '',0.6666666666666666297, 0.6980392156862744724, 0.7686274509803920907 ) ;
#3744 = VERTEX_POINT ( 'NONE', #172 ) ;
#3745 = STYLED_ITEM ( 'NONE', ( #5176 ), #1536 ) ;
#3746 = SURFACE_STYLE_USAGE ( .BOTH. , #35 ) ;
#3747 = COLOUR_RGB ( '',0.6666666666666666297, 0.6980392156862744724, 0.7686274509803920907 ) ;
#3748 = ORIENTED_EDGE ( 'NONE', *, *, #4774, .F. ) ;
#3749 =( NAMED_UNIT ( * ) SI_UNIT ( $, .STERADIAN. ) SOLID_ANGLE_UNIT ( ) );
#3750 = CYLINDRICAL_SURFACE ( 'NONE', #813, 0.009999999999999998473 ) ;
#3751 = EDGE_CURVE ( 'NONE', #2202, #1793, #5774, .T. ) ;
#3752 = ORIENTED_EDGE ( 'NONE', *, *, #3157, .T. ) ;
#3753 = PRESENTATION_STYLE_ASSIGNMENT (( #4216 ) ) ;
#3754 = EDGE_LOOP ( 'NONE', ( #3448, #2736, #3769, #4753 ) ) ;
#3755 = MECHANICAL_DESIGN_GEOMETRIC_PRESENTATION_REPRESENTATION (  '', ( #1589 ), #5022 ) ;
#3756 = CARTESIAN_POINT ( 'NONE',  ( -0.03955077100229364984, 0.01992706912318139775, 0.001000000000000000021 ) ) ;
#3757 = EDGE_CURVE ( 'NONE', #1397, #1385, #5335, .T. ) ;
#3758 = SURFACE_STYLE_FILL_AREA ( #2875 ) ;
#3759 = LINE ( 'NONE', #1484, #915 ) ;
#3760 =( NAMED_UNIT ( * ) PLANE_ANGLE_UNIT ( ) SI_UNIT ( $, .RADIAN. ) );
#3761 = CARTESIAN_POINT ( 'NONE',  ( -0.09140862161204973968, 0.01931731302562042160, 0.001000000000000000021 ) ) ;
#3762 = EDGE_LOOP ( 'NONE', ( #4330, #1690, #5181, #384 ) ) ;
#3763 = STYLED_ITEM ( 'NONE', ( #3823 ), #3907 ) ;
#3764 = CARTESIAN_POINT ( 'NONE',  ( -0.03955077100229364984, 0.01992706912318139775, 0.000000000000000000 ) ) ;
#3765 = FILL_AREA_STYLE_COLOUR ( '', #5672 ) ;
#3766 = LINE ( 'NONE', #4645, #3141 ) ;
#3767 = FACE_OUTER_BOUND ( 'NONE', #5354, .T. ) ;
#3768 = PLANE ( 'NONE',  #4393 ) ;
#3769 = ORIENTED_EDGE ( 'NONE', *, *, #1516, .T. ) ;
#3770 = VERTEX_POINT ( 'NONE', #5827 ) ;
#3771 = PRESENTATION_LAYER_ASSIGNMENT (  '', '', ( #1824 ) ) ;
#3772 = MANIFOLD_SOLID_BREP ( 'ÇÐ³ý-À­Éì2', #1253 ) ;
#3773 = PRESENTATION_STYLE_ASSIGNMENT (( #2395 ) ) ;
#3774 = AXIS2_PLACEMENT_3D ( 'NONE', #2563, #2035, #5271 ) ;
#3775 = EDGE_CURVE ( 'NONE', #3744, #3862, #1330, .T. ) ;
#3776 = DIRECTION ( 'NONE',  ( -1.000000000000000000, -9.680376540049147084E-17, -0.000000000000000000 ) ) ;
#3777 = ORIENTED_EDGE ( 'NONE', *, *, #4619, .F. ) ;
#3778 = LINE ( 'NONE', #4239, #3742 ) ;
#3779 = SURFACE_STYLE_USAGE ( .BOTH. , #1916 ) ;
#3780 = PRESENTATION_STYLE_ASSIGNMENT (( #1945 ) ) ;
#3781 = PRESENTATION_STYLE_ASSIGNMENT (( #419 ) ) ;
#3782 = PRESENTATION_LAYER_ASSIGNMENT (  '', '', ( #3207 ) ) ;
#3783 = COLOUR_RGB ( '',0.1019607843137254888, 0.1019607843137254888, 0.1019607843137254888 ) ;
#3784 = EDGE_LOOP ( 'NONE', ( #5726, #213, #6069, #2388 ) ) ;
#3785 = LINE ( 'NONE', #5646, #5948 ) ;
#3786 = AXIS2_PLACEMENT_3D ( 'NONE', #5621, #2877, #4339 ) ;
#3787 = CARTESIAN_POINT ( 'NONE',  ( -0.04368506062959385400, 0.01966111884288532577, 0.000000000000000000 ) ) ;
#3788 = CARTESIAN_POINT ( 'NONE',  ( -0.2999999999999999889, 0.1499999999999999389, 0.2799999999999999156 ) ) ;
#3789 = FILL_AREA_STYLE ('',( #2876 ) ) ;
#3790 = ADVANCED_FACE ( 'NONE', ( #389 ), #2692, .T. ) ;
#3791 = PRESENTATION_LAYER_ASSIGNMENT (  '', '', ( #366 ) ) ;
#3792 = SURFACE_SIDE_STYLE ('',( #1928 ) ) ;
#3793 = SURFACE_SIDE_STYLE ('',( #21 ) ) ;
#3794 = EDGE_CURVE ( 'NONE', #3010, #4515, #2219, .T. ) ;
#3795 = CARTESIAN_POINT ( 'NONE',  ( -0.3000000000000000444, 0.1399999999999999301, 0.2899999999999999245 ) ) ;
#3796 = CARTESIAN_POINT ( 'NONE',  ( -0.08146197527058633703, -0.01056073575486738726, 0.001000000000000000021 ) ) ;
#3797 = VECTOR ( 'NONE', #3604, 1000.000000000000000 ) ;
#3798 = B_SPLINE_CURVE_WITH_KNOTS ( 'NONE', 3,
 ( #1639, #750, #4501, #726, #1669, #3558, #2132, #299, #3125, #785, #2165 ),
 .UNSPECIFIED., .F., .F.,
 ( 4, 1, 1, 1, 1, 1, 1, 1, 4 ),
 ( 0.000000000000000000, 0.1352946047634290272, 0.2667656579247485449, 0.3948160188358720846, 0.5200516544342452807, 0.6421757029708213826, 0.7626518205584228438, 0.8818340043805019679, 1.000000000000000000 ),
 .UNSPECIFIED. ) ;
#3799 = DIRECTION ( 'NONE',  ( 0.000000000000000000, -0.000000000000000000, 1.000000000000000000 ) ) ;
#3800 = DIRECTION ( 'NONE',  ( -0.000000000000000000, -0.000000000000000000, -1.000000000000000000 ) ) ;
#3801 = ORIENTED_EDGE ( 'NONE', *, *, #4176, .F. ) ;
#3802 = B_SPLINE_CURVE_WITH_KNOTS ( 'NONE', 3,
 ( #3609, #3060, #5401, #390, #3120, #5960, #5996, #5465, #2658, #4982, #1263, #1769, #2220, #3152, #4129, #356, #4692, #1926, #486 ),
 .UNSPECIFIED., .F., .F.,
 ( 4, 1, 1, 1, 1, 1, 1, 1, 1, 1, 1, 1, 1, 1, 1, 1, 4 ),
 ( 0.000000000000000000, 0.06783324845577361206, 0.1326555365079041815, 0.1950508840508279329, 0.2555829330687772738, 0.3147998341472899586, 0.3736004728263744856, 0.4325455953267435261, 0.4924306292835653465, 0.5526712559629696209, 0.6125130441881164733, 0.6726102503570065005, 0.7338383693139460817, 0.7965942385677740045, 0.8614497992905733037, 0.9291989423509054991, 1.000000000000000000 ),
 .UNSPECIFIED. ) ;
#3803 = ORIENTED_EDGE ( 'NONE', *, *, #3072, .F. ) ;
#3804 = UNCERTAINTY_MEASURE_WITH_UNIT (LENGTH_MEASURE( 1.000000000000000082E-05 ), #403, 'distance_accuracy_value', 'NONE');
#3805 = DIRECTION ( 'NONE',  ( -0.000000000000000000, -0.000000000000000000, -1.000000000000000000 ) ) ;
#3806 =( GEOMETRIC_REPRESENTATION_CONTEXT ( 3 ) GLOBAL_UNCERTAINTY_ASSIGNED_CONTEXT ( ( #2925 ) ) GLOBAL_UNIT_ASSIGNED_CONTEXT ( ( #1371, #5969, #2320 ) ) REPRESENTATION_CONTEXT ( 'NONE', 'WORKASPACE' ) );
#3807 = FILL_AREA_STYLE ('',( #4794 ) ) ;
#3808 = EDGE_CURVE ( 'NONE', #861, #1793, #5894, .T. ) ;
#3809 = CARTESIAN_POINT ( 'NONE',  ( -0.1144936063681473021, -0.02458512599876982660, 0.001000000000000000021 ) ) ;
#3810 = VERTEX_POINT ( 'NONE', #1693 ) ;
#3811 = LINE ( 'NONE', #2431, #3163 ) ;
#3812 = CARTESIAN_POINT ( 'NONE',  ( -0.1071765331974156160, -0.02458512599876982660, 0.001000000000000000021 ) ) ;
#3813 = PRESENTATION_STYLE_ASSIGNMENT (( #42 ) ) ;
#3814 = PRESENTATION_STYLE_ASSIGNMENT (( #5262 ) ) ;
#3815 = AXIS2_PLACEMENT_3D ( 'NONE', #3734, #5532, #5997 ) ;
#3816 = CARTESIAN_POINT ( 'NONE',  ( 0.08123810094892587597, 0.02541487400123018311, 0.000000000000000000 ) ) ;
#3817 = UNCERTAINTY_MEASURE_WITH_UNIT (LENGTH_MEASURE( 1.000000000000000082E-05 ), #1493, 'distance_accuracy_value', 'NONE');
#3818 = VERTEX_POINT ( 'NONE', #5041 ) ;
#3819 = CARTESIAN_POINT ( 'NONE',  ( 0.1999999999999999833, 0.1499999999999999389, 0.2799999999999999156 ) ) ;
#3820 = STYLED_ITEM ( 'NONE', ( #2634 ), #5148 ) ;
#3821 = CARTESIAN_POINT ( 'NONE',  ( 0.02087224729038928209, 0.02404292278171798330, 0.001000000000000000021 ) ) ;
#3822 = CARTESIAN_POINT ( 'NONE',  ( 0.05806736924160880303, -0.0005283424621844572686, 0.001000000000000000021 ) ) ;
#3823 = PRESENTATION_STYLE_ASSIGNMENT (( #5098 ) ) ;
#3824 =( NAMED_UNIT ( * ) PLANE_ANGLE_UNIT ( ) SI_UNIT ( $, .RADIAN. ) );
#3825 = CARTESIAN_POINT ( 'NONE',  ( -0.05610782381410100994, -0.01095545269230039503, 0.001000000000000000021 ) ) ;
#3826 = CIRCLE ( 'NONE', #1372, 0.009999999999999998473 ) ;
#3827 = VECTOR ( 'NONE', #3805, 1000.000000000000000 ) ;
#3828 =( NAMED_UNIT ( * ) SI_UNIT ( $, .STERADIAN. ) SOLID_ANGLE_UNIT ( ) );
#3829 =( NAMED_UNIT ( * ) SI_UNIT ( $, .STERADIAN. ) SOLID_ANGLE_UNIT ( ) );
#3830 = CARTESIAN_POINT ( 'NONE',  ( 0.04273960160224671290, 0.02424944539201552562, 0.001000000000000000021 ) ) ;
#3831 = ORIENTED_EDGE ( 'NONE', *, *, #4353, .F. ) ;
#3832 =( NAMED_UNIT ( * ) SI_UNIT ( $, .STERADIAN. ) SOLID_ANGLE_UNIT ( ) );
#3833 = CARTESIAN_POINT ( 'NONE',  ( -0.06937165514863510851, -0.02458512599876982660, 0.001000000000000000021 ) ) ;
#3834 = CARTESIAN_POINT ( 'NONE',  ( 0.05172804511675182376, -0.01845700848506715355, 0.001000000000000000021 ) ) ;
#3835 = SPHERICAL_SURFACE ( 'NONE', #2846, 0.01000000000000000021 ) ;
#3836 = CARTESIAN_POINT ( 'NONE',  ( -0.08827409417302536920, 0.02541487400123018311, 0.000000000000000000 ) ) ;
#3837 = PLANE ( 'NONE',  #670 ) ;
#3838 = UNCERTAINTY_MEASURE_WITH_UNIT (LENGTH_MEASURE( 1.000000000000000082E-05 ), #5617, 'distance_accuracy_value', 'NONE');
#3839 = EDGE_LOOP ( 'NONE', ( #3696, #5286, #2025, #364 ) ) ;
#3840 = EDGE_LOOP ( 'NONE', ( #3294, #4877, #474, #5695 ) ) ;
#3841 = AXIS2_PLACEMENT_3D ( 'NONE', #5388, #4457, #4021 ) ;
#3842 = DIRECTION ( 'NONE',  ( 0.000000000000000000, 1.149544714130836139E-16, -1.000000000000000000 ) ) ;
#3843 = VECTOR ( 'NONE', #5069, 1000.000000000000000 ) ;
#3844 = CARTESIAN_POINT ( 'NONE',  ( 0.03370570765624295029, -0.01970707721828202086, 0.000000000000000000 ) ) ;
#3845 = UNCERTAINTY_MEASURE_WITH_UNIT (LENGTH_MEASURE( 1.000000000000000082E-05 ), #5688, 'distance_accuracy_value', 'NONE');
#3846 = ORIENTED_EDGE ( 'NONE', *, *, #541, .F. ) ;
#3847 =( NAMED_UNIT ( * ) PLANE_ANGLE_UNIT ( ) SI_UNIT ( $, .RADIAN. ) );
#3848 = DIRECTION ( 'NONE',  ( 0.3363908276654490881, -0.9417224702971432881, 0.000000000000000000 ) ) ;
#3849 = CARTESIAN_POINT ( 'NONE',  ( 0.01111614972941367581, -0.02458512599876982660, 0.001000000000000000021 ) ) ;
#3850 = LINE ( 'NONE', #3878, #3566 ) ;
#3851 = ORIENTED_EDGE ( 'NONE', *, *, #1519, .F. ) ;
#3852 =( LENGTH_UNIT ( ) NAMED_UNIT ( * ) SI_UNIT ( .MILLI., .METRE. ) );
#3853 = SURFACE_SIDE_STYLE ('',( #3880 ) ) ;
#3854 = CARTESIAN_POINT ( 'NONE',  ( 0.04524349790807703775, -0.01567234840204667287, 0.000000000000000000 ) ) ;
#3855 = PRESENTATION_STYLE_ASSIGNMENT (( #3452 ) ) ;
#3856 = EDGE_CURVE ( 'NONE', #2297, #3128, #3556, .T. ) ;
#3857 =( NAMED_UNIT ( * ) PLANE_ANGLE_UNIT ( ) SI_UNIT ( $, .RADIAN. ) );
#3858 = CARTESIAN_POINT ( 'NONE',  ( 0.04480753086882317132, 0.01627768093872708488, 0.001000000000000000021 ) ) ;
#3859 = AXIS2_PLACEMENT_3D ( 'NONE', #6042, #5206, #4744 ) ;
#3860 =( NAMED_UNIT ( * ) PLANE_ANGLE_UNIT ( ) SI_UNIT ( $, .RADIAN. ) );
#3861 = FILL_AREA_STYLE_COLOUR ( '', #4482 ) ;
#3862 = VERTEX_POINT ( 'NONE', #836 ) ;
#3863 =( NAMED_UNIT ( * ) SI_UNIT ( $, .STERADIAN. ) SOLID_ANGLE_UNIT ( ) );
#3864 = DIRECTION ( 'NONE',  ( 0.000000000000000000, 1.000000000000000000, 0.000000000000000000 ) ) ;
#3865 = LINE ( 'NONE', #3407, #5257 ) ;
#3866 = CARTESIAN_POINT ( 'NONE',  ( 0.05529990752149874234, 0.01261009997651078851, 0.000000000000000000 ) ) ;
#3867 = ORIENTED_EDGE ( 'NONE', *, *, #414, .T. ) ;
#3868 = ORIENTED_EDGE ( 'NONE', *, *, #95, .T. ) ;
#3869 = CARTESIAN_POINT ( 'NONE',  ( 0.02087224729038928209, -0.02199366258413568143, 0.001000000000000000021 ) ) ;
#3870 = MECHANICAL_DESIGN_GEOMETRIC_PRESENTATION_REPRESENTATION (  '', ( #5222 ), #5718 ) ;
#3871 = CARTESIAN_POINT ( 'NONE',  ( -0.1500000000000000222, -0.1399999999999999856, -3.218725199566341288E-17 ) ) ;
#3872 = FACE_OUTER_BOUND ( 'NONE', #3167, .T. ) ;
#3873 = ADVANCED_FACE ( 'NONE', ( #2729 ), #2251, .T. ) ;
#3874 = ORIENTED_EDGE ( 'NONE', *, *, #511, .T. ) ;
#3875 =( LENGTH_UNIT ( ) NAMED_UNIT ( * ) SI_UNIT ( .MILLI., .METRE. ) );
#3876 = COLOUR_RGB ( '',0.1019607843137254888, 0.1019607843137254888, 0.1019607843137254888 ) ;
#3877 = CARTESIAN_POINT ( 'NONE',  ( -0.06471401868750911723, -0.007013316364117928858, 0.001000000000000000021 ) ) ;
#3878 = CARTESIAN_POINT ( 'NONE',  ( -0.2000000000000000389, 0.1400000000000000411, 0.000000000000000000 ) ) ;
#3879 = CARTESIAN_POINT ( 'NONE',  ( -0.04494025701305292414, 0.02504930670587728406, 0.000000000000000000 ) ) ;
#3880 = SURFACE_STYLE_FILL_AREA ( #4827 ) ;
#3881 = DIRECTION ( 'NONE',  ( 1.000000000000000000, 0.000000000000000000, -0.000000000000000000 ) ) ;
#3882 = CARTESIAN_POINT ( 'NONE',  ( 0.04085311497039819523, -0.01841693280378158340, 0.000000000000000000 ) ) ;
#3883 = VECTOR ( 'NONE', #1173, 1000.000000000000000 ) ;
#3884 = CARTESIAN_POINT ( 'NONE',  ( 0.2899999999999999800, 0.1399999999999999301, 0.000000000000000000 ) ) ;
#3885 = AXIS2_PLACEMENT_3D ( 'NONE', #5933, #4533, #2734 ) ;
#3886 = CARTESIAN_POINT ( 'NONE',  ( -0.01571311856326925924, -0.02458512599876982660, 0.001000000000000000021 ) ) ;
#3887 = PRESENTATION_STYLE_ASSIGNMENT (( #2477 ) ) ;
#3888 = CARTESIAN_POINT ( 'NONE',  ( 0.04038283953550908523, 0.02504130853525159475, 0.001000000000000000021 ) ) ;
#3889 = EDGE_CURVE ( 'NONE', #339, #1921, #1869, .T. ) ;
#3890 = ORIENTED_EDGE ( 'NONE', *, *, #204, .T. ) ;
#3891 = EDGE_CURVE ( 'NONE', #2078, #5135, #336, .T. ) ;
#3892 = FILL_AREA_STYLE ('',( #1933 ) ) ;
#3893 = CARTESIAN_POINT ( 'NONE',  ( 0.03838004352676320508, 0.01979355130426439791, 0.001000000000000000021 ) ) ;
#3894 = VECTOR ( 'NONE', #5129, 1000.000000000000000 ) ;
#3895 = FILL_AREA_STYLE_COLOUR ( '', #99 ) ;
#3896 = DIRECTION ( 'NONE',  ( 1.000000000000000000, 0.000000000000000000, 0.000000000000000000 ) ) ;
#3897 = CARTESIAN_POINT ( 'NONE',  ( 0.02883684531775318818, -0.02477179909904225416, 0.000000000000000000 ) ) ;
#3898 = CARTESIAN_POINT ( 'NONE',  ( 0.05259884672208972600, 0.01686725736057132288, 0.001000000000000000021 ) ) ;
#3899 = ORIENTED_EDGE ( 'NONE', *, *, #2554, .F. ) ;
#3900 = VERTEX_POINT ( 'NONE', #5648 ) ;
#3901 = FACE_OUTER_BOUND ( 'NONE', #4579, .T. ) ;
#3902 = STYLED_ITEM ( 'NONE', ( #2724 ), #340 ) ;
#3903 = FILL_AREA_STYLE ('',( #5173 ) ) ;
#3904 = VERTEX_POINT ( 'NONE', #2789 ) ;
#3905 = CARTESIAN_POINT ( 'NONE',  ( -0.06529155349168377920, -0.004453464717004489495, 0.001000000000000000021 ) ) ;
#3906 =( NAMED_UNIT ( * ) PLANE_ANGLE_UNIT ( ) SI_UNIT ( $, .RADIAN. ) );
#3907 = ADVANCED_FACE ( 'NONE', ( #2820 ), #5559, .T. ) ;
#3908 = CARTESIAN_POINT ( 'NONE',  ( -0.05636995681047498458, 0.02037234803549054993, 0.000000000000000000 ) ) ;
#3909 = ORIENTED_EDGE ( 'NONE', *, *, #2845, .F. ) ;
#3910 =( NAMED_UNIT ( * ) PLANE_ANGLE_UNIT ( ) SI_UNIT ( $, .RADIAN. ) );
#3911 = FILL_AREA_STYLE_COLOUR ( '', #1707 ) ;
#3912 = FILL_AREA_STYLE ('',( #1137 ) ) ;
#3913 = LINE ( 'NONE', #1112, #5052 ) ;
#3914 = LINE ( 'NONE', #3083, #2416 ) ;
#3915 = CARTESIAN_POINT ( 'NONE',  ( 0.05800297495385601382, 0.002348250671734772917, 0.001000000000000000021 ) ) ;
#3916 = SURFACE_STYLE_USAGE ( .BOTH. , #1116 ) ;
#3917 = FACE_OUTER_BOUND ( 'NONE', #1003, .T. ) ;
#3918 = CARTESIAN_POINT ( 'NONE',  ( -0.05898941246097796215, 0.001666817648350728915, 0.001000000000000000021 ) ) ;
#3919 = EDGE_CURVE ( 'NONE', #4798, #5947, #926, .T. ) ;
#3920 =( NAMED_UNIT ( * ) SI_UNIT ( $, .STERADIAN. ) SOLID_ANGLE_UNIT ( ) );
#3921 = LINE ( 'NONE', #2454, #454 ) ;
#3922 = LINE ( 'NONE', #5779, #4197 ) ;
#3923 = CARTESIAN_POINT ( 'NONE',  ( 0.05804559306885066772, 0.0004444330933053949233, 0.000000000000000000 ) ) ;
#3924 = VERTEX_POINT ( 'NONE', #4690 ) ;
#3925 = VECTOR ( 'NONE', #554, 1000.000000000000000 ) ;
#3926 = VERTEX_POINT ( 'NONE', #485 ) ;
#3927 = CIRCLE ( 'NONE', #3841, 0.009999999999999998473 ) ;
#3928 = ORIENTED_EDGE ( 'NONE', *, *, #860, .T. ) ;
#3929 = FACE_OUTER_BOUND ( 'NONE', #5580, .T. ) ;
#3930 = PRESENTATION_STYLE_ASSIGNMENT (( #5237 ) ) ;
#3931 = DIRECTION ( 'NONE',  ( 0.000000000000000000, -1.000000000000000000, 0.000000000000000000 ) ) ;
#3932 = MECHANICAL_DESIGN_GEOMETRIC_PRESENTATION_REPRESENTATION (  '', ( #2069 ), #5784 ) ;
#3933 = ORIENTED_EDGE ( 'NONE', *, *, #768, .T. ) ;
#3934 = PRESENTATION_LAYER_ASSIGNMENT (  '', '', ( #5785 ) ) ;
#3935 = EDGE_CURVE ( 'NONE', #2224, #704, #2342, .T. ) ;
#3936 = CARTESIAN_POINT ( 'NONE',  ( 0.04651002532579481819, -0.01443556579653927988, 0.001000000000000000021 ) ) ;
#3937 = CARTESIAN_POINT ( 'NONE',  ( 0.2000000000000000111, -0.1399999999999999856, -3.218725199566341288E-17 ) ) ;
#3938 = CIRCLE ( 'NONE', #4738, 0.01000000000000002623 ) ;
#3939 = CARTESIAN_POINT ( 'NONE',  ( -0.04746004916354465419, 0.02452012321543671491, 0.001000000000000000021 ) ) ;
#3940 = UNCERTAINTY_MEASURE_WITH_UNIT (LENGTH_MEASURE( 1.000000000000000082E-05 ), #607, 'distance_accuracy_value', 'NONE');
#3941 = EDGE_CURVE ( 'NONE', #5392, #5519, #3759, .T. ) ;
#3942 = ORIENTED_EDGE ( 'NONE', *, *, #3078, .T. ) ;
#3943 = DIRECTION ( 'NONE',  ( 0.000000000000000000, 0.000000000000000000, -1.000000000000000000 ) ) ;
#3944 = DIRECTION ( 'NONE',  ( -1.000000000000000000, 0.000000000000000000, 0.000000000000000000 ) ) ;
#3945 = CARTESIAN_POINT ( 'NONE',  ( 0.03258146985136489010, 0.02053682522074237043, 0.001000000000000000021 ) ) ;
#3946 = CARTESIAN_POINT ( 'NONE',  ( -0.09140862161204973968, 0.01931731302562042160, 0.000000000000000000 ) ) ;
#3947 = CARTESIAN_POINT ( 'NONE',  ( 0.05770420373069050368, -0.005794279174151800889, 0.000000000000000000 ) ) ;
#3948 =( NAMED_UNIT ( * ) PLANE_ANGLE_UNIT ( ) SI_UNIT ( $, .RADIAN. ) );
#3949 = VERTEX_POINT ( 'NONE', #2374 ) ;
#3950 = EDGE_LOOP ( 'NONE', ( #5805, #2325, #1994, #5101 ) ) ;
#3951 = PRESENTATION_LAYER_ASSIGNMENT (  '', '', ( #1589 ) ) ;
#3952 = DIRECTION ( 'NONE',  ( 0.000000000000000000, -1.000000000000000000, -1.210047067506143694E-16 ) ) ;
#3953 = STYLED_ITEM ( 'NONE', ( #3930 ), #3603 ) ;
#3954 =( NAMED_UNIT ( * ) PLANE_ANGLE_UNIT ( ) SI_UNIT ( $, .RADIAN. ) );
#3955 = ORIENTED_EDGE ( 'NONE', *, *, #1723, .F. ) ;
#3956 = AXIS2_PLACEMENT_3D ( 'NONE', #3252, #5159, #898 ) ;
#3957 = CARTESIAN_POINT ( 'NONE',  ( -0.04189761313481338290, -0.02453387433355435840, 0.001000000000000000021 ) ) ;
#3958 =( NAMED_UNIT ( * ) PLANE_ANGLE_UNIT ( ) SI_UNIT ( $, .RADIAN. ) );
#3959 = ADVANCED_FACE ( 'NONE', ( #51 ), #4939, .T. ) ;
#3960 = VERTEX_POINT ( 'NONE', #689 ) ;
#3961 = PRESENTATION_STYLE_ASSIGNMENT (( #687 ) ) ;
#3962 = FILL_AREA_STYLE ('',( #3911 ) ) ;
#3963 = SURFACE_STYLE_USAGE ( .BOTH. , #194 ) ;
#3964 =( GEOMETRIC_REPRESENTATION_CONTEXT ( 3 ) GLOBAL_UNCERTAINTY_ASSIGNED_CONTEXT ( ( #2462 ) ) GLOBAL_UNIT_ASSIGNED_CONTEXT ( ( #999, #3291, #529 ) ) REPRESENTATION_CONTEXT ( 'NONE', 'WORKASPACE' ) );
#3965 = FACE_OUTER_BOUND ( 'NONE', #2201, .T. ) ;
#3966 = LINE ( 'NONE', #3223, #5834 ) ;
#3967 = DIRECTION ( 'NONE',  ( 1.000000000000000000, 0.000000000000000000, 0.000000000000000000 ) ) ;
#3968 = ORIENTED_EDGE ( 'NONE', *, *, #5979, .F. ) ;
#3969 = PRESENTATION_LAYER_ASSIGNMENT (  '', '', ( #1925 ) ) ;
#3970 = PRESENTATION_LAYER_ASSIGNMENT (  '', '', ( #3204 ) ) ;
#3971 = DIRECTION ( 'NONE',  ( -0.000000000000000000, -0.000000000000000000, -1.000000000000000000 ) ) ;
#3972 = CARTESIAN_POINT ( 'NONE',  ( -0.04368506062959385400, 0.01966111884288532577, 0.001000000000000000021 ) ) ;
#3973 = ADVANCED_FACE ( 'NONE', ( #4366 ), #2034, .T. ) ;
#3974 = CARTESIAN_POINT ( 'NONE',  ( -0.09068388793049135532, 0.01603910936498291820, -0.000000000000000000 ) ) ;
#3975 = CARTESIAN_POINT ( 'NONE',  ( 0.03719520205243483091, -0.02513766778380785438, 0.001000000000000000021 ) ) ;
#3976 = AXIS2_PLACEMENT_3D ( 'NONE', #5523, #2279, #4214 ) ;
#3977 =( NAMED_UNIT ( * ) SI_UNIT ( $, .STERADIAN. ) SOLID_ANGLE_UNIT ( ) );
#3978 = DIRECTION ( 'NONE',  ( -0.000000000000000000, -0.000000000000000000, -1.000000000000000000 ) ) ;
#3979 = DIRECTION ( 'NONE',  ( -0.000000000000000000, -0.000000000000000000, -1.000000000000000000 ) ) ;
#3980 = CARTESIAN_POINT ( 'NONE',  ( 0.04038283953550908523, 0.02504130853525159475, 0.001000000000000000021 ) ) ;
#3981 = ORIENTED_EDGE ( 'NONE', *, *, #3420, .T. ) ;
#3982 = ORIENTED_EDGE ( 'NONE', *, *, #4965, .T. ) ;
#3983 = PLANE ( 'NONE',  #977 ) ;
#3984 = EDGE_CURVE ( 'NONE', #3128, #1447, #1756, .T. ) ;
#3985 = CARTESIAN_POINT ( 'NONE',  ( -0.3000000000000000444, 0.1399999999999999301, 0.2799999999999999156 ) ) ;
#3986 = ORIENTED_EDGE ( 'NONE', *, *, #3623, .F. ) ;
#3987 = AXIS2_PLACEMENT_3D ( 'NONE', #3283, #933, #2825 ) ;
#3988 = ADVANCED_FACE ( 'NONE', ( #826 ), #5916, .T. ) ;
#3989 = CARTESIAN_POINT ( 'NONE',  ( -0.06569316016858055274, 0.001950033305389139646, -0.000000000000000000 ) ) ;
#3990 = ORIENTED_EDGE ( 'NONE', *, *, #3178, .T. ) ;
#3991 = FILL_AREA_STYLE ('',( #1625 ) ) ;
#3992 = COLOUR_RGB ( '',0.6666666666666666297, 0.6980392156862744724, 0.7686274509803920907 ) ;
#3993 = CARTESIAN_POINT ( 'NONE',  ( -0.05828436243386193871, 0.01882822962129672428, 0.000000000000000000 ) ) ;
#3994 = PRESENTATION_LAYER_ASSIGNMENT (  '', '', ( #1546 ) ) ;
#3995 = CIRCLE ( 'NONE', #2135, 0.01000000000000002623 ) ;
#3996 = FACE_OUTER_BOUND ( 'NONE', #2547, .T. ) ;
#3997 = FILL_AREA_STYLE ('',( #3086 ) ) ;
#3998 = COLOUR_RGB ( '',1.000000000000000000, 1.000000000000000000, 1.000000000000000000 ) ;
#3999 = DIRECTION ( 'NONE',  ( 0.000000000000000000, -1.000000000000000000, -1.210047067506145419E-16 ) ) ;
#4000 = FACE_OUTER_BOUND ( 'NONE', #6034, .T. ) ;
#4001 = DIRECTION ( 'NONE',  ( -0.000000000000000000, -0.000000000000000000, -1.000000000000000000 ) ) ;
#4002 = CARTESIAN_POINT ( 'NONE',  ( 0.05005879621716570471, -0.02003138303670737308, 0.001000000000000000021 ) ) ;
#4003 = COLOUR_RGB ( '',0.6666666666666666297, 0.6980392156862744724, 0.7686274509803920907 ) ;
#4004 =( NAMED_UNIT ( * ) PLANE_ANGLE_UNIT ( ) SI_UNIT ( $, .RADIAN. ) );
#4005 = CARTESIAN_POINT ( 'NONE',  ( -0.01571311856326925924, -0.02458512599876982660, 0.001000000000000000021 ) ) ;
#4006 = DIRECTION ( 'NONE',  ( 0.000000000000000000, -1.000000000000000000, 0.000000000000000000 ) ) ;
#4007 = SURFACE_SIDE_STYLE ('',( #3155 ) ) ;
#4008 = B_SPLINE_SURFACE_WITH_KNOTS ( 'NONE', 3, 1, ( 
 ( #4412, #206 ),
 ( #2128, #1668 ),
 ( #3975, #3528 ),
 ( #1175, #4498 ),
 ( #2574, #2190 ),
 ( #3064, #3557 ),
 ( #3028, #4532 ),
 ( #1697, #1238 ),
 ( #4002, #5403 ),
 ( #4984, #699 ),
 ( #297, #3492 ),
 ( #2074, #4034 ),
 ( #1203, #5467 ),
 ( #5898, #3093 ),
 ( #2163, #4924 ),
 ( #2597, #3947 ),
 ( #5802, #669 ),
 ( #5339, #3585 ),
 ( #5438, #782 ) ),
 .UNSPECIFIED., .F., .F., .F.,
 ( 4, 1, 1, 1, 1, 1, 1, 1, 1, 1, 1, 1, 1, 1, 1, 1, 4 ),
 ( 2, 2 ),
 ( 0.000000000000000000, 0.06783324845577361206, 0.1326555365079041815, 0.1950508840508279329, 0.2555829330687772738, 0.3147998341472899586, 0.3736004728263744856, 0.4325455953267435261, 0.4924306292835653465, 0.5526712559629696209, 0.6125130441881164733, 0.6726102503570065005, 0.7338383693139460817, 0.7965942385677740045, 0.8614497992905733037, 0.9291989423509054991, 1.000000000000000000 ),
 ( 0.000000000000000000, 1.000000000000000000 ),
 .UNSPECIFIED. ) ;
#4009 = ORIENTED_EDGE ( 'NONE', *, *, #3091, .T. ) ;
#4010 = STYLED_ITEM ( 'NONE', ( #2586 ), #5019 ) ;
#4011 = SURFACE_SIDE_STYLE ('',( #5904 ) ) ;
#4012 =( NAMED_UNIT ( * ) SI_UNIT ( $, .STERADIAN. ) SOLID_ANGLE_UNIT ( ) );
#4013 = CARTESIAN_POINT ( 'NONE',  ( -0.05774227383279153386, -0.007507723450493597288, 0.000000000000000000 ) ) ;
#4014 = VECTOR ( 'NONE', #368, 1000.000000000000000 ) ;
#4015 = AXIS2_PLACEMENT_3D ( 'NONE', #705, #2488, #1180 ) ;
#4016 = DIRECTION ( 'NONE',  ( 0.000000000000000000, -1.000000000000000000, 0.000000000000000000 ) ) ;
#4017 = ORIENTED_EDGE ( 'NONE', *, *, #969, .T. ) ;
#4018 = ADVANCED_FACE ( 'NONE', ( #4518 ), #5522, .T. ) ;
#4019 = FACE_OUTER_BOUND ( 'NONE', #2106, .T. ) ;
#4020 = DIRECTION ( 'NONE',  ( 0.000000000000000000, -1.000000000000000000, 0.000000000000000000 ) ) ;
#4021 = DIRECTION ( 'NONE',  ( 0.000000000000000000, -1.000000000000000000, 0.000000000000000000 ) ) ;
#4022 = ORIENTED_EDGE ( 'NONE', *, *, #414, .F. ) ;
#4023 = CARTESIAN_POINT ( 'NONE',  ( 0.02336536381795564776, 0.02492477399191892276, 0.001000000000000000021 ) ) ;
#4024 = CARTESIAN_POINT ( 'NONE',  ( -0.06155038225724264456, 0.01523358821375406930, 0.001000000000000000021 ) ) ;
#4025 =( NAMED_UNIT ( * ) PLANE_ANGLE_UNIT ( ) SI_UNIT ( $, .RADIAN. ) );
#4026 = AXIS2_PLACEMENT_3D ( 'NONE', #5767, #4364, #3366 ) ;
#4027 = CARTESIAN_POINT ( 'NONE',  ( -0.06003434578385283271, -0.01580139447957704113, 0.000000000000000000 ) ) ;
#4028 = ORIENTED_EDGE ( 'NONE', *, *, #2157, .F. ) ;
#4029 = DIRECTION ( 'NONE',  ( 0.000000000000000000, -1.000000000000000000, -1.210047067506143694E-16 ) ) ;
#4030 = COLOUR_RGB ( '',0.1019607843137254888, 0.1019607843137254888, 0.1019607843137254888 ) ;
#4031 = CARTESIAN_POINT ( 'NONE',  ( 0.01111614972941367581, -0.02458512599876982660, 0.001000000000000000021 ) ) ;
#4032 = DIRECTION ( 'NONE',  ( 0.9315776194850603487, -0.3635424856527063597, 0.000000000000000000 ) ) ;
#4033 = VECTOR ( 'NONE', #2807, 1000.000000000000000 ) ;
#4034 = CARTESIAN_POINT ( 'NONE',  ( 0.05452116671465233322, -0.01479016889113524656, 0.000000000000000000 ) ) ;
#4035 = DIRECTION ( 'NONE',  ( 0.000000000000000000, 1.000000000000000000, 0.000000000000000000 ) ) ;
#4036 = CARTESIAN_POINT ( 'NONE',  ( -0.2000000000000000111, 0.1399999999999999301, 0.2800000000000000266 ) ) ;
#4037 = CARTESIAN_POINT ( 'NONE',  ( -0.1500000000000000500, 0.1400000000000000411, -0.009999999999999998473 ) ) ;
#4038 = VERTEX_POINT ( 'NONE', #5884 ) ;
#4039 = CARTESIAN_POINT ( 'NONE',  ( -0.05093804698767666339, -0.01616926039237564020, 0.000000000000000000 ) ) ;
#4040 = DIRECTION ( 'NONE',  ( 0.000000000000000000, 1.000000000000000000, 1.149544714130836139E-16 ) ) ;
#4041 = PRESENTATION_STYLE_ASSIGNMENT (( #1744 ) ) ;
#4042 = FILL_AREA_STYLE ('',( #3105 ) ) ;
#4043 = CARTESIAN_POINT ( 'NONE',  ( -0.05503170552086972256, -0.01247414486020642643, 0.000000000000000000 ) ) ;
#4044 = CARTESIAN_POINT ( 'NONE',  ( 0.04178940661603426643, 0.01838666392305995240, 0.000000000000000000 ) ) ;
#4045 = STYLED_ITEM ( 'NONE', ( #3780 ), #4050 ) ;
#4046 = ORIENTED_EDGE ( 'NONE', *, *, #264, .F. ) ;
#4047 = EDGE_CURVE ( 'NONE', #1433, #6019, #3573, .T. ) ;
#4048 = ADVANCED_FACE ( 'NONE', ( #5094 ), #3300, .T. ) ;
#4049 = CARTESIAN_POINT ( 'NONE',  ( -0.2000000000000000389, 0.1400000000000000411, 0.2800000000000000266 ) ) ;
#4050 = ADVANCED_FACE ( 'NONE', ( #1410 ), #1443, .T. ) ;
#4051 = ORIENTED_EDGE ( 'NONE', *, *, #3935, .F. ) ;
#4052 = CARTESIAN_POINT ( 'NONE',  ( -0.3000000000000000444, 0.1399999999999999301, 0.000000000000000000 ) ) ;
#4053 = CARTESIAN_POINT ( 'NONE',  ( 0.02615796964005627154, 0.02554129088778282416, 0.000000000000000000 ) ) ;
#4054 =( NAMED_UNIT ( * ) PLANE_ANGLE_UNIT ( ) SI_UNIT ( $, .RADIAN. ) );
#4055 = FILL_AREA_STYLE ('',( #4489 ) ) ;
#4056 = CARTESIAN_POINT ( 'NONE',  ( -0.06471444591119700218, 0.008750022969892216548, 0.001000000000000000021 ) ) ;
#4057 = B_SPLINE_CURVE_WITH_KNOTS ( 'NONE', 3,
 ( #6038, #2714, #1286, #1346, #5517, #1855, #3723, #5064, #440, #3170, #4654 ),
 .UNSPECIFIED., .F., .F.,
 ( 4, 1, 1, 1, 1, 1, 1, 1, 4 ),
 ( 0.000000000000000000, 0.1124483899088010164, 0.2265276752126777204, 0.3444019493260284670, 0.4658649724874589504, 0.5916594493521171172, 0.7221684870248873400, 0.8586063875549265756, 1.000000000000000000 ),
 .UNSPECIFIED. ) ;
#4058 = LINE ( 'NONE', #382, #3003 ) ;
#4059 = CARTESIAN_POINT ( 'NONE',  ( -0.04189761313481338290, -0.02453387433355435840, 0.000000000000000000 ) ) ;
#4060 = ORIENTED_EDGE ( 'NONE', *, *, #264, .T. ) ;
#4061 = CARTESIAN_POINT ( 'NONE',  ( 0.004408832656242948553, -0.002024150389013728082, 0.000000000000000000 ) ) ;
#4062 = CARTESIAN_POINT ( 'NONE',  ( -0.1540667895922966657, 0.000000000000000000, 0.2890000000000000346 ) ) ;
#4063 =( NAMED_UNIT ( * ) PLANE_ANGLE_UNIT ( ) SI_UNIT ( $, .RADIAN. ) );
#4064 = CARTESIAN_POINT ( 'NONE',  ( 0.05130901690442551955, 0.002157578739914025722, 0.001000000000000000021 ) ) ;
#4065 = CIRCLE ( 'NONE', #5626, 0.009999999999999998473 ) ;
#4066 = FILL_AREA_STYLE ('',( #4898 ) ) ;
#4067 = CARTESIAN_POINT ( 'NONE',  ( -0.06937165514863510851, -0.02458512599876982660, 0.001000000000000000021 ) ) ;
#4068 = ADVANCED_FACE ( 'NONE', ( #5583 ), #289, .T. ) ;
#4069 = SURFACE_STYLE_USAGE ( .BOTH. , #5831 ) ;
#4070 = MECHANICAL_DESIGN_GEOMETRIC_PRESENTATION_REPRESENTATION (  '', ( #5919 ), #62 ) ;
#4071 =( LENGTH_UNIT ( ) NAMED_UNIT ( * ) SI_UNIT ( .MILLI., .METRE. ) );
#4072 = MECHANICAL_DESIGN_GEOMETRIC_PRESENTATION_REPRESENTATION (  '', ( #1129 ), #3964 ) ;
#4073 = UNCERTAINTY_MEASURE_WITH_UNIT (LENGTH_MEASURE( 1.000000000000000082E-05 ), #2246, 'distance_accuracy_value', 'NONE');
#4074 = CARTESIAN_POINT ( 'NONE',  ( -0.2000000000000000389, -0.1400000000000000133, -3.388131789017201356E-17 ) ) ;
#4075 = FILL_AREA_STYLE_COLOUR ( '', #5178 ) ;
#4076 = VECTOR ( 'NONE', #5035, 1000.000000000000000 ) ;
#4077 = EDGE_CURVE ( 'NONE', #2286, #2013, #1011, .T. ) ;
#4078 =( GEOMETRIC_REPRESENTATION_CONTEXT ( 3 ) GLOBAL_UNCERTAINTY_ASSIGNED_CONTEXT ( ( #463 ) ) GLOBAL_UNIT_ASSIGNED_CONTEXT ( ( #5458, #4975, #770 ) ) REPRESENTATION_CONTEXT ( 'NONE', 'WORKASPACE' ) );
#4079 = DIRECTION ( 'NONE',  ( -1.000000000000000000, -9.680376540049147084E-17, -0.000000000000000000 ) ) ;
#4080 = CARTESIAN_POINT ( 'NONE',  ( 0.05107149277030275519, 0.004354400910871696236, 0.000000000000000000 ) ) ;
#4081 = ORIENTED_EDGE ( 'NONE', *, *, #3356, .F. ) ;
#4082 = ORIENTED_EDGE ( 'NONE', *, *, #307, .F. ) ;
#4083 = SURFACE_STYLE_USAGE ( .BOTH. , #2203 ) ;
#4084 = COLOUR_RGB ( '',0.6666666666666666297, 0.6980392156862744724, 0.7686274509803920907 ) ;
#4085 = EDGE_LOOP ( 'NONE', ( #2238, #3909, #181, #5676, #4300, #3564, #3718, #2834 ) ) ;
#4086 =( NAMED_UNIT ( * ) PLANE_ANGLE_UNIT ( ) SI_UNIT ( $, .RADIAN. ) );
#4087 = CARTESIAN_POINT ( 'NONE',  ( 0.02767003220708500605, 0.02576612197457915296, 0.000000000000000000 ) ) ;
#4088 =( NAMED_UNIT ( * ) SI_UNIT ( $, .STERADIAN. ) SOLID_ANGLE_UNIT ( ) );
#4089 = MECHANICAL_DESIGN_GEOMETRIC_PRESENTATION_REPRESENTATION (  '', ( #370 ), #4587 ) ;
#4090 = CARTESIAN_POINT ( 'NONE',  ( -0.2899999999999999800, 0.1399999999999999301, 0.2799999999999999156 ) ) ;
#4091 = VECTOR ( 'NONE', #5057, 1000.000000000000000 ) ;
#4092 = LINE ( 'NONE', #1196, #2428 ) ;
#4093 = VERTEX_POINT ( 'NONE', #3849 ) ;
#4094 = VECTOR ( 'NONE', #4006, 1000.000000000000000 ) ;
#4095 = FILL_AREA_STYLE_COLOUR ( '', #4255 ) ;
#4096 = SURFACE_SIDE_STYLE ('',( #2222 ) ) ;
#4097 = PLANE ( 'NONE',  #4298 ) ;
#4098 = MECHANICAL_DESIGN_GEOMETRIC_PRESENTATION_REPRESENTATION (  '', ( #589 ), #3327 ) ;
#4099 = DIRECTION ( 'NONE',  ( -0.000000000000000000, -0.000000000000000000, -1.000000000000000000 ) ) ;
#4100 = ORIENTED_EDGE ( 'NONE', *, *, #1068, .T. ) ;
#4101 = DIRECTION ( 'NONE',  ( 0.000000000000000000, 1.000000000000000000, 0.000000000000000000 ) ) ;
#4102 = STYLED_ITEM ( 'NONE', ( #867 ), #5505 ) ;
#4103 = CARTESIAN_POINT ( 'NONE',  ( -0.08827409417302536920, 0.02541487400123018311, 0.001000000000000000021 ) ) ;
#4104 = DIRECTION ( 'NONE',  ( 1.000000000000000000, 0.000000000000000000, 0.000000000000000000 ) ) ;
#4105 = CARTESIAN_POINT ( 'NONE',  ( -0.1500000000000000500, 0.1400000000000000411, 1.694065894508600678E-18 ) ) ;
#4106 = LINE ( 'NONE', #1246, #2228 ) ;
#4107 = CARTESIAN_POINT ( 'NONE',  ( 0.08123810094892587597, 0.02541487400123018311, 0.001000000000000000021 ) ) ;
#4108 = ORIENTED_EDGE ( 'NONE', *, *, #877, .T. ) ;
#4109 = PRESENTATION_LAYER_ASSIGNMENT (  '', '', ( #4010 ) ) ;
#4110 = ORIENTED_EDGE ( 'NONE', *, *, #1910, .F. ) ;
#4111 = UNCERTAINTY_MEASURE_WITH_UNIT (LENGTH_MEASURE( 1.000000000000000082E-05 ), #716, 'distance_accuracy_value', 'NONE');
#4112 = CARTESIAN_POINT ( 'NONE',  ( 0.004408832656242948553, -0.002024150389013728082, 0.001000000000000000021 ) ) ;
#4113 = STYLED_ITEM ( 'NONE', ( #377 ), #2642 ) ;
#4114 = CARTESIAN_POINT ( 'NONE',  ( 0.02087224729038928209, 0.01733560570854724911, 0.001000000000000000021 ) ) ;
#4115 = VERTEX_POINT ( 'NONE', #188 ) ;
#4116 = COLOUR_RGB ( '',0.6666666666666666297, 0.6980392156862744724, 0.7686274509803920907 ) ;
#4117 = CARTESIAN_POINT ( 'NONE',  ( -0.2899999999999999800, 0.1399999999999999301, 0.000000000000000000 ) ) ;
#4118 = CARTESIAN_POINT ( 'NONE',  ( -0.02546921612424486725, 0.02541487400123018311, 0.001000000000000000021 ) ) ;
#4119 =( NAMED_UNIT ( * ) SI_UNIT ( $, .STERADIAN. ) SOLID_ANGLE_UNIT ( ) );
#4120 = FILL_AREA_STYLE_COLOUR ( '', #134 ) ;
#4121 = COLOUR_RGB ( '',1.000000000000000000, 1.000000000000000000, 1.000000000000000000 ) ;
#4122 = CARTESIAN_POINT ( 'NONE',  ( -0.08314833197790340302, -0.005072930876818605370, 0.001000000000000000021 ) ) ;
#4123 = VERTEX_POINT ( 'NONE', #2984 ) ;
#4124 =( GEOMETRIC_REPRESENTATION_CONTEXT ( 3 ) GLOBAL_UNCERTAINTY_ASSIGNED_CONTEXT ( ( #5619 ) ) GLOBAL_UNIT_ASSIGNED_CONTEXT ( ( #4423, #3958, #5814 ) ) REPRESENTATION_CONTEXT ( 'NONE', 'WORKASPACE' ) );
#4125 = ORIENTED_EDGE ( 'NONE', *, *, #2735, .T. ) ;
#4126 = CARTESIAN_POINT ( 'NONE',  ( -0.05492723193004189070, 0.01391337733140866201, 0.001000000000000000021 ) ) ;
#4127 = DIRECTION ( 'NONE',  ( 1.000000000000000000, 0.000000000000000000, 0.000000000000000000 ) ) ;
#4128 = SURFACE_STYLE_FILL_AREA ( #1235 ) ;
#4129 = CARTESIAN_POINT ( 'NONE',  ( 0.05721647688942845672, -0.008247814995778620165, 0.000000000000000000 ) ) ;
#4130 = PRESENTATION_LAYER_ASSIGNMENT (  '', '', ( #798 ) ) ;
#4131 = SURFACE_STYLE_FILL_AREA ( #2254 ) ;
#4132 = EDGE_CURVE ( 'NONE', #5049, #4658, #2496, .T. ) ;
#4133 = ADVANCED_FACE ( 'NONE', ( #3929 ), #215, .F. ) ;
#4134 = FACE_OUTER_BOUND ( 'NONE', #4425, .T. ) ;
#4135 = FILL_AREA_STYLE_COLOUR ( '', #3992 ) ;
#4136 = MECHANICAL_DESIGN_GEOMETRIC_PRESENTATION_REPRESENTATION (  '', ( #2961 ), #313 ) ;
#4137 = DIRECTION ( 'NONE',  ( 1.000000000000000000, -9.680376540049145852E-17, -0.000000000000000000 ) ) ;
#4138 = SURFACE_STYLE_USAGE ( .BOTH. , #1780 ) ;
#4139 = DIRECTION ( 'NONE',  ( -0.000000000000000000, 0.000000000000000000, -1.000000000000000000 ) ) ;
#4140 = DIRECTION ( 'NONE',  ( 0.000000000000000000, 1.000000000000000000, 0.000000000000000000 ) ) ;
#4141 = CARTESIAN_POINT ( 'NONE',  ( -0.04565522136070260945, -0.01839184609293055897, 0.000000000000000000 ) ) ;
#4142 = ORIENTED_EDGE ( 'NONE', *, *, #3339, .T. ) ;
#4143 = ORIENTED_EDGE ( 'NONE', *, *, #2259, .T. ) ;
#4144 = FILL_AREA_STYLE_COLOUR ( '', #4910 ) ;
#4145 = UNCERTAINTY_MEASURE_WITH_UNIT (LENGTH_MEASURE( 1.000000000000000082E-05 ), #988, 'distance_accuracy_value', 'NONE');
#4146 = CARTESIAN_POINT ( 'NONE',  ( 0.02523613493054476659, -0.01848157456955751982, 0.000000000000000000 ) ) ;
#4147 =( LENGTH_UNIT ( ) NAMED_UNIT ( * ) SI_UNIT ( .MILLI., .METRE. ) );
#4148 = CARTESIAN_POINT ( 'NONE',  ( 0.03100909315150664897, 0.02051305201824462493, 0.001000000000000000021 ) ) ;
#4149 = ADVANCED_FACE ( 'NONE', ( #2583 ), #3541, .T. ) ;
#4150 = DIRECTION ( 'NONE',  ( -0.9353882635801357148, -0.3536223923290756632, 0.000000000000000000 ) ) ;
#4151 = CARTESIAN_POINT ( 'NONE',  ( 0.02208167900123621935, 0.02453385777765213285, 0.000000000000000000 ) ) ;
#4152 = LINE ( 'NONE', #6044, #437 ) ;
#4153 = EDGE_CURVE ( 'NONE', #1215, #1468, #2641, .T. ) ;
#4154 = STYLED_ITEM ( 'NONE', ( #623 ), #3663 ) ;
#4155 = SURFACE_STYLE_FILL_AREA ( #2336 ) ;
#4156 = ORIENTED_EDGE ( 'NONE', *, *, #2079, .T. ) ;
#4157 = FILL_AREA_STYLE_COLOUR ( '', #5526 ) ;
#4158 = DIRECTION ( 'NONE',  ( 0.000000000000000000, -1.000000000000000000, 0.000000000000000000 ) ) ;
#4159 =( GEOMETRIC_REPRESENTATION_CONTEXT ( 3 ) GLOBAL_UNCERTAINTY_ASSIGNED_CONTEXT ( ( #96 ) ) GLOBAL_UNIT_ASSIGNED_CONTEXT ( ( #4496, #4063, #4634 ) ) REPRESENTATION_CONTEXT ( 'NONE', 'WORKASPACE' ) );
#4160 =( NAMED_UNIT ( * ) SI_UNIT ( $, .STERADIAN. ) SOLID_ANGLE_UNIT ( ) );
#4161 =( NAMED_UNIT ( * ) PLANE_ANGLE_UNIT ( ) SI_UNIT ( $, .RADIAN. ) );
#4162 = EDGE_CURVE ( 'NONE', #1075, #1820, #5352, .T. ) ;
#4163 = B_SPLINE_SURFACE_WITH_KNOTS ( 'NONE', 3, 1, ( 
 ( #4114, #5484 ),
 ( #4210, #2751 ),
 ( #5549, #3171 ),
 ( #6011, #2275 ),
 ( #4656, #1792 ),
 ( #6, #5518 ),
 ( #5091, #442 ),
 ( #6039, #1858 ),
 ( #4148, #3725 ),
 ( #1826, #5579 ),
 ( #1384, #3328 ) ),
 .UNSPECIFIED., .F., .F., .F.,
 ( 4, 1, 1, 1, 1, 1, 1, 1, 4 ),
 ( 2, 2 ),
 ( 0.000000000000000000, 0.1252796967356259727, 0.2494199707420513001, 0.3733567994928199130, 0.4966812787822861286, 0.6202029157439825635, 0.7450863201614565945, 0.8712691950190978307, 1.000000000000000000 ),
 ( 0.000000000000000000, 1.000000000000000000 ),
 .UNSPECIFIED. ) ;
#4164 = EDGE_CURVE ( 'NONE', #4764, #339, #4575, .T. ) ;
#4165 = LINE ( 'NONE', #3262, #4218 ) ;
#4166 = LINE ( 'NONE', #430, #294 ) ;
#4167 =( NAMED_UNIT ( * ) PLANE_ANGLE_UNIT ( ) SI_UNIT ( $, .RADIAN. ) );
#4168 =( NAMED_UNIT ( * ) PLANE_ANGLE_UNIT ( ) SI_UNIT ( $, .RADIAN. ) );
#4169 =( GEOMETRIC_REPRESENTATION_CONTEXT ( 3 ) GLOBAL_UNCERTAINTY_ASSIGNED_CONTEXT ( ( #1038 ) ) GLOBAL_UNIT_ASSIGNED_CONTEXT ( ( #1745, #876, #5874 ) ) REPRESENTATION_CONTEXT ( 'NONE', 'WORKASPACE' ) );
#4170 = CARTESIAN_POINT ( 'NONE',  ( -0.2000000000000000389, -0.1400000000000000411, 0.2799999999999998601 ) ) ;
#4171 = SURFACE_STYLE_USAGE ( .BOTH. , #2295 ) ;
#4172 = ORIENTED_EDGE ( 'NONE', *, *, #4257, .F. ) ;
#4173 =( LENGTH_UNIT ( ) NAMED_UNIT ( * ) SI_UNIT ( .MILLI., .METRE. ) );
#4174 = VECTOR ( 'NONE', #3000, 1000.000000000000000 ) ;
#4175 = MECHANICAL_DESIGN_GEOMETRIC_PRESENTATION_REPRESENTATION (  '', ( #737 ), #3103 ) ;
#4176 = EDGE_CURVE ( 'NONE', #5544, #5597, #3164, .T. ) ;
#4177 = FILL_AREA_STYLE ('',( #1791 ) ) ;
#4178 = ORIENTED_EDGE ( 'NONE', *, *, #5376, .T. ) ;
#4179 = B_SPLINE_CURVE_WITH_KNOTS ( 'NONE', 3,
 ( #1935, #556, #2420, #1462, #120, #636, #91, #3348, #1522, #3834, #4840, #5251, #5748, #2452, #3436, #5281, #3403, #5191, #4345 ),
 .UNSPECIFIED., .F., .F.,
 ( 4, 1, 1, 1, 1, 1, 1, 1, 1, 1, 1, 1, 1, 1, 1, 1, 4 ),
 ( 0.000000000000000000, 0.06783324845577361206, 0.1326555365079041815, 0.1950508840508279329, 0.2555829330687772738, 0.3147998341472899586, 0.3736004728263744856, 0.4325455953267435261, 0.4924306292835653465, 0.5526712559629696209, 0.6125130441881164733, 0.6726102503570065005, 0.7338383693139460817, 0.7965942385677740045, 0.8614497992905733037, 0.9291989423509054991, 1.000000000000000000 ),
 .UNSPECIFIED. ) ;
#4180 = DIRECTION ( 'NONE',  ( -0.000000000000000000, -0.000000000000000000, -1.000000000000000000 ) ) ;
#4181 = AXIS2_PLACEMENT_3D ( 'NONE', #5961, #2221, #5562 ) ;
#4182 = CARTESIAN_POINT ( 'NONE',  ( -0.3000000000000000444, -0.1400000000000000133, -3.388131789017201356E-17 ) ) ;
#4183 = EDGE_CURVE ( 'NONE', #5978, #2202, #1706, .T. ) ;
#4184 = ORIENTED_EDGE ( 'NONE', *, *, #3406, .T. ) ;
#4185 = EDGE_LOOP ( 'NONE', ( #800, #5378, #1293, #3248, #376, #1680, #1835, #1533 ) ) ;
#4186 = CARTESIAN_POINT ( 'NONE',  ( -0.05770401337576377965, 0.009193798074317012167, 0.001000000000000000021 ) ) ;
#4187 = DIRECTION ( 'NONE',  ( -1.000000000000000000, -9.680376540049147084E-17, -0.000000000000000000 ) ) ;
#4188 = DIRECTION ( 'NONE',  ( 1.000000000000000000, -9.680376540049147084E-17, -0.000000000000000000 ) ) ;
#4189 = FILL_AREA_STYLE_COLOUR ( '', #5323 ) ;
#4190 = DIRECTION ( 'NONE',  ( 1.000000000000000000, 0.000000000000000000, -0.000000000000000000 ) ) ;
#4191 = DIRECTION ( 'NONE',  ( -9.680376540049145852E-17, -1.000000000000000000, -1.936075308009829417E-16 ) ) ;
#4192 = SURFACE_STYLE_FILL_AREA ( #2795 ) ;
#4193 =( NAMED_UNIT ( * ) SI_UNIT ( $, .STERADIAN. ) SOLID_ANGLE_UNIT ( ) );
#4194 = ORIENTED_EDGE ( 'NONE', *, *, #4363, .F. ) ;
#4195 = CARTESIAN_POINT ( 'NONE',  ( -0.09060831673400097930, 0.01581121546464480873, 0.001000000000000000021 ) ) ;
#4196 = SURFACE_STYLE_USAGE ( .BOTH. , #1305 ) ;
#4197 = VECTOR ( 'NONE', #3004, 1000.000000000000000 ) ;
#4198 = UNCERTAINTY_MEASURE_WITH_UNIT (LENGTH_MEASURE( 1.000000000000000082E-05 ), #2994, 'distance_accuracy_value', 'NONE');
#4199 = SURFACE_STYLE_USAGE ( .BOTH. , #530 ) ;
#4200 =( GEOMETRIC_REPRESENTATION_CONTEXT ( 3 ) GLOBAL_UNCERTAINTY_ASSIGNED_CONTEXT ( ( #2200 ) ) GLOBAL_UNIT_ASSIGNED_CONTEXT ( ( #2318, #4161, #1455 ) ) REPRESENTATION_CONTEXT ( 'NONE', 'WORKASPACE' ) );
#4201 = COLOUR_RGB ( '',0.6666666666666666297, 0.6980392156862744724, 0.7686274509803920907 ) ;
#4202 = PRESENTATION_STYLE_ASSIGNMENT (( #4171 ) ) ;
#4203 = ORIENTED_EDGE ( 'NONE', *, *, #2339, .F. ) ;
#4204 = ORIENTED_EDGE ( 'NONE', *, *, #1249, .F. ) ;
#4205 = EDGE_CURVE ( 'NONE', #5597, #7, #3593, .T. ) ;
#4206 = CARTESIAN_POINT ( 'NONE',  ( 0.02087224729038928209, -0.02199366258413568143, 0.001000000000000000021 ) ) ;
#4207 = CARTESIAN_POINT ( 'NONE',  ( 0.3000000000000000444, 0.1399999999999999301, -0.009999999999999998473 ) ) ;
#4208 = CARTESIAN_POINT ( 'NONE',  ( 0.02753164946984298228, -0.02450124877401557363, 0.001000000000000000021 ) ) ;
#4209 = EDGE_CURVE ( 'NONE', #1101, #3613, #5541, .T. ) ;
#4210 = CARTESIAN_POINT ( 'NONE',  ( 0.02131626657177722317, 0.01759361435812120331, 0.001000000000000000021 ) ) ;
#4211 = ORIENTED_EDGE ( 'NONE', *, *, #73, .T. ) ;
#4212 =( NAMED_UNIT ( * ) PLANE_ANGLE_UNIT ( ) SI_UNIT ( $, .RADIAN. ) );
#4213 =( NAMED_UNIT ( * ) PLANE_ANGLE_UNIT ( ) SI_UNIT ( $, .RADIAN. ) );
#4214 = DIRECTION ( 'NONE',  ( 9.680376540049145852E-17, 1.000000000000000000, 0.000000000000000000 ) ) ;
#4215 = ORIENTED_EDGE ( 'NONE', *, *, #4709, .T. ) ;
#4216 = SURFACE_STYLE_USAGE ( .BOTH. , #3665 ) ;
#4217 = ORIENTED_EDGE ( 'NONE', *, *, #3856, .F. ) ;
#4218 = VECTOR ( 'NONE', #1845, 1000.000000000000000 ) ;
#4219 = CARTESIAN_POINT ( 'NONE',  ( -0.04915249456770112713, 0.01809256481591878588, 0.000000000000000000 ) ) ;
#4220 =( LENGTH_UNIT ( ) NAMED_UNIT ( * ) SI_UNIT ( .MILLI., .METRE. ) );
#4221 = UNCERTAINTY_MEASURE_WITH_UNIT (LENGTH_MEASURE( 1.000000000000000082E-05 ), #3672, 'distance_accuracy_value', 'NONE');
#4222 = FACE_OUTER_BOUND ( 'NONE', #5312, .T. ) ;
#4223 = CARTESIAN_POINT ( 'NONE',  ( 0.000000000000000000, 0.000000000000000000, 0.2900000000000000355 ) ) ;
#4224 = CARTESIAN_POINT ( 'NONE',  ( -0.06569292520313700645, 9.930575152245262537E-05, 0.001000000000000000021 ) ) ;
#4225 = AXIS2_PLACEMENT_3D ( 'NONE', #4208, #413, #1317 ) ;
#4226 = FILL_AREA_STYLE_COLOUR ( '', #1140 ) ;
#4227 = LINE ( 'NONE', #4254, #1250 ) ;
#4228 = DIRECTION ( 'NONE',  ( -0.000000000000000000, -0.000000000000000000, -1.000000000000000000 ) ) ;
#4229 = SURFACE_SIDE_STYLE ('',( #2354 ) ) ;
#4230 = SURFACE_STYLE_FILL_AREA ( #500 ) ;
#4231 = DIRECTION ( 'NONE',  ( -0.000000000000000000, 0.000000000000000000, 1.000000000000000000 ) ) ;
#4232 = PRESENTATION_STYLE_ASSIGNMENT (( #2358 ) ) ;
#4233 = VECTOR ( 'NONE', #4279, 1000.000000000000000 ) ;
#4234 = EDGE_LOOP ( 'NONE', ( #5109, #1449, #3202, #1883 ) ) ;
#4235 = AXIS2_PLACEMENT_3D ( 'NONE', #3472, #5877, #4850 ) ;
#4236 =( NAMED_UNIT ( * ) PLANE_ANGLE_UNIT ( ) SI_UNIT ( $, .RADIAN. ) );
#4237 = VERTEX_POINT ( 'NONE', #4539 ) ;
#4238 = ADVANCED_FACE ( 'NONE', ( #3198 ), #2672, .T. ) ;
#4239 = CARTESIAN_POINT ( 'NONE',  ( -0.1600000000000000033, -0.1399999999999999856, -3.218725199566341288E-17 ) ) ;
#4240 = ADVANCED_FACE ( 'NONE', ( #2773 ), #4646, .T. ) ;
#4241 = DIRECTION ( 'NONE',  ( -0.000000000000000000, 0.000000000000000000, -1.000000000000000000 ) ) ;
#4242 = CARTESIAN_POINT ( 'NONE',  ( 0.05134616117593172185, -0.0008497228689242396563, 0.001000000000000000021 ) ) ;
#4243 = ADVANCED_FACE ( 'NONE', ( #5224 ), #4759, .T. ) ;
#4244 = EDGE_LOOP ( 'NONE', ( #3667, #891, #467, #5016 ) ) ;
#4245 = ORIENTED_EDGE ( 'NONE', *, *, #3067, .F. ) ;
#4246 = COLOUR_RGB ( '',1.000000000000000000, 1.000000000000000000, 1.000000000000000000 ) ;
#4247 = CARTESIAN_POINT ( 'NONE',  ( 0.004408832656242948553, -0.01909732112072104818, 0.001000000000000000021 ) ) ;
#4248 = CARTESIAN_POINT ( 'NONE',  ( -0.07668872831936683621, -0.02458512599876982660, 0.001000000000000000021 ) ) ;
#4249 = SURFACE_SIDE_STYLE ('',( #2375 ) ) ;
#4250 = CARTESIAN_POINT ( 'NONE',  ( -0.04363937810360978692, -0.01879697581875370768, 0.001000000000000000021 ) ) ;
#4251 = FILL_AREA_STYLE_COLOUR ( '', #3487 ) ;
#4252 = CARTESIAN_POINT ( 'NONE',  ( -0.06565334242328511871, -0.001751854963068078582, 0.001000000000000000021 ) ) ;
#4253 = ORIENTED_EDGE ( 'NONE', *, *, #5444, .F. ) ;
#4254 = CARTESIAN_POINT ( 'NONE',  ( 0.004408832656242948553, 0.01992706912318139775, 0.000000000000000000 ) ) ;
#4255 = COLOUR_RGB ( '',0.1019607843137254888, 0.1019607843137254888, 0.1019607843137254888 ) ;
#4256 = CARTESIAN_POINT ( 'NONE',  ( -0.01449360636814730173, 0.02541487400123018311, 0.000000000000000000 ) ) ;
#4257 = EDGE_CURVE ( 'NONE', #501, #1343, #2129, .T. ) ;
#4258 = CARTESIAN_POINT ( 'NONE',  ( 0.06233566192453564303, -0.01909732112072104818, 0.001000000000000000021 ) ) ;
#4259 = CARTESIAN_POINT ( 'NONE',  ( -0.2899999999999999800, -0.1400000000000000411, 0.2799999999999998601 ) ) ;
#4260 = DIRECTION ( 'NONE',  ( 1.000000000000000000, 9.680376540049145852E-17, 0.000000000000000000 ) ) ;
#4261 = VECTOR ( 'NONE', #4598, 1000.000000000000000 ) ;
#4262 = EDGE_LOOP ( 'NONE', ( #1884, #1718, #2235, #5575 ) ) ;
#4263 = ORIENTED_EDGE ( 'NONE', *, *, #5793, .F. ) ;
#4264 = LINE ( 'NONE', #1469, #2777 ) ;
#4265 = DIRECTION ( 'NONE',  ( 0.000000000000000000, -1.000000000000000000, 0.000000000000000000 ) ) ;
#4266 = AXIS2_PLACEMENT_3D ( 'NONE', #1275, #4962, #4140 ) ;
#4267 = MECHANICAL_DESIGN_GEOMETRIC_PRESENTATION_REPRESENTATION (  '', ( #927 ), #1524 ) ;
#4268 = COLOUR_RGB ( '',0.007843137254901960675, 0.5137254901960783826, 0.8235294117647058432 ) ;
#4269 = VERTEX_POINT ( 'NONE', #93 ) ;
#4270 = LINE ( 'NONE', #40, #1889 ) ;
#4271 =( NAMED_UNIT ( * ) PLANE_ANGLE_UNIT ( ) SI_UNIT ( $, .RADIAN. ) );
#4272 = CARTESIAN_POINT ( 'NONE',  ( -0.05900580149009851394, 0.0009007733914740772251, 0.001000000000000000021 ) ) ;
#4273 =( NAMED_UNIT ( * ) PLANE_ANGLE_UNIT ( ) SI_UNIT ( $, .RADIAN. ) );
#4274 = COLOUR_RGB ( '',0.6666666666666666297, 0.6980392156862744724, 0.7686274509803920907 ) ;
#4275 = PRESENTATION_LAYER_ASSIGNMENT (  '', '', ( #2310 ) ) ;
#4276 = STYLED_ITEM ( 'NONE', ( #5398 ), #4760 ) ;
#4277 = ORIENTED_EDGE ( 'NONE', *, *, #4162, .F. ) ;
#4278 = VECTOR ( 'NONE', #1989, 1000.000000000000000 ) ;
#4279 = DIRECTION ( 'NONE',  ( -0.000000000000000000, -0.000000000000000000, 1.000000000000000000 ) ) ;
#4280 = FILL_AREA_STYLE ('',( #2409 ) ) ;
#4281 = CARTESIAN_POINT ( 'NONE',  ( -0.03927447527058632037, -0.01909732112072104818, 0.001000000000000000021 ) ) ;
#4282 = FILL_AREA_STYLE_COLOUR ( '', #3747 ) ;
#4283 = COLOUR_RGB ( '',0.1019607843137254888, 0.1019607843137254888, 0.1019607843137254888 ) ;
#4284 = PRESENTATION_STYLE_ASSIGNMENT (( #5535 ) ) ;
#4285 = PLANE ( 'NONE',  #3705 ) ;
#4286 = ORIENTED_EDGE ( 'NONE', *, *, #1047, .F. ) ;
#4287 = DIRECTION ( 'NONE',  ( -0.000000000000000000, -0.000000000000000000, -1.000000000000000000 ) ) ;
#4288 = LINE ( 'NONE', #967, #4959 ) ;
#4289 = CARTESIAN_POINT ( 'NONE',  ( 0.02372077728132135702, -0.01792287151418890667, 0.001000000000000000021 ) ) ;
#4290 = DIRECTION ( 'NONE',  ( -1.000000000000000000, -9.680376540049147084E-17, 0.000000000000000000 ) ) ;
#4291 = FILL_AREA_STYLE_COLOUR ( '', #479 ) ;
#4292 = ORIENTED_EDGE ( 'NONE', *, *, #245, .T. ) ;
#4293 = ORIENTED_EDGE ( 'NONE', *, *, #2713, .T. ) ;
#4294 = UNCERTAINTY_MEASURE_WITH_UNIT (LENGTH_MEASURE( 1.000000000000000082E-05 ), #3416, 'distance_accuracy_value', 'NONE');
#4295 = FILL_AREA_STYLE ('',( #2888 ) ) ;
#4296 =( GEOMETRIC_REPRESENTATION_CONTEXT ( 3 ) GLOBAL_UNCERTAINTY_ASSIGNED_CONTEXT ( ( #2665 ) ) GLOBAL_UNIT_ASSIGNED_CONTEXT ( ( #3165, #5447, #5056 ) ) REPRESENTATION_CONTEXT ( 'NONE', 'WORKASPACE' ) );
#4297 = CARTESIAN_POINT ( 'NONE',  ( 0.06233566192453564303, -0.01909732112072104818, 0.001000000000000000021 ) ) ;
#4298 = AXIS2_PLACEMENT_3D ( 'NONE', #87, #5715, #550 ) ;
#4299 = STYLED_ITEM ( 'NONE', ( #4647 ), #725 ) ;
#4300 = ORIENTED_EDGE ( 'NONE', *, *, #2348, .F. ) ;
#4301 = EDGE_CURVE ( 'NONE', #2382, #1215, #5142, .T. ) ;
#4302 = DIRECTION ( 'NONE',  ( 1.112802568240965428E-32, 1.149544714130836139E-16, -1.000000000000000000 ) ) ;
#4303 = FACE_OUTER_BOUND ( 'NONE', #1155, .T. ) ;
#4304 = DIRECTION ( 'NONE',  ( -1.000000000000000000, -0.000000000000000000, -0.000000000000000000 ) ) ;
#4305 = FACE_OUTER_BOUND ( 'NONE', #2756, .T. ) ;
#4306 = PRESENTATION_LAYER_ASSIGNMENT (  '', '', ( #762 ) ) ;
#4307 = CARTESIAN_POINT ( 'NONE',  ( -0.04049794652268429856, 0.02539439940360106035, -0.000000000000000000 ) ) ;
#4308 = UNCERTAINTY_MEASURE_WITH_UNIT (LENGTH_MEASURE( 1.000000000000000082E-05 ), #3677, 'distance_accuracy_value', 'NONE');
#4309 = ORIENTED_EDGE ( 'NONE', *, *, #5656, .T. ) ;
#4310 = CARTESIAN_POINT ( 'NONE',  ( -0.2000000000000000111, 0.1400000000000000411, 1.694065894508600678E-18 ) ) ;
#4311 = AXIS2_PLACEMENT_3D ( 'NONE', #444, #2842, #1409 ) ;
#4312 = CARTESIAN_POINT ( 'NONE',  ( -0.3000000000000000444, -0.1500000000000000222, -3.265667109102466307E-17 ) ) ;
#4313 = SURFACE_STYLE_USAGE ( .BOTH. , #5185 ) ;
#4314 = COLOUR_RGB ( '',0.1019607843137254888, 0.1019607843137254888, 0.1019607843137254888 ) ;
#4315 = FILL_AREA_STYLE_COLOUR ( '', #381 ) ;
#4316 = CARTESIAN_POINT ( 'NONE',  ( -0.05828436243386193871, 0.01882822962129672428, 0.001000000000000000021 ) ) ;
#4317 = ORIENTED_EDGE ( 'NONE', *, *, #2715, .F. ) ;
#4318 = FACE_OUTER_BOUND ( 'NONE', #1827, .T. ) ;
#4319 = CARTESIAN_POINT ( 'NONE',  ( -0.05492723193004189070, 0.01391337733140866201, 0.001000000000000000021 ) ) ;
#4320 = SURFACE_STYLE_USAGE ( .BOTH. , #2971 ) ;
#4321 = EDGE_CURVE ( 'NONE', #3810, #5817, #1959, .T. ) ;
#4322 = MECHANICAL_DESIGN_GEOMETRIC_PRESENTATION_REPRESENTATION (  '', ( #5772 ), #693 ) ;
#4323 = CARTESIAN_POINT ( 'NONE',  ( 0.03531326894024171964, 0.02596240002920010420, 0.000000000000000000 ) ) ;
#4324 = UNCERTAINTY_MEASURE_WITH_UNIT (LENGTH_MEASURE( 1.000000000000000082E-05 ), #3582, 'distance_accuracy_value', 'NONE');
#4325 = ORIENTED_EDGE ( 'NONE', *, *, #204, .F. ) ;
#4326 = COLOUR_RGB ( '',0.1019607843137254888, 0.1019607843137254888, 0.1019607843137254888 ) ;
#4327 =( NAMED_UNIT ( * ) SI_UNIT ( $, .STERADIAN. ) SOLID_ANGLE_UNIT ( ) );
#4328 = STYLED_ITEM ( 'NONE', ( #5266 ), #2490 ) ;
#4329 =( NAMED_UNIT ( * ) SI_UNIT ( $, .STERADIAN. ) SOLID_ANGLE_UNIT ( ) );
#4330 = ORIENTED_EDGE ( 'NONE', *, *, #1973, .F. ) ;
#4331 = DIRECTION ( 'NONE',  ( -1.112802568240965428E-32, -1.149544714130836139E-16, 1.000000000000000000 ) ) ;
#4332 = CARTESIAN_POINT ( 'NONE',  ( -0.04973242962689526647, -0.02287466682716734687, 0.001000000000000000021 ) ) ;
#4333 = MECHANICAL_DESIGN_GEOMETRIC_PRESENTATION_REPRESENTATION (  '', ( #2779 ), #3272 ) ;
#4334 = EDGE_CURVE ( 'NONE', #7, #4734, #2802, .T. ) ;
#4335 = DIRECTION ( 'NONE',  ( 0.000000000000000000, 1.000000000000000000, 0.000000000000000000 ) ) ;
#4336 = ADVANCED_FACE ( 'NONE', ( #3767 ), #5630, .T. ) ;
#4337 = LINE ( 'NONE', #2956, #4233 ) ;
#4338 = DIRECTION ( 'NONE',  ( 0.000000000000000000, -1.000000000000000000, 0.000000000000000000 ) ) ;
#4339 = DIRECTION ( 'NONE',  ( 1.000000000000000000, 0.000000000000000000, 0.000000000000000000 ) ) ;
#4340 = CARTESIAN_POINT ( 'NONE',  ( 0.000000000000000000, 0.000000000000000000, 0.2800000000000000266 ) ) ;
#4341 = CARTESIAN_POINT ( 'NONE',  ( 0.03263863448551124202, 0.02602463009879115233, 0.001000000000000000021 ) ) ;
#4342 = FILL_AREA_STYLE_COLOUR ( '', #230 ) ;
#4343 = CARTESIAN_POINT ( 'NONE',  ( 0.03325893794459040820, 0.02052225841644349583, 0.000000000000000000 ) ) ;
#4344 = AXIS2_PLACEMENT_3D ( 'NONE', #5813, #1621, #3012 ) ;
#4345 = CARTESIAN_POINT ( 'NONE',  ( 0.05806736924160880303, -0.0005283424621844572686, 0.001000000000000000021 ) ) ;
#4346 = CARTESIAN_POINT ( 'NONE',  ( -0.01571311856326925924, -0.02458512599876982660, 0.001000000000000000021 ) ) ;
#4347 = FACE_OUTER_BOUND ( 'NONE', #1458, .T. ) ;
#4348 = CARTESIAN_POINT ( 'NONE',  ( 0.03395626955992919749, -0.02518698190581115590, -0.000000000000000000 ) ) ;
#4349 = CARTESIAN_POINT ( 'NONE',  ( 0.05800297495385601382, 0.002348250671734772917, 0.001000000000000000021 ) ) ;
#4350 = COLOUR_RGB ( '',0.6666666666666666297, 0.6980392156862744724, 0.7686274509803920907 ) ;
#4351 = ORIENTED_EDGE ( 'NONE', *, *, #2268, .F. ) ;
#4352 = VERTEX_POINT ( 'NONE', #2575 ) ;
#4353 = EDGE_CURVE ( 'NONE', #1820, #5645, #2483, .T. ) ;
#4354 = SURFACE_STYLE_USAGE ( .BOTH. , #2981 ) ;
#4355 = ORIENTED_EDGE ( 'NONE', *, *, #2893, .F. ) ;
#4356 = DIRECTION ( 'NONE',  ( 0.000000000000000000, 1.000000000000000000, 1.149544714130833921E-16 ) ) ;
#4357 = AXIS2_PLACEMENT_3D ( 'NONE', #1868, #50, #5158 ) ;
#4358 = FACE_OUTER_BOUND ( 'NONE', #5613, .T. ) ;
#4359 = LINE ( 'NONE', #574, #5283 ) ;
#4360 = PRESENTATION_LAYER_ASSIGNMENT (  '', '', ( #2410 ) ) ;
#4361 = STYLED_ITEM ( 'NONE', ( #3529 ), #4417 ) ;
#4362 = ORIENTED_EDGE ( 'NONE', *, *, #3703, .T. ) ;
#4363 = EDGE_CURVE ( 'NONE', #320, #5070, #5778, .T. ) ;
#4364 = DIRECTION ( 'NONE',  ( -1.000000000000000000, -9.680376540049147084E-17, -0.000000000000000000 ) ) ;
#4365 =( NAMED_UNIT ( * ) SI_UNIT ( $, .STERADIAN. ) SOLID_ANGLE_UNIT ( ) );
#4366 = FACE_OUTER_BOUND ( 'NONE', #5031, .T. ) ;
#4367 = DIRECTION ( 'NONE',  ( 0.000000000000000000, 0.000000000000000000, 1.000000000000000000 ) ) ;
#4368 = VECTOR ( 'NONE', #4809, 1000.000000000000000 ) ;
#4369 = CARTESIAN_POINT ( 'NONE',  ( -0.05381196832622963527, -0.01386121639614156138, 0.001000000000000000021 ) ) ;
#4370 = FILL_AREA_STYLE_COLOUR ( '', #251 ) ;
#4371 = LINE ( 'NONE', #168, #3315 ) ;
#4372 = STYLED_ITEM ( 'NONE', ( #2322 ), #5759 ) ;
#4373 = CARTESIAN_POINT ( 'NONE',  ( -0.04229904980374632473, 0.02535425446802452507, 0.001000000000000000021 ) ) ;
#4374 = ORIENTED_EDGE ( 'NONE', *, *, #5956, .F. ) ;
#4375 = CARTESIAN_POINT ( 'NONE',  ( -0.3000000000000000444, 0.1399999999999999301, -2.434255618027112814E-34 ) ) ;
#4376 = PRESENTATION_LAYER_ASSIGNMENT (  '', '', ( #839 ) ) ;
#4377 = FILL_AREA_STYLE ('',( #3265 ) ) ;
#4378 = DIRECTION ( 'NONE',  ( 1.000000000000000000, 9.680376540049145852E-17, 0.000000000000000000 ) ) ;
#4379 = CARTESIAN_POINT ( 'NONE',  ( -0.01571311856326925924, -0.01909732112072104818, 0.001000000000000000021 ) ) ;
#4380 = CARTESIAN_POINT ( 'NONE',  ( -0.04165204358782639144, 0.01988383233176635109, 0.000000000000000000 ) ) ;
#4381 = ORIENTED_EDGE ( 'NONE', *, *, #3685, .T. ) ;
#4382 = ORIENTED_EDGE ( 'NONE', *, *, #5912, .T. ) ;
#4383 = AXIS2_PLACEMENT_3D ( 'NONE', #662, #4833, #4434 ) ;
#4384 = FILL_AREA_STYLE ('',( #2519 ) ) ;
#4385 = VECTOR ( 'NONE', #2600, 1000.000000000000000 ) ;
#4386 = EDGE_CURVE ( 'NONE', #5502, #729, #3921, .T. ) ;
#4387 = PLANE ( 'NONE',  #5598 ) ;
#4388 = ORIENTED_EDGE ( 'NONE', *, *, #5918, .F. ) ;
#4389 = SURFACE_STYLE_FILL_AREA ( #2640 ) ;
#4390 = CARTESIAN_POINT ( 'NONE',  ( -0.04973242962689526647, -0.02287466682716734687, 0.000000000000000000 ) ) ;
#4391 = AXIS2_PLACEMENT_3D ( 'NONE', #3046, #4941, #1717 ) ;
#4392 = PLANE ( 'NONE',  #1303 ) ;
#4393 = AXIS2_PLACEMENT_3D ( 'NONE', #5166, #1960, #4290 ) ;
#4394 = CARTESIAN_POINT ( 'NONE',  ( -0.06471444591119700218, 0.008750022969892216548, 0.000000000000000000 ) ) ;
#4395 = EDGE_CURVE ( 'NONE', #4123, #4537, #1061, .T. ) ;
#4396 = STYLED_ITEM ( 'NONE', ( #2406 ), #20 ) ;
#4397 = EDGE_LOOP ( 'NONE', ( #2145, #5277, #1125, #338, #218, #4846 ) ) ;
#4398 = CARTESIAN_POINT ( 'NONE',  ( 0.02127025346592198093, 0.02420448226326165492, 0.001000000000000000021 ) ) ;
#4399 = DIRECTION ( 'NONE',  ( -0.000000000000000000, -0.000000000000000000, -1.000000000000000000 ) ) ;
#4400 = SURFACE_STYLE_FILL_AREA ( #3912 ) ;
#4401 = CYLINDRICAL_SURFACE ( 'NONE', #3302, 0.01000000000000002623 ) ;
#4402 = DIRECTION ( 'NONE',  ( -0.000000000000000000, 0.000000000000000000, -1.000000000000000000 ) ) ;
#4403 = AXIS2_PLACEMENT_3D ( 'NONE', #4932, #1181, #4040 ) ;
#4404 = CARTESIAN_POINT ( 'NONE',  ( 0.03354169333399693170, 0.02600361884811849822, 0.001000000000000000021 ) ) ;
#4405 = SURFACE_STYLE_FILL_AREA ( #5687 ) ;
#4406 = DIRECTION ( 'NONE',  ( 0.000000000000000000, -1.000000000000000000, 0.000000000000000000 ) ) ;
#4407 = DIRECTION ( 'NONE',  ( -0.000000000000000000, -0.000000000000000000, -1.000000000000000000 ) ) ;
#4408 = CARTESIAN_POINT ( 'NONE',  ( -0.03955077100229364984, 0.01992706912318139775, 0.001000000000000000021 ) ) ;
#4409 = AXIS2_PLACEMENT_3D ( 'NONE', #1781, #3231, #4671 ) ;
#4410 = PRESENTATION_LAYER_ASSIGNMENT (  '', '', ( #1467 ) ) ;
#4411 = CARTESIAN_POINT ( 'NONE',  ( 0.08794541802209661363, 0.02541487400123018311, 0.001000000000000000021 ) ) ;
#4412 = CARTESIAN_POINT ( 'NONE',  ( 0.03462986924160880303, -0.02519488209633080275, 0.001000000000000000021 ) ) ;
#4413 =( NAMED_UNIT ( * ) SI_UNIT ( $, .STERADIAN. ) SOLID_ANGLE_UNIT ( ) );
#4414 = CARTESIAN_POINT ( 'NONE',  ( 0.05406856178083804115, 0.01481519187120709444, 0.001000000000000000021 ) ) ;
#4415 = COLOUR_RGB ( '',1.000000000000000000, 1.000000000000000000, 1.000000000000000000 ) ;
#4416 = ORIENTED_EDGE ( 'NONE', *, *, #4301, .T. ) ;
#4417 = ADVANCED_FACE ( 'NONE', ( #2943 ), #637, .T. ) ;
#4418 = DIRECTION ( 'NONE',  ( 0.000000000000000000, 0.000000000000000000, 1.000000000000000000 ) ) ;
#4419 = AXIS2_PLACEMENT_3D ( 'NONE', #811, #2696, #4564 ) ;
#4420 = EDGE_LOOP ( 'NONE', ( #46, #5149, #1474, #5408 ) ) ;
#4421 = DIRECTION ( 'NONE',  ( -0.000000000000000000, 1.000000000000000000, 1.149544714130836139E-16 ) ) ;
#4422 = CARTESIAN_POINT ( 'NONE',  ( -0.06565334242328511871, -0.001751854963068078582, 0.001000000000000000021 ) ) ;
#4423 =( LENGTH_UNIT ( ) NAMED_UNIT ( * ) SI_UNIT ( .MILLI., .METRE. ) );
#4424 =( GEOMETRIC_REPRESENTATION_CONTEXT ( 3 ) GLOBAL_UNCERTAINTY_ASSIGNED_CONTEXT ( ( #2480 ) ) GLOBAL_UNIT_ASSIGNED_CONTEXT ( ( #4173, #974, #34 ) ) REPRESENTATION_CONTEXT ( 'NONE', 'WORKASPACE' ) );
#4425 = EDGE_LOOP ( 'NONE', ( #3136, #4317, #4211, #4362 ) ) ;
#4426 = ADVANCED_FACE ( 'NONE', ( #4347 ), #1525, .T. ) ;
#4427 = CARTESIAN_POINT ( 'NONE',  ( -0.09157058807546437917, 0.01931731302562042160, 0.001000000000000000021 ) ) ;
#4428 = EDGE_CURVE ( 'NONE', #1343, #5527, #3437, .T. ) ;
#4429 = SURFACE_STYLE_FILL_AREA ( #3962 ) ;
#4430 =( LENGTH_UNIT ( ) NAMED_UNIT ( * ) SI_UNIT ( .MILLI., .METRE. ) );
#4431 = MECHANICAL_DESIGN_GEOMETRIC_PRESENTATION_REPRESENTATION (  '', ( #3745 ), #3649 ) ;
#4432 = LINE ( 'NONE', #2616, #5238 ) ;
#4433 = PRODUCT_DEFINITION_CONTEXT ( 'detailed design', #5693, 'design' ) ;
#4434 = DIRECTION ( 'NONE',  ( 0.000000000000000000, 0.000000000000000000, 1.000000000000000000 ) ) ;
#4435 = CARTESIAN_POINT ( 'NONE',  ( -0.05828924330543427262, -0.01761847234298149004, 0.000000000000000000 ) ) ;
#4436 = VERTEX_POINT ( 'NONE', #3123 ) ;
#4437 = CARTESIAN_POINT ( 'NONE',  ( 0.2899999999999999800, 0.1499999999999999389, 0.000000000000000000 ) ) ;
#4438 = CARTESIAN_POINT ( 'NONE',  ( 0.04334397281597038298, 0.01741247355745446923, 0.000000000000000000 ) ) ;
#4439 = EDGE_CURVE ( 'NONE', #1919, #2553, #4986, .T. ) ;
#4440 = SURFACE_SIDE_STYLE ('',( #4867 ) ) ;
#4441 =( NAMED_UNIT ( * ) SI_UNIT ( $, .STERADIAN. ) SOLID_ANGLE_UNIT ( ) );
#4442 = LINE ( 'NONE', #234, #886 ) ;
#4443 = CARTESIAN_POINT ( 'NONE',  ( 0.05406856178083804115, 0.01481519187120709444, 0.000000000000000000 ) ) ;
#4444 = ORIENTED_EDGE ( 'NONE', *, *, #2150, .F. ) ;
#4445 = ORIENTED_EDGE ( 'NONE', *, *, #1312, .F. ) ;
#4446 = STYLED_ITEM ( 'NONE', ( #5938 ), #4238 ) ;
#4447 = ADVANCED_FACE ( 'NONE', ( #1806 ), #1299, .T. ) ;
#4448 = FACE_OUTER_BOUND ( 'NONE', #3839, .T. ) ;
#4449 = PLANE ( 'NONE',  #5577 ) ;
#4450 =( NAMED_UNIT ( * ) SI_UNIT ( $, .STERADIAN. ) SOLID_ANGLE_UNIT ( ) );
#4451 =( GEOMETRIC_REPRESENTATION_CONTEXT ( 3 ) GLOBAL_UNCERTAINTY_ASSIGNED_CONTEXT ( ( #2423 ) ) GLOBAL_UNIT_ASSIGNED_CONTEXT ( ( #2510, #1605, #3489 ) ) REPRESENTATION_CONTEXT ( 'NONE', 'WORKASPACE' ) );
#4452 = B_SPLINE_CURVE_WITH_KNOTS ( 'NONE', 3,
 ( #2234, #2603, #5416, #793, #2637, #2172, #4044, #5907, #337, #3201, #4613, #1709, #3595, #3652, #3682, #4080, #5940, #1277, #3166 ),
 .UNSPECIFIED., .F., .F.,
 ( 4, 1, 1, 1, 1, 1, 1, 1, 1, 1, 1, 1, 1, 1, 1, 1, 4 ),
 ( 0.000000000000000000, 0.06460397028839230671, 0.1267024139629473467, 0.1867568140356183348, 0.2455056873654374860, 0.3036520244499754662, 0.3615030739706254770, 0.4202402229284675772, 0.4800333407766962934, 0.5406781347755160727, 0.6011918063807818458, 0.6623335024774423818, 0.7247395102972318259, 0.7894677361728866805, 0.8565048600438308624, 0.9263120958391902748, 1.000000000000000000 ),
 .UNSPECIFIED. ) ;
#4453 = EDGE_LOOP ( 'NONE', ( #5196, #3589 ) ) ;
#4454 = CARTESIAN_POINT ( 'NONE',  ( 0.2899999999999999800, -0.1400000000000000411, 0.2899999999999998690 ) ) ;
#4455 =( GEOMETRIC_REPRESENTATION_CONTEXT ( 3 ) GLOBAL_UNCERTAINTY_ASSIGNED_CONTEXT ( ( #4324 ) ) GLOBAL_UNIT_ASSIGNED_CONTEXT ( ( #3582, #3151, #5995 ) ) REPRESENTATION_CONTEXT ( 'NONE', 'WORKASPACE' ) );
#4456 = SURFACE_SIDE_STYLE ('',( #4481 ) ) ;
#4457 = DIRECTION ( 'NONE',  ( -1.000000000000000000, -9.680376540049147084E-17, -0.000000000000000000 ) ) ;
#4458 = LINE ( 'NONE', #252, #3325 ) ;
#4459 =( GEOMETRIC_REPRESENTATION_CONTEXT ( 3 ) GLOBAL_UNCERTAINTY_ASSIGNED_CONTEXT ( ( #3712 ) ) GLOBAL_UNIT_ASSIGNED_CONTEXT ( ( #4721, #6050, #1415 ) ) REPRESENTATION_CONTEXT ( 'NONE', 'WORKASPACE' ) );
#4460 = ORIENTED_EDGE ( 'NONE', *, *, #3623, .T. ) ;
#4461 = CARTESIAN_POINT ( 'NONE',  ( -0.09234231063644000870, 0.01581121546464481220, 0.001000000000000000021 ) ) ;
#4462 =( NAMED_UNIT ( * ) PLANE_ANGLE_UNIT ( ) SI_UNIT ( $, .RADIAN. ) );
#4463 = CARTESIAN_POINT ( 'NONE',  ( 0.02208167900123621935, 0.02453385777765213285, 0.000000000000000000 ) ) ;
#4464 = PRESENTATION_LAYER_ASSIGNMENT (  '', '', ( #5811 ) ) ;
#4465 =( LENGTH_UNIT ( ) NAMED_UNIT ( * ) SI_UNIT ( .MILLI., .METRE. ) );
#4466 = DIRECTION ( 'NONE',  ( -1.000000000000000000, 9.680376540049147084E-17, 0.000000000000000000 ) ) ;
#4467 = CARTESIAN_POINT ( 'NONE',  ( -0.2000000000000000111, -0.1400000000000000411, 0.2800000000000000266 ) ) ;
#4468 = CIRCLE ( 'NONE', #2204, 0.01000000000000002623 ) ;
#4469 = PRESENTATION_LAYER_ASSIGNMENT (  '', '', ( #737 ) ) ;
#4470 = CARTESIAN_POINT ( 'NONE',  ( 0.05766421916956485788, 0.005132098590591411581, 0.000000000000000000 ) ) ;
#4471 = PRESENTATION_STYLE_ASSIGNMENT (( #5279 ) ) ;
#4472 = SURFACE_STYLE_FILL_AREA ( #4561 ) ;
#4473 =( GEOMETRIC_REPRESENTATION_CONTEXT ( 3 ) GLOBAL_UNCERTAINTY_ASSIGNED_CONTEXT ( ( #1599 ) ) GLOBAL_UNIT_ASSIGNED_CONTEXT ( ( #1029, #611, #4784 ) ) REPRESENTATION_CONTEXT ( 'NONE', 'WORKASPACE' ) );
#4474 = LINE ( 'NONE', #4955, #5483 ) ;
#4475 = LINE ( 'NONE', #4956, #279 ) ;
#4476 = CARTESIAN_POINT ( 'NONE',  ( -0.08146197527058633703, -0.01056073575486738726, 0.000000000000000000 ) ) ;
#4477 = VERTEX_POINT ( 'NONE', #4067 ) ;
#4478 = CARTESIAN_POINT ( 'NONE',  ( -0.03217653319741560491, 0.01992706912318139775, 0.001000000000000000021 ) ) ;
#4479 =( NAMED_UNIT ( * ) PLANE_ANGLE_UNIT ( ) SI_UNIT ( $, .RADIAN. ) );
#4480 = DIRECTION ( 'NONE',  ( -0.000000000000000000, 1.000000000000000000, 0.000000000000000000 ) ) ;
#4481 = SURFACE_STYLE_FILL_AREA ( #2608 ) ;
#4482 = COLOUR_RGB ( '',1.000000000000000000, 1.000000000000000000, 1.000000000000000000 ) ;
#4483 = DIRECTION ( 'NONE',  ( -1.000000000000000000, -0.000000000000000000, -0.000000000000000000 ) ) ;
#4484 = EDGE_CURVE ( 'NONE', #2645, #3728, #4603, .T. ) ;
#4485 = ORIENTED_EDGE ( 'NONE', *, *, #768, .F. ) ;
#4486 = CARTESIAN_POINT ( 'NONE',  ( -0.09227991538027045804, 0.01601070718730033052, 0.000000000000000000 ) ) ;
#4487 =( NAMED_UNIT ( * ) SI_UNIT ( $, .STERADIAN. ) SOLID_ANGLE_UNIT ( ) );
#4488 = CARTESIAN_POINT ( 'NONE',  ( -0.03906487161204973829, -0.02458512599876982660, 0.001000000000000000021 ) ) ;
#4489 = FILL_AREA_STYLE_COLOUR ( '', #3493 ) ;
#4490 = CARTESIAN_POINT ( 'NONE',  ( -0.04986535551506855041, 0.02379819827895601758, 0.000000000000000000 ) ) ;
#4491 = CARTESIAN_POINT ( 'NONE',  ( 0.2000000000000000111, -0.1399999999999999856, 0.2800000000000000266 ) ) ;
#4492 = DIRECTION ( 'NONE',  ( -0.000000000000000000, 0.000000000000000000, 1.000000000000000000 ) ) ;
#4493 = EDGE_LOOP ( 'NONE', ( #2331, #5448, #2946, #820 ) ) ;
#4494 = PRESENTATION_LAYER_ASSIGNMENT (  '', '', ( #3721 ) ) ;
#4495 = CARTESIAN_POINT ( 'NONE',  ( 0.03354169333399693170, 0.02600361884811849822, -0.000000000000000000 ) ) ;
#4496 =( LENGTH_UNIT ( ) NAMED_UNIT ( * ) SI_UNIT ( .MILLI., .METRE. ) );
#4497 = DIRECTION ( 'NONE',  ( -1.000000000000000000, -9.680376540049147084E-17, -0.000000000000000000 ) ) ;
#4498 = CARTESIAN_POINT ( 'NONE',  ( 0.03967482514570856711, -0.02481924017086075199, 0.000000000000000000 ) ) ;
#4499 = AXIS2_PLACEMENT_3D ( 'NONE', #2989, #5850, #4857 ) ;
#4500 = CARTESIAN_POINT ( 'NONE',  ( 0.02087224729038928209, -0.01650585770608689953, 0.001000000000000000021 ) ) ;
#4501 = CARTESIAN_POINT ( 'NONE',  ( 0.03191145770325050368, -0.01968352016134909330, 0.000000000000000000 ) ) ;
#4502 = CARTESIAN_POINT ( 'NONE',  ( 0.1999999999999999833, 0.1400000000000000411, 0.000000000000000000 ) ) ;
#4503 = B_SPLINE_SURFACE_WITH_KNOTS ( 'NONE', 3, 1, ( 
 ( #1817, #1214 ),
 ( #3200, #4963 ),
 ( #2706, #4509 ),
 ( #305, #3651 ),
 ( #5939, #4141 ),
 ( #3620, #2673 ),
 ( #5477, #4992 ),
 ( #2139, #1276 ),
 ( #817, #2171 ),
 ( #5976, #277 ),
 ( #4540, #4043 ),
 ( #5906, #1341 ),
 ( #3133, #5020 ),
 ( #848, #4013 ),
 ( #6002, #3681 ),
 ( #1708, #5542 ),
 ( #4576, #2232 ),
 ( #5509, #1309 ),
 ( #5086, #2744 ) ),
 .UNSPECIFIED., .F., .F., .F.,
 ( 4, 1, 1, 1, 1, 1, 1, 1, 1, 1, 1, 1, 1, 1, 1, 1, 4 ),
 ( 2, 2 ),
 ( 0.000000000000000000, 0.07082657255516341954, 0.1381690332797999854, 0.2024753315338422566, 0.2639737544135198899, 0.3233803205980371187, 0.3817976227131854583, 0.4393900745193891066, 0.4969027245459975983, 0.5546621696093703147, 0.6127418784921975226, 0.6715388363911724001, 0.7316557220901981351, 0.7942978116139531863, 0.8594822049793585661, 0.9276813254527899177, 1.000000000000000000 ),
 ( 0.000000000000000000, 1.000000000000000000 ),
 .UNSPECIFIED. ) ;
#4504 = ORIENTED_EDGE ( 'NONE', *, *, #1857, .F. ) ;
#4505 = FILL_AREA_STYLE ('',( #4990 ) ) ;
#4506 = ADVANCED_FACE ( 'NONE', ( #3188 ), #3094, .T. ) ;
#4507 = FILL_AREA_STYLE ('',( #3534 ) ) ;
#4508 = DIRECTION ( 'NONE',  ( -1.112802568240965428E-32, 1.149544714130836139E-16, -1.000000000000000000 ) ) ;
#4509 = CARTESIAN_POINT ( 'NONE',  ( -0.04149755027638463850, -0.01904926589940055676, 0.000000000000000000 ) ) ;
#4510 = PRESENTATION_LAYER_ASSIGNMENT (  '', '', ( #4113 ) ) ;
#4511 = ORIENTED_EDGE ( 'NONE', *, *, #2378, .T. ) ;
#4512 = CARTESIAN_POINT ( 'NONE',  ( -0.1144936063681473021, -0.02458512599876982660, 0.000000000000000000 ) ) ;
#4513 = DIRECTION ( 'NONE',  ( 0.000000000000000000, -0.000000000000000000, -1.000000000000000000 ) ) ;
#4514 = VECTOR ( 'NONE', #36, 1000.000000000000000 ) ;
#4515 = VERTEX_POINT ( 'NONE', #1773 ) ;
#4516 = CARTESIAN_POINT ( 'NONE',  ( -0.09157058807546437917, 0.01931731302562042160, 0.000000000000000000 ) ) ;
#4517 = FACE_OUTER_BOUND ( 'NONE', #1412, .T. ) ;
#4518 = FACE_OUTER_BOUND ( 'NONE', #2812, .T. ) ;
#4519 = CARTESIAN_POINT ( 'NONE',  ( -0.3000000000000000444, 0.1399999999999999578, 0.000000000000000000 ) ) ;
#4520 = EDGE_CURVE ( 'NONE', #5817, #1215, #5014, .T. ) ;
#4521 = LINE ( 'NONE', #5428, #5932 ) ;
#4522 = AXIS2_PLACEMENT_3D ( 'NONE', #5261, #4302, #4356 ) ;
#4523 = CARTESIAN_POINT ( 'NONE',  ( 0.2899999999999999800, 0.1399999999999999301, 0.2899999999999999245 ) ) ;
#4524 = AXIS2_PLACEMENT_3D ( 'NONE', #1539, #3391, #163 ) ;
#4525 = ORIENTED_EDGE ( 'NONE', *, *, #4865, .F. ) ;
#4526 = PRESENTATION_STYLE_ASSIGNMENT (( #2690 ) ) ;
#4527 = AXIS2_PLACEMENT_3D ( 'NONE', #1216, #4480, #244 ) ;
#4528 = DIRECTION ( 'NONE',  ( 1.000000000000000000, 0.000000000000000000, 0.000000000000000000 ) ) ;
#4529 = SURFACE_STYLE_USAGE ( .BOTH. , #1733 ) ;
#4530 = PRESENTATION_LAYER_ASSIGNMENT (  '', '', ( #1488 ) ) ;
#4531 = SURFACE_STYLE_FILL_AREA ( #5896 ) ;
#4532 = CARTESIAN_POINT ( 'NONE',  ( 0.04631613035952081986, -0.02259680682544960156, 0.000000000000000000 ) ) ;
#4533 = DIRECTION ( 'NONE',  ( 1.112802568240965017E-32, 1.149544714130836139E-16, -1.000000000000000000 ) ) ;
#4534 = DIRECTION ( 'NONE',  ( 0.000000000000000000, 0.000000000000000000, -1.000000000000000000 ) ) ;
#4535 = CARTESIAN_POINT ( 'NONE',  ( 0.2000000000000000111, 0.1400000000000000411, 1.694065894508600678E-18 ) ) ;
#4536 = PRESENTATION_STYLE_ASSIGNMENT (( #362 ) ) ;
#4537 = VERTEX_POINT ( 'NONE', #1239 ) ;
#4538 = FACE_OUTER_BOUND ( 'NONE', #855, .T. ) ;
#4539 = CARTESIAN_POINT ( 'NONE',  ( -0.03957935331936682927, 0.02541487400123018311, 0.000000000000000000 ) ) ;
#4540 = CARTESIAN_POINT ( 'NONE',  ( -0.05503170552086972256, -0.01247414486020642643, 0.001000000000000000021 ) ) ;
#4541 = UNCERTAINTY_MEASURE_WITH_UNIT (LENGTH_MEASURE( 1.000000000000000082E-05 ), #492, 'distance_accuracy_value', 'NONE');
#4542 = ORIENTED_EDGE ( 'NONE', *, *, #3984, .F. ) ;
#4543 = ADVANCED_FACE ( 'NONE', ( #5497, #394 ), #5998, .T. ) ;
#4544 = VERTEX_POINT ( 'NONE', #549 ) ;
#4545 = VECTOR ( 'NONE', #2968, 1000.000000000000000 ) ;
#4546 = CARTESIAN_POINT ( 'NONE',  ( 0.000000000000000000, 0.000000000000000000, 0.001000000000000000021 ) ) ;
#4547 = ORIENTED_EDGE ( 'NONE', *, *, #1976, .F. ) ;
#4548 = SURFACE_STYLE_FILL_AREA ( #1222 ) ;
#4549 = B_SPLINE_CURVE_WITH_KNOTS ( 'NONE', 3,
 ( #1600, #2504, #1983, #2037, #1050, #3484, #2932, #5298, #3858, #2095, #2962, #1020, #4831, #1489, #1542, #140, #2010, #114, #2906 ),
 .UNSPECIFIED., .F., .F.,
 ( 4, 1, 1, 1, 1, 1, 1, 1, 1, 1, 1, 1, 1, 1, 1, 1, 4 ),
 ( 0.000000000000000000, 0.06460397028839230671, 0.1267024139629473467, 0.1867568140356183348, 0.2455056873654374860, 0.3036520244499754662, 0.3615030739706254770, 0.4202402229284675772, 0.4800333407766962934, 0.5406781347755160727, 0.6011918063807818458, 0.6623335024774423818, 0.7247395102972318259, 0.7894677361728866805, 0.8565048600438308624, 0.9263120958391902748, 1.000000000000000000 ),
 .UNSPECIFIED. ) ;
#4550 = CARTESIAN_POINT ( 'NONE',  ( 0.02925739606348680411, 0.02591030741048710659, 0.000000000000000000 ) ) ;
#4551 = FILL_AREA_STYLE_COLOUR ( '', #5910 ) ;
#4552 = B_SPLINE_SURFACE_WITH_KNOTS ( 'NONE', 3, 1, ( 
 ( #3761, #455 ),
 ( #2377, #6058 ),
 ( #1840, #1421 ),
 ( #2764, #4637 ),
 ( #426, #2793 ),
 ( #3706, #4666 ),
 ( #5187, #2317 ) ),
 .UNSPECIFIED., .F., .F., .F.,
 ( 4, 1, 1, 1, 4 ),
 ( 2, 2 ),
 ( 0.000000000000000000, 0.3005411131585078444, 0.5677471464835985859, 0.8000336137369795653, 1.000000000000000000 ),
 ( 0.000000000000000000, 1.000000000000000000 ),
 .UNSPECIFIED. ) ;
#4553 =( NAMED_UNIT ( * ) PLANE_ANGLE_UNIT ( ) SI_UNIT ( $, .RADIAN. ) );
#4554 = AXIS2_PLACEMENT_3D ( 'NONE', #1234, #5097, #3608 ) ;
#4555 = CARTESIAN_POINT ( 'NONE',  ( 0.06233566192453564303, -0.02458512599876982660, 0.000000000000000000 ) ) ;
#4556 = CYLINDRICAL_SURFACE ( 'NONE', #3411, 0.01000000000000000021 ) ;
#4557 = ADVANCED_FACE ( 'NONE', ( #2346 ), #4552, .T. ) ;
#4558 = ORIENTED_EDGE ( 'NONE', *, *, #5425, .F. ) ;
#4559 = CARTESIAN_POINT ( 'NONE',  ( -0.09234231063644000870, 0.01581121546464480873, 0.001000000000000000021 ) ) ;
#4560 = SURFACE_SIDE_STYLE ('',( #1294 ) ) ;
#4561 = FILL_AREA_STYLE ('',( #1295 ) ) ;
#4562 =( GEOMETRIC_REPRESENTATION_CONTEXT ( 3 ) GLOBAL_UNCERTAINTY_ASSIGNED_CONTEXT ( ( #6028 ) ) GLOBAL_UNIT_ASSIGNED_CONTEXT ( ( #1329, #3184, #1692 ) ) REPRESENTATION_CONTEXT ( 'NONE', 'WORKASPACE' ) );
#4563 = FACE_OUTER_BOUND ( 'NONE', #5493, .T. ) ;
#4564 = DIRECTION ( 'NONE',  ( 1.000000000000000000, 0.000000000000000000, 0.000000000000000000 ) ) ;
#4565 = VECTOR ( 'NONE', #3395, 1000.000000000000000 ) ;
#4566 = DIRECTION ( 'NONE',  ( -0.000000000000000000, 0.000000000000000000, 1.000000000000000000 ) ) ;
#4567 = ORIENTED_EDGE ( 'NONE', *, *, #1764, .T. ) ;
#4568 = UNCERTAINTY_MEASURE_WITH_UNIT (LENGTH_MEASURE( 1.000000000000000082E-05 ), #1368, 'distance_accuracy_value', 'NONE');
#4569 = SURFACE_SIDE_STYLE ('',( #5999 ) ) ;
#4570 = LINE ( 'NONE', #1374, #5970 ) ;
#4571 = CIRCLE ( 'NONE', #4953, 0.01000000000000000021 ) ;
#4572 = MECHANICAL_DESIGN_GEOMETRIC_PRESENTATION_REPRESENTATION (  '', ( #3204 ), #4861 ) ;
#4573 = FILL_AREA_STYLE ('',( #464 ) ) ;
#4574 = PLANE ( 'NONE',  #398 ) ;
#4575 = LINE ( 'NONE', #1245, #431 ) ;
#4576 = CARTESIAN_POINT ( 'NONE',  ( -0.05895501704484117089, -0.001362795352829676045, 0.001000000000000000021 ) ) ;
#4577 = ORIENTED_EDGE ( 'NONE', *, *, #1591, .T. ) ;
#4578 = MECHANICAL_DESIGN_GEOMETRIC_PRESENTATION_REPRESENTATION (  '', ( #4372 ), #1429 ) ;
#4579 = EDGE_LOOP ( 'NONE', ( #3467, #5058, #2425, #423 ) ) ;
#4580 = FILL_AREA_STYLE ('',( #5009 ) ) ;
#4581 = CARTESIAN_POINT ( 'NONE',  ( 0.02845535217210905243, -0.01928171044815464585, 0.001000000000000000021 ) ) ;
#4582 =( GEOMETRIC_REPRESENTATION_CONTEXT ( 3 ) GLOBAL_UNCERTAINTY_ASSIGNED_CONTEXT ( ( #3020 ) ) GLOBAL_UNIT_ASSIGNED_CONTEXT ( ( #3220, #1265, #391 ) ) REPRESENTATION_CONTEXT ( 'NONE', 'WORKASPACE' ) );
#4583 = ORIENTED_EDGE ( 'NONE', *, *, #654, .T. ) ;
#4584 = DIRECTION ( 'NONE',  ( -9.680376540049145852E-17, 1.000000000000000000, 1.210047067506143201E-16 ) ) ;
#4585 = CARTESIAN_POINT ( 'NONE',  ( 0.03205729145432018729, 0.02602046287701072907, 0.001000000000000000021 ) ) ;
#4586 = DIRECTION ( 'NONE',  ( 0.000000000000000000, -0.000000000000000000, 1.000000000000000000 ) ) ;
#4587 =( GEOMETRIC_REPRESENTATION_CONTEXT ( 3 ) GLOBAL_UNCERTAINTY_ASSIGNED_CONTEXT ( ( #4568 ) ) GLOBAL_UNIT_ASSIGNED_CONTEXT ( ( #1368, #3260, #4193 ) ) REPRESENTATION_CONTEXT ( 'NONE', 'WORKASPACE' ) );
#4588 = CARTESIAN_POINT ( 'NONE',  ( 0.03462986924160880303, -0.02519488209633080275, 0.000000000000000000 ) ) ;
#4589 = EDGE_CURVE ( 'NONE', #5088, #300, #4695, .T. ) ;
#4590 = ADVANCED_FACE ( 'NONE', ( #489 ), #3310, .F. ) ;
#4591 = FILL_AREA_STYLE_COLOUR ( '', #158 ) ;
#4592 = VECTOR ( 'NONE', #5901, 1000.000000000000000 ) ;
#4593 = ORIENTED_EDGE ( 'NONE', *, *, #4334, .T. ) ;
#4594 =( NAMED_UNIT ( * ) PLANE_ANGLE_UNIT ( ) SI_UNIT ( $, .RADIAN. ) );
#4595 = ORIENTED_EDGE ( 'NONE', *, *, #5658, .F. ) ;
#4596 = PRESENTATION_LAYER_ASSIGNMENT (  '', '', ( #2928 ) ) ;
#4597 = CARTESIAN_POINT ( 'NONE',  ( -0.04743597297352430964, 0.01876811111770598783, 0.000000000000000000 ) ) ;
#4598 = DIRECTION ( 'NONE',  ( -0.000000000000000000, -0.000000000000000000, -1.000000000000000000 ) ) ;
#4599 = SURFACE_STYLE_USAGE ( .BOTH. , #2761 ) ;
#4600 = DIRECTION ( 'NONE',  ( -0.000000000000000000, 0.000000000000000000, 1.000000000000000000 ) ) ;
#4601 =( GEOMETRIC_REPRESENTATION_CONTEXT ( 3 ) GLOBAL_UNCERTAINTY_ASSIGNED_CONTEXT ( ( #3134 ) ) GLOBAL_UNIT_ASSIGNED_CONTEXT ( ( #2781, #1348, #5608 ) ) REPRESENTATION_CONTEXT ( 'NONE', 'WORKASPACE' ) );
#4602 = DIRECTION ( 'NONE',  ( 1.000000000000000000, 0.000000000000000000, 0.000000000000000000 ) ) ;
#4603 = LINE ( 'NONE', #359, #5232 ) ;
#4604 = MECHANICAL_DESIGN_GEOMETRIC_PRESENTATION_REPRESENTATION (  '', ( #4299 ), #2746 ) ;
#4605 = CARTESIAN_POINT ( 'NONE',  ( -0.01327409417302535810, 0.003463654489035054244, 0.001000000000000000021 ) ) ;
#4606 = ORIENTED_EDGE ( 'NONE', *, *, #2809, .F. ) ;
#4607 = PLANE ( 'NONE',  #1856 ) ;
#4608 = CARTESIAN_POINT ( 'NONE',  ( -0.05381196832622963527, -0.01386121639614156138, 0.000000000000000000 ) ) ;
#4609 = COLOUR_RGB ( '',0.1019607843137254888, 0.1019607843137254888, 0.1019607843137254888 ) ;
#4610 = SURFACE_STYLE_USAGE ( .BOTH. , #2703 ) ;
#4611 = DIRECTION ( 'NONE',  ( -0.000000000000000000, -0.000000000000000000, 1.000000000000000000 ) ) ;
#4612 = DIRECTION ( 'NONE',  ( 1.000000000000000000, 0.000000000000000000, 0.000000000000000000 ) ) ;
#4613 = CARTESIAN_POINT ( 'NONE',  ( 0.04738818418259561210, 0.01351997388719446483, 0.000000000000000000 ) ) ;
#4614 = ORIENTED_EDGE ( 'NONE', *, *, #3264, .T. ) ;
#4615 = PRESENTATION_LAYER_ASSIGNMENT (  '', '', ( #3820 ) ) ;
#4616 = ORIENTED_EDGE ( 'NONE', *, *, #2521, .F. ) ;
#4617 = UNCERTAINTY_MEASURE_WITH_UNIT (LENGTH_MEASURE( 1.000000000000000082E-05 ), #865, 'distance_accuracy_value', 'NONE');
#4618 = CARTESIAN_POINT ( 'NONE',  ( 0.02538849037813640727, -0.02397323583351941567, 0.000000000000000000 ) ) ;
#4619 = EDGE_CURVE ( 'NONE', #3409, #4902, #4549, .T. ) ;
#4620 = MECHANICAL_DESIGN_GEOMETRIC_PRESENTATION_REPRESENTATION (  '', ( #5090 ), #3626 ) ;
#4621 = PLANE ( 'NONE',  #4225 ) ;
#4622 = ORIENTED_EDGE ( 'NONE', *, *, #538, .T. ) ;
#4623 = AXIS2_PLACEMENT_3D ( 'NONE', #4074, #4137, #3560 ) ;
#4624 = DIRECTION ( 'NONE',  ( 0.3536223923290756632, -0.9353882635801357148, 0.000000000000000000 ) ) ;
#4625 = CARTESIAN_POINT ( 'NONE',  ( 0.04240968600421410328, -0.01766513775971134681, 0.000000000000000000 ) ) ;
#4626 =( LENGTH_UNIT ( ) NAMED_UNIT ( * ) SI_UNIT ( .MILLI., .METRE. ) );
#4627 = SURFACE_STYLE_FILL_AREA ( #3214 ) ;
#4628 = LINE ( 'NONE', #3247, #4735 ) ;
#4629 = ORIENTED_EDGE ( 'NONE', *, *, #1040, .T. ) ;
#4630 = STYLED_ITEM ( 'NONE', ( #3641 ), #2004 ) ;
#4631 = ORIENTED_EDGE ( 'NONE', *, *, #5656, .F. ) ;
#4632 = CARTESIAN_POINT ( 'NONE',  ( -0.04165204358782639144, 0.01988383233176635109, 0.001000000000000000021 ) ) ;
#4633 = DIRECTION ( 'NONE',  ( 0.000000000000000000, -1.000000000000000000, 0.000000000000000000 ) ) ;
#4634 =( NAMED_UNIT ( * ) SI_UNIT ( $, .STERADIAN. ) SOLID_ANGLE_UNIT ( ) );
#4635 = LINE ( 'NONE', #2253, #5462 ) ;
#4636 =( GEOMETRIC_REPRESENTATION_CONTEXT ( 3 ) GLOBAL_UNCERTAINTY_ASSIGNED_CONTEXT ( ( #411 ) ) GLOBAL_UNIT_ASSIGNED_CONTEXT ( ( #2394, #1007, #2324 ) ) REPRESENTATION_CONTEXT ( 'NONE', 'WORKASPACE' ) );
#4637 = CARTESIAN_POINT ( 'NONE',  ( -0.09105425174174093528, 0.01734622166403974181, 0.000000000000000000 ) ) ;
#4638 = DIRECTION ( 'NONE',  ( -0.000000000000000000, -0.000000000000000000, -1.000000000000000000 ) ) ;
#4639 = COLOUR_RGB ( '',0.1019607843137254888, 0.1019607843137254888, 0.1019607843137254888 ) ;
#4640 = ORIENTED_EDGE ( 'NONE', *, *, #101, .T. ) ;
#4641 = EDGE_CURVE ( 'NONE', #5781, #5605, #1572, .T. ) ;
#4642 = SURFACE_STYLE_FILL_AREA ( #3226 ) ;
#4643 = PRESENTATION_LAYER_ASSIGNMENT (  '', '', ( #2961 ) ) ;
#4644 = CARTESIAN_POINT ( 'NONE',  ( -0.06569316016858055274, 0.001950033305389139646, 0.001000000000000000021 ) ) ;
#4645 = CARTESIAN_POINT ( 'NONE',  ( -0.2000000000000000389, -0.1399999999999999856, 0.2800000000000000266 ) ) ;
#4646 = CYLINDRICAL_SURFACE ( 'NONE', #2898, 0.009999999999999998473 ) ;
#4647 = PRESENTATION_STYLE_ASSIGNMENT (( #4199 ) ) ;
#4648 = SURFACE_STYLE_FILL_AREA ( #31 ) ;
#4649 = ADVANCED_FACE ( 'NONE', ( #3965 ), #4862, .T. ) ;
#4650 = VERTEX_POINT ( 'NONE', #199 ) ;
#4651 = CARTESIAN_POINT ( 'NONE',  ( 0.02228656050776070541, -0.02277430589739516675, 0.000000000000000000 ) ) ;
#4652 = UNCERTAINTY_MEASURE_WITH_UNIT (LENGTH_MEASURE( 1.000000000000000082E-05 ), #2080, 'distance_accuracy_value', 'NONE');
#4653 = CARTESIAN_POINT ( 'NONE',  ( 0.02681731462942821276, -0.01892637471205727007, 0.000000000000000000 ) ) ;
#4654 = CARTESIAN_POINT ( 'NONE',  ( 0.03462986924160880303, -0.02519488209633080275, 0.001000000000000000021 ) ) ;
#4655 = MECHANICAL_DESIGN_GEOMETRIC_PRESENTATION_REPRESENTATION (  '', ( #4446 ), #4169 ) ;
#4656 = CARTESIAN_POINT ( 'NONE',  ( 0.02500780050364875828, 0.01930648144060460522, 0.001000000000000000021 ) ) ;
#4657 =( GEOMETRIC_REPRESENTATION_CONTEXT ( 3 ) GLOBAL_UNCERTAINTY_ASSIGNED_CONTEXT ( ( #5514 ) ) GLOBAL_UNIT_ASSIGNED_CONTEXT ( ( #651, #4273, #1080 ) ) REPRESENTATION_CONTEXT ( 'NONE', 'WORKASPACE' ) );
#4658 = VERTEX_POINT ( 'NONE', #2065 ) ;
#4659 = COLOUR_RGB ( '',0.1019607843137254888, 0.1019607843137254888, 0.1019607843137254888 ) ;
#4660 = ORIENTED_EDGE ( 'NONE', *, *, #4793, .F. ) ;
#4661 = ORIENTED_EDGE ( 'NONE', *, *, #343, .T. ) ;
#4662 = CARTESIAN_POINT ( 'NONE',  ( 0.03092235831192036849, 0.02601232737377671619, 0.001000000000000000021 ) ) ;
#4663 = PRESENTATION_STYLE_ASSIGNMENT (( #4313 ) ) ;
#4664 = UNCERTAINTY_MEASURE_WITH_UNIT (LENGTH_MEASURE( 1.000000000000000082E-05 ), #2024, 'distance_accuracy_value', 'NONE');
#4665 = VECTOR ( 'NONE', #1289, 1000.000000000000000 ) ;
#4666 = CARTESIAN_POINT ( 'NONE',  ( -0.09068388793049135532, 0.01603910936498291820, 0.000000000000000000 ) ) ;
#4667 = VERTEX_POINT ( 'NONE', #2122 ) ;
#4668 = SURFACE_SIDE_STYLE ('',( #2260 ) ) ;
#4669 = CARTESIAN_POINT ( 'NONE',  ( -0.09135031748842692423, 0.01896126841120937545, 0.001000000000000000021 ) ) ;
#4670 =( NAMED_UNIT ( * ) SI_UNIT ( $, .STERADIAN. ) SOLID_ANGLE_UNIT ( ) );
#4671 = DIRECTION ( 'NONE',  ( 1.000000000000000000, 0.000000000000000000, 0.000000000000000000 ) ) ;
#4672 = EDGE_CURVE ( 'NONE', #11, #4870, #3591, .T. ) ;
#4673 = CARTESIAN_POINT ( 'NONE',  ( 0.02225504935857713570, -0.01728471709485988536, 0.001000000000000000021 ) ) ;
#4674 = ORIENTED_EDGE ( 'NONE', *, *, #95, .F. ) ;
#4675 =( NAMED_UNIT ( * ) PLANE_ANGLE_UNIT ( ) SI_UNIT ( $, .RADIAN. ) );
#4676 = COLOUR_RGB ( '',1.000000000000000000, 1.000000000000000000, 1.000000000000000000 ) ;
#4677 = VECTOR ( 'NONE', #1698, 1000.000000000000114 ) ;
#4678 = CARTESIAN_POINT ( 'NONE',  ( 0.02087224729038928209, -0.01650585770608689953, 0.000000000000000000 ) ) ;
#4679 = PRESENTATION_LAYER_ASSIGNMENT (  '', '', ( #4372 ) ) ;
#4680 = CARTESIAN_POINT ( 'NONE',  ( 0.2899999999999999800, -0.1400000000000000133, -0.01000000000000003317 ) ) ;
#4681 = ORIENTED_EDGE ( 'NONE', *, *, #283, .T. ) ;
#4682 =( NAMED_UNIT ( * ) PLANE_ANGLE_UNIT ( ) SI_UNIT ( $, .RADIAN. ) );
#4683 = SURFACE_STYLE_FILL_AREA ( #1352 ) ;
#4684 = DIRECTION ( 'NONE',  ( 0.000000000000000000, -1.000000000000000000, 0.000000000000000000 ) ) ;
#4685 = VERTEX_POINT ( 'NONE', #5887 ) ;
#4686 = DIRECTION ( 'NONE',  ( -9.680376540049145852E-17, -1.000000000000000000, -1.149544714130836139E-16 ) ) ;
#4687 = ORIENTED_EDGE ( 'NONE', *, *, #3091, .F. ) ;
#4688 = CARTESIAN_POINT ( 'NONE',  ( -0.05829445390945429267, 0.007328860733868102113, 0.000000000000000000 ) ) ;
#4689 =( NAMED_UNIT ( * ) PLANE_ANGLE_UNIT ( ) SI_UNIT ( $, .RADIAN. ) );
#4690 = CARTESIAN_POINT ( 'NONE',  ( 0.2000000000000000111, -0.1399999999999999856, -3.218725199566341288E-17 ) ) ;
#4691 = EDGE_CURVE ( 'NONE', #2498, #3268, #3631, .T. ) ;
#4692 = CARTESIAN_POINT ( 'NONE',  ( 0.05802116059570023437, -0.003207505579874123797, 0.000000000000000000 ) ) ;
#4693 = FILL_AREA_STYLE ('',( #2659 ) ) ;
#4694 = VECTOR ( 'NONE', #804, 1000.000000000000000 ) ;
#4695 = LINE ( 'NONE', #2878, #5816 ) ;
#4696 = SURFACE_STYLE_USAGE ( .BOTH. , #5623 ) ;
#4697 = VERTEX_POINT ( 'NONE', #2182 ) ;
#4698 = FACE_OUTER_BOUND ( 'NONE', #5122, .T. ) ;
#4699 = PRESENTATION_LAYER_ASSIGNMENT (  '', '', ( #1247 ) ) ;
#4700 = CARTESIAN_POINT ( 'NONE',  ( 0.01111614972941367581, -0.02458512599876982660, 0.000000000000000000 ) ) ;
#4701 = COLOUR_RGB ( '',0.1019607843137254888, 0.1019607843137254888, 0.1019607843137254888 ) ;
#4702 = UNCERTAINTY_MEASURE_WITH_UNIT (LENGTH_MEASURE( 1.000000000000000082E-05 ), #136, 'distance_accuracy_value', 'NONE');
#4703 = DIRECTION ( 'NONE',  ( 9.680376540049145852E-17, 1.000000000000000000, 1.936075308009829417E-16 ) ) ;
#4704 = CARTESIAN_POINT ( 'NONE',  ( -0.1144936063681473021, -0.02458512599876982660, 0.001000000000000000021 ) ) ;
#4705 = CARTESIAN_POINT ( 'NONE',  ( -0.01571311856326925924, -0.02458512599876982660, 0.000000000000000000 ) ) ;
#4706 = ADVANCED_FACE ( 'NONE', ( #3084 ), #3146, .F. ) ;
#4707 = VERTEX_POINT ( 'NONE', #4523 ) ;
#4708 = ORIENTED_EDGE ( 'NONE', *, *, #1880, .F. ) ;
#4709 = EDGE_CURVE ( 'NONE', #4826, #1575, #4058, .T. ) ;
#4710 = VECTOR ( 'NONE', #4602, 1000.000000000000000 ) ;
#4711 = CARTESIAN_POINT ( 'NONE',  ( 0.02087224729038928209, -0.01650585770608689953, 0.000000000000000000 ) ) ;
#4712 = ORIENTED_EDGE ( 'NONE', *, *, #4386, .F. ) ;
#4713 = SURFACE_STYLE_FILL_AREA ( #1891 ) ;
#4714 =( GEOMETRIC_REPRESENTATION_CONTEXT ( 3 ) GLOBAL_UNCERTAINTY_ASSIGNED_CONTEXT ( ( #1045 ) ) GLOBAL_UNIT_ASSIGNED_CONTEXT ( ( #302, #5445, #3130 ) ) REPRESENTATION_CONTEXT ( 'NONE', 'WORKASPACE' ) );
#4715 = COLOUR_RGB ( '',0.1019607843137254888, 0.1019607843137254888, 0.1019607843137254888 ) ;
#4716 = FILL_AREA_STYLE_COLOUR ( '', #4274 ) ;
#4717 = ORIENTED_EDGE ( 'NONE', *, *, #874, .F. ) ;
#4718 = ORIENTED_EDGE ( 'NONE', *, *, #1623, .T. ) ;
#4719 = EDGE_CURVE ( 'NONE', #5392, #4826, #3496, .T. ) ;
#4720 = FILL_AREA_STYLE_COLOUR ( '', #5985 ) ;
#4721 =( LENGTH_UNIT ( ) NAMED_UNIT ( * ) SI_UNIT ( .MILLI., .METRE. ) );
#4722 = DIRECTION ( 'NONE',  ( 9.680376540049147084E-17, 1.000000000000000000, 0.000000000000000000 ) ) ;
#4723 = CARTESIAN_POINT ( 'NONE',  ( -0.09157058807546437917, 0.01931731302562042160, 0.001000000000000000021 ) ) ;
#4724 = SURFACE_SIDE_STYLE ('',( #5683 ) ) ;
#4725 = CARTESIAN_POINT ( 'NONE',  ( 0.1500000000000000500, 0.1400000000000000411, 1.694065894508600678E-18 ) ) ;
#4726 = VECTOR ( 'NONE', #2435, 1000.000000000000000 ) ;
#4727 = FILL_AREA_STYLE_COLOUR ( '', #586 ) ;
#4728 =( NAMED_UNIT ( * ) PLANE_ANGLE_UNIT ( ) SI_UNIT ( $, .RADIAN. ) );
#4729 = CARTESIAN_POINT ( 'NONE',  ( -0.09105425174174093528, 0.01734622166403974181, 0.001000000000000000021 ) ) ;
#4730 = SURFACE_STYLE_FILL_AREA ( #4377 ) ;
#4731 = DIRECTION ( 'NONE',  ( 1.000000000000000000, 0.000000000000000000, 0.000000000000000000 ) ) ;
#4732 = SURFACE_STYLE_FILL_AREA ( #5108 ) ;
#4733 = STYLED_ITEM ( 'NONE', ( #2026 ), #1439 ) ;
#4734 = VERTEX_POINT ( 'NONE', #2214 ) ;
#4735 = VECTOR ( 'NONE', #4686, 1000.000000000000000 ) ;
#4736 = VERTEX_POINT ( 'NONE', #5036 ) ;
#4737 = EDGE_CURVE ( 'NONE', #4871, #3900, #1726, .T. ) ;
#4738 = AXIS2_PLACEMENT_3D ( 'NONE', #5318, #712, #5842 ) ;
#4739 = DIRECTION ( 'NONE',  ( 0.000000000000000000, 1.000000000000000000, 0.000000000000000000 ) ) ;
#4740 = DIRECTION ( 'NONE',  ( 0.000000000000000000, 1.000000000000000000, 0.000000000000000000 ) ) ;
#4741 = SURFACE_STYLE_USAGE ( .BOTH. , #620 ) ;
#4742 = ORIENTED_EDGE ( 'NONE', *, *, #1249, .T. ) ;
#4743 = CARTESIAN_POINT ( 'NONE',  ( 0.2000000000000000389, -0.1400000000000000411, 0.2900000000000000355 ) ) ;
#4744 = DIRECTION ( 'NONE',  ( 0.000000000000000000, -0.000000000000000000, -1.000000000000000000 ) ) ;
#4745 = DIRECTION ( 'NONE',  ( -1.000000000000000000, -9.680376540049147084E-17, 0.000000000000000000 ) ) ;
#4746 = ORIENTED_EDGE ( 'NONE', *, *, #5979, .T. ) ;
#4747 =( LENGTH_UNIT ( ) NAMED_UNIT ( * ) SI_UNIT ( .MILLI., .METRE. ) );
#4748 = SURFACE_SIDE_STYLE ('',( #5677 ) ) ;
#4749 = CYLINDRICAL_SURFACE ( 'NONE', #4026, 0.01000000000000002623 ) ;
#4750 = CARTESIAN_POINT ( 'NONE',  ( -0.3000000000000000444, 0.1399999999999999301, 0.2899999999999999245 ) ) ;
#4751 = PLANE ( 'NONE',  #2507 ) ;
#4752 = LINE ( 'NONE', #2960, #564 ) ;
#4753 = ORIENTED_EDGE ( 'NONE', *, *, #2465, .T. ) ;
#4754 =( NAMED_UNIT ( * ) PLANE_ANGLE_UNIT ( ) SI_UNIT ( $, .RADIAN. ) );
#4755 = VECTOR ( 'NONE', #1900, 1000.000000000000000 ) ;
#4756 = CARTESIAN_POINT ( 'NONE',  ( 0.08123810094892587597, -0.01909732112072104818, 0.001000000000000000021 ) ) ;
#4757 = FILL_AREA_STYLE_COLOUR ( '', #4084 ) ;
#4758 = PLANE ( 'NONE',  #1752 ) ;
#4759 = PLANE ( 'NONE',  #3098 ) ;
#4760 = ADVANCED_FACE ( 'NONE', ( #3576 ), #5005, .T. ) ;
#4761 = CARTESIAN_POINT ( 'NONE',  ( 0.004408832656242948553, 0.01992706912318139775, 0.001000000000000000021 ) ) ;
#4762 = UNCERTAINTY_MEASURE_WITH_UNIT (LENGTH_MEASURE( 1.000000000000000082E-05 ), #4626, 'distance_accuracy_value', 'NONE');
#4763 = AXIS2_PLACEMENT_3D ( 'NONE', #517, #4187, #484 ) ;
#4764 = VERTEX_POINT ( 'NONE', #4122 ) ;
#4765 = VERTEX_POINT ( 'NONE', #3664 ) ;
#4766 = SURFACE_SIDE_STYLE ('',( #825 ) ) ;
#4767 = CARTESIAN_POINT ( 'NONE',  ( 0.2000000000000000389, 0.1399999999999999301, 0.2800000000000000266 ) ) ;
#4768 = CARTESIAN_POINT ( 'NONE',  ( 0.02087224729038928209, 0.01733560570854724911, 0.000000000000000000 ) ) ;
#4769 = MECHANICAL_DESIGN_GEOMETRIC_PRESENTATION_REPRESENTATION (  '', ( #2904 ), #1931 ) ;
#4770 = ORIENTED_EDGE ( 'NONE', *, *, #3775, .F. ) ;
#4771 = PRESENTATION_STYLE_ASSIGNMENT (( #5642 ) ) ;
#4772 = CARTESIAN_POINT ( 'NONE',  ( -0.03906487161204973829, -0.02458512599876982660, 0.001000000000000000021 ) ) ;
#4773 = FILL_AREA_STYLE_COLOUR ( '', #3449 ) ;
#4774 = EDGE_CURVE ( 'NONE', #4978, #4436, #3477, .T. ) ;
#4775 = FILL_AREA_STYLE ('',( #3338 ) ) ;
#4776 = FILL_AREA_STYLE_COLOUR ( '', #3687 ) ;
#4777 = CARTESIAN_POINT ( 'NONE',  ( 0.1600000000000000311, 0.1400000000000000411, 1.694065894508600678E-18 ) ) ;
#4778 = DIRECTION ( 'NONE',  ( -0.000000000000000000, 0.000000000000000000, 1.000000000000000000 ) ) ;
#4779 =( NAMED_UNIT ( * ) SI_UNIT ( $, .STERADIAN. ) SOLID_ANGLE_UNIT ( ) );
#4780 = CARTESIAN_POINT ( 'NONE',  ( 0.2899999999999999800, -0.1400000000000000411, 0.2799999999999998601 ) ) ;
#4781 = CARTESIAN_POINT ( 'NONE',  ( -0.03217653319741560491, 0.01992706912318139775, 0.001000000000000000021 ) ) ;
#4782 = ORIENTED_EDGE ( 'NONE', *, *, #4077, .T. ) ;
#4783 =( NAMED_UNIT ( * ) PLANE_ANGLE_UNIT ( ) SI_UNIT ( $, .RADIAN. ) );
#4784 =( NAMED_UNIT ( * ) SI_UNIT ( $, .STERADIAN. ) SOLID_ANGLE_UNIT ( ) );
#4785 = DIRECTION ( 'NONE',  ( -0.000000000000000000, -1.000000000000000000, -0.000000000000000000 ) ) ;
#4786 = CARTESIAN_POINT ( 'NONE',  ( 0.05091416799755696387, 0.01875234866158748126, 0.001000000000000000021 ) ) ;
#4787 = EDGE_LOOP ( 'NONE', ( #2747, #5546, #4081 ) ) ;
#4788 = ORIENTED_EDGE ( 'NONE', *, *, #1973, .T. ) ;
#4789 = UNCERTAINTY_MEASURE_WITH_UNIT (LENGTH_MEASURE( 1.000000000000000082E-05 ), #19, 'distance_accuracy_value', 'NONE');
#4790 = EDGE_CURVE ( 'NONE', #5070, #4352, #776, .T. ) ;
#4791 = PRESENTATION_STYLE_ASSIGNMENT (( #2921 ) ) ;
#4792 = STYLED_ITEM ( 'NONE', ( #5017 ), #1141 ) ;
#4793 = EDGE_CURVE ( 'NONE', #4093, #2965, #2159, .T. ) ;
#4794 = FILL_AREA_STYLE_COLOUR ( '', #894 ) ;
#4795 = MECHANICAL_DESIGN_GEOMETRIC_PRESENTATION_REPRESENTATION (  '', ( #856 ), #5076 ) ;
#4796 = VECTOR ( 'NONE', #3191, 1000.000000000000000 ) ;
#4797 = EDGE_CURVE ( 'NONE', #6046, #1963, #5893, .T. ) ;
#4798 = VERTEX_POINT ( 'NONE', #3581 ) ;
#4799 = LINE ( 'NONE', #570, #1091 ) ;
#4800 = CARTESIAN_POINT ( 'NONE',  ( -0.05828924330543427262, -0.01761847234298149004, 0.001000000000000000021 ) ) ;
#4801 = CIRCLE ( 'NONE', #2543, 0.01000000000000002623 ) ;
#4802 = UNCERTAINTY_MEASURE_WITH_UNIT (LENGTH_MEASURE( 1.000000000000000082E-05 ), #1266, 'distance_accuracy_value', 'NONE');
#4803 = LINE ( 'NONE', #2499, #888 ) ;
#4804 = CARTESIAN_POINT ( 'NONE',  ( 0.05134616117593172185, -0.0008497228689242396563, -0.000000000000000000 ) ) ;
#4805 = DIRECTION ( 'NONE',  ( -1.000000000000000000, 0.000000000000000000, 0.000000000000000000 ) ) ;
#4806 = SURFACE_STYLE_USAGE ( .BOTH. , #4096 ) ;
#4807 = COLOUR_RGB ( '',0.6666666666666666297, 0.6980392156862744724, 0.7686274509803920907 ) ;
#4808 = MECHANICAL_DESIGN_GEOMETRIC_PRESENTATION_REPRESENTATION (  '', ( #2460 ), #3249 ) ;
#4809 = DIRECTION ( 'NONE',  ( 1.000000000000000000, -9.680376540049147084E-17, -0.000000000000000000 ) ) ;
#4810 = FILL_AREA_STYLE_COLOUR ( '', #4201 ) ;
#4811 = EDGE_CURVE ( 'NONE', #1287, #1819, #4065, .T. ) ;
#4812 = CARTESIAN_POINT ( 'NONE',  ( -0.04494025701305292414, 0.02504930670587728406, 0.001000000000000000021 ) ) ;
#4813 = ORIENTED_EDGE ( 'NONE', *, *, #3941, .F. ) ;
#4814 = UNCERTAINTY_MEASURE_WITH_UNIT (LENGTH_MEASURE( 1.000000000000000082E-05 ), #3269, 'distance_accuracy_value', 'NONE');
#4815 = DIRECTION ( 'NONE',  ( -1.000000000000000000, 0.000000000000000000, 0.000000000000000000 ) ) ;
#4816 = PRESENTATION_STYLE_ASSIGNMENT (( #5284 ) ) ;
#4817 = ORIENTED_EDGE ( 'NONE', *, *, #4719, .T. ) ;
#4818 = EDGE_LOOP ( 'NONE', ( #3377, #3070, #5934, #2848 ) ) ;
#4819 = PRESENTATION_LAYER_ASSIGNMENT (  '', '', ( #5387 ) ) ;
#4820 = ADVANCED_FACE ( 'NONE', ( #897 ), #6020, .F. ) ;
#4821 = VERTEX_POINT ( 'NONE', #1732 ) ;
#4822 = MECHANICAL_DESIGN_GEOMETRIC_PRESENTATION_REPRESENTATION (  '', ( #1675 ), #890 ) ;
#4823 = CARTESIAN_POINT ( 'NONE',  ( -0.05635928572702612188, -0.01924475055041157887, 0.000000000000000000 ) ) ;
#4824 = SURFACE_STYLE_USAGE ( .BOTH. , #1509 ) ;
#4825 = CARTESIAN_POINT ( 'NONE',  ( -0.05431926160774282197, 0.02172061246543587759, 0.000000000000000000 ) ) ;
#4826 = VERTEX_POINT ( 'NONE', #2728 ) ;
#4827 = FILL_AREA_STYLE ('',( #192 ) ) ;
#4828 = CARTESIAN_POINT ( 'NONE',  ( 0.03370570765624295029, -0.01970707721828202086, 0.000000000000000000 ) ) ;
#4829 = PLANE ( 'NONE',  #1326 ) ;
#4830 = CARTESIAN_POINT ( 'NONE',  ( -0.04149755027638463850, -0.01904926589940055676, 0.001000000000000000021 ) ) ;
#4831 = CARTESIAN_POINT ( 'NONE',  ( 0.04936016071041594844, 0.01022232934929309493, 0.001000000000000000021 ) ) ;
#4832 = STYLED_ITEM ( 'NONE', ( #2399 ), #4068 ) ;
#4833 = DIRECTION ( 'NONE',  ( -1.000000000000000000, 0.000000000000000000, 0.000000000000000000 ) ) ;
#4834 = FACE_BOUND ( 'NONE', #4185, .T. ) ;
#4835 = ORIENTED_EDGE ( 'NONE', *, *, #3044, .T. ) ;
#4836 = DIRECTION ( 'NONE',  ( -0.000000000000000000, 1.210047067506143201E-16, -1.000000000000000000 ) ) ;
#4837 = PRESENTATION_STYLE_ASSIGNMENT (( #4894 ) ) ;
#4838 = CARTESIAN_POINT ( 'NONE',  ( -0.05895756387182943259, 0.003155461583717800254, 0.001000000000000000021 ) ) ;
#4839 = COLOUR_RGB ( '',0.1019607843137254888, 0.1019607843137254888, 0.1019607843137254888 ) ;
#4840 = CARTESIAN_POINT ( 'NONE',  ( 0.05321746269849937649, -0.01669550313201324798, 0.001000000000000000021 ) ) ;
#4841 = CARTESIAN_POINT ( 'NONE',  ( 0.2000000000000000389, -0.1400000000000000411, 0.2799999999999998601 ) ) ;
#4842 = EDGE_CURVE ( 'NONE', #2674, #5544, #822, .T. ) ;
#4843 = SURFACE_STYLE_FILL_AREA ( #1122 ) ;
#4844 =( LENGTH_UNIT ( ) NAMED_UNIT ( * ) SI_UNIT ( .MILLI., .METRE. ) );
#4845 = ORIENTED_EDGE ( 'NONE', *, *, #2378, .F. ) ;
#4846 = ORIENTED_EDGE ( 'NONE', *, *, #2115, .F. ) ;
#4847 = PRESENTATION_STYLE_ASSIGNMENT (( #1530 ) ) ;
#4848 = EDGE_CURVE ( 'NONE', #4893, #5287, #3119, .T. ) ;
#4849 = ORIENTED_EDGE ( 'NONE', *, *, #6054, .T. ) ;
#4850 = DIRECTION ( 'NONE',  ( 1.000000000000000000, -9.680376540049147084E-17, 0.000000000000000000 ) ) ;
#4851 = AXIS2_PLACEMENT_3D ( 'NONE', #3015, #255, #688 ) ;
#4852 =( LENGTH_UNIT ( ) NAMED_UNIT ( * ) SI_UNIT ( .MILLI., .METRE. ) );
#4853 = CARTESIAN_POINT ( 'NONE',  ( -0.06285268527417590956, 0.01322014298360684077, 0.000000000000000000 ) ) ;
#4854 = PRESENTATION_LAYER_ASSIGNMENT (  '', '', ( #5324 ) ) ;
#4855 = ORIENTED_EDGE ( 'NONE', *, *, #1591, .F. ) ;
#4856 = SURFACE_STYLE_FILL_AREA ( #2929 ) ;
#4857 = DIRECTION ( 'NONE',  ( -0.000000000000000000, 0.000000000000000000, -1.000000000000000000 ) ) ;
#4858 = CARTESIAN_POINT ( 'NONE',  ( 0.03434804140680379481, -0.01969052231408785492, 0.000000000000000000 ) ) ;
#4859 = VECTOR ( 'NONE', #1193, 1000.000000000000000 ) ;
#4860 = CARTESIAN_POINT ( 'NONE',  ( -0.2899999999999999800, 0.1499999999999999389, 0.000000000000000000 ) ) ;
#4861 =( GEOMETRIC_REPRESENTATION_CONTEXT ( 3 ) GLOBAL_UNCERTAINTY_ASSIGNED_CONTEXT ( ( #2887 ) ) GLOBAL_UNIT_ASSIGNED_CONTEXT ( ( #3456, #5330, #5273 ) ) REPRESENTATION_CONTEXT ( 'NONE', 'WORKASPACE' ) );
#4862 = PLANE ( 'NONE',  #457 ) ;
#4863 = LINE ( 'NONE', #4781, #5553 ) ;
#4864 = VECTOR ( 'NONE', #5054, 1000.000000000000000 ) ;
#4865 = EDGE_CURVE ( 'NONE', #5519, #4115, #4980, .T. ) ;
#4866 =( GEOMETRIC_REPRESENTATION_CONTEXT ( 3 ) GLOBAL_UNCERTAINTY_ASSIGNED_CONTEXT ( ( #2094 ) ) GLOBAL_UNIT_ASSIGNED_CONTEXT ( ( #1608, #1174, #268 ) ) REPRESENTATION_CONTEXT ( 'NONE', 'WORKASPACE' ) );
#4867 = SURFACE_STYLE_FILL_AREA ( #4066 ) ;
#4868 = CARTESIAN_POINT ( 'NONE',  ( -0.2000000000000000111, -0.1400000000000000411, 0.2900000000000000355 ) ) ;
#4869 = CARTESIAN_POINT ( 'NONE',  ( 0.02379804373199050083, -0.02341801040300478878, 0.000000000000000000 ) ) ;
#4870 = VERTEX_POINT ( 'NONE', #5558 ) ;
#4871 = VERTEX_POINT ( 'NONE', #4559 ) ;
#4872 = CIRCLE ( 'NONE', #661, 0.009999999999999998473 ) ;
#4873 =( NAMED_UNIT ( * ) SI_UNIT ( $, .STERADIAN. ) SOLID_ANGLE_UNIT ( ) );
#4874 = EDGE_CURVE ( 'NONE', #3926, #4736, #1119, .T. ) ;
#4875 = ADVANCED_FACE ( 'NONE', ( #1767 ), #2440, .T. ) ;
#4876 =( GEOMETRIC_REPRESENTATION_CONTEXT ( 3 ) GLOBAL_UNCERTAINTY_ASSIGNED_CONTEXT ( ( #1998 ) ) GLOBAL_UNIT_ASSIGNED_CONTEXT ( ( #903, #2700, #332 ) ) REPRESENTATION_CONTEXT ( 'NONE', 'WORKASPACE' ) );
#4877 = ORIENTED_EDGE ( 'NONE', *, *, #3775, .T. ) ;
#4878 = CARTESIAN_POINT ( 'NONE',  ( 0.03258146985136489010, 0.02053682522074237043, 0.001000000000000000021 ) ) ;
#4879 = CARTESIAN_POINT ( 'NONE',  ( -0.06285372628899252301, -0.01170163937352915358, 0.000000000000000000 ) ) ;
#4880 =( NAMED_UNIT ( * ) SI_UNIT ( $, .STERADIAN. ) SOLID_ANGLE_UNIT ( ) );
#4881 = VECTOR ( 'NONE', #560, 1000.000000000000000 ) ;
#4882 = AXIS2_PLACEMENT_3D ( 'NONE', #5716, #3370, #2011 ) ;
#4883 = ORIENTED_EDGE ( 'NONE', *, *, #707, .T. ) ;
#4884 =( LENGTH_UNIT ( ) NAMED_UNIT ( * ) SI_UNIT ( .MILLI., .METRE. ) );
#4885 = DIRECTION ( 'NONE',  ( -1.000000000000000000, 9.680376540049145852E-17, -0.000000000000000000 ) ) ;
#4886 = PRESENTATION_STYLE_ASSIGNMENT (( #3963 ) ) ;
#4887 = MECHANICAL_DESIGN_GEOMETRIC_PRESENTATION_REPRESENTATION (  '', ( #4102 ), #385 ) ;
#4888 = DIRECTION ( 'NONE',  ( -0.3536223923290756632, 0.9353882635801357148, 0.000000000000000000 ) ) ;
#4889 = CARTESIAN_POINT ( 'NONE',  ( -0.03217653319741560491, -0.01909732112072104818, 0.000000000000000000 ) ) ;
#4890 = PRODUCT ( 'L0201-RD', 'L0201-RD', '', ( #928 ) ) ;
#4891 = COLOUR_RGB ( '',0.1019607843137254888, 0.1019607843137254888, 0.1019607843137254888 ) ;
#4892 = ADVANCED_FACE ( 'NONE', ( #835 ), #5616, .T. ) ;
#4893 = VERTEX_POINT ( 'NONE', #3822 ) ;
#4894 = SURFACE_STYLE_USAGE ( .BOTH. , #5247 ) ;
#4895 = FACE_OUTER_BOUND ( 'NONE', #5513, .T. ) ;
#4896 = PRESENTATION_LAYER_ASSIGNMENT (  '', '', ( #3434 ) ) ;
#4897 = DIRECTION ( 'NONE',  ( 0.000000000000000000, 1.000000000000000000, 1.694065894508600925E-16 ) ) ;
#4898 = FILL_AREA_STYLE_COLOUR ( '', #2140 ) ;
#4899 = DIRECTION ( 'NONE',  ( -0.000000000000000000, -1.000000000000000000, -1.210047067506143201E-16 ) ) ;
#4900 = CARTESIAN_POINT ( 'NONE',  ( -0.2899999999999999800, -0.1400000000000000411, -3.388131789017201356E-17 ) ) ;
#4901 = ORIENTED_EDGE ( 'NONE', *, *, #2868, .T. ) ;
#4902 = VERTEX_POINT ( 'NONE', #1923 ) ;
#4903 = LINE ( 'NONE', #3444, #5673 ) ;
#4904 = VECTOR ( 'NONE', #885, 1000.000000000000000 ) ;
#4905 =( NAMED_UNIT ( * ) PLANE_ANGLE_UNIT ( ) SI_UNIT ( $, .RADIAN. ) );
#4906 = VECTOR ( 'NONE', #3978, 1000.000000000000000 ) ;
#4907 = ORIENTED_EDGE ( 'NONE', *, *, #3606, .F. ) ;
#4908 = LINE ( 'NONE', #2206, #1567 ) ;
#4909 =( NAMED_UNIT ( * ) SI_UNIT ( $, .STERADIAN. ) SOLID_ANGLE_UNIT ( ) );
#4910 = COLOUR_RGB ( '',0.6666666666666666297, 0.6980392156862744724, 0.7686274509803920907 ) ;
#4911 = FILL_AREA_STYLE ('',( #738 ) ) ;
#4912 = EDGE_LOOP ( 'NONE', ( #3513, #4567, #3748 ) ) ;
#4913 = FACE_OUTER_BOUND ( 'NONE', #1843, .T. ) ;
#4914 = DIRECTION ( 'NONE',  ( -1.000000000000000000, -9.680376540049147084E-17, -0.000000000000000000 ) ) ;
#4915 = CARTESIAN_POINT ( 'NONE',  ( -0.04746004916354465419, 0.02452012321543671491, 0.000000000000000000 ) ) ;
#4916 = UNCERTAINTY_MEASURE_WITH_UNIT (LENGTH_MEASURE( 1.000000000000000082E-05 ), #5506, 'distance_accuracy_value', 'NONE');
#4917 = FILL_AREA_STYLE ('',( #4591 ) ) ;
#4918 = DIRECTION ( 'NONE',  ( 0.000000000000000000, 1.000000000000000000, 1.694065894508600925E-16 ) ) ;
#4919 = CARTESIAN_POINT ( 'NONE',  ( 0.000000000000000000, 0.000000000000000000, 0.000000000000000000 ) ) ;
#4920 = ORIENTED_EDGE ( 'NONE', *, *, #751, .T. ) ;
#4921 =( LENGTH_UNIT ( ) NAMED_UNIT ( * ) SI_UNIT ( .MILLI., .METRE. ) );
#4922 =( NAMED_UNIT ( * ) SI_UNIT ( $, .STERADIAN. ) SOLID_ANGLE_UNIT ( ) );
#4923 = CARTESIAN_POINT ( 'NONE',  ( 0.04738818418259561210, 0.01351997388719446483, 0.001000000000000000021 ) ) ;
#4924 = CARTESIAN_POINT ( 'NONE',  ( 0.05721647688942845672, -0.008247814995778620165, 0.000000000000000000 ) ) ;
#4925 = FILL_AREA_STYLE ('',( #298 ) ) ;
#4926 = LINE ( 'NONE', #4005, #4906 ) ;
#4927 = CARTESIAN_POINT ( 'NONE',  ( -0.09163992287558407612, 0.01893294432707074218, 0.001000000000000000021 ) ) ;
#4928 = ORIENTED_EDGE ( 'NONE', *, *, #2137, .F. ) ;
#4929 = ORIENTED_EDGE ( 'NONE', *, *, #1503, .F. ) ;
#4930 = VECTOR ( 'NONE', #309, 1000.000000000000000 ) ;
#4931 = DIRECTION ( 'NONE',  ( 1.000000000000000000, 0.000000000000000000, -0.000000000000000000 ) ) ;
#4932 = CARTESIAN_POINT ( 'NONE',  ( 0.3000000000000000444, 0.1399999999999999301, -0.01000000000000000021 ) ) ;
#4933 = EDGE_CURVE ( 'NONE', #3728, #2675, #2373, .T. ) ;
#4934 =( LENGTH_UNIT ( ) NAMED_UNIT ( * ) SI_UNIT ( .MILLI., .METRE. ) );
#4935 = COLOUR_RGB ( '',1.000000000000000000, 1.000000000000000000, 1.000000000000000000 ) ;
#4936 = CARTESIAN_POINT ( 'NONE',  ( 0.1500000000000000222, -0.1300000000000000044, -3.097720492815727659E-17 ) ) ;
#4937 = VERTEX_POINT ( 'NONE', #2900 ) ;
#4938 = CARTESIAN_POINT ( 'NONE',  ( 0.1500000000000000500, 0.1400000000000000411, 1.694065894508600678E-18 ) ) ;
#4939 = B_SPLINE_SURFACE_WITH_KNOTS ( 'NONE', 3, 1, ( 
 ( #1924, #2587 ),
 ( #606, #220 ),
 ( #1569, #1595 ),
 ( #3016, #5326 ),
 ( #5270, #2062 ),
 ( #3451, #112 ),
 ( #629, #5296 ),
 ( #2007, #1978 ),
 ( #1513, #3393 ),
 ( #3936, #1111 ),
 ( #2990, #3854 ),
 ( #657, #2091 ),
 ( #2529, #3480 ),
 ( #5241, #3882 ),
 ( #3050, #2475 ),
 ( #5740, #1540 ),
 ( #3425, #1084 ),
 ( #2958, #4858 ),
 ( #165, #4828 ) ),
 .UNSPECIFIED., .F., .F., .F.,
 ( 4, 1, 1, 1, 1, 1, 1, 1, 1, 1, 1, 1, 1, 1, 1, 1, 4 ),
 ( 2, 2 ),
 ( 0.000000000000000000, 0.07377411937406359865, 0.1440791147260413463, 0.2113485183089115205, 0.2760768857398838150, 0.3385209158196766377, 0.3998851166931335910, 0.4602540674652130792, 0.5205889643912479103, 0.5802076845630442792, 0.6386329085525459526, 0.6963645494905239541, 0.7540017746600128357, 0.8128056813744979348, 0.8727544255255602623, 0.9351819969782669828, 0.9999999999999998890 ),
 ( 0.000000000000000000, 1.000000000000000000 ),
 .UNSPECIFIED. ) ;
#4940 = CARTESIAN_POINT ( 'NONE',  ( 0.02087224729038928209, 0.02404292278171798330, 0.001000000000000000021 ) ) ;
#4941 = DIRECTION ( 'NONE',  ( 0.000000000000000000, 0.000000000000000000, -1.000000000000000000 ) ) ;
#4942 = AXIS2_PLACEMENT_3D ( 'NONE', #5988, #1797, #1324 ) ;
#4943 = PRESENTATION_STYLE_ASSIGNMENT (( #2649 ) ) ;
#4944 = DIRECTION ( 'NONE',  ( 9.680376540049147084E-17, -1.000000000000000000, -1.936075308009829417E-16 ) ) ;
#4945 = PRESENTATION_STYLE_ASSIGNMENT (( #2993 ) ) ;
#4946 = FILL_AREA_STYLE ('',( #259 ) ) ;
#4947 = CARTESIAN_POINT ( 'NONE',  ( 0.02131626657177722317, 0.01759361435812120331, 0.001000000000000000021 ) ) ;
#4948 = CARTESIAN_POINT ( 'NONE',  ( -0.05208028505002085945, -0.02189280744651419738, 0.000000000000000000 ) ) ;
#4949 = ADVANCED_FACE ( 'NONE', ( #2341 ), #1512, .T. ) ;
#4950 = ORIENTED_EDGE ( 'NONE', *, *, #1355, .F. ) ;
#4951 = CARTESIAN_POINT ( 'NONE',  ( 0.05134273644446583906, 0.0006536419630052394064, 0.001000000000000000021 ) ) ;
#4952 = FILL_AREA_STYLE ('',( #749 ) ) ;
#4953 = AXIS2_PLACEMENT_3D ( 'NONE', #3255, #2792, #488 ) ;
#4954 = SURFACE_STYLE_FILL_AREA ( #4925 ) ;
#4955 = CARTESIAN_POINT ( 'NONE',  ( -0.3000000000000000444, -0.1400000000000000411, -5.421010862427522170E-17 ) ) ;
#4956 = CARTESIAN_POINT ( 'NONE',  ( -0.1500000000000000222, -0.1399999999999999856, -3.218725199566341288E-17 ) ) ;
#4957 = DIRECTION ( 'NONE',  ( 0.000000000000000000, -0.000000000000000000, -1.000000000000000000 ) ) ;
#4958 = ORIENTED_EDGE ( 'NONE', *, *, #1857, .T. ) ;
#4959 = VECTOR ( 'NONE', #175, 1000.000000000000000 ) ;
#4960 = SURFACE_STYLE_FILL_AREA ( #1616 ) ;
#4961 =( NAMED_UNIT ( * ) SI_UNIT ( $, .STERADIAN. ) SOLID_ANGLE_UNIT ( ) );
#4962 = DIRECTION ( 'NONE',  ( 0.000000000000000000, 0.000000000000000000, 1.000000000000000000 ) ) ;
#4963 = CARTESIAN_POINT ( 'NONE',  ( -0.04002785370916496499, -0.01908103567488159125, 0.000000000000000000 ) ) ;
#4964 = CARTESIAN_POINT ( 'NONE',  ( 0.01111614972941367581, 0.02541487400123018311, 0.001000000000000000021 ) ) ;
#4965 = EDGE_CURVE ( 'NONE', #525, #78, #3092, .T. ) ;
#4966 = ORIENTED_EDGE ( 'NONE', *, *, #3751, .T. ) ;
#4967 = EDGE_CURVE ( 'NONE', #4902, #4667, #3424, .T. ) ;
#4968 = ORIENTED_EDGE ( 'NONE', *, *, #4353, .T. ) ;
#4969 = VECTOR ( 'NONE', #406, 1000.000000000000000 ) ;
#4970 = SURFACE_SIDE_STYLE ('',( #1754 ) ) ;
#4971 = FILL_AREA_STYLE ('',( #4551 ) ) ;
#4972 =( NAMED_UNIT ( * ) SI_UNIT ( $, .STERADIAN. ) SOLID_ANGLE_UNIT ( ) );
#4973 = COLOUR_RGB ( '',0.1019607843137254888, 0.1019607843137254888, 0.1019607843137254888 ) ;
#4974 =( NAMED_UNIT ( * ) SI_UNIT ( $, .STERADIAN. ) SOLID_ANGLE_UNIT ( ) );
#4975 =( NAMED_UNIT ( * ) PLANE_ANGLE_UNIT ( ) SI_UNIT ( $, .RADIAN. ) );
#4976 = CARTESIAN_POINT ( 'NONE',  ( -0.3000000000000000444, -0.1400000000000000411, 0.2799999999999998601 ) ) ;
#4977 = CARTESIAN_POINT ( 'NONE',  ( 0.03370570765624295029, -0.01970707721828202086, 0.001000000000000000021 ) ) ;
#4978 = VERTEX_POINT ( 'NONE', #193 ) ;
#4979 = FACE_OUTER_BOUND ( 'NONE', #512, .T. ) ;
#4980 = LINE ( 'NONE', #1838, #5808 ) ;
#4981 = PRESENTATION_STYLE_ASSIGNMENT (( #4599 ) ) ;
#4982 = CARTESIAN_POINT ( 'NONE',  ( 0.05172804511675182376, -0.01845700848506715355, 0.000000000000000000 ) ) ;
#4983 = PLANE ( 'NONE',  #4181 ) ;
#4984 = CARTESIAN_POINT ( 'NONE',  ( 0.05172804511675182376, -0.01845700848506715355, 0.001000000000000000021 ) ) ;
#4985 = EDGE_CURVE ( 'NONE', #2675, #5605, #150, .T. ) ;
#4986 = LINE ( 'NONE', #5044, #5920 ) ;
#4987 = DIRECTION ( 'NONE',  ( 1.000000000000000000, 0.000000000000000000, 0.000000000000000000 ) ) ;
#4988 = ORIENTED_EDGE ( 'NONE', *, *, #4164, .F. ) ;
#4989 = STYLED_ITEM ( 'NONE', ( #2704 ), #5276 ) ;
#4990 = FILL_AREA_STYLE_COLOUR ( '', #4116 ) ;
#4991 = FILL_AREA_STYLE ('',( #2231 ) ) ;
#4992 = CARTESIAN_POINT ( 'NONE',  ( -0.04930156634129603116, -0.01707204031619050447, 0.000000000000000000 ) ) ;
#4993 =( GEOMETRIC_REPRESENTATION_CONTEXT ( 3 ) GLOBAL_UNCERTAINTY_ASSIGNED_CONTEXT ( ( #77 ) ) GLOBAL_UNIT_ASSIGNED_CONTEXT ( ( #2264, #4168, #2356 ) ) REPRESENTATION_CONTEXT ( 'NONE', 'WORKASPACE' ) );
#4994 =( GEOMETRIC_REPRESENTATION_CONTEXT ( 3 ) GLOBAL_UNCERTAINTY_ASSIGNED_CONTEXT ( ( #4652 ) ) GLOBAL_UNIT_ASSIGNED_CONTEXT ( ( #2080, #5835, #5381 ) ) REPRESENTATION_CONTEXT ( 'NONE', 'WORKASPACE' ) );
#4995 = ORIENTED_EDGE ( 'NONE', *, *, #4209, .F. ) ;
#4996 = ORIENTED_EDGE ( 'NONE', *, *, #5763, .T. ) ;
#4997 = CARTESIAN_POINT ( 'NONE',  ( 0.02134141682913874918, -0.02225262506763032999, 0.001000000000000000021 ) ) ;
#4998 = ADVANCED_FACE ( 'NONE', ( #4913 ), #2118, .T. ) ;
#4999 = CARTESIAN_POINT ( 'NONE',  ( -0.05870975316176003933, 0.005314511977076996629, 0.000000000000000000 ) ) ;
#5000 = ORIENTED_EDGE ( 'NONE', *, *, #1574, .T. ) ;
#5001 = CARTESIAN_POINT ( 'NONE',  ( 0.03263863448551124202, 0.02602463009879115233, 0.001000000000000000021 ) ) ;
#5002 = FILL_AREA_STYLE_COLOUR ( '', #2003 ) ;
#5003 = CARTESIAN_POINT ( 'NONE',  ( 0.02127025346592198093, 0.02420448226326165492, -0.000000000000000000 ) ) ;
#5004 = AXIS2_PLACEMENT_3D ( 'NONE', #2097, #4836, #3999 ) ;
#5005 = CYLINDRICAL_SURFACE ( 'NONE', #4942, 0.01000000000000002623 ) ;
#5006 = AXIS2_PLACEMENT_3D ( 'NONE', #4780, #2908, #5674 ) ;
#5007 = CARTESIAN_POINT ( 'NONE',  ( -0.05429554391301764926, -0.02069109116340708820, 0.000000000000000000 ) ) ;
#5008 = ORIENTED_EDGE ( 'NONE', *, *, #624, .F. ) ;
#5009 = FILL_AREA_STYLE_COLOUR ( '', #4030 ) ;
#5010 = MECHANICAL_DESIGN_GEOMETRIC_PRESENTATION_REPRESENTATION (  '', ( #2670 ), #24 ) ;
#5011 = FILL_AREA_STYLE_COLOUR ( '', #5037 ) ;
#5012 = CARTESIAN_POINT ( 'NONE',  ( 0.05107149277030275519, 0.004354400910871696236, 0.000000000000000000 ) ) ;
#5013 = FILL_AREA_STYLE_COLOUR ( '', #4609 ) ;
#5014 = LINE ( 'NONE', #3640, #4677 ) ;
#5015 = DIRECTION ( 'NONE',  ( 0.000000000000000000, 1.000000000000000000, 0.000000000000000000 ) ) ;
#5016 = ORIENTED_EDGE ( 'NONE', *, *, #3126, .F. ) ;
#5017 = PRESENTATION_STYLE_ASSIGNMENT (( #1844 ) ) ;
#5018 = CARTESIAN_POINT ( 'NONE',  ( -0.04363937810360978692, -0.01879697581875370768, 0.000000000000000000 ) ) ;
#5019 = ADVANCED_FACE ( 'NONE', ( #2930 ), #3049, .T. ) ;
#5020 = CARTESIAN_POINT ( 'NONE',  ( -0.05700189932203005710, -0.009294487917743678509, 0.000000000000000000 ) ) ;
#5021 = LINE ( 'NONE', #818, #4969 ) ;
#5022 =( GEOMETRIC_REPRESENTATION_CONTEXT ( 3 ) GLOBAL_UNCERTAINTY_ASSIGNED_CONTEXT ( ( #4294 ) ) GLOBAL_UNIT_ASSIGNED_CONTEXT ( ( #3416, #1077, #4909 ) ) REPRESENTATION_CONTEXT ( 'NONE', 'WORKASPACE' ) );
#5023 = UNCERTAINTY_MEASURE_WITH_UNIT (LENGTH_MEASURE( 1.000000000000000082E-05 ), #2183, 'distance_accuracy_value', 'NONE');
#5024 = ORIENTED_EDGE ( 'NONE', *, *, #5710, .F. ) ;
#5025 = EDGE_CURVE ( 'NONE', #1932, #4685, #1654, .T. ) ;
#5026 = UNCERTAINTY_MEASURE_WITH_UNIT (LENGTH_MEASURE( 1.000000000000000082E-05 ), #5930, 'distance_accuracy_value', 'NONE');
#5027 = CARTESIAN_POINT ( 'NONE',  ( 0.03395626955992919749, -0.02518698190581115590, 0.000000000000000000 ) ) ;
#5028 = EDGE_CURVE ( 'NONE', #4667, #3949, #6010, .T. ) ;
#5029 = CARTESIAN_POINT ( 'NONE',  ( 0.03015586361119986306, -0.01952312141390606659, 0.000000000000000000 ) ) ;
#5030 = PRESENTATION_STYLE_ASSIGNMENT (( #5548 ) ) ;
#5031 = EDGE_LOOP ( 'NONE', ( #2267, #819, #745, #2335 ) ) ;
#5032 = VECTOR ( 'NONE', #4528, 1000.000000000000000 ) ;
#5033 = SURFACE_SIDE_STYLE ('',( #764 ) ) ;
#5034 = SURFACE_SIDE_STYLE ('',( #741 ) ) ;
#5035 = DIRECTION ( 'NONE',  ( 9.680376540049145852E-17, 1.000000000000000000, 1.210047067506143201E-16 ) ) ;
#5036 = CARTESIAN_POINT ( 'NONE',  ( 0.2000000000000000111, 0.1400000000000000411, -0.009999999999999998473 ) ) ;
#5037 = COLOUR_RGB ( '',0.6666666666666666297, 0.6980392156862744724, 0.7686274509803920907 ) ;
#5038 = SURFACE_SIDE_STYLE ('',( #772 ) ) ;
#5039 = VERTEX_POINT ( 'NONE', #315 ) ;
#5040 = PLANE ( 'NONE',  #1487 ) ;
#5041 = CARTESIAN_POINT ( 'NONE',  ( -0.01327409417302535810, -0.002024150389013728082, 0.000000000000000000 ) ) ;
#5042 = CARTESIAN_POINT ( 'NONE',  ( 0.04936016071041594844, 0.01022232934929309493, 0.000000000000000000 ) ) ;
#5043 = VECTOR ( 'NONE', #3800, 1000.000000000000000 ) ;
#5044 = CARTESIAN_POINT ( 'NONE',  ( 0.02087224729038928209, 0.02404292278171798330, 0.001000000000000000021 ) ) ;
#5045 = B_SPLINE_CURVE_WITH_KNOTS ( 'NONE', 3,
 ( #1601, #2447, #3915, #1954, #5743, #2565, #1543, #2066, #2909, #2963, #1984, #2995, #116, #3830, #3888, #5686, #582, #4404, #4341 ),
 .UNSPECIFIED., .F., .F.,
 ( 4, 1, 1, 1, 1, 1, 1, 1, 1, 1, 1, 1, 1, 1, 1, 1, 4 ),
 ( 0.000000000000000000, 0.07064371857535413357, 0.1382567155089046429, 0.2033641242175800723, 0.2663240938030566052, 0.3279047615429893092, 0.3887377151730921909, 0.4494235281093022505, 0.5108610114593156171, 0.5720793960475145656, 0.6317344287314451412, 0.6911172105788376818, 0.7503600294901705547, 0.8100329005312619790, 0.8713624508287362014, 0.9344271412311534464, 1.000000000000000000 ),
 .UNSPECIFIED. ) ;
#5046 = MECHANICAL_DESIGN_GEOMETRIC_PRESENTATION_REPRESENTATION (  '', ( #828 ), #3394 ) ;
#5047 = ADVANCED_FACE ( 'NONE', ( #4517 ), #5804, .T. ) ;
#5048 =( GEOMETRIC_REPRESENTATION_CONTEXT ( 3 ) GLOBAL_UNCERTAINTY_ASSIGNED_CONTEXT ( ( #5697 ) ) GLOBAL_UNIT_ASSIGNED_CONTEXT ( ( #269, #2130, #5469 ) ) REPRESENTATION_CONTEXT ( 'NONE', 'WORKASPACE' ) );
#5049 = VERTEX_POINT ( 'NONE', #4118 ) ;
#5050 = PLANE ( 'NONE',  #482 ) ;
#5051 = FACE_OUTER_BOUND ( 'NONE', #5913, .T. ) ;
#5052 = VECTOR ( 'NONE', #658, 1000.000000000000000 ) ;
#5053 =( GEOMETRIC_REPRESENTATION_CONTEXT ( 3 ) GLOBAL_UNCERTAINTY_ASSIGNED_CONTEXT ( ( #5104 ) ) GLOBAL_UNIT_ASSIGNED_CONTEXT ( ( #2685, #4553, #351 ) ) REPRESENTATION_CONTEXT ( 'NONE', 'WORKASPACE' ) );
#5054 = DIRECTION ( 'NONE',  ( -0.000000000000000000, -0.000000000000000000, -1.000000000000000000 ) ) ;
#5055 = SURFACE_SIDE_STYLE ('',( #2705 ) ) ;
#5056 =( NAMED_UNIT ( * ) SI_UNIT ( $, .STERADIAN. ) SOLID_ANGLE_UNIT ( ) );
#5057 = DIRECTION ( 'NONE',  ( 0.000000000000000000, -1.000000000000000000, 0.000000000000000000 ) ) ;
#5058 = ORIENTED_EDGE ( 'NONE', *, *, #643, .F. ) ;
#5059 = ORIENTED_EDGE ( 'NONE', *, *, #1623, .F. ) ;
#5060 = CARTESIAN_POINT ( 'NONE',  ( -0.09195084663666984459, 0.01725203574533821019, 0.000000000000000000 ) ) ;
#5061 = ADVANCED_FACE ( 'NONE', ( #5983 ), #1794, .T. ) ;
#5062 = UNCERTAINTY_MEASURE_WITH_UNIT (LENGTH_MEASURE( 1.000000000000000082E-05 ), #4884, 'distance_accuracy_value', 'NONE');
#5063 = EDGE_CURVE ( 'NONE', #5614, #3355, #5582, .T. ) ;
#5064 = CARTESIAN_POINT ( 'NONE',  ( 0.03069291577952058467, -0.02501280926838061677, 0.001000000000000000021 ) ) ;
#5065 = ORIENTED_EDGE ( 'NONE', *, *, #2157, .T. ) ;
#5066 = PRESENTATION_STYLE_ASSIGNMENT (( #5455 ) ) ;
#5067 = ADVANCED_FACE ( 'NONE', ( #2367 ), #571, .F. ) ;
#5068 = STYLED_ITEM ( 'NONE', ( #4536 ), #715 ) ;
#5069 = DIRECTION ( 'NONE',  ( 1.000000000000000000, 0.000000000000000000, 0.000000000000000000 ) ) ;
#5070 = VERTEX_POINT ( 'NONE', #4743 ) ;
#5071 = ORIENTED_EDGE ( 'NONE', *, *, #245, .F. ) ;
#5072 = VECTOR ( 'NONE', #5285, 1000.000000000000000 ) ;
#5073 = FILL_AREA_STYLE ('',( #4720 ) ) ;
#5074 = SURFACE_STYLE_USAGE ( .BOTH. , #2691 ) ;
#5075 = CARTESIAN_POINT ( 'NONE',  ( -0.2000000000000000389, 0.1400000000000000411, 0.2800000000000000266 ) ) ;
#5076 =( GEOMETRIC_REPRESENTATION_CONTEXT ( 3 ) GLOBAL_UNCERTAINTY_ASSIGNED_CONTEXT ( ( #1784 ) ) GLOBAL_UNIT_ASSIGNED_CONTEXT ( ( #1651, #3568, #5391 ) ) REPRESENTATION_CONTEXT ( 'NONE', 'WORKASPACE' ) );
#5077 = PRESENTATION_LAYER_ASSIGNMENT (  '', '', ( #5845 ) ) ;
#5078 = SURFACE_SIDE_STYLE ('',( #3639 ) ) ;
#5079 = EDGE_CURVE ( 'NONE', #795, #1433, #5150, .T. ) ;
#5080 = AXIS2_PLACEMENT_3D ( 'NONE', #2294, #4260, #945 ) ;
#5081 = CARTESIAN_POINT ( 'NONE',  ( -0.06285372628899252301, -0.01170163937352915358, 0.001000000000000000021 ) ) ;
#5082 = SURFACE_STYLE_FILL_AREA ( #3312 ) ;
#5083 = SURFACE_SIDE_STYLE ('',( #3616 ) ) ;
#5084 = VECTOR ( 'NONE', #612, 1000.000000000000000 ) ;
#5085 = CYLINDRICAL_SURFACE ( 'NONE', #2635, 0.03034656252617936104 ) ;
#5086 = CARTESIAN_POINT ( 'NONE',  ( -0.05900580149009851394, 0.0009007733914740772251, 0.001000000000000000021 ) ) ;
#5087 = ORIENTED_EDGE ( 'NONE', *, *, #2554, .T. ) ;
#5088 = VERTEX_POINT ( 'NONE', #2432 ) ;
#5089 = SURFACE_STYLE_USAGE ( .BOTH. , #3238 ) ;
#5090 = STYLED_ITEM ( 'NONE', ( #4791 ), #2776 ) ;
#5091 = CARTESIAN_POINT ( 'NONE',  ( 0.02794310883110395771, 0.02011018980315107396, 0.001000000000000000021 ) ) ;
#5092 = ORIENTED_EDGE ( 'NONE', *, *, #4797, .T. ) ;
#5093 = FILL_AREA_STYLE_COLOUR ( '', #3243 ) ;
#5094 = FACE_OUTER_BOUND ( 'NONE', #3532, .T. ) ;
#5095 = FACE_OUTER_BOUND ( 'NONE', #2269, .T. ) ;
#5096 = AXIS2_PLACEMENT_3D ( 'NONE', #2866, #4740, #3326 ) ;
#5097 = DIRECTION ( 'NONE',  ( -1.112802568240965017E-32, -1.149544714130836139E-16, 1.000000000000000000 ) ) ;
#5098 = SURFACE_STYLE_USAGE ( .BOTH. , #2314 ) ;
#5099 =( NAMED_UNIT ( * ) PLANE_ANGLE_UNIT ( ) SI_UNIT ( $, .RADIAN. ) );
#5100 = CIRCLE ( 'NONE', #5004, 0.009999999999999998473 ) ;
#5101 = ORIENTED_EDGE ( 'NONE', *, *, #4719, .F. ) ;
#5102 = CARTESIAN_POINT ( 'NONE',  ( -0.07668872831936683621, -0.02458512599876982660, 0.001000000000000000021 ) ) ;
#5103 = CARTESIAN_POINT ( 'NONE',  ( 0.1500000000000000222, -0.1300000000000000044, -0.01000000000000003143 ) ) ;
#5104 = UNCERTAINTY_MEASURE_WITH_UNIT (LENGTH_MEASURE( 1.000000000000000082E-05 ), #2685, 'distance_accuracy_value', 'NONE');
#5105 = CARTESIAN_POINT ( 'NONE',  ( -0.06571311856326926548, 0.001043684976839931011, 0.001000000000000000021 ) ) ;
#5106 = SURFACE_STYLE_USAGE ( .BOTH. , #2743 ) ;
#5107 = CARTESIAN_POINT ( 'NONE',  ( 0.02523613493054476659, -0.01848157456955751982, 0.001000000000000000021 ) ) ;
#5108 = FILL_AREA_STYLE ('',( #1640 ) ) ;
#5109 = ORIENTED_EDGE ( 'NONE', *, *, #4774, .T. ) ;
#5110 = ORIENTED_EDGE ( 'NONE', *, *, #2579, .T. ) ;
#5111 = CARTESIAN_POINT ( 'NONE',  ( 0.03069291577952058467, -0.02501280926838061677, 0.001000000000000000021 ) ) ;
#5112 = FILL_AREA_STYLE ('',( #1854 ) ) ;
#5113 = DIRECTION ( 'NONE',  ( -0.000000000000000000, -0.000000000000000000, -1.000000000000000000 ) ) ;
#5114 = MECHANICAL_DESIGN_GEOMETRIC_PRESENTATION_REPRESENTATION (  '', ( #3468 ), #3373 ) ;
#5115 = ORIENTED_EDGE ( 'NONE', *, *, #4164, .T. ) ;
#5116 = CIRCLE ( 'NONE', #6007, 0.009999999999999998473 ) ;
#5117 = SURFACE_SIDE_STYLE ('',( #3299 ) ) ;
#5118 =( NAMED_UNIT ( * ) SI_UNIT ( $, .STERADIAN. ) SOLID_ANGLE_UNIT ( ) );
#5119 = DIRECTION ( 'NONE',  ( -0.000000000000000000, -0.000000000000000000, -1.000000000000000000 ) ) ;
#5120 = VERTEX_POINT ( 'NONE', #41 ) ;
#5121 = PRESENTATION_LAYER_ASSIGNMENT (  '', '', ( #3763 ) ) ;
#5122 = EDGE_LOOP ( 'NONE', ( #3803, #2517, #952, #2767 ) ) ;
#5123 = CARTESIAN_POINT ( 'NONE',  ( -0.04915249456770112713, 0.01809256481591878588, 0.001000000000000000021 ) ) ;
#5124 = DIRECTION ( 'NONE',  ( 0.000000000000000000, 0.000000000000000000, -1.000000000000000000 ) ) ;
#5125 = DIRECTION ( 'NONE',  ( 0.000000000000000000, -1.000000000000000000, 0.000000000000000000 ) ) ;
#5126 = DIRECTION ( 'NONE',  ( 0.000000000000000000, -0.000000000000000000, -1.000000000000000000 ) ) ;
#5127 = UNCERTAINTY_MEASURE_WITH_UNIT (LENGTH_MEASURE( 1.000000000000000082E-05 ), #3875, 'distance_accuracy_value', 'NONE');
#5128 = STYLED_ITEM ( 'NONE', ( #4943 ), #4018 ) ;
#5129 = DIRECTION ( 'NONE',  ( 0.000000000000000000, -1.000000000000000000, 0.000000000000000000 ) ) ;
#5130 =( LENGTH_UNIT ( ) NAMED_UNIT ( * ) SI_UNIT ( .MILLI., .METRE. ) );
#5131 = ADVANCED_FACE ( 'NONE', ( #4303 ), #6041, .T. ) ;
#5132 = DIRECTION ( 'NONE',  ( -0.000000000000000000, 0.000000000000000000, 1.000000000000000000 ) ) ;
#5133 = ADVANCED_FACE ( 'NONE', ( #4538 ), #1674, .T. ) ;
#5134 = FILL_AREA_STYLE_COLOUR ( '', #2237 ) ;
#5135 = VERTEX_POINT ( 'NONE', #5347 ) ;
#5136 = STYLED_ITEM ( 'NONE', ( #5791 ), #4998 ) ;
#5137 = CARTESIAN_POINT ( 'NONE',  ( 0.004408832656242948553, -0.01909732112072104818, 0.001000000000000000021 ) ) ;
#5138 = SURFACE_SIDE_STYLE ('',( #2197 ) ) ;
#5139 = FACE_OUTER_BOUND ( 'NONE', #6040, .T. ) ;
#5140 = DIRECTION ( 'NONE',  ( -0.000000000000000000, -0.000000000000000000, -1.000000000000000000 ) ) ;
#5141 = AXIS2_PLACEMENT_3D ( 'NONE', #5436, #4600, #2161 ) ;
#5142 = LINE ( 'NONE', #4704, #5043 ) ;
#5143 = AXIS2_PLACEMENT_3D ( 'NONE', #3405, #5252, #2018 ) ;
#5144 = ORIENTED_EDGE ( 'NONE', *, *, #1699, .F. ) ;
#5145 = DIRECTION ( 'NONE',  ( 0.000000000000000000, -1.210047067506143201E-16, 1.000000000000000000 ) ) ;
#5146 = AXIS2_PLACEMENT_3D ( 'NONE', #3884, #221, #166 ) ;
#5147 = MECHANICAL_DESIGN_GEOMETRIC_PRESENTATION_REPRESENTATION (  '', ( #2209 ), #4078 ) ;
#5148 = ADVANCED_FACE ( 'NONE', ( #2668 ), #4449, .F. ) ;
#5149 = ORIENTED_EDGE ( 'NONE', *, *, #4183, .F. ) ;
#5150 = LINE ( 'NONE', #513, #5468 ) ;
#5151 = CARTESIAN_POINT ( 'NONE',  ( -0.06571311856326926548, 0.001043684976839931011, 0.001000000000000000021 ) ) ;
#5152 = CARTESIAN_POINT ( 'NONE',  ( 0.04240968600421410328, -0.01766513775971134681, 0.001000000000000000021 ) ) ;
#5153 = EDGE_CURVE ( 'NONE', #3599, #4764, #334, .T. ) ;
#5154 = ORIENTED_EDGE ( 'NONE', *, *, #2248, .T. ) ;
#5155 = VERTEX_POINT ( 'NONE', #5703 ) ;
#5156 = PRESENTATION_LAYER_ASSIGNMENT (  '', '', ( #370 ) ) ;
#5157 = CARTESIAN_POINT ( 'NONE',  ( 0.02336536381795564776, 0.02492477399191892276, 0.001000000000000000021 ) ) ;
#5158 = DIRECTION ( 'NONE',  ( 0.000000000000000000, 1.000000000000000000, 0.000000000000000000 ) ) ;
#5159 = DIRECTION ( 'NONE',  ( 0.000000000000000000, -1.210047067506143201E-16, 1.000000000000000000 ) ) ;
#5160 = VECTOR ( 'NONE', #4987, 1000.000000000000000 ) ;
#5161 = ORIENTED_EDGE ( 'NONE', *, *, #2489, .F. ) ;
#5162 = FILL_AREA_STYLE_COLOUR ( '', #4639 ) ;
#5163 = CARTESIAN_POINT ( 'NONE',  ( -0.2899999999999999800, 0.1399999999999999301, 0.2799999999999999156 ) ) ;
#5164 = DIRECTION ( 'NONE',  ( 0.000000000000000000, -1.000000000000000000, 0.000000000000000000 ) ) ;
#5165 =( LENGTH_UNIT ( ) NAMED_UNIT ( * ) SI_UNIT ( .MILLI., .METRE. ) );
#5166 = CARTESIAN_POINT ( 'NONE',  ( 0.2999999999999999889, 0.1499999999999999389, 0.2799999999999999156 ) ) ;
#5167 = AXIS2_PLACEMENT_3D ( 'NONE', #2380, #2415, #2349 ) ;
#5168 = ORIENTED_EDGE ( 'NONE', *, *, #2059, .T. ) ;
#5169 = EDGE_LOOP ( 'NONE', ( #626, #794, #3408, #775 ) ) ;
#5170 = VECTOR ( 'NONE', #1523, 1000.000000000000000 ) ;
#5171 = DIRECTION ( 'NONE',  ( 0.000000000000000000, 1.000000000000000000, 0.000000000000000000 ) ) ;
#5172 = CARTESIAN_POINT ( 'NONE',  ( 0.004408832656242948553, 0.01992706912318139775, 0.000000000000000000 ) ) ;
#5173 = FILL_AREA_STYLE_COLOUR ( '', #5990 ) ;
#5174 = LINE ( 'NONE', #980, #3234 ) ;
#5175 = ORIENTED_EDGE ( 'NONE', *, *, #1086, .T. ) ;
#5176 = PRESENTATION_STYLE_ASSIGNMENT (( #130 ) ) ;
#5177 =( NAMED_UNIT ( * ) PLANE_ANGLE_UNIT ( ) SI_UNIT ( $, .RADIAN. ) );
#5178 = COLOUR_RGB ( '',0.6666666666666666297, 0.6980392156862744724, 0.7686274509803920907 ) ;
#5179 = AXIS2_PLACEMENT_3D ( 'NONE', #3660, #5665, #857 ) ;
#5180 = CARTESIAN_POINT ( 'NONE',  ( 0.1600000000000000033, -0.1399999999999999856, -0.01000000000000003317 ) ) ;
#5181 = ORIENTED_EDGE ( 'NONE', *, *, #3117, .T. ) ;
#5182 = VERTEX_POINT ( 'NONE', #600 ) ;
#5183 = VECTOR ( 'NONE', #3740, 1000.000000000000000 ) ;
#5184 = CARTESIAN_POINT ( 'NONE',  ( -0.05770401337576377965, 0.009193798074317012167, 0.000000000000000000 ) ) ;
#5185 = SURFACE_SIDE_STYLE ('',( #3730 ) ) ;
#5186 =( LENGTH_UNIT ( ) NAMED_UNIT ( * ) SI_UNIT ( .MILLI., .METRE. ) );
#5187 = CARTESIAN_POINT ( 'NONE',  ( -0.09060831673400097930, 0.01581121546464480873, 0.001000000000000000021 ) ) ;
#5188 = SURFACE_SIDE_STYLE ('',( #1021 ) ) ;
#5189 = EDGE_LOOP ( 'NONE', ( #5696, #2174, #4028, #4547 ) ) ;
#5190 = LINE ( 'NONE', #3796, #1322 ) ;
#5191 = CARTESIAN_POINT ( 'NONE',  ( 0.05805174181701861641, -0.001434415747027232690, 0.001000000000000000021 ) ) ;
#5192 = DIRECTION ( 'NONE',  ( 0.000000000000000000, 1.000000000000000000, 0.000000000000000000 ) ) ;
#5193 = CARTESIAN_POINT ( 'NONE',  ( 0.02133186379683110756, -0.01676473541498877881, 0.001000000000000000021 ) ) ;
#5194 = DIRECTION ( 'NONE',  ( 1.000000000000000000, -9.680376540049145852E-17, -0.000000000000000000 ) ) ;
#5195 = MECHANICAL_DESIGN_GEOMETRIC_PRESENTATION_REPRESENTATION (  '', ( #2953 ), #5288 ) ;
#5196 = ORIENTED_EDGE ( 'NONE', *, *, #2520, .F. ) ;
#5197 = STYLED_ITEM ( 'NONE', ( #3753 ), #2363 ) ;
#5198 = ORIENTED_EDGE ( 'NONE', *, *, #2339, .T. ) ;
#5199 = DIRECTION ( 'NONE',  ( 0.3393303772748785807, 0.9406672605435402179, 0.000000000000000000 ) ) ;
#5200 = UNCERTAINTY_MEASURE_WITH_UNIT (LENGTH_MEASURE( 1.000000000000000082E-05 ), #1364, 'distance_accuracy_value', 'NONE');
#5201 = DIRECTION ( 'NONE',  ( -1.000000000000000000, 0.000000000000000000, 0.000000000000000000 ) ) ;
#5202 =( LENGTH_UNIT ( ) NAMED_UNIT ( * ) SI_UNIT ( .MILLI., .METRE. ) );
#5203 = CARTESIAN_POINT ( 'NONE',  ( 0.03370570765624295029, -0.01970707721828202086, 0.001000000000000000021 ) ) ;
#5204 = EDGE_CURVE ( 'NONE', #5365, #4123, #1507, .T. ) ;
#5205 = ORIENTED_EDGE ( 'NONE', *, *, #5854, .T. ) ;
#5206 = DIRECTION ( 'NONE',  ( 0.000000000000000000, -1.000000000000000000, 0.000000000000000000 ) ) ;
#5207 = CARTESIAN_POINT ( 'NONE',  ( 0.1600000000000000033, -0.1399999999999999856, -3.218725199566341288E-17 ) ) ;
#5208 = UNCERTAINTY_MEASURE_WITH_UNIT (LENGTH_MEASURE( 1.000000000000000082E-05 ), #2769, 'distance_accuracy_value', 'NONE');
#5209 = ORIENTED_EDGE ( 'NONE', *, *, #4965, .F. ) ;
#5210 = MECHANICAL_DESIGN_GEOMETRIC_PRESENTATION_REPRESENTATION (  '', ( #4045 ), #5709 ) ;
#5211 = SURFACE_STYLE_USAGE ( .BOTH. , #3853 ) ;
#5212 = SURFACE_STYLE_USAGE ( .BOTH. , #1485 ) ;
#5213 = VECTOR ( 'NONE', #3971, 1000.000000000000000 ) ;
#5214 = CARTESIAN_POINT ( 'NONE',  ( -0.2000000000000000389, -0.1400000000000000133, -0.01000000000000003317 ) ) ;
#5215 = FILL_AREA_STYLE ('',( #4810 ) ) ;
#5216 =( NAMED_UNIT ( * ) PLANE_ANGLE_UNIT ( ) SI_UNIT ( $, .RADIAN. ) );
#5217 =( NAMED_UNIT ( * ) SI_UNIT ( $, .STERADIAN. ) SOLID_ANGLE_UNIT ( ) );
#5218 = CARTESIAN_POINT ( 'NONE',  ( -0.06529068661881136382, 0.006306685072534378052, 0.001000000000000000021 ) ) ;
#5219 = VERTEX_POINT ( 'NONE', #2702 ) ;
#5220 = ADVANCED_FACE ( 'NONE', ( #2799 ), #3228, .T. ) ;
#5221 = PLANE ( 'NONE',  #708 ) ;
#5222 = STYLED_ITEM ( 'NONE', ( #4886 ), #3973 ) ;
#5223 = ADVANCED_FACE ( 'NONE', ( #2829 ), #2262, .T. ) ;
#5224 = FACE_OUTER_BOUND ( 'NONE', #3666, .T. ) ;
#5225 = CARTESIAN_POINT ( 'NONE',  ( -0.04915249456770112713, 0.01809256481591878588, 0.000000000000000000 ) ) ;
#5226 = UNCERTAINTY_MEASURE_WITH_UNIT (LENGTH_MEASURE( 1.000000000000000082E-05 ), #3059, 'distance_accuracy_value', 'NONE');
#5227 = VERTEX_POINT ( 'NONE', #5103 ) ;
#5228 = ORIENTED_EDGE ( 'NONE', *, *, #3606, .T. ) ;
#5229 = LINE ( 'NONE', #2426, #1762 ) ;
#5230 = COLOUR_RGB ( '',0.6666666666666666297, 0.6980392156862744724, 0.7686274509803920907 ) ;
#5231 = DIRECTION ( 'NONE',  ( 1.000000000000000000, 0.000000000000000000, 0.000000000000000000 ) ) ;
#5232 = VECTOR ( 'NONE', #2598, 1000.000000000000000 ) ;
#5233 = ORIENTED_EDGE ( 'NONE', *, *, #4334, .F. ) ;
#5234 = EDGE_CURVE ( 'NONE', #3728, #5947, #1557, .T. ) ;
#5235 = EDGE_CURVE ( 'NONE', #4685, #1397, #4166, .T. ) ;
#5236 = PRESENTATION_STYLE_ASSIGNMENT (( #1561 ) ) ;
#5237 = SURFACE_STYLE_USAGE ( .BOTH. , #1477 ) ;
#5238 = VECTOR ( 'NONE', #3549, 1000.000000000000000 ) ;
#5239 = DIRECTION ( 'NONE',  ( -1.112802568240965428E-32, 1.149544714130836139E-16, -1.000000000000000000 ) ) ;
#5240 = DIRECTION ( 'NONE',  ( 0.000000000000000000, -1.000000000000000000, 0.000000000000000000 ) ) ;
#5241 = CARTESIAN_POINT ( 'NONE',  ( 0.04085311497039819523, -0.01841693280378158340, 0.001000000000000000021 ) ) ;
#5242 = EDGE_CURVE ( 'NONE', #4477, #3507, #5600, .T. ) ;
#5243 = DIRECTION ( 'NONE',  ( -0.3390537954853693470, -0.9407669869669987861, 0.000000000000000000 ) ) ;
#5244 = DIRECTION ( 'NONE',  ( 1.000000000000000000, 0.000000000000000000, 0.000000000000000000 ) ) ;
#5245 = LINE ( 'NONE', #2935, #1438 ) ;
#5246 = CARTESIAN_POINT ( 'NONE',  ( -0.06285268527417590956, 0.01322014298360684077, 0.001000000000000000021 ) ) ;
#5247 = SURFACE_SIDE_STYLE ('',( #1092 ) ) ;
#5248 = LINE ( 'NONE', #5369, #4174 ) ;
#5249 = COLOUR_RGB ( '',0.6666666666666666297, 0.6980392156862744724, 0.7686274509803920907 ) ;
#5250 = EDGE_CURVE ( 'NONE', #2869, #2224, #4570, .T. ) ;
#5251 = CARTESIAN_POINT ( 'NONE',  ( 0.05452116671465233322, -0.01479016889113524656, 0.001000000000000000021 ) ) ;
#5252 = DIRECTION ( 'NONE',  ( -1.000000000000000000, 0.000000000000000000, 0.000000000000000000 ) ) ;
#5253 = CARTESIAN_POINT ( 'NONE',  ( -0.05492723193004189070, 0.01391337733140866201, 0.000000000000000000 ) ) ;
#5254 = CARTESIAN_POINT ( 'NONE',  ( 0.000000000000000000, 0.000000000000000000, 0.000000000000000000 ) ) ;
#5255 = ORIENTED_EDGE ( 'NONE', *, *, #1170, .F. ) ;
#5256 = SURFACE_STYLE_FILL_AREA ( #4384 ) ;
#5257 = VECTOR ( 'NONE', #5723, 1000.000000000000000 ) ;
#5258 = PRESENTATION_LAYER_ASSIGNMENT (  '', '', ( #3357 ) ) ;
#5259 = CIRCLE ( 'NONE', #2334, 0.01000000000000002623 ) ;
#5260 = ORIENTED_EDGE ( 'NONE', *, *, #2967, .T. ) ;
#5261 = CARTESIAN_POINT ( 'NONE',  ( -0.1600000000000000033, -0.1299999999999999767, -3.103770728153257847E-17 ) ) ;
#5262 = SURFACE_STYLE_USAGE ( .BOTH. , #1535 ) ;
#5263 = CARTESIAN_POINT ( 'NONE',  ( -0.03957935331936682927, 0.02541487400123018311, 0.000000000000000000 ) ) ;
#5264 =( NAMED_UNIT ( * ) SI_UNIT ( $, .STERADIAN. ) SOLID_ANGLE_UNIT ( ) );
#5265 = ORIENTED_EDGE ( 'NONE', *, *, #3457, .T. ) ;
#5266 = PRESENTATION_STYLE_ASSIGNMENT (( #5211 ) ) ;
#5267 = EDGE_CURVE ( 'NONE', #5293, #1553, #905, .T. ) ;
#5268 = ADVANCED_BREP_SHAPE_REPRESENTATION ( 'L0201-RD', ( #5945, #5759, #1719, #3772, #6033 ), #4582 ) ;
#5269 = FILL_AREA_STYLE_COLOUR ( '', #1757 ) ;
#5270 = CARTESIAN_POINT ( 'NONE',  ( 0.05070839085194170370, -0.006331686346985768675, 0.001000000000000000021 ) ) ;
#5271 = DIRECTION ( 'NONE',  ( 0.000000000000000000, 1.000000000000000000, 1.936075308009829417E-16 ) ) ;
#5272 = CARTESIAN_POINT ( 'NONE',  ( 0.02087224729038928209, 0.01733560570854724911, 0.001000000000000000021 ) ) ;
#5273 =( NAMED_UNIT ( * ) SI_UNIT ( $, .STERADIAN. ) SOLID_ANGLE_UNIT ( ) );
#5274 = FACE_OUTER_BOUND ( 'NONE', #1999, .T. ) ;
#5275 = FACE_BOUND ( 'NONE', #435, .T. ) ;
#5276 = ADVANCED_FACE ( 'NONE', ( #5051 ), #4574, .T. ) ;
#5277 = ORIENTED_EDGE ( 'NONE', *, *, #5153, .F. ) ;
#5278 = EDGE_CURVE ( 'NONE', #5614, #3744, #3826, .T. ) ;
#5279 = SURFACE_STYLE_USAGE ( .BOTH. , #723 ) ;
#5280 = CARTESIAN_POINT ( 'NONE',  ( 0.04178940661603426643, 0.01838666392305995240, 0.000000000000000000 ) ) ;
#5281 = CARTESIAN_POINT ( 'NONE',  ( 0.05770420373069050368, -0.005794279174151800889, 0.001000000000000000021 ) ) ;
#5282 = LINE ( 'NONE', #148, #1454 ) ;
#5283 = VECTOR ( 'NONE', #2402, 1000.000000000000000 ) ;
#5284 = SURFACE_STYLE_USAGE ( .BOTH. , #5310 ) ;
#5285 = DIRECTION ( 'NONE',  ( -9.680376540049147084E-17, -1.000000000000000000, -1.936075308009829417E-16 ) ) ;
#5286 = ORIENTED_EDGE ( 'NONE', *, *, #226, .F. ) ;
#5287 = VERTEX_POINT ( 'NONE', #3104 ) ;
#5288 =( GEOMETRIC_REPRESENTATION_CONTEXT ( 3 ) GLOBAL_UNCERTAINTY_ASSIGNED_CONTEXT ( ( #1074 ) ) GLOBAL_UNIT_ASSIGNED_CONTEXT ( ( #4921, #634, #722 ) ) REPRESENTATION_CONTEXT ( 'NONE', 'WORKASPACE' ) );
#5289 = AXIS2_PLACEMENT_3D ( 'NONE', #1511, #109, #2407 ) ;
#5290 = ORIENTED_EDGE ( 'NONE', *, *, #1796, .T. ) ;
#5291 = CARTESIAN_POINT ( 'NONE',  ( -0.04725608404822227715, -0.02365420448033158859, 0.000000000000000000 ) ) ;
#5292 = CARTESIAN_POINT ( 'NONE',  ( -0.06002927621178513057, 0.01711132189690458064, 0.000000000000000000 ) ) ;
#5293 = VERTEX_POINT ( 'NONE', #5348 ) ;
#5294 = FACE_OUTER_BOUND ( 'NONE', #633, .T. ) ;
#5295 =( LENGTH_UNIT ( ) NAMED_UNIT ( * ) SI_UNIT ( .MILLI., .METRE. ) );
#5296 = CARTESIAN_POINT ( 'NONE',  ( 0.04948586850760917921, -0.009924788209791927246, 0.000000000000000000 ) ) ;
#5297 = LINE ( 'NONE', #2564, #2819 ) ;
#5298 = CARTESIAN_POINT ( 'NONE',  ( 0.04334397281597038298, 0.01741247355745446923, 0.001000000000000000021 ) ) ;
#5299 = VECTOR ( 'NONE', #5704, 1000.000000000000000 ) ;
#5300 = PLANE ( 'NONE',  #4383 ) ;
#5301 = CARTESIAN_POINT ( 'NONE',  ( -0.06002927621178513057, 0.01711132189690458064, 0.001000000000000000021 ) ) ;
#5302 = EDGE_LOOP ( 'NONE', ( #3388, #4142, #408, #3890, #1177, #2804 ) ) ;
#5303 = CARTESIAN_POINT ( 'NONE',  ( 0.05091416799755696387, 0.01875234866158748126, 0.000000000000000000 ) ) ;
#5304 = CARTESIAN_POINT ( 'NONE',  ( 0.08794541802209661363, 0.02541487400123018311, 0.000000000000000000 ) ) ;
#5305 = SURFACE_STYLE_USAGE ( .BOTH. , #203 ) ;
#5306 = AXIS2_PLACEMENT_3D ( 'NONE', #2952, #1972, #4745 ) ;
#5307 = ADVANCED_FACE ( 'NONE', ( #756 ), #2138, .T. ) ;
#5308 = DIRECTION ( 'NONE',  ( 0.000000000000000000, 1.000000000000000000, 0.000000000000000000 ) ) ;
#5309 = ADVANCED_FACE ( 'NONE', ( #3073, #2671 ), #241, .F. ) ;
#5310 = SURFACE_SIDE_STYLE ('',( #233 ) ) ;
#5311 = FILL_AREA_STYLE ('',( #3374 ) ) ;
#5312 = EDGE_LOOP ( 'NONE', ( #4606, #2785, #2156, #2302 ) ) ;
#5313 = EDGE_LOOP ( 'NONE', ( #2976, #1221, #1185, #2087 ) ) ;
#5314 = CARTESIAN_POINT ( 'NONE',  ( -0.1600000000000000033, -0.1399999999999999856, -0.01000000000000003317 ) ) ;
#5315 =( GEOMETRIC_REPRESENTATION_CONTEXT ( 3 ) GLOBAL_UNCERTAINTY_ASSIGNED_CONTEXT ( ( #940 ) ) GLOBAL_UNIT_ASSIGNED_CONTEXT ( ( #82, #4689, #111 ) ) REPRESENTATION_CONTEXT ( 'NONE', 'WORKASPACE' ) );
#5316 =( NAMED_UNIT ( * ) SI_UNIT ( $, .STERADIAN. ) SOLID_ANGLE_UNIT ( ) );
#5317 = EDGE_LOOP ( 'NONE', ( #3831, #4277, #2424, #1678, #469, #4558, #4485, #843, #3047, #253, #4351, #3261 ) ) ;
#5318 = CARTESIAN_POINT ( 'NONE',  ( 0.2899999999999999800, -0.1400000000000000411, 0.2799999999999998601 ) ) ;
#5319 = VECTOR ( 'NONE', #30, 1000.000000000000000 ) ;
#5320 = CARTESIAN_POINT ( 'NONE',  ( -0.06390333059450470365, -0.009429955606056609693, 0.001000000000000000021 ) ) ;
#5321 = EDGE_CURVE ( 'NONE', #4826, #4798, #402, .T. ) ;
#5322 = CARTESIAN_POINT ( 'NONE',  ( -0.09986898746570831154, -0.005072930876818608839, 0.000000000000000000 ) ) ;
#5323 = COLOUR_RGB ( '',0.6666666666666666297, 0.6980392156862744724, 0.7686274509803920907 ) ;
#5324 = STYLED_ITEM ( 'NONE', ( #847 ), #4240 ) ;
#5325 = ORIENTED_EDGE ( 'NONE', *, *, #5367, .F. ) ;
#5326 = CARTESIAN_POINT ( 'NONE',  ( 0.05108595306410528697, -0.004361350254752263504, 0.000000000000000000 ) ) ;
#5327 = FILL_AREA_STYLE ('',( #195 ) ) ;
#5328 = CARTESIAN_POINT ( 'NONE',  ( -0.05215896221750224160, 0.02287594705169799722, 0.000000000000000000 ) ) ;
#5329 = UNCERTAINTY_MEASURE_WITH_UNIT (LENGTH_MEASURE( 1.000000000000000082E-05 ), #3610, 'distance_accuracy_value', 'NONE');
#5330 =( NAMED_UNIT ( * ) PLANE_ANGLE_UNIT ( ) SI_UNIT ( $, .RADIAN. ) );
#5331 =( LENGTH_UNIT ( ) NAMED_UNIT ( * ) SI_UNIT ( .MILLI., .METRE. ) );
#5332 = VECTOR ( 'NONE', #5164, 1000.000000000000000 ) ;
#5333 = CARTESIAN_POINT ( 'NONE',  ( -0.06569316016858055274, 0.001950033305389139646, 0.001000000000000000021 ) ) ;
#5334 = LINE ( 'NONE', #3024, #5987 ) ;
#5335 = LINE ( 'NONE', #2098, #5213 ) ;
#5336 = DIRECTION ( 'NONE',  ( -1.000000000000000000, 9.680376540049147084E-17, 0.000000000000000000 ) ) ;
#5337 = VECTOR ( 'NONE', #4497, 1000.000000000000000 ) ;
#5338 = CARTESIAN_POINT ( 'NONE',  ( -0.2899999999999999800, 0.1399999999999999301, 0.000000000000000000 ) ) ;
#5339 = CARTESIAN_POINT ( 'NONE',  ( 0.05805174181701861641, -0.001434415747027232690, 0.001000000000000000021 ) ) ;
#5340 = SURFACE_STYLE_USAGE ( .BOTH. , #3002 ) ;
#5341 = ADVANCED_FACE ( 'NONE', ( #3714 ), #29, .F. ) ;
#5342 = DIRECTION ( 'NONE',  ( 1.000000000000000000, 0.000000000000000000, 0.000000000000000000 ) ) ;
#5343 = CARTESIAN_POINT ( 'NONE',  ( 0.04496949340718982974, 0.02321208257151157264, 0.001000000000000000021 ) ) ;
#5344 = EDGE_LOOP ( 'NONE', ( #1585, #2082, #4022, #504, #3440 ) ) ;
#5345 = ORIENTED_EDGE ( 'NONE', *, *, #3072, .T. ) ;
#5346 = SURFACE_SIDE_STYLE ('',( #5256 ) ) ;
#5347 = CARTESIAN_POINT ( 'NONE',  ( 0.1600000000000000033, -0.1399999999999999856, -3.218725199566341288E-17 ) ) ;
#5348 = CARTESIAN_POINT ( 'NONE',  ( -0.01449360636814730173, 0.02541487400123018311, 0.001000000000000000021 ) ) ;
#5349 = CARTESIAN_POINT ( 'NONE',  ( -0.09986898746570829766, -0.005072930876818605370, 0.001000000000000000021 ) ) ;
#5350 = VECTOR ( 'NONE', #122, 1000.000000000000000 ) ;
#5351 = LINE ( 'NONE', #1156, #2256 ) ;
#5352 = LINE ( 'NONE', #304, #2085 ) ;
#5353 = DIRECTION ( 'NONE',  ( -0.000000000000000000, -0.000000000000000000, -1.000000000000000000 ) ) ;
#5354 = EDGE_LOOP ( 'NONE', ( #4263, #4051, #3942, #3928 ) ) ;
#5355 = SURFACE_STYLE_USAGE ( .BOTH. , #1568 ) ;
#5356 = PRESENTATION_LAYER_ASSIGNMENT (  '', '', ( #963 ) ) ;
#5357 = CARTESIAN_POINT ( 'NONE',  ( 0.02925739606348680411, 0.02591030741048710659, 0.000000000000000000 ) ) ;
#5358 = CARTESIAN_POINT ( 'NONE',  ( -0.04049794652268429856, 0.02539439940360106035, 0.001000000000000000021 ) ) ;
#5359 = B_SPLINE_SURFACE_WITH_KNOTS ( 'NONE', 3, 1, ( 
 ( #5203, #3844 ),
 ( #1790, #3169 ),
 ( #3240, #438 ),
 ( #3205, #5029 ),
 ( #4581, #374 ),
 ( #916, #4653 ),
 ( #3656, #4146 ),
 ( #412, #3722 ),
 ( #949, #1382 ),
 ( #2837, #2712 ),
 ( #823, #4678 ) ),
 .UNSPECIFIED., .F., .F., .F.,
 ( 4, 1, 1, 1, 1, 1, 1, 1, 4 ),
 ( 2, 2 ),
 ( 0.000000000000000000, 0.1352946047634290272, 0.2667656579247485449, 0.3948160188358720846, 0.5200516544342452807, 0.6421757029708213826, 0.7626518205584228438, 0.8818340043805019679, 1.000000000000000000 ),
 ( 0.000000000000000000, 1.000000000000000000 ),
 .UNSPECIFIED. ) ;
#5360 = CARTESIAN_POINT ( 'NONE',  ( 0.08123810094892587597, -0.01909732112072104818, 0.000000000000000000 ) ) ;
#5361 = STYLED_ITEM ( 'NONE', ( #4771 ), #5067 ) ;
#5362 = CARTESIAN_POINT ( 'NONE',  ( -0.05429554391301764926, -0.02069109116340708820, 0.001000000000000000021 ) ) ;
#5363 = CARTESIAN_POINT ( 'NONE',  ( 0.02794310883110395771, 0.02011018980315107396, 0.001000000000000000021 ) ) ;
#5364 = CARTESIAN_POINT ( 'NONE',  ( 0.02359063834610108587, 0.01874947453190014060, 0.000000000000000000 ) ) ;
#5365 = VERTEX_POINT ( 'NONE', #1400 ) ;
#5366 = LINE ( 'NONE', #1172, #2663 ) ;
#5367 = EDGE_CURVE ( 'NONE', #5392, #300, #2646, .T. ) ;
#5368 = LINE ( 'NONE', #696, #3180 ) ;
#5369 = CARTESIAN_POINT ( 'NONE',  ( -0.1500000000000000222, -0.1399999999999999856, -0.01000000000000003317 ) ) ;
#5370 = PRESENTATION_LAYER_ASSIGNMENT (  '', '', ( #1258 ) ) ;
#5371 = AXIS2_PLACEMENT_3D ( 'NONE', #4052, #254, #5914 ) ;
#5372 = SURFACE_SIDE_STYLE ('',( #4531 ) ) ;
#5373 =( NAMED_UNIT ( * ) PLANE_ANGLE_UNIT ( ) SI_UNIT ( $, .RADIAN. ) );
#5374 = DIRECTION ( 'NONE',  ( 0.000000000000000000, -1.210047067506143201E-16, 1.000000000000000000 ) ) ;
#5375 =( NAMED_UNIT ( * ) SI_UNIT ( $, .STERADIAN. ) SOLID_ANGLE_UNIT ( ) );
#5376 = EDGE_CURVE ( 'NONE', #5120, #291, #3766, .T. ) ;
#5377 =( NAMED_UNIT ( * ) PLANE_ANGLE_UNIT ( ) SI_UNIT ( $, .RADIAN. ) );
#5378 = ORIENTED_EDGE ( 'NONE', *, *, #4153, .T. ) ;
#5379 =( GEOMETRIC_REPRESENTATION_CONTEXT ( 3 ) GLOBAL_UNCERTAINTY_ASSIGNED_CONTEXT ( ( #6037 ) ) GLOBAL_UNIT_ASSIGNED_CONTEXT ( ( #5903, #1704, #1272 ) ) REPRESENTATION_CONTEXT ( 'NONE', 'WORKASPACE' ) );
#5380 = EDGE_LOOP ( 'NONE', ( #5430, #1233, #1641, #2897 ) ) ;
#5381 =( NAMED_UNIT ( * ) SI_UNIT ( $, .STERADIAN. ) SOLID_ANGLE_UNIT ( ) );
#5382 = COLOUR_RGB ( '',0.1019607843137254888, 0.1019607843137254888, 0.1019607843137254888 ) ;
#5383 = AXIS2_PLACEMENT_3D ( 'NONE', #2643, #3931, #4513 ) ;
#5384 = ORIENTED_EDGE ( 'NONE', *, *, #1160, .T. ) ;
#5385 = DIRECTION ( 'NONE',  ( -0.000000000000000000, -0.000000000000000000, 1.000000000000000000 ) ) ;
#5386 = CARTESIAN_POINT ( 'NONE',  ( -0.3000000000000000444, -0.1400000000000000411, 0.2799999999999998601 ) ) ;
#5387 = STYLED_ITEM ( 'NONE', ( #424 ), #2427 ) ;
#5388 = CARTESIAN_POINT ( 'NONE',  ( 0.2899999999999999800, -0.1400000000000000133, -3.388131789017201356E-17 ) ) ;
#5389 = ADVANCED_FACE ( 'NONE', ( #2832 ), #5085, .F. ) ;
#5390 = MECHANICAL_DESIGN_GEOMETRIC_PRESENTATION_REPRESENTATION (  '', ( #797 ), #4424 ) ;
#5391 =( NAMED_UNIT ( * ) SI_UNIT ( $, .STERADIAN. ) SOLID_ANGLE_UNIT ( ) );
#5392 = VERTEX_POINT ( 'NONE', #3678 ) ;
#5393 = PLANE ( 'NONE',  #971 ) ;
#5394 = CARTESIAN_POINT ( 'NONE',  ( 0.05136005216843807231, -0.0001186625841356777722, 0.000000000000000000 ) ) ;
#5395 = FILL_AREA_STYLE ('',( #5002 ) ) ;
#5396 = DIRECTION ( 'NONE',  ( -0.000000000000000000, -0.000000000000000000, 1.000000000000000000 ) ) ;
#5397 = CARTESIAN_POINT ( 'NONE',  ( -0.06002927621178513057, 0.01711132189690458064, 0.000000000000000000 ) ) ;
#5398 = PRESENTATION_STYLE_ASSIGNMENT (( #1658 ) ) ;
#5399 = CARTESIAN_POINT ( 'NONE',  ( -0.04189761313481338290, -0.02453387433355435840, 0.001000000000000000021 ) ) ;
#5400 = DIRECTION ( 'NONE',  ( -9.680376540049145852E-17, -1.000000000000000000, -1.149544714130836139E-16 ) ) ;
#5401 = CARTESIAN_POINT ( 'NONE',  ( 0.03719520205243483091, -0.02513766778380785438, 0.000000000000000000 ) ) ;
#5402 = SPHERICAL_SURFACE ( 'NONE', #1335, 0.01000000000000000021 ) ;
#5403 = CARTESIAN_POINT ( 'NONE',  ( 0.05005879621716570471, -0.02003138303670737308, 0.000000000000000000 ) ) ;
#5404 = EDGE_CURVE ( 'NONE', #6019, #594, #2772, .T. ) ;
#5405 = CARTESIAN_POINT ( 'NONE',  ( 0.1500000000000000222, -0.1399999999999999856, -3.218725199566341288E-17 ) ) ;
#5406 = ADVANCED_FACE ( 'NONE', ( #121 ), #4758, .T. ) ;
#5407 = FILL_AREA_STYLE ('',( #2133 ) ) ;
#5408 = ORIENTED_EDGE ( 'NONE', *, *, #3808, .T. ) ;
#5409 = PRESENTATION_LAYER_ASSIGNMENT (  '', '', ( #4154 ) ) ;
#5410 = CARTESIAN_POINT ( 'NONE',  ( -0.1021174630754643764, -0.01056073575486738726, 0.001000000000000000021 ) ) ;
#5411 = FILL_AREA_STYLE_COLOUR ( '', #393 ) ;
#5412 = ADVANCED_FACE ( 'NONE', ( #1030 ), #3835, .T. ) ;
#5413 = CARTESIAN_POINT ( 'NONE',  ( -0.1600000000000000311, 0.1400000000000000411, 1.694065894508600486E-18 ) ) ;
#5415 = FILL_AREA_STYLE_COLOUR ( '', #2531 ) ;
#5414 = AXIS2_PLACEMENT_3D ( 'NONE', #578, #5125, #990 ) ;
#5416 = CARTESIAN_POINT ( 'NONE',  ( 0.03458759998209943315, 0.02049368975015014929, 0.000000000000000000 ) ) ;
#5417 = ORIENTED_EDGE ( 'NONE', *, *, #1285, .T. ) ;
#5418 = LINE ( 'NONE', #5449, #2076 ) ;
#5419 = STYLED_ITEM ( 'NONE', ( #1224 ), #3988 ) ;
#5420 = PRESENTATION_STYLE_ASSIGNMENT (( #3567 ) ) ;
#5421 = AXIS2_PLACEMENT_3D ( 'NONE', #5463, #1262, #864 ) ;
#5422 = CARTESIAN_POINT ( 'NONE',  ( -0.09163992287558407612, 0.01893294432707074218, 0.000000000000000000 ) ) ;
#5423 = CARTESIAN_POINT ( 'NONE',  ( 0.04765077031566498228, -0.01305639783419473669, 0.000000000000000000 ) ) ;
#5424 = SURFACE_SIDE_STYLE ('',( #1722 ) ) ;
#5425 = EDGE_CURVE ( 'NONE', #2105, #1932, #5720, .T. ) ;
#5426 = COLOUR_RGB ( '',0.1019607843137254888, 0.1019607843137254888, 0.1019607843137254888 ) ;
#5427 =( GEOMETRIC_REPRESENTATION_CONTEXT ( 3 ) GLOBAL_UNCERTAINTY_ASSIGNED_CONTEXT ( ( #1470 ) ) GLOBAL_UNIT_ASSIGNED_CONTEXT ( ( #614, #2544, #4441 ) ) REPRESENTATION_CONTEXT ( 'NONE', 'WORKASPACE' ) );
#5428 = CARTESIAN_POINT ( 'NONE',  ( -0.1021174630754643764, -0.01056073575486738726, 0.000000000000000000 ) ) ;
#5429 = CARTESIAN_POINT ( 'NONE',  ( 0.02131626657177722317, 0.01759361435812120331, -0.000000000000000000 ) ) ;
#5430 = ORIENTED_EDGE ( 'NONE', *, *, #5566, .F. ) ;
#5431 = STYLED_ITEM ( 'NONE', ( #2120 ), #3365 ) ;
#5432 = VECTOR ( 'NONE', #3550, 1000.000000000000000 ) ;
#5433 = FILL_AREA_STYLE_COLOUR ( '', #2476 ) ;
#5434 = DIRECTION ( 'NONE',  ( -1.000000000000000000, -9.680376540049147084E-17, -0.000000000000000000 ) ) ;
#5435 = FILL_AREA_STYLE_COLOUR ( '', #4350 ) ;
#5436 = CARTESIAN_POINT ( 'NONE',  ( 0.000000000000000000, 0.000000000000000000, 0.001000000000000000021 ) ) ;
#5437 = CARTESIAN_POINT ( 'NONE',  ( -0.09060831673400097930, 0.01581121546464480873, 0.000000000000000000 ) ) ;
#5438 = CARTESIAN_POINT ( 'NONE',  ( 0.05806736924160880303, -0.0005283424621844572686, 0.001000000000000000021 ) ) ;
#5439 = MECHANICAL_DESIGN_GEOMETRIC_PRESENTATION_REPRESENTATION (  '', ( #5819 ), #652 ) ;
#5440 = FILL_AREA_STYLE ('',( #5868 ) ) ;
#5441 = DIRECTION ( 'NONE',  ( 1.000000000000000000, -0.000000000000000000, -0.000000000000000000 ) ) ;
#5442 = LINE ( 'NONE', #1776, #2527 ) ;
#5443 = ORIENTED_EDGE ( 'NONE', *, *, #4797, .F. ) ;
#5444 = EDGE_CURVE ( 'NONE', #4826, #300, #5259, .T. ) ;
#5445 =( NAMED_UNIT ( * ) PLANE_ANGLE_UNIT ( ) SI_UNIT ( $, .RADIAN. ) );
#5446 = SURFACE_SIDE_STYLE ('',( #5807 ) ) ;
#5447 =( NAMED_UNIT ( * ) PLANE_ANGLE_UNIT ( ) SI_UNIT ( $, .RADIAN. ) );
#5448 = ORIENTED_EDGE ( 'NONE', *, *, #4737, .F. ) ;
#5449 = CARTESIAN_POINT ( 'NONE',  ( 0.1500000000000000222, -0.1399999999999999856, -0.01000000000000003317 ) ) ;
#5450 = MECHANICAL_DESIGN_GEOMETRIC_PRESENTATION_REPRESENTATION (  '', ( #3902 ), #1852 ) ;
#5451 = FACE_OUTER_BOUND ( 'NONE', #2396, .T. ) ;
#5452 = PLANE ( 'NONE',  #2532 ) ;
#5453 = ORIENTED_EDGE ( 'NONE', *, *, #375, .F. ) ;
#5454 =( GEOMETRIC_REPRESENTATION_CONTEXT ( 3 ) GLOBAL_UNCERTAINTY_ASSIGNED_CONTEXT ( ( #1738 ) ) GLOBAL_UNIT_ASSIGNED_CONTEXT ( ( #2945, #3948, #1064 ) ) REPRESENTATION_CONTEXT ( 'NONE', 'WORKASPACE' ) );
#5455 = SURFACE_STYLE_USAGE ( .BOTH. , #5033 ) ;
#5456 = PRESENTATION_LAYER_ASSIGNMENT (  '', '', ( #2040 ) ) ;
#5457 = CARTESIAN_POINT ( 'NONE',  ( -0.06155038225724264456, 0.01523358821375406930, 0.000000000000000000 ) ) ;
#5458 =( LENGTH_UNIT ( ) NAMED_UNIT ( * ) SI_UNIT ( .MILLI., .METRE. ) );
#5459 = CARTESIAN_POINT ( 'NONE',  ( -0.02546921612424486725, -0.02458512599876982660, 0.000000000000000000 ) ) ;
#5460 = CARTESIAN_POINT ( 'NONE',  ( 0.02646167408139473917, 0.01975113148208877678, 0.000000000000000000 ) ) ;
#5461 = EDGE_CURVE ( 'NONE', #4978, #11, #2942, .T. ) ;
#5462 = VECTOR ( 'NONE', #2284, 1000.000000000000000 ) ;
#5463 = CARTESIAN_POINT ( 'NONE',  ( 0.2000000000000000111, 0.1399999999999999301, 0.000000000000000000 ) ) ;
#5464 = FILL_AREA_STYLE ('',( #2160 ) ) ;
#5465 = CARTESIAN_POINT ( 'NONE',  ( 0.04826274678358694059, -0.02143011030572371245, 0.000000000000000000 ) ) ;
#5466 = SURFACE_SIDE_STYLE ('',( #1362 ) ) ;
#5467 = CARTESIAN_POINT ( 'NONE',  ( 0.05562409414350599074, -0.01274693200976809333, 0.000000000000000000 ) ) ;
#5468 = VECTOR ( 'NONE', #4180, 1000.000000000000000 ) ;
#5469 =( NAMED_UNIT ( * ) SI_UNIT ( $, .STERADIAN. ) SOLID_ANGLE_UNIT ( ) );
#5470 = SPHERICAL_SURFACE ( 'NONE', #115, 0.01000000000000000021 ) ;
#5471 = EDGE_CURVE ( 'NONE', #1280, #525, #5282, .T. ) ;
#5472 = CARTESIAN_POINT ( 'NONE',  ( -0.3000000000000000444, -0.1400000000000000133, -0.01000000000000003317 ) ) ;
#5473 = MECHANICAL_DESIGN_GEOMETRIC_PRESENTATION_REPRESENTATION (  '', ( #1258 ), #1078 ) ;
#5474 = MECHANICAL_DESIGN_GEOMETRIC_PRESENTATION_REPRESENTATION (  '', ( #5766 ), #872 ) ;
#5475 = CARTESIAN_POINT ( 'NONE',  ( -0.2000000000000000111, 0.1399999999999999301, 0.2799999999999999156 ) ) ;
#5476 = SURFACE_STYLE_USAGE ( .BOTH. , #5508 ) ;
#5477 = CARTESIAN_POINT ( 'NONE',  ( -0.04930156634129603116, -0.01707204031619050447, 0.001000000000000000021 ) ) ;
#5478 = VECTOR ( 'NONE', #1934, 1000.000000000000000 ) ;
#5479 = ORIENTED_EDGE ( 'NONE', *, *, #882, .F. ) ;
#5480 = ORIENTED_EDGE ( 'NONE', *, *, #5956, .T. ) ;
#5481 = CARTESIAN_POINT ( 'NONE',  ( 0.03069291577952058467, -0.02501280926838061677, 0.000000000000000000 ) ) ;
#5482 = SURFACE_STYLE_FILL_AREA ( #917 ) ;
#5483 = VECTOR ( 'NONE', #784, 1000.000000000000000 ) ;
#5484 = CARTESIAN_POINT ( 'NONE',  ( 0.02087224729038928209, 0.01733560570854724911, 0.000000000000000000 ) ) ;
#5485 = CARTESIAN_POINT ( 'NONE',  ( 0.03745014050222403995, -0.01940564457077746663, 0.000000000000000000 ) ) ;
#5486 =( LENGTH_UNIT ( ) NAMED_UNIT ( * ) SI_UNIT ( .MILLI., .METRE. ) );
#5487 =( NAMED_UNIT ( * ) PLANE_ANGLE_UNIT ( ) SI_UNIT ( $, .RADIAN. ) );
#5488 = EDGE_CURVE ( 'NONE', #2479, #3613, #4801, .T. ) ;
#5489 = DIRECTION ( 'NONE',  ( -0.000000000000000000, -0.000000000000000000, -1.000000000000000000 ) ) ;
#5490 = LINE ( 'NONE', #5825, #3797 ) ;
#5491 = CIRCLE ( 'NONE', #5289, 0.03034656252617936104 ) ;
#5492 = LINE ( 'NONE', #3182, #4694 ) ;
#5493 = EDGE_LOOP ( 'NONE', ( #3500, #4245, #1875, #1356 ) ) ;
#5494 = DIRECTION ( 'NONE',  ( -0.000000000000000000, -0.000000000000000000, -1.000000000000000000 ) ) ;
#5495 = DIRECTION ( 'NONE',  ( -0.000000000000000000, -0.000000000000000000, -1.000000000000000000 ) ) ;
#5496 = CARTESIAN_POINT ( 'NONE',  ( 0.04844432569936807376, 0.01192363835368224698, 0.001000000000000000021 ) ) ;
#5497 = FACE_BOUND ( 'NONE', #4453, .T. ) ;
#5498 = FILL_AREA_STYLE ('',( #5965 ) ) ;
#5499 = CARTESIAN_POINT ( 'NONE',  ( -0.01449360636814730173, 0.01992706912318139775, 0.001000000000000000021 ) ) ;
#5500 = LINE ( 'NONE', #212, #1337 ) ;
#5501 = ADVANCED_FACE ( 'NONE', ( #1581 ), #4008, .T. ) ;
#5502 = VERTEX_POINT ( 'NONE', #2660 ) ;
#5503 = FACE_OUTER_BOUND ( 'NONE', #3683, .T. ) ;
#5504 = CARTESIAN_POINT ( 'NONE',  ( 0.08123810094892587597, 0.02541487400123018311, 0.001000000000000000021 ) ) ;
#5505 = ADVANCED_FACE ( 'NONE', ( #326 ), #1609, .T. ) ;
#5506 =( LENGTH_UNIT ( ) NAMED_UNIT ( * ) SI_UNIT ( .MILLI., .METRE. ) );
#5507 = CARTESIAN_POINT ( 'NONE',  ( -0.2899999999999999800, 0.1399999999999999301, 0.2899999999999999245 ) ) ;
#5508 = SURFACE_SIDE_STYLE ('',( #3650 ) ) ;
#5509 = CARTESIAN_POINT ( 'NONE',  ( -0.05898854568907867940, 0.0001316463162744311709, 0.001000000000000000021 ) ) ;
#5510 = VECTOR ( 'NONE', #4079, 1000.000000000000000 ) ;
#5511 = UNCERTAINTY_MEASURE_WITH_UNIT (LENGTH_MEASURE( 1.000000000000000082E-05 ), #3852, 'distance_accuracy_value', 'NONE');
#5512 = ORIENTED_EDGE ( 'NONE', *, *, #1890, .T. ) ;
#5513 = EDGE_LOOP ( 'NONE', ( #3579, #3106, #1370, #1336 ) ) ;
#5514 = UNCERTAINTY_MEASURE_WITH_UNIT (LENGTH_MEASURE( 1.000000000000000082E-05 ), #651, 'distance_accuracy_value', 'NONE');
#5515 = EDGE_CURVE ( 'NONE', #5876, #4736, #1298, .T. ) ;
#5516 = AXIS2_PLACEMENT_3D ( 'NONE', #3025, #1117, #5799 ) ;
#5517 = CARTESIAN_POINT ( 'NONE',  ( 0.02538849037813640727, -0.02397323583351941567, 0.001000000000000000021 ) ) ;
#5518 = CARTESIAN_POINT ( 'NONE',  ( 0.02646167408139473917, 0.01975113148208877678, 0.000000000000000000 ) ) ;
#5519 = VERTEX_POINT ( 'NONE', #2763 ) ;
#5520 = PRESENTATION_LAYER_ASSIGNMENT (  '', '', ( #5905 ) ) ;
#5521 = CARTESIAN_POINT ( 'NONE',  ( 0.04865007120332199425, -0.01155045525247540457, 0.000000000000000000 ) ) ;
#5522 = PLANE ( 'NONE',  #37 ) ;
#5523 = CARTESIAN_POINT ( 'NONE',  ( -0.2000000000000000111, 0.1399999999999999301, 0.2799999999999999156 ) ) ;
#5524 = EDGE_CURVE ( 'NONE', #4734, #5606, #4635, .T. ) ;
#5525 = CARTESIAN_POINT ( 'NONE',  ( 0.2899999999999999800, 0.1399999999999999301, 0.2799999999999999156 ) ) ;
#5526 = COLOUR_RGB ( '',1.000000000000000000, 1.000000000000000000, 1.000000000000000000 ) ;
#5527 = VERTEX_POINT ( 'NONE', #3187 ) ;
#5528 = CARTESIAN_POINT ( 'NONE',  ( -0.05870975316176003933, 0.005314511977076996629, 0.000000000000000000 ) ) ;
#5529 = SURFACE_STYLE_USAGE ( .BOTH. , #3251 ) ;
#5530 = DIRECTION ( 'NONE',  ( -1.000000000000000000, -9.680376540049147084E-17, -0.000000000000000000 ) ) ;
#5531 = COLOUR_RGB ( '',0.1019607843137254888, 0.1019607843137254888, 0.1019607843137254888 ) ;
#5532 = DIRECTION ( 'NONE',  ( 0.000000000000000000, 1.000000000000000000, 0.000000000000000000 ) ) ;
#5533 =( NAMED_UNIT ( * ) SI_UNIT ( $, .STERADIAN. ) SOLID_ANGLE_UNIT ( ) );
#5534 = VECTOR ( 'NONE', #1839, 1000.000000000000114 ) ;
#5535 = SURFACE_STYLE_USAGE ( .BOTH. , #3673 ) ;
#5536 = ORIENTED_EDGE ( 'NONE', *, *, #3293, .F. ) ;
#5537 = FILL_AREA_STYLE ('',( #3194 ) ) ;
#5538 = FILL_AREA_STYLE_COLOUR ( '', #4415 ) ;
#5539 = COLOUR_RGB ( '',0.1019607843137254888, 0.1019607843137254888, 0.1019607843137254888 ) ;
#5540 = CARTESIAN_POINT ( 'NONE',  ( -0.2899999999999999800, 0.1399999999999999301, -0.009999999999999998473 ) ) ;
#5541 = LINE ( 'NONE', #1340, #5510 ) ;
#5542 = CARTESIAN_POINT ( 'NONE',  ( -0.05871813864205496780, -0.003540867284301547208, 0.000000000000000000 ) ) ;
#5543 = CARTESIAN_POINT ( 'NONE',  ( -0.1600000000000000033, -0.1399999999999999856, -3.218725199566341288E-17 ) ) ;
#5544 = VERTEX_POINT ( 'NONE', #838 ) ;
#5545 = VECTOR ( 'NONE', #4815, 1000.000000000000000 ) ;
#5546 = ORIENTED_EDGE ( 'NONE', *, *, #4811, .F. ) ;
#5547 = UNCERTAINTY_MEASURE_WITH_UNIT (LENGTH_MEASURE( 1.000000000000000082E-05 ), #1022, 'distance_accuracy_value', 'NONE');
#5548 = SURFACE_STYLE_USAGE ( .BOTH. , #3273 ) ;
#5549 = CARTESIAN_POINT ( 'NONE',  ( 0.02220026676541110577, 0.01810728506059530729, 0.001000000000000000021 ) ) ;
#5550 = ORIENTED_EDGE ( 'NONE', *, *, #5079, .T. ) ;
#5551 = PRESENTATION_STYLE_ASSIGNMENT (( #2871 ) ) ;
#5552 = SURFACE_STYLE_USAGE ( .BOTH. , #3242 ) ;
#5553 = VECTOR ( 'NONE', #200, 1000.000000000000000 ) ;
#5554 = EDGE_LOOP ( 'NONE', ( #2448, #1865, #1703, #191 ) ) ;
#5555 = ORIENTED_EDGE ( 'NONE', *, *, #624, .T. ) ;
#5556 = VECTOR ( 'NONE', #1205, 1000.000000000000000 ) ;
#5557 = PLANE ( 'NONE',  #3360 ) ;
#5558 = CARTESIAN_POINT ( 'NONE',  ( 0.2000000000000000111, 0.1399999999999999301, 0.2899999999999999245 ) ) ;
#5559 = PLANE ( 'NONE',  #5414 ) ;
#5560 = VECTOR ( 'NONE', #2854, 1000.000000000000000 ) ;
#5561 = VECTOR ( 'NONE', #363, 999.9999999999998863 ) ;
#5562 = DIRECTION ( 'NONE',  ( 0.000000000000000000, 0.000000000000000000, 1.000000000000000000 ) ) ;
#5563 =( NAMED_UNIT ( * ) SI_UNIT ( $, .STERADIAN. ) SOLID_ANGLE_UNIT ( ) );
#5564 = FILL_AREA_STYLE_COLOUR ( '', #1323 ) ;
#5565 = PRESENTATION_LAYER_ASSIGNMENT (  '', '', ( #5068 ) ) ;
#5566 = EDGE_CURVE ( 'NONE', #4821, #3507, #1805, .T. ) ;
#5567 = EDGE_LOOP ( 'NONE', ( #238, #4444, #1730, #4416 ) ) ;
#5568 = SURFACE_SIDE_STYLE ('',( #4642 ) ) ;
#5569 = DIRECTION ( 'NONE',  ( 1.000000000000000000, 0.000000000000000000, 0.000000000000000000 ) ) ;
#5570 = SURFACE_STYLE_FILL_AREA ( #401 ) ;
#5571 = ADVANCED_FACE ( 'NONE', ( #4222 ), #3281, .T. ) ;
#5572 = DIRECTION ( 'NONE',  ( 0.000000000000000000, -1.000000000000000000, 0.000000000000000000 ) ) ;
#5573 = SURFACE_SIDE_STYLE ('',( #4230 ) ) ;
#5574 = CARTESIAN_POINT ( 'NONE',  ( 0.02681731462942821276, -0.01892637471205727007, 0.001000000000000000021 ) ) ;
#5575 = ORIENTED_EDGE ( 'NONE', *, *, #1254, .T. ) ;
#5576 = STYLED_ITEM ( 'NONE', ( #5066 ), #5047 ) ;
#5577 = AXIS2_PLACEMENT_3D ( 'NONE', #240, #3384, #789 ) ;
#5578 = AXIS2_PLACEMENT_3D ( 'NONE', #4478, #4931, #1995 ) ;
#5579 = CARTESIAN_POINT ( 'NONE',  ( 0.03205386336589377549, 0.02052884819092543403, 0.000000000000000000 ) ) ;
#5580 = EDGE_LOOP ( 'NONE', ( #3192, #1099, #805, #1036 ) ) ;
#5581 = EDGE_CURVE ( 'NONE', #2382, #1190, #6057, .T. ) ;
#5582 = LINE ( 'NONE', #1351, #6063 ) ;
#5583 = FACE_OUTER_BOUND ( 'NONE', #2280, .T. ) ;
#5584 = DIRECTION ( 'NONE',  ( 0.000000000000000000, -1.000000000000000000, 0.000000000000000000 ) ) ;
#5585 = EDGE_CURVE ( 'NONE', #1357, #5781, #4571, .T. ) ;
#5586 = ORIENTED_EDGE ( 'NONE', *, *, #2936, .F. ) ;
#5587 = ORIENTED_EDGE ( 'NONE', *, *, #1254, .F. ) ;
#5588 =( NAMED_UNIT ( * ) PLANE_ANGLE_UNIT ( ) SI_UNIT ( $, .RADIAN. ) );
#5589 = SURFACE_SIDE_STYLE ('',( #3758 ) ) ;
#5590 =( LENGTH_UNIT ( ) NAMED_UNIT ( * ) SI_UNIT ( .MILLI., .METRE. ) );
#5591 =( NAMED_UNIT ( * ) SI_UNIT ( $, .STERADIAN. ) SOLID_ANGLE_UNIT ( ) );
#5592 = DIRECTION ( 'NONE',  ( 1.000000000000000000, 0.000000000000000000, 0.000000000000000000 ) ) ;
#5593 = PLANE ( 'NONE',  #1529 ) ;
#5594 = COLOUR_RGB ( '',0.1019607843137254888, 0.1019607843137254888, 0.1019607843137254888 ) ;
#5595 = FILL_AREA_STYLE ('',( #5564 ) ) ;
#5596 = PRESENTATION_LAYER_ASSIGNMENT (  '', '', ( #4733 ) ) ;
#5597 = VERTEX_POINT ( 'NONE', #1872 ) ;
#5598 = AXIS2_PLACEMENT_3D ( 'NONE', #3809, #128, #1532 ) ;
#5599 = LINE ( 'NONE', #60, #5478 ) ;
#5600 = LINE ( 'NONE', #460, #2551 ) ;
#5601 = ADVANCED_FACE ( 'NONE', ( #4563 ), #5593, .T. ) ;
#5602 = UNCERTAINTY_MEASURE_WITH_UNIT (LENGTH_MEASURE( 1.000000000000000082E-05 ), #537, 'distance_accuracy_value', 'NONE');
#5603 = DIRECTION ( 'NONE',  ( -9.680376540049145852E-17, 1.000000000000000000, 1.149544714130836139E-16 ) ) ;
#5604 = CARTESIAN_POINT ( 'NONE',  ( 0.03015586361119986306, -0.01952312141390606659, 0.001000000000000000021 ) ) ;
#5605 = VERTEX_POINT ( 'NONE', #2850 ) ;
#5606 = VERTEX_POINT ( 'NONE', #5214 ) ;
#5607 = PRESENTATION_STYLE_ASSIGNMENT (( #3746 ) ) ;
#5608 =( NAMED_UNIT ( * ) SI_UNIT ( $, .STERADIAN. ) SOLID_ANGLE_UNIT ( ) );
#5609 = VERTEX_POINT ( 'NONE', #4723 ) ;
#5610 = STYLED_ITEM ( 'NONE', ( #4471 ), #3724 ) ;
#5611 = DIRECTION ( 'NONE',  ( -0.9406672605435402179, 0.3393303772748785252, 0.000000000000000000 ) ) ;
#5612 = CARTESIAN_POINT ( 'NONE',  ( -0.1071765331974156160, -0.02458512599876982660, 0.001000000000000000021 ) ) ;
#5613 = EDGE_LOOP ( 'NONE', ( #1528, #5443, #3874, #3690 ) ) ;
#5614 = VERTEX_POINT ( 'NONE', #4777 ) ;
#5615 = ADVANCED_FACE ( 'NONE', ( #1019 ), #2412, .T. ) ;
#5616 = CYLINDRICAL_SURFACE ( 'NONE', #4763, 0.009999999999999998473 ) ;
#5617 =( LENGTH_UNIT ( ) NAMED_UNIT ( * ) SI_UNIT ( .MILLI., .METRE. ) );
#5618 = DIRECTION ( 'NONE',  ( 0.000000000000000000, -1.000000000000000000, 0.000000000000000000 ) ) ;
#5619 = UNCERTAINTY_MEASURE_WITH_UNIT (LENGTH_MEASURE( 1.000000000000000082E-05 ), #4423, 'distance_accuracy_value', 'NONE');
#5620 = SHAPE_DEFINITION_REPRESENTATION ( #5967, #5268 ) ;
#5621 = CARTESIAN_POINT ( 'NONE',  ( 0.2899999999999999800, -0.1400000000000000411, 0.2799999999999999156 ) ) ;
#5622 = FACE_OUTER_BOUND ( 'NONE', #3840, .T. ) ;
#5623 = SURFACE_SIDE_STYLE ('',( #4192 ) ) ;
#5624 = LINE ( 'NONE', #2381, #5747 ) ;
#5625 = EDGE_LOOP ( 'NONE', ( #3033, #2805, #4194, #542 ) ) ;
#5626 = AXIS2_PLACEMENT_3D ( 'NONE', #322, #5434, #4633 ) ;
#5627 = PRESENTATION_STYLE_ASSIGNMENT (( #3316 ) ) ;
#5628 = FILL_AREA_STYLE ('',( #2230 ) ) ;
#5629 = COLOUR_RGB ( '',0.6666666666666666297, 0.6980392156862744724, 0.7686274509803920907 ) ;
#5630 = PLANE ( 'NONE',  #2014 ) ;
#5631 = STYLED_ITEM ( 'NONE', ( #3586 ), #4447 ) ;
#5632 =( LENGTH_UNIT ( ) NAMED_UNIT ( * ) SI_UNIT ( .MILLI., .METRE. ) );
#5633 = ORIENTED_EDGE ( 'NONE', *, *, #1211, .F. ) ;
#5634 = EDGE_CURVE ( 'NONE', #1648, #1101, #1419, .T. ) ;
#5635 = EDGE_LOOP ( 'NONE', ( #3284, #396, #5205, #2664, #4788 ) ) ;
#5636 =( LENGTH_UNIT ( ) NAMED_UNIT ( * ) SI_UNIT ( .MILLI., .METRE. ) );
#5637 = AXIS2_PLACEMENT_3D ( 'NONE', #2651, #5922, #1759 ) ;
#5638 = PRESENTATION_LAYER_ASSIGNMENT (  '', '', ( #1132 ) ) ;
#5639 = LINE ( 'NONE', #1440, #5560 ) ;
#5640 = VERTEX_POINT ( 'NONE', #5272 ) ;
#5641 = CARTESIAN_POINT ( 'NONE',  ( -0.1071765331974156160, -0.02458512599876982660, 0.000000000000000000 ) ) ;
#5642 = SURFACE_STYLE_USAGE ( .BOTH. , #5117 ) ;
#5643 = PRESENTATION_LAYER_ASSIGNMENT (  '', '', ( #1938 ) ) ;
#5644 =( LENGTH_UNIT ( ) NAMED_UNIT ( * ) SI_UNIT ( .MILLI., .METRE. ) );
#5645 = VERTEX_POINT ( 'NONE', #3886 ) ;
#5646 = CARTESIAN_POINT ( 'NONE',  ( 0.1999999999999999833, 0.1400000000000000411, 0.000000000000000000 ) ) ;
#5647 = FILL_AREA_STYLE_COLOUR ( '', #2699 ) ;
#5648 = CARTESIAN_POINT ( 'NONE',  ( -0.09234231063644000870, 0.01581121546464480873, 0.000000000000000000 ) ) ;
#5649 = CARTESIAN_POINT ( 'NONE',  ( 0.06233566192453564303, -0.01909732112072104818, 0.000000000000000000 ) ) ;
#5650 = ORIENTED_EDGE ( 'NONE', *, *, #5153, .T. ) ;
#5651 = PRESENTATION_LAYER_ASSIGNMENT (  '', '', ( #1448 ) ) ;
#5652 = CARTESIAN_POINT ( 'NONE',  ( 0.1999999999999999833, 0.1400000000000000411, 0.2800000000000000266 ) ) ;
#5653 = VECTOR ( 'NONE', #909, 1000.000000000000000 ) ;
#5654 = DIRECTION ( 'NONE',  ( -1.000000000000000000, 0.000000000000000000, 0.000000000000000000 ) ) ;
#5655 = PRESENTATION_STYLE_ASSIGNMENT (( #3462 ) ) ;
#5656 = EDGE_CURVE ( 'NONE', #5070, #2436, #4752, .T. ) ;
#5657 = PRESENTATION_STYLE_ASSIGNMENT (( #1401 ) ) ;
#5658 = EDGE_CURVE ( 'NONE', #532, #3709, #2803, .T. ) ;
#5659 =( NAMED_UNIT ( * ) SI_UNIT ( $, .STERADIAN. ) SOLID_ANGLE_UNIT ( ) );
#5660 = PRESENTATION_LAYER_ASSIGNMENT (  '', '', ( #1452 ) ) ;
#5661 = UNCERTAINTY_MEASURE_WITH_UNIT (LENGTH_MEASURE( 1.000000000000000082E-05 ), #5486, 'distance_accuracy_value', 'NONE');
#5662 = VERTEX_POINT ( 'NONE', #4889 ) ;
#5663 = ORIENTED_EDGE ( 'NONE', *, *, #4672, .T. ) ;
#5664 = PRESENTATION_LAYER_ASSIGNMENT (  '', '', ( #6059 ) ) ;
#5665 = DIRECTION ( 'NONE',  ( 0.000000000000000000, -1.224646799147352714E-16, -1.000000000000000000 ) ) ;
#5666 = DIRECTION ( 'NONE',  ( -1.000000000000000000, 0.000000000000000000, 0.000000000000000000 ) ) ;
#5667 =( NAMED_UNIT ( * ) PLANE_ANGLE_UNIT ( ) SI_UNIT ( $, .RADIAN. ) );
#5668 = ORIENTED_EDGE ( 'NONE', *, *, #2093, .T. ) ;
#5669 =( LENGTH_UNIT ( ) NAMED_UNIT ( * ) SI_UNIT ( .MILLI., .METRE. ) );
#5670 = DIRECTION ( 'NONE',  ( -0.3393303772748785252, -0.9406672605435402179, 0.000000000000000000 ) ) ;
#5671 = FILL_AREA_STYLE ('',( #3332 ) ) ;
#5672 = COLOUR_RGB ( '',0.1019607843137254888, 0.1019607843137254888, 0.1019607843137254888 ) ;
#5674 = DIRECTION ( 'NONE',  ( 0.000000000000000000, 1.000000000000000000, 0.000000000000000000 ) ) ;
#5673 = VECTOR ( 'NONE', #1069, 1000.000000000000000 ) ;
#5675 = CARTESIAN_POINT ( 'NONE',  ( -0.01571311856326925924, -0.01909732112072104818, 0.001000000000000000021 ) ) ;
#5676 = ORIENTED_EDGE ( 'NONE', *, *, #684, .F. ) ;
#5677 = SURFACE_STYLE_FILL_AREA ( #3421 ) ;
#5678 = LINE ( 'NONE', #3479, #2072 ) ;
#5679 = STYLED_ITEM ( 'NONE', ( #5030 ), #1705 ) ;
#5680 = SURFACE_STYLE_FILL_AREA ( #4775 ) ;
#5681 = EDGE_CURVE ( 'NONE', #2506, #704, #4521, .T. ) ;
#5682 = FILL_AREA_STYLE_COLOUR ( '', #1037 ) ;
#5683 = SURFACE_STYLE_FILL_AREA ( #5595 ) ;
#5684 = PLANE ( 'NONE',  #18 ) ;
#5685 = MECHANICAL_DESIGN_GEOMETRIC_PRESENTATION_REPRESENTATION (  '', ( #4630 ), #983 ) ;
#5686 = CARTESIAN_POINT ( 'NONE',  ( 0.03791023384645993838, 0.02561000360963487307, 0.001000000000000000021 ) ) ;
#5687 = FILL_AREA_STYLE ('',( #3861 ) ) ;
#5688 =( LENGTH_UNIT ( ) NAMED_UNIT ( * ) SI_UNIT ( .MILLI., .METRE. ) );
#5689 = DIRECTION ( 'NONE',  ( -0.3536223923290756632, 0.9353882635801357148, 0.000000000000000000 ) ) ;
#5690 = FILL_AREA_STYLE ('',( #4757 ) ) ;
#5691 = DIRECTION ( 'NONE',  ( 0.000000000000000000, 0.000000000000000000, -1.000000000000000000 ) ) ;
#5692 = FILL_AREA_STYLE ('',( #465 ) ) ;
#5693 = APPLICATION_CONTEXT ( 'automotive_design' ) ;
#5694 = EDGE_CURVE ( 'NONE', #5609, #3236, #3914, .T. ) ;
#5695 = ORIENTED_EDGE ( 'NONE', *, *, #267, .T. ) ;
#5696 = ORIENTED_EDGE ( 'NONE', *, *, #4484, .T. ) ;
#5697 = UNCERTAINTY_MEASURE_WITH_UNIT (LENGTH_MEASURE( 1.000000000000000082E-05 ), #269, 'distance_accuracy_value', 'NONE');
#5698 = CARTESIAN_POINT ( 'NONE',  ( 0.06233566192453564303, -0.02458512599876982660, 0.001000000000000000021 ) ) ;
#5699 = DIRECTION ( 'NONE',  ( 0.000000000000000000, -1.000000000000000000, -1.149544714130836139E-16 ) ) ;
#5700 = CARTESIAN_POINT ( 'NONE',  ( -0.1540667895922966657, 0.000000000000000000, 0.2890000000000000346 ) ) ;
#5701 = ORIENTED_EDGE ( 'NONE', *, *, #3757, .F. ) ;
#5702 = EDGE_CURVE ( 'NONE', #1963, #1553, #4432, .T. ) ;
#5703 = CARTESIAN_POINT ( 'NONE',  ( 0.004408832656242948553, -0.01909732112072104818, 0.000000000000000000 ) ) ;
#5704 = DIRECTION ( 'NONE',  ( -1.000000000000000000, 0.000000000000000000, 0.000000000000000000 ) ) ;
#5705 = FILL_AREA_STYLE ('',( #106 ) ) ;
#5706 = CARTESIAN_POINT ( 'NONE',  ( 0.2899999999999999800, 0.1399999999999999301, -0.009999999999999998473 ) ) ;
#5707 = UNCERTAINTY_MEASURE_WITH_UNIT (LENGTH_MEASURE( 1.000000000000000082E-05 ), #2386, 'distance_accuracy_value', 'NONE');
#5708 = VERTEX_POINT ( 'NONE', #3516 ) ;
#5709 =( GEOMETRIC_REPRESENTATION_CONTEXT ( 3 ) GLOBAL_UNCERTAINTY_ASSIGNED_CONTEXT ( ( #1001 ) ) GLOBAL_UNIT_ASSIGNED_CONTEXT ( ( #2304, #4271, #6014 ) ) REPRESENTATION_CONTEXT ( 'NONE', 'WORKASPACE' ) );
#5710 = EDGE_CURVE ( 'NONE', #2526, #320, #5297, .T. ) ;
#5711 = PRESENTATION_STYLE_ASSIGNMENT (( #5792 ) ) ;
#5712 = SURFACE_STYLE_FILL_AREA ( #1541 ) ;
#5713 = STYLED_ITEM ( 'NONE', ( #4981 ), #3772 ) ;
#5714 = CARTESIAN_POINT ( 'NONE',  ( -0.3000000000000000444, 0.1399999999999999301, -0.009999999999999998473 ) ) ;
#5715 = DIRECTION ( 'NONE',  ( 1.000000000000000000, 0.000000000000000000, -0.000000000000000000 ) ) ;
#5716 = CARTESIAN_POINT ( 'NONE',  ( 0.08794541802209661363, 0.02541487400123018311, 0.001000000000000000021 ) ) ;
#5717 = CARTESIAN_POINT ( 'NONE',  ( 0.08794541802209661363, -0.02458512599876982660, 0.001000000000000000021 ) ) ;
#5718 =( GEOMETRIC_REPRESENTATION_CONTEXT ( 3 ) GLOBAL_UNCERTAINTY_ASSIGNED_CONTEXT ( ( #1991 ) ) GLOBAL_UNIT_ASSIGNED_CONTEXT ( ( #1164, #1655, #4088 ) ) REPRESENTATION_CONTEXT ( 'NONE', 'WORKASPACE' ) );
#5719 = CARTESIAN_POINT ( 'NONE',  ( 0.2899999999999999800, 0.1399999999999999301, 0.2799999999999999156 ) ) ;
#5720 = LINE ( 'NONE', #1095, #5170 ) ;
#5721 = CARTESIAN_POINT ( 'NONE',  ( -0.08146197527058633703, -0.01056073575486738726, 0.001000000000000000021 ) ) ;
#5722 = CARTESIAN_POINT ( 'NONE',  ( -0.05226685326664547854, 0.01629139429080626519, 0.000000000000000000 ) ) ;
#5723 = DIRECTION ( 'NONE',  ( -0.000000000000000000, -0.000000000000000000, -1.000000000000000000 ) ) ;
#5724 =( GEOMETRIC_REPRESENTATION_CONTEXT ( 3 ) GLOBAL_UNCERTAINTY_ASSIGNED_CONTEXT ( ( #2800 ) ) GLOBAL_UNIT_ASSIGNED_CONTEXT ( ( #2313, #925, #1483 ) ) REPRESENTATION_CONTEXT ( 'NONE', 'WORKASPACE' ) );
#5725 = VERTEX_POINT ( 'NONE', #222 ) ;
#5726 = ORIENTED_EDGE ( 'NONE', *, *, #3353, .F. ) ;
#5727 = DIRECTION ( 'NONE',  ( 0.000000000000000000, -1.000000000000000000, 0.000000000000000000 ) ) ;
#5728 = SURFACE_STYLE_FILL_AREA ( #3807 ) ;
#5729 = PRESENTATION_STYLE_ASSIGNMENT (( #4741 ) ) ;
#5730 = UNCERTAINTY_MEASURE_WITH_UNIT (LENGTH_MEASURE( 1.000000000000000082E-05 ), #2481, 'distance_accuracy_value', 'NONE');
#5731 = ORIENTED_EDGE ( 'NONE', *, *, #877, .F. ) ;
#5732 = SURFACE_SIDE_STYLE ('',( #3330 ) ) ;
#5733 = DIRECTION ( 'NONE',  ( -1.000000000000000000, -9.680376540049147084E-17, -0.000000000000000000 ) ) ;
#5734 = CARTESIAN_POINT ( 'NONE',  ( -0.04725608404822227715, -0.02365420448033158859, 0.001000000000000000021 ) ) ;
#5735 = CARTESIAN_POINT ( 'NONE',  ( -0.04746004916354465419, 0.02452012321543671491, 0.000000000000000000 ) ) ;
#5736 = ADVANCED_FACE ( 'NONE', ( #769 ), #1369, .T. ) ;
#5737 = SURFACE_STYLE_USAGE ( .BOTH. , #4748 ) ;
#5738 = VECTOR ( 'NONE', #325, 1000.000000000000000 ) ;
#5739 = DIRECTION ( 'NONE',  ( -0.000000000000000000, 0.000000000000000000, -1.000000000000000000 ) ) ;
#5740 = CARTESIAN_POINT ( 'NONE',  ( 0.03745014050222403995, -0.01940564457077746663, 0.001000000000000000021 ) ) ;
#5741 = CARTESIAN_POINT ( 'NONE',  ( 0.2000000000000000111, 0.1400000000000000411, 1.694065894508600678E-18 ) ) ;
#5742 = SURFACE_SIDE_STYLE ('',( #113 ) ) ;
#5743 = CARTESIAN_POINT ( 'NONE',  ( 0.05710837624939206492, 0.007771798363351167631, 0.001000000000000000021 ) ) ;
#5744 = FACE_OUTER_BOUND ( 'NONE', #2236, .T. ) ;
#5745 = CARTESIAN_POINT ( 'NONE',  ( -0.2899999999999999800, -0.1500000000000000222, -3.265667109102466307E-17 ) ) ;
#5746 = DIRECTION ( 'NONE',  ( 0.000000000000000000, 1.000000000000000000, 1.149544714130836139E-16 ) ) ;
#5747 = VECTOR ( 'NONE', #2319, 1000.000000000000000 ) ;
#5748 = CARTESIAN_POINT ( 'NONE',  ( 0.05562409414350599074, -0.01274693200976809333, 0.001000000000000000021 ) ) ;
#5749 = DIRECTION ( 'NONE',  ( -0.000000000000000000, -1.000000000000000000, -0.000000000000000000 ) ) ;
#5750 = CARTESIAN_POINT ( 'NONE',  ( -0.1500000000000000500, 0.1400000000000000411, 1.694065894508600678E-18 ) ) ;
#5751 = CARTESIAN_POINT ( 'NONE',  ( 0.004408832656242948553, 0.01992706912318139775, 0.001000000000000000021 ) ) ;
#5752 = CARTESIAN_POINT ( 'NONE',  ( 0.04907027026142734422, 0.02046102398664923980, 0.000000000000000000 ) ) ;
#5753 = ORIENTED_EDGE ( 'NONE', *, *, #2605, .F. ) ;
#5754 = ORIENTED_EDGE ( 'NONE', *, *, #2868, .F. ) ;
#5755 =( NAMED_UNIT ( * ) SI_UNIT ( $, .STERADIAN. ) SOLID_ANGLE_UNIT ( ) );
#5756 = FILL_AREA_STYLE ('',( #1502 ) ) ;
#5757 = ORIENTED_EDGE ( 'NONE', *, *, #49, .T. ) ;
#5758 = CARTESIAN_POINT ( 'NONE',  ( -0.2000000000000000111, 0.1399999999999999301, 0.2800000000000000266 ) ) ;
#5759 = MANIFOLD_SOLID_BREP ( '¾µÏò2', #1747 ) ;
#5760 = FILL_AREA_STYLE ('',( #1946 ) ) ;
#5761 = CARTESIAN_POINT ( 'NONE',  ( -0.05828436243386193871, 0.01882822962129672428, 0.000000000000000000 ) ) ;
#5762 = ORIENTED_EDGE ( 'NONE', *, *, #1068, .F. ) ;
#5763 = EDGE_CURVE ( 'NONE', #525, #3321, #2355, .T. ) ;
#5764 = B_SPLINE_CURVE_WITH_KNOTS ( 'NONE', 3,
 ( #1209, #1779, #1741, #5018, #3101, #1243, #3129, #4039, #814, #4608, #2261, #2701, #3646, #6000, #5870, #301, #5936, #3227, #1673 ),
 .UNSPECIFIED., .F., .F.,
 ( 4, 1, 1, 1, 1, 1, 1, 1, 1, 1, 1, 1, 1, 1, 1, 1, 4 ),
 ( 0.000000000000000000, 0.07082657255516341954, 0.1381690332797999854, 0.2024753315338422566, 0.2639737544135198899, 0.3233803205980371187, 0.3817976227131854583, 0.4393900745193891066, 0.4969027245459975983, 0.5546621696093703147, 0.6127418784921975226, 0.6715388363911724001, 0.7316557220901981351, 0.7942978116139531863, 0.8594822049793585661, 0.9276813254527899177, 1.000000000000000000 ),
 .UNSPECIFIED. ) ;
#5765 =( GEOMETRIC_REPRESENTATION_CONTEXT ( 3 ) GLOBAL_UNCERTAINTY_ASSIGNED_CONTEXT ( ( #2403 ) ) GLOBAL_UNIT_ASSIGNED_CONTEXT ( ( #4934, #4905, #4450 ) ) REPRESENTATION_CONTEXT ( 'NONE', 'WORKASPACE' ) );
#5766 = STYLED_ITEM ( 'NONE', ( #5949 ), #2625 ) ;
#5767 = CARTESIAN_POINT ( 'NONE',  ( 0.3000000000000000444, -0.1400000000000000411, 0.2799999999999998601 ) ) ;
#5768 = EDGE_CURVE ( 'NONE', #3709, #4544, #3289, .T. ) ;
#5769 = DIRECTION ( 'NONE',  ( 0.000000000000000000, -0.000000000000000000, 1.000000000000000000 ) ) ;
#5770 = STYLED_ITEM ( 'NONE', ( #3317 ), #5341 ) ;
#5771 = FACE_BOUND ( 'NONE', #2594, .T. ) ;
#5772 = STYLED_ITEM ( 'NONE', ( #3657 ), #1719 ) ;
#5773 = CARTESIAN_POINT ( 'NONE',  ( 0.05406856178083804115, 0.01481519187120709444, 0.000000000000000000 ) ) ;
#5774 = LINE ( 'NONE', #5304, #1202 ) ;
#5775 = CARTESIAN_POINT ( 'NONE',  ( -0.05695038685776004916, 0.01091651507169538911, 0.001000000000000000021 ) ) ;
#5776 = DIRECTION ( 'NONE',  ( 0.000000000000000000, 1.000000000000000000, 0.000000000000000000 ) ) ;
#5777 = PRESENTATION_LAYER_ASSIGNMENT (  '', '', ( #207 ) ) ;
#5778 = LINE ( 'NONE', #4868, #2405 ) ;
#5779 = CARTESIAN_POINT ( 'NONE',  ( 0.03263863448551124202, 0.02602463009879115233, 0.001000000000000000021 ) ) ;
#5780 = ORIENTED_EDGE ( 'NONE', *, *, #5953, .T. ) ;
#5781 = VERTEX_POINT ( 'NONE', #5540 ) ;
#5782 = ADVANCED_FACE ( 'NONE', ( #5139 ), #1847, .T. ) ;
#5783 = PRESENTATION_STYLE_ASSIGNMENT (( #2053 ) ) ;
#5784 =( GEOMETRIC_REPRESENTATION_CONTEXT ( 3 ) GLOBAL_UNCERTAINTY_ASSIGNED_CONTEXT ( ( #3413 ) ) GLOBAL_UNIT_ASSIGNED_CONTEXT ( ( #1766, #5928, #2726 ) ) REPRESENTATION_CONTEXT ( 'NONE', 'WORKASPACE' ) );
#5785 = STYLED_ITEM ( 'NONE', ( #655 ), #2593 ) ;
#5786 = CARTESIAN_POINT ( 'NONE',  ( -0.01327409417302535810, -0.002024150389013728082, 0.001000000000000000021 ) ) ;
#5787 = ORIENTED_EDGE ( 'NONE', *, *, #3889, .F. ) ;
#5788 = FILL_AREA_STYLE_COLOUR ( '', #4246 ) ;
#5789 = FACE_OUTER_BOUND ( 'NONE', #5344, .T. ) ;
#5790 = ORIENTED_EDGE ( 'NONE', *, *, #1764, .F. ) ;
#5791 = PRESENTATION_STYLE_ASSIGNMENT (( #2090 ) ) ;
#5792 = SURFACE_STYLE_USAGE ( .BOTH. , #3367 ) ;
#5793 = EDGE_CURVE ( 'NONE', #704, #4821, #5974, .T. ) ;
#5794 = CARTESIAN_POINT ( 'NONE',  ( -0.04986535551506855041, 0.02379819827895601758, 0.001000000000000000021 ) ) ;
#5795 = AXIS2_PLACEMENT_3D ( 'NONE', #3041, #735, #713 ) ;
#5796 = CARTESIAN_POINT ( 'NONE',  ( 0.2000000000000000389, -0.1500000000000000222, -3.265667109102466307E-17 ) ) ;
#5797 = CARTESIAN_POINT ( 'NONE',  ( -0.04746004916354465419, 0.02452012321543671491, 0.001000000000000000021 ) ) ;
#5798 = CARTESIAN_POINT ( 'NONE',  ( 0.04708071240259774359, 0.02195204512702905730, 0.000000000000000000 ) ) ;
#5799 = DIRECTION ( 'NONE',  ( -0.000000000000000000, 0.000000000000000000, -1.000000000000000000 ) ) ;
#5800 = CARTESIAN_POINT ( 'NONE',  ( -0.05226685326664547854, 0.01629139429080626519, 0.001000000000000000021 ) ) ;
#5801 = PRESENTATION_LAYER_ASSIGNMENT (  '', '', ( #2387 ) ) ;
#5802 = CARTESIAN_POINT ( 'NONE',  ( 0.05802116059570023437, -0.003207505579874123797, 0.001000000000000000021 ) ) ;
#5803 = VECTOR ( 'NONE', #5495, 1000.000000000000000 ) ;
#5804 = B_SPLINE_SURFACE_WITH_KNOTS ( 'NONE', 3, 1, ( 
 ( #5001, #858 ),
 ( #4585, #2179 ),
 ( #3572, #1829 ),
 ( #2148, #4550 ),
 ( #3144, #4087 ),
 ( #5950, #4053 ),
 ( #378, #1755 ),
 ( #4023, #3629 ),
 ( #3692, #4151 ),
 ( #5883, #2240 ),
 ( #6013, #1683 ) ),
 .UNSPECIFIED., .F., .F., .F.,
 ( 4, 1, 1, 1, 1, 1, 1, 1, 4 ),
 ( 2, 2 ),
 ( 0.000000000000000000, 0.1451868664724696723, 0.2834426109197301091, 0.4165243659288290767, 0.5431811235350824107, 0.6651530826377128891, 0.7813602063127155217, 0.8927566556418091714, 1.000000000000000000 ),
 ( 0.000000000000000000, 1.000000000000000000 ),
 .UNSPECIFIED. ) ;
#5805 = ORIENTED_EDGE ( 'NONE', *, *, #3941, .T. ) ;
#5806 = VERTEX_POINT ( 'NONE', #3648 ) ;
#5807 = SURFACE_STYLE_FILL_AREA ( #303 ) ;
#5808 = VECTOR ( 'NONE', #3700, 1000.000000000000000 ) ;
#5809 = ORIENTED_EDGE ( 'NONE', *, *, #943, .T. ) ;
#5810 = CARTESIAN_POINT ( 'NONE',  ( -0.02546921612424486725, 0.02541487400123018311, 0.001000000000000000021 ) ) ;
#5811 = STYLED_ITEM ( 'NONE', ( #944 ), #4243 ) ;
#5812 = CARTESIAN_POINT ( 'NONE',  ( -0.03906487161204973829, -0.02458512599876982660, 0.000000000000000000 ) ) ;
#5813 = CARTESIAN_POINT ( 'NONE',  ( -0.2899999999999999800, -0.1400000000000000133, -3.388131789017201356E-17 ) ) ;
#5814 =( NAMED_UNIT ( * ) SI_UNIT ( $, .STERADIAN. ) SOLID_ANGLE_UNIT ( ) );
#5815 = PRESENTATION_LAYER_ASSIGNMENT (  '', '', ( #2902 ) ) ;
#5816 = VECTOR ( 'NONE', #4191, 1000.000000000000000 ) ;
#5817 = VERTEX_POINT ( 'NONE', #1338 ) ;
#5818 = PRESENTATION_LAYER_ASSIGNMENT (  '', '', ( #2716 ) ) ;
#5819 = STYLED_ITEM ( 'NONE', ( #580 ), #5615 ) ;
#5820 = CARTESIAN_POINT ( 'NONE',  ( 0.02472128616601435361, 0.02527365291818879645, 0.000000000000000000 ) ) ;
#5821 = AXIS2_PLACEMENT_3D ( 'NONE', #1168, #4466, #3602 ) ;
#5822 = CARTESIAN_POINT ( 'NONE',  ( -0.05636995681047498458, 0.02037234803549054993, 0.001000000000000000021 ) ) ;
#5823 = UNCERTAINTY_MEASURE_WITH_UNIT (LENGTH_MEASURE( 1.000000000000000082E-05 ), #5130, 'distance_accuracy_value', 'NONE');
#5824 = SURFACE_STYLE_USAGE ( .BOTH. , #3519 ) ;
#5825 = CARTESIAN_POINT ( 'NONE',  ( 0.2899999999999999800, 0.1399999999999999301, 0.2899999999999999245 ) ) ;
#5826 = DIRECTION ( 'NONE',  ( -0.000000000000000000, -0.000000000000000000, -1.000000000000000000 ) ) ;
#5827 = CARTESIAN_POINT ( 'NONE',  ( 0.02087224729038928209, -0.02199366258413568143, 0.000000000000000000 ) ) ;
#5828 = DIRECTION ( 'NONE',  ( 0.000000000000000000, -1.000000000000000000, 0.000000000000000000 ) ) ;
#5829 = CARTESIAN_POINT ( 'NONE',  ( 0.01111614972941367581, 0.02541487400123018311, 0.001000000000000000021 ) ) ;
#5830 = SURFACE_STYLE_USAGE ( .BOTH. , #5867 ) ;
#5831 = SURFACE_SIDE_STYLE ('',( #328 ) ) ;
#5832 = LINE ( 'NONE', #1551, #5072 ) ;
#5833 = ORIENTED_EDGE ( 'NONE', *, *, #1267, .F. ) ;
#5834 = VECTOR ( 'NONE', #4638, 1000.000000000000000 ) ;
#5835 =( NAMED_UNIT ( * ) PLANE_ANGLE_UNIT ( ) SI_UNIT ( $, .RADIAN. ) );
#5836 = CARTESIAN_POINT ( 'NONE',  ( -0.09060831673400097930, 0.01581121546464480873, 0.001000000000000000021 ) ) ;
#5837 = ADVANCED_FACE ( 'NONE', ( #1376 ), #3230, .T. ) ;
#5838 = DIRECTION ( 'NONE',  ( 9.680376540049145852E-17, 1.000000000000000000, 1.936075308009829417E-16 ) ) ;
#5839 = CARTESIAN_POINT ( 'NONE',  ( 0.3000000000000000444, -0.1400000000000000133, -0.01000000000000003317 ) ) ;
#5840 = AXIS2_PLACEMENT_3D ( 'NONE', #639, #4785, #1526 ) ;
#5841 = ORIENTED_EDGE ( 'NONE', *, *, #5524, .T. ) ;
#5842 = DIRECTION ( 'NONE',  ( 0.000000000000000000, 0.000000000000000000, 1.000000000000000000 ) ) ;
#5843 = PRESENTATION_STYLE_ASSIGNMENT (( #281 ) ) ;
#5844 = VECTOR ( 'NONE', #5353, 1000.000000000000000 ) ;
#5845 = STYLED_ITEM ( 'NONE', ( #2907 ), #2060 ) ;
#5846 = PRESENTATION_LAYER_ASSIGNMENT (  '', '', ( #589 ) ) ;
#5847 = LINE ( 'NONE', #5879, #1274 ) ;
#5848 = EDGE_LOOP ( 'NONE', ( #2327, #4100, #2467, #1968, #5587, #5908, #3267, #1325, #2052, #2996 ) ) ;
#5849 = FACE_OUTER_BOUND ( 'NONE', #911, .T. ) ;
#5850 = DIRECTION ( 'NONE',  ( 1.000000000000000000, 0.000000000000000000, -0.000000000000000000 ) ) ;
#5851 =( LENGTH_UNIT ( ) NAMED_UNIT ( * ) SI_UNIT ( .MILLI., .METRE. ) );
#5852 = DIRECTION ( 'NONE',  ( 0.000000000000000000, 0.000000000000000000, -1.000000000000000000 ) ) ;
#5853 = EDGE_CURVE ( 'NONE', #320, #1906, #4288, .T. ) ;
#5854 = EDGE_CURVE ( 'NONE', #5662, #3478, #2941, .T. ) ;
#5855 = DIRECTION ( 'NONE',  ( 0.000000000000000000, -1.000000000000000000, 0.000000000000000000 ) ) ;
#5856 = B_SPLINE_SURFACE_WITH_KNOTS ( 'NONE', 3, 1, ( 
 ( #4272, #321 ),
 ( #3398, #2393 ),
 ( #5875, #2257 ),
 ( #2849, #5528 ),
 ( #1837, #4688 ),
 ( #4186, #5184 ),
 ( #3250, #6049 ),
 ( #2759, #2727 ),
 ( #4126, #5993 ),
 ( #483, #1867 ),
 ( #1800, #3699 ),
 ( #3278, #957 ),
 ( #5123, #4219 ),
 ( #3668, #4597 ),
 ( #2340, #3217 ),
 ( #863, #3787 ),
 ( #4632, #13 ),
 ( #1898, #1328 ),
 ( #3756, #3336 ) ),
 .UNSPECIFIED., .F., .F., .F.,
 ( 4, 1, 1, 1, 1, 1, 1, 1, 1, 1, 1, 1, 1, 1, 1, 1, 4 ),
 ( 2, 2 ),
 ( 0.000000000000000000, 0.07430379644281594198, 0.1443936103644179736, 0.2104994961032796985, 0.2735426065034679555, 0.3338247445790732404, 0.3925296724085029498, 0.4500874545995855458, 0.5078206115557879485, 0.5654649127768468508, 0.6231487223336199532, 0.6812971927909358127, 0.7409134981565812517, 0.8018557521958583623, 0.8652412377209435235, 0.9309416570467442531, 1.000000000000000000 ),
 ( 0.000000000000000000, 1.000000000000000000 ),
 .UNSPECIFIED. ) ;
#5857 = SURFACE_SIDE_STYLE ('',( #2153 ) ) ;
#5858 = MECHANICAL_DESIGN_GEOMETRIC_PRESENTATION_REPRESENTATION (  '', ( #5576 ), #290 ) ;
#5859 = SURFACE_STYLE_FILL_AREA ( #3997 ) ;
#5860 = EDGE_CURVE ( 'NONE', #4515, #5662, #1956, .T. ) ;
#5861 = CARTESIAN_POINT ( 'NONE',  ( -0.1600000000000000311, 0.1300000000000000322, 4.840188270024619726E-19 ) ) ;
#5862 = DIRECTION ( 'NONE',  ( -1.000000000000000000, 9.680376540049147084E-17, 0.000000000000000000 ) ) ;
#5863 = DIRECTION ( 'NONE',  ( 1.000000000000000000, 0.000000000000000000, 0.000000000000000000 ) ) ;
#5864 = PRESENTATION_LAYER_ASSIGNMENT (  '', '', ( #4989 ) ) ;
#5865 = PRESENTATION_LAYER_ASSIGNMENT (  '', '', ( #2460 ) ) ;
#5866 = CARTESIAN_POINT ( 'NONE',  ( -0.2899999999999999800, -0.1400000000000000133, -0.01000000000000003317 ) ) ;
#5867 = SURFACE_SIDE_STYLE ('',( #2624 ) ) ;
#5868 = FILL_AREA_STYLE_COLOUR ( '', #2863 ) ;
#5869 = CARTESIAN_POINT ( 'NONE',  ( 0.004408832656242948553, -0.01909732112072104818, 0.001000000000000000021 ) ) ;
#5870 = CARTESIAN_POINT ( 'NONE',  ( -0.05830802477415204799, -0.005587285445373437777, 0.000000000000000000 ) ) ;
#5871 =( NAMED_UNIT ( * ) SI_UNIT ( $, .STERADIAN. ) SOLID_ANGLE_UNIT ( ) );
#5872 = MECHANICAL_DESIGN_GEOMETRIC_PRESENTATION_REPRESENTATION (  '', ( #2857 ), #979 ) ;
#5873 = CARTESIAN_POINT ( 'NONE',  ( 0.004408832656242948553, -0.002024150389013728082, 0.001000000000000000021 ) ) ;
#5874 =( NAMED_UNIT ( * ) SI_UNIT ( $, .STERADIAN. ) SOLID_ANGLE_UNIT ( ) );
#5875 = CARTESIAN_POINT ( 'NONE',  ( -0.05895756387182943259, 0.003155461583717800254, 0.001000000000000000021 ) ) ;
#5876 = VERTEX_POINT ( 'NONE', #590 ) ;
#5877 = DIRECTION ( 'NONE',  ( 9.680376540049147084E-17, 1.000000000000000000, 0.000000000000000000 ) ) ;
#5878 = MECHANICAL_DESIGN_GEOMETRIC_PRESENTATION_REPRESENTATION (  '', ( #4328 ), #3645 ) ;
#5879 = CARTESIAN_POINT ( 'NONE',  ( 0.004408832656242948553, 0.003463654489035054244, 0.001000000000000000021 ) ) ;
#5880 = ORIENTED_EDGE ( 'NONE', *, *, #5444, .T. ) ;
#5881 =( GEOMETRIC_REPRESENTATION_CONTEXT ( 3 ) GLOBAL_UNCERTAINTY_ASSIGNED_CONTEXT ( ( #1901 ) ) GLOBAL_UNIT_ASSIGNED_CONTEXT ( ( #3412, #646, #4329 ) ) REPRESENTATION_CONTEXT ( 'NONE', 'WORKASPACE' ) );
#5882 = CARTESIAN_POINT ( 'NONE',  ( -0.09227991538027045804, 0.01601070718730033052, 0.001000000000000000021 ) ) ;
#5883 = CARTESIAN_POINT ( 'NONE',  ( 0.02127025346592198093, 0.02420448226326165492, 0.001000000000000000021 ) ) ;
#5884 = CARTESIAN_POINT ( 'NONE',  ( -0.01449360636814730173, 0.01992706912318139775, 0.000000000000000000 ) ) ;
#5885 = LINE ( 'NONE', #1226, #1424 ) ;
#5886 = CARTESIAN_POINT ( 'NONE',  ( -0.05900580149009851394, 0.0009007733914740772251, 0.001000000000000000021 ) ) ;
#5887 = CARTESIAN_POINT ( 'NONE',  ( -0.01327409417302535810, -0.002024150389013728082, 0.001000000000000000021 ) ) ;
#5888 = CARTESIAN_POINT ( 'NONE',  ( 0.1600000000000000033, -0.1299999999999999767, -0.01000000000000003143 ) ) ;
#5889 = EDGE_CURVE ( 'NONE', #5293, #3674, #2883, .T. ) ;
#5890 = CARTESIAN_POINT ( 'NONE',  ( -0.04002190746100014324, -0.02456781072996205156, -0.000000000000000000 ) ) ;
#5891 = ORIENTED_EDGE ( 'NONE', *, *, #1740, .T. ) ;
#5892 = LINE ( 'NONE', #3088, #2870 ) ;
#5893 = LINE ( 'NONE', #2218, #3295 ) ;
#5894 = LINE ( 'NONE', #1768, #5803 ) ;
#5895 = LINE ( 'NONE', #1803, #2810 ) ;
#5896 = FILL_AREA_STYLE ('',( #3063 ) ) ;
#5897 = PRESENTATION_LAYER_ASSIGNMENT (  '', '', ( #3468 ) ) ;
#5898 = CARTESIAN_POINT ( 'NONE',  ( 0.05651904521848645502, -0.01056467077540288076, 0.001000000000000000021 ) ) ;
#5899 = DIRECTION ( 'NONE',  ( 0.000000000000000000, -0.000000000000000000, 1.000000000000000000 ) ) ;
#5900 = LINE ( 'NONE', #5405, #5556 ) ;
#5901 = DIRECTION ( 'NONE',  ( 1.000000000000000000, -9.680376540049147084E-17, -0.000000000000000000 ) ) ;
#5902 = ORIENTED_EDGE ( 'NONE', *, *, #2465, .F. ) ;
#5903 =( LENGTH_UNIT ( ) NAMED_UNIT ( * ) SI_UNIT ( .MILLI., .METRE. ) );
#5904 = SURFACE_STYLE_FILL_AREA ( #3035 ) ;
#5906 = CARTESIAN_POINT ( 'NONE',  ( -0.05610782381410100994, -0.01095545269230039503, 0.001000000000000000021 ) ) ;
#5905 = STYLED_ITEM ( 'NONE', ( #5711 ), #3959 ) ;
#5907 = CARTESIAN_POINT ( 'NONE',  ( 0.04334397281597038298, 0.01741247355745446923, 0.000000000000000000 ) ) ;
#5908 = ORIENTED_EDGE ( 'NONE', *, *, #5488, .F. ) ;
#5909 =( NAMED_UNIT ( * ) SI_UNIT ( $, .STERADIAN. ) SOLID_ANGLE_UNIT ( ) );
#5910 = COLOUR_RGB ( '',0.1019607843137254888, 0.1019607843137254888, 0.1019607843137254888 ) ;
#5911 = CARTESIAN_POINT ( 'NONE',  ( 0.01111614972941367581, 0.02541487400123018311, 0.000000000000000000 ) ) ;
#5912 = EDGE_CURVE ( 'NONE', #2297, #3268, #2385, .T. ) ;
#5913 = EDGE_LOOP ( 'NONE', ( #494, #5701, #2920, #5260 ) ) ;
#5914 = DIRECTION ( 'NONE',  ( 0.000000000000000000, -1.000000000000000000, 0.000000000000000000 ) ) ;
#5915 = CARTESIAN_POINT ( 'NONE',  ( 0.03434804140680379481, -0.01969052231408785492, -0.000000000000000000 ) ) ;
#5916 = CYLINDRICAL_SURFACE ( 'NONE', #920, 0.01000000000000000021 ) ;
#5917 = PRESENTATION_STYLE_ASSIGNMENT (( #2149 ) ) ;
#5918 = EDGE_CURVE ( 'NONE', #5806, #4893, #4179, .T. ) ;
#5919 = STYLED_ITEM ( 'NONE', ( #3340 ), #3270 ) ;
#5920 = VECTOR ( 'NONE', #2626, 1000.000000000000000 ) ;
#5921 = CARTESIAN_POINT ( 'NONE',  ( -0.06285268527417590956, 0.01322014298360684077, 0.000000000000000000 ) ) ;
#5922 = DIRECTION ( 'NONE',  ( 1.000000000000000000, 0.000000000000000000, -0.000000000000000000 ) ) ;
#5923 = CARTESIAN_POINT ( 'NONE',  ( -0.05635928572702612188, -0.01924475055041157887, 0.001000000000000000021 ) ) ;
#5924 = CARTESIAN_POINT ( 'NONE',  ( 0.02500780050364875828, 0.01930648144060460522, 0.001000000000000000021 ) ) ;
#5925 = CARTESIAN_POINT ( 'NONE',  ( -0.04725608404822227715, -0.02365420448033158859, 0.000000000000000000 ) ) ;
#5926 = CIRCLE ( 'NONE', #5146, 0.01000000000000002623 ) ;
#5927 = MECHANICAL_DESIGN_GEOMETRIC_PRESENTATION_REPRESENTATION (  '', ( #1031 ), #5048 ) ;
#5928 =( NAMED_UNIT ( * ) PLANE_ANGLE_UNIT ( ) SI_UNIT ( $, .RADIAN. ) );
#5929 = DIRECTION ( 'NONE',  ( -0.000000000000000000, -0.000000000000000000, 1.000000000000000000 ) ) ;
#5930 =( LENGTH_UNIT ( ) NAMED_UNIT ( * ) SI_UNIT ( .MILLI., .METRE. ) );
#5931 =( NAMED_UNIT ( * ) SI_UNIT ( $, .STERADIAN. ) SOLID_ANGLE_UNIT ( ) );
#5932 = VECTOR ( 'NONE', #659, 1000.000000000000000 ) ;
#5933 = CARTESIAN_POINT ( 'NONE',  ( -0.3000000000000000444, 0.1399999999999999301, -0.01000000000000000021 ) ) ;
#5934 = ORIENTED_EDGE ( 'NONE', *, *, #943, .F. ) ;
#5935 = COLOUR_RGB ( '',0.007843137254901960675, 0.5137254901960783826, 0.8235294117647058432 ) ;
#5936 = CARTESIAN_POINT ( 'NONE',  ( -0.05895501704484117089, -0.001362795352829676045, 0.000000000000000000 ) ) ;
#5937 = FILL_AREA_STYLE ('',( #4075 ) ) ;
#5938 = PRESENTATION_STYLE_ASSIGNMENT (( #5476 ) ) ;
#5939 = CARTESIAN_POINT ( 'NONE',  ( -0.04565522136070260945, -0.01839184609293055897, 0.001000000000000000021 ) ) ;
#5940 = CARTESIAN_POINT ( 'NONE',  ( 0.05130901690442551955, 0.002157578739914025722, 0.000000000000000000 ) ) ;
#5941 = ORIENTED_EDGE ( 'NONE', *, *, #5889, .T. ) ;
#5942 = ORIENTED_EDGE ( 'NONE', *, *, #1832, .F. ) ;
#5943 = PRESENTATION_STYLE_ASSIGNMENT (( #4083 ) ) ;
#5944 = ADVANCED_FACE ( 'NONE', ( #147 ), #5402, .T. ) ;
#5945 = MANIFOLD_SOLID_BREP ( 'Ô²½Ç2', #2437 ) ;
#5946 = LINE ( 'NONE', #3512, #5844 ) ;
#5947 = VERTEX_POINT ( 'NONE', #2127 ) ;
#5948 = VECTOR ( 'NONE', #2874, 1000.000000000000000 ) ;
#5949 = PRESENTATION_STYLE_ASSIGNMENT (( #3143 ) ) ;
#5950 = CARTESIAN_POINT ( 'NONE',  ( 0.02615796964005627154, 0.02554129088778282416, 0.001000000000000000021 ) ) ;
#5951 = SURFACE_STYLE_FILL_AREA ( #4055 ) ;
#5952 = AXIS2_PLACEMENT_3D ( 'NONE', #3190, #395, #4957 ) ;
#5953 = EDGE_CURVE ( 'NONE', #1648, #159, #997, .T. ) ;
#5954 = DIRECTION ( 'NONE',  ( -1.000000000000000000, -9.680376540049147084E-17, -0.000000000000000000 ) ) ;
#5955 = SURFACE_STYLE_USAGE ( .BOTH. , #2653 ) ;
#5956 = EDGE_CURVE ( 'NONE', #2951, #515, #3461, .T. ) ;
#5957 = ORIENTED_EDGE ( 'NONE', *, *, #1880, .T. ) ;
#5958 = SURFACE_SIDE_STYLE ('',( #806 ) ) ;
#5959 = CARTESIAN_POINT ( 'NONE',  ( -0.03955077100229364984, 0.01992706912318139775, 0.000000000000000000 ) ) ;
#5960 = CARTESIAN_POINT ( 'NONE',  ( 0.04423182879657706207, -0.02354066071042681257, 0.000000000000000000 ) ) ;
#5961 = CARTESIAN_POINT ( 'NONE',  ( 0.2000000000000000389, 0.1399999999999999301, 0.2900000000000000355 ) ) ;
#5962 = DIRECTION ( 'NONE',  ( 1.000000000000000000, 0.000000000000000000, 0.000000000000000000 ) ) ;
#5963 = B_SPLINE_CURVE_WITH_KNOTS ( 'NONE', 3,
 ( #3598, #248, #3139, #4999, #799, #2679, #1590, #3476, #5253, #1062, #5722, #2974, #5225, #638, #2514, #1123, #4380, #179, #2049 ),
 .UNSPECIFIED., .F., .F.,
 ( 4, 1, 1, 1, 1, 1, 1, 1, 1, 1, 1, 1, 1, 1, 1, 1, 4 ),
 ( 0.000000000000000000, 0.07430379644281594198, 0.1443936103644179736, 0.2104994961032796985, 0.2735426065034679555, 0.3338247445790732404, 0.3925296724085029498, 0.4500874545995855458, 0.5078206115557879485, 0.5654649127768468508, 0.6231487223336199532, 0.6812971927909358127, 0.7409134981565812517, 0.8018557521958583623, 0.8652412377209435235, 0.9309416570467442531, 1.000000000000000000 ),
 .UNSPECIFIED. ) ;
#5964 = CARTESIAN_POINT ( 'NONE',  ( -0.09157058807546437917, 0.01931731302562042160, 0.001000000000000000021 ) ) ;
#5965 = FILL_AREA_STYLE_COLOUR ( '', #4326 ) ;
#5966 =( LENGTH_UNIT ( ) NAMED_UNIT ( * ) SI_UNIT ( .MILLI., .METRE. ) );
#5967 = PRODUCT_DEFINITION_SHAPE ( 'NONE', 'NONE',  #2429 ) ;
#5968 = UNCERTAINTY_MEASURE_WITH_UNIT (LENGTH_MEASURE( 1.000000000000000082E-05 ), #5632, 'distance_accuracy_value', 'NONE');
#5969 =( NAMED_UNIT ( * ) PLANE_ANGLE_UNIT ( ) SI_UNIT ( $, .RADIAN. ) );
#5970 = VECTOR ( 'NONE', #3263, 1000.000000000000000 ) ;
#5971 = VECTOR ( 'NONE', #1720, 1000.000000000000000 ) ;
#5972 = CARTESIAN_POINT ( 'NONE',  ( 0.2000000000000000389, 0.1399999999999999301, 0.2900000000000000355 ) ) ;
#5973 = PRESENTATION_STYLE_ASSIGNMENT (( #1878 ) ) ;
#5974 = LINE ( 'NONE', #2742, #2518 ) ;
#5975 = SURFACE_STYLE_USAGE ( .BOTH. , #5055 ) ;
#5976 = CARTESIAN_POINT ( 'NONE',  ( -0.05381196832622963527, -0.01386121639614156138, 0.001000000000000000021 ) ) ;
#5977 = AXIS2_PLACEMENT_3D ( 'NONE', #788, #2768, #2667 ) ;
#5978 = VERTEX_POINT ( 'NONE', #4411 ) ;
#5979 = EDGE_CURVE ( 'NONE', #1447, #5708, #296, .T. ) ;
#5980 = ORIENTED_EDGE ( 'NONE', *, *, #1516, .F. ) ;
#5981 = CARTESIAN_POINT ( 'NONE',  ( 0.03462986924160880303, -0.02519488209633080275, 0.001000000000000000021 ) ) ;
#5982 = VERTEX_POINT ( 'NONE', #3121 ) ;
#5983 = FACE_OUTER_BOUND ( 'NONE', #3754, .T. ) ;
#5984 = DIRECTION ( 'NONE',  ( 9.680376540049145852E-17, -1.000000000000000000, -1.149544714130836139E-16 ) ) ;
#5985 = COLOUR_RGB ( '',0.1019607843137254888, 0.1019607843137254888, 0.1019607843137254888 ) ;
#5986 = FILL_AREA_STYLE ('',( #4120 ) ) ;
#5987 = VECTOR ( 'NONE', #228, 1000.000000000000000 ) ;
#5988 = CARTESIAN_POINT ( 'NONE',  ( -0.3000000000000000444, 0.1399999999999999301, 0.2799999999999999156 ) ) ;
#5989 = ORIENTED_EDGE ( 'NONE', *, *, #5488, .T. ) ;
#5990 = COLOUR_RGB ( '',0.1019607843137254888, 0.1019607843137254888, 0.1019607843137254888 ) ;
#5991 = ORIENTED_EDGE ( 'NONE', *, *, #2000, .T. ) ;
#5992 = EDGE_CURVE ( 'NONE', #1397, #1075, #1667, .T. ) ;
#5993 = CARTESIAN_POINT ( 'NONE',  ( -0.05492723193004189070, 0.01391337733140866201, 0.000000000000000000 ) ) ;
#5994 = DIRECTION ( 'NONE',  ( -1.000000000000000000, 0.000000000000000000, 0.000000000000000000 ) ) ;
#5995 =( NAMED_UNIT ( * ) SI_UNIT ( $, .STERADIAN. ) SOLID_ANGLE_UNIT ( ) );
#5996 = CARTESIAN_POINT ( 'NONE',  ( 0.04631613035952081986, -0.02259680682544960156, 0.000000000000000000 ) ) ;
#5997 = DIRECTION ( 'NONE',  ( 0.000000000000000000, -0.000000000000000000, 1.000000000000000000 ) ) ;
#5998 = PLANE ( 'NONE',  #1219 ) ;
#5999 = SURFACE_STYLE_FILL_AREA ( #5537 ) ;
#6000 = CARTESIAN_POINT ( 'NONE',  ( -0.05774227383279153386, -0.007507723450493597288, 0.000000000000000000 ) ) ;
#6001 =( NAMED_UNIT ( * ) SI_UNIT ( $, .STERADIAN. ) SOLID_ANGLE_UNIT ( ) );
#6002 = CARTESIAN_POINT ( 'NONE',  ( -0.05830802477415204799, -0.005587285445373437777, 0.001000000000000000021 ) ) ;
#6003 = CARTESIAN_POINT ( 'NONE',  ( -0.03927447527058632037, -0.01909732112072104818, 0.001000000000000000021 ) ) ;
#6004 = VERTEX_POINT ( 'NONE', #5866 ) ;
#6005 = UNCERTAINTY_MEASURE_WITH_UNIT (LENGTH_MEASURE( 1.000000000000000082E-05 ), #2028, 'distance_accuracy_value', 'NONE');
#6006 = CARTESIAN_POINT ( 'NONE',  ( 0.03395626955992919749, -0.02518698190581115590, 0.001000000000000000021 ) ) ;
#6007 = AXIS2_PLACEMENT_3D ( 'NONE', #2539, #5862, #2595 ) ;
#6008 = CARTESIAN_POINT ( 'NONE',  ( 0.08794541802209661363, 0.02541487400123018311, 0.000000000000000000 ) ) ;
#6009 =( NAMED_UNIT ( * ) SI_UNIT ( $, .STERADIAN. ) SOLID_ANGLE_UNIT ( ) );
#6010 = B_SPLINE_CURVE_WITH_KNOTS ( 'NONE', 3,
 ( #5394, #4804, #2474, #1288, #3212, #1223, #287, #5521, #5423, #3109, #740, #3175, #4625, #2682, #1721, #5485, #801, #5915, #347 ),
 .UNSPECIFIED., .F., .F.,
 ( 4, 1, 1, 1, 1, 1, 1, 1, 1, 1, 1, 1, 1, 1, 1, 1, 4 ),
 ( 0.000000000000000000, 0.07377411937406359865, 0.1440791147260413463, 0.2113485183089115205, 0.2760768857398838150, 0.3385209158196766377, 0.3998851166931335910, 0.4602540674652130792, 0.5205889643912479103, 0.5802076845630442792, 0.6386329085525459526, 0.6963645494905239541, 0.7540017746600128357, 0.8128056813744979348, 0.8727544255255602623, 0.9351819969782669828, 0.9999999999999998890 ),
 .UNSPECIFIED. ) ;
#6011 = CARTESIAN_POINT ( 'NONE',  ( 0.02359063834610108587, 0.01874947453190014060, 0.001000000000000000021 ) ) ;
#6012 = PLANE ( 'NONE',  #2647 ) ;
#6013 = CARTESIAN_POINT ( 'NONE',  ( 0.02087224729038928209, 0.02404292278171798330, 0.001000000000000000021 ) ) ;
#6014 =( NAMED_UNIT ( * ) SI_UNIT ( $, .STERADIAN. ) SOLID_ANGLE_UNIT ( ) );
#6015 = CARTESIAN_POINT ( 'NONE',  ( 0.05131903239527044192, -0.002277466358611141776, 0.001000000000000000021 ) ) ;
#6016 = EDGE_CURVE ( 'NONE', #3862, #5876, #2721, .T. ) ;
#6017 = MECHANICAL_DESIGN_GEOMETRIC_PRESENTATION_REPRESENTATION (  '', ( #1824 ), #4459 ) ;
#6018 = ORIENTED_EDGE ( 'NONE', *, *, #3703, .F. ) ;
#6019 = VERTEX_POINT ( 'NONE', #2162 ) ;
#6020 = CYLINDRICAL_SURFACE ( 'NONE', #3383, 0.03034656252617936104 ) ;
#6021 = CARTESIAN_POINT ( 'NONE',  ( -0.09498141124619609299, 0.02541487400123018311, 0.001000000000000000021 ) ) ;
#6022 = AXIS2_PLACEMENT_3D ( 'NONE', #2821, #84, #1950 ) ;
#6023 = EDGE_LOOP ( 'NONE', ( #4355, #6018, #1241, #3738 ) ) ;
#6024 = CARTESIAN_POINT ( 'NONE',  ( -0.09060831673400097930, 0.01581121546464480873, 0.001000000000000000021 ) ) ;
#6025 = CARTESIAN_POINT ( 'NONE',  ( -0.01327409417302535810, 0.003463654489035054244, 0.000000000000000000 ) ) ;
#6026 = DIRECTION ( 'NONE',  ( 1.000000000000000000, 0.000000000000000000, -0.000000000000000000 ) ) ;
#6027 = VECTOR ( 'NONE', #1363, 1000.000000000000000 ) ;
#6028 = UNCERTAINTY_MEASURE_WITH_UNIT (LENGTH_MEASURE( 1.000000000000000082E-05 ), #1329, 'distance_accuracy_value', 'NONE');
#6029 = SURFACE_STYLE_FILL_AREA ( #5628 ) ;
#6030 = CARTESIAN_POINT ( 'NONE',  ( 0.03370570765624295029, -0.01970707721828202086, 0.001000000000000000021 ) ) ;
#6031 = DIRECTION ( 'NONE',  ( 0.000000000000000000, 1.000000000000000000, 0.000000000000000000 ) ) ;
#6032 = ORIENTED_EDGE ( 'NONE', *, *, #1979, .T. ) ;
#6033 = AXIS2_PLACEMENT_3D ( 'NONE', #1871, #1734, #5592 ) ;
#6034 = EDGE_LOOP ( 'NONE', ( #4217, #5071, #3345, #1592, #1311, #4542 ) ) ;
#6035 = EDGE_CURVE ( 'NONE', #1248, #4697, #683, .T. ) ;
#6036 = CARTESIAN_POINT ( 'NONE',  ( 0.02883684531775318818, -0.02477179909904225416, 0.001000000000000000021 ) ) ;
#6037 = UNCERTAINTY_MEASURE_WITH_UNIT (LENGTH_MEASURE( 1.000000000000000082E-05 ), #5903, 'distance_accuracy_value', 'NONE');
#6038 = CARTESIAN_POINT ( 'NONE',  ( 0.02087224729038928209, -0.02199366258413568143, 0.001000000000000000021 ) ) ;
#6039 = CARTESIAN_POINT ( 'NONE',  ( 0.02945987309811515589, 0.02035102033879177680, 0.001000000000000000021 ) ) ;
#6040 = EDGE_LOOP ( 'NONE', ( #1888, #2458, #3659, #3274 ) ) ;
#6041 = PLANE ( 'NONE',  #4403 ) ;
#6042 = CARTESIAN_POINT ( 'NONE',  ( 0.08123810094892587597, -0.01909732112072104818, 0.001000000000000000021 ) ) ;
#6043 = PRESENTATION_LAYER_ASSIGNMENT (  '', '', ( #2617 ) ) ;
#6044 = CARTESIAN_POINT ( 'NONE',  ( 0.01111614972941367581, -0.02458512599876982660, 0.000000000000000000 ) ) ;
#6045 = ORIENTED_EDGE ( 'NONE', *, *, #730, .T. ) ;
#6046 = VERTEX_POINT ( 'NONE', #5829 ) ;
#6047 = ADVANCED_FACE ( 'NONE', ( #1237 ), #4983, .F. ) ;
#6048 = MECHANICAL_DESIGN_GEOMETRIC_PRESENTATION_REPRESENTATION (  '', ( #4792 ), #3806 ) ;
#6049 = CARTESIAN_POINT ( 'NONE',  ( -0.05695038685776004916, 0.01091651507169538911, 0.000000000000000000 ) ) ;
#6050 =( NAMED_UNIT ( * ) PLANE_ANGLE_UNIT ( ) SI_UNIT ( $, .RADIAN. ) );
#6051 = DIRECTION ( 'NONE',  ( -1.000000000000000000, 0.000000000000000000, 0.000000000000000000 ) ) ;
#6052 = FACE_OUTER_BOUND ( 'NONE', #919, .T. ) ;
#6053 = UNCERTAINTY_MEASURE_WITH_UNIT (LENGTH_MEASURE( 1.000000000000000082E-05 ), #5966, 'distance_accuracy_value', 'NONE');
#6054 = EDGE_CURVE ( 'NONE', #795, #5120, #1333, .T. ) ;
#6055 = VECTOR ( 'NONE', #2580, 1000.000000000000000 ) ;
#6056 = FILL_AREA_STYLE_COLOUR ( '', #3694 ) ;
#6057 = LINE ( 'NONE', #3704, #6027 ) ;
#6058 = CARTESIAN_POINT ( 'NONE',  ( -0.09135031748842692423, 0.01896126841120937545, 0.000000000000000000 ) ) ;
#6059 = STYLED_ITEM ( 'NONE', ( #176 ), #5406 ) ;
#6060 = CARTESIAN_POINT ( 'NONE',  ( 0.1999999999999999833, 0.1499999999999999389, 0.2799999999999999156 ) ) ;
#6061 = DIRECTION ( 'NONE',  ( 1.000000000000000000, 9.680376540049145852E-17, 0.000000000000000000 ) ) ;
#6062 = LINE ( 'NONE', #1877, #5183 ) ;
#6063 = VECTOR ( 'NONE', #1386, 1000.000000000000000 ) ;
#6064 = FILL_AREA_STYLE ('',( #2801 ) ) ;
#6065 = FILL_AREA_STYLE_COLOUR ( '', #3341 ) ;
#6066 = FILL_AREA_STYLE_COLOUR ( '', #58 ) ;
#6067 = ORIENTED_EDGE ( 'NONE', *, *, #4395, .T. ) ;
#6068 = AXIS2_PLACEMENT_3D ( 'NONE', #3617, #938, #3196 ) ;
#6069 = ORIENTED_EDGE ( 'NONE', *, *, #3100, .T. ) ;
ENDSEC;
END-ISO-10303-21;
