ISO-10303-21;
HEADER;
FILE_DESCRIPTION (( 'STEP AP214' ),
    '1' );
FILE_NAME ('LQH44PH100MPRL.STEP',
    '2025-11-27T20:02:28',
    ( '' ),
    ( '' ),
    'SwSTEP 2.0',
    'SolidWorks 2021',
    '' );
FILE_SCHEMA (( 'AUTOMOTIVE_DESIGN' ));
ENDSEC;

DATA;
#1 = AXIS2_PLACEMENT_3D ( 'NONE', #4007, #4246, #13 ) ;
#2 = ORIENTED_EDGE ( 'NONE', *, *, #4432, .F. ) ;
#3 = LINE ( 'NONE', #3265, #3358 ) ;
#4 = CARTESIAN_POINT ( 'NONE',  ( 1.849999999999976108, 0.4700000000000000289, 0.2249999999999980627 ) ) ;
#5 = DIRECTION ( 'NONE',  ( 0.000000000000000000, 1.000000000000000000, 0.000000000000000000 ) ) ;
#6 = CARTESIAN_POINT ( 'NONE',  ( -1.375000000000001332, 1.800000000000000044, -1.374999999999996225 ) ) ;
#7 = CARTESIAN_POINT ( 'NONE',  ( -1.430000000000000160, 0.4700000000000001399, 1.600000000000000533 ) ) ;
#8 = DIRECTION ( 'NONE',  ( 0.000000000000000000, 0.000000000000000000, 1.000000000000000000 ) ) ;
#9 = EDGE_CURVE ( 'NONE', #4353, #899, #4189, .T. ) ;
#10 = LINE ( 'NONE', #3220, #2915 ) ;
#11 = VECTOR ( 'NONE', #799, 1000.000000000000000 ) ;
#12 = CARTESIAN_POINT ( 'NONE',  ( -1.105435732286667250, 1.369999999999999662, -1.644562170418207847 ) ) ;
#13 = DIRECTION ( 'NONE',  ( 0.000000000000000000, 0.000000000000000000, 1.000000000000000000 ) ) ;
#14 = DIRECTION ( 'NONE',  ( 0.000000000000000000, 0.000000000000000000, -1.000000000000000000 ) ) ;
#15 = FACE_OUTER_BOUND ( 'NONE', #3127, .T. ) ;
#16 = EDGE_CURVE ( 'NONE', #4313, #2575, #203, .T. ) ;
#17 = ORIENTED_EDGE ( 'NONE', *, *, #4389, .T. ) ;
#18 = CARTESIAN_POINT ( 'NONE',  ( -0.9512542138710722295, 0.7584814157638680721, -1.593166190967091778 ) ) ;
#19 = ORIENTED_EDGE ( 'NONE', *, *, #2500, .T. ) ;
#20 = CARTESIAN_POINT ( 'NONE',  ( -1.850000000000001199, 1.369999999999999662, 1.237499999999995826 ) ) ;
#21 = EDGE_LOOP ( 'NONE', ( #1076, #4652, #1597, #1754 ) ) ;
#22 = FACE_OUTER_BOUND ( 'NONE', #571, .T. ) ;
#23 = ADVANCED_FACE ( 'NONE', ( #2520 ), #4121, .F. ) ;
#24 = EDGE_LOOP ( 'NONE', ( #3014, #54, #2135, #1437, #558, #2972, #3213, #209, #992 ) ) ;
#25 = CARTESIAN_POINT ( 'NONE',  ( -1.599999999999998757, 1.369999999999999662, -1.599999999999998312 ) ) ;
#26 = ORIENTED_EDGE ( 'NONE', *, *, #690, .F. ) ;
#27 = PRESENTATION_STYLE_ASSIGNMENT (( #1206 ) ) ;
#28 = ORIENTED_EDGE ( 'NONE', *, *, #4249, .T. ) ;
#29 = DIRECTION ( 'NONE',  ( 0.000000000000000000, 0.000000000000000000, -1.000000000000000000 ) ) ;
#30 = CARTESIAN_POINT ( 'NONE',  ( 0.7939339828220174367, 0.4700000000000000289, 1.956066017177982008 ) ) ;
#31 = VECTOR ( 'NONE', #4467, 1000.000000000000000 ) ;
#32 = FACE_OUTER_BOUND ( 'NONE', #2724, .T. ) ;
#33 = VERTEX_POINT ( 'NONE', #938 ) ;
#34 = DIRECTION ( 'NONE',  ( 0.7071067811865464625, 0.000000000000000000, -0.7071067811865486830 ) ) ;
#35 = UNCERTAINTY_MEASURE_WITH_UNIT (LENGTH_MEASURE( 1.000000000000000082E-05 ), #4658, 'distance_accuracy_value', 'NONE');
#36 = CARTESIAN_POINT ( 'NONE',  ( -1.425400529837773433, 0.9200000000000000400, -2.587532564193735229 ) ) ;
#37 = VECTOR ( 'NONE', #3894, 1000.000000000000000 ) ;
#38 = CARTESIAN_POINT ( 'NONE',  ( 2.000000000000000000, 1.800000000000000044, 1.350000000000000533 ) ) ;
#39 = FACE_OUTER_BOUND ( 'NONE', #4942, .T. ) ;
#40 = AXIS2_PLACEMENT_3D ( 'NONE', #4040, #3653, #4502 ) ;
#41 = CARTESIAN_POINT ( 'NONE',  ( 1.370000000000000107, 0.4350000000000001643, 1.605000000000000426 ) ) ;
#42 = DIRECTION ( 'NONE',  ( 1.445602896647339508E-15, 0.000000000000000000, 1.000000000000000000 ) ) ;
#43 = B_SPLINE_CURVE_WITH_KNOTS ( 'NONE', 3,
 ( #912, #2495, #890, #2442, #1307, #4143, #3728, #3337, #2942, #937, #2543, #4523 ),
 .UNSPECIFIED., .F., .F.,
 ( 4, 2, 2, 2, 2, 4 ),
 ( 0.000000000000000000, 0.2499999999999892308, 0.3749999999999858447, 0.4374999999999867883, 0.4999999999999877875, 1.000000000000000000 ),
 .UNSPECIFIED. ) ;
#44 =( NAMED_UNIT ( * ) SI_UNIT ( $, .STERADIAN. ) SOLID_ANGLE_UNIT ( ) );
#45 = EDGE_CURVE ( 'NONE', #3151, #1250, #963, .T. ) ;
#46 = B_SPLINE_CURVE_WITH_KNOTS ( 'NONE', 3,
 ( #1849, #3433, #3822, #4940 ),
 .UNSPECIFIED., .F., .F.,
 ( 4, 4 ),
 ( 0.000000000000000000, 1.000000000000000000 ),
 .UNSPECIFIED. ) ;
#47 = EDGE_LOOP ( 'NONE', ( #2625, #70, #1391, #1735 ) ) ;
#48 = CARTESIAN_POINT ( 'NONE',  ( -1.693595220564057424, 0.7584814157638680721, 1.404378574867383156 ) ) ;
#49 = ORIENTED_EDGE ( 'NONE', *, *, #965, .T. ) ;
#50 = CARTESIAN_POINT ( 'NONE',  ( 0.6878679656440350731, 1.800000000000000044, 2.000000000000000000 ) ) ;
#51 = VERTEX_POINT ( 'NONE', #617 ) ;
#52 = CARTESIAN_POINT ( 'NONE',  ( 1.750000000000000000, 0.03999999999999999389, -1.600000000000000755 ) ) ;
#53 = DIRECTION ( 'NONE',  ( 0.000000000000000000, -0.000000000000000000, -1.000000000000000000 ) ) ;
#54 = ORIENTED_EDGE ( 'NONE', *, *, #588, .F. ) ;
#55 = EDGE_CURVE ( 'NONE', #1996, #2257, #131, .T. ) ;
#56 = SURFACE_STYLE_FILL_AREA ( #3263 ) ;
#57 = ORIENTED_EDGE ( 'NONE', *, *, #2830, .F. ) ;
#58 = DIRECTION ( 'NONE',  ( -1.008560160451631605E-16, 0.000000000000000000, -1.000000000000000000 ) ) ;
#59 = AXIS2_PLACEMENT_3D ( 'NONE', #4641, #1530, #5091 ) ;
#60 = ADVANCED_FACE ( 'NONE', ( #3387 ), #1755, .F. ) ;
#61 = CARTESIAN_POINT ( 'NONE',  ( 1.080012420869312484, 0.4700000000000000289, 1.669900884873452229 ) ) ;
#62 = ORIENTED_EDGE ( 'NONE', *, *, #3965, .F. ) ;
#63 =( GEOMETRIC_REPRESENTATION_CONTEXT ( 3 ) GLOBAL_UNCERTAINTY_ASSIGNED_CONTEXT ( ( #1292 ) ) GLOBAL_UNIT_ASSIGNED_CONTEXT ( ( #1371, #4979, #1002 ) ) REPRESENTATION_CONTEXT ( 'NONE', 'WORKASPACE' ) );
#64 =( NAMED_UNIT ( * ) SI_UNIT ( $, .STERADIAN. ) SOLID_ANGLE_UNIT ( ) );
#65 = ORIENTED_EDGE ( 'NONE', *, *, #123, .F. ) ;
#66 = CARTESIAN_POINT ( 'NONE',  ( 0.9000000000000000222, -6.123233995736772199E-17, 1.500000000000000000 ) ) ;
#67 = DIRECTION ( 'NONE',  ( 1.000000000000000000, 0.000000000000000000, -7.228014483236676834E-16 ) ) ;
#68 = DIRECTION ( 'NONE',  ( 0.000000000000000000, 1.000000000000000000, 0.000000000000000000 ) ) ;
#69 = CARTESIAN_POINT ( 'NONE',  ( 0.6878679656440350731, 1.800000000000000044, -1.850000000000000089 ) ) ;
#70 = ORIENTED_EDGE ( 'NONE', *, *, #2226, .F. ) ;
#71 = DIRECTION ( 'NONE',  ( -1.000000000000000000, -0.000000000000000000, 1.008560160451631481E-16 ) ) ;
#72 = LINE ( 'NONE', #4806, #4185 ) ;
#73 = ORIENTED_EDGE ( 'NONE', *, *, #4890, .F. ) ;
#74 = CARTESIAN_POINT ( 'NONE',  ( -0.7431661909670932431, 1.081518584236131675, 1.801254213871073873 ) ) ;
#75 = ORIENTED_EDGE ( 'NONE', *, *, #1108, .F. ) ;
#76 = CARTESIAN_POINT ( 'NONE',  ( -1.850056224347242040, 1.369999999999999662, -1.293756470132904735 ) ) ;
#77 = ORIENTED_EDGE ( 'NONE', *, *, #2274, .F. ) ;
#78 = CARTESIAN_POINT ( 'NONE',  ( -1.135274709227385381, 0.4703101731724812495, -1.620946871139825163 ) ) ;
#79 = AXIS2_PLACEMENT_3D ( 'NONE', #4821, #4405, #58 ) ;
#80 = CARTESIAN_POINT ( 'NONE',  ( 0.000000000000000000, 1.370000000000000107, 0.000000000000000000 ) ) ;
#81 = VERTEX_POINT ( 'NONE', #4964 ) ;
#82 = VERTEX_POINT ( 'NONE', #3826 ) ;
#83 = CARTESIAN_POINT ( 'NONE',  ( 1.430000000000000160, 0.4350000000000001643, 1.640000000000000346 ) ) ;
#84 = EDGE_CURVE ( 'NONE', #342, #4812, #843, .T. ) ;
#85 = CARTESIAN_POINT ( 'NONE',  ( 1.850000000000000089, 0.4700000000000000289, 0.4500000000000080047 ) ) ;
#86 = AXIS2_PLACEMENT_3D ( 'NONE', #4446, #1986, #3254 ) ;
#87 = ORIENTED_EDGE ( 'NONE', *, *, #852, .F. ) ;
#88 = EDGE_CURVE ( 'NONE', #4946, #2016, #590, .T. ) ;
#89 = CARTESIAN_POINT ( 'NONE',  ( 1.750000000000000888, 0.03999999999999999389, 1.350000000000000533 ) ) ;
#90 = EDGE_LOOP ( 'NONE', ( #444, #2377, #860, #2203 ) ) ;
#91 = LINE ( 'NONE', #4853, #346 ) ;
#92 = EDGE_CURVE ( 'NONE', #4050, #2919, #1014, .T. ) ;
#93 = EDGE_CURVE ( 'NONE', #3889, #3789, #593, .T. ) ;
#94 = DIRECTION ( 'NONE',  ( 1.000000000000000000, 0.000000000000000000, 0.000000000000000000 ) ) ;
#95 = CARTESIAN_POINT ( 'NONE',  ( -1.599999999999998535, 1.370000000000000107, -1.599999999999998312 ) ) ;
#96 = VECTOR ( 'NONE', #3800, 1000.000000000000000 ) ;
#97 = DIRECTION ( 'NONE',  ( -0.000000000000000000, -1.000000000000000000, 0.000000000000000000 ) ) ;
#98 = CYLINDRICAL_SURFACE ( 'NONE', #4882, 0.1499999999999999667 ) ;
#99 = CARTESIAN_POINT ( 'NONE',  ( 1.979999999999999982, 0.01999999999999980960, -1.500000000000000000 ) ) ;
#100 = AXIS2_PLACEMENT_3D ( 'NONE', #2912, #907, #4088 ) ;
#101 = ORIENTED_EDGE ( 'NONE', *, *, #1337, .F. ) ;
#102 = CARTESIAN_POINT ( 'NONE',  ( -0.8459559885480080199, 0.4700000000000000289, -1.904044011451979879 ) ) ;
#103 = VECTOR ( 'NONE', #4799, 1000.000000000000000 ) ;
#104 = ORIENTED_EDGE ( 'NONE', *, *, #971, .F. ) ;
#105 = PLANE ( 'NONE',  #960 ) ;
#106 = EDGE_LOOP ( 'NONE', ( #3539, #3627, #469, #5149 ) ) ;
#107 = CARTESIAN_POINT ( 'NONE',  ( -0.6878679656440340739, 0.4700000000000001399, 1.850000000000000089 ) ) ;
#108 = FILL_AREA_STYLE_COLOUR ( '', #5069 ) ;
#109 = ORIENTED_EDGE ( 'NONE', *, *, #396, .T. ) ;
#110 = ORIENTED_EDGE ( 'NONE', *, *, #3492, .F. ) ;
#111 = DIRECTION ( 'NONE',  ( -0.000000000000000000, -1.000000000000000000, 0.000000000000000000 ) ) ;
#112 = EDGE_CURVE ( 'NONE', #289, #530, #2224, .T. ) ;
#113 = CARTESIAN_POINT ( 'NONE',  ( 1.646418236177794592, 1.081518584236131675, 1.454605893752866086 ) ) ;
#114 = VERTEX_POINT ( 'NONE', #520 ) ;
#115 = EDGE_CURVE ( 'NONE', #2547, #3660, #3202, .T. ) ;
#116 = CARTESIAN_POINT ( 'NONE',  ( -1.750000000000000000, 0.03999999999999999389, -1.600000000000000311 ) ) ;
#117 = ORIENTED_EDGE ( 'NONE', *, *, #474, .T. ) ;
#118 = LINE ( 'NONE', #3218, #3712 ) ;
#119 = CIRCLE ( 'NONE', #2971, 0.2500000000000006661 ) ;
#120 = DIRECTION ( 'NONE',  ( 8.673617379884037050E-15, 0.000000000000000000, 1.000000000000000000 ) ) ;
#121 = DIRECTION ( 'NONE',  ( -0.000000000000000000, -1.000000000000000000, -0.000000000000000000 ) ) ;
#122 = VECTOR ( 'NONE', #876, 1000.000000000000000 ) ;
#123 = EDGE_CURVE ( 'NONE', #4664, #184, #4144, .T. ) ;
#124 = LINE ( 'NONE', #1348, #1706 ) ;
#125 = PLANE ( 'NONE',  #361 ) ;
#126 =( GEOMETRIC_REPRESENTATION_CONTEXT ( 3 ) GLOBAL_UNCERTAINTY_ASSIGNED_CONTEXT ( ( #1658 ) ) GLOBAL_UNIT_ASSIGNED_CONTEXT ( ( #2780, #3957, #4635 ) ) REPRESENTATION_CONTEXT ( 'NONE', 'WORKASPACE' ) );
#127 = ORIENTED_EDGE ( 'NONE', *, *, #3042, .F. ) ;
#128 = CARTESIAN_POINT ( 'NONE',  ( -1.244453428269221673, 1.369999999999999662, 1.599946135094315380 ) ) ;
#129 = ORIENTED_EDGE ( 'NONE', *, *, #3752, .F. ) ;
#130 = CARTESIAN_POINT ( 'NONE',  ( -0.6878679656440356283, 0.4700000000000001399, -1.850000000000000089 ) ) ;
#131 = LINE ( 'NONE', #1731, #1851 ) ;
#132 = DIRECTION ( 'NONE',  ( -1.000000000000000000, 0.000000000000000000, 3.614007241618331514E-16 ) ) ;
#133 = FILL_AREA_STYLE ('',( #108 ) ) ;
#134 = VERTEX_POINT ( 'NONE', #1091 ) ;
#135 = PLANE ( 'NONE',  #281 ) ;
#136 = ORIENTED_EDGE ( 'NONE', *, *, #2909, .T. ) ;
#137 = EDGE_CURVE ( 'NONE', #1065, #51, #1452, .T. ) ;
#138 = ORIENTED_EDGE ( 'NONE', *, *, #940, .F. ) ;
#139 = CARTESIAN_POINT ( 'NONE',  ( -1.467846096908265840, 0.1599999999999999756, 1.600000000000000755 ) ) ;
#140 = PRESENTATION_LAYER_ASSIGNMENT (  '', '', ( #3411 ) ) ;
#141 = CARTESIAN_POINT ( 'NONE',  ( 1.704633274187481451, 1.081518584236131675, 0.7874999999999984235 ) ) ;
#142 = VERTEX_POINT ( 'NONE', #4620 ) ;
#143 = CARTESIAN_POINT ( 'NONE',  ( -1.500000000000000000, 0.03999999999999999389, 1.300000000000000044 ) ) ;
#144 = VECTOR ( 'NONE', #349, 1000.000000000000000 ) ;
#145 = ORIENTED_EDGE ( 'NONE', *, *, #3475, .F. ) ;
#146 = EDGE_CURVE ( 'NONE', #4683, #4974, #514, .T. ) ;
#147 = FACE_OUTER_BOUND ( 'NONE', #386, .T. ) ;
#148 = CARTESIAN_POINT ( 'NONE',  ( 5.782411586589332001E-16, 1.800000000000000044, 1.600000000000000089 ) ) ;
#149 = CIRCLE ( 'NONE', #3082, 0.04302855497458741435 ) ;
#150 = DIRECTION ( 'NONE',  ( 0.000000000000000000, 0.000000000000000000, 1.000000000000000000 ) ) ;
#151 = CARTESIAN_POINT ( 'NONE',  ( -1.500000000000000000, 0.03999999999999999389, 1.500000000000000000 ) ) ;
#152 = DIRECTION ( 'NONE',  ( -0.000000000000000000, -1.000000000000000000, 0.000000000000000000 ) ) ;
#153 = CYLINDRICAL_SURFACE ( 'NONE', #1060, 0.1499999999999999667 ) ;
#154 = CARTESIAN_POINT ( 'NONE',  ( -0.8992322081450772053, 1.081518584236131675, -1.645188196693086802 ) ) ;
#155 = ORIENTED_EDGE ( 'NONE', *, *, #3991, .F. ) ;
#156 = CARTESIAN_POINT ( 'NONE',  ( -1.486602540378444193, 0.08999999999999991340, 1.500000000000000000 ) ) ;
#157 = DIRECTION ( 'NONE',  ( -0.7071067811865464625, 0.000000000000000000, 0.7071067811865486830 ) ) ;
#158 = EDGE_CURVE ( 'NONE', #4607, #645, #3123, .T. ) ;
#159 = ORIENTED_EDGE ( 'NONE', *, *, #1047, .T. ) ;
#160 = CARTESIAN_POINT ( 'NONE',  ( 1.137867965644034252, -2.606229536305277490E-16, 1.300000000000000044 ) ) ;
#161 = ORIENTED_EDGE ( 'NONE', *, *, #3814, .F. ) ;
#162 = CARTESIAN_POINT ( 'NONE',  ( 1.214884406352520596, 1.369999999999999662, -1.599997834888272852 ) ) ;
#163 = VECTOR ( 'NONE', #2508, 1000.000000000000000 ) ;
#164 = CARTESIAN_POINT ( 'NONE',  ( 1.276776695296626629, 1.081518584236131675, -1.454633274187481673 ) ) ;
#165 = ORIENTED_EDGE ( 'NONE', *, *, #5060, .F. ) ;
#166 = AXIS2_PLACEMENT_3D ( 'NONE', #495, #2387, #4813 ) ;
#167 = DIRECTION ( 'NONE',  ( 0.000000000000000000, -1.936075308009825719E-16, 1.000000000000000000 ) ) ;
#168 = ORIENTED_EDGE ( 'NONE', *, *, #3364, .T. ) ;
#169 = CARTESIAN_POINT ( 'NONE',  ( 0.6878679656440350731, 0.04000000000000010492, -2.000000000000000000 ) ) ;
#170 = VECTOR ( 'NONE', #1357, 1000.000000000000000 ) ;
#171 = DIRECTION ( 'NONE',  ( 0.000000000000000000, -0.000000000000000000, -1.000000000000000000 ) ) ;
#172 = CARTESIAN_POINT ( 'NONE',  ( -0.6878679656440356283, 0.04000000000000010492, -1.850000000000000089 ) ) ;
#173 = CARTESIAN_POINT ( 'NONE',  ( -0.9760110028629961354, 0.4700000000000000289, -1.773988997137003087 ) ) ;
#174 = CARTESIAN_POINT ( 'NONE',  ( 2.000000000000000000, 0.4700000000000001399, -1.350000000000000533 ) ) ;
#175 = DIRECTION ( 'NONE',  ( 0.000000000000000000, 1.000000000000000000, -0.000000000000000000 ) ) ;
#176 = ADVANCED_FACE ( 'NONE', ( #5121 ), #695, .F. ) ;
#177 = CARTESIAN_POINT ( 'NONE',  ( -1.704633274187481895, 1.081518584236131675, -0.8999999999999876987 ) ) ;
#178 = ORIENTED_EDGE ( 'NONE', *, *, #3273, .F. ) ;
#179 = EDGE_CURVE ( 'NONE', #5043, #3257, #1314, .T. ) ;
#180 = DIRECTION ( 'NONE',  ( 0.000000000000000000, -0.000000000000000000, -1.000000000000000000 ) ) ;
#181 = CARTESIAN_POINT ( 'NONE',  ( -1.600000000000000977, 0.4699999999999999178, 1.600000000000000533 ) ) ;
#182 = VECTOR ( 'NONE', #913, 1000.000000000000000 ) ;
#183 = MECHANICAL_DESIGN_GEOMETRIC_PRESENTATION_REPRESENTATION (  '', ( #1017 ), #1517 ) ;
#184 = VERTEX_POINT ( 'NONE', #3148 ) ;
#185 = ADVANCED_FACE ( 'NONE', ( #4240 ), #2326, .F. ) ;
#186 = ORIENTED_EDGE ( 'NONE', *, *, #4672, .F. ) ;
#187 = CARTESIAN_POINT ( 'NONE',  ( 1.343256270901679761, 1.370000000000000107, -1.600000000000000311 ) ) ;
#188 = CARTESIAN_POINT ( 'NONE',  ( 1.341421356237311402, 1.081518584236131675, -1.454633274187481673 ) ) ;
#189 = ORIENTED_EDGE ( 'NONE', *, *, #1363, .F. ) ;
#190 = LINE ( 'NONE', #1321, #363 ) ;
#191 = UNCERTAINTY_MEASURE_WITH_UNIT (LENGTH_MEASURE( 1.000000000000000082E-05 ), #4487, 'distance_accuracy_value', 'NONE');
#192 = VERTEX_POINT ( 'NONE', #1480 ) ;
#193 = CARTESIAN_POINT ( 'NONE',  ( -1.212132034355961840, 1.800000000000000044, 1.750000000000000444 ) ) ;
#194 = DIRECTION ( 'NONE',  ( 1.000000000000000000, -0.000000000000000000, -3.614007241618331514E-16 ) ) ;
#195 = PLANE ( 'NONE',  #3968 ) ;
#196 = CARTESIAN_POINT ( 'NONE',  ( 1.332153903091734204, 0.1599999999999999756, -2.000000000000000000 ) ) ;
#197 = EDGE_CURVE ( 'NONE', #3530, #268, #2303, .T. ) ;
#198 = CARTESIAN_POINT ( 'NONE',  ( 1.849999999999999867, 0.03899999999999997219, 1.349999999999996536 ) ) ;
#199 = CIRCLE ( 'NONE', #1031, 0.1499999999999999667 ) ;
#200 = EDGE_CURVE ( 'NONE', #3781, #3440, #4197, .T. ) ;
#201 = CARTESIAN_POINT ( 'NONE',  ( -1.646418236177703109, 1.081518584236131675, -1.454605893752880075 ) ) ;
#202 = VERTEX_POINT ( 'NONE', #3039 ) ;
#203 = LINE ( 'NONE', #1404, #3118 ) ;
#204 = LINE ( 'NONE', #572, #2765 ) ;
#205 = EDGE_CURVE ( 'NONE', #1618, #4399, #1512, .T. ) ;
#206 = AXIS2_PLACEMENT_3D ( 'NONE', #3138, #3430, #3089 ) ;
#207 =( GEOMETRIC_REPRESENTATION_CONTEXT ( 3 ) GLOBAL_UNCERTAINTY_ASSIGNED_CONTEXT ( ( #2979 ) ) GLOBAL_UNIT_ASSIGNED_CONTEXT ( ( #2048, #1651, #814 ) ) REPRESENTATION_CONTEXT ( 'NONE', 'WORKASPACE' ) );
#208 = ORIENTED_EDGE ( 'NONE', *, *, #3427, .F. ) ;
#209 = ORIENTED_EDGE ( 'NONE', *, *, #1526, .F. ) ;
#210 = DIRECTION ( 'NONE',  ( -1.000000000000000000, 0.000000000000000000, 7.228014483236676834E-16 ) ) ;
#211 = CARTESIAN_POINT ( 'NONE',  ( 1.704605893752897172, 1.081518584236131675, -1.396418236177700889 ) ) ;
#212 = EDGE_CURVE ( 'NONE', #909, #4683, #4945, .T. ) ;
#213 = ORIENTED_EDGE ( 'NONE', *, *, #322, .T. ) ;
#214 = CARTESIAN_POINT ( 'NONE',  ( -1.375000000000001332, 0.03999999999999999389, -1.374999999999996225 ) ) ;
#215 = VERTEX_POINT ( 'NONE', #5096 ) ;
#216 = CARTESIAN_POINT ( 'NONE',  ( -1.600000000000000311, 1.370000000000000107, 1.349999999999998312 ) ) ;
#217 = EDGE_CURVE ( 'NONE', #2366, #3311, #1506, .T. ) ;
#218 = CARTESIAN_POINT ( 'NONE',  ( 1.300000000000000044, 0.03999999999999999389, 1.500000000000000000 ) ) ;
#219 = DIRECTION ( 'NONE',  ( 0.000000000000000000, 0.000000000000000000, 1.000000000000000000 ) ) ;
#220 = VECTOR ( 'NONE', #3405, 1000.000000000000000 ) ;
#221 = CIRCLE ( 'NONE', #3164, 0.1499999999999999667 ) ;
#222 = CARTESIAN_POINT ( 'NONE',  ( 2.000000000000000000, 0.01999999999999980960, -1.300000000000000044 ) ) ;
#223 = CARTESIAN_POINT ( 'NONE',  ( 1.750000000000000888, 1.800000000000000044, 1.350000000000000533 ) ) ;
#224 = CIRCLE ( 'NONE', #4650, 0.02000000000000005246 ) ;
#225 = CARTESIAN_POINT ( 'NONE',  ( -1.599999999999998535, 1.370000000000000107, 1.600000000000000755 ) ) ;
#226 = DIRECTION ( 'NONE',  ( 0.000000000000000000, 1.000000000000000000, 0.000000000000000000 ) ) ;
#228 = PRESENTATION_LAYER_ASSIGNMENT (  '', '', ( #1742 ) ) ;
#227 = CARTESIAN_POINT ( 'NONE',  ( -1.693595220564062975, 1.081518584236131675, -1.404378574867381158 ) ) ;
#229 = ORIENTED_EDGE ( 'NONE', *, *, #3919, .T. ) ;
#230 = ORIENTED_EDGE ( 'NONE', *, *, #3359, .F. ) ;
#231 = DIRECTION ( 'NONE',  ( 0.000000000000000000, 0.000000000000000000, -1.000000000000000000 ) ) ;
#232 = B_SPLINE_CURVE_WITH_KNOTS ( 'NONE', 3,
 ( #4256, #687, #318, #2269, #3867, #3482, #3943, #295, #5056, #1895, #5086, #1498 ),
 .UNSPECIFIED., .F., .F.,
 ( 4, 2, 2, 2, 2, 4 ),
 ( 0.000000000000000000, 0.2499999999999936717, 0.3749999999999914513, 0.4374999999999890643, 0.4999999999999867328, 1.000000000000000000 ),
 .UNSPECIFIED. ) ;
#233 = VERTEX_POINT ( 'NONE', #1855 ) ;
#234 = FACE_OUTER_BOUND ( 'NONE', #1806, .T. ) ;
#235 = CARTESIAN_POINT ( 'NONE',  ( -2.000000000000000000, 1.800000000000000044, 1.350000000000000977 ) ) ;
#236 = ORIENTED_EDGE ( 'NONE', *, *, #1635, .T. ) ;
#237 = CARTESIAN_POINT ( 'NONE',  ( 1.471628135450838926, 1.370000000000000107, -1.600000000000000533 ) ) ;
#238 = ADVANCED_FACE ( 'NONE', ( #3464 ), #4647, .F. ) ;
#239 = CARTESIAN_POINT ( 'NONE',  ( 1.276776695296625297, 1.369999999999999662, 1.599999999999998979 ) ) ;
#240 = EDGE_LOOP ( 'NONE', ( #4872, #3862, #3992, #2679 ) ) ;
#241 = CARTESIAN_POINT ( 'NONE',  ( -1.599999999999998757, 1.369999999999999662, -1.599999999999998312 ) ) ;
#242 = ORIENTED_EDGE ( 'NONE', *, *, #1941, .F. ) ;
#243 = DIRECTION ( 'NONE',  ( -0.7071067811865486830, 0.000000000000000000, 0.7071067811865464625 ) ) ;
#244 = EDGE_CURVE ( 'NONE', #3630, #3571, #4314, .T. ) ;
#245 = DIRECTION ( 'NONE',  ( -1.000000000000000000, 3.129822080702406349E-16, 0.000000000000000000 ) ) ;
#246 = DIRECTION ( 'NONE',  ( 0.000000000000000000, 0.000000000000000000, 1.000000000000000000 ) ) ;
#247 = AXIS2_PLACEMENT_3D ( 'NONE', #3762, #3738, #2552 ) ;
#248 = EDGE_CURVE ( 'NONE', #4762, #2620, #1141, .T. ) ;
#249 = CARTESIAN_POINT ( 'NONE',  ( -0.9595190528383374939, 2.057102355330304722, 1.600000000000000533 ) ) ;
#250 = CARTESIAN_POINT ( 'NONE',  ( 1.599999999999999867, 0.03899999999999997219, -1.349999999999998535 ) ) ;
#251 = EDGE_CURVE ( 'NONE', #3229, #579, #4445, .T. ) ;
#252 = COLOUR_RGB ( '',0.2509803921568627416, 0.2509803921568627416, 0.2509803921568627416 ) ;
#253 = LINE ( 'NONE', #3092, #144 ) ;
#254 = VECTOR ( 'NONE', #4122, 1000.000000000000000 ) ;
#255 = CARTESIAN_POINT ( 'NONE',  ( -1.665442318608268746, 1.369999999999999662, 1.599934580001368234 ) ) ;
#256 = ORIENTED_EDGE ( 'NONE', *, *, #4359, .F. ) ;
#257 = CARTESIAN_POINT ( 'NONE',  ( 1.430000000000000160, 0.04499999999999998446, 1.300000000000000044 ) ) ;
#258 = PLANE ( 'NONE',  #3939 ) ;
#259 = ORIENTED_EDGE ( 'NONE', *, *, #982, .T. ) ;
#260 = DIRECTION ( 'NONE',  ( -0.000000000000000000, 0.000000000000000000, -1.000000000000000000 ) ) ;
#261 = CARTESIAN_POINT ( 'NONE',  ( -1.430000000000000160, 0.1049999999999999684, 1.600000000000000533 ) ) ;
#262 = FACE_OUTER_BOUND ( 'NONE', #3324, .T. ) ;
#263 = ORIENTED_EDGE ( 'NONE', *, *, #2886, .T. ) ;
#264 = CIRCLE ( 'NONE', #4282, 0.03499999999999987843 ) ;
#265 = CARTESIAN_POINT ( 'NONE',  ( 1.133879506128967485, 1.369999999999999662, -1.616213044232878149 ) ) ;
#266 = VERTEX_POINT ( 'NONE', #3674 ) ;
#267 = CARTESIAN_POINT ( 'NONE',  ( 1.053414748917295807, 0.4700000000000000289, 1.696585251082703083 ) ) ;
#268 = VERTEX_POINT ( 'NONE', #4781 ) ;
#269 = DIRECTION ( 'NONE',  ( -1.000000000000000000, -0.000000000000000000, -0.000000000000000000 ) ) ;
#270 = FACE_OUTER_BOUND ( 'NONE', #2072, .T. ) ;
#271 = CARTESIAN_POINT ( 'NONE',  ( 1.375000000000001110, 0.4700000000000001399, -1.374999999999996669 ) ) ;
#272 = EDGE_CURVE ( 'NONE', #3234, #682, #3377, .T. ) ;
#273 = CARTESIAN_POINT ( 'NONE',  ( 1.212132034355962507, 1.800000000000000044, -1.600000000000000311 ) ) ;
#274 = CARTESIAN_POINT ( 'NONE',  ( -1.850000000000000311, 1.370000000000000107, -1.349999999999996758 ) ) ;
#275 = SURFACE_STYLE_USAGE ( .BOTH. , #3873 ) ;
#276 = EDGE_CURVE ( 'NONE', #3299, #438, #5023, .T. ) ;
#277 = CARTESIAN_POINT ( 'NONE',  ( 0.000000000000000000, 1.370000000000000107, 0.000000000000000000 ) ) ;
#278 = ORIENTED_EDGE ( 'NONE', *, *, #1205, .T. ) ;
#279 = CARTESIAN_POINT ( 'NONE',  ( -1.156482317317867781E-15, 1.800000000000000044, -1.599999999999999423 ) ) ;
#280 = CARTESIAN_POINT ( 'NONE',  ( -1.599999999999998535, 1.370000000000000107, 1.600000000000000755 ) ) ;
#281 = AXIS2_PLACEMENT_3D ( 'NONE', #4969, #4194, #1760 ) ;
#282 = EDGE_LOOP ( 'NONE', ( #291, #1669, #2223, #709 ) ) ;
#283 = FACE_OUTER_BOUND ( 'NONE', #3727, .T. ) ;
#284 = LINE ( 'NONE', #2726, #933 ) ;
#285 = LINE ( 'NONE', #4364, #4520 ) ;
#286 = ORIENTED_EDGE ( 'NONE', *, *, #1557, .F. ) ;
#287 = CARTESIAN_POINT ( 'NONE',  ( 1.044588927656888266, 1.081518584236131675, 1.500013719163606041 ) ) ;
#288 = VECTOR ( 'NONE', #365, 1000.000000000000000 ) ;
#289 = VERTEX_POINT ( 'NONE', #1985 ) ;
#290 = ADVANCED_FACE ( 'NONE', ( #4392 ), #460, .F. ) ;
#291 = ORIENTED_EDGE ( 'NONE', *, *, #1330, .F. ) ;
#292 = CARTESIAN_POINT ( 'NONE',  ( 1.300000000000000044, 0.03999999999999999389, 1.300000000000000044 ) ) ;
#293 = CARTESIAN_POINT ( 'NONE',  ( 1.470710678118653636, 0.4700000000000000289, -1.600000000000007194 ) ) ;
#294 = CIRCLE ( 'NONE', #966, 0.1499999999999999667 ) ;
#295 = CARTESIAN_POINT ( 'NONE',  ( -1.152519472310494564, 1.369587635001590309, 1.612335852726060503 ) ) ;
#296 = DIRECTION ( 'NONE',  ( 2.290449872037788939E-16, -1.000000000000000000, 0.000000000000000000 ) ) ;
#297 = CARTESIAN_POINT ( 'NONE',  ( -0.7939339828220161044, 1.370000000000000107, 1.956066017177982452 ) ) ;
#298 = CARTESIAN_POINT ( 'NONE',  ( -1.214884406352971125, 1.369999999999999885, 1.599997834888272852 ) ) ;
#299 = SURFACE_SIDE_STYLE ('',( #1087 ) ) ;
#300 = CARTESIAN_POINT ( 'NONE',  ( -1.341421356237310514, 1.369999999999999662, -1.599999999999998090 ) ) ;
#301 = ORIENTED_EDGE ( 'NONE', *, *, #563, .T. ) ;
#302 = CARTESIAN_POINT ( 'NONE',  ( 1.192336168641332295, 1.369934529876026152, -1.600000000026621461 ) ) ;
#303 = CARTESIAN_POINT ( 'NONE',  ( -1.652916512459881693, 1.357102355330313648, -1.599999999999998090 ) ) ;
#304 =( GEOMETRIC_REPRESENTATION_CONTEXT ( 3 ) GLOBAL_UNCERTAINTY_ASSIGNED_CONTEXT ( ( #2137 ) ) GLOBAL_UNIT_ASSIGNED_CONTEXT ( ( #2524, #642, #4594 ) ) REPRESENTATION_CONTEXT ( 'NONE', 'WORKASPACE' ) );
#305 = ADVANCED_FACE ( 'NONE', ( #4058 ), #3253, .F. ) ;
#306 = ORIENTED_EDGE ( 'NONE', *, *, #449, .F. ) ;
#307 = CARTESIAN_POINT ( 'NONE',  ( -1.850000000000001421, 0.4700000000000000289, 1.237499999999995826 ) ) ;
#308 = CARTESIAN_POINT ( 'NONE',  ( -0.7939339828220178807, 1.370000000000000107, -1.956066017177982008 ) ) ;
#309 = ORIENTED_EDGE ( 'NONE', *, *, #3700, .T. ) ;
#310 = CARTESIAN_POINT ( 'NONE',  ( 0.000000000000000000, 0.000000000000000000, -1.300000000000000044 ) ) ;
#311 = ADVANCED_FACE ( 'NONE', ( #2378 ), #4008, .F. ) ;
#312 = CARTESIAN_POINT ( 'NONE',  ( 0.7431661909670910227, 1.081518584236131675, 1.801254213871077203 ) ) ;
#313 = ORIENTED_EDGE ( 'NONE', *, *, #4815, .T. ) ;
#314 = DIRECTION ( 'NONE',  ( -1.000000000000000000, -0.000000000000000000, 1.008560160451631481E-16 ) ) ;
#315 = EDGE_LOOP ( 'NONE', ( #2174, #242, #4458, #1162 ) ) ;
#316 = CYLINDRICAL_SURFACE ( 'NONE', #4179, 0.1499999999999999667 ) ;
#317 = CARTESIAN_POINT ( 'NONE',  ( -1.375000000000000222, 0.4700000000000001399, 1.374999999999997113 ) ) ;
#318 = CARTESIAN_POINT ( 'NONE',  ( -1.115677692315876879, 1.369911798902027744, 1.634053486988200854 ) ) ;
#319 = DIRECTION ( 'NONE',  ( 0.2588190451025171868, 0.9659258262890693114, -9.353739032692387931E-17 ) ) ;
#320 = CARTESIAN_POINT ( 'NONE',  ( 1.137867965644034918, 2.999999999999999556, 0.000000000000000000 ) ) ;
#321 = VECTOR ( 'NONE', #1316, 1000.000000000000000 ) ;
#322 = EDGE_CURVE ( 'NONE', #2525, #1007, #1776, .T. ) ;
#323 = PLANE ( 'NONE',  #1816 ) ;
#324 = DIRECTION ( 'NONE',  ( 1.952648423292831480E-32, -1.000000000000000000, -1.936075308009825719E-16 ) ) ;
#325 = DIRECTION ( 'NONE',  ( 0.000000000000000000, 1.000000000000000000, -0.000000000000000000 ) ) ;
#326 = VERTEX_POINT ( 'NONE', #2034 ) ;
#327 = CARTESIAN_POINT ( 'NONE',  ( 1.149386730180894878, 1.369591159361391641, -1.613733856920271714 ) ) ;
#328 = CARTESIAN_POINT ( 'NONE',  ( -1.212132034355961840, 0.4700000000000001399, 1.750000000000000444 ) ) ;
#329 = AXIS2_PLACEMENT_3D ( 'NONE', #2913, #2091, #3699 ) ;
#330 = EDGE_CURVE ( 'NONE', #4546, #467, #2062, .T. ) ;
#331 = ORIENTED_EDGE ( 'NONE', *, *, #1395, .F. ) ;
#332 = CARTESIAN_POINT ( 'NONE',  ( -1.729926582365058918, 0.4700000000000000289, 1.573626808228208773 ) ) ;
#333 = DIRECTION ( 'NONE',  ( 0.000000000000000000, 0.000000000000000000, 1.000000000000000000 ) ) ;
#334 = VERTEX_POINT ( 'NONE', #3980 ) ;
#335 = LINE ( 'NONE', #3547, #502 ) ;
#336 = VECTOR ( 'NONE', #652, 1000.000000000000000 ) ;
#337 = CARTESIAN_POINT ( 'NONE',  ( 1.172863264053028987, 1.369999999999999662, -1.600065442988459319 ) ) ;
#338 = AXIS2_PLACEMENT_3D ( 'NONE', #4943, #3313, #1804 ) ;
#339 = VERTEX_POINT ( 'NONE', #3594 ) ;
#340 = ADVANCED_FACE ( 'NONE', ( #405 ), #3647, .F. ) ;
#341 = CARTESIAN_POINT ( 'NONE',  ( -1.370000000000000107, 0.4350000000000001643, 1.605000000000000426 ) ) ;
#342 = VERTEX_POINT ( 'NONE', #5171 ) ;
#343 = DIRECTION ( 'NONE',  ( 0.000000000000000000, 0.000000000000000000, -1.000000000000000000 ) ) ;
#344 = DIRECTION ( 'NONE',  ( 1.000000000000000000, 0.000000000000000000, 0.000000000000000000 ) ) ;
#345 = DIRECTION ( 'NONE',  ( 1.000000000000000000, 0.000000000000000000, -3.614007241618332007E-16 ) ) ;
#346 = VECTOR ( 'NONE', #1687, 1000.000000000000000 ) ;
#347 = PLANE ( 'NONE',  #1541 ) ;
#348 = LINE ( 'NONE', #689, #2958 ) ;
#349 = DIRECTION ( 'NONE',  ( -2.290449872037788939E-16, 1.000000000000000000, 0.000000000000000000 ) ) ;
#350 = CARTESIAN_POINT ( 'NONE',  ( -1.849999999999976108, 1.369999999999999662, -0.2250000000000219880 ) ) ;
#351 = EDGE_LOOP ( 'NONE', ( #1200, #5077, #1382, #3206 ) ) ;
#352 = CARTESIAN_POINT ( 'NONE',  ( -1.850000000000000311, 1.369999999999999662, -1.349999999999996758 ) ) ;
#353 = CARTESIAN_POINT ( 'NONE',  ( 0.000000000000000000, 0.03999999999999999389, 0.000000000000000000 ) ) ;
#354 = ORIENTED_EDGE ( 'NONE', *, *, #2013, .T. ) ;
#355 = CARTESIAN_POINT ( 'NONE',  ( -1.373743686707646683, 0.4700000000000000289, -1.600000000000002087 ) ) ;
#356 = ADVANCED_FACE ( 'NONE', ( #855 ), #2857, .T. ) ;
#357 = ORIENTED_EDGE ( 'NONE', *, *, #88, .F. ) ;
#358 = DIRECTION ( 'NONE',  ( 0.7071067811865462405, 0.000000000000000000, -0.7071067811865489050 ) ) ;
#359 = VERTEX_POINT ( 'NONE', #352 ) ;
#360 = DIRECTION ( 'NONE',  ( -0.000000000000000000, -1.000000000000000000, -0.000000000000000000 ) ) ;
#361 = AXIS2_PLACEMENT_3D ( 'NONE', #1724, #4938, #4913 ) ;
#362 = CARTESIAN_POINT ( 'NONE',  ( -1.500000000000000000, 0.03999999999999999389, -2.000000000000000000 ) ) ;
#363 = VECTOR ( 'NONE', #167, 1000.000000000000000 ) ;
#364 = EDGE_LOOP ( 'NONE', ( #2098, #674, #2969, #3474 ) ) ;
#365 = DIRECTION ( 'NONE',  ( -0.2588190451025176309, 0.9659258262890692004, 0.000000000000000000 ) ) ;
#366 = VERTEX_POINT ( 'NONE', #1588 ) ;
#367 = CARTESIAN_POINT ( 'NONE',  ( -1.198348988112211133, 1.369911798902248456, -1.599809915052223142 ) ) ;
#368 = VECTOR ( 'NONE', #3938, 1000.000000000000000 ) ;
#369 = EDGE_CURVE ( 'NONE', #2447, #4879, #3290, .T. ) ;
#370 = CARTESIAN_POINT ( 'NONE',  ( 1.341421356237311402, 0.7584814157638680721, -1.454633274187481895 ) ) ;
#371 = DIRECTION ( 'NONE',  ( 0.000000000000000000, -0.000000000000000000, 1.000000000000000000 ) ) ;
#372 = ADVANCED_FACE ( 'NONE', ( #2884 ), #2828, .F. ) ;
#373 = VECTOR ( 'NONE', #4895, 1000.000000000000000 ) ;
#374 = DIRECTION ( 'NONE',  ( 2.290449872037788939E-16, -1.000000000000000000, -0.000000000000000000 ) ) ;
#375 = ADVANCED_FACE ( 'NONE', ( #2332 ), #4344, .T. ) ;
#376 = DIRECTION ( 'NONE',  ( 0.7071067811865467956, 0.000000000000000000, 0.7071067811865483499 ) ) ;
#377 = DIRECTION ( 'NONE',  ( 0.000000000000000000, 0.000000000000000000, 1.000000000000000000 ) ) ;
#378 = AXIS2_PLACEMENT_3D ( 'NONE', #1690, #2483, #1608 ) ;
#379 = DIRECTION ( 'NONE',  ( 0.000000000000000000, 1.000000000000000000, -0.000000000000000000 ) ) ;
#380 = DIRECTION ( 'NONE',  ( -0.000000000000000000, -0.000000000000000000, -1.000000000000000000 ) ) ;
#381 = AXIS2_PLACEMENT_3D ( 'NONE', #4113, #2484, #1242 ) ;
#382 = ORIENTED_EDGE ( 'NONE', *, *, #2642, .T. ) ;
#383 = CARTESIAN_POINT ( 'NONE',  ( -1.654378574867385154, 0.7584814157638680721, 1.443595220564054538 ) ) ;
#384 = ORIENTED_EDGE ( 'NONE', *, *, #1558, .F. ) ;
#385 = CARTESIAN_POINT ( 'NONE',  ( 1.002022005725985432, 0.4700000000000000289, 1.747977994274013236 ) ) ;
#386 = EDGE_LOOP ( 'NONE', ( #752, #1769, #4482, #3344 ) ) ;
#387 = LINE ( 'NONE', #3260, #2262 ) ;
#388 = VECTOR ( 'NONE', #5163, 1000.000000000000000 ) ;
#389 = CARTESIAN_POINT ( 'NONE',  ( 1.430000000000000160, 0.1049999999999999684, 1.600000000000000533 ) ) ;
#390 = ORIENTED_EDGE ( 'NONE', *, *, #1900, .F. ) ;
#391 = CARTESIAN_POINT ( 'NONE',  ( -1.500000000000000000, 0.03999999999999999389, 0.000000000000000000 ) ) ;
#392 = ORIENTED_EDGE ( 'NONE', *, *, #2035, .T. ) ;
#393 = CARTESIAN_POINT ( 'NONE',  ( 1.169086282677103572, 1.369639318964280594, 1.606222244794327070 ) ) ;
#394 = CARTESIAN_POINT ( 'NONE',  ( 1.054044011451987783, 0.4700000000000000289, 1.695955988548010884 ) ) ;
#395 = FACE_OUTER_BOUND ( 'NONE', #3522, .T. ) ;
#396 = EDGE_CURVE ( 'NONE', #3292, #1112, #284, .T. ) ;
#397 = DIRECTION ( 'NONE',  ( 0.000000000000000000, 0.000000000000000000, 1.000000000000000000 ) ) ;
#398 = DIRECTION ( 'NONE',  ( -0.000000000000000000, 1.000000000000000000, -0.000000000000000000 ) ) ;
#399 = CARTESIAN_POINT ( 'NONE',  ( 1.212132034355963395, 0.03999999999999999389, 1.599999999999999645 ) ) ;
#400 = CARTESIAN_POINT ( 'NONE',  ( 1.430000000000000160, 0.08500000000000003386, 1.300000000000000044 ) ) ;
#401 = EDGE_CURVE ( 'NONE', #3551, #4456, #1884, .T. ) ;
#402 = DIRECTION ( 'NONE',  ( 1.000000000000000000, -0.000000000000000000, 0.000000000000000000 ) ) ;
#403 = DIRECTION ( 'NONE',  ( 0.000000000000000000, -1.936075308009825719E-16, 1.000000000000000000 ) ) ;
#404 = VERTEX_POINT ( 'NONE', #5073 ) ;
#405 = FACE_OUTER_BOUND ( 'NONE', #1072, .T. ) ;
#406 = VECTOR ( 'NONE', #4611, 1000.000000000000000 ) ;
#407 = ORIENTED_EDGE ( 'NONE', *, *, #496, .F. ) ;
#408 = CARTESIAN_POINT ( 'NONE',  ( -1.554152816560842920, 0.7584814157638680721, -1.454660317778773138 ) ) ;
#409 = VERTEX_POINT ( 'NONE', #3496 ) ;
#410 = CARTESIAN_POINT ( 'NONE',  ( -1.850000000000000311, 1.369999999999999662, -1.349999999999996758 ) ) ;
#411 = ORIENTED_EDGE ( 'NONE', *, *, #3210, .T. ) ;
#412 = CARTESIAN_POINT ( 'NONE',  ( -1.156482317317867781E-15, 1.370000000000000107, -1.599999999999999423 ) ) ;
#413 = B_SPLINE_CURVE_WITH_KNOTS ( 'NONE', 3,
 ( #3006, #4539, #562, #4563 ),
 .UNSPECIFIED., .F., .F.,
 ( 4, 4 ),
 ( 0.000000000000000000, 1.000000000000000000 ),
 .UNSPECIFIED. ) ;
#414 = PRESENTATION_LAYER_ASSIGNMENT (  '', '', ( #1839 ) ) ;
#415 = CARTESIAN_POINT ( 'NONE',  ( 1.105110608456489008, 1.370000000000000551, -1.644889391543509438 ) ) ;
#416 = ORIENTED_EDGE ( 'NONE', *, *, #1438, .F. ) ;
#417 = SHAPE_DEFINITION_REPRESENTATION ( #2833, #3116 ) ;
#418 = AXIS2_PLACEMENT_3D ( 'NONE', #328, #5068, #1481 ) ;
#419 = ADVANCED_FACE ( 'NONE', ( #651 ), #3545, .F. ) ;
#420 = EDGE_LOOP ( 'NONE', ( #943, #2703, #110, #3268 ) ) ;
#421 = DIRECTION ( 'NONE',  ( -0.000000000000000000, -1.000000000000000000, 0.000000000000000000 ) ) ;
#422 = CARTESIAN_POINT ( 'NONE',  ( 1.704633274187506320, 0.7584814157638680721, -0.2249999999999889866 ) ) ;
#423 = DIRECTION ( 'NONE',  ( -3.614007241618331514E-16, 0.000000000000000000, -1.000000000000000000 ) ) ;
#424 = ORIENTED_EDGE ( 'NONE', *, *, #4889, .F. ) ;
#425 = FILL_AREA_STYLE_COLOUR ( '', #3731 ) ;
#426 = CARTESIAN_POINT ( 'NONE',  ( -1.850000000000001865, 1.369999999999999662, 1.349999999999996092 ) ) ;
#427 = LINE ( 'NONE', #2030, #1406 ) ;
#428 = CARTESIAN_POINT ( 'NONE',  ( 1.300000000000000044, 0.03999999999999999389, -1.600000000000000533 ) ) ;
#429 = VECTOR ( 'NONE', #4469, 1000.000000000000000 ) ;
#430 = CARTESIAN_POINT ( 'NONE',  ( 1.467846096908265840, 0.1599999999999999756, -2.000000000000000000 ) ) ;
#431 = DIRECTION ( 'NONE',  ( 0.000000000000000000, 1.000000000000000000, -0.000000000000000000 ) ) ;
#432 = DIRECTION ( 'NONE',  ( 1.000000000000000000, 0.000000000000000000, -7.228014483236676834E-16 ) ) ;
#433 = SURFACE_SIDE_STYLE ('',( #772 ) ) ;
#434 = ADVANCED_FACE ( 'NONE', ( #5100 ), #4736, .T. ) ;
#435 = EDGE_CURVE ( 'NONE', #3979, #2898, #3126, .T. ) ;
#436 = ORIENTED_EDGE ( 'NONE', *, *, #4396, .T. ) ;
#437 = CARTESIAN_POINT ( 'NONE',  ( -1.704633274187481895, 0.7584814157638680721, -1.237500000000002931 ) ) ;
#438 = VERTEX_POINT ( 'NONE', #261 ) ;
#439 = CARTESIAN_POINT ( 'NONE',  ( -1.156482317317867781E-15, 0.03999999999999999389, -1.599999999999999423 ) ) ;
#440 = VERTEX_POINT ( 'NONE', #3101 ) ;
#441 = DIRECTION ( 'NONE',  ( -0.000000000000000000, -1.000000000000000000, 0.000000000000000000 ) ) ;
#442 = B_SPLINE_CURVE_WITH_KNOTS ( 'NONE', 3,
 ( #415, #2445, #1202, #2812 ),
 .UNSPECIFIED., .F., .F.,
 ( 4, 4 ),
 ( 0.000000000000000000, 1.000000000000000000 ),
 .UNSPECIFIED. ) ;
#443 = DIRECTION ( 'NONE',  ( -0.9659258262890693114, 0.2588190451025172423, 0.000000000000000000 ) ) ;
#444 = ORIENTED_EDGE ( 'NONE', *, *, #1455, .F. ) ;
#445 = VERTEX_POINT ( 'NONE', #1859 ) ;
#446 = CARTESIAN_POINT ( 'NONE',  ( 1.850000000000001199, 0.4699999999999999178, -1.349999999999996758 ) ) ;
#447 = CARTESIAN_POINT ( 'NONE',  ( 1.470710678118646753, 0.4700000000000000289, 1.599999999999992317 ) ) ;
#448 = AXIS2_PLACEMENT_3D ( 'NONE', #564, #2608, #1326 ) ;
#449 = EDGE_CURVE ( 'NONE', #2291, #899, #1147, .T. ) ;
#450 = EDGE_LOOP ( 'NONE', ( #3179, #1514, #2926, #3083 ) ) ;
#451 = ORIENTED_EDGE ( 'NONE', *, *, #3210, .F. ) ;
#452 = DIRECTION ( 'NONE',  ( 0.000000000000000000, 0.000000000000000000, 1.000000000000000000 ) ) ;
#453 = COLOUR_RGB ( '',0.5019607843137254832, 0.5019607843137254832, 0.5019607843137254832 ) ;
#454 = AXIS2_PLACEMENT_3D ( 'NONE', #250, #4161, #2609 ) ;
#455 = CARTESIAN_POINT ( 'NONE',  ( -1.106066017177979477, 0.4700000000000001399, 1.643933982822018525 ) ) ;
#456 = DIRECTION ( 'NONE',  ( 0.000000000000000000, 1.000000000000000000, -0.000000000000000000 ) ) ;
#457 = AXIS2_PLACEMENT_3D ( 'NONE', #4452, #3679, #5178 ) ;
#458 = CARTESIAN_POINT ( 'NONE',  ( 1.430000000000000160, 0.4350000000000001643, 1.605000000000000426 ) ) ;
#459 = DIRECTION ( 'NONE',  ( 1.000000000000000000, 0.000000000000000000, -3.614007241618332007E-16 ) ) ;
#460 = CYLINDRICAL_SURFACE ( 'NONE', #2356, 0.1499999999999999667 ) ;
#461 = DIRECTION ( 'NONE',  ( 0.000000000000000000, 1.000000000000000000, -0.000000000000000000 ) ) ;
#462 = ORIENTED_EDGE ( 'NONE', *, *, #4480, .T. ) ;
#463 = CARTESIAN_POINT ( 'NONE',  ( -0.6911441852411002174, 0.7584814157638680721, -1.853276219597065122 ) ) ;
#464 = EDGE_LOOP ( 'NONE', ( #4097, #2206, #5071, #4101 ) ) ;
#465 = EDGE_CURVE ( 'NONE', #4063, #4300, #264, .T. ) ;
#466 = CARTESIAN_POINT ( 'NONE',  ( -1.850000000000000089, 1.369999999999999662, -0.8999999999999876987 ) ) ;
#467 = VERTEX_POINT ( 'NONE', #1070 ) ;
#468 = CARTESIAN_POINT ( 'NONE',  ( -1.370000000000000107, 0.4350000000000001643, 1.640000000000000346 ) ) ;
#469 = ORIENTED_EDGE ( 'NONE', *, *, #1018, .T. ) ;
#470 = LINE ( 'NONE', #5155, #2074 ) ;
#471 = AXIS2_PLACEMENT_3D ( 'NONE', #2510, #121, #511 ) ;
#472 = EDGE_CURVE ( 'NONE', #3906, #546, #4319, .T. ) ;
#473 = ORIENTED_EDGE ( 'NONE', *, *, #523, .F. ) ;
#474 = EDGE_CURVE ( 'NONE', #3159, #4906, #4627, .T. ) ;
#475 = ORIENTED_EDGE ( 'NONE', *, *, #650, .T. ) ;
#476 = LINE ( 'NONE', #4796, #2761 ) ;
#477 = AXIS2_PLACEMENT_3D ( 'NONE', #1949, #1210, #1235 ) ;
#478 = CARTESIAN_POINT ( 'NONE',  ( 0.7951881966930770540, 0.7584814157638680721, -1.749232208145087064 ) ) ;
#479 = ORIENTED_EDGE ( 'NONE', *, *, #3333, .F. ) ;
#480 = AXIS2_PLACEMENT_3D ( 'NONE', #2784, #4841, #1254 ) ;
#481 = CARTESIAN_POINT ( 'NONE',  ( -1.106066017177981919, 0.4700000000000001399, -1.643933982822016970 ) ) ;
#482 = ORIENTED_EDGE ( 'NONE', *, *, #4192, .T. ) ;
#483 = DIRECTION ( 'NONE',  ( 0.2588190451025176309, 0.9659258262890692004, 0.000000000000000000 ) ) ;
#484 = FACE_OUTER_BOUND ( 'NONE', #4490, .T. ) ;
#485 = CYLINDRICAL_SURFACE ( 'NONE', #1054, 0.2500000000000000000 ) ;
#486 = CARTESIAN_POINT ( 'NONE',  ( -0.8979779942740038212, 0.4700000000000001399, 1.852022005725994402 ) ) ;
#487 = DIRECTION ( 'NONE',  ( 0.000000000000000000, -0.000000000000000000, -1.000000000000000000 ) ) ;
#488 =( NAMED_UNIT ( * ) PLANE_ANGLE_UNIT ( ) SI_UNIT ( $, .RADIAN. ) );
#489 = PLANE ( 'NONE',  #3529 ) ;
#490 = ORIENTED_EDGE ( 'NONE', *, *, #2191, .F. ) ;
#491 = CARTESIAN_POINT ( 'NONE',  ( -1.704605893752898282, 0.7584814157638680721, 1.396418236177708216 ) ) ;
#492 = ORIENTED_EDGE ( 'NONE', *, *, #4396, .F. ) ;
#493 = CARTESIAN_POINT ( 'NONE',  ( 2.000000000000000000, 0.01999999999999980960, 1.300000000000000044 ) ) ;
#494 = ORIENTED_EDGE ( 'NONE', *, *, #504, .F. ) ;
#495 = CARTESIAN_POINT ( 'NONE',  ( 1.375000000000001110, 1.800000000000000044, -1.374999999999996669 ) ) ;
#496 = EDGE_CURVE ( 'NONE', #4683, #1384, #1529, .T. ) ;
#497 = VECTOR ( 'NONE', #3890, 1000.000000000000000 ) ;
#498 = CARTESIAN_POINT ( 'NONE',  ( -1.471628125977776813, 0.4700000000000001399, 1.600000000000000755 ) ) ;
#499 = ORIENTED_EDGE ( 'NONE', *, *, #2749, .F. ) ;
#500 = ORIENTED_EDGE ( 'NONE', *, *, #2968, .T. ) ;
#501 = CARTESIAN_POINT ( 'NONE',  ( 1.207701850253090514, 1.369985348218684118, 1.600000000000000089 ) ) ;
#502 = VECTOR ( 'NONE', #1198, 1000.000000000000114 ) ;
#503 = CARTESIAN_POINT ( 'NONE',  ( 1.704633274187481451, 1.081518584236131675, 1.068750000000003642 ) ) ;
#504 = EDGE_CURVE ( 'NONE', #1319, #5146, #4536, .T. ) ;
#505 = VECTOR ( 'NONE', #4470, 1000.000000000000000 ) ;
#506 = VERTEX_POINT ( 'NONE', #1513 ) ;
#507 = CARTESIAN_POINT ( 'NONE',  ( 1.152401595203237372, 0.4704232783553580211, 1.612370484647329683 ) ) ;
#508 = ORIENTED_EDGE ( 'NONE', *, *, #2716, .T. ) ;
#509 = CARTESIAN_POINT ( 'NONE',  ( -1.106066017177981919, 0.4699999999999999178, -1.643933982822016748 ) ) ;
#510 = CARTESIAN_POINT ( 'NONE',  ( -0.6878679656440356283, 1.370000000000000107, -2.000000000000000000 ) ) ;
#511 = DIRECTION ( 'NONE',  ( 0.000000000000000000, 0.000000000000000000, -1.000000000000000000 ) ) ;
#512 = CARTESIAN_POINT ( 'NONE',  ( -1.729829553687354027, 0.4700000000000001399, 1.573723836731507397 ) ) ;
#513 = LINE ( 'NONE', #2538, #3222 ) ;
#514 = CIRCLE ( 'NONE', #4695, 1.000000000000000000 ) ;
#515 = ADVANCED_FACE ( 'NONE', ( #234 ), #677, .F. ) ;
#516 = VERTEX_POINT ( 'NONE', #5019 ) ;
#517 = CARTESIAN_POINT ( 'NONE',  ( -1.704633274187481673, 1.081518584236131675, -1.237500000000002931 ) ) ;
#518 = EDGE_LOOP ( 'NONE', ( #1889, #2667, #3759, #657, #616, #841, #2869, #5051, #1221, #1740, #1564, #4553, #2314, #208, #603, #4713, #407, #4350, #1284, #3950, #2893, #4785, #4770, #755, #4901, #236, #3578, #3986 ) ) ;
#519 = LINE ( 'NONE', #439, #788 ) ;
#520 = CARTESIAN_POINT ( 'NONE',  ( -1.214884377933333592, 0.4699999999999999178, 1.599997834909322902 ) ) ;
#521 = DIRECTION ( 'NONE',  ( 0.000000000000000000, 0.000000000000000000, -1.000000000000000000 ) ) ;
#522 = DIRECTION ( 'NONE',  ( -0.000000000000000000, -1.000000000000000000, -0.000000000000000000 ) ) ;
#523 = EDGE_CURVE ( 'NONE', #592, #728, #1045, .T. ) ;
#524 = VERTEX_POINT ( 'NONE', #3468 ) ;
#525 = DIRECTION ( 'NONE',  ( 0.000000000000000000, -1.000000000000000000, 0.000000000000000000 ) ) ;
#526 = ORIENTED_EDGE ( 'NONE', *, *, #3644, .T. ) ;
#527 = CARTESIAN_POINT ( 'NONE',  ( 1.373743686707651346, 0.7584814157638680721, 1.454633274187484338 ) ) ;
#528 = ORIENTED_EDGE ( 'NONE', *, *, #3896, .T. ) ;
#529 = VECTOR ( 'NONE', #4959, 1000.000000000000000 ) ;
#530 = VERTEX_POINT ( 'NONE', #308 ) ;
#531 = LINE ( 'NONE', #2821, #4262 ) ;
#532 = EDGE_CURVE ( 'NONE', #4077, #3839, #1909, .T. ) ;
#533 = AXIS2_PLACEMENT_3D ( 'NONE', #5064, #2350, #4618 ) ;
#534 = FACE_OUTER_BOUND ( 'NONE', #1409, .T. ) ;
#535 = DIRECTION ( 'NONE',  ( 0.000000000000000000, 0.000000000000000000, -1.000000000000000000 ) ) ;
#536 = LINE ( 'NONE', #4180, #2130 ) ;
#537 = LINE ( 'NONE', #3279, #1289 ) ;
#538 = EDGE_CURVE ( 'NONE', #975, #3756, #348, .T. ) ;
#539 = B_SPLINE_CURVE_WITH_KNOTS ( 'NONE', 3,
 ( #4723, #5088, #3559, #297 ),
 .UNSPECIFIED., .F., .F.,
 ( 4, 4 ),
 ( 0.000000000000000000, 1.000000000000000000 ),
 .UNSPECIFIED. ) ;
#540 = LINE ( 'NONE', #3035, #3750 ) ;
#541 = CARTESIAN_POINT ( 'NONE',  ( -1.554152816560913752, 1.081518584236131675, 1.454660317778802670 ) ) ;
#542 = ORIENTED_EDGE ( 'NONE', *, *, #659, .T. ) ;
#543 = DIRECTION ( 'NONE',  ( 0.000000000000000000, 0.000000000000000000, 1.000000000000000000 ) ) ;
#544 = CARTESIAN_POINT ( 'NONE',  ( 1.375000000000001110, 1.370000000000000107, -1.374999999999996669 ) ) ;
#545 = DIRECTION ( 'NONE',  ( 0.000000000000000000, 0.000000000000000000, -1.000000000000000000 ) ) ;
#546 = VERTEX_POINT ( 'NONE', #4358 ) ;
#547 = CARTESIAN_POINT ( 'NONE',  ( -1.370000000000000107, 0.04499999999999997058, 1.580000000000000515 ) ) ;
#548 = VECTOR ( 'NONE', #3639, 1000.000000000000000 ) ;
#549 = VERTEX_POINT ( 'NONE', #3090 ) ;
#550 = CIRCLE ( 'NONE', #1812, 0.1499999999999999667 ) ;
#551 = CARTESIAN_POINT ( 'NONE',  ( 0.8992322081450678795, 0.7584814157638680721, 1.645188196693096350 ) ) ;
#552 = ORIENTED_EDGE ( 'NONE', *, *, #3130, .T. ) ;
#553 = APPLICATION_CONTEXT ( 'automotive_design' ) ;
#554 = EDGE_CURVE ( 'NONE', #2289, #4894, #3624, .T. ) ;
#555 = CARTESIAN_POINT ( 'NONE',  ( 1.172752600185559713, 0.4701982046122440417, 1.604047581297861624 ) ) ;
#556 = UNCERTAINTY_MEASURE_WITH_UNIT (LENGTH_MEASURE( 1.000000000000000082E-05 ), #4782, 'distance_accuracy_value', 'NONE');
#557 = VECTOR ( 'NONE', #376, 1000.000000000000000 ) ;
#558 = ORIENTED_EDGE ( 'NONE', *, *, #3172, .F. ) ;
#559 = DIRECTION ( 'NONE',  ( 0.2588190451025176309, 0.9659258262890692004, 0.000000000000000000 ) ) ;
#560 = FACE_OUTER_BOUND ( 'NONE', #3239, .T. ) ;
#561 = VECTOR ( 'NONE', #4515, 1000.000000000000000 ) ;
#562 = CARTESIAN_POINT ( 'NONE',  ( 1.729829553686669019, 0.4700000000000001399, -1.573723836731816261 ) ) ;
#563 = EDGE_CURVE ( 'NONE', #2966, #1708, #4669, .T. ) ;
#564 = CARTESIAN_POINT ( 'NONE',  ( 1.500000000000000000, 0.03999999999999999389, -2.000000000000000000 ) ) ;
#565 = CARTESIAN_POINT ( 'NONE',  ( 0.6878679656440350731, 0.4699999999999999178, 2.000000000000000000 ) ) ;
#566 = STYLED_ITEM ( 'NONE', ( #2372 ), #3085 ) ;
#567 = LINE ( 'NONE', #4593, #2152 ) ;
#568 = EDGE_CURVE ( 'NONE', #4132, #2070, #539, .T. ) ;
#569 = CARTESIAN_POINT ( 'NONE',  ( -1.646418236177633831, 1.081518584236131675, 1.454605893752854318 ) ) ;
#570 = ORIENTED_EDGE ( 'NONE', *, *, #3303, .T. ) ;
#571 = EDGE_LOOP ( 'NONE', ( #805, #2570, #3203, #4970 ) ) ;
#572 = CARTESIAN_POINT ( 'NONE',  ( -1.313397459621555852, 0.08999999999999996891, 1.500000000000000000 ) ) ;
#573 = ORIENTED_EDGE ( 'NONE', *, *, #3954, .T. ) ;
#574 = CARTESIAN_POINT ( 'NONE',  ( -1.430000000000000160, 0.4700000000000000844, 1.605000000000000426 ) ) ;
#575 = EDGE_LOOP ( 'NONE', ( #698, #605, #1784, #1096, #2384, #868, #1592, #19, #4675 ) ) ;
#576 =( LENGTH_UNIT ( ) NAMED_UNIT ( * ) SI_UNIT ( .MILLI., .METRE. ) );
#577 = VECTOR ( 'NONE', #2029, 1000.000000000000000 ) ;
#578 = CARTESIAN_POINT ( 'NONE',  ( 1.704656805937632136, 0.7584814157638680721, 1.310106464618639333 ) ) ;
#579 = VERTEX_POINT ( 'NONE', #1133 ) ;
#580 = VECTOR ( 'NONE', #2621, 1000.000000000000000 ) ;
#581 = CARTESIAN_POINT ( 'NONE',  ( -2.000000000000000000, 0.01999999999999980960, -1.300000000000000044 ) ) ;
#582 = ORIENTED_EDGE ( 'NONE', *, *, #1363, .T. ) ;
#583 = CIRCLE ( 'NONE', #3193, 0.05999999999999994227 ) ;
#584 = DIRECTION ( 'NONE',  ( 0.000000000000000000, -0.000000000000000000, 1.000000000000000000 ) ) ;
#585 = DIRECTION ( 'NONE',  ( -0.000000000000000000, -1.000000000000000000, 0.000000000000000000 ) ) ;
#586 = LINE ( 'NONE', #4983, #614 ) ;
#587 = CARTESIAN_POINT ( 'NONE',  ( 0.7939339828220174367, 1.800000000000000044, -1.956066017177982008 ) ) ;
#588 = EDGE_CURVE ( 'NONE', #438, #728, #1084, .T. ) ;
#589 = DIRECTION ( 'NONE',  ( -0.000000000000000000, -1.000000000000000000, -0.000000000000000000 ) ) ;
#590 = CIRCLE ( 'NONE', #1508, 0.1499999999999999667 ) ;
#591 = CARTESIAN_POINT ( 'NONE',  ( -1.133879506128958381, 1.369999999999999662, 1.616213044232882590 ) ) ;
#592 = VERTEX_POINT ( 'NONE', #3139 ) ;
#593 = LINE ( 'NONE', #2614, #96 ) ;
#594 = CARTESIAN_POINT ( 'NONE',  ( 0.6878679656440350731, 1.370000000000000107, 2.000000000000000000 ) ) ;
#595 = ADVANCED_FACE ( 'NONE', ( #1501 ), #3586, .T. ) ;
#596 = ORIENTED_EDGE ( 'NONE', *, *, #1725, .F. ) ;
#597 = AXIS2_PLACEMENT_3D ( 'NONE', #3717, #3247, #3668 ) ;
#598 = ORIENTED_EDGE ( 'NONE', *, *, #1369, .F. ) ;
#599 = DIRECTION ( 'NONE',  ( 0.000000000000000000, -1.000000000000000000, 0.000000000000000000 ) ) ;
#600 = VERTEX_POINT ( 'NONE', #5165 ) ;
#601 = FACE_OUTER_BOUND ( 'NONE', #351, .T. ) ;
#602 = CARTESIAN_POINT ( 'NONE',  ( 1.704633274187481451, 0.7584814157638680721, 1.124999999999993339 ) ) ;
#603 = ORIENTED_EDGE ( 'NONE', *, *, #3251, .F. ) ;
#604 = SURFACE_STYLE_USAGE ( .BOTH. , #1171 ) ;
#605 = ORIENTED_EDGE ( 'NONE', *, *, #205, .T. ) ;
#606 = LINE ( 'NONE', #634, #2259 ) ;
#607 = PRESENTATION_STYLE_ASSIGNMENT (( #2605 ) ) ;
#608 = CARTESIAN_POINT ( 'NONE',  ( -1.370000000000000107, 0.08500000000000003386, 1.300000000000000044 ) ) ;
#609 = LINE ( 'NONE', #3869, #4800 ) ;
#610 = DIRECTION ( 'NONE',  ( 0.7071067811865462405, -0.000000000000000000, -0.7071067811865489050 ) ) ;
#611 = VECTOR ( 'NONE', #3821, 1000.000000000000000 ) ;
#612 = DIRECTION ( 'NONE',  ( 1.000000000000000000, 0.000000000000000000, -3.614007241618332007E-16 ) ) ;
#613 = CARTESIAN_POINT ( 'NONE',  ( -1.750000000000000000, 0.4700000000000001399, -1.599999999999998090 ) ) ;
#614 = VECTOR ( 'NONE', #4495, 1000.000000000000000 ) ;
#615 = CARTESIAN_POINT ( 'NONE',  ( -1.704633274187481895, 1.081518584236131675, -0.7875000000000060840 ) ) ;
#616 = ORIENTED_EDGE ( 'NONE', *, *, #3303, .F. ) ;
#617 = CARTESIAN_POINT ( 'NONE',  ( 1.430000000000000160, 0.1049999999999999822, 1.640000000000000346 ) ) ;
#618 = CARTESIAN_POINT ( 'NONE',  ( 1.600000000000000089, 0.4699999999999999178, 1.599999999999998757 ) ) ;
#619 = VECTOR ( 'NONE', #319, 999.9999999999998863 ) ;
#620 = EDGE_CURVE ( 'NONE', #1494, #1148, #4474, .T. ) ;
#621 = STYLED_ITEM ( 'NONE', ( #1890 ), #5103 ) ;
#622 = VERTEX_POINT ( 'NONE', #4385 ) ;
#623 = FACE_OUTER_BOUND ( 'NONE', #1891, .T. ) ;
#624 = DIRECTION ( 'NONE',  ( -1.000000000000000000, 0.000000000000000000, 0.000000000000000000 ) ) ;
#625 = ORIENTED_EDGE ( 'NONE', *, *, #1265, .F. ) ;
#626 = FACE_OUTER_BOUND ( 'NONE', #3513, .T. ) ;
#627 = ADVANCED_FACE ( 'NONE', ( #793 ), #4001, .T. ) ;
#628 = ADVANCED_FACE ( 'NONE', ( #4284 ), #2003, .T. ) ;
#629 = CARTESIAN_POINT ( 'NONE',  ( 1.470710678118653636, 1.369999999999999662, -1.600000000000006750 ) ) ;
#630 = ORIENTED_EDGE ( 'NONE', *, *, #4311, .F. ) ;
#631 = ADVANCED_FACE ( 'NONE', ( #2296 ), #3895, .T. ) ;
#632 = DIRECTION ( 'NONE',  ( -0.000000000000000000, -0.000000000000000000, -1.000000000000000000 ) ) ;
#633 = ORIENTED_EDGE ( 'NONE', *, *, #924, .T. ) ;
#634 = CARTESIAN_POINT ( 'NONE',  ( -1.137867965644034918, 2.999999999999999556, 1.300000000000000044 ) ) ;
#635 = PLANE ( 'NONE',  #809 ) ;
#636 = CARTESIAN_POINT ( 'NONE',  ( 1.212132034355963395, 1.800000000000000044, 1.599999999999999645 ) ) ;
#637 = AXIS2_PLACEMENT_3D ( 'NONE', #3354, #3771, #2243 ) ;
#638 = LINE ( 'NONE', #2216, #4304 ) ;
#639 = CARTESIAN_POINT ( 'NONE',  ( -1.375000000000001332, 1.370000000000000107, -1.374999999999996225 ) ) ;
#640 = MECHANICAL_DESIGN_GEOMETRIC_PRESENTATION_REPRESENTATION (  '', ( #4740 ), #4242 ) ;
#641 = CARTESIAN_POINT ( 'NONE',  ( -1.300000000000000044, 0.03999999999999999389, 1.300000000000000044 ) ) ;
#642 =( NAMED_UNIT ( * ) PLANE_ANGLE_UNIT ( ) SI_UNIT ( $, .RADIAN. ) );
#644 = AXIS2_PLACEMENT_3D ( 'NONE', #5085, #4355, #245 ) ;
#643 = LINE ( 'NONE', #3512, #3560 ) ;
#645 = VERTEX_POINT ( 'NONE', #4697 ) ;
#646 = DIRECTION ( 'NONE',  ( 7.228014483236676834E-16, -0.000000000000000000, 1.000000000000000000 ) ) ;
#647 = DIRECTION ( 'NONE',  ( -1.000000000000000000, -0.000000000000000000, 1.008560160451631605E-16 ) ) ;
#648 = ORIENTED_EDGE ( 'NONE', *, *, #859, .T. ) ;
#649 = LINE ( 'NONE', #4268, #4543 ) ;
#650 = EDGE_CURVE ( 'NONE', #645, #2447, #1107, .T. ) ;
#651 = FACE_OUTER_BOUND ( 'NONE', #1479, .T. ) ;
#652 = DIRECTION ( 'NONE',  ( -1.000000000000000000, 0.000000000000000000, 7.228014483236676834E-16 ) ) ;
#653 = ORIENTED_EDGE ( 'NONE', *, *, #4917, .F. ) ;
#654 = ADVANCED_FACE ( 'NONE', ( #4907 ), #2933, .F. ) ;
#655 = CARTESIAN_POINT ( 'NONE',  ( 0.9512542138710698980, 1.081518584236131675, 1.593166190967093776 ) ) ;
#656 = ORIENTED_EDGE ( 'NONE', *, *, #2383, .T. ) ;
#657 = ORIENTED_EDGE ( 'NONE', *, *, #5174, .F. ) ;
#658 = DIRECTION ( 'NONE',  ( 0.000000000000000000, 0.000000000000000000, -1.000000000000000000 ) ) ;
#659 = EDGE_CURVE ( 'NONE', #3725, #1250, #1323, .T. ) ;
#660 = CARTESIAN_POINT ( 'NONE',  ( 1.425400529837773655, 0.9200000000000000400, -2.587532564193734785 ) ) ;
#661 = CARTESIAN_POINT ( 'NONE',  ( -1.156482317317867781E-15, 0.03999999999999999389, -1.599999999999999423 ) ) ;
#662 = VECTOR ( 'NONE', #1268, 999.9999999999998863 ) ;
#663 = FACE_OUTER_BOUND ( 'NONE', #2628, .T. ) ;
#664 = CARTESIAN_POINT ( 'NONE',  ( 1.850000000000001199, 0.4699999999999999178, -1.349999999999996758 ) ) ;
#665 = AXIS2_PLACEMENT_3D ( 'NONE', #4425, #3706, #3182 ) ;
#666 = LINE ( 'NONE', #5166, #4162 ) ;
#667 = DIRECTION ( 'NONE',  ( 0.000000000000000000, -1.000000000000000000, 0.000000000000000000 ) ) ;
#668 = AXIS2_PLACEMENT_3D ( 'NONE', #4270, #624, #4391 ) ;
#669 = CARTESIAN_POINT ( 'NONE',  ( -1.133879506128956605, 1.369999999999999662, -1.616213044232881035 ) ) ;
#670 = ORIENTED_EDGE ( 'NONE', *, *, #2432, .F. ) ;
#671 = CARTESIAN_POINT ( 'NONE',  ( 1.152401595192089179, 1.369576721644689243, -1.612370484652186908 ) ) ;
#672 = DIRECTION ( 'NONE',  ( 2.290449872037788939E-16, -1.000000000000000000, 0.000000000000000000 ) ) ;
#673 = EDGE_CURVE ( 'NONE', #2903, #3493, #3542, .T. ) ;
#674 = ORIENTED_EDGE ( 'NONE', *, *, #3682, .F. ) ;
#675 = CARTESIAN_POINT ( 'NONE',  ( -0.8979779942740069298, 0.4700000000000000289, 1.852022005725995069 ) ) ;
#676 = AXIS2_PLACEMENT_3D ( 'NONE', #4991, #1332, #3365 ) ;
#677 = PLANE ( 'NONE',  #1603 ) ;
#678 = CARTESIAN_POINT ( 'NONE',  ( 0.7939339828220174367, 0.4700000000000001399, -1.956066017177982008 ) ) ;
#679 = ORIENTED_EDGE ( 'NONE', *, *, #322, .F. ) ;
#680 = AXIS2_PLACEMENT_3D ( 'NONE', #1977, #3510, #3534 ) ;
#681 = CARTESIAN_POINT ( 'NONE',  ( 1.850000000000000311, 1.369999999999999662, -0.8999999999999869216 ) ) ;
#682 = VERTEX_POINT ( 'NONE', #1660 ) ;
#683 = FACE_OUTER_BOUND ( 'NONE', #2186, .T. ) ;
#684 = ORIENTED_EDGE ( 'NONE', *, *, #673, .F. ) ;
#685 = DIRECTION ( 'NONE',  ( 0.000000000000000000, 1.000000000000000000, -0.000000000000000000 ) ) ;
#686 = CARTESIAN_POINT ( 'NONE',  ( 1.341421356237311402, 0.4700000000000000289, -1.600000000000000311 ) ) ;
#687 = CARTESIAN_POINT ( 'NONE',  ( -1.109198629398989722, 1.369985348223359711, 1.640801370601007392 ) ) ;
#688 = PLANE ( 'NONE',  #1036 ) ;
#689 = CARTESIAN_POINT ( 'NONE',  ( -1.137867965644034696, 2.999999999999999556, -1.300000000000000044 ) ) ;
#690 = EDGE_CURVE ( 'NONE', #5146, #3650, #2871, .T. ) ;
#691 = SURFACE_STYLE_USAGE ( .BOTH. , #2687 ) ;
#692 = EDGE_CURVE ( 'NONE', #802, #2366, #3693, .T. ) ;
#693 = CARTESIAN_POINT ( 'NONE',  ( -1.665442318608308270, 1.369999999999999662, -1.599934580001394435 ) ) ;
#694 = ORIENTED_EDGE ( 'NONE', *, *, #4855, .F. ) ;
#695 = PLANE ( 'NONE',  #2192 ) ;
#696 = CARTESIAN_POINT ( 'NONE',  ( 1.137867965644034030, -2.606229536305276996E-16, -1.300000000000000044 ) ) ;
#697 = AXIS2_PLACEMENT_3D ( 'NONE', #458, #1584, #4803 ) ;
#698 = ORIENTED_EDGE ( 'NONE', *, *, #1354, .T. ) ;
#699 = CARTESIAN_POINT ( 'NONE',  ( -1.054044011451985785, 0.4700000000000000289, 1.695955988548012439 ) ) ;
#700 = ORIENTED_EDGE ( 'NONE', *, *, #1337, .T. ) ;
#701 = CARTESIAN_POINT ( 'NONE',  ( 0.8979779942740052645, 0.4700000000000001399, -1.852022005725993958 ) ) ;
#702 = VECTOR ( 'NONE', #3450, 1000.000000000000000 ) ;
#703 = ORIENTED_EDGE ( 'NONE', *, *, #3747, .F. ) ;
#704 =( NAMED_UNIT ( * ) PLANE_ANGLE_UNIT ( ) SI_UNIT ( $, .RADIAN. ) );
#705 = CARTESIAN_POINT ( 'NONE',  ( 1.850000000000000311, 1.369999999999999662, -0.7875000000000302869 ) ) ;
#706 = CIRCLE ( 'NONE', #40, 0.2499999999999997780 ) ;
#707 = ORIENTED_EDGE ( 'NONE', *, *, #1950, .F. ) ;
#708 = FILL_AREA_STYLE_COLOUR ( '', #2901 ) ;
#709 = ORIENTED_EDGE ( 'NONE', *, *, #4214, .F. ) ;
#710 = DIRECTION ( 'NONE',  ( 0.000000000000000000, 0.000000000000000000, 1.000000000000000000 ) ) ;
#711 = CARTESIAN_POINT ( 'NONE',  ( 2.000000000000000000, 0.4700000000000001399, 0.000000000000000000 ) ) ;
#712 = CYLINDRICAL_SURFACE ( 'NONE', #956, 0.1499999999999999667 ) ;
#713 = DIRECTION ( 'NONE',  ( 0.000000000000000000, -1.936075308009825719E-16, 1.000000000000000000 ) ) ;
#714 = EDGE_CURVE ( 'NONE', #1250, #4706, #1295, .T. ) ;
#715 = LINE ( 'NONE', #4752, #557 ) ;
#716 = VECTOR ( 'NONE', #1583, 1000.000000000000000 ) ;
#717 =( NAMED_UNIT ( * ) SI_UNIT ( $, .STERADIAN. ) SOLID_ANGLE_UNIT ( ) );
#718 = CARTESIAN_POINT ( 'NONE',  ( -1.729926582365058696, 1.369999999999999662, 1.573626808228208551 ) ) ;
#719 = ORIENTED_EDGE ( 'NONE', *, *, #2566, .F. ) ;
#720 = CIRCLE ( 'NONE', #1390, 0.2500000000000000000 ) ;
#721 = DIRECTION ( 'NONE',  ( 0.000000000000000000, 0.000000000000000000, 1.000000000000000000 ) ) ;
#722 = CARTESIAN_POINT ( 'NONE',  ( -1.137867965644034252, -2.606229536305277490E-16, 0.000000000000000000 ) ) ;
#723 = EDGE_CURVE ( 'NONE', #3902, #4768, #2906, .T. ) ;
#724 = VECTOR ( 'NONE', #1346, 1000.000000000000000 ) ;
#725 = VERTEX_POINT ( 'NONE', #66 ) ;
#726 = CARTESIAN_POINT ( 'NONE',  ( -1.850000000000000311, 0.4700000000000000289, -1.237500000000002931 ) ) ;
#727 = DIRECTION ( 'NONE',  ( -0.000000000000000000, 1.000000000000000000, -0.000000000000000000 ) ) ;
#728 = VERTEX_POINT ( 'NONE', #7 ) ;
#729 = DIRECTION ( 'NONE',  ( -1.000000000000000000, 2.290449872037788939E-16, 0.000000000000000000 ) ) ;
#730 = CARTESIAN_POINT ( 'NONE',  ( 1.850000000000000533, 1.369999999999999662, -1.237499999999988942 ) ) ;
#731 = ORIENTED_EDGE ( 'NONE', *, *, #3557, .T. ) ;
#732 = PLANE ( 'NONE',  #3817 ) ;
#733 = ORIENTED_EDGE ( 'NONE', *, *, #2164, .F. ) ;
#734 = CARTESIAN_POINT ( 'NONE',  ( 0.6878679656440350731, 0.4699999999999999178, -2.000000000000000000 ) ) ;
#735 = DIRECTION ( 'NONE',  ( -0.000000000000000000, -1.000000000000000000, -0.000000000000000000 ) ) ;
#736 = EDGE_CURVE ( 'NONE', #1650, #2178, #2428, .T. ) ;
#737 = CARTESIAN_POINT ( 'NONE',  ( 0.6878679656440350731, 0.04000000000000010492, 1.850000000000000089 ) ) ;
#738 = CARTESIAN_POINT ( 'NONE',  ( 1.850000000000000977, 1.369999999999999662, -1.349999999999996758 ) ) ;
#739 = CIRCLE ( 'NONE', #2674, 0.1499999999999999667 ) ;
#740 = CYLINDRICAL_SURFACE ( 'NONE', #4322, 0.1499999999999999667 ) ;
#741 = CARTESIAN_POINT ( 'NONE',  ( -1.850000000000000755, 1.369999999999999662, 1.068749999999982547 ) ) ;
#742 = ORIENTED_EDGE ( 'NONE', *, *, #2974, .T. ) ;
#743 = EDGE_CURVE ( 'NONE', #3994, #4634, #118, .T. ) ;
#744 = DIRECTION ( 'NONE',  ( 0.000000000000000000, 0.000000000000000000, 1.000000000000000000 ) ) ;
#745 = DIRECTION ( 'NONE',  ( 0.000000000000000000, 1.000000000000000000, -0.000000000000000000 ) ) ;
#746 = TOROIDAL_SURFACE ( 'NONE', #4273, 1.043028554974587685, 1.000000000000000222 ) ;
#747 = ORIENTED_EDGE ( 'NONE', *, *, #3919, .F. ) ;
#748 = CARTESIAN_POINT ( 'NONE',  ( -1.470710678118643866, 0.4700000000000000289, -1.599999999999991651 ) ) ;
#749 = CARTESIAN_POINT ( 'NONE',  ( -1.850000000000000311, 0.03899999999999997219, 0.000000000000000000 ) ) ;
#750 = FACE_OUTER_BOUND ( 'NONE', #3174, .T. ) ;
#751 = EDGE_CURVE ( 'NONE', #1783, #2804, #1940, .T. ) ;
#752 = ORIENTED_EDGE ( 'NONE', *, *, #4790, .F. ) ;
#753 = DIRECTION ( 'NONE',  ( 0.000000000000000000, 0.000000000000000000, -1.000000000000000000 ) ) ;
#754 = PLANE ( 'NONE',  #2407 ) ;
#755 = ORIENTED_EDGE ( 'NONE', *, *, #1303, .T. ) ;
#756 = SURFACE_SIDE_STYLE ('',( #5157 ) ) ;
#757 = EDGE_CURVE ( 'NONE', #1407, #1542, #3294, .T. ) ;
#758 = ORIENTED_EDGE ( 'NONE', *, *, #3325, .F. ) ;
#759 = LINE ( 'NONE', #3110, #3517 ) ;
#760 = VECTOR ( 'NONE', #3855, 1000.000000000000000 ) ;
#761 = LINE ( 'NONE', #317, #3587 ) ;
#762 = DIRECTION ( 'NONE',  ( -0.000000000000000000, -0.000000000000000000, -1.000000000000000000 ) ) ;
#763 = VECTOR ( 'NONE', #4439, 1000.000000000000114 ) ;
#764 = PLANE ( 'NONE',  #879 ) ;
#765 = CARTESIAN_POINT ( 'NONE',  ( 1.849999999999999423, 1.369999999999999662, 1.124999999999993561 ) ) ;
#766 = CARTESIAN_POINT ( 'NONE',  ( 1.370000000000000107, 0.4700000000000001399, 1.600000000000000533 ) ) ;
#767 =( NAMED_UNIT ( * ) PLANE_ANGLE_UNIT ( ) SI_UNIT ( $, .RADIAN. ) );
#768 = CARTESIAN_POINT ( 'NONE',  ( 0.7939339828220174367, 1.800000000000000044, -1.956066017177982008 ) ) ;
#769 = CARTESIAN_POINT ( 'NONE',  ( -1.750000000000000000, 0.4700000000000001399, -1.350000000000000089 ) ) ;
#770 = ORIENTED_EDGE ( 'NONE', *, *, #1303, .F. ) ;
#771 = CARTESIAN_POINT ( 'NONE',  ( -1.979999999999999982, 0.01999999999999980960, 1.500000000000000000 ) ) ;
#772 = SURFACE_STYLE_FILL_AREA ( #1563 ) ;
#773 = ORIENTED_EDGE ( 'NONE', *, *, #2669, .F. ) ;
#774 = EDGE_CURVE ( 'NONE', #3530, #3575, #91, .T. ) ;
#775 = CARTESIAN_POINT ( 'NONE',  ( -1.654378574867377605, 0.7584814157638680721, -1.443595220564046100 ) ) ;
#776 = ORIENTED_EDGE ( 'NONE', *, *, #3042, .T. ) ;
#777 = DIRECTION ( 'NONE',  ( -1.000000000000000000, 0.000000000000000000, -0.000000000000000000 ) ) ;
#778 = ORIENTED_EDGE ( 'NONE', *, *, #4311, .T. ) ;
#779 = CARTESIAN_POINT ( 'NONE',  ( -1.140903751186062021, 0.4703606810440351671, -1.617895831603232359 ) ) ;
#780 = CIRCLE ( 'NONE', #2473, 0.1499999999999999667 ) ;
#781 = EDGE_CURVE ( 'NONE', #909, #3781, #902, .T. ) ;
#782 = FACE_OUTER_BOUND ( 'NONE', #2469, .T. ) ;
#783 = AXIS2_PLACEMENT_3D ( 'NONE', #6, #792, #4775 ) ;
#784 = ORIENTED_EDGE ( 'NONE', *, *, #3000, .F. ) ;
#785 = FACE_OUTER_BOUND ( 'NONE', #1434, .T. ) ;
#786 = ORIENTED_EDGE ( 'NONE', *, *, #1526, .T. ) ;
#787 = CARTESIAN_POINT ( 'NONE',  ( -2.000000000000000000, 0.01999999999999980960, 1.500000000000000000 ) ) ;
#788 = VECTOR ( 'NONE', #4398, 1000.000000000000000 ) ;
#789 = CARTESIAN_POINT ( 'NONE',  ( 1.341421356237317175, 0.4700000000000000289, 1.599999999999999423 ) ) ;
#790 = EDGE_CURVE ( 'NONE', #3575, #409, #3300, .T. ) ;
#791 = CARTESIAN_POINT ( 'NONE',  ( 5.782411586589332001E-16, 1.800000000000000044, 1.600000000000000089 ) ) ;
#792 = DIRECTION ( 'NONE',  ( -0.7071067811865489050, 0.000000000000000000, -0.7071067811865462405 ) ) ;
#793 = FACE_OUTER_BOUND ( 'NONE', #106, .T. ) ;
#794 = B_SPLINE_CURVE_WITH_KNOTS ( 'NONE', 3,
 ( #3250, #3615, #2458, #2031 ),
 .UNSPECIFIED., .F., .F.,
 ( 4, 4 ),
 ( 0.000000000000000000, 1.000000000000000000 ),
 .UNSPECIFIED. ) ;
#795 = DIRECTION ( 'NONE',  ( -0.000000000000000000, -0.000000000000000000, 1.000000000000000000 ) ) ;
#796 = FILL_AREA_STYLE ('',( #2688 ) ) ;
#797 = LINE ( 'NONE', #1273, #4220 ) ;
#798 = DIRECTION ( 'NONE',  ( 0.000000000000000000, -1.000000000000000000, 0.000000000000000000 ) ) ;
#799 = DIRECTION ( 'NONE',  ( -0.000000000000000000, 1.000000000000000000, -0.000000000000000000 ) ) ;
#800 = CARTESIAN_POINT ( 'NONE',  ( -2.000000000000000000, 0.03999999999999999389, -0.000000000000000000 ) ) ;
#801 = VECTOR ( 'NONE', #955, 1000.000000000000000 ) ;
#802 = VERTEX_POINT ( 'NONE', #2482 ) ;
#804 = AXIS2_PLACEMENT_3D ( 'NONE', #737, #3113, #4694 ) ;
#803 = CARTESIAN_POINT ( 'NONE',  ( -1.704633274187506986, 0.7584814157638680721, 0.2250000000000215994 ) ) ;
#805 = ORIENTED_EDGE ( 'NONE', *, *, #3226, .T. ) ;
#806 = CARTESIAN_POINT ( 'NONE',  ( -1.375000000000001332, 1.800000000000000044, -1.374999999999996225 ) ) ;
#807 = ORIENTED_EDGE ( 'NONE', *, *, #2848, .T. ) ;
#808 = DIRECTION ( 'NONE',  ( -1.000000000000000000, -0.000000000000000000, -0.000000000000000000 ) ) ;
#809 = AXIS2_PLACEMENT_3D ( 'NONE', #148, #2214, #4613 ) ;
#810 = EDGE_CURVE ( 'NONE', #2558, #2672, #531, .T. ) ;
#811 = CARTESIAN_POINT ( 'NONE',  ( -1.471628125977602286, 1.370000000000000107, -1.599999999999998312 ) ) ;
#812 = EDGE_CURVE ( 'NONE', #3815, #366, #1224, .T. ) ;
#813 = EDGE_LOOP ( 'NONE', ( #1256, #4302, #3705, #1963 ) ) ;
#814 =( NAMED_UNIT ( * ) SI_UNIT ( $, .STERADIAN. ) SOLID_ANGLE_UNIT ( ) );
#815 = PRESENTATION_LAYER_ASSIGNMENT (  '', '', ( #4659 ) ) ;
#816 = ORIENTED_EDGE ( 'NONE', *, *, #568, .F. ) ;
#817 = DIRECTION ( 'NONE',  ( 0.7071067811865482389, 0.000000000000000000, 0.7071067811865467956 ) ) ;
#818 = CARTESIAN_POINT ( 'NONE',  ( 1.153835906860930516, 0.7584814157638680721, -1.454762138729002841 ) ) ;
#819 = DIRECTION ( 'NONE',  ( 0.000000000000000000, 0.000000000000000000, 1.000000000000000000 ) ) ;
#820 = CARTESIAN_POINT ( 'NONE',  ( 0.7939339828220174367, 0.4699999999999999178, -1.956066017177982008 ) ) ;
#821 = CARTESIAN_POINT ( 'NONE',  ( -1.486602540378444193, 0.08999999999999991340, -1.300000000000000044 ) ) ;
#822 = EDGE_CURVE ( 'NONE', #1264, #725, #2456, .T. ) ;
#823 = LINE ( 'NONE', #4082, #1476 ) ;
#824 = LINE ( 'NONE', #2431, #3666 ) ;
#825 = LINE ( 'NONE', #4859, #1960 ) ;
#826 = ORIENTED_EDGE ( 'NONE', *, *, #1260, .F. ) ;
#827 = DIRECTION ( 'NONE',  ( -7.228014483236697541E-16, 0.000000000000000000, 1.000000000000000000 ) ) ;
#828 = CARTESIAN_POINT ( 'NONE',  ( 1.370000000000000107, 0.4350000000000001643, 1.640000000000000346 ) ) ;
#829 = AXIS2_PLACEMENT_3D ( 'NONE', #3479, #3186, #343 ) ;
#830 = COLOUR_RGB ( '',0.7921568627450980005, 0.8196078431372548767, 0.9333333333333333481 ) ;
#831 = VERTEX_POINT ( 'NONE', #3637 ) ;
#832 = CARTESIAN_POINT ( 'NONE',  ( -1.044588927656872501, 0.7584814157638680721, 1.500013719163621584 ) ) ;
#833 = ORIENTED_EDGE ( 'NONE', *, *, #1395, .T. ) ;
#834 = CARTESIAN_POINT ( 'NONE',  ( -1.106066017177981919, 1.800000000000000044, -1.643933982822016748 ) ) ;
#835 = ORIENTED_EDGE ( 'NONE', *, *, #3141, .T. ) ;
#836 = DIRECTION ( 'NONE',  ( -1.000000000000000000, 0.000000000000000000, 7.228014483236676834E-16 ) ) ;
#837 = EDGE_CURVE ( 'NONE', #4372, #2966, #1239, .T. ) ;
#838 = VECTOR ( 'NONE', #647, 1000.000000000000000 ) ;
#839 = CARTESIAN_POINT ( 'NONE',  ( -1.299999999999999822, 0.03999999999999999389, -1.599999999999998535 ) ) ;
#840 = VERTEX_POINT ( 'NONE', #2847 ) ;
#841 = ORIENTED_EDGE ( 'NONE', *, *, #4889, .T. ) ;
#842 = CARTESIAN_POINT ( 'NONE',  ( 5.782411586589332001E-16, 1.370000000000000107, 1.600000000000000089 ) ) ;
#843 = CIRCLE ( 'NONE', #2865, 0.02000000000000005246 ) ;
#844 = CARTESIAN_POINT ( 'NONE',  ( 1.850000000000000755, 0.4700000000000000289, -0.4499999999999296230 ) ) ;
#845 = DIRECTION ( 'NONE',  ( -0.000000000000000000, -1.000000000000000000, -0.000000000000000000 ) ) ;
#846 = ORIENTED_EDGE ( 'NONE', *, *, #5161, .F. ) ;
#847 = B_SPLINE_CURVE_WITH_KNOTS ( 'NONE', 3,
 ( #4102, #501, #4047, #1602, #393, #1233, #2392, #3214, #2050, #1998, #2900, #2105 ),
 .UNSPECIFIED., .F., .F.,
 ( 4, 2, 2, 2, 2, 4 ),
 ( 0.000000000000000000, 0.2499999999999978906, 0.3749999999999971689, 0.4374999999999967804, 0.4999999999999964473, 1.000000000000000000 ),
 .UNSPECIFIED. ) ;
#848 = DIRECTION ( 'NONE',  ( -0.000000000000000000, -1.000000000000000000, -0.000000000000000000 ) ) ;
#849 = CARTESIAN_POINT ( 'NONE',  ( -1.370000000000000107, 0.4350000000000001643, 1.640000000000000346 ) ) ;
#850 = CARTESIAN_POINT ( 'NONE',  ( 1.600000000000000089, 1.369999999999999662, 1.599999999999998312 ) ) ;
#851 = AXIS2_PLACEMENT_3D ( 'NONE', #2691, #1066, #744 ) ;
#852 = EDGE_CURVE ( 'NONE', #1864, #3807, #4589, .T. ) ;
#853 = DIRECTION ( 'NONE',  ( 0.000000000000000000, 0.000000000000000000, 1.000000000000000000 ) ) ;
#854 = FACE_OUTER_BOUND ( 'NONE', #3271, .T. ) ;
#855 = FACE_OUTER_BOUND ( 'NONE', #282, .T. ) ;
#856 = DIRECTION ( 'NONE',  ( -0.000000000000000000, 1.000000000000000000, -0.000000000000000000 ) ) ;
#857 = ADVANCED_FACE ( 'NONE', ( #2604 ), #1770, .F. ) ;
#858 = EDGE_CURVE ( 'NONE', #4842, #1384, #4720, .T. ) ;
#859 = EDGE_CURVE ( 'NONE', #4906, #2325, #606, .T. ) ;
#860 = ORIENTED_EDGE ( 'NONE', *, *, #1910, .T. ) ;
#861 = CARTESIAN_POINT ( 'NONE',  ( -0.9645775644191743048, 0.7584814157638680721, -1.579672129759621235 ) ) ;
#862 = VERTEX_POINT ( 'NONE', #3769 ) ;
#863 = CARTESIAN_POINT ( 'NONE',  ( -1.850000000000000089, 1.369999999999999662, -0.7875000000000060840 ) ) ;
#864 = ORIENTED_EDGE ( 'NONE', *, *, #3931, .T. ) ;
#865 = DIRECTION ( 'NONE',  ( -1.008560160451631605E-16, 0.000000000000000000, -1.000000000000000000 ) ) ;
#866 = B_SPLINE_CURVE_WITH_KNOTS ( 'NONE', 3,
 ( #4517, #2961, #4160, #173, #1774, #3380, #1058, #3031 ),
 .UNSPECIFIED., .F., .F.,
 ( 4, 2, 2, 4 ),
 ( 0.000000000000000000, 0.04102736852512785942, 0.06154105278769186199, 0.08155846656722691435 ),
 .UNSPECIFIED. ) ;
#867 = LINE ( 'NONE', #3183, #3835 ) ;
#868 = ORIENTED_EDGE ( 'NONE', *, *, #244, .T. ) ;
#869 = SURFACE_SIDE_STYLE ('',( #56 ) ) ;
#870 = ORIENTED_EDGE ( 'NONE', *, *, #92, .F. ) ;
#871 = CARTESIAN_POINT ( 'NONE',  ( -1.212132034355964061, 1.800000000000000044, -1.749999999999998446 ) ) ;
#872 = CARTESIAN_POINT ( 'NONE',  ( 0.8979779942740074850, 0.4700000000000000289, 1.852022005725991516 ) ) ;
#873 = AXIS2_PLACEMENT_3D ( 'NONE', #5018, #525, #1383 ) ;
#874 = ORIENTED_EDGE ( 'NONE', *, *, #4187, .T. ) ;
#875 = EDGE_CURVE ( 'NONE', #4879, #3024, #1368, .T. ) ;
#876 = DIRECTION ( 'NONE',  ( 1.000000000000000000, 0.000000000000000000, 0.000000000000000000 ) ) ;
#877 = ORIENTED_EDGE ( 'NONE', *, *, #1689, .T. ) ;
#878 = CARTESIAN_POINT ( 'NONE',  ( 1.106066017177981031, 1.370000000000000107, 1.643933982822017636 ) ) ;
#879 = AXIS2_PLACEMENT_3D ( 'NONE', #4000, #4411, #34 ) ;
#880 = FACE_OUTER_BOUND ( 'NONE', #2121, .T. ) ;
#881 = FACE_OUTER_BOUND ( 'NONE', #4998, .T. ) ;
#882 = PRODUCT_DEFINITION_FORMATION_WITH_SPECIFIED_SOURCE ( 'ANY', '', #4984, .NOT_KNOWN. ) ;
#883 = EDGE_CURVE ( 'NONE', #4228, #3099, #1392, .T. ) ;
#884 = DIRECTION ( 'NONE',  ( -2.290449872037788939E-16, -1.000000000000000000, 0.000000000000000000 ) ) ;
#885 = SURFACE_SIDE_STYLE ('',( #5147 ) ) ;
#886 = CARTESIAN_POINT ( 'NONE',  ( -0.6878679656440357393, 1.370000000000000107, -2.000000000000000000 ) ) ;
#887 = ORIENTED_EDGE ( 'NONE', *, *, #179, .F. ) ;
#888 = CARTESIAN_POINT ( 'NONE',  ( -0.7951881966930891554, 1.081518584236131675, 1.749232208145077294 ) ) ;
#889 = ORIENTED_EDGE ( 'NONE', *, *, #1400, .T. ) ;
#890 = CARTESIAN_POINT ( 'NONE',  ( -1.198348987935164089, 0.4700882010996019766, 1.599809915077177624 ) ) ;
#891 = ORIENTED_EDGE ( 'NONE', *, *, #1272, .T. ) ;
#892 = LINE ( 'NONE', #2497, #5094 ) ;
#893 = ADVANCED_FACE ( 'NONE', ( #1417 ), #5027, .F. ) ;
#894 = CARTESIAN_POINT ( 'NONE',  ( -0.6878679656440340739, 0.9200000000000001510, 1.850000000000000089 ) ) ;
#895 = ORIENTED_EDGE ( 'NONE', *, *, #774, .F. ) ;
#896 = ORIENTED_EDGE ( 'NONE', *, *, #3135, .F. ) ;
#897 = DIRECTION ( 'NONE',  ( -1.000000000000000000, 3.129822080702406349E-16, 0.000000000000000000 ) ) ;
#898 = CARTESIAN_POINT ( 'NONE',  ( 1.850056224347225164, 0.4700000000000000289, -1.293756470132899628 ) ) ;
#899 = VERTEX_POINT ( 'NONE', #950 ) ;
#900 = MECHANICAL_DESIGN_GEOMETRIC_PRESENTATION_REPRESENTATION (  '', ( #1742 ), #304 ) ;
#901 = ORIENTED_EDGE ( 'NONE', *, *, #2909, .F. ) ;
#902 = LINE ( 'NONE', #4028, #1019 ) ;
#903 = ADVANCED_FACE ( 'NONE', ( #147 ), #4202, .F. ) ;
#904 = CARTESIAN_POINT ( 'NONE',  ( -1.750000000000000000, 1.800000000000000044, 1.350000000000000977 ) ) ;
#905 = DIRECTION ( 'NONE',  ( -0.000000000000000000, 1.000000000000000000, -0.000000000000000000 ) ) ;
#906 = CARTESIAN_POINT ( 'NONE',  ( 1.370000000000000107, 0.1049999999999999684, 1.600000000000000533 ) ) ;
#907 = DIRECTION ( 'NONE',  ( 0.000000000000000000, -1.000000000000000000, -0.000000000000000000 ) ) ;
#908 = ADVANCED_FACE ( 'NONE', ( #3054 ), #4253, .T. ) ;
#909 = VERTEX_POINT ( 'NONE', #734 ) ;
#910 = CARTESIAN_POINT ( 'NONE',  ( -0.8979779942740065968, 1.369999999999999662, 1.852022005725994624 ) ) ;
#911 = ORIENTED_EDGE ( 'NONE', *, *, #1655, .T. ) ;
#912 = CARTESIAN_POINT ( 'NONE',  ( -1.214884377933333592, 0.4699999999999999178, 1.599997834909322902 ) ) ;
#913 = DIRECTION ( 'NONE',  ( -0.000000000000000000, 1.000000000000000000, -0.000000000000000000 ) ) ;
#914 = DIRECTION ( 'NONE',  ( 0.000000000000000000, 0.000000000000000000, 1.000000000000000000 ) ) ;
#915 = TOROIDAL_SURFACE ( 'NONE', #4759, 1.043028554974587685, 1.000000000000000222 ) ;
#916 = DIRECTION ( 'NONE',  ( 0.000000000000000000, 0.000000000000000000, 1.000000000000000000 ) ) ;
#917 = ORIENTED_EDGE ( 'NONE', *, *, #714, .F. ) ;
#918 = ADVANCED_FACE ( 'NONE', ( #3506 ), #2680, .F. ) ;
#919 = ORIENTED_EDGE ( 'NONE', *, *, #401, .F. ) ;
#920 =( NAMED_UNIT ( * ) SI_UNIT ( $, .STERADIAN. ) SOLID_ANGLE_UNIT ( ) );
#921 = CARTESIAN_POINT ( 'NONE',  ( 1.704633274187482117, 1.081518584236131675, -0.7875000000000305089 ) ) ;
#922 = VECTOR ( 'NONE', #2671, 1000.000000000000000 ) ;
#923 = ORIENTED_EDGE ( 'NONE', *, *, #4727, .F. ) ;
#924 = EDGE_CURVE ( 'NONE', #2464, #4325, #759, .T. ) ;
#925 = DIRECTION ( 'NONE',  ( -0.000000000000000000, -1.000000000000000000, 0.000000000000000000 ) ) ;
#926 = VERTEX_POINT ( 'NONE', #1127 ) ;
#927 = CARTESIAN_POINT ( 'NONE',  ( 1.370000000000000107, 0.04499999999999998446, 1.300000000000000044 ) ) ;
#928 = AXIS2_PLACEMENT_3D ( 'NONE', #769, #1046, #1585 ) ;
#929 = PLANE ( 'NONE',  #3754 ) ;
#930 = DIRECTION ( 'NONE',  ( 1.000000000000000000, 0.000000000000000000, 0.000000000000000000 ) ) ;
#931 = AXIS2_PLACEMENT_3D ( 'NONE', #2943, #4524, #2544 ) ;
#932 = CARTESIAN_POINT ( 'NONE',  ( -1.212132034355961840, 0.03999999999999999389, 1.600000000000000533 ) ) ;
#933 = VECTOR ( 'NONE', #727, 1000.000000000000000 ) ;
#934 = CARTESIAN_POINT ( 'NONE',  ( 1.332153903091734204, 0.1599999999999999756, -1.600000000000000311 ) ) ;
#935 = CARTESIAN_POINT ( 'NONE',  ( -1.704656805937644792, 1.081518584236131675, -1.310106464618627342 ) ) ;
#936 = ORIENTED_EDGE ( 'NONE', *, *, #2787, .F. ) ;
#937 = CARTESIAN_POINT ( 'NONE',  ( -1.136773554178024614, 0.4701982046105163682, 1.618950590135484369 ) ) ;
#938 = CARTESIAN_POINT ( 'NONE',  ( 0.7939339828220174367, 0.4699999999999999178, 1.956066017177982008 ) ) ;
#939 = CARTESIAN_POINT ( 'NONE',  ( 1.849934580001402873, 1.369999999999999662, 1.415442318608177930 ) ) ;
#940 = EDGE_CURVE ( 'NONE', #3351, #326, #1913, .T. ) ;
#941 = ORIENTED_EDGE ( 'NONE', *, *, #883, .T. ) ;
#942 = DIRECTION ( 'NONE',  ( 0.000000000000000000, 0.000000000000000000, -1.000000000000000000 ) ) ;
#943 = ORIENTED_EDGE ( 'NONE', *, *, #3925, .F. ) ;
#944 = PLANE ( 'NONE',  #4511 ) ;
#945 = ADVANCED_FACE ( 'NONE', ( #2706 ), #5054, .F. ) ;
#946 = CARTESIAN_POINT ( 'NONE',  ( 0.8732212052820816917, 0.7584814157638680721, 1.671199199556083093 ) ) ;
#947 = ORIENTED_EDGE ( 'NONE', *, *, #3396, .F. ) ;
#948 = CARTESIAN_POINT ( 'NONE',  ( 1.106066017177981253, 0.4699999999999999178, 1.643933982822018081 ) ) ;
#949 = EDGE_LOOP ( 'NONE', ( #919, #4478, #75, #2814, #499, #2381, #2859, #700, #490 ) ) ;
#950 = CARTESIAN_POINT ( 'NONE',  ( -1.212132034355961840, 0.4700000000000001399, 1.600000000000000533 ) ) ;
#951 = VECTOR ( 'NONE', #599, 1000.000000000000000 ) ;
#952 = EDGE_CURVE ( 'NONE', #2947, #5131, #4017, .T. ) ;
#953 = AXIS2_PLACEMENT_3D ( 'NONE', #1664, #3305, #42 ) ;
#954 = CARTESIAN_POINT ( 'NONE',  ( 1.471628125977457735, 1.370000000000000107, 1.599999999999999423 ) ) ;
#955 = DIRECTION ( 'NONE',  ( -0.000000000000000000, -0.000000000000000000, -1.000000000000000000 ) ) ;
#956 = AXIS2_PLACEMENT_3D ( 'NONE', #2685, #2270, #2738 ) ;
#957 = LINE ( 'NONE', #1300, #2471 ) ;
#958 = DIRECTION ( 'NONE',  ( -0.7071067811865464625, 0.000000000000000000, 0.7071067811865486830 ) ) ;
#959 = CARTESIAN_POINT ( 'NONE',  ( -1.343256270901980187, 1.370000000000000107, 1.600000000000000533 ) ) ;
#960 = AXIS2_PLACEMENT_3D ( 'NONE', #1227, #1280, #2892 ) ;
#961 = CARTESIAN_POINT ( 'NONE',  ( -1.044588927656872057, 1.081518584236131675, 1.500013719163617143 ) ) ;
#962 = ORIENTED_EDGE ( 'NONE', *, *, #4815, .F. ) ;
#963 = LINE ( 'NONE', #156, #4123 ) ;
#964 = DIRECTION ( 'NONE',  ( -1.000000000000000000, 0.000000000000000000, 0.000000000000000000 ) ) ;
#965 = EDGE_CURVE ( 'NONE', #4634, #2084, #2172, .T. ) ;
#966 = AXIS2_PLACEMENT_3D ( 'NONE', #1661, #2116, #120 ) ;
#967 = ORIENTED_EDGE ( 'NONE', *, *, #3808, .T. ) ;
#968 = CARTESIAN_POINT ( 'NONE',  ( -1.750000000000000000, 1.800000000000000044, -1.350000000000000089 ) ) ;
#969 = VERTEX_POINT ( 'NONE', #3552 ) ;
#970 = FILL_AREA_STYLE ('',( #4508 ) ) ;
#971 = EDGE_CURVE ( 'NONE', #1618, #4063, #1892, .T. ) ;
#972 = COLOUR_RGB ( '',0.7294117647058823151, 0.3568627450980392246, 0.02352941176470588203 ) ;
#973 = ADVANCED_FACE ( 'NONE', ( #2315 ), #316, .T. ) ;
#974 = CARTESIAN_POINT ( 'NONE',  ( 1.470710678118653414, 1.081518584236131675, -1.454633274187488334 ) ) ;
#975 = VERTEX_POINT ( 'NONE', #3941 ) ;
#976 = DIRECTION ( 'NONE',  ( -1.000000000000000000, -0.000000000000000000, -1.008560160451631481E-16 ) ) ;
#977 = VECTOR ( 'NONE', #4025, 1000.000000000000000 ) ;
#978 = VERTEX_POINT ( 'NONE', #2265 ) ;
#979 = FILL_AREA_STYLE ('',( #4560 ) ) ;
#980 = FILL_AREA_STYLE_COLOUR ( '', #2924 ) ;
#981 = AXIS2_PLACEMENT_3D ( 'NONE', #80, #1677, #4741 ) ;
#982 = EDGE_CURVE ( 'NONE', #134, #4020, #2292, .T. ) ;
#983 = LINE ( 'NONE', #4912, #4881 ) ;
#984 = LINE ( 'NONE', #4591, #3051 ) ;
#985 = B_SPLINE_CURVE_WITH_KNOTS ( 'NONE', 3,
 ( #1105, #2708, #2343, #4305 ),
 .UNSPECIFIED., .F., .F.,
 ( 4, 4 ),
 ( 0.7509482005177052777, 0.7874471367759469098 ),
 .UNSPECIFIED. ) ;
#986 = ADVANCED_FACE ( 'NONE', ( #1918 ), #4771, .F. ) ;
#987 = DIRECTION ( 'NONE',  ( 0.000000000000000000, 0.000000000000000000, -1.000000000000000000 ) ) ;
#988 = CARTESIAN_POINT ( 'NONE',  ( -1.704633274187457692, 1.081518584236131675, -0.2250000000000219602 ) ) ;
#989 = EDGE_LOOP ( 'NONE', ( #4507, #784, #2581, #4730 ) ) ;
#990 = DIRECTION ( 'NONE',  ( 0.000000000000000000, 0.000000000000000000, -1.000000000000000000 ) ) ;
#991 = CARTESIAN_POINT ( 'NONE',  ( -2.000000000000000000, 0.03999999999999999389, -1.350000000000000089 ) ) ;
#992 = ORIENTED_EDGE ( 'NONE', *, *, #465, .F. ) ;
#993 = PLANE ( 'NONE',  #3805 ) ;
#994 = ORIENTED_EDGE ( 'NONE', *, *, #2106, .T. ) ;
#995 = VECTOR ( 'NONE', #2584, 1000.000000000000000 ) ;
#996 = CARTESIAN_POINT ( 'NONE',  ( 1.693595220564056092, 1.081518584236131675, -1.404378574867382934 ) ) ;
#997 = ORIENTED_EDGE ( 'NONE', *, *, #435, .F. ) ;
#998 = CIRCLE ( 'NONE', #3934, 0.2500000000000006661 ) ;
#999 = PLANE ( 'NONE',  #1969 ) ;
#1000 = VERTEX_POINT ( 'NONE', #1945 ) ;
#1001 = VECTOR ( 'NONE', #157, 1000.000000000000000 ) ;
#1002 =( NAMED_UNIT ( * ) SI_UNIT ( $, .STERADIAN. ) SOLID_ANGLE_UNIT ( ) );
#1003 = CARTESIAN_POINT ( 'NONE',  ( 0.9000000000000000222, 0.03999999999999999389, 1.500000000000000000 ) ) ;
#1004 = CARTESIAN_POINT ( 'NONE',  ( 0.9000000000000000222, 0.03999999999999999389, 1.500000000000000000 ) ) ;
#1005 = FACE_OUTER_BOUND ( 'NONE', #1170, .T. ) ;
#1006 = CIRCLE ( 'NONE', #928, 0.2500000000000006661 ) ;
#1007 = VERTEX_POINT ( 'NONE', #4379 ) ;
#1008 = EDGE_CURVE ( 'NONE', #4010, #3889, #739, .T. ) ;
#1009 = CARTESIAN_POINT ( 'NONE',  ( 1.370000000000000107, 0.08499999999999995060, 1.580000000000000515 ) ) ;
#1010 = SURFACE_STYLE_FILL_AREA ( #133 ) ;
#1011 = CARTESIAN_POINT ( 'NONE',  ( -0.8992322081450730975, 1.081518584236131675, 1.645188196693089910 ) ) ;
#1012 = EDGE_CURVE ( 'NONE', #2009, #5153, #4746, .T. ) ;
#1013 = VERTEX_POINT ( 'NONE', #3531 ) ;
#1014 = LINE ( 'NONE', #2992, #2188 ) ;
#1015 = CARTESIAN_POINT ( 'NONE',  ( 1.212132034355963395, 1.800000000000000044, 1.749999999999999556 ) ) ;
#1016 = ADVANCED_FACE ( 'NONE', ( #5108 ), #3162, .F. ) ;
#1017 = STYLED_ITEM ( 'NONE', ( #3199 ), #372 ) ;
#1018 = EDGE_CURVE ( 'NONE', #1264, #4020, #3, .T. ) ;
#1019 = VECTOR ( 'NONE', #1212, 1000.000000000000000 ) ;
#1020 = ORIENTED_EDGE ( 'NONE', *, *, #3682, .T. ) ;
#1021 = CARTESIAN_POINT ( 'NONE',  ( 1.776776695296637731, 1.369999999999999885, -1.526776695296635511 ) ) ;
#1022 = ORIENTED_EDGE ( 'NONE', *, *, #3273, .T. ) ;
#1023 = LINE ( 'NONE', #1339, #580 ) ;
#1024 = CARTESIAN_POINT ( 'NONE',  ( 0.8459559885479887020, 1.369999999999999662, -1.904044011451954344 ) ) ;
#1025 = ORIENTED_EDGE ( 'NONE', *, *, #781, .F. ) ;
#1026 = ORIENTED_EDGE ( 'NONE', *, *, #3364, .F. ) ;
#1027 = CARTESIAN_POINT ( 'NONE',  ( 1.370000000000000107, 0.1049999999999999684, 1.580000000000000515 ) ) ;
#1028 = CARTESIAN_POINT ( 'NONE',  ( 1.299999999999999822, 0.03999999999999999389, -0.000000000000000000 ) ) ;
#1029 = DIRECTION ( 'NONE',  ( -0.000000000000000000, -1.000000000000000000, -0.000000000000000000 ) ) ;
#1030 = CARTESIAN_POINT ( 'NONE',  ( -2.000000000000000000, 0.03999999999999999389, 1.350000000000000977 ) ) ;
#1031 = AXIS2_PLACEMENT_3D ( 'NONE', #4206, #97, #3795 ) ;
#1032 = ORIENTED_EDGE ( 'NONE', *, *, #723, .F. ) ;
#1033 = VECTOR ( 'NONE', #1244, 1000.000000000000000 ) ;
#1034 = LINE ( 'NONE', #2246, #4083 ) ;
#1035 = ADVANCED_FACE ( 'NONE', ( #3711 ), #3995, .F. ) ;
#1036 = AXIS2_PLACEMENT_3D ( 'NONE', #1897, #2709, #1500 ) ;
#1037 = CIRCLE ( 'NONE', #4966, 0.1499999999999999667 ) ;
#1038 = CARTESIAN_POINT ( 'NONE',  ( -0.9000000000000000222, 0.03999999999999999389, -1.500000000000000000 ) ) ;
#1039 = ORIENTED_EDGE ( 'NONE', *, *, #2622, .F. ) ;
#1040 = DIRECTION ( 'NONE',  ( -0.7071067811865456854, 0.000000000000000000, -0.7071067811865493491 ) ) ;
#1041 = DIRECTION ( 'NONE',  ( 0.000000000000000000, 0.000000000000000000, -1.000000000000000000 ) ) ;
#1042 = AXIS2_PLACEMENT_3D ( 'NONE', #3107, #1125, #4326 ) ;
#1043 = ORIENTED_EDGE ( 'NONE', *, *, #4183, .T. ) ;
#1044 = CARTESIAN_POINT ( 'NONE',  ( -0.9595190528383374939, 2.057102355330304277, -1.599999999999998757 ) ) ;
#1045 = LINE ( 'NONE', #3905, #4527 ) ;
#1046 = DIRECTION ( 'NONE',  ( -0.000000000000000000, -1.000000000000000000, 0.000000000000000000 ) ) ;
#1047 = EDGE_CURVE ( 'NONE', #975, #978, #1709, .T. ) ;
#1048 = VERTEX_POINT ( 'NONE', #4459 ) ;
#1049 = CARTESIAN_POINT ( 'NONE',  ( 1.470710678118646753, 1.081518584236131675, 1.454633274187473235 ) ) ;
#1050 = ORIENTED_EDGE ( 'NONE', *, *, #2681, .F. ) ;
#1051 = CARTESIAN_POINT ( 'NONE',  ( 1.599999999999997868, 0.4699999999999999178, -1.600000000000000533 ) ) ;
#1052 = VERTEX_POINT ( 'NONE', #4902 ) ;
#1053 = DIRECTION ( 'NONE',  ( -1.000000000000000000, 0.000000000000000000, -0.000000000000000000 ) ) ;
#1054 = AXIS2_PLACEMENT_3D ( 'NONE', #4054, #2824, #2935 ) ;
#1055 = DIRECTION ( 'NONE',  ( 0.000000000000000000, 1.000000000000000000, -0.000000000000000000 ) ) ;
#1056 = DIRECTION ( 'NONE',  ( -0.000000000000000000, 1.000000000000000000, -0.000000000000000000 ) ) ;
#1057 = VECTOR ( 'NONE', #2818, 1000.000000000000000 ) ;
#1058 = CARTESIAN_POINT ( 'NONE',  ( -1.078755931727196637, 0.4700000000000000289, -1.671161517920769279 ) ) ;
#1059 = DIRECTION ( 'NONE',  ( -6.938893903907186568E-15, 0.000000000000000000, -1.000000000000000000 ) ) ;
#1060 = AXIS2_PLACEMENT_3D ( 'NONE', #5009, #2988, #987 ) ;
#1061 = CARTESIAN_POINT ( 'NONE',  ( -1.137867965644034252, -9.028112215551498607E-17, 1.500000000000000000 ) ) ;
#1062 = CARTESIAN_POINT ( 'NONE',  ( -1.214884377933333592, 0.4699999999999999178, 1.599997834909322902 ) ) ;
#1064 = VECTOR ( 'NONE', #5002, 1000.000000000000000 ) ;
#1063 = DIRECTION ( 'NONE',  ( -0.000000000000000000, -1.000000000000000000, 0.000000000000000000 ) ) ;
#1065 = VERTEX_POINT ( 'NONE', #83 ) ;
#1066 = DIRECTION ( 'NONE',  ( -0.000000000000000000, -1.000000000000000000, 0.000000000000000000 ) ) ;
#1067 = DIRECTION ( 'NONE',  ( 0.000000000000000000, -4.840188270024564298E-17, 1.000000000000000000 ) ) ;
#1068 = VERTEX_POINT ( 'NONE', #446 ) ;
#1069 = FACE_OUTER_BOUND ( 'NONE', #2516, .T. ) ;
#1070 = CARTESIAN_POINT ( 'NONE',  ( 1.599999999999998090, 1.800000000000000044, -1.600000000000000533 ) ) ;
#1071 = DIRECTION ( 'NONE',  ( -0.000000000000000000, -1.000000000000000000, -0.000000000000000000 ) ) ;
#1072 = EDGE_LOOP ( 'NONE', ( #5095, #3737, #552, #4892 ) ) ;
#1073 = CARTESIAN_POINT ( 'NONE',  ( 1.750000000000000000, 1.800000000000000044, -1.600000000000000755 ) ) ;
#1074 = CARTESIAN_POINT ( 'NONE',  ( 1.849934580001411533, 1.369999999999999662, -1.415442318608305827 ) ) ;
#1075 = ORIENTED_EDGE ( 'NONE', *, *, #3135, .T. ) ;
#1076 = ORIENTED_EDGE ( 'NONE', *, *, #852, .T. ) ;
#1077 = DIRECTION ( 'NONE',  ( 0.000000000000000000, 0.000000000000000000, 1.000000000000000000 ) ) ;
#1078 = AXIS2_PLACEMENT_3D ( 'NONE', #2420, #421, #2023 ) ;
#1079 = CARTESIAN_POINT ( 'NONE',  ( 1.172863264053028987, 0.4700000000000000289, -1.600065442988459763 ) ) ;
#1080 = EDGE_CURVE ( 'NONE', #725, #82, #2079, .T. ) ;
#1081 = CARTESIAN_POINT ( 'NONE',  ( -1.467846096908265840, 0.1599999999999999756, -2.000000000000000000 ) ) ;
#1082 = AXIS2_PLACEMENT_3D ( 'NONE', #871, #111, #2476 ) ;
#1083 = DIRECTION ( 'NONE',  ( 0.7071067811865483499, 0.000000000000000000, -0.7071067811865466846 ) ) ;
#1084 = LINE ( 'NONE', #4776, #2024 ) ;
#1085 = AXIS2_PLACEMENT_3D ( 'NONE', #1251, #4765, #1173 ) ;
#1086 = SURFACE_STYLE_FILL_AREA ( #5061 ) ;
#1087 = SURFACE_STYLE_FILL_AREA ( #2795 ) ;
#1088 = AXIS2_PLACEMENT_3D ( 'NONE', #1015, #4898, #3801 ) ;
#1089 = CARTESIAN_POINT ( 'NONE',  ( -1.850000000000000089, 1.369999999999999662, -1.068750000000004308 ) ) ;
#1090 = ORIENTED_EDGE ( 'NONE', *, *, #4285, .F. ) ;
#1091 = CARTESIAN_POINT ( 'NONE',  ( 1.979999999999999982, -4.535090746634822090E-16, 1.300000000000000044 ) ) ;
#1092 = LINE ( 'NONE', #4703, #3367 ) ;
#1093 = ORIENTED_EDGE ( 'NONE', *, *, #790, .T. ) ;
#1094 = CARTESIAN_POINT ( 'NONE',  ( -1.850056224347226053, 0.4700000000000000289, 1.293756470132898073 ) ) ;
#1095 = CARTESIAN_POINT ( 'NONE',  ( -1.137867965644034252, 0.03999999999999999389, 1.500000000000000000 ) ) ;
#1096 = ORIENTED_EDGE ( 'NONE', *, *, #1393, .T. ) ;
#1097 = CARTESIAN_POINT ( 'NONE',  ( 1.212132034355962507, 1.370000000000000107, -1.600000000000000311 ) ) ;
#1098 = AXIS2_PLACEMENT_3D ( 'NONE', #1189, #379, #2461 ) ;
#1099 = CARTESIAN_POINT ( 'NONE',  ( 1.665442318608414407, 1.369999999999999662, 1.599934580001380446 ) ) ;
#1100 = ORIENTED_EDGE ( 'NONE', *, *, #4159, .F. ) ;
#1101 = ORIENTED_EDGE ( 'NONE', *, *, #5109, .F. ) ;
#1102 = CARTESIAN_POINT ( 'NONE',  ( -1.169086283009036942, 1.369639318955172547, -1.606222244689231804 ) ) ;
#1103 = EDGE_CURVE ( 'NONE', #1231, #4150, #3269, .T. ) ;
#1104 = CARTESIAN_POINT ( 'NONE',  ( 1.244453428269201023, 0.4700000000000000289, -1.599946135094312050 ) ) ;
#1105 = CARTESIAN_POINT ( 'NONE',  ( -1.850000000000000311, 1.369999999999999662, -1.349999999999996758 ) ) ;
#1106 = DIRECTION ( 'NONE',  ( -1.000000000000000000, 0.000000000000000000, 0.000000000000000000 ) ) ;
#1107 = LINE ( 'NONE', #2710, #2118 ) ;
#1108 = EDGE_CURVE ( 'NONE', #440, #4603, #1653, .T. ) ;
#1109 = DIRECTION ( 'NONE',  ( 0.000000000000000000, -1.000000000000000000, 0.000000000000000000 ) ) ;
#1110 =( NAMED_UNIT ( * ) PLANE_ANGLE_UNIT ( ) SI_UNIT ( $, .RADIAN. ) );
#1111 = CARTESIAN_POINT ( 'NONE',  ( -1.850000000000000755, 1.369999999999999662, 0.4500000000000009548 ) ) ;
#1112 = VERTEX_POINT ( 'NONE', #4845 ) ;
#1113 = DIRECTION ( 'NONE',  ( -1.221214555709377446E-16, 1.000000000000000000, 0.000000000000000000 ) ) ;
#1114 = VECTOR ( 'NONE', #2193, 1000.000000000000000 ) ;
#1115 = VECTOR ( 'NONE', #884, 1000.000000000000000 ) ;
#1116 = ORIENTED_EDGE ( 'NONE', *, *, #723, .T. ) ;
#1117 = CARTESIAN_POINT ( 'NONE',  ( -1.850000000000025402, 0.4700000000000000289, 0.2250000000000215439 ) ) ;
#1118 = DIRECTION ( 'NONE',  ( -1.000000000000000000, -0.000000000000000000, 1.008560160451631605E-16 ) ) ;
#1119 = PRESENTATION_LAYER_ASSIGNMENT (  '', '', ( #3395 ) ) ;
#1120 = ORIENTED_EDGE ( 'NONE', *, *, #3553, .F. ) ;
#1121 = DIRECTION ( 'NONE',  ( -0.000000000000000000, 1.000000000000000000, -0.000000000000000000 ) ) ;
#1122 = CARTESIAN_POINT ( 'NONE',  ( 1.849999999999975664, 1.369999999999999662, 0.2249999999999980627 ) ) ;
#1123 = CIRCLE ( 'NONE', #2982, 1.000000000000000222 ) ;
#1124 = ORIENTED_EDGE ( 'NONE', *, *, #244, .F. ) ;
#1125 = DIRECTION ( 'NONE',  ( -0.000000000000000000, -1.000000000000000000, 0.000000000000000000 ) ) ;
#1126 = EDGE_LOOP ( 'NONE', ( #5159, #3716, #2503, #1172 ) ) ;
#1127 = CARTESIAN_POINT ( 'NONE',  ( -0.9000000000000000222, 0.03999999999999999389, 1.500000000000000000 ) ) ;
#1128 = EDGE_CURVE ( 'NONE', #4546, #1277, #2929, .T. ) ;
#1129 = PLANE ( 'NONE',  #644 ) ;
#1130 = LINE ( 'NONE', #2318, #1223 ) ;
#1131 = EDGE_CURVE ( 'NONE', #3780, #2070, #1411, .T. ) ;
#1132 = DIRECTION ( 'NONE',  ( 0.000000000000000000, 1.000000000000000000, -0.000000000000000000 ) ) ;
#1133 = CARTESIAN_POINT ( 'NONE',  ( 1.430000000000000160, 0.04499999999999997058, 1.580000000000000515 ) ) ;
#1134 = CARTESIAN_POINT ( 'NONE',  ( -1.425400529837773433, 0.9200000000000000400, -2.587532564193735229 ) ) ;
#1135 = AXIS2_PLACEMENT_3D ( 'NONE', #4936, #585, #150 ) ;
#1136 = SURFACE_STYLE_USAGE ( .BOTH. , #299 ) ;
#1137 = ADVANCED_FACE ( 'NONE', ( #1681 ), #4430, .F. ) ;
#1138 = CARTESIAN_POINT ( 'NONE',  ( -1.054044011451989560, 1.369999999999999662, -1.695955988548008886 ) ) ;
#1139 = ORIENTED_EDGE ( 'NONE', *, *, #4285, .T. ) ;
#1140 = CIRCLE ( 'NONE', #4909, 1.000000000000000000 ) ;
#1141 = LINE ( 'NONE', #4338, #429 ) ;
#1142 = CARTESIAN_POINT ( 'NONE',  ( -1.665442318608111094, 1.369999999999999662, 1.599934580001478590 ) ) ;
#1143 = EDGE_CURVE ( 'NONE', #4424, #266, #847, .T. ) ;
#1144 = VECTOR ( 'NONE', #4374, 1000.000000000000000 ) ;
#1145 = ORIENTED_EDGE ( 'NONE', *, *, #1205, .F. ) ;
#1146 = CARTESIAN_POINT ( 'NONE',  ( -1.850000000000001199, 0.4700000000000000289, 0.7874999999999969802 ) ) ;
#1147 = LINE ( 'NONE', #4708, #2534 ) ;
#1148 = VERTEX_POINT ( 'NONE', #3604 ) ;
#1149 = SURFACE_SIDE_STYLE ('',( #4631 ) ) ;
#1150 = CARTESIAN_POINT ( 'NONE',  ( 1.776776695296637509, 1.369999999999999885, 1.526776695296633957 ) ) ;
#1151 = ORIENTED_EDGE ( 'NONE', *, *, #3620, .T. ) ;
#1152 = DIRECTION ( 'NONE',  ( -0.2588190451025176309, 0.9659258262890692004, 0.000000000000000000 ) ) ;
#1153 = ORIENTED_EDGE ( 'NONE', *, *, #112, .F. ) ;
#1154 = CARTESIAN_POINT ( 'NONE',  ( -1.375000000000000222, 1.800000000000000044, 1.374999999999997113 ) ) ;
#1155 = CARTESIAN_POINT ( 'NONE',  ( 1.054044011451994223, 0.4700000000000000289, -1.695955988548004667 ) ) ;
#1156 = CARTESIAN_POINT ( 'NONE',  ( -0.7939339828220177697, 1.370000000000000107, -1.956066017177982008 ) ) ;
#1157 = CARTESIAN_POINT ( 'NONE',  ( 1.106066017177980143, 1.370000000000000107, -1.643933982822018525 ) ) ;
#1158 = DIRECTION ( 'NONE',  ( -2.290449872037788939E-16, -1.000000000000000000, 0.000000000000000000 ) ) ;
#1159 = LINE ( 'NONE', #2714, #2319 ) ;
#1160 = DIRECTION ( 'NONE',  ( -0.000000000000000000, 1.000000000000000000, -0.000000000000000000 ) ) ;
#1161 = CARTESIAN_POINT ( 'NONE',  ( -0.7939339828220161044, 0.4699999999999999178, 1.956066017177982452 ) ) ;
#1162 = ORIENTED_EDGE ( 'NONE', *, *, #5168, .F. ) ;
#1163 = DIRECTION ( 'NONE',  ( 0.000000000000000000, 0.000000000000000000, -1.000000000000000000 ) ) ;
#1164 = LINE ( 'NONE', #2885, #3778 ) ;
#1165 = EDGE_CURVE ( 'NONE', #3807, #1460, #3293, .T. ) ;
#1166 = AXIS2_PLACEMENT_3D ( 'NONE', #1756, #3388, #4965 ) ;
#1167 = EDGE_LOOP ( 'NONE', ( #4193, #2201, #2754, #3598 ) ) ;
#1168 = CARTESIAN_POINT ( 'NONE',  ( -1.133879506128954384, 0.4700000000000000289, 1.616213044232878593 ) ) ;
#1169 = EDGE_CURVE ( 'NONE', #2547, #2788, #476, .T. ) ;
#1170 = EDGE_LOOP ( 'NONE', ( #4027, #331, #653, #5041 ) ) ;
#1171 = SURFACE_SIDE_STYLE ('',( #3052 ) ) ;
#1172 = ORIENTED_EDGE ( 'NONE', *, *, #1260, .T. ) ;
#1173 = DIRECTION ( 'NONE',  ( 0.000000000000000000, 0.000000000000000000, -1.000000000000000000 ) ) ;
#1174 = EDGE_CURVE ( 'NONE', #3630, #2417, #3686, .T. ) ;
#1175 = DIRECTION ( 'NONE',  ( -1.000000000000000000, 1.221214555709377446E-16, 0.000000000000000000 ) ) ;
#1176 = ORIENTED_EDGE ( 'NONE', *, *, #2142, .F. ) ;
#1177 = PLANE ( 'NONE',  #2723 ) ;
#1178 = EDGE_LOOP ( 'NONE', ( #3103, #5107, #3437, #1488 ) ) ;
#1179 = CARTESIAN_POINT ( 'NONE',  ( 0.6878679656440350731, 0.4700000000000001399, -1.850000000000000089 ) ) ;
#1180 = PRESENTATION_LAYER_ASSIGNMENT (  '', '', ( #1017 ) ) ;
#1181 = CARTESIAN_POINT ( 'NONE',  ( 1.704633274187482339, 0.7584814157638680721, -1.068750000000001643 ) ) ;
#1182 = CARTESIAN_POINT ( 'NONE',  ( -1.370000000000000107, 0.04499999999999998446, 1.300000000000000044 ) ) ;
#1183 = FILL_AREA_STYLE_COLOUR ( '', #2629 ) ;
#1184 = CARTESIAN_POINT ( 'NONE',  ( 1.850000000000000311, 1.369999999999999662, -1.068750000000001199 ) ) ;
#1185 = CARTESIAN_POINT ( 'NONE',  ( -0.9000000000000000222, 0.03999999999999999389, 1.500000000000000000 ) ) ;
#1186 = CARTESIAN_POINT ( 'NONE',  ( 0.000000000000000000, 1.800000000000000044, 2.000000000000000000 ) ) ;
#1187 = CARTESIAN_POINT ( 'NONE',  ( 1.750000000000000000, 0.4700000000000001399, -1.600000000000000755 ) ) ;
#1188 = B_SPLINE_CURVE_WITH_KNOTS ( 'NONE', 3,
 ( #664, #3381, #2271, #3485 ),
 .UNSPECIFIED., .F., .F.,
 ( 4, 4 ),
 ( 0.000000000000000000, 1.000000000000000000 ),
 .UNSPECIFIED. ) ;
#1189 = CARTESIAN_POINT ( 'NONE',  ( 0.6878679656440351842, 1.370000000000000551, -1.850000000000000089 ) ) ;
#1190 = DIRECTION ( 'NONE',  ( 0.000000000000000000, 0.000000000000000000, -1.000000000000000000 ) ) ;
#1191 = EDGE_CURVE ( 'NONE', #2439, #1052, #1581, .T. ) ;
#1192 = ORIENTED_EDGE ( 'NONE', *, *, #3461, .T. ) ;
#1193 = CARTESIAN_POINT ( 'NONE',  ( -1.002022005725994980, 0.4700000000000000289, -1.747977994274003910 ) ) ;
#1194 = ORIENTED_EDGE ( 'NONE', *, *, #4562, .T. ) ;
#1195 = ORIENTED_EDGE ( 'NONE', *, *, #272, .T. ) ;
#1196 = LINE ( 'NONE', #3286, #3483 ) ;
#1197 = ORIENTED_EDGE ( 'NONE', *, *, #812, .T. ) ;
#1198 = DIRECTION ( 'NONE',  ( 0.7071067811865460184, -0.000000000000000000, -0.7071067811865489050 ) ) ;
#1199 = CIRCLE ( 'NONE', #953, 0.1499999999999999667 ) ;
#1200 = ORIENTED_EDGE ( 'NONE', *, *, #4567, .T. ) ;
#1201 = ADVANCED_FACE ( 'NONE', ( #3632 ), #4971, .F. ) ;
#1202 = CARTESIAN_POINT ( 'NONE',  ( 0.8976595247001747380, 1.370000000000000107, -1.852340475299824485 ) ) ;
#1203 = STYLED_ITEM ( 'NONE', ( #1657 ), #4704 ) ;
#1204 = ORIENTED_EDGE ( 'NONE', *, *, #690, .T. ) ;
#1205 = EDGE_CURVE ( 'NONE', #1509, #3785, #2181, .T. ) ;
#1206 = SURFACE_STYLE_USAGE ( .BOTH. , #869 ) ;
#1207 = ORIENTED_EDGE ( 'NONE', *, *, #3921, .T. ) ;
#1208 = DIRECTION ( 'NONE',  ( 1.000000000000000000, 0.000000000000000000, -3.614007241618332007E-16 ) ) ;
#1209 = CARTESIAN_POINT ( 'NONE',  ( 1.044588927656884048, 0.7584814157638680721, -1.500013719163610926 ) ) ;
#1210 = DIRECTION ( 'NONE',  ( -1.000000000000000000, -0.000000000000000000, 1.008560160451631481E-16 ) ) ;
#1211 = CARTESIAN_POINT ( 'NONE',  ( 0.6878679656440350731, 0.4700000000000001399, -2.000000000000000000 ) ) ;
#1212 = DIRECTION ( 'NONE',  ( -1.000000000000000000, 0.000000000000000000, 0.000000000000000000 ) ) ;
#1213 = CARTESIAN_POINT ( 'NONE',  ( -1.156482317317867781E-15, 1.800000000000000044, -1.599999999999999423 ) ) ;
#1214 = LINE ( 'NONE', #608, #3329 ) ;
#1215 = ADVANCED_FACE ( 'NONE', ( #3787 ), #915, .F. ) ;
#1216 = CARTESIAN_POINT ( 'NONE',  ( 1.750000000000001110, 0.4700000000000001399, 1.599999999999999423 ) ) ;
#1217 = DIRECTION ( 'NONE',  ( -0.000000000000000000, -1.000000000000000000, 0.000000000000000000 ) ) ;
#1218 = DIRECTION ( 'NONE',  ( 0.000000000000000000, 0.000000000000000000, 1.000000000000000000 ) ) ;
#1219 = LINE ( 'NONE', #2829, #3280 ) ;
#1220 = TOROIDAL_SURFACE ( 'NONE', #4735, 1.043028554974587685, 1.000000000000000222 ) ;
#1221 = ORIENTED_EDGE ( 'NONE', *, *, #4376, .F. ) ;
#1223 = VECTOR ( 'NONE', #345, 1000.000000000000000 ) ;
#1222 = CARTESIAN_POINT ( 'NONE',  ( -1.153835906860902094, 0.7584814157638680721, 1.454762138728999510 ) ) ;
#1224 = B_SPLINE_CURVE_WITH_KNOTS ( 'NONE', 3,
 ( #4412, #4880, #4110, #426 ),
 .UNSPECIFIED., .F., .F.,
 ( 4, 4 ),
 ( 0.2125528632240543669, 0.2490517994822954717 ),
 .UNSPECIFIED. ) ;
#1225 = EDGE_CURVE ( 'NONE', #3440, #1944, #2514, .T. ) ;
#1226 = VERTEX_POINT ( 'NONE', #139 ) ;
#1227 = CARTESIAN_POINT ( 'NONE',  ( 1.375000000000001110, 1.800000000000000044, 1.374999999999996669 ) ) ;
#1228 = ORIENTED_EDGE ( 'NONE', *, *, #1523, .T. ) ;
#1229 = CARTESIAN_POINT ( 'NONE',  ( 1.500000000000000000, 0.03999999999999999389, 1.300000000000000044 ) ) ;
#1230 = CARTESIAN_POINT ( 'NONE',  ( -1.430000000000000160, 0.04499999999999997058, 1.580000000000000515 ) ) ;
#1231 = VERTEX_POINT ( 'NONE', #3393 ) ;
#1232 = ORIENTED_EDGE ( 'NONE', *, *, #982, .F. ) ;
#1233 = CARTESIAN_POINT ( 'NONE',  ( 1.162103233702473926, 1.369598794671907260, 1.608559822288428753 ) ) ;
#1234 = CARTESIAN_POINT ( 'NONE',  ( 1.850000000000000089, 0.4700000000000000289, 0.8999999999999903633 ) ) ;
#1235 = DIRECTION ( 'NONE',  ( 0.000000000000000000, 0.000000000000000000, 1.000000000000000000 ) ) ;
#1236 = ORIENTED_EDGE ( 'NONE', *, *, #3620, .F. ) ;
#1237 = SURFACE_STYLE_USAGE ( .BOTH. , #3244 ) ;
#1238 = UNCERTAINTY_MEASURE_WITH_UNIT (LENGTH_MEASURE( 1.000000000000000082E-05 ), #1562, 'distance_accuracy_value', 'NONE');
#1239 = LINE ( 'NONE', #4081, #163 ) ;
#1240 = EDGE_CURVE ( 'NONE', #4513, #3257, #3739, .T. ) ;
#1241 = FACE_OUTER_BOUND ( 'NONE', #1545, .T. ) ;
#1242 = DIRECTION ( 'NONE',  ( 0.000000000000000000, 0.000000000000000000, 1.000000000000000000 ) ) ;
#1243 = PLANE ( 'NONE',  #2711 ) ;
#1244 = DIRECTION ( 'NONE',  ( -0.7071067811865464625, 0.000000000000000000, 0.7071067811865486830 ) ) ;
#1245 = CARTESIAN_POINT ( 'NONE',  ( -1.156482317317867781E-15, 1.800000000000000044, -1.599999999999999423 ) ) ;
#1246 = ORIENTED_EDGE ( 'NONE', *, *, #4595, .F. ) ;
#1247 = CARTESIAN_POINT ( 'NONE',  ( -1.373743686707646461, 0.7584814157638680721, 1.454633274187478786 ) ) ;
#1248 = ORIENTED_EDGE ( 'NONE', *, *, #3251, .T. ) ;
#1249 = DIRECTION ( 'NONE',  ( -0.7071067811865489050, 0.000000000000000000, -0.7071067811865462405 ) ) ;
#1250 = VERTEX_POINT ( 'NONE', #2998 ) ;
#1251 = CARTESIAN_POINT ( 'NONE',  ( 1.430000000000000160, 0.1049999999999999684, 1.580000000000000515 ) ) ;
#1252 = CIRCLE ( 'NONE', #329, 0.2500000000000000000 ) ;
#1253 = ADVANCED_FACE ( 'NONE', ( #601 ), #944, .F. ) ;
#1254 = DIRECTION ( 'NONE',  ( -0.000000000000000000, 0.000000000000000000, -1.000000000000000000 ) ) ;
#1255 = ORIENTED_EDGE ( 'NONE', *, *, #1790, .T. ) ;
#1256 = ORIENTED_EDGE ( 'NONE', *, *, #3931, .F. ) ;
#1257 = DIRECTION ( 'NONE',  ( -1.000000000000000000, 0.000000000000000000, 7.228014483236676834E-16 ) ) ;
#1258 = B_SPLINE_CURVE_WITH_KNOTS ( 'NONE', 3,
 ( #2944, #939, #4145, #3878 ),
 .UNSPECIFIED., .F., .F.,
 ( 4, 4 ),
 ( 0.7509482005177054997, 0.7874471367759465767 ),
 .UNSPECIFIED. ) ;
#1259 = ADVANCED_FACE ( 'NONE', ( #626 ), #5022, .F. ) ;
#1260 = EDGE_CURVE ( 'NONE', #404, #506, #1023, .T. ) ;
#1261 = MANIFOLD_SOLID_BREP ( 'Pad 1', #2107 ) ;
#1262 = CLOSED_SHELL ( 'NONE', ( #3238, #4060, #4100, #3425, #2983, #2838, #4134, #918, #1215, #3688, #654, #4526, #1695, #515 ) ) ;
#1263 = CARTESIAN_POINT ( 'NONE',  ( 0.9760110028629990220, 0.4700000000000000289, 1.773988997136999979 ) ) ;
#1264 = VERTEX_POINT ( 'NONE', #2287 ) ;
#1265 = EDGE_CURVE ( 'NONE', #3689, #4760, #1414, .T. ) ;
#1266 = CARTESIAN_POINT ( 'NONE',  ( 1.430000000000000160, 0.4700000000000000844, 1.605000000000000426 ) ) ;
#1267 = ORIENTED_EDGE ( 'NONE', *, *, #3764, .F. ) ;
#1268 = DIRECTION ( 'NONE',  ( 0.2588190451025171868, -0.9659258262890693114, -9.353739032692387931E-17 ) ) ;
#1269 = LINE ( 'NONE', #3194, #2233 ) ;
#1270 = DIRECTION ( 'NONE',  ( 1.000000000000000000, 0.000000000000000000, 0.000000000000000000 ) ) ;
#1271 = VECTOR ( 'NONE', #4133, 1000.000000000000000 ) ;
#1272 = EDGE_CURVE ( 'NONE', #4834, #289, #3275, .T. ) ;
#1273 = CARTESIAN_POINT ( 'NONE',  ( 1.313397459621555852, 0.08999999999999996891, 1.300000000000000044 ) ) ;
#1274 = CARTESIAN_POINT ( 'NONE',  ( -1.370000000000000107, 0.1049999999999999684, 1.580000000000000515 ) ) ;
#1275 = DIRECTION ( 'NONE',  ( -1.000000000000000000, 0.000000000000000000, 0.000000000000000000 ) ) ;
#1276 = DIRECTION ( 'NONE',  ( 1.000000000000000000, -0.000000000000000000, 1.008560160451631481E-16 ) ) ;
#1277 = VERTEX_POINT ( 'NONE', #1097 ) ;
#1278 = CARTESIAN_POINT ( 'NONE',  ( -0.8732212052820783610, 0.7584814157638680721, -1.671199199556086423 ) ) ;
#1279 = ORIENTED_EDGE ( 'NONE', *, *, #736, .F. ) ;
#1280 = DIRECTION ( 'NONE',  ( 0.7071067811865486830, -0.000000000000000000, 0.7071067811865464625 ) ) ;
#1281 = VERTEX_POINT ( 'NONE', #1887 ) ;
#1282 = CARTESIAN_POINT ( 'NONE',  ( -1.152519472321533067, 0.4704123649984452982, -1.612335852721268115 ) ) ;
#1283 = ORIENTED_EDGE ( 'NONE', *, *, #3201, .F. ) ;
#1284 = ORIENTED_EDGE ( 'NONE', *, *, #2830, .T. ) ;
#1285 = ORIENTED_EDGE ( 'NONE', *, *, #790, .F. ) ;
#1286 = CARTESIAN_POINT ( 'NONE',  ( -1.370000000000000107, 0.04499999999999998446, 1.300000000000000044 ) ) ;
#1287 = CARTESIAN_POINT ( 'NONE',  ( 1.849934580001403317, 0.4700000000000000289, 1.415442318608290728 ) ) ;
#1288 = AXIS2_PLACEMENT_3D ( 'NONE', #277, #325, #853 ) ;
#1289 = VECTOR ( 'NONE', #4496, 1000.000000000000000 ) ;
#1290 = ORIENTED_EDGE ( 'NONE', *, *, #3402, .F. ) ;
#1291 = FACE_OUTER_BOUND ( 'NONE', #3463, .T. ) ;
#1292 = UNCERTAINTY_MEASURE_WITH_UNIT (LENGTH_MEASURE( 1.000000000000000082E-05 ), #1371, 'distance_accuracy_value', 'NONE');
#1293 = ORIENTED_EDGE ( 'NONE', *, *, #822, .T. ) ;
#1294 = ADVANCED_FACE ( 'NONE', ( #5102 ), #3858, .F. ) ;
#1295 = LINE ( 'NONE', #2877, #1271 ) ;
#1296 = AXIS2_PLACEMENT_3D ( 'NONE', #3664, #3944, #3585 ) ;
#1297 = B_SPLINE_CURVE_WITH_KNOTS ( 'NONE', 3,
 ( #3258, #4423, #20, #1672, #2124, #1596, #4094, #2017, #2040, #2862, #3626, #863, #466, #3207, #2519, #1617, #76, #410 ),
 .UNSPECIFIED., .F., .F.,
 ( 4, 2, 2, 2, 2, 2, 2, 2, 4 ),
 ( 0.2490517994822954717, 0.2804203245470086592, 0.3117888496117217079, 0.3745258997411479163, 0.5000000000000003331, 0.6254741002588527499, 0.6882111503882788472, 0.7195796754529920625, 0.7509482005177052777 ),
 .UNSPECIFIED. ) ;
#1298 = PLANE ( 'NONE',  #2567 ) ;
#1299 = DIRECTION ( 'NONE',  ( 0.000000000000000000, -1.000000000000000000, 0.000000000000000000 ) ) ;
#1300 = CARTESIAN_POINT ( 'NONE',  ( 0.000000000000000000, 1.370000000000000107, -2.000000000000000000 ) ) ;
#1301 = CARTESIAN_POINT ( 'NONE',  ( -1.313397459621555852, 0.08999999999999996891, 1.300000000000000044 ) ) ;
#1302 = CARTESIAN_POINT ( 'NONE',  ( -6.871349616113367311E-16, 3.000000000000000000, -1.300000000000000044 ) ) ;
#1303 = EDGE_CURVE ( 'NONE', #3958, #1494, #1668, .T. ) ;
#1304 = ORIENTED_EDGE ( 'NONE', *, *, #4562, .F. ) ;
#1305 = CARTESIAN_POINT ( 'NONE',  ( -1.704633274187481673, 1.081518584236131675, -1.124999999999991784 ) ) ;
#1306 = ORIENTED_EDGE ( 'NONE', *, *, #3130, .F. ) ;
#1307 = CARTESIAN_POINT ( 'NONE',  ( -1.169086282980106084, 0.4703606810449222353, 1.606222244698111590 ) ) ;
#1308 = DIRECTION ( 'NONE',  ( -1.000000000000000000, 0.000000000000000000, 0.000000000000000000 ) ) ;
#1309 = LINE ( 'NONE', #1781, #2012 ) ;
#1310 = MANIFOLD_SOLID_BREP ( 'Coil', #1262 ) ;
#1311 = ADVANCED_FACE ( 'NONE', ( #5128 ), #2309, .F. ) ;
#1312 =( GEOMETRIC_REPRESENTATION_CONTEXT ( 3 ) GLOBAL_UNCERTAINTY_ASSIGNED_CONTEXT ( ( #1389 ) ) GLOBAL_UNIT_ASSIGNED_CONTEXT ( ( #3093, #767, #3947 ) ) REPRESENTATION_CONTEXT ( 'NONE', 'WORKASPACE' ) );
#1313 = EDGE_LOOP ( 'NONE', ( #2651, #1988, #1511, #2809, #2746, #1100, #1904, #4316, #161 ) ) ;
#1314 = B_SPLINE_CURVE_WITH_KNOTS ( 'NONE', 3,
 ( #4264, #3951, #2640, #3490, #1827, #3926, #327, #3899, #671, #3438, #302, #3877 ),
 .UNSPECIFIED., .F., .F.,
 ( 4, 2, 2, 2, 2, 4 ),
 ( 0.000000000000000000, 0.2499999999999907851, 0.3749999999999861777, 0.4374999999999850675, 0.4999999999999840128, 1.000000000000000000 ),
 .UNSPECIFIED. ) ;
#1315 = VERTEX_POINT ( 'NONE', #3471 ) ;
#1316 = DIRECTION ( 'NONE',  ( 0.000000000000000000, -0.000000000000000000, -1.000000000000000000 ) ) ;
#1317 = VECTOR ( 'NONE', #1869, 1000.000000000000000 ) ;
#1318 = CARTESIAN_POINT ( 'NONE',  ( 1.044588927656888488, 0.7584814157638680721, 1.500013719163606041 ) ) ;
#1319 = VERTEX_POINT ( 'NONE', #5048 ) ;
#1320 = AXIS2_PLACEMENT_3D ( 'NONE', #1844, #2342, #344 ) ;
#1321 = CARTESIAN_POINT ( 'NONE',  ( 1.430000000000000160, 0.08500000000000003386, 1.300000000000000044 ) ) ;
#1322 = VERTEX_POINT ( 'NONE', #2360 ) ;
#1323 = LINE ( 'NONE', #821, #4367 ) ;
#1324 = CARTESIAN_POINT ( 'NONE',  ( 1.214884377932376580, 1.369999999999999662, 1.599997834909321792 ) ) ;
#1325 = DIRECTION ( 'NONE',  ( -0.000000000000000000, 0.000000000000000000, 1.000000000000000000 ) ) ;
#1326 = DIRECTION ( 'NONE',  ( -0.2588190451025171868, 0.9659258262890692004, 0.000000000000000000 ) ) ;
#1327 = CARTESIAN_POINT ( 'NONE',  ( -1.212132034355961840, 0.04000000000000010492, 1.750000000000000444 ) ) ;
#1328 = CARTESIAN_POINT ( 'NONE',  ( -1.554152816560842920, 1.081518584236131675, -1.454660317778772916 ) ) ;
#1329 = ORIENTED_EDGE ( 'NONE', *, *, #2241, .F. ) ;
#1330 = EDGE_CURVE ( 'NONE', #2018, #1427, #3959, .T. ) ;
#1331 = LINE ( 'NONE', #1729, #3403 ) ;
#1332 = DIRECTION ( 'NONE',  ( 1.008560160451631605E-16, -0.000000000000000000, 1.000000000000000000 ) ) ;
#1333 = LINE ( 'NONE', #2615, #2182 ) ;
#1334 = STYLED_ITEM ( 'NONE', ( #2559 ), #903 ) ;
#1335 = ORIENTED_EDGE ( 'NONE', *, *, #2546, .F. ) ;
#1336 = CARTESIAN_POINT ( 'NONE',  ( -0.7939339828220179918, 1.800000000000000044, -1.956066017177982008 ) ) ;
#1337 = EDGE_CURVE ( 'NONE', #516, #1652, #3907, .T. ) ;
#1338 = ORIENTED_EDGE ( 'NONE', *, *, #2205, .F. ) ;
#1339 = CARTESIAN_POINT ( 'NONE',  ( 1.500000000000000000, 0.03999999999999999389, 1.500000000000000000 ) ) ;
#1340 = AXIS2_PLACEMENT_3D ( 'NONE', #4196, #3371, #4926 ) ;
#1341 = CARTESIAN_POINT ( 'NONE',  ( 0.9512542138710702311, 0.7584814157638680721, 1.593166190967093998 ) ) ;
#1342 = ORIENTED_EDGE ( 'NONE', *, *, #4124, .F. ) ;
#1343 = CARTESIAN_POINT ( 'NONE',  ( 1.149386730191083617, 0.4704088406386665033, 1.613733856915566145 ) ) ;
#1344 = ORIENTED_EDGE ( 'NONE', *, *, #5070, .T. ) ;
#1345 = DIRECTION ( 'NONE',  ( 0.000000000000000000, 1.000000000000000000, -0.000000000000000000 ) ) ;
#1346 = DIRECTION ( 'NONE',  ( -0.000000000000000000, 1.000000000000000000, -0.000000000000000000 ) ) ;
#1347 = CARTESIAN_POINT ( 'NONE',  ( -1.214884377932808457, 1.369999999999999885, -1.599997834909320682 ) ) ;
#1348 = CARTESIAN_POINT ( 'NONE',  ( 5.782411586589332001E-16, 0.1599999999999999756, 1.600000000000000089 ) ) ;
#1349 = LINE ( 'NONE', #4138, #1115 ) ;
#1350 = EDGE_CURVE ( 'NONE', #2542, #4834, #1912, .T. ) ;
#1351 = VECTOR ( 'NONE', #2767, 1000.000000000000000 ) ;
#1352 = CARTESIAN_POINT ( 'NONE',  ( 1.137867965644034252, 0.04000000000000010492, 1.500000000000000000 ) ) ;
#1353 = CARTESIAN_POINT ( 'NONE',  ( -1.341421356237308959, 1.369999999999999662, 1.600000000000000089 ) ) ;
#1354 = EDGE_CURVE ( 'NONE', #592, #1618, #2728, .T. ) ;
#1355 = ORIENTED_EDGE ( 'NONE', *, *, #2226, .T. ) ;
#1356 = ORIENTED_EDGE ( 'NONE', *, *, #2739, .T. ) ;
#1357 = DIRECTION ( 'NONE',  ( 0.000000000000000000, -1.000000000000000000, 0.000000000000000000 ) ) ;
#1358 = EDGE_CURVE ( 'NONE', #969, #3493, #335, .T. ) ;
#1359 = ORIENTED_EDGE ( 'NONE', *, *, #2968, .F. ) ;
#1360 = ORIENTED_EDGE ( 'NONE', *, *, #369, .F. ) ;
#1361 = CARTESIAN_POINT ( 'NONE',  ( 1.599999999999997868, 1.369999999999999662, -1.600000000000000089 ) ) ;
#1362 = B_SPLINE_CURVE_WITH_KNOTS ( 'NONE', 3,
 ( #2110, #4078, #3742, #1743 ),
 .UNSPECIFIED., .F., .F.,
 ( 4, 4 ),
 ( 0.9179452629497497629, 0.9184415270763672812 ),
 .UNSPECIFIED. ) ;
#1363 = EDGE_CURVE ( 'NONE', #202, #2932, #3681, .T. ) ;
#1364 = CARTESIAN_POINT ( 'NONE',  ( 1.153835906860988691, 0.7584814157638680721, 1.454762138728998178 ) ) ;
#1365 = EDGE_CURVE ( 'NONE', #3902, #3898, #3146, .T. ) ;
#1366 = ORIENTED_EDGE ( 'NONE', *, *, #1881, .F. ) ;
#1367 = ORIENTED_EDGE ( 'NONE', *, *, #1365, .T. ) ;
#1368 = LINE ( 'NONE', #169, #995 ) ;
#1369 = EDGE_CURVE ( 'NONE', #3050, #404, #4042, .T. ) ;
#1370 = VECTOR ( 'NONE', #4056, 1000.000000000000000 ) ;
#1371 =( LENGTH_UNIT ( ) NAMED_UNIT ( * ) SI_UNIT ( .MILLI., .METRE. ) );
#1372 = LINE ( 'NONE', #1421, #2489 ) ;
#1373 = VECTOR ( 'NONE', #632, 1000.000000000000000 ) ;
#1374 = LINE ( 'NONE', #2511, #1114 ) ;
#1375 = CARTESIAN_POINT ( 'NONE',  ( -1.750000000000000222, 0.4700000000000001399, 1.600000000000000755 ) ) ;
#1376 = DIRECTION ( 'NONE',  ( -7.228014483236697541E-16, 0.000000000000000000, 1.000000000000000000 ) ) ;
#1377 = ADVANCED_FACE ( 'NONE', ( #22 ), #4015, .F. ) ;
#1378 = CARTESIAN_POINT ( 'NONE',  ( -0.9512542138710678996, 1.081518584236131675, 1.593166190967094664 ) ) ;
#1379 = ORIENTED_EDGE ( 'NONE', *, *, #2642, .F. ) ;
#1380 = DIRECTION ( 'NONE',  ( 0.000000000000000000, 0.000000000000000000, 1.000000000000000000 ) ) ;
#1381 = CARTESIAN_POINT ( 'NONE',  ( -0.7939339828220162154, 1.800000000000000044, 1.956066017177982452 ) ) ;
#1382 = ORIENTED_EDGE ( 'NONE', *, *, #3402, .T. ) ;
#1383 = DIRECTION ( 'NONE',  ( 0.000000000000000000, 0.000000000000000000, -1.000000000000000000 ) ) ;
#1384 = VERTEX_POINT ( 'NONE', #3655 ) ;
#1385 = VECTOR ( 'NONE', #2880, 1000.000000000000000 ) ;
#1386 = CARTESIAN_POINT ( 'NONE',  ( 1.704633274187457248, 1.081518584236131675, 0.2249999999999980627 ) ) ;
#1387 = ORIENTED_EDGE ( 'NONE', *, *, #4359, .T. ) ;
#1388 = DIRECTION ( 'NONE',  ( -0.000000000000000000, 1.000000000000000000, -0.000000000000000000 ) ) ;
#1389 = UNCERTAINTY_MEASURE_WITH_UNIT (LENGTH_MEASURE( 1.000000000000000082E-05 ), #3093, 'distance_accuracy_value', 'NONE');
#1390 = AXIS2_PLACEMENT_3D ( 'NONE', #4724, #4333, #3872 ) ;
#1391 = ORIENTED_EDGE ( 'NONE', *, *, #1782, .T. ) ;
#1392 = LINE ( 'NONE', #4955, #406 ) ;
#1393 = EDGE_CURVE ( 'NONE', #3979, #4050, #5008, .T. ) ;
#1394 = CIRCLE ( 'NONE', #1320, 0.02000000000000005246 ) ;
#1395 = EDGE_CURVE ( 'NONE', #2261, #467, #3852, .T. ) ;
#1396 = CARTESIAN_POINT ( 'NONE',  ( 1.486602540378444193, 0.08999999999999991340, 1.300000000000000044 ) ) ;
#1397 = EDGE_CURVE ( 'NONE', #4760, #3292, #1646, .T. ) ;
#1398 = DIRECTION ( 'NONE',  ( 1.000000000000000000, 0.000000000000000000, -3.614007241618331514E-16 ) ) ;
#1399 = FACE_OUTER_BOUND ( 'NONE', #4420, .T. ) ;
#1400 = EDGE_CURVE ( 'NONE', #3734, #2038, #387, .T. ) ;
#1401 = CARTESIAN_POINT ( 'NONE',  ( 1.849999999999999867, 1.370000000000000107, -1.349999999999996758 ) ) ;
#1402 = CARTESIAN_POINT ( 'NONE',  ( -1.260114491811306747, 1.081518584236131675, 1.454527208181958908 ) ) ;
#1403 = VERTEX_POINT ( 'NONE', #1993 ) ;
#1404 = CARTESIAN_POINT ( 'NONE',  ( 0.9000000000000000222, 0.03999999999999999389, 1.500000000000000000 ) ) ;
#1405 = PLANE ( 'NONE',  #1166 ) ;
#1406 = VECTOR ( 'NONE', #1634, 1000.000000000000000 ) ;
#1407 = VERTEX_POINT ( 'NONE', #3288 ) ;
#1408 = DIRECTION ( 'NONE',  ( 0.7071067811865482389, 0.000000000000000000, 0.7071067811865467956 ) ) ;
#1409 = EDGE_LOOP ( 'NONE', ( #4654, #2773, #4923, #656 ) ) ;
#1410 = SURFACE_SIDE_STYLE ('',( #1785 ) ) ;
#1411 = CIRCLE ( 'NONE', #4341, 1.000000000000000222 ) ;
#1412 = CARTESIAN_POINT ( 'NONE',  ( 1.704605893752888734, 1.081518584236131675, 1.396418236177699335 ) ) ;
#1413 = ORIENTED_EDGE ( 'NONE', *, *, #3518, .T. ) ;
#1414 = CIRCLE ( 'NONE', #4111, 0.1499999999999999667 ) ;
#1415 = CARTESIAN_POINT ( 'NONE',  ( 1.370000000000000107, 0.4350000000000001643, 1.640000000000000346 ) ) ;
#1416 = ORIENTED_EDGE ( 'NONE', *, *, #4324, .F. ) ;
#1417 = FACE_OUTER_BOUND ( 'NONE', #1178, .T. ) ;
#1418 = EDGE_CURVE ( 'NONE', #2018, #2339, #998, .T. ) ;
#1419 = AXIS2_PLACEMENT_3D ( 'NONE', #1732, #3757, #521 ) ;
#1420 = LINE ( 'NONE', #3028, #1064 ) ;
#1421 = CARTESIAN_POINT ( 'NONE',  ( -1.300000000000000044, 0.03999999999999999389, 1.300000000000000044 ) ) ;
#1422 = DIRECTION ( 'NONE',  ( -0.000000000000000000, 1.000000000000000000, -0.000000000000000000 ) ) ;
#1423 = CARTESIAN_POINT ( 'NONE',  ( -1.212132034355961840, 1.800000000000000044, 1.600000000000000533 ) ) ;
#1424 = CARTESIAN_POINT ( 'NONE',  ( -1.776776695296638620, 1.369999999999999885, 1.526776695296635289 ) ) ;
#1425 = EDGE_CURVE ( 'NONE', #2997, #4010, #3600, .T. ) ;
#1426 = DIRECTION ( 'NONE',  ( 0.000000000000000000, 0.000000000000000000, -1.000000000000000000 ) ) ;
#1427 = VERTEX_POINT ( 'NONE', #52 ) ;
#1428 = DIRECTION ( 'NONE',  ( -1.000000000000000000, 0.000000000000000000, 7.228014483236676834E-16 ) ) ;
#1429 = CARTESIAN_POINT ( 'NONE',  ( -0.6878679656440356283, 0.9200000000000001510, -1.850000000000000089 ) ) ;
#1430 = ORIENTED_EDGE ( 'NONE', *, *, #3074, .T. ) ;
#1431 = FACE_OUTER_BOUND ( 'NONE', #2776, .T. ) ;
#1432 = CARTESIAN_POINT ( 'NONE',  ( -0.6878679656440356283, 1.800000000000000044, -1.850000000000000089 ) ) ;
#1433 = CARTESIAN_POINT ( 'NONE',  ( -1.106066017177979477, 1.370000000000000107, 1.643933982822018525 ) ) ;
#1434 = EDGE_LOOP ( 'NONE', ( #3075, #596, #3714, #2236 ) ) ;
#1435 = PRESENTATION_STYLE_ASSIGNMENT (( #2578 ) ) ;
#1436 = CARTESIAN_POINT ( 'NONE',  ( 1.002022005725991427, 1.369999999999999662, -1.747977994274006575 ) ) ;
#1437 = ORIENTED_EDGE ( 'NONE', *, *, #2013, .F. ) ;
#1438 = EDGE_CURVE ( 'NONE', #2038, #2531, #1758, .T. ) ;
#1439 = B_SPLINE_CURVE_WITH_KNOTS ( 'NONE', 3,
 ( #1324, #3378, #954, #2240 ),
 .UNSPECIFIED., .F., .F.,
 ( 4, 4 ),
 ( 0.000000000000000000, 1.000000000000000000 ),
 .UNSPECIFIED. ) ;
#1440 = CARTESIAN_POINT ( 'NONE',  ( 0.7939339828220174367, 0.4699999999999999178, 1.956066017177982008 ) ) ;
#1441 = ORIENTED_EDGE ( 'NONE', *, *, #1008, .F. ) ;
#1442 = DIRECTION ( 'NONE',  ( 0.000000000000000000, 0.000000000000000000, 1.000000000000000000 ) ) ;
#1443 = LINE ( 'NONE', #4254, #1473 ) ;
#1444 = DIRECTION ( 'NONE',  ( -0.000000000000000000, -1.000000000000000000, 0.000000000000000000 ) ) ;
#1445 = PLANE ( 'NONE',  #1959 ) ;
#1446 = CARTESIAN_POINT ( 'NONE',  ( -1.212132034355964061, 0.4700000000000001399, -1.749999999999998446 ) ) ;
#1447 = AXIS2_PLACEMENT_3D ( 'NONE', #41, #2060, #377 ) ;
#1448 = DIRECTION ( 'NONE',  ( 0.000000000000000000, 0.000000000000000000, 1.000000000000000000 ) ) ;
#1449 =( NAMED_UNIT ( * ) SI_UNIT ( $, .STERADIAN. ) SOLID_ANGLE_UNIT ( ) );
#1450 = CARTESIAN_POINT ( 'NONE',  ( -1.002022005725994758, 1.369999999999999662, -1.747977994274003688 ) ) ;
#1451 = ORIENTED_EDGE ( 'NONE', *, *, #3000, .T. ) ;
#1452 = LINE ( 'NONE', #3121, #2951 ) ;
#1453 = DIRECTION ( 'NONE',  ( -0.000000000000000000, -1.000000000000000000, -0.000000000000000000 ) ) ;
#1454 = MECHANICAL_DESIGN_GEOMETRIC_PRESENTATION_REPRESENTATION (  '', ( #621 ), #2632 ) ;
#1455 = EDGE_CURVE ( 'NONE', #51, #579, #1586, .T. ) ;
#1456 = ORIENTED_EDGE ( 'NONE', *, *, #3057, .F. ) ;
#1457 = CARTESIAN_POINT ( 'NONE',  ( -1.002022005725990761, 0.4700000000000000289, 1.747977994274007241 ) ) ;
#1458 = CARTESIAN_POINT ( 'NONE',  ( 1.002022005725992759, 0.4700000000000001399, -1.747977994274006130 ) ) ;
#1459 = CARTESIAN_POINT ( 'NONE',  ( -1.156482317317867781E-15, 0.4700000000000001399, -1.599999999999999423 ) ) ;
#1460 = VERTEX_POINT ( 'NONE', #2864 ) ;
#1461 = ADVANCED_FACE ( 'NONE', ( #4069 ), #1598, .F. ) ;
#1462 = CARTESIAN_POINT ( 'NONE',  ( 1.373743686707651346, 1.081518584236131675, 1.454633274187484115 ) ) ;
#1463 = ORIENTED_EDGE ( 'NONE', *, *, #1483, .T. ) ;
#1464 = CARTESIAN_POINT ( 'NONE',  ( -1.500000000000000000, 0.03999999999999999389, -1.300000000000000044 ) ) ;
#1465 = ORIENTED_EDGE ( 'NONE', *, *, #2763, .T. ) ;
#1466 = CARTESIAN_POINT ( 'NONE',  ( -1.370000000000000107, 0.4700000000000000844, 1.605000000000000426 ) ) ;
#1467 = AXIS2_PLACEMENT_3D ( 'NONE', #2215, #2141, #3819 ) ;
#1468 = CARTESIAN_POINT ( 'NONE',  ( 0.8979779942739947174, 0.4700000000000000289, -1.852022005726004172 ) ) ;
#1469 = FACE_OUTER_BOUND ( 'NONE', #2807, .T. ) ;
#1470 = AXIS2_PLACEMENT_3D ( 'NONE', #791, #423, #2395 ) ;
#1471 = DIRECTION ( 'NONE',  ( 0.000000000000000000, 1.000000000000000000, 0.000000000000000000 ) ) ;
#1472 = DIRECTION ( 'NONE',  ( 0.000000000000000000, 0.000000000000000000, 1.000000000000000000 ) ) ;
#1473 = VECTOR ( 'NONE', #3165, 1000.000000000000000 ) ;
#1474 = CARTESIAN_POINT ( 'NONE',  ( 1.599999999999999867, 0.4699999999999999178, 1.349999999999998312 ) ) ;
#1475 = CARTESIAN_POINT ( 'NONE',  ( -1.430000000000000160, 0.04499999999999998446, 1.300000000000000044 ) ) ;
#1476 = VECTOR ( 'NONE', #3669, 1000.000000000000000 ) ;
#1478 = MECHANICAL_DESIGN_GEOMETRIC_PRESENTATION_REPRESENTATION (  '', ( #4659 ), #2161 ) ;
#1477 = CARTESIAN_POINT ( 'NONE',  ( -1.470710678118643866, 1.369999999999999662, -1.599999999999991207 ) ) ;
#1479 = EDGE_LOOP ( 'NONE', ( #411, #2750, #3106, #2507 ) ) ;
#1480 = CARTESIAN_POINT ( 'NONE',  ( -2.000000000000000000, 0.03999999999999999389, 1.300000000000000044 ) ) ;
#1481 = DIRECTION ( 'NONE',  ( 0.000000000000000000, 0.000000000000000000, 1.000000000000000000 ) ) ;
#1482 = EDGE_CURVE ( 'NONE', #2257, #1587, #892, .T. ) ;
#1483 = EDGE_CURVE ( 'NONE', #926, #3159, #4400, .T. ) ;
#1484 = ORIENTED_EDGE ( 'NONE', *, *, #3561, .F. ) ;
#1485 = CARTESIAN_POINT ( 'NONE',  ( -1.850000000000000533, 0.4700000000000000289, -0.4499999999999917399 ) ) ;
#1486 = DIRECTION ( 'NONE',  ( 0.000000000000000000, -1.000000000000000000, 0.000000000000000000 ) ) ;
#1487 = SURFACE_STYLE_FILL_AREA ( #5074 ) ;
#1488 = ORIENTED_EDGE ( 'NONE', *, *, #4234, .T. ) ;
#1489 = CARTESIAN_POINT ( 'NONE',  ( 6.871349616113367311E-16, 3.000000000000000000, 1.300000000000000044 ) ) ;
#1490 = CARTESIAN_POINT ( 'NONE',  ( 1.849934580001402873, 1.369999999999999662, 1.415442318608290728 ) ) ;
#1491 = VERTEX_POINT ( 'NONE', #991 ) ;
#1492 = EDGE_CURVE ( 'NONE', #2123, #4706, #204, .T. ) ;
#1493 = CARTESIAN_POINT ( 'NONE',  ( 1.486602540378444193, 0.08999999999999991340, -1.300000000000000044 ) ) ;
#1494 = VERTEX_POINT ( 'NONE', #3730 ) ;
#1495 = CARTESIAN_POINT ( 'NONE',  ( -1.162103234029478571, 1.369598794666139208, -1.608559822169193465 ) ) ;
#1496 = AXIS2_PLACEMENT_3D ( 'NONE', #1154, #4021, #4075 ) ;
#1497 = DIRECTION ( 'NONE',  ( 0.7071067811865493491, 0.000000000000000000, -0.7071067811865459074 ) ) ;
#1498 = CARTESIAN_POINT ( 'NONE',  ( -1.214884406352971125, 1.369999999999999885, 1.599997834888272852 ) ) ;
#1499 = VECTOR ( 'NONE', #3933, 1000.000000000000000 ) ;
#1500 = DIRECTION ( 'NONE',  ( 0.000000000000000000, 1.936075308009825719E-16, -1.000000000000000000 ) ) ;
#1501 = FACE_OUTER_BOUND ( 'NONE', #1933, .T. ) ;
#1502 = COLOUR_RGB ( '',0.7294117647058823151, 0.3568627450980392246, 0.02352941176470588203 ) ;
#1503 = DIRECTION ( 'NONE',  ( -0.000000000000000000, -1.000000000000000000, -0.000000000000000000 ) ) ;
#1504 = CARTESIAN_POINT ( 'NONE',  ( -1.849999999999999867, 1.369999999999999662, -1.124999999999991784 ) ) ;
#1505 = ORIENTED_EDGE ( 'NONE', *, *, #112, .T. ) ;
#1506 = LINE ( 'NONE', #257, #4362 ) ;
#1507 = CARTESIAN_POINT ( 'NONE',  ( -0.6878679656440340739, 0.9200000000000001510, 1.893028554974587552 ) ) ;
#1508 = AXIS2_PLACEMENT_3D ( 'NONE', #4599, #1780, #1380 ) ;
#1509 = VERTEX_POINT ( 'NONE', #3314 ) ;
#1510 = CARTESIAN_POINT ( 'NONE',  ( -1.373743686707646017, 0.4700000000000000289, 1.599999999999997202 ) ) ;
#1511 = ORIENTED_EDGE ( 'NONE', *, *, #4824, .F. ) ;
#1512 = CIRCLE ( 'NONE', #4863, 0.03499999999999987843 ) ;
#1513 = CARTESIAN_POINT ( 'NONE',  ( 1.500000000000000000, 0.03999999999999999389, -1.300000000000000044 ) ) ;
#1514 = ORIENTED_EDGE ( 'NONE', *, *, #3925, .T. ) ;
#1515 = DIRECTION ( 'NONE',  ( 1.000000000000000000, 0.000000000000000000, 0.000000000000000000 ) ) ;
#1516 = ADVANCED_FACE ( 'NONE', ( #2225 ), #3339, .F. ) ;
#1517 =( GEOMETRIC_REPRESENTATION_CONTEXT ( 3 ) GLOBAL_UNCERTAINTY_ASSIGNED_CONTEXT ( ( #1238 ) ) GLOBAL_UNIT_ASSIGNED_CONTEXT ( ( #1562, #488, #2090 ) ) REPRESENTATION_CONTEXT ( 'NONE', 'WORKASPACE' ) );
#1518 = CARTESIAN_POINT ( 'NONE',  ( 0.8979779942739942733, 1.369999999999999662, -1.852022005726003950 ) ) ;
#1519 = ORIENTED_EDGE ( 'NONE', *, *, #4758, .T. ) ;
#1520 = LINE ( 'NONE', #1546, #4147 ) ;
#1521 = ORIENTED_EDGE ( 'NONE', *, *, #1553, .F. ) ;
#1522 = DIRECTION ( 'NONE',  ( 0.000000000000000000, 0.000000000000000000, 1.000000000000000000 ) ) ;
#1523 = EDGE_CURVE ( 'NONE', #909, #4154, #2515, .T. ) ;
#1524 = CARTESIAN_POINT ( 'NONE',  ( 1.370000000000000107, 0.1049999999999999822, 1.640000000000000346 ) ) ;
#1525 = LINE ( 'NONE', #1975, #2571 ) ;
#1526 = EDGE_CURVE ( 'NONE', #4300, #2898, #2175, .T. ) ;
#1527 = FACE_OUTER_BOUND ( 'NONE', #2572, .T. ) ;
#1528 = CARTESIAN_POINT ( 'NONE',  ( -2.000000000000000000, 1.800000000000000044, 0.000000000000000000 ) ) ;
#1529 = B_SPLINE_CURVE_WITH_KNOTS ( 'NONE', 3,
 ( #5044, #701, #1458, #3072 ),
 .UNSPECIFIED., .F., .F.,
 ( 4, 4 ),
 ( 0.000000000000000000, 1.000000000000000000 ),
 .UNSPECIFIED. ) ;
#1530 = DIRECTION ( 'NONE',  ( 1.000000000000000000, 0.000000000000000000, 0.000000000000000000 ) ) ;
#1531 = SURFACE_STYLE_USAGE ( .BOTH. , #1954 ) ;
#1532 = CARTESIAN_POINT ( 'NONE',  ( -1.823626808228217877, 1.369999999999999662, -1.479926582365060916 ) ) ;
#1533 = ORIENTED_EDGE ( 'NONE', *, *, #3385, .F. ) ;
#1534 = DIRECTION ( 'NONE',  ( -0.7071067811865464625, 0.000000000000000000, -0.7071067811865486830 ) ) ;
#1535 = CARTESIAN_POINT ( 'NONE',  ( -1.370000000000000107, 0.08499999999999995060, 1.580000000000000515 ) ) ;
#1536 = AXIS2_PLACEMENT_3D ( 'NONE', #2637, #1956, #1426 ) ;
#1537 = ORIENTED_EDGE ( 'NONE', *, *, #158, .T. ) ;
#1538 = CARTESIAN_POINT ( 'NONE',  ( -1.665442318608308270, 0.4700000000000000289, -1.599934580001394879 ) ) ;
#1539 = CARTESIAN_POINT ( 'NONE',  ( -1.430000000000000160, 0.4350000000000001643, 1.605000000000000426 ) ) ;
#1540 = CARTESIAN_POINT ( 'NONE',  ( 1.137867965644034030, 0.02000000000000000042, -1.500000000000000000 ) ) ;
#1541 = AXIS2_PLACEMENT_3D ( 'NONE', #1976, #3610, #4826 ) ;
#1542 = VERTEX_POINT ( 'NONE', #4190 ) ;
#1543 =( NAMED_UNIT ( * ) PLANE_ANGLE_UNIT ( ) SI_UNIT ( $, .RADIAN. ) );
#1544 = CARTESIAN_POINT ( 'NONE',  ( 1.080012420869307821, 1.369999999999999662, 1.669900884873451785 ) ) ;
#1545 = EDGE_LOOP ( 'NONE', ( #1050, #1145, #2049, #3879 ) ) ;
#1546 = CARTESIAN_POINT ( 'NONE',  ( -0.9000000000000000222, -6.123233995736772199E-17, 1.500000000000000000 ) ) ;
#1547 = ORIENTED_EDGE ( 'NONE', *, *, #2590, .T. ) ;
#1548 = DIRECTION ( 'NONE',  ( -0.000000000000000000, -1.000000000000000000, 0.000000000000000000 ) ) ;
#1549 = CARTESIAN_POINT ( 'NONE',  ( 1.002022005725991871, 0.4700000000000000289, -1.747977994274006797 ) ) ;
#1550 = DIRECTION ( 'NONE',  ( -0.000000000000000000, 1.000000000000000000, -0.000000000000000000 ) ) ;
#1551 = ADVANCED_FACE ( 'NONE', ( #2151 ), #2573, .F. ) ;
#1552 = CARTESIAN_POINT ( 'NONE',  ( 1.850000000000000311, 1.369999999999999662, -0.8999999999999869216 ) ) ;
#1553 = EDGE_CURVE ( 'NONE', #2997, #3789, #2347, .T. ) ;
#1554 = CARTESIAN_POINT ( 'NONE',  ( -1.370000000000000107, 0.1049999999999999822, 1.640000000000000346 ) ) ;
#1555 = CIRCLE ( 'NONE', #381, 0.1499999999999999667 ) ;
#1556 = DIRECTION ( 'NONE',  ( -0.000000000000000000, 1.000000000000000000, -0.000000000000000000 ) ) ;
#1557 = EDGE_CURVE ( 'NONE', #2441, #202, #1309, .T. ) ;
#1558 = EDGE_CURVE ( 'NONE', #2439, #2525, #4944, .T. ) ;
#1559 = DIRECTION ( 'NONE',  ( 0.000000000000000000, 0.000000000000000000, 1.000000000000000000 ) ) ;
#1560 = ORIENTED_EDGE ( 'NONE', *, *, #1492, .F. ) ;
#1561 = VECTOR ( 'NONE', #4281, 1000.000000000000000 ) ;
#1562 =( LENGTH_UNIT ( ) NAMED_UNIT ( * ) SI_UNIT ( .MILLI., .METRE. ) );
#1563 = FILL_AREA_STYLE ('',( #2353 ) ) ;
#1564 = ORIENTED_EDGE ( 'NONE', *, *, #2080, .F. ) ;
#1565 = CARTESIAN_POINT ( 'NONE',  ( -1.172863264053025878, 0.4700000000000000289, -1.600065442988458209 ) ) ;
#1566 = VERTEX_POINT ( 'NONE', #181 ) ;
#1567 = CARTESIAN_POINT ( 'NONE',  ( 1.104176783855054245, 0.4699999999999999178, 1.645820220537044687 ) ) ;
#1568 = ORIENTED_EDGE ( 'NONE', *, *, #532, .T. ) ;
#1569 = CARTESIAN_POINT ( 'NONE',  ( -1.115677692318023384, 0.4700882010980120818, -1.634053486985979964 ) ) ;
#1570 = CARTESIAN_POINT ( 'NONE',  ( 0.6878679656440350731, 0.04000000000000010492, -2.000000000000000000 ) ) ;
#1571 = ORIENTED_EDGE ( 'NONE', *, *, #1165, .F. ) ;
#1572 = DIRECTION ( 'NONE',  ( -1.000000000000000000, 0.000000000000000000, -1.008560160451631605E-16 ) ) ;
#1573 = ORIENTED_EDGE ( 'NONE', *, *, #1455, .T. ) ;
#1574 = DIRECTION ( 'NONE',  ( -1.000000000000000000, 2.290449872037788939E-16, 0.000000000000000000 ) ) ;
#1575 = CARTESIAN_POINT ( 'NONE',  ( 1.823626808228211660, 0.4700000000000000289, 1.479926582365053589 ) ) ;
#1576 = DIRECTION ( 'NONE',  ( -1.000000000000000000, 0.000000000000000000, 7.228014483236676834E-16 ) ) ;
#1577 = ADVANCED_FACE ( 'NONE', ( #1702 ), #4992, .F. ) ;
#1578 = CARTESIAN_POINT ( 'NONE',  ( -1.313397459621555852, 0.08999999999999996891, -1.300000000000000044 ) ) ;
#1579 = ADVANCED_FACE ( 'NONE', ( #4169 ), #1405, .F. ) ;
#1580 = CARTESIAN_POINT ( 'NONE',  ( 1.849999999999975664, 1.369999999999999662, 0.2249999999999980627 ) ) ;
#1581 = CIRCLE ( 'NONE', #1078, 0.1499999999999999667 ) ;
#1582 = DIRECTION ( 'NONE',  ( 1.000000000000000000, -0.000000000000000000, 0.000000000000000000 ) ) ;
#1583 = DIRECTION ( 'NONE',  ( -1.000000000000000000, -0.000000000000000000, 1.008560160451631605E-16 ) ) ;
#1584 = DIRECTION ( 'NONE',  ( 1.000000000000000000, -0.000000000000000000, 1.008560160451631481E-16 ) ) ;
#1585 = DIRECTION ( 'NONE',  ( 0.000000000000000000, 0.000000000000000000, 1.000000000000000000 ) ) ;
#1586 = CIRCLE ( 'NONE', #1085, 0.05999999999999994227 ) ;
#1587 = VERTEX_POINT ( 'NONE', #1381 ) ;
#1588 = CARTESIAN_POINT ( 'NONE',  ( -1.850000000000001865, 1.369999999999999662, 1.349999999999996092 ) ) ;
#1589 = DIRECTION ( 'NONE',  ( 0.000000000000000000, 0.000000000000000000, 1.000000000000000000 ) ) ;
#1590 = EDGE_CURVE ( 'NONE', #2016, #2014, #2595, .T. ) ;
#1591 = VECTOR ( 'NONE', #5045, 1000.000000000000000 ) ;
#1592 = ORIENTED_EDGE ( 'NONE', *, *, #3333, .T. ) ;
#1593 = CARTESIAN_POINT ( 'NONE',  ( -1.153835906860930294, 0.7584814157638680721, -1.454762138729009946 ) ) ;
#1594 = VERTEX_POINT ( 'NONE', #594 ) ;
#1595 = ORIENTED_EDGE ( 'NONE', *, *, #3644, .F. ) ;
#1596 = CARTESIAN_POINT ( 'NONE',  ( -1.850000000000000755, 1.369999999999999662, 0.9000000000000211164 ) ) ;
#1597 = ORIENTED_EDGE ( 'NONE', *, *, #115, .T. ) ;
#1598 = PLANE ( 'NONE',  #1763 ) ;
#1599 = DIRECTION ( 'NONE',  ( -0.2588190451025171868, -0.9659258262890692004, 0.000000000000000000 ) ) ;
#1600 = ORIENTED_EDGE ( 'NONE', *, *, #1482, .F. ) ;
#1601 = ORIENTED_EDGE ( 'NONE', *, *, #1143, .F. ) ;
#1602 = CARTESIAN_POINT ( 'NONE',  ( 1.175224027289235140, 1.369689826838115021, 1.604399321735368700 ) ) ;
#1603 = AXIS2_PLACEMENT_3D ( 'NONE', #2284, #3881, #2307 ) ;
#1604 = CARTESIAN_POINT ( 'NONE',  ( 0.9645775644191674214, 0.7584814157638680721, -1.579672129759629007 ) ) ;
#1605 = CARTESIAN_POINT ( 'NONE',  ( -1.776776695296639064, 0.4700000000000000289, 1.526776695296635289 ) ) ;
#1606 = DIRECTION ( 'NONE',  ( 0.000000000000000000, 1.000000000000000000, 0.000000000000000000 ) ) ;
#1607 = DIRECTION ( 'NONE',  ( -0.7071067811865465735, -0.000000000000000000, 0.7071067811865485719 ) ) ;
#1608 = DIRECTION ( 'NONE',  ( -0.000000000000000000, 0.000000000000000000, -1.000000000000000000 ) ) ;
#1609 = EDGE_CURVE ( 'NONE', #2291, #524, #2993, .T. ) ;
#1610 = CARTESIAN_POINT ( 'NONE',  ( -1.370000000000000107, 0.1049999999999999684, 1.600000000000000533 ) ) ;
#1611 = LINE ( 'NONE', #3223, #1591 ) ;
#1612 = CARTESIAN_POINT ( 'NONE',  ( 0.6878679656440350731, 1.800000000000000044, -1.850000000000000089 ) ) ;
#1613 = DIRECTION ( 'NONE',  ( 1.000000000000000000, 0.000000000000000000, -0.000000000000000000 ) ) ;
#1614 = ORIENTED_EDGE ( 'NONE', *, *, #2666, .T. ) ;
#1615 = CARTESIAN_POINT ( 'NONE',  ( -1.704656805937627917, 0.7584814157638680721, 1.310106464618633781 ) ) ;
#1616 = ORIENTED_EDGE ( 'NONE', *, *, #2077, .F. ) ;
#1617 = CARTESIAN_POINT ( 'NONE',  ( -1.849999999999999867, 1.369999999999999662, -1.237500000000002931 ) ) ;
#1618 = VERTEX_POINT ( 'NONE', #2545 ) ;
#1619 = CARTESIAN_POINT ( 'NONE',  ( -1.156482317317867781E-15, 0.03999999999999999389, -1.599999999999999423 ) ) ;
#1620 = AXIS2_PLACEMENT_3D ( 'NONE', #4947, #4924, #942 ) ;
#1621 = ADVANCED_FACE ( 'NONE', ( #4525 ), #2202, .F. ) ;
#1622 = CARTESIAN_POINT ( 'NONE',  ( 1.300000000000000044, 0.03999999999999999389, -1.300000000000000044 ) ) ;
#1623 = AXIS2_PLACEMENT_3D ( 'NONE', #3374, #4953, #4175 ) ;
#1624 = ORIENTED_EDGE ( 'NONE', *, *, #757, .F. ) ;
#1625 = EDGE_CURVE ( 'NONE', #4150, #4760, #1333, .T. ) ;
#1626 = ORIENTED_EDGE ( 'NONE', *, *, #1425, .F. ) ;
#1627 = DIRECTION ( 'NONE',  ( 0.000000000000000000, 0.000000000000000000, -1.000000000000000000 ) ) ;
#1628 = VECTOR ( 'NONE', #4737, 1000.000000000000000 ) ;
#1629 = CARTESIAN_POINT ( 'NONE',  ( 1.276776695296625297, 0.4700000000000000289, 1.599999999999999423 ) ) ;
#1630 = CARTESIAN_POINT ( 'NONE',  ( -1.599999999999998757, 0.4699999999999999178, -1.599999999999998757 ) ) ;
#1631 = EDGE_LOOP ( 'NONE', ( #3421, #2801, #4263, #4403, #2104, #4788, #1207, #4451, #2599, #5065, #4928, #3505, #1151, #4900, #2039, #833, #4243, #1537, #475, #2481, #1416, #891, #145, #4037 ) ) ;
#1632 = DIRECTION ( 'NONE',  ( -0.000000000000000000, -1.000000000000000000, 0.000000000000000000 ) ) ;
#1633 = DIRECTION ( 'NONE',  ( 0.000000000000000000, 0.000000000000000000, -1.000000000000000000 ) ) ;
#1634 = DIRECTION ( 'NONE',  ( -1.000000000000000000, 0.000000000000000000, 7.228014483236676834E-16 ) ) ;
#1635 = EDGE_CURVE ( 'NONE', #1148, #2990, #1258, .T. ) ;
#1636 = DIRECTION ( 'NONE',  ( 0.2588190451025171868, -0.9659258262890693114, -9.353739032692387931E-17 ) ) ;
#1637 = LINE ( 'NONE', #1186, #1955 ) ;
#1638 = DIRECTION ( 'NONE',  ( 1.000000000000000000, 0.000000000000000000, 1.008560160451631605E-16 ) ) ;
#1639 = VECTOR ( 'NONE', #194, 1000.000000000000000 ) ;
#1640 = VERTEX_POINT ( 'NONE', #618 ) ;
#1642 = VECTOR ( 'NONE', #612, 1000.000000000000000 ) ;
#1641 = CARTESIAN_POINT ( 'NONE',  ( -0.7951881966930893775, 0.7584814157638680721, 1.749232208145077294 ) ) ;
#1643 = ORIENTED_EDGE ( 'NONE', *, *, #4164, .T. ) ;
#1644 = CARTESIAN_POINT ( 'NONE',  ( 0.7939339828220174367, 0.03999999999999999389, -1.956066017177982008 ) ) ;
#1645 = ORIENTED_EDGE ( 'NONE', *, *, #1012, .F. ) ;
#1646 = LINE ( 'NONE', #412, #3608 ) ;
#1647 = AXIS2_PLACEMENT_3D ( 'NONE', #4561, #4230, #4908 ) ;
#1648 = EDGE_CURVE ( 'NONE', #215, #975, #3827, .T. ) ;
#1649 = CARTESIAN_POINT ( 'NONE',  ( -1.370000000000000107, 0.4700000000000001399, 1.600000000000000533 ) ) ;
#1650 = VERTEX_POINT ( 'NONE', #3040 ) ;
#1651 =( NAMED_UNIT ( * ) PLANE_ANGLE_UNIT ( ) SI_UNIT ( $, .RADIAN. ) );
#1652 = VERTEX_POINT ( 'NONE', #696 ) ;
#1653 = LINE ( 'NONE', #2842, #3355 ) ;
#1654 = CARTESIAN_POINT ( 'NONE',  ( 0.8992322081450744298, 0.7584814157638680721, -1.645188196693089910 ) ) ;
#1655 = EDGE_CURVE ( 'NONE', #2903, #3440, #4596, .T. ) ;
#1656 = EDGE_LOOP ( 'NONE', ( #1938, #4584, #3212, #2863, #2861, #3853, #542, #4461, #4554 ) ) ;
#1657 = PRESENTATION_STYLE_ASSIGNMENT (( #3270 ) ) ;
#1658 = UNCERTAINTY_MEASURE_WITH_UNIT (LENGTH_MEASURE( 1.000000000000000082E-05 ), #2780, 'distance_accuracy_value', 'NONE');
#1659 = ORIENTED_EDGE ( 'NONE', *, *, #1625, .F. ) ;
#1660 = CARTESIAN_POINT ( 'NONE',  ( 0.6878679656440350731, 1.370000000000000107, -2.000000000000000000 ) ) ;
#1661 = CARTESIAN_POINT ( 'NONE',  ( 0.6878679656440351842, 0.4699999999999999178, 1.850000000000000089 ) ) ;
#1662 = CARTESIAN_POINT ( 'NONE',  ( 1.849999999999999867, 0.03899999999999997219, 0.000000000000000000 ) ) ;
#1663 = CARTESIAN_POINT ( 'NONE',  ( -1.106066017177979255, 0.4699999999999999178, 1.643933982822018525 ) ) ;
#1664 = CARTESIAN_POINT ( 'NONE',  ( -0.6878679656440355172, 0.4699999999999999178, -1.850000000000000089 ) ) ;
#1665 = CARTESIAN_POINT ( 'NONE',  ( 1.212132034355963395, 1.800000000000000044, 1.749999999999999556 ) ) ;
#1666 = DIRECTION ( 'NONE',  ( 1.000000000000000000, 0.000000000000000000, 1.008560160451631605E-16 ) ) ;
#1667 = AXIS2_PLACEMENT_3D ( 'NONE', #4303, #685, #1522 ) ;
#1668 = CIRCLE ( 'NONE', #5181, 0.2500000000000014988 ) ;
#1669 = ORIENTED_EDGE ( 'NONE', *, *, #1418, .T. ) ;
#1670 = CARTESIAN_POINT ( 'NONE',  ( -0.8992322081450733195, 0.7584814157638680721, 1.645188196693089910 ) ) ;
#1671 = ORIENTED_EDGE ( 'NONE', *, *, #2335, .F. ) ;
#1672 = CARTESIAN_POINT ( 'NONE',  ( -1.850000000000000977, 1.369999999999999662, 1.124999999999996891 ) ) ;
#1673 = ORIENTED_EDGE ( 'NONE', *, *, #3840, .F. ) ;
#1674 = DIRECTION ( 'NONE',  ( 1.000000000000000000, 0.000000000000000000, -1.008560160451631481E-16 ) ) ;
#1675 = EDGE_CURVE ( 'NONE', #1708, #4661, #3465, .T. ) ;
#1676 = AXIS2_PLACEMENT_3D ( 'NONE', #99, #3618, #4656 ) ;
#1677 = DIRECTION ( 'NONE',  ( 0.000000000000000000, 1.000000000000000000, -0.000000000000000000 ) ) ;
#1678 = ORIENTED_EDGE ( 'NONE', *, *, #2164, .T. ) ;
#1679 = CIRCLE ( 'NONE', #3861, 0.2499999999999997780 ) ;
#1680 = ORIENTED_EDGE ( 'NONE', *, *, #1675, .T. ) ;
#1681 = FACE_OUTER_BOUND ( 'NONE', #4041, .T. ) ;
#1682 = CLOSED_SHELL ( 'NONE', ( #2923, #5113, #1461, #3623, #1749, #60, #4622, #2218, #1201, #4978, #1035 ) ) ;
#1683 = CARTESIAN_POINT ( 'NONE',  ( 1.850000000000000089, 0.4700000000000000289, 1.068750000000003419 ) ) ;
#1684 = EDGE_LOOP ( 'NONE', ( #2916, #1430, #2180, #846, #3185, #3602, #778, #3667 ) ) ;
#1685 = DIRECTION ( 'NONE',  ( 0.000000000000000000, 1.000000000000000000, -0.000000000000000000 ) ) ;
#1686 = ORIENTED_EDGE ( 'NONE', *, *, #472, .T. ) ;
#1687 = DIRECTION ( 'NONE',  ( -0.000000000000000000, -0.000000000000000000, 1.000000000000000000 ) ) ;
#1688 = VECTOR ( 'NONE', #3045, 1000.000000000000000 ) ;
#1689 = EDGE_CURVE ( 'NONE', #2932, #3530, #5037, .T. ) ;
#1690 = CARTESIAN_POINT ( 'NONE',  ( 1.500000000000000000, 0.03999999999999999389, 1.500000000000000000 ) ) ;
#1691 = FACE_OUTER_BOUND ( 'NONE', #2841, .T. ) ;
#1692 = AXIS2_PLACEMENT_3D ( 'NONE', #2085, #848, #2139 ) ;
#1693 = DIRECTION ( 'NONE',  ( 0.000000000000000000, -0.000000000000000000, -1.000000000000000000 ) ) ;
#1694 = LINE ( 'NONE', #4115, #4218 ) ;
#1695 = ADVANCED_FACE ( 'NONE', ( #5097 ), #746, .F. ) ;
#1696 = FACE_OUTER_BOUND ( 'NONE', #4582, .T. ) ;
#1697 = ORIENTED_EDGE ( 'NONE', *, *, #1893, .T. ) ;
#1698 = CARTESIAN_POINT ( 'NONE',  ( -1.704633274187482783, 0.7584814157638680721, 0.9000000000000212275 ) ) ;
#1699 = EDGE_LOOP ( 'NONE', ( #5025, #4764, #633, #3002 ) ) ;
#1700 = LINE ( 'NONE', #3704, #373 ) ;
#1701 = ORIENTED_EDGE ( 'NONE', *, *, #3783, .T. ) ;
#1702 = FACE_OUTER_BOUND ( 'NONE', #4105, .T. ) ;
#1703 = FACE_OUTER_BOUND ( 'NONE', #90, .T. ) ;
#1704 = ORIENTED_EDGE ( 'NONE', *, *, #3611, .T. ) ;
#1705 = PRODUCT_CONTEXT ( 'NONE', #553, 'mechanical' ) ;
#1706 = VECTOR ( 'NONE', #1398, 1000.000000000000000 ) ;
#1707 = VECTOR ( 'NONE', #4444, 1000.000000000000000 ) ;
#1708 = VERTEX_POINT ( 'NONE', #4241 ) ;
#1709 = LINE ( 'NONE', #3320, #2592 ) ;
#1710 = CARTESIAN_POINT ( 'NONE',  ( 0.6911441852410999953, 0.7584814157638680721, 1.853276219597065122 ) ) ;
#1711 =( GEOMETRIC_REPRESENTATION_CONTEXT ( 3 ) GLOBAL_UNCERTAINTY_ASSIGNED_CONTEXT ( ( #1768 ) ) GLOBAL_UNIT_ASSIGNED_CONTEXT ( ( #5139, #2345, #64 ) ) REPRESENTATION_CONTEXT ( 'NONE', 'WORKASPACE' ) );
#1712 = AXIS2_PLACEMENT_3D ( 'NONE', #196, #4566, #2659 ) ;
#1713 = ORIENTED_EDGE ( 'NONE', *, *, #1873, .T. ) ;
#1714 = EDGE_CURVE ( 'NONE', #2475, #3299, #3439, .T. ) ;
#1715 = DIRECTION ( 'NONE',  ( -0.000000000000000000, -1.000000000000000000, 0.000000000000000000 ) ) ;
#1716 = UNCERTAINTY_MEASURE_WITH_UNIT (LENGTH_MEASURE( 1.000000000000000082E-05 ), #3278, 'distance_accuracy_value', 'NONE');
#1717 = ORIENTED_EDGE ( 'NONE', *, *, #1609, .F. ) ;
#1718 = DIRECTION ( 'NONE',  ( 1.000000000000000000, -0.000000000000000000, 0.000000000000000000 ) ) ;
#1719 = AXIS2_PLACEMENT_3D ( 'NONE', #4786, #2413, #4811 ) ;
#1720 = CARTESIAN_POINT ( 'NONE',  ( 1.332153903091734204, 0.1599999999999999756, -2.000000000000000000 ) ) ;
#1721 = CARTESIAN_POINT ( 'NONE',  ( 1.106066017177981031, 1.800000000000000044, 1.643933982822017636 ) ) ;
#1722 = EDGE_CURVE ( 'NONE', #4456, #2663, #3149, .T. ) ;
#1723 = DIRECTION ( 'NONE',  ( 1.000000000000000000, 0.000000000000000000, -3.614007241618332007E-16 ) ) ;
#1724 = CARTESIAN_POINT ( 'NONE',  ( 0.000000000000000000, 1.800000000000000044, 2.000000000000000000 ) ) ;
#1725 = EDGE_CURVE ( 'NONE', #4399, #4300, #1906, .T. ) ;
#1726 = CARTESIAN_POINT ( 'NONE',  ( -1.704656805937627473, 1.081518584236131675, 1.310106464618633781 ) ) ;
#1727 = EDGE_CURVE ( 'NONE', #3319, #3815, #2701, .T. ) ;
#1728 = ORIENTED_EDGE ( 'NONE', *, *, #3591, .T. ) ;
#1729 = CARTESIAN_POINT ( 'NONE',  ( 0.9000000000000000222, 0.03999999999999999389, -1.500000000000000000 ) ) ;
#1730 = CIRCLE ( 'NONE', #1135, 0.1499999999999999667 ) ;
#1731 = CARTESIAN_POINT ( 'NONE',  ( -1.375000000000000222, 1.370000000000000107, 1.374999999999997113 ) ) ;
#1732 = CARTESIAN_POINT ( 'NONE',  ( 2.000000000000000000, 0.01999999999999980960, 1.500000000000000000 ) ) ;
#1733 =( LENGTH_UNIT ( ) NAMED_UNIT ( * ) SI_UNIT ( .MILLI., .METRE. ) );
#1734 = VECTOR ( 'NONE', #4235, 1000.000000000000000 ) ;
#1735 = ORIENTED_EDGE ( 'NONE', *, *, #4275, .T. ) ;
#1736 = FACE_OUTER_BOUND ( 'NONE', #3940, .T. ) ;
#1737 = ORIENTED_EDGE ( 'NONE', *, *, #474, .F. ) ;
#1738 = AXIS2_PLACEMENT_3D ( 'NONE', #4617, #226, #916 ) ;
#1739 = CARTESIAN_POINT ( 'NONE',  ( 1.704633274187481673, 0.7584814157638680721, 0.7874999999999984235 ) ) ;
#1740 = ORIENTED_EDGE ( 'NONE', *, *, #3954, .F. ) ;
#1741 = EDGE_CURVE ( 'NONE', #1594, #2178, #1925, .T. ) ;
#1742 = STYLED_ITEM ( 'NONE', ( #4899 ), #3026 ) ;
#1743 = CARTESIAN_POINT ( 'NONE',  ( 1.104176805793149363, 1.369999999999999662, 1.645820198635415066 ) ) ;
#1744 = ORIENTED_EDGE ( 'NONE', *, *, #4255, .T. ) ;
#1745 = CARTESIAN_POINT ( 'NONE',  ( 1.214884381137065761, 0.4699999999999999734, -1.599997834909325123 ) ) ;
#1746 = CARTESIAN_POINT ( 'NONE',  ( 1.500000000000000000, 0.03999999999999999389, 1.599999999999999867 ) ) ;
#1747 = DIRECTION ( 'NONE',  ( 0.2588190451025172978, -0.9659258262890692004, 0.000000000000000000 ) ) ;
#1748 = EDGE_CURVE ( 'NONE', #3956, #2325, #4648, .T. ) ;
#1749 = ADVANCED_FACE ( 'NONE', ( #1856 ), #258, .F. ) ;
#1750 = PLANE ( 'NONE',  #448 ) ;
#1751 = CARTESIAN_POINT ( 'NONE',  ( 0.7939339828220172146, 1.370000000000000107, 1.956066017177982008 ) ) ;
#1752 = FACE_OUTER_BOUND ( 'NONE', #4156, .T. ) ;
#1753 = CARTESIAN_POINT ( 'NONE',  ( -1.172863264053002341, 1.369999999999999662, 1.600065442988455544 ) ) ;
#1754 = ORIENTED_EDGE ( 'NONE', *, *, #1808, .F. ) ;
#1755 = PLANE ( 'NONE',  #676 ) ;
#1756 = CARTESIAN_POINT ( 'NONE',  ( -1.313397459621555852, 0.08999999999999996891, 1.500000000000000000 ) ) ;
#1757 = ADVANCED_FACE ( 'NONE', ( #3927 ), #4315, .T. ) ;
#1758 = CIRCLE ( 'NONE', #2596, 0.2500000000000000000 ) ;
#1759 = ORIENTED_EDGE ( 'NONE', *, *, #757, .T. ) ;
#1760 = DIRECTION ( 'NONE',  ( 0.000000000000000000, -4.840188270024564298E-17, 1.000000000000000000 ) ) ;
#1761 = VERTEX_POINT ( 'NONE', #4677 ) ;
#1762 =( NAMED_UNIT ( * ) PLANE_ANGLE_UNIT ( ) SI_UNIT ( $, .RADIAN. ) );
#1763 = AXIS2_PLACEMENT_3D ( 'NONE', #468, #865, #4479 ) ;
#1764 = CARTESIAN_POINT ( 'NONE',  ( 1.704605893752888957, 0.7584814157638680721, 1.396418236177699335 ) ) ;
#1765 = VECTOR ( 'NONE', #4621, 1000.000000000000000 ) ;
#1766 = ORIENTED_EDGE ( 'NONE', *, *, #1790, .F. ) ;
#1767 = DIRECTION ( 'NONE',  ( 0.000000000000000000, 0.000000000000000000, 1.000000000000000000 ) ) ;
#1768 = UNCERTAINTY_MEASURE_WITH_UNIT (LENGTH_MEASURE( 1.000000000000000082E-05 ), #5139, 'distance_accuracy_value', 'NONE');
#1769 = ORIENTED_EDGE ( 'NONE', *, *, #2716, .F. ) ;
#1770 = PLANE ( 'NONE',  #3605 ) ;
#1771 = CARTESIAN_POINT ( 'NONE',  ( 1.137867965644034030, 0.03999999999999999389, -1.500000000000000000 ) ) ;
#1772 = CARTESIAN_POINT ( 'NONE',  ( 1.104176783855054245, 0.4699999999999999178, 1.645820220537044687 ) ) ;
#1773 = CLOSED_SHELL ( 'NONE', ( #176, #1294, #4915, #4016, #4103, #631, #2448, #23, #4501, #2235, #5039, #3656, #2273, #945, #356, #2502, #893, #4911, #1516, #3969, #375, #290, #4023, #4692, #434, #628, #1846, #3773, #2586, #2364, #4347, #3514, #2851, #305 ) ) ;
#1774 = CARTESIAN_POINT ( 'NONE',  ( -1.002022005725994980, 0.4700000000000000289, -1.747977994274003910 ) ) ;
#1775 = DIRECTION ( 'NONE',  ( -2.290449872037788939E-16, 1.000000000000000000, 0.000000000000000000 ) ) ;
#1776 = CIRCLE ( 'NONE', #3457, 0.1499999999999999667 ) ;
#1777 = CARTESIAN_POINT ( 'NONE',  ( 5.782411586589332001E-16, 0.03999999999999999389, 1.600000000000000089 ) ) ;
#1778 = CARTESIAN_POINT ( 'NONE',  ( -1.373743686707646461, 1.081518584236131675, 1.454633274187478564 ) ) ;
#1779 = VERTEX_POINT ( 'NONE', #3900 ) ;
#1780 = DIRECTION ( 'NONE',  ( 0.000000000000000000, 1.000000000000000000, -0.000000000000000000 ) ) ;
#1781 = CARTESIAN_POINT ( 'NONE',  ( -1.212132034355964061, 1.800000000000000044, -1.599999999999998535 ) ) ;
#1782 = EDGE_CURVE ( 'NONE', #1761, #1882, #4685, .T. ) ;
#1783 = VERTEX_POINT ( 'NONE', #1507 ) ;
#1784 = ORIENTED_EDGE ( 'NONE', *, *, #2530, .T. ) ;
#1785 = SURFACE_STYLE_FILL_AREA ( #4223 ) ;
#1786 = EDGE_CURVE ( 'NONE', #2601, #4142, #3122, .T. ) ;
#1787 = EDGE_CURVE ( 'NONE', #899, #2558, #3698, .T. ) ;
#1788 = CARTESIAN_POINT ( 'NONE',  ( 1.704633274187482117, 1.081518584236131675, -1.068750000000001643 ) ) ;
#1789 = ORIENTED_EDGE ( 'NONE', *, *, #158, .F. ) ;
#1790 = EDGE_CURVE ( 'NONE', #4313, #3755, #1092, .T. ) ;
#1791 = ORIENTED_EDGE ( 'NONE', *, *, #1994, .F. ) ;
#1792 = DIRECTION ( 'NONE',  ( 0.9659258262890692004, -0.2588190451025176309, 0.000000000000000000 ) ) ;
#1793 = AXIS2_PLACEMENT_3D ( 'NONE', #5124, #260, #3929 ) ;
#1794 = DIRECTION ( 'NONE',  ( -0.000000000000000000, -0.000000000000000000, 1.000000000000000000 ) ) ;
#1795 = CARTESIAN_POINT ( 'NONE',  ( -1.599999999999998757, 0.4699999999999999178, -1.599999999999998757 ) ) ;
#1796 = MECHANICAL_DESIGN_GEOMETRIC_PRESENTATION_REPRESENTATION (  '', ( #4225 ), #4146 ) ;
#1797 = DIRECTION ( 'NONE',  ( 0.000000000000000000, -1.000000000000000000, 0.000000000000000000 ) ) ;
#1798 = LINE ( 'NONE', #1848, #2066 ) ;
#1799 = CARTESIAN_POINT ( 'NONE',  ( 0.000000000000000000, 0.4700000000000001399, 0.000000000000000000 ) ) ;
#1800 = AXIS2_PLACEMENT_3D ( 'NONE', #4200, #3574, #777 ) ;
#1801 = CARTESIAN_POINT ( 'NONE',  ( -0.7951881966930859358, 1.081518584236131675, -1.749232208145078182 ) ) ;
#1802 = ORIENTED_EDGE ( 'NONE', *, *, #965, .F. ) ;
#1803 = EDGE_CURVE ( 'NONE', #3291, #4812, #72, .T. ) ;
#1804 = DIRECTION ( 'NONE',  ( -1.000000000000000000, 0.000000000000000000, 3.614007241618331514E-16 ) ) ;
#1805 = DIRECTION ( 'NONE',  ( -0.000000000000000000, -1.000000000000000000, 0.000000000000000000 ) ) ;
#1806 = EDGE_LOOP ( 'NONE', ( #3259, #5014, #1204, #4019, #4222, #1116, #2506, #4522, #1025, #5152, #3053, #2184, #1248, #1877, #4475, #3703, #4738, #573, #2677, #2555, #1866, #424, #3095, #3857, #3962, #28, #4095, #3368, #2249, #309 ) ) ;
#1807 = DIRECTION ( 'NONE',  ( 0.000000000000000000, 0.000000000000000000, -1.000000000000000000 ) ) ;
#1808 = EDGE_CURVE ( 'NONE', #1864, #3660, #4009, .T. ) ;
#1809 = AXIS2_PLACEMENT_3D ( 'NONE', #1213, #3694, #67 ) ;
#1810 = ORIENTED_EDGE ( 'NONE', *, *, #1978, .T. ) ;
#1811 = CARTESIAN_POINT ( 'NONE',  ( -0.6878679656440340739, 0.9200000000000000400, 1.850000000000000089 ) ) ;
#1812 = AXIS2_PLACEMENT_3D ( 'NONE', #172, #1444, #1845 ) ;
#1813 = CARTESIAN_POINT ( 'NONE',  ( 1.704633274187481451, 1.081518584236131675, 0.8999999999999902522 ) ) ;
#1814 = ORIENTED_EDGE ( 'NONE', *, *, #2205, .T. ) ;
#1815 = FILL_AREA_STYLE ('',( #2210 ) ) ;
#1816 = AXIS2_PLACEMENT_3D ( 'NONE', #5118, #2660, #1979 ) ;
#1817 = ORIENTED_EDGE ( 'NONE', *, *, #3611, .F. ) ;
#1818 = CARTESIAN_POINT ( 'NONE',  ( 1.136773554178063028, 0.4701982046105276924, -1.618950590135474155 ) ) ;
#1819 = ADVANCED_FACE ( 'NONE', ( #15 ), #4393, .F. ) ;
#1820 = VECTOR ( 'NONE', #1968, 1000.000000000000000 ) ;
#1821 = LINE ( 'NONE', #3428, #2820 ) ;
#1822 = LINE ( 'NONE', #5116, #3055 ) ;
#1823 = DIRECTION ( 'NONE',  ( 0.000000000000000000, 0.000000000000000000, -1.000000000000000000 ) ) ;
#1824 = CARTESIAN_POINT ( 'NONE',  ( 1.599999999999999867, 1.370000000000000107, 1.349999999999998312 ) ) ;
#1825 = CARTESIAN_POINT ( 'NONE',  ( -1.153835906860930294, 1.081518584236131675, -1.454762138729009724 ) ) ;
#1826 = ORIENTED_EDGE ( 'NONE', *, *, #4124, .T. ) ;
#1827 = CARTESIAN_POINT ( 'NONE',  ( 1.140903751178058201, 1.369639318956029861, -1.617895831607593093 ) ) ;
#1828 = CARTESIAN_POINT ( 'NONE',  ( 1.430000000000000160, 0.4700000000000001399, 1.600000000000000533 ) ) ;
#1829 = EDGE_CURVE ( 'NONE', #3807, #2547, #4059, .T. ) ;
#1830 = ORIENTED_EDGE ( 'NONE', *, *, #1803, .F. ) ;
#1831 = LINE ( 'NONE', #1044, #2796 ) ;
#1832 = DIRECTION ( 'NONE',  ( 1.000000000000000000, 0.000000000000000000, -1.008560160451631481E-16 ) ) ;
#1833 = LINE ( 'NONE', #2376, #4856 ) ;
#1834 = ORIENTED_EDGE ( 'NONE', *, *, #822, .F. ) ;
#1835 = DIRECTION ( 'NONE',  ( 1.008560160451631605E-16, 0.000000000000000000, 1.000000000000000000 ) ) ;
#1836 = VECTOR ( 'NONE', #210, 1000.000000000000000 ) ;
#1837 = CARTESIAN_POINT ( 'NONE',  ( 0.8992322081450676574, 1.081518584236131675, 1.645188196693096128 ) ) ;
#1838 = ORIENTED_EDGE ( 'NONE', *, *, #1400, .F. ) ;
#1839 = STYLED_ITEM ( 'NONE', ( #2207 ), #1259 ) ;
#1840 = LINE ( 'NONE', #214, #2477 ) ;
#1841 = ORIENTED_EDGE ( 'NONE', *, *, #4002, .F. ) ;
#1842 = DIRECTION ( 'NONE',  ( 1.000000000000000000, 0.000000000000000000, 1.008560160451631481E-16 ) ) ;
#1843 = VECTOR ( 'NONE', #2011, 1000.000000000000000 ) ;
#1844 = CARTESIAN_POINT ( 'NONE',  ( 1.979999999999999982, 0.01999999999999980960, -1.300000000000000044 ) ) ;
#1845 = DIRECTION ( 'NONE',  ( 0.000000000000000000, 0.000000000000000000, 1.000000000000000000 ) ) ;
#1846 = ADVANCED_FACE ( 'NONE', ( #3225 ), #4862, .F. ) ;
#1847 = FACE_OUTER_BOUND ( 'NONE', #315, .T. ) ;
#1848 = CARTESIAN_POINT ( 'NONE',  ( 1.137867965644034030, -2.606229536305276996E-16, 0.000000000000000000 ) ) ;
#1849 = CARTESIAN_POINT ( 'NONE',  ( -1.776776695296639064, 0.4700000000000000289, 1.526776695296635289 ) ) ;
#1850 = SURFACE_SIDE_STYLE ('',( #4236 ) ) ;
#1851 = VECTOR ( 'NONE', #4215, 1000.000000000000000 ) ;
#1852 = EDGE_CURVE ( 'NONE', #3676, #1779, #4769, .T. ) ;
#1853 = CARTESIAN_POINT ( 'NONE',  ( -1.850000000000000977, 1.369999999999999662, 1.237499999999995826 ) ) ;
#1854 = ORIENTED_EDGE ( 'NONE', *, *, #2781, .F. ) ;
#1855 = CARTESIAN_POINT ( 'NONE',  ( 1.599999999999998090, 1.800000000000000044, 1.599999999999999423 ) ) ;
#1856 = FACE_OUTER_BOUND ( 'NONE', #3761, .T. ) ;
#1857 = ORIENTED_EDGE ( 'NONE', *, *, #4972, .T. ) ;
#1858 = CARTESIAN_POINT ( 'NONE',  ( -0.8459559885480109065, 0.4700000000000000289, 1.904044011451991647 ) ) ;
#1859 = CARTESIAN_POINT ( 'NONE',  ( 2.000000000000000000, 0.03999999999999999389, -1.300000000000000044 ) ) ;
#1860 = PLANE ( 'NONE',  #4468 ) ;
#1861 = ORIENTED_EDGE ( 'NONE', *, *, #1558, .T. ) ;
#1862 =( NAMED_UNIT ( * ) SI_UNIT ( $, .STERADIAN. ) SOLID_ANGLE_UNIT ( ) );
#1863 = CARTESIAN_POINT ( 'NONE',  ( 1.850056224347224720, 1.369999999999999662, -1.293756470132899628 ) ) ;
#1864 = VERTEX_POINT ( 'NONE', #1958 ) ;
#1865 = DIRECTION ( 'NONE',  ( 1.000000000000000000, 0.000000000000000000, 0.000000000000000000 ) ) ;
#1866 = ORIENTED_EDGE ( 'NONE', *, *, #4533, .T. ) ;
#1867 = CARTESIAN_POINT ( 'NONE',  ( -1.157049069256312457, 1.369576721643802175, -1.610445437861964812 ) ) ;
#1868 = CARTESIAN_POINT ( 'NONE',  ( 1.430000000000000160, 0.4350000000000001643, 1.605000000000000426 ) ) ;
#1869 = DIRECTION ( 'NONE',  ( -0.7071067811865464625, 0.000000000000000000, -0.7071067811865486830 ) ) ;
#1870 = LINE ( 'NONE', #222, #3144 ) ;
#1871 = CARTESIAN_POINT ( 'NONE',  ( 1.375000000000001110, 0.03999999999999999389, 1.374999999999996669 ) ) ;
#1872 = CIRCLE ( 'NONE', #533, 0.02000000000000005246 ) ;
#1873 = EDGE_CURVE ( 'NONE', #4077, #3311, #2063, .T. ) ;
#1874 = FILL_AREA_STYLE_COLOUR ( '', #3078 ) ;
#1875 = CARTESIAN_POINT ( 'NONE',  ( -1.979999999999999982, -4.535090746634822090E-16, 1.300000000000000044 ) ) ;
#1876 = CARTESIAN_POINT ( 'NONE',  ( 0.6878679656440350731, 0.9200000000000001510, -1.893028554974587552 ) ) ;
#1877 = ORIENTED_EDGE ( 'NONE', *, *, #3427, .T. ) ;
#1878 = CARTESIAN_POINT ( 'NONE',  ( -0.6878679656440364054, 0.9200000000000000400, -2.893028554974587774 ) ) ;
#1879 = DIRECTION ( 'NONE',  ( 0.000000000000000000, 0.000000000000000000, -1.000000000000000000 ) ) ;
#1880 = AXIS2_PLACEMENT_3D ( 'NONE', #2927, #5184, #2103 ) ;
#1881 = EDGE_CURVE ( 'NONE', #4142, #978, #1219, .T. ) ;
#1882 = VERTEX_POINT ( 'NONE', #828 ) ;
#1883 = CARTESIAN_POINT ( 'NONE',  ( -1.850000000000001421, 0.4700000000000000289, 1.124999999999996891 ) ) ;
#1884 = LINE ( 'NONE', #5125, #1688 ) ;
#1885 = CARTESIAN_POINT ( 'NONE',  ( -1.500000000000000000, 0.03999999999999999389, -1.599999999999999423 ) ) ;
#1886 = ORIENTED_EDGE ( 'NONE', *, *, #523, .T. ) ;
#1887 = CARTESIAN_POINT ( 'NONE',  ( 1.332153903091734204, 0.1599999999999999756, 1.599999999999999867 ) ) ;
#1888 = CARTESIAN_POINT ( 'NONE',  ( 1.850000000000000311, 1.369999999999999662, -0.4499999999999296230 ) ) ;
#1889 = ORIENTED_EDGE ( 'NONE', *, *, #1143, .T. ) ;
#1890 = PRESENTATION_STYLE_ASSIGNMENT (( #3993 ) ) ;
#1891 = EDGE_LOOP ( 'NONE', ( #4375, #3147, #3599, #2337, #3678, #2501, #582, #877 ) ) ;
#1892 = LINE ( 'NONE', #1466, #497 ) ;
#1893 = EDGE_CURVE ( 'NONE', #2412, #1491, #2437, .T. ) ;
#1894 = CARTESIAN_POINT ( 'NONE',  ( 1.729926582365061360, 0.4700000000000000289, -1.573626808228212770 ) ) ;
#1895 = CARTESIAN_POINT ( 'NONE',  ( -1.172752600169771453, 1.369801795387493248, 1.604047581302531000 ) ) ;
#1896 = AXIS2_PLACEMENT_3D ( 'NONE', #1474, #1503, #3920 ) ;
#1897 = CARTESIAN_POINT ( 'NONE',  ( -1.370000000000000107, 0.08500000000000003386, 1.300000000000000044 ) ) ;
#1898 = DIRECTION ( 'NONE',  ( -1.000000000000000000, 0.000000000000000000, 0.000000000000000000 ) ) ;
#1899 = CIRCLE ( 'NONE', #4649, 1.000000000000000000 ) ;
#1900 = EDGE_CURVE ( 'NONE', #3963, #1319, #1164, .T. ) ;
#1901 = DIRECTION ( 'NONE',  ( 0.2588190451025171868, 0.9659258262890693114, -9.353739032692387931E-17 ) ) ;
#1902 = ADVANCED_FACE ( 'NONE', ( #5148 ), #3981, .F. ) ;
#1903 = LINE ( 'NONE', #4237, #2213 ) ;
#1904 = ORIENTED_EDGE ( 'NONE', *, *, #3960, .T. ) ;
#1905 = DIRECTION ( 'NONE',  ( 1.000000000000000000, 0.000000000000000000, -1.008560160451631481E-16 ) ) ;
#1906 = LINE ( 'NONE', #4290, #838 ) ;
#1907 = VERTEX_POINT ( 'NONE', #4833 ) ;
#1908 = CARTESIAN_POINT ( 'NONE',  ( -1.823626808228218765, 0.4700000000000000289, 1.479926582365062915 ) ) ;
#1909 = LINE ( 'NONE', #3521, #2281 ) ;
#1910 = EDGE_CURVE ( 'NONE', #1907, #3229, #583, .T. ) ;
#1911 = ORIENTED_EDGE ( 'NONE', *, *, #1714, .F. ) ;
#1912 = LINE ( 'NONE', #3523, #3776 ) ;
#1913 = B_SPLINE_CURVE_WITH_KNOTS ( 'NONE', 3,
 ( #1973, #2760, #367, #4354, #1102, #1495, #2734, #3084, #1867, #4329, #2367, #5160 ),
 .UNSPECIFIED., .F., .F.,
 ( 4, 2, 2, 2, 2, 4 ),
 ( 0.000000000000000000, 0.2499999999999997780, 0.3749999999999996669, 0.4374999999999996114, 0.4999999999999995559, 1.000000000000000000 ),
 .UNSPECIFIED. ) ;
#1914 = ADVANCED_FACE ( 'NONE', ( #4888 ), #489, .T. ) ;
#1915 = CARTESIAN_POINT ( 'NONE',  ( 1.470710678118646753, 1.369999999999999662, 1.599999999999991873 ) ) ;
#1916 = ORIENTED_EDGE ( 'NONE', *, *, #3874, .T. ) ;
#1917 = ORIENTED_EDGE ( 'NONE', *, *, #2064, .F. ) ;
#1918 = FACE_OUTER_BOUND ( 'NONE', #3573, .T. ) ;
#1919 = VECTOR ( 'NONE', #1574, 1000.000000000000000 ) ;
#1920 = CARTESIAN_POINT ( 'NONE',  ( 1.500000000000000000, 0.03999999999999999389, -1.300000000000000044 ) ) ;
#1921 = LINE ( 'NONE', #661, #2237 ) ;
#1922 = VECTOR ( 'NONE', #2837, 1000.000000000000000 ) ;
#1923 = DIRECTION ( 'NONE',  ( 0.000000000000000000, 0.000000000000000000, 1.000000000000000000 ) ) ;
#1924 = DIRECTION ( 'NONE',  ( 1.000000000000000000, -2.290449872037788939E-16, -0.000000000000000000 ) ) ;
#1925 = CIRCLE ( 'NONE', #3613, 0.1499999999999999667 ) ;
#1926 = DIRECTION ( 'NONE',  ( -0.000000000000000000, 1.000000000000000000, -0.000000000000000000 ) ) ;
#1927 = FILL_AREA_STYLE_COLOUR ( '', #5079 ) ;
#1928 = VECTOR ( 'NONE', #403, 1000.000000000000000 ) ;
#1929 = CARTESIAN_POINT ( 'NONE',  ( -1.850000000000000089, 1.369999999999999662, -0.7875000000000060840 ) ) ;
#1930 = ORIENTED_EDGE ( 'NONE', *, *, #4705, .T. ) ;
#1931 = DIRECTION ( 'NONE',  ( 0.000000000000000000, 1.000000000000000000, 0.000000000000000000 ) ) ;
#1932 = DIRECTION ( 'NONE',  ( 1.000000000000000000, 0.000000000000000000, 0.000000000000000000 ) ) ;
#1933 = EDGE_LOOP ( 'NONE', ( #4277, #2155, #4820, #5076 ) ) ;
#1934 = CARTESIAN_POINT ( 'NONE',  ( -1.849934580001412643, 0.4700000000000000289, 1.415442318608306271 ) ) ;
#1935 = ORIENTED_EDGE ( 'NONE', *, *, #2241, .T. ) ;
#1936 = AXIS2_PLACEMENT_3D ( 'NONE', #3224, #3175, #3619 ) ;
#1937 = DIRECTION ( 'NONE',  ( 0.000000000000000000, 0.000000000000000000, -1.000000000000000000 ) ) ;
#1938 = ORIENTED_EDGE ( 'NONE', *, *, #1648, .T. ) ;
#1939 = SURFACE_STYLE_USAGE ( .BOTH. , #1149 ) ;
#1940 = CIRCLE ( 'NONE', #2610, 1.000000000000000000 ) ;
#1941 = EDGE_CURVE ( 'NONE', #1112, #549, #1252, .T. ) ;
#1942 = CARTESIAN_POINT ( 'NONE',  ( 1.849999999999999423, 1.369999999999999662, 1.237500000000002487 ) ) ;
#1943 = EDGE_LOOP ( 'NONE', ( #1342, #1285, #895, #5183 ) ) ;
#1944 = VERTEX_POINT ( 'NONE', #886 ) ;
#1945 = CARTESIAN_POINT ( 'NONE',  ( 1.430000000000000160, 0.08499999999999995060, 1.580000000000000515 ) ) ;
#1946 = ADVANCED_FACE ( 'NONE', ( #1696 ), #3306, .T. ) ;
#1947 = CARTESIAN_POINT ( 'NONE',  ( -1.212132034355961840, 1.800000000000000044, 1.600000000000000533 ) ) ;
#1948 = EDGE_CURVE ( 'NONE', #4528, #2601, #4780, .T. ) ;
#1949 = CARTESIAN_POINT ( 'NONE',  ( -1.370000000000000107, 0.1049999999999999684, 1.580000000000000515 ) ) ;
#1950 = EDGE_CURVE ( 'NONE', #3229, #802, #1611, .T. ) ;
#1951 = DIRECTION ( 'NONE',  ( 0.000000000000000000, 0.000000000000000000, 1.000000000000000000 ) ) ;
#1952 = CARTESIAN_POINT ( 'NONE',  ( 1.849999999999999645, 1.369999999999999662, 0.7874999999999983125 ) ) ;
#1953 = DIRECTION ( 'NONE',  ( -0.7071067811865460184, 0.000000000000000000, 0.7071067811865490160 ) ) ;
#1954 = SURFACE_SIDE_STYLE ('',( #4779 ) ) ;
#1955 = VECTOR ( 'NONE', #402, 1000.000000000000000 ) ;
#1956 = DIRECTION ( 'NONE',  ( -0.000000000000000000, -1.000000000000000000, -0.000000000000000000 ) ) ;
#1957 = ORIENTED_EDGE ( 'NONE', *, *, #4787, .T. ) ;
#1958 = CARTESIAN_POINT ( 'NONE',  ( -1.850000000000000311, 1.370000000000000107, 1.349999999999996536 ) ) ;
#1959 = AXIS2_PLACEMENT_3D ( 'NONE', #4696, #4722, #296 ) ;
#1960 = VECTOR ( 'NONE', #487, 1000.000000000000000 ) ;
#1961 = ORIENTED_EDGE ( 'NONE', *, *, #2530, .F. ) ;
#1962 = CARTESIAN_POINT ( 'NONE',  ( -1.341421356237310514, 0.4700000000000000289, -1.599999999999998535 ) ) ;
#1963 = ORIENTED_EDGE ( 'NONE', *, *, #4506, .T. ) ;
#1964 = LINE ( 'NONE', #3155, #1628 ) ;
#1965 = AXIS2_PLACEMENT_3D ( 'NONE', #4232, #1083, #2295 ) ;
#1966 = ORIENTED_EDGE ( 'NONE', *, *, #146, .F. ) ;
#1967 = CARTESIAN_POINT ( 'NONE',  ( -0.6878679656440356283, 1.800000000000000044, -1.850000000000000089 ) ) ;
#1968 = DIRECTION ( 'NONE',  ( 0.7071067811865467956, 0.000000000000000000, 0.7071067811865483499 ) ) ;
#1969 = AXIS2_PLACEMENT_3D ( 'NONE', #806, #1249, #4476 ) ;
#1970 = EDGE_LOOP ( 'NONE', ( #1680, #4574, #5120, #1573, #731, #4126, #4954, #3285, #301 ) ) ;
#1971 = DIRECTION ( 'NONE',  ( 0.7071067811865485719, 0.000000000000000000, 0.7071067811865466846 ) ) ;
#1972 = ORIENTED_EDGE ( 'NONE', *, *, #5060, .T. ) ;
#1973 = CARTESIAN_POINT ( 'NONE',  ( -1.214884377932808457, 1.369999999999999885, -1.599997834909320682 ) ) ;
#1974 = CARTESIAN_POINT ( 'NONE',  ( 1.172863264053090937, 0.4700000000000000289, 1.600065442988454878 ) ) ;
#1975 = CARTESIAN_POINT ( 'NONE',  ( 1.212132034355963395, 1.800000000000000044, 1.599999999999999645 ) ) ;
#1976 = CARTESIAN_POINT ( 'NONE',  ( 0.000000000000000000, 1.800000000000000044, 0.000000000000000000 ) ) ;
#1977 = CARTESIAN_POINT ( 'NONE',  ( 0.6878679656440350731, 0.9200000000000000400, 2.893028554974587774 ) ) ;
#1978 = EDGE_CURVE ( 'NONE', #2070, #2804, #2267, .T. ) ;
#1979 = DIRECTION ( 'NONE',  ( -1.000000000000000000, 0.000000000000000000, -0.000000000000000000 ) ) ;
#1980 = VECTOR ( 'NONE', #1056, 1000.000000000000000 ) ;
#1981 = LINE ( 'NONE', #2771, #716 ) ;
#1982 = SURFACE_STYLE_FILL_AREA ( #2825 ) ;
#1983 = CARTESIAN_POINT ( 'NONE',  ( -1.430000000000000160, 0.08500000000000003386, 1.300000000000000044 ) ) ;
#1984 = CIRCLE ( 'NONE', #804, 0.1499999999999999667 ) ;
#1985 = CARTESIAN_POINT ( 'NONE',  ( -0.7939339828220178807, 1.800000000000000044, -1.956066017177982008 ) ) ;
#1986 = DIRECTION ( 'NONE',  ( -1.008560160451631605E-16, 0.000000000000000000, 1.000000000000000000 ) ) ;
#1987 = VECTOR ( 'NONE', #4587, 1000.000000000000000 ) ;
#1988 = ORIENTED_EDGE ( 'NONE', *, *, #5141, .F. ) ;
#1989 = CARTESIAN_POINT ( 'NONE',  ( -0.7939339828220178807, 0.4700000000000000289, -1.956066017177982008 ) ) ;
#1990 = ORIENTED_EDGE ( 'NONE', *, *, #1191, .F. ) ;
#1991 = PRESENTATION_STYLE_ASSIGNMENT (( #604 ) ) ;
#1992 = EDGE_LOOP ( 'NONE', ( #1701, #1194, #4795, #1093, #1387, #3701, #306, #3685 ) ) ;
#1993 = CARTESIAN_POINT ( 'NONE',  ( 1.370000000000000107, 0.4700000000000001399, 1.600000000000000533 ) ) ;
#1994 = EDGE_CURVE ( 'NONE', #4154, #682, #2945, .T. ) ;
#1995 = CARTESIAN_POINT ( 'NONE',  ( -1.156482317317867781E-15, 0.4700000000000001399, -1.599999999999999423 ) ) ;
#1996 = VERTEX_POINT ( 'NONE', #1433 ) ;
#1997 = ORIENTED_EDGE ( 'NONE', *, *, #2781, .T. ) ;
#1998 = CARTESIAN_POINT ( 'NONE',  ( 1.136773554225075644, 1.369801795394621324, 1.618950590110017629 ) ) ;
#1999 = EDGE_CURVE ( 'NONE', #1542, #2947, #285, .T. ) ;
#2000 = CARTESIAN_POINT ( 'NONE',  ( 0.8459559885480085750, 0.4700000000000000289, 1.904044011451994978 ) ) ;
#2001 = CYLINDRICAL_SURFACE ( 'NONE', #4986, 0.1499999999999999667 ) ;
#2002 = CYLINDRICAL_SURFACE ( 'NONE', #3564, 0.1499999999999999667 ) ;
#2003 = CYLINDRICAL_SURFACE ( 'NONE', #2195, 0.1499999999999999667 ) ;
#2004 = AXIS2_PLACEMENT_3D ( 'NONE', #216, #1345, #2212 ) ;
#2005 = PLANE ( 'NONE',  #378 ) ;
#2006 = CARTESIAN_POINT ( 'NONE',  ( -1.599999999999998535, 1.370000000000000107, 1.600000000000000755 ) ) ;
#2007 = FACE_OUTER_BOUND ( 'NONE', #3120, .T. ) ;
#2008 = CARTESIAN_POINT ( 'NONE',  ( 0.7939339828220174367, 1.370000000000000107, 1.956066017177982008 ) ) ;
#2009 = VERTEX_POINT ( 'NONE', #3046 ) ;
#2010 = DIRECTION ( 'NONE',  ( 0.000000000000000000, -1.000000000000000000, 0.000000000000000000 ) ) ;
#2011 = DIRECTION ( 'NONE',  ( -0.000000000000000000, 1.000000000000000000, -0.000000000000000000 ) ) ;
#2012 = VECTOR ( 'NONE', #3413, 1000.000000000000000 ) ;
#2013 = EDGE_CURVE ( 'NONE', #4346, #3299, #2406, .T. ) ;
#2014 = VERTEX_POINT ( 'NONE', #2008 ) ;
#2015 = CARTESIAN_POINT ( 'NONE',  ( -1.704633274187482783, 0.7584814157638680721, 0.4500000000000010103 ) ) ;
#2016 = VERTEX_POINT ( 'NONE', #3882 ) ;
#2017 = CARTESIAN_POINT ( 'NONE',  ( -1.850000000000000755, 1.369999999999999662, 0.4500000000000009548 ) ) ;
#2018 = VERTEX_POINT ( 'NONE', #1187 ) ;
#2019 = DIRECTION ( 'NONE',  ( 0.000000000000000000, -1.000000000000000000, 0.000000000000000000 ) ) ;
#2020 = CARTESIAN_POINT ( 'NONE',  ( 0.7939339828220171036, 1.369999999999999662, 1.956066017177981564 ) ) ;
#2021 = ORIENTED_EDGE ( 'NONE', *, *, #3966, .T. ) ;
#2022 = VERTEX_POINT ( 'NONE', #1885 ) ;
#2023 = DIRECTION ( 'NONE',  ( 2.891205793294679017E-15, 0.000000000000000000, 1.000000000000000000 ) ) ;
#2024 = VECTOR ( 'NONE', #398, 1000.000000000000000 ) ;
#2025 = CARTESIAN_POINT ( 'NONE',  ( 1.850000000000000977, 0.4700000000000000289, -1.237499999999988942 ) ) ;
#2026 = CARTESIAN_POINT ( 'NONE',  ( -1.212132034355961840, 1.800000000000000044, 1.750000000000000444 ) ) ;
#2027 = ORIENTED_EDGE ( 'NONE', *, *, #743, .F. ) ;
#2028 = FILL_AREA_STYLE ('',( #425 ) ) ;
#2029 = DIRECTION ( 'NONE',  ( -1.000000000000000000, 1.221214555709377446E-16, 0.000000000000000000 ) ) ;
#2030 = CARTESIAN_POINT ( 'NONE',  ( -1.156482317317867781E-15, 1.800000000000000044, -1.599999999999999423 ) ) ;
#2031 = CARTESIAN_POINT ( 'NONE',  ( 1.599999999999997868, 0.4699999999999999178, -1.600000000000000533 ) ) ;
#2032 = DIRECTION ( 'NONE',  ( 0.000000000000000000, 1.000000000000000000, 0.000000000000000000 ) ) ;
#2033 = LINE ( 'NONE', #2061, #1707 ) ;
#2034 = CARTESIAN_POINT ( 'NONE',  ( -1.106066017177982141, 1.369999999999999662, -1.643933982822016748 ) ) ;
#2035 = EDGE_CURVE ( 'NONE', #3038, #4729, #1833, .T. ) ;
#2036 = ORIENTED_EDGE ( 'NONE', *, *, #924, .F. ) ;
#2037 = CARTESIAN_POINT ( 'NONE',  ( -1.276776695296638842, 0.7584814157638680721, -1.454633274187479675 ) ) ;
#2038 = VERTEX_POINT ( 'NONE', #2826 ) ;
#2039 = ORIENTED_EDGE ( 'NONE', *, *, #2274, .T. ) ;
#2040 = CARTESIAN_POINT ( 'NONE',  ( -1.850000000000024958, 1.369999999999999662, 0.2250000000000215439 ) ) ;
#2041 = ORIENTED_EDGE ( 'NONE', *, *, #5012, .F. ) ;
#2042 = DIRECTION ( 'NONE',  ( 0.000000000000000000, 0.000000000000000000, 1.000000000000000000 ) ) ;
#2043 = PRESENTATION_LAYER_ASSIGNMENT (  '', '', ( #4712 ) ) ;
#2044 = EDGE_CURVE ( 'NONE', #2441, #3038, #3443, .T. ) ;
#2045 = CARTESIAN_POINT ( 'NONE',  ( -1.343256251955205816, 1.370000000000000107, -1.599999999999998535 ) ) ;
#2046 = CIRCLE ( 'NONE', #4061, 0.1499999999999999667 ) ;
#2047 = ORIENTED_EDGE ( 'NONE', *, *, #1590, .F. ) ;
#2048 =( LENGTH_UNIT ( ) NAMED_UNIT ( * ) SI_UNIT ( .MILLI., .METRE. ) );
#2049 = ORIENTED_EDGE ( 'NONE', *, *, #4210, .T. ) ;
#2050 = CARTESIAN_POINT ( 'NONE',  ( 1.157049069256384843, 1.369576721643780859, 1.610445437861933948 ) ) ;
#2051 = VECTOR ( 'NONE', #2071, 1000.000000000000000 ) ;
#2052 = CARTESIAN_POINT ( 'NONE',  ( 1.470710678118653414, 0.7584814157638680721, -1.454633274187488334 ) ) ;
#2053 = ORIENTED_EDGE ( 'NONE', *, *, #2059, .T. ) ;
#2054 = DIRECTION ( 'NONE',  ( -0.000000000000000000, 1.000000000000000000, -0.000000000000000000 ) ) ;
#2055 = ORIENTED_EDGE ( 'NONE', *, *, #4595, .T. ) ;
#2056 = DIRECTION ( 'NONE',  ( 0.000000000000000000, -1.000000000000000000, 0.000000000000000000 ) ) ;
#2057 = PLANE ( 'NONE',  #1809 ) ;
#2058 = PLANE ( 'NONE',  #4489 ) ;
#2059 = EDGE_CURVE ( 'NONE', #2638, #3038, #1006, .T. ) ;
#2060 = DIRECTION ( 'NONE',  ( 1.000000000000000000, 0.000000000000000000, 1.008560160451631481E-16 ) ) ;
#2061 = CARTESIAN_POINT ( 'NONE',  ( -1.467846096908265840, 0.1599999999999999756, -2.000000000000000000 ) ) ;
#2062 = LINE ( 'NONE', #4366, #11 ) ;
#2063 = LINE ( 'NONE', #3675, #4678 ) ;
#2064 = EDGE_CURVE ( 'NONE', #524, #2412, #1679, .T. ) ;
#2065 =( GEOMETRIC_REPRESENTATION_CONTEXT ( 3 ) GLOBAL_UNCERTAINTY_ASSIGNED_CONTEXT ( ( #4851 ) ) GLOBAL_UNIT_ASSIGNED_CONTEXT ( ( #2715, #1110, #717 ) ) REPRESENTATION_CONTEXT ( 'NONE', 'WORKASPACE' ) );
#2066 = VECTOR ( 'NONE', #5058, 1000.000000000000000 ) ;
#2067 = EDGE_LOOP ( 'NONE', ( #1624, #2230, #3663, #2759 ) ) ;
#2069 = TOROIDAL_SURFACE ( 'NONE', #2653, 1.043028554974587463, 1.000000000000000222 ) ;
#2068 = CARTESIAN_POINT ( 'NONE',  ( -0.6911441852410986630, 1.081518584236131675, 1.853276219597064900 ) ) ;
#2070 = VERTEX_POINT ( 'NONE', #2229 ) ;
#2071 = DIRECTION ( 'NONE',  ( 0.000000000000000000, 1.000000000000000000, 0.000000000000000000 ) ) ;
#2072 = EDGE_LOOP ( 'NONE', ( #2527, #4065, #1090, #3567 ) ) ;
#2073 = CARTESIAN_POINT ( 'NONE',  ( -1.214884406352906732, 0.4699999999999999734, -1.599997834888271075 ) ) ;
#2074 = VECTOR ( 'NONE', #53, 1000.000000000000000 ) ;
#2075 = FACE_OUTER_BOUND ( 'NONE', #3478, .T. ) ;
#2076 = ORIENTED_EDGE ( 'NONE', *, *, #1727, .F. ) ;
#2077 = EDGE_CURVE ( 'NONE', #4812, #4689, #3832, .T. ) ;
#2078 = EDGE_LOOP ( 'NONE', ( #256, #1826, #189, #3336, #4869, #4199, #1686, #4783, #3503, #2424, #3043, #1192, #733, #1465, #3392, #3489, #3786, #3736, #5098, #1935 ) ) ;
#2079 = LINE ( 'NONE', #3661, #321 ) ;
#2080 = EDGE_CURVE ( 'NONE', #3982, #4792, #2758, .T. ) ;
#2081 = CARTESIAN_POINT ( 'NONE',  ( 1.704633274187482561, 0.7584814157638680721, -1.237499999999989164 ) ) ;
#2082 = ORIENTED_EDGE ( 'NONE', *, *, #1174, .T. ) ;
#2083 = CARTESIAN_POINT ( 'NONE',  ( -1.104176783855062238, 0.4699999999999999734, -1.645820220537037359 ) ) ;
#2084 = VERTEX_POINT ( 'NONE', #678 ) ;
#2085 = CARTESIAN_POINT ( 'NONE',  ( -1.600000000000000311, 0.4699999999999999178, -1.349999999999998535 ) ) ;
#2086 = DIRECTION ( 'NONE',  ( -1.000000000000000000, 0.000000000000000000, 0.000000000000000000 ) ) ;
#2087 = DIRECTION ( 'NONE',  ( 0.000000000000000000, 0.000000000000000000, -1.000000000000000000 ) ) ;
#2088 = LINE ( 'NONE', #3406, #3391 ) ;
#2089 = DIRECTION ( 'NONE',  ( 0.000000000000000000, 0.000000000000000000, 1.000000000000000000 ) ) ;
#2090 =( NAMED_UNIT ( * ) SI_UNIT ( $, .STERADIAN. ) SOLID_ANGLE_UNIT ( ) );
#2091 = DIRECTION ( 'NONE',  ( 0.000000000000000000, 1.000000000000000000, -0.000000000000000000 ) ) ;
#2092 = AXIS2_PLACEMENT_3D ( 'NONE', #787, #2870, #3240 ) ;
#2093 = VECTOR ( 'NONE', #729, 1000.000000000000000 ) ;
#2094 = ORIENTED_EDGE ( 'NONE', *, *, #2513, .F. ) ;
#2095 = CARTESIAN_POINT ( 'NONE',  ( -1.704633274187482783, 0.7584814157638680721, 1.068749999999982991 ) ) ;
#2096 = EDGE_LOOP ( 'NONE', ( #4918, #1861, #4174, #2363 ) ) ;
#2097 = FACE_OUTER_BOUND ( 'NONE', #575, .T. ) ;
#2098 = ORIENTED_EDGE ( 'NONE', *, *, #276, .T. ) ;
#2099 = DIRECTION ( 'NONE',  ( 0.000000000000000000, 0.000000000000000000, -1.000000000000000000 ) ) ;
#2100 = AXIS2_PLACEMENT_3D ( 'NONE', #3282, #1613, #1589 ) ;
#2101 = CARTESIAN_POINT ( 'NONE',  ( 1.370000000000000107, 0.1049999999999999684, 1.580000000000000515 ) ) ;
#2102 = ORIENTED_EDGE ( 'NONE', *, *, #3432, .T. ) ;
#2103 = DIRECTION ( 'NONE',  ( 1.000000000000000000, 0.000000000000000000, 0.000000000000000000 ) ) ;
#2104 = ORIENTED_EDGE ( 'NONE', *, *, #1169, .T. ) ;
#2105 = CARTESIAN_POINT ( 'NONE',  ( 1.106066017177981031, 1.369999999999999662, 1.643933982822017414 ) ) ;
#2106 = EDGE_CURVE ( 'NONE', #4557, #2412, #2647, .T. ) ;
#2107 = CLOSED_SHELL ( 'NONE', ( #2954, #4297, #2718, #5173, #2522, #1577, #4808, #2540, #3295, #1946, #1819, #4814, #595, #1311, #627 ) ) ;
#2108 = CARTESIAN_POINT ( 'NONE',  ( 1.654378574867383156, 1.081518584236131675, 1.443595220564054316 ) ) ;
#2109 = VERTEX_POINT ( 'NONE', #2285 ) ;
#2110 = CARTESIAN_POINT ( 'NONE',  ( 1.106066017177981031, 1.369999999999999662, 1.643933982822017414 ) ) ;
#2111 = ORIENTED_EDGE ( 'NONE', *, *, #4471, .F. ) ;
#2112 = CARTESIAN_POINT ( 'NONE',  ( -1.652916512459881471, 1.357102355330313426, 1.600000000000000755 ) ) ;
#2113 = ADVANCED_FACE ( 'NONE', ( #262 ), #1860, .F. ) ;
#2114 = VECTOR ( 'NONE', #1931, 1000.000000000000000 ) ;
#2115 = EDGE_CURVE ( 'NONE', #1491, #4729, #2712, .T. ) ;
#2116 = DIRECTION ( 'NONE',  ( -0.000000000000000000, -1.000000000000000000, 0.000000000000000000 ) ) ;
#2117 = CARTESIAN_POINT ( 'NONE',  ( 1.370000000000000107, 0.04499999999999997058, 1.580000000000000515 ) ) ;
#2118 = VECTOR ( 'NONE', #4464, 1000.000000000000000 ) ;
#2119 = DIRECTION ( 'NONE',  ( -0.000000000000000000, 1.000000000000000000, -0.000000000000000000 ) ) ;
#2120 = DIRECTION ( 'NONE',  ( 1.000000000000000000, 0.000000000000000000, 1.008560160451631605E-16 ) ) ;
#2121 = EDGE_LOOP ( 'NONE', ( #2785, #826, #598, #136 ) ) ;
#2122 = CARTESIAN_POINT ( 'NONE',  ( -0.9760110028629926937, 1.369999999999999662, 1.773988997137002421 ) ) ;
#2123 = VERTEX_POINT ( 'NONE', #1301 ) ;
#2124 = CARTESIAN_POINT ( 'NONE',  ( -1.850000000000000755, 1.369999999999999662, 1.068749999999982547 ) ) ;
#2125 = CARTESIAN_POINT ( 'NONE',  ( -0.7939339828220179918, 1.800000000000000044, -1.956066017177982008 ) ) ;
#2126 = DIRECTION ( 'NONE',  ( 0.000000000000000000, 0.000000000000000000, 1.000000000000000000 ) ) ;
#2127 = CARTESIAN_POINT ( 'NONE',  ( -1.343256251955555314, 0.4700000000000001399, 1.600000000000000533 ) ) ;
#2128 = EDGE_LOOP ( 'NONE', ( #3470, #104, #4500, #1886 ) ) ;
#2129 = FACE_OUTER_BOUND ( 'NONE', #5047, .T. ) ;
#2130 = VECTOR ( 'NONE', #3330, 1000.000000000000000 ) ;
#2131 = STYLED_ITEM ( 'NONE', ( #4682 ), #2113 ) ;
#2132 = ORIENTED_EDGE ( 'NONE', *, *, #1438, .T. ) ;
#2133 = CARTESIAN_POINT ( 'NONE',  ( 1.153835906860930516, 1.081518584236131675, -1.454762138729002618 ) ) ;
#2134 = CIRCLE ( 'NONE', #2554, 0.2499999999999997780 ) ;
#2135 = ORIENTED_EDGE ( 'NONE', *, *, #276, .F. ) ;
#2136 = DIRECTION ( 'NONE',  ( 0.000000000000000000, 0.000000000000000000, 1.000000000000000000 ) ) ;
#2137 = UNCERTAINTY_MEASURE_WITH_UNIT (LENGTH_MEASURE( 1.000000000000000082E-05 ), #2524, 'distance_accuracy_value', 'NONE');
#2138 = ORIENTED_EDGE ( 'NONE', *, *, #1910, .F. ) ;
#2139 = DIRECTION ( 'NONE',  ( -1.000000000000000000, 0.000000000000000000, 6.938893903907234689E-15 ) ) ;
#2140 = SURFACE_STYLE_FILL_AREA ( #2561 ) ;
#2141 = DIRECTION ( 'NONE',  ( -1.000000000000000000, -0.000000000000000000, -1.008560160451631481E-16 ) ) ;
#2142 = EDGE_CURVE ( 'NONE', #268, #1226, #2033, .T. ) ;
#2143 = CARTESIAN_POINT ( 'NONE',  ( -1.430000000000000160, 0.08500000000000003386, 1.300000000000000044 ) ) ;
#2144 = CYLINDRICAL_SURFACE ( 'NONE', #2626, 0.02000000000000005246 ) ;
#2145 =( BOUNDED_SURFACE ( )  B_SPLINE_SURFACE ( 3, 3, ( 
 ( #3554, #5136, #1468, #3915, #1549, #1155, #3086, #2762, #1079, #1104, #4280, #686, #3892, #293, #2707, #3136, #1894, #3507, #4718, #898, #2025, #2422, #4024, #4076, #3582, #844, #4407, #4, #85, #5162, #1234, #1683, #2816, #2394, #2872, #1287, #1575, #3296, #2452, #3997, #447, #3967, #789, #1629, #4875, #1974, #2478, #61, #394, #2902, #1263, #872, #2000, #30 ),
 ( #4485, #4797, #478, #4048, #1654, #4433, #1604, #1209, #818, #3633, #2843, #370, #4460, #2052, #4380, #3662, #3188, #3215, #4772, #3267, #2081, #3606, #1181, #2790, #3687, #4847, #422, #3241, #4823, #1739, #2208, #3321, #602, #2159, #578, #1764, #2553, #2600, #3346, #2529, #4581, #527, #4927, #4198, #4509, #1364, #1318, #4129, #1341, #551, #946, #4950, #2952, #1710 ),
 ( #2505, #4173, #3810, #4153, #4903, #3372, #4532, #2975, #2133, #3763, #164, #188, #4556, #974, #2930, #2580, #4104, #996, #211, #2183, #3788, #4606, #1788, #3394, #921, #3420, #4973, #1386, #3740, #141, #1813, #503, #3001, #4997, #3713, #1412, #3020, #2108, #113, #3448, #1049, #1462, #3860, #4224, #5049, #4633, #287, #4298, #655, #1837, #5024, #2288, #312, #3079 ),
 ( #4660, #1024, #1518, #3105, #1436, #5080, #3936, #265, #337, #2702, #5104, #3048, #2336, #629, #2729, #2310, #3158, #2234, #1074, #1863, #730, #2650, #4323, #681, #705, #1888, #2676, #1122, #3472, #4248, #3129, #2260, #4274, #1942, #3885, #1490, #3502, #4686, #1099, #3909, #1915, #3525, #4710, #239, #3548, #5129, #2623, #1544, #3836, #4791, #3961, #4018, #5182, #2020 ) ),
 .UNSPECIFIED., .F., .F., .F. ) 
 B_SPLINE_SURFACE_WITH_KNOTS ( ( 4, 4 ),
 ( 4, 2, 2, 2, 2, 2, 2, 2, 2, 2, 2, 2, 2, 2, 2, 2, 2, 2, 2, 2, 2, 2, 2, 2, 2, 2, 4 ),
 ( 0.000000000000000000, 1.000000000000000000 ),
 ( 0.5576228911346430284, 0.5734083442170772038, 0.5813010707582942915, 0.5891937972995113793, 0.5976196691003370365, 0.6045548473459514405, 0.6114900255915657334, 0.6253603820827944304, 0.6394035017508372665, 0.6534466214188802136, 0.6655157937415201452, 0.6775849660641601879, 0.7017233107094402733, 0.7500000000000002220, 0.7982766892905601708, 0.8224150339358401451, 0.8344842062584800768, 0.8465533785811201195, 0.8605964982491628446, 0.8746396179172055696, 0.8885099744084342666, 0.8954451526540485595, 0.9023803308996629635, 0.9108062027004885097, 0.9186989292417055974, 0.9265916557829227962, 0.9423771088653569716 ),
 .UNSPECIFIED. ) 
 GEOMETRIC_REPRESENTATION_ITEM ( )  RATIONAL_B_SPLINE_SURFACE ( (
 ( 1.000000000000000000, 1.000000000000000000, 1.000000000000000000, 1.000000000000000000, 1.000000000000000000, 1.000000000000000000, 1.000000000000000000, 1.000000000000000000, 1.000000000000000000, 1.000000000000000000, 1.000000000000000000, 1.000000000000000000, 1.000000000000000000, 1.000000000000000000, 1.000000000000000000, 1.000000000000000000, 1.000000000000000000, 1.000000000000000000, 1.000000000000000000, 1.000000000000000000, 1.000000000000000000, 1.000000000000000000, 1.000000000000000000, 1.000000000000000000, 1.000000000000000000, 1.000000000000000000, 1.000000000000000000, 1.000000000000000000, 1.000000000000000000, 1.000000000000000000, 1.000000000000000000, 1.000000000000000000, 1.000000000000000000, 1.000000000000000000, 1.000000000000000000, 1.000000000000000000, 1.000000000000000000, 1.000000000000000000, 1.000000000000000000, 1.000000000000000000, 1.000000000000000000, 1.000000000000000000, 1.000000000000000000, 1.000000000000000000, 1.000000000000000000, 1.000000000000000000, 1.000000000000000000, 1.000000000000000000, 1.000000000000000000, 1.000000000000000000, 1.000000000000000000, 1.000000000000000000, 1.000000000000000000, 1.000000000000000000),
 ( 0.9286857033163917752, 0.9286857033163917752, 0.9286857033163917752, 0.9286857033163917752, 0.9286857033163917752, 0.9286857033163917752, 0.9286857033163917752, 0.9286857033163917752, 0.9286857033163917752, 0.9286857033163917752, 0.9286857033163917752, 0.9286857033163917752, 0.9286857033163917752, 0.9286857033163917752, 0.9286857033163917752, 0.9286857033163917752, 0.9286857033163917752, 0.9286857033163917752, 0.9286857033163917752, 0.9286857033163917752, 0.9286857033163917752, 0.9286857033163917752, 0.9286857033163917752, 0.9286857033163917752, 0.9286857033163917752, 0.9286857033163917752, 0.9286857033163917752, 0.9286857033163917752, 0.9286857033163917752, 0.9286857033163917752, 0.9286857033163917752, 0.9286857033163917752, 0.9286857033163917752, 0.9286857033163917752, 0.9286857033163917752, 0.9286857033163917752, 0.9286857033163917752, 0.9286857033163917752, 0.9286857033163917752, 0.9286857033163917752, 0.9286857033163917752, 0.9286857033163917752, 0.9286857033163917752, 0.9286857033163917752, 0.9286857033163917752, 0.9286857033163917752, 0.9286857033163917752, 0.9286857033163917752, 0.9286857033163917752, 0.9286857033163917752, 0.9286857033163917752, 0.9286857033163917752, 0.9286857033163917752, 0.9286857033163917752),
 ( 0.9286857033163917752, 0.9286857033163917752, 0.9286857033163917752, 0.9286857033163917752, 0.9286857033163917752, 0.9286857033163917752, 0.9286857033163917752, 0.9286857033163917752, 0.9286857033163917752, 0.9286857033163917752, 0.9286857033163917752, 0.9286857033163917752, 0.9286857033163917752, 0.9286857033163917752, 0.9286857033163917752, 0.9286857033163917752, 0.9286857033163917752, 0.9286857033163917752, 0.9286857033163917752, 0.9286857033163917752, 0.9286857033163917752, 0.9286857033163917752, 0.9286857033163917752, 0.9286857033163917752, 0.9286857033163917752, 0.9286857033163917752, 0.9286857033163917752, 0.9286857033163917752, 0.9286857033163917752, 0.9286857033163917752, 0.9286857033163917752, 0.9286857033163917752, 0.9286857033163917752, 0.9286857033163917752, 0.9286857033163917752, 0.9286857033163917752, 0.9286857033163917752, 0.9286857033163917752, 0.9286857033163917752, 0.9286857033163917752, 0.9286857033163917752, 0.9286857033163917752, 0.9286857033163917752, 0.9286857033163917752, 0.9286857033163917752, 0.9286857033163917752, 0.9286857033163917752, 0.9286857033163917752, 0.9286857033163917752, 0.9286857033163917752, 0.9286857033163917752, 0.9286857033163917752, 0.9286857033163917752, 0.9286857033163917752),
 ( 1.000000000000000000, 1.000000000000000000, 1.000000000000000000, 1.000000000000000000, 1.000000000000000000, 1.000000000000000000, 1.000000000000000000, 1.000000000000000000, 1.000000000000000000, 1.000000000000000000, 1.000000000000000000, 1.000000000000000000, 1.000000000000000000, 1.000000000000000000, 1.000000000000000000, 1.000000000000000000, 1.000000000000000000, 1.000000000000000000, 1.000000000000000000, 1.000000000000000000, 1.000000000000000000, 1.000000000000000000, 1.000000000000000000, 1.000000000000000000, 1.000000000000000000, 1.000000000000000000, 1.000000000000000000, 1.000000000000000000, 1.000000000000000000, 1.000000000000000000, 1.000000000000000000, 1.000000000000000000, 1.000000000000000000, 1.000000000000000000, 1.000000000000000000, 1.000000000000000000, 1.000000000000000000, 1.000000000000000000, 1.000000000000000000, 1.000000000000000000, 1.000000000000000000, 1.000000000000000000, 1.000000000000000000, 1.000000000000000000, 1.000000000000000000, 1.000000000000000000, 1.000000000000000000, 1.000000000000000000, 1.000000000000000000, 1.000000000000000000, 1.000000000000000000, 1.000000000000000000, 1.000000000000000000, 1.000000000000000000) ) ) 
 REPRESENTATION_ITEM ( '' )  SURFACE ( )  );
#2146 = CARTESIAN_POINT ( 'NONE',  ( -1.471628135450989472, 1.370000000000000107, 1.600000000000000755 ) ) ;
#2147 = CARTESIAN_POINT ( 'NONE',  ( -1.654378574867378049, 1.081518584236131675, 1.443595220564047876 ) ) ;
#2148 = VERTEX_POINT ( 'NONE', #3672 ) ;
#2149 = VECTOR ( 'NONE', #219, 1000.000000000000000 ) ;
#2150 = ORIENTED_EDGE ( 'NONE', *, *, #4159, .T. ) ;
#2151 = FACE_OUTER_BOUND ( 'NONE', #420, .T. ) ;
#2152 = VECTOR ( 'NONE', #2589, 1000.000000000000000 ) ;
#2153 = EDGE_LOOP ( 'NONE', ( #2209, #1791, #4657, #2329, #4709, #3635 ) ) ;
#2154 = DIRECTION ( 'NONE',  ( -0.7071067811865469066, 0.000000000000000000, 0.7071067811865483499 ) ) ;
#2155 = ORIENTED_EDGE ( 'NONE', *, *, #2191, .T. ) ;
#2156 = ADVANCED_FACE ( 'NONE', ( #854 ), #98, .T. ) ;
#2157 = ORIENTED_EDGE ( 'NONE', *, *, #45, .F. ) ;
#2158 = VECTOR ( 'NONE', #667, 1000.000000000000000 ) ;
#2159 = CARTESIAN_POINT ( 'NONE',  ( 1.704633274187481451, 0.7584814157638680721, 1.237500000000002265 ) ) ;
#2160 = EDGE_LOOP ( 'NONE', ( #2730, #4291, #4537, #2211, #2036, #4601 ) ) ;
#2161 =( GEOMETRIC_REPRESENTATION_CONTEXT ( 3 ) GLOBAL_UNCERTAINTY_ASSIGNED_CONTEXT ( ( #2875 ) ) GLOBAL_UNIT_ASSIGNED_CONTEXT ( ( #1733, #4871, #1449 ) ) REPRESENTATION_CONTEXT ( 'NONE', 'WORKASPACE' ) );
#2162 = CARTESIAN_POINT ( 'NONE',  ( -1.212132034355964061, 1.370000000000000107, -1.599999999999998535 ) ) ;
#2163 = EDGE_LOOP ( 'NONE', ( #4505, #4619, #1356, #1521, #864, #679, #384, #3883, #3047, #1022, #1413, #4148, #4819, #1759, #4397, #1802, #2027, #5123, #3004, #4109, #3208, #4012, #3184, #3546 ) ) ;
#2164 = EDGE_CURVE ( 'NONE', #2449, #2618, #513, .T. ) ;
#2165 = CARTESIAN_POINT ( 'NONE',  ( 1.175224027463284360, 0.4703101731735704338, -1.604399321699213843 ) ) ;
#2166 = CARTESIAN_POINT ( 'NONE',  ( -0.9000000000000000222, -6.123233995736772199E-17, -1.500000000000000000 ) ) ;
#2167 = LINE ( 'NONE', #4957, #220 ) ;
#2168 = CARTESIAN_POINT ( 'NONE',  ( 1.343256270902032590, 0.4700000000000001399, 1.599999999999999645 ) ) ;
#2169 = DIRECTION ( 'NONE',  ( 0.000000000000000000, 0.000000000000000000, -1.000000000000000000 ) ) ;
#2170 = LINE ( 'NONE', #2611, #3332 ) ;
#2171 = CARTESIAN_POINT ( 'NONE',  ( -1.704633274187481895, 1.081518584236131675, -0.4499999999999917955 ) ) ;
#2172 = CIRCLE ( 'NONE', #3098, 0.1499999999999999667 ) ;
#2173 = ORIENTED_EDGE ( 'NONE', *, *, #5089, .T. ) ;
#2174 = ORIENTED_EDGE ( 'NONE', *, *, #2652, .T. ) ;
#2175 = LINE ( 'NONE', #2521, #3190 ) ;
#2176 = EDGE_CURVE ( 'NONE', #2525, #622, #2911, .T. ) ;
#2177 =( GEOMETRIC_REPRESENTATION_CONTEXT ( 3 ) GLOBAL_UNCERTAINTY_ASSIGNED_CONTEXT ( ( #3767 ) ) GLOBAL_UNIT_ASSIGNED_CONTEXT ( ( #4579, #1762, #920 ) ) REPRESENTATION_CONTEXT ( 'NONE', 'WORKASPACE' ) );
#2178 = VERTEX_POINT ( 'NONE', #1751 ) ;
#2179 =( LENGTH_UNIT ( ) NAMED_UNIT ( * ) SI_UNIT ( .MILLI., .METRE. ) );
#2180 = ORIENTED_EDGE ( 'NONE', *, *, #1948, .F. ) ;
#2181 = LINE ( 'NONE', #4531, #1836 ) ;
#2182 = VECTOR ( 'NONE', #4216, 1000.000000000000000 ) ;
#2183 = CARTESIAN_POINT ( 'NONE',  ( 1.704656805937627029, 1.081518584236131675, -1.310106464618640887 ) ) ;
#2184 = ORIENTED_EDGE ( 'NONE', *, *, #858, .F. ) ;
#2185 = FACE_OUTER_BOUND ( 'NONE', #949, .T. ) ;
#2186 = EDGE_LOOP ( 'NONE', ( #758, #62, #4807, #4920, #2227, #707, #2138, #962, #2834 ) ) ;
#2187 =( NAMED_UNIT ( * ) SI_UNIT ( $, .STERADIAN. ) SOLID_ANGLE_UNIT ( ) );
#2188 = VECTOR ( 'NONE', #2594, 1000.000000000000000 ) ;
#2189 = LINE ( 'NONE', #3770, #724 ) ;
#2190 = LINE ( 'NONE', #1003, #3748 ) ;
#2191 = EDGE_CURVE ( 'NONE', #4456, #1652, #1349, .T. ) ;
#2192 = AXIS2_PLACEMENT_3D ( 'NONE', #2664, #2352, #4676 ) ;
#2193 = DIRECTION ( 'NONE',  ( 0.000000000000000000, 0.000000000000000000, -1.000000000000000000 ) ) ;
#2194 = DIRECTION ( 'NONE',  ( -0.000000000000000000, -1.000000000000000000, -0.000000000000000000 ) ) ;
#2195 = AXIS2_PLACEMENT_3D ( 'NONE', #3973, #3612, #1472 ) ;
#2196 = CARTESIAN_POINT ( 'NONE',  ( -1.500000000000000000, 0.03999999999999999389, -1.300000000000000044 ) ) ;
#2197 = EDGE_CURVE ( 'NONE', #2109, #3781, #1199, .T. ) ;
#2198 = CARTESIAN_POINT ( 'NONE',  ( -0.8732212052820754744, 1.081518584236131675, 1.671199199556085535 ) ) ;
#2199 = EDGE_LOOP ( 'NONE', ( #2386, #2047, #357, #1290 ) ) ;
#2200 = EDGE_CURVE ( 'NONE', #1944, #682, #537, .T. ) ;
#2201 = ORIENTED_EDGE ( 'NONE', *, *, #3590, .F. ) ;
#2202 = PLANE ( 'NONE',  #4352 ) ;
#2203 = ORIENTED_EDGE ( 'NONE', *, *, #251, .T. ) ;
#2204 = PLANE ( 'NONE',  #4217 ) ;
#2205 = EDGE_CURVE ( 'NONE', #4365, #3375, #825, .T. ) ;
#2206 = ORIENTED_EDGE ( 'NONE', *, *, #248, .T. ) ;
#2207 = PRESENTATION_STYLE_ASSIGNMENT (( #3445 ) ) ;
#2208 = CARTESIAN_POINT ( 'NONE',  ( 1.704633274187481673, 0.7584814157638680721, 0.8999999999999902522 ) ) ;
#2209 = ORIENTED_EDGE ( 'NONE', *, *, #2200, .T. ) ;
#2210 = FILL_AREA_STYLE_COLOUR ( '', #453 ) ;
#2211 = ORIENTED_EDGE ( 'NONE', *, *, #4214, .T. ) ;
#2212 = DIRECTION ( 'NONE',  ( 0.000000000000000000, 0.000000000000000000, 1.000000000000000000 ) ) ;
#2213 = VECTOR ( 'NONE', #3875, 1000.000000000000000 ) ;
#2214 = DIRECTION ( 'NONE',  ( -3.614007241618331514E-16, 0.000000000000000000, -1.000000000000000000 ) ) ;
#2215 = CARTESIAN_POINT ( 'NONE',  ( 1.370000000000000107, 0.1049999999999999684, 1.580000000000000515 ) ) ;
#2216 = CARTESIAN_POINT ( 'NONE',  ( 0.6878679656440350731, 1.800000000000000044, 2.000000000000000000 ) ) ;
#2217 = FACE_OUTER_BOUND ( 'NONE', #989, .T. ) ;
#2218 = ADVANCED_FACE ( 'NONE', ( #2434 ), #2144, .F. ) ;
#2219 = EDGE_LOOP ( 'NONE', ( #2603, #630, #2150, #3322 ) ) ;
#2220 = LINE ( 'NONE', #3777, #4646 ) ;
#2221 = DIRECTION ( 'NONE',  ( 0.000000000000000000, 0.000000000000000000, -1.000000000000000000 ) ) ;
#2222 = CARTESIAN_POINT ( 'NONE',  ( -1.704633274187481895, 1.081518584236131675, -1.068750000000004530 ) ) ;
#2223 = ORIENTED_EDGE ( 'NONE', *, *, #4340, .T. ) ;
#2224 = LINE ( 'NONE', #2125, #3027 ) ;
#2225 = FACE_OUTER_BOUND ( 'NONE', #2380, .T. ) ;
#2226 = EDGE_CURVE ( 'NONE', #1761, #4661, #1694, .T. ) ;
#2227 = ORIENTED_EDGE ( 'NONE', *, *, #4255, .F. ) ;
#2228 = DIRECTION ( 'NONE',  ( -0.2588190451025171868, -0.9659258262890693114, 1.870747806538481284E-16 ) ) ;
#2229 = CARTESIAN_POINT ( 'NONE',  ( -0.7939339828220161044, 1.370000000000000107, 1.956066017177982452 ) ) ;
#2230 = ORIENTED_EDGE ( 'NONE', *, *, #2617, .F. ) ;
#2231 = SURFACE_STYLE_FILL_AREA ( #970 ) ;
#2232 = AXIS2_PLACEMENT_3D ( 'NONE', #4910, #4884, #930 ) ;
#2233 = VECTOR ( 'NONE', #2509, 1000.000000000000000 ) ;
#2234 = CARTESIAN_POINT ( 'NONE',  ( 1.823626808228208995, 1.369999999999999662, -1.479926582365064247 ) ) ;
#2235 = ADVANCED_FACE ( 'NONE', ( #3722 ), #125, .F. ) ;
#2236 = ORIENTED_EDGE ( 'NONE', *, *, #971, .T. ) ;
#2237 = VECTOR ( 'NONE', #1576, 1000.000000000000000 ) ;
#2238 = ORIENTED_EDGE ( 'NONE', *, *, #3176, .F. ) ;
#2239 = CARTESIAN_POINT ( 'NONE',  ( 1.207701852913231066, 0.4700146517647658118, -1.600000000007770540 ) ) ;
#2240 = CARTESIAN_POINT ( 'NONE',  ( 1.600000000000000089, 1.369999999999999662, 1.599999999999998312 ) ) ;
#2241 = EDGE_CURVE ( 'NONE', #2672, #4353, #3308, .T. ) ;
#2242 = VECTOR ( 'NONE', #2736, 1000.000000000000000 ) ;
#2243 = DIRECTION ( 'NONE',  ( 0.000000000000000000, 0.000000000000000000, 1.000000000000000000 ) ) ;
#2244 = LINE ( 'NONE', #3843, #37 ) ;
#2245 = CARTESIAN_POINT ( 'NONE',  ( -1.137867965644034030, 0.02000000000000000042, -1.500000000000000000 ) ) ;
#2246 = CARTESIAN_POINT ( 'NONE',  ( 0.000000000000000000, 0.03999999999999999389, 2.000000000000000000 ) ) ;
#2247 = LINE ( 'NONE', #3846, #3999 ) ;
#2248 = CARTESIAN_POINT ( 'NONE',  ( -0.7939339828220176587, 1.369999999999999662, -1.956066017177981564 ) ) ;
#2249 = ORIENTED_EDGE ( 'NONE', *, *, #4432, .T. ) ;
#2250 = DIRECTION ( 'NONE',  ( -0.000000000000000000, -1.000000000000000000, 0.000000000000000000 ) ) ;
#2251 = DIRECTION ( 'NONE',  ( 0.000000000000000000, 0.000000000000000000, -1.000000000000000000 ) ) ;
#2252 = ORIENTED_EDGE ( 'NONE', *, *, #3475, .T. ) ;
#2253 = FACE_OUTER_BOUND ( 'NONE', #2219, .T. ) ;
#2254 = ORIENTED_EDGE ( 'NONE', *, *, #2562, .F. ) ;
#2255 = DIRECTION ( 'NONE',  ( 0.000000000000000000, 0.000000000000000000, -1.000000000000000000 ) ) ;
#2256 = CARTESIAN_POINT ( 'NONE',  ( -2.000000000000000000, 0.01999999999999980960, -1.300000000000000044 ) ) ;
#2257 = VERTEX_POINT ( 'NONE', #3646 ) ;
#2258 = DIRECTION ( 'NONE',  ( 0.000000000000000000, 1.000000000000000000, -0.000000000000000000 ) ) ;
#2259 = VECTOR ( 'NONE', #3401, 1000.000000000000000 ) ;
#2260 = CARTESIAN_POINT ( 'NONE',  ( 1.849999999999999645, 1.369999999999999662, 1.068750000000003419 ) ) ;
#2261 = VERTEX_POINT ( 'NONE', #4417 ) ;
#2262 = VECTOR ( 'NONE', #2470, 1000.000000000000000 ) ;
#2263 = CARTESIAN_POINT ( 'NONE',  ( 0.8459559885480085750, 0.4700000000000000289, 1.904044011451994978 ) ) ;
#2264 = ORIENTED_EDGE ( 'NONE', *, *, #2694, .F. ) ;
#2265 = CARTESIAN_POINT ( 'NONE',  ( -1.137867965644034030, 0.03999999999999999389, -1.500000000000000000 ) ) ;
#2266 = EDGE_CURVE ( 'NONE', #3676, #2016, #4033, .T. ) ;
#2267 = CIRCLE ( 'NONE', #1, 0.1499999999999999667 ) ;
#2268 = DIRECTION ( 'NONE',  ( -1.000000000000000000, 0.000000000000000000, 6.938893903907234689E-15 ) ) ;
#2269 = CARTESIAN_POINT ( 'NONE',  ( -1.135274709220686962, 1.369689826827590995, 1.620946871143911894 ) ) ;
#2270 = DIRECTION ( 'NONE',  ( 0.000000000000000000, -1.000000000000000000, 0.000000000000000000 ) ) ;
#2271 = CARTESIAN_POINT ( 'NONE',  ( 1.849999999999999867, 0.4700000000000001399, 0.4499999999999991229 ) ) ;
#2272 = VECTOR ( 'NONE', #4628, 1000.000000000000000 ) ;
#2273 = ADVANCED_FACE ( 'NONE', ( #3459 ), #3009, .T. ) ;
#2274 = EDGE_CURVE ( 'NONE', #4530, #2261, #984, .T. ) ;
#2275 = DIRECTION ( 'NONE',  ( 0.000000000000000000, 1.000000000000000000, 0.000000000000000000 ) ) ;
#2276 = VECTOR ( 'NONE', #1534, 1000.000000000000000 ) ;
#2277 = PLANE ( 'NONE',  #1288 ) ;
#2278 = ORIENTED_EDGE ( 'NONE', *, *, #1397, .F. ) ;
#2279 = DIRECTION ( 'NONE',  ( 0.7071067811865493491, 0.000000000000000000, -0.7071067811865459074 ) ) ;
#2280 = DIRECTION ( 'NONE',  ( 1.000000000000000000, -0.000000000000000000, 1.008560160451631481E-16 ) ) ;
#2281 = VECTOR ( 'NONE', #713, 1000.000000000000000 ) ;
#2282 = ORIENTED_EDGE ( 'NONE', *, *, #5174, .T. ) ;
#2283 = CARTESIAN_POINT ( 'NONE',  ( -1.665442318608268746, 0.4700000000000000289, 1.599934580001368678 ) ) ;
#2284 = CARTESIAN_POINT ( 'NONE',  ( 0.000000000000000000, 0.4700000000000001399, 0.000000000000000000 ) ) ;
#2285 = CARTESIAN_POINT ( 'NONE',  ( -0.7939339828220179918, 0.4699999999999999178, -1.956066017177982008 ) ) ;
#2286 = ORIENTED_EDGE ( 'NONE', *, *, #692, .F. ) ;
#2287 = CARTESIAN_POINT ( 'NONE',  ( 1.137867965644034252, -9.028112215551498607E-17, 1.500000000000000000 ) ) ;
#2288 = CARTESIAN_POINT ( 'NONE',  ( 0.7951881966930898216, 1.081518584236131675, 1.749232208145074186 ) ) ;
#2289 = VERTEX_POINT ( 'NONE', #565 ) ;
#2290 = DIRECTION ( 'NONE',  ( 1.000000000000000000, 0.000000000000000000, 0.000000000000000000 ) ) ;
#2291 = VERTEX_POINT ( 'NONE', #1375 ) ;
#2292 = LINE ( 'NONE', #4716, #1919 ) ;
#2293 = DIRECTION ( 'NONE',  ( 1.000000000000000000, 0.000000000000000000, 1.008560160451631605E-16 ) ) ;
#2294 = LINE ( 'NONE', #4719, #388 ) ;
#2295 = DIRECTION ( 'NONE',  ( -0.7071067811865466846, 0.000000000000000000, -0.7071067811865483499 ) ) ;
#2296 = FACE_OUTER_BOUND ( 'NONE', #3237, .T. ) ;
#2297 = AXIS2_PLACEMENT_3D ( 'NONE', #2330, #3880, #5042 ) ;
#2298 = PRESENTATION_STYLE_ASSIGNMENT (( #691 ) ) ;
#2299 = VECTOR ( 'NONE', #3838, 1000.000000000000000 ) ;
#2300 = EDGE_CURVE ( 'NONE', #2804, #1594, #2565, .T. ) ;
#2301 = CARTESIAN_POINT ( 'NONE',  ( -1.373743686707646683, 1.369999999999999662, -1.600000000000001643 ) ) ;
#2302 = ORIENTED_EDGE ( 'NONE', *, *, #4324, .T. ) ;
#2303 = LINE ( 'NONE', #5015, #3030 ) ;
#2304 = CARTESIAN_POINT ( 'NONE',  ( -1.776776695296638620, 1.369999999999999885, 1.526776695296635289 ) ) ;
#2305 = VERTEX_POINT ( 'NONE', #274 ) ;
#2306 = CARTESIAN_POINT ( 'NONE',  ( -0.7939339828220162154, 0.4700000000000000289, 1.956066017177982452 ) ) ;
#2307 = DIRECTION ( 'NONE',  ( 0.000000000000000000, 0.000000000000000000, 1.000000000000000000 ) ) ;
#2308 = ORIENTED_EDGE ( 'NONE', *, *, #3447, .F. ) ;
#2309 = PLANE ( 'NONE',  #4766 ) ;
#2310 = CARTESIAN_POINT ( 'NONE',  ( 1.665442318608306937, 1.369999999999999662, -1.599934580001375117 ) ) ;
#2311 = ORIENTED_EDGE ( 'NONE', *, *, #1786, .T. ) ;
#2312 = EDGE_CURVE ( 'NONE', #4762, #2441, #1037, .T. ) ;
#2313 =( NAMED_UNIT ( * ) SI_UNIT ( $, .STERADIAN. ) SOLID_ANGLE_UNIT ( ) );
#2314 = ORIENTED_EDGE ( 'NONE', *, *, #2331, .F. ) ;
#2315 = FACE_OUTER_BOUND ( 'NONE', #2199, .T. ) ;
#2316 = AXIS2_PLACEMENT_3D ( 'NONE', #3143, #324, #2744 ) ;
#2317 = DIRECTION ( 'NONE',  ( 1.008560160451631605E-16, 0.000000000000000000, -1.000000000000000000 ) ) ;
#2318 = CARTESIAN_POINT ( 'NONE',  ( 5.782411586589332001E-16, 1.800000000000000044, 1.600000000000000089 ) ) ;
#2319 = VECTOR ( 'NONE', #1901, 999.9999999999998863 ) ;
#2320 = LINE ( 'NONE', #249, #619 ) ;
#2321 = CARTESIAN_POINT ( 'NONE',  ( 1.430000000000000160, 0.4700000000000001399, 1.600000000000000533 ) ) ;
#2322 = STYLED_ITEM ( 'NONE', ( #607 ), #2713 ) ;
#2323 = CARTESIAN_POINT ( 'NONE',  ( -0.6878679656440356283, 0.03999999999999999389, -2.000000000000000000 ) ) ;
#2324 = CARTESIAN_POINT ( 'NONE',  ( -1.850000000000000089, 1.369999999999999662, -0.4499999999999917399 ) ) ;
#2325 = VERTEX_POINT ( 'NONE', #3061 ) ;
#2326 = PLANE ( 'NONE',  #3708 ) ;
#2327 = CARTESIAN_POINT ( 'NONE',  ( 0.6878679656440350731, 0.9200000000000000400, 1.850000000000000089 ) ) ;
#2328 = ADVANCED_FACE ( 'NONE', ( #1005 ), #3844, .T. ) ;
#2329 = ORIENTED_EDGE ( 'NONE', *, *, #781, .T. ) ;
#2330 = CARTESIAN_POINT ( 'NONE',  ( -1.979999999999999982, 0.01999999999999980960, 1.500000000000000000 ) ) ;
#2331 = EDGE_CURVE ( 'NONE', #2148, #1068, #3812, .T. ) ;
#2332 = FACE_OUTER_BOUND ( 'NONE', #3389, .T. ) ;
#2333 = EDGE_LOOP ( 'NONE', ( #1671, #1972, #2252, #1505 ) ) ;
#2334 = DIRECTION ( 'NONE',  ( 0.000000000000000000, 1.000000000000000000, -0.000000000000000000 ) ) ;
#2335 = EDGE_CURVE ( 'NONE', #3689, #530, #4207, .T. ) ;
#2336 = CARTESIAN_POINT ( 'NONE',  ( 1.373743686707636913, 1.369999999999999662, -1.599999999999996314 ) ) ;
#2337 = ORIENTED_EDGE ( 'NONE', *, *, #2035, .F. ) ;
#2338 = CARTESIAN_POINT ( 'NONE',  ( 1.486602540378444193, 0.08999999999999991340, 1.500000000000000000 ) ) ;
#2339 = VERTEX_POINT ( 'NONE', #174 ) ;
#2340 = DIRECTION ( 'NONE',  ( 0.000000000000000000, 1.000000000000000000, 0.000000000000000000 ) ) ;
#2341 = MECHANICAL_DESIGN_GEOMETRIC_PRESENTATION_REPRESENTATION (  '', ( #1334 ), #4929 ) ;
#2342 = DIRECTION ( 'NONE',  ( -0.000000000000000000, -0.000000000000000000, 1.000000000000000000 ) ) ;
#2343 = CARTESIAN_POINT ( 'NONE',  ( -1.823626808228308471, 1.369999999999999662, -1.479926582364839760 ) ) ;
#2344 = VECTOR ( 'NONE', #360, 1000.000000000000000 ) ;
#2345 =( NAMED_UNIT ( * ) PLANE_ANGLE_UNIT ( ) SI_UNIT ( $, .RADIAN. ) );
#2346 = CARTESIAN_POINT ( 'NONE',  ( 1.850000000000024070, 1.369999999999999662, -0.2249999999999889588 ) ) ;
#2347 = CIRCLE ( 'NONE', #3019, 0.1499999999999999667 ) ;
#2348 = CARTESIAN_POINT ( 'NONE',  ( -0.6878679656440340739, 1.800000000000000044, 1.850000000000000089 ) ) ;
#2349 = CARTESIAN_POINT ( 'NONE',  ( -0.9000000000000000222, -6.123233995736772199E-17, -1.500000000000000000 ) ) ;
#2350 = DIRECTION ( 'NONE',  ( 0.000000000000000000, 0.000000000000000000, -1.000000000000000000 ) ) ;
#2351 = ORIENTED_EDGE ( 'NONE', *, *, #2817, .T. ) ;
#2352 = DIRECTION ( 'NONE',  ( 0.000000000000000000, 1.000000000000000000, -0.000000000000000000 ) ) ;
#2353 = FILL_AREA_STYLE_COLOUR ( '', #1502 ) ;
#2354 = ORIENTED_EDGE ( 'NONE', *, *, #4972, .F. ) ;
#2355 = CARTESIAN_POINT ( 'NONE',  ( -1.244453428269221673, 0.4700000000000000289, 1.599946135094315824 ) ) ;
#2356 = AXIS2_PLACEMENT_3D ( 'NONE', #1665, #2010, #2774 ) ;
#2357 = EDGE_LOOP ( 'NONE', ( #5127, #2286, #1744, #1713 ) ) ;
#2358 = CARTESIAN_POINT ( 'NONE',  ( -1.300000000000000044, 0.03999999999999999389, 1.500000000000000000 ) ) ;
#2359 = ORIENTED_EDGE ( 'NONE', *, *, #1330, .T. ) ;
#2360 = CARTESIAN_POINT ( 'NONE',  ( 2.000000000000000000, 0.4700000000000001399, 1.350000000000000533 ) ) ;
#2361 = AXIS2_PLACEMENT_3D ( 'NONE', #4827, #4514, #1633 ) ;
#2362 = LINE ( 'NONE', #4349, #4087 ) ;
#2363 = ORIENTED_EDGE ( 'NONE', *, *, #2401, .F. ) ;
#2364 = ADVANCED_FACE ( 'NONE', ( #2217 ), #4640, .F. ) ;
#2365 = LINE ( 'NONE', #391, #368 ) ;
#2366 = VERTEX_POINT ( 'NONE', #4258 ) ;
#2367 = CARTESIAN_POINT ( 'NONE',  ( -1.120063807972371706, 1.369934529883118701, -1.629936192034983522 ) ) ;
#2368 = DIRECTION ( 'NONE',  ( 0.2588190451025172978, -0.9659258262890692004, 0.000000000000000000 ) ) ;
#2369 = DIRECTION ( 'NONE',  ( 1.000000000000000000, 0.000000000000000000, 0.000000000000000000 ) ) ;
#2370 = CARTESIAN_POINT ( 'NONE',  ( 1.850000000000000533, 1.369999999999999662, -1.125000000000004441 ) ) ;
#2371 = LINE ( 'NONE', #2743, #5066 ) ;
#2372 = PRESENTATION_STYLE_ASSIGNMENT (( #1136 ) ) ;
#2373 = AXIS2_PLACEMENT_3D ( 'NONE', #5087, #2658, #4307 ) ;
#2374 = SURFACE_SIDE_STYLE ('',( #1982 ) ) ;
#2375 = AXIS2_PLACEMENT_3D ( 'NONE', #1327, #431, #2937 ) ;
#2376 = CARTESIAN_POINT ( 'NONE',  ( -1.750000000000000000, 1.800000000000000044, -1.600000000000000311 ) ) ;
#2377 = ORIENTED_EDGE ( 'NONE', *, *, #2817, .F. ) ;
#2378 = FACE_OUTER_BOUND ( 'NONE', #3066, .T. ) ;
#2379 = PRESENTATION_LAYER_ASSIGNMENT (  '', '', ( #4225 ) ) ;
#2380 = EDGE_LOOP ( 'NONE', ( #2931, #3910, #1329, #2695 ) ) ;
#2381 = ORIENTED_EDGE ( 'NONE', *, *, #4608, .F. ) ;
#2382 = CARTESIAN_POINT ( 'NONE',  ( -1.341421356237309181, 0.7584814157638680721, 1.454633274187482117 ) ) ;
#2383 = EDGE_CURVE ( 'NONE', #1460, #2788, #4615, .T. ) ;
#2384 = ORIENTED_EDGE ( 'NONE', *, *, #3840, .T. ) ;
#2385 = CARTESIAN_POINT ( 'NONE',  ( -0.6878679656440356283, 1.800000000000000044, -2.000000000000000000 ) ) ;
#2386 = ORIENTED_EDGE ( 'NONE', *, *, #3808, .F. ) ;
#2387 = DIRECTION ( 'NONE',  ( -0.7071067811865486830, 0.000000000000000000, 0.7071067811865464625 ) ) ;
#2388 = DIRECTION ( 'NONE',  ( -0.2588190451025171868, -0.9659258262890693114, 1.870747806538481284E-16 ) ) ;
#2389 = ORIENTED_EDGE ( 'NONE', *, *, #4952, .F. ) ;
#2390 = CARTESIAN_POINT ( 'NONE',  ( 1.425400529837773211, 0.9200000000000000400, 2.587532564193736118 ) ) ;
#2391 = ORIENTED_EDGE ( 'NONE', *, *, #2300, .F. ) ;
#2392 = CARTESIAN_POINT ( 'NONE',  ( 1.160144950200376890, 1.369591159365357802, 1.609277656266296042 ) ) ;
#2393 = EDGE_CURVE ( 'NONE', #467, #4607, #3407, .T. ) ;
#2394 = CARTESIAN_POINT ( 'NONE',  ( 1.849999999999999867, 0.4700000000000000289, 1.237500000000002487 ) ) ;
#2395 = DIRECTION ( 'NONE',  ( -1.000000000000000000, 0.000000000000000000, 3.614007241618331514E-16 ) ) ;
#2396 = EDGE_CURVE ( 'NONE', #4836, #4020, #4541, .T. ) ;
#2397 = FACE_OUTER_BOUND ( 'NONE', #450, .T. ) ;
#2398 = UNCERTAINTY_MEASURE_WITH_UNIT (LENGTH_MEASURE( 1.000000000000000082E-05 ), #3593, 'distance_accuracy_value', 'NONE');
#2399 = VECTOR ( 'NONE', #246, 1000.000000000000000 ) ;
#2400 = CARTESIAN_POINT ( 'NONE',  ( 1.850056224347224720, 1.369999999999999662, -1.293756470132899628 ) ) ;
#2401 = EDGE_CURVE ( 'NONE', #4168, #622, #3431, .T. ) ;
#2402 = CYLINDRICAL_SURFACE ( 'NONE', #4982, 0.2499999999999997780 ) ;
#2403 = VECTOR ( 'NONE', #4139, 1000.000000000000000 ) ;
#2404 = LINE ( 'NONE', #3171, #2991 ) ;
#2405 = CYLINDRICAL_SURFACE ( 'NONE', #1447, 0.03499999999999987843 ) ;
#2406 = LINE ( 'NONE', #1983, #1928 ) ;
#2407 = AXIS2_PLACEMENT_3D ( 'NONE', #1649, #3683, #4071 ) ;
#2408 = DIRECTION ( 'NONE',  ( -0.000000000000000000, 0.000000000000000000, -1.000000000000000000 ) ) ;
#2409 = PRESENTATION_STYLE_ASSIGNMENT (( #2858 ) ) ;
#2410 = ORIENTED_EDGE ( 'NONE', *, *, #4721, .F. ) ;
#2411 = CARTESIAN_POINT ( 'NONE',  ( -1.704656805937645014, 0.7584814157638680721, -1.310106464618627342 ) ) ;
#2412 = VERTEX_POINT ( 'NONE', #1030 ) ;
#2413 = DIRECTION ( 'NONE',  ( 1.000000000000000000, 0.000000000000000000, -1.008560160451631481E-16 ) ) ;
#2414 = ORIENTED_EDGE ( 'NONE', *, *, #2106, .F. ) ;
#2415 = CARTESIAN_POINT ( 'NONE',  ( -1.147494429349514400, 0.4704012053331569354, -1.614610987203979331 ) ) ;
#2416 = PLANE ( 'NONE',  #2827 ) ;
#2417 = VERTEX_POINT ( 'NONE', #2588 ) ;
#2418 = APPLICATION_PROTOCOL_DEFINITION ( 'draft international standard', 'automotive_design', 1998, #3348 ) ;
#2419 = EDGE_LOOP ( 'NONE', ( #1228, #4404, #1966, #3864 ) ) ;
#2420 = CARTESIAN_POINT ( 'NONE',  ( 1.212132034355963395, 0.4700000000000001399, 1.749999999999999556 ) ) ;
#2421 = EDGE_CURVE ( 'NONE', #339, #978, #2634, .T. ) ;
#2422 = CARTESIAN_POINT ( 'NONE',  ( 1.850000000000000977, 0.4700000000000000289, -1.125000000000004441 ) ) ;
#2423 = DIRECTION ( 'NONE',  ( -1.000000000000000000, -0.000000000000000000, 1.008560160451631605E-16 ) ) ;
#2424 = ORIENTED_EDGE ( 'NONE', *, *, #952, .T. ) ;
#2425 = AXIS2_PLACEMENT_3D ( 'NONE', #5084, #4665, #5134 ) ;
#2426 = EDGE_CURVE ( 'NONE', #1068, #3982, #1188, .T. ) ;
#2427 = CARTESIAN_POINT ( 'NONE',  ( 1.212132034355962507, 1.800000000000000044, -1.750000000000000222 ) ) ;
#2428 = LINE ( 'NONE', #878, #4612 ) ;
#2429 = AXIS2_PLACEMENT_3D ( 'NONE', #1967, #2258, #4684 ) ;
#2430 = DIRECTION ( 'NONE',  ( 0.000000000000000000, 0.000000000000000000, 1.000000000000000000 ) ) ;
#2431 = CARTESIAN_POINT ( 'NONE',  ( -1.850000000000000311, 1.370000000000000107, 0.000000000000000000 ) ) ;
#2432 = EDGE_CURVE ( 'NONE', #1652, #3692, #1798, .T. ) ;
#2433 =( NAMED_UNIT ( * ) SI_UNIT ( $, .STERADIAN. ) SOLID_ANGLE_UNIT ( ) );
#2434 = FACE_OUTER_BOUND ( 'NONE', #364, .T. ) ;
#2435 = VECTOR ( 'NONE', #2251, 1000.000000000000000 ) ;
#2436 = SURFACE_STYLE_USAGE ( .BOTH. , #885 ) ;
#2437 = LINE ( 'NONE', #800, #505 ) ;
#2438 = AXIS2_PLACEMENT_3D ( 'NONE', #3097, #2280, #1879 ) ;
#2439 = VERTEX_POINT ( 'NONE', #2962 ) ;
#2440 = CARTESIAN_POINT ( 'NONE',  ( -1.704633274187482783, 0.7584814157638680721, 0.7874999999999969802 ) ) ;
#2441 = VERTEX_POINT ( 'NONE', #4181 ) ;
#2442 = CARTESIAN_POINT ( 'NONE',  ( -1.175224027463342313, 0.4703101731735584989, 1.604399321699193193 ) ) ;
#2443 = ORIENTED_EDGE ( 'NONE', *, *, #1080, .T. ) ;
#2444 = CARTESIAN_POINT ( 'NONE',  ( 1.750000000000000000, 0.4700000000000001399, -1.350000000000000533 ) ) ;
#2445 = CARTESIAN_POINT ( 'NONE',  ( 1.001385066578331928, 1.370000000000000107, -1.748614933421666962 ) ) ;
#2446 = CLOSED_SHELL ( 'NONE', ( #4036, #2616, #1579, #857, #4431, #1137, #4128, #238, #311, #4106, #2463, #1914, #4544, #3901, #1757 ) ) ;
#2447 = VERTEX_POINT ( 'NONE', #587 ) ;
#2448 = ADVANCED_FACE ( 'NONE', ( #1399 ), #2402, .T. ) ;
#2449 = VERTEX_POINT ( 'NONE', #399 ) ;
#2450 = CARTESIAN_POINT ( 'NONE',  ( -1.425400529837770103, 0.9200000000000000400, 2.587532564193737450 ) ) ;
#2451 = AXIS2_PLACEMENT_3D ( 'NONE', #2798, #71, #1163 ) ;
#2452 = CARTESIAN_POINT ( 'NONE',  ( 1.665442318608414407, 0.4700000000000000289, 1.599934580001380890 ) ) ;
#2453 = DIRECTION ( 'NONE',  ( 0.000000000000000000, 0.000000000000000000, -1.000000000000000000 ) ) ;
#2454 = ORIENTED_EDGE ( 'NONE', *, *, #751, .T. ) ;
#2455 = FACE_OUTER_BOUND ( 'NONE', #2333, .T. ) ;
#2456 = LINE ( 'NONE', #3326, #577 ) ;
#2457 = DIRECTION ( 'NONE',  ( 0.000000000000000000, 1.000000000000000000, -0.000000000000000000 ) ) ;
#2458 = CARTESIAN_POINT ( 'NONE',  ( 1.471628128114768952, 0.4700000000000001399, -1.600000000000000533 ) ) ;
#2459 = DIRECTION ( 'NONE',  ( -0.000000000000000000, 1.000000000000000000, -0.000000000000000000 ) ) ;
#2460 = CARTESIAN_POINT ( 'NONE',  ( 1.370000000000000107, 0.4700000000000001399, 1.600000000000000533 ) ) ;
#2461 = DIRECTION ( 'NONE',  ( 0.000000000000000000, 0.000000000000000000, 1.000000000000000000 ) ) ;
#2462 = CARTESIAN_POINT ( 'NONE',  ( -1.599999999999998535, 0.03899999999999997219, 1.600000000000000755 ) ) ;
#2463 = ADVANCED_FACE ( 'NONE', ( #484 ), #3719, .F. ) ;
#2464 = VERTEX_POINT ( 'NONE', #4004 ) ;
#2465 = CARTESIAN_POINT ( 'NONE',  ( -0.7431661909670902455, 0.7584814157638680721, -1.801254213871062770 ) ) ;
#2466 = EDGE_CURVE ( 'NONE', #1587, #1013, #221, .T. ) ;
#2467 = ORIENTED_EDGE ( 'NONE', *, *, #2499, .F. ) ;
#2468 = CARTESIAN_POINT ( 'NONE',  ( -2.000000000000000000, 1.800000000000000044, -1.350000000000000089 ) ) ;
#2469 = EDGE_LOOP ( 'NONE', ( #1817, #2354, #2956, #2076, #2949, #4755, #3984, #1810, #2921, #3131, #1279, #923, #1601, #1614, #4080, #3449, #3625, #770, #4701, #4838, #887, #3153, #1195, #4867, #462, #4715, #4368, #138, #263, #1854 ) ) ;
#2470 = DIRECTION ( 'NONE',  ( -0.000000000000000000, 0.000000000000000000, 1.000000000000000000 ) ) ;
#2471 = VECTOR ( 'NONE', #2587, 1000.000000000000000 ) ;
#2472 = LINE ( 'NONE', #4767, #1820 ) ;
#2473 = AXIS2_PLACEMENT_3D ( 'NONE', #4283, #1132, #1923 ) ;
#2474 = ORIENTED_EDGE ( 'NONE', *, *, #3809, .T. ) ;
#2475 = VERTEX_POINT ( 'NONE', #4465 ) ;
#2476 = DIRECTION ( 'NONE',  ( 2.891205793294679017E-15, 0.000000000000000000, 1.000000000000000000 ) ) ;
#2477 = VECTOR ( 'NONE', #358, 1000.000000000000000 ) ;
#2478 = CARTESIAN_POINT ( 'NONE',  ( 1.133879506128968595, 0.4700000000000000289, 1.616213044232874152 ) ) ;
#2479 = ORIENTED_EDGE ( 'NONE', *, *, #1727, .T. ) ;
#2480 = PLANE ( 'NONE',  #3227 ) ;
#2481 = ORIENTED_EDGE ( 'NONE', *, *, #369, .T. ) ;
#2482 = CARTESIAN_POINT ( 'NONE',  ( 1.370000000000000107, 0.04499999999999998446, 1.300000000000000044 ) ) ;
#2483 = DIRECTION ( 'NONE',  ( 0.000000000000000000, -1.000000000000000000, -0.000000000000000000 ) ) ;
#2484 = DIRECTION ( 'NONE',  ( 0.000000000000000000, 1.000000000000000000, -0.000000000000000000 ) ) ;
#2485 = FACE_OUTER_BOUND ( 'NONE', #47, .T. ) ;
#2486 = DIRECTION ( 'NONE',  ( -1.000000000000000000, 0.000000000000000000, -1.008560160451631605E-16 ) ) ;
#2487 = CARTESIAN_POINT ( 'NONE',  ( 1.750000000000000000, 1.800000000000000044, -1.350000000000000533 ) ) ;
#2488 = DIRECTION ( 'NONE',  ( -1.000000000000000000, 0.000000000000000000, -0.000000000000000000 ) ) ;
#2489 = VECTOR ( 'NONE', #1747, 1000.000000000000114 ) ;
#2490 = ORIENTED_EDGE ( 'NONE', *, *, #3500, .F. ) ;
#2492 = PRESENTATION_LAYER_ASSIGNMENT (  '', '', ( #4740 ) ) ;
#2491 = CARTESIAN_POINT ( 'NONE',  ( -0.9760110028629961354, 0.4700000000000000289, -1.773988997137003087 ) ) ;
#2493 = ORIENTED_EDGE ( 'NONE', *, *, #4480, .F. ) ;
#2494 = EDGE_CURVE ( 'NONE', #3291, #192, #1269, .T. ) ;
#2495 = CARTESIAN_POINT ( 'NONE',  ( -1.207701852910427531, 0.4700146517647911804, 1.600000000007753886 ) ) ;
#2496 = ORIENTED_EDGE ( 'NONE', *, *, #1994, .T. ) ;
#2497 = CARTESIAN_POINT ( 'NONE',  ( -0.7939339828220164375, 1.800000000000000044, 1.956066017177982452 ) ) ;
#2498 = COLOUR_RGB ( '',0.7294117647058823151, 0.3568627450980392246, 0.02352941176470588203 ) ;
#2499 = EDGE_CURVE ( 'NONE', #1322, #2464, #4053, .T. ) ;
#2500 = EDGE_CURVE ( 'NONE', #2475, #4201, #224, .T. ) ;
#2501 = ORIENTED_EDGE ( 'NONE', *, *, #1557, .T. ) ;
#2502 = ADVANCED_FACE ( 'NONE', ( #4387 ), #2057, .F. ) ;
#2503 = ORIENTED_EDGE ( 'NONE', *, *, #4632, .F. ) ;
#2504 = CARTESIAN_POINT ( 'NONE',  ( -1.156482317317867781E-15, 1.370000000000000107, -1.599999999999999423 ) ) ;
#2505 = CARTESIAN_POINT ( 'NONE',  ( 0.6911441852410996622, 1.081518584236131675, -1.853276219597064900 ) ) ;
#2506 = ORIENTED_EDGE ( 'NONE', *, *, #4442, .F. ) ;
#2507 = ORIENTED_EDGE ( 'NONE', *, *, #2652, .F. ) ;
#2508 = DIRECTION ( 'NONE',  ( 1.000000000000000000, 0.000000000000000000, 1.008560160451631605E-16 ) ) ;
#2509 = DIRECTION ( 'NONE',  ( -0.000000000000000000, 1.000000000000000000, 0.000000000000000000 ) ) ;
#2510 = CARTESIAN_POINT ( 'NONE',  ( 0.6878679656440350731, 0.9200000000000000400, 1.850000000000000089 ) ) ;
#2511 = CARTESIAN_POINT ( 'NONE',  ( -2.000000000000000000, 0.4700000000000001399, 0.000000000000000000 ) ) ;
#2512 =( NAMED_UNIT ( * ) SI_UNIT ( $, .STERADIAN. ) SOLID_ANGLE_UNIT ( ) );
#2513 = EDGE_CURVE ( 'NONE', #134, #4365, #4073, .T. ) ;
#2514 = CIRCLE ( 'NONE', #247, 1.000000000000000000 ) ;
#2515 = CIRCLE ( 'NONE', #4022, 1.000000000000000000 ) ;
#2516 = EDGE_LOOP ( 'NONE', ( #1728, #703, #2479, #1197, #1857, #1704, #1997, #3765, #4948, #482, #4448, #684, #747, #4250, #1032, #1367, #1533, #26, #494, #390, #4167, #2, #1456, #1344, #5133, #5053, #3913, #816 ) ) ;
#2517 = CARTESIAN_POINT ( 'NONE',  ( -1.704633274187506764, 1.081518584236131675, 0.2250000000000215994 ) ) ;
#2518 = ORIENTED_EDGE ( 'NONE', *, *, #3952, .T. ) ;
#2519 = CARTESIAN_POINT ( 'NONE',  ( -1.849999999999999867, 1.369999999999999662, -1.124999999999991784 ) ) ;
#2520 = FACE_OUTER_BOUND ( 'NONE', #1992, .T. ) ;
#2521 = CARTESIAN_POINT ( 'NONE',  ( -1.430000000000000160, 0.4350000000000001643, 1.640000000000000346 ) ) ;
#2522 = ADVANCED_FACE ( 'NONE', ( #880 ), #2005, .F. ) ;
#2523 = MECHANICAL_DESIGN_GEOMETRIC_PRESENTATION_REPRESENTATION (  '', ( #4435 ), #2856 ) ;
#2524 =( LENGTH_UNIT ( ) NAMED_UNIT ( * ) SI_UNIT ( .MILLI., .METRE. ) );
#2525 = VERTEX_POINT ( 'NONE', #2907 ) ;
#2526 =( NAMED_UNIT ( * ) PLANE_ANGLE_UNIT ( ) SI_UNIT ( $, .RADIAN. ) );
#2527 = ORIENTED_EDGE ( 'NONE', *, *, #1108, .T. ) ;
#2528 = CARTESIAN_POINT ( 'NONE',  ( -1.370000000000000107, 0.4700000000000001399, 1.600000000000000533 ) ) ;
#2529 = CARTESIAN_POINT ( 'NONE',  ( 1.554152816560752548, 0.7584814157638680721, 1.454660317778786682 ) ) ;
#2530 = EDGE_CURVE ( 'NONE', #4399, #3979, #4414, .T. ) ;
#2531 = VERTEX_POINT ( 'NONE', #4883 ) ;
#2532 = VERTEX_POINT ( 'NONE', #3614 ) ;
#2533 = DIRECTION ( 'NONE',  ( 1.000000000000000000, 0.000000000000000000, 0.000000000000000000 ) ) ;
#2534 = VECTOR ( 'NONE', #3831, 1000.000000000000000 ) ;
#2535 = DIRECTION ( 'NONE',  ( -0.000000000000000000, -1.000000000000000000, 0.000000000000000000 ) ) ;
#2536 = CARTESIAN_POINT ( 'NONE',  ( -1.430000000000000160, 0.08499999999999995060, 1.580000000000000515 ) ) ;
#2537 = CARTESIAN_POINT ( 'NONE',  ( 2.000000000000000000, 0.03999999999999999389, -1.350000000000000533 ) ) ;
#2538 = CARTESIAN_POINT ( 'NONE',  ( 5.782411586589332001E-16, 0.03999999999999999389, 1.600000000000000089 ) ) ;
#2539 = CARTESIAN_POINT ( 'NONE',  ( 0.6878679656440350731, 1.370000000000000107, 1.850000000000000089 ) ) ;
#2540 = ADVANCED_FACE ( 'NONE', ( #3248 ), #1298, .F. ) ;
#2541 = CARTESIAN_POINT ( 'NONE',  ( -0.8732212052820783610, 1.081518584236131675, -1.671199199556086201 ) ) ;
#2542 = VERTEX_POINT ( 'NONE', #510 ) ;
#2543 = CARTESIAN_POINT ( 'NONE',  ( -1.120063807947745183, 0.4700654701219805220, 1.629936192055720934 ) ) ;
#2544 = DIRECTION ( 'NONE',  ( 0.000000000000000000, 0.000000000000000000, 1.000000000000000000 ) ) ;
#2545 = CARTESIAN_POINT ( 'NONE',  ( -1.370000000000000107, 0.4700000000000000844, 1.605000000000000426 ) ) ;
#2546 = EDGE_CURVE ( 'NONE', #33, #2289, #294, .T. ) ;
#2547 = VERTEX_POINT ( 'NONE', #2822 ) ;
#2548 = FACE_OUTER_BOUND ( 'NONE', #4995, .T. ) ;
#2549 = CIRCLE ( 'NONE', #1536, 0.04302855497458741435 ) ;
#2550 =( GEOMETRIC_REPRESENTATION_CONTEXT ( 3 ) GLOBAL_UNCERTAINTY_ASSIGNED_CONTEXT ( ( #2398 ) ) GLOBAL_UNIT_ASSIGNED_CONTEXT ( ( #3593, #4057, #2512 ) ) REPRESENTATION_CONTEXT ( 'NONE', 'WORKASPACE' ) );
#2551 = ORIENTED_EDGE ( 'NONE', *, *, #3537, .F. ) ;
#2552 = DIRECTION ( 'NONE',  ( -7.589415207398531038E-16, 0.000000000000000000, -1.000000000000000000 ) ) ;
#2553 = CARTESIAN_POINT ( 'NONE',  ( 1.693595220564049653, 0.7584814157638680721, 1.404378574867373830 ) ) ;
#2554 = AXIS2_PLACEMENT_3D ( 'NONE', #89, #1685, #2955 ) ;
#2555 = ORIENTED_EDGE ( 'NONE', *, *, #4726, .F. ) ;
#2556 = CARTESIAN_POINT ( 'NONE',  ( 1.109198629397829983, 0.4700146517766346510, 1.640801370602168685 ) ) ;
#2557 = UNCERTAINTY_MEASURE_WITH_UNIT (LENGTH_MEASURE( 1.000000000000000082E-05 ), #4177, 'distance_accuracy_value', 'NONE');
#2558 = VERTEX_POINT ( 'NONE', #455 ) ;
#2559 = PRESENTATION_STYLE_ASSIGNMENT (( #4229 ) ) ;
#2560 = AXIS2_PLACEMENT_3D ( 'NONE', #341, #314, #2704 ) ;
#2561 = FILL_AREA_STYLE ('',( #980 ) ) ;
#2562 = EDGE_CURVE ( 'NONE', #2643, #4276, #823, .T. ) ;
#2563 = CARTESIAN_POINT ( 'NONE',  ( -1.471628135450968156, 0.4700000000000001399, -1.599999999999998312 ) ) ;
#2564 = CARTESIAN_POINT ( 'NONE',  ( 2.000000000000000000, 0.01999999999999980960, 1.300000000000000044 ) ) ;
#2565 = LINE ( 'NONE', #5031, #5040 ) ;
#2566 = EDGE_CURVE ( 'NONE', #4150, #1112, #427, .T. ) ;
#2567 = AXIS2_PLACEMENT_3D ( 'NONE', #4030, #3219, #4492 ) ;
#2568 = DIRECTION ( 'NONE',  ( -0.2588190451025171868, 0.9659258262890693114, 1.870747806538481284E-16 ) ) ;
#2569 = CARTESIAN_POINT ( 'NONE',  ( -1.153835906860902094, 1.081518584236131675, 1.454762138728999288 ) ) ;
#2570 = ORIENTED_EDGE ( 'NONE', *, *, #123, .T. ) ;
#2571 = VECTOR ( 'NONE', #2657, 1000.000000000000000 ) ;
#2572 = EDGE_LOOP ( 'NONE', ( #159, #3543, #2238, #4754 ) ) ;
#2573 = CYLINDRICAL_SURFACE ( 'NONE', #1088, 0.1499999999999999667 ) ;
#2574 = CIRCLE ( 'NONE', #59, 1.000000000000000000 ) ;
#2575 = VERTEX_POINT ( 'NONE', #4828 ) ;
#2576 = DIRECTION ( 'NONE',  ( -0.000000000000000000, -1.000000000000000000, -0.000000000000000000 ) ) ;
#2577 = ORIENTED_EDGE ( 'NONE', *, *, #197, .F. ) ;
#2578 = SURFACE_STYLE_USAGE ( .BOTH. , #3834 ) ;
#2579 = CIRCLE ( 'NONE', #4572, 0.1499999999999999667 ) ;
#2580 = CARTESIAN_POINT ( 'NONE',  ( 1.646418236177700889, 1.081518584236131675, -1.454605893752861201 ) ) ;
#2581 = ORIENTED_EDGE ( 'NONE', *, *, #2681, .T. ) ;
#2582 = DIRECTION ( 'NONE',  ( 0.000000000000000000, 0.000000000000000000, -1.000000000000000000 ) ) ;
#2583 = ORIENTED_EDGE ( 'NONE', *, *, #3201, .T. ) ;
#2584 = DIRECTION ( 'NONE',  ( 0.000000000000000000, -1.000000000000000000, 0.000000000000000000 ) ) ;
#2585 = CARTESIAN_POINT ( 'NONE',  ( -0.9000000000000000222, 0.03999999999999999389, 1.500000000000000000 ) ) ;
#2586 = ADVANCED_FACE ( 'NONE', ( #1241 ), #4440, .F. ) ;
#2587 = DIRECTION ( 'NONE',  ( 1.000000000000000000, -0.000000000000000000, 0.000000000000000000 ) ) ;
#2588 = CARTESIAN_POINT ( 'NONE',  ( -1.430000000000000160, 0.04499999999999998446, 1.300000000000000044 ) ) ;
#2589 = DIRECTION ( 'NONE',  ( 0.000000000000000000, -0.000000000000000000, -1.000000000000000000 ) ) ;
#2590 = EDGE_CURVE ( 'NONE', #1281, #4436, #2630, .T. ) ;
#2591 = CARTESIAN_POINT ( 'NONE',  ( -1.044588927656874500, 1.081518584236131675, -1.500013719163616033 ) ) ;
#2592 = VECTOR ( 'NONE', #29, 1000.000000000000000 ) ;
#2593 = EDGE_LOOP ( 'NONE', ( #117, #648, #4294, #1916 ) ) ;
#2594 = DIRECTION ( 'NONE',  ( -1.000000000000000000, -0.000000000000000000, 1.008560160451631605E-16 ) ) ;
#2595 = LINE ( 'NONE', #3015, #170 ) ;
#2596 = AXIS2_PLACEMENT_3D ( 'NONE', #3209, #4839, #4373 ) ;
#2597 = ORIENTED_EDGE ( 'NONE', *, *, #2853, .T. ) ;
#2598 = CYLINDRICAL_SURFACE ( 'NONE', #873, 0.1499999999999999667 ) ;
#2599 = ORIENTED_EDGE ( 'NONE', *, *, #4296, .T. ) ;
#2600 = CARTESIAN_POINT ( 'NONE',  ( 1.654378574867390483, 0.7584814157638680721, 1.443595220564061199 ) ) ;
#2601 = VERTEX_POINT ( 'NONE', #2166 ) ;
#2602 = CARTESIAN_POINT ( 'NONE',  ( 1.137867965644034252, 0.04000000000000010492, 1.300000000000000044 ) ) ;
#2603 = ORIENTED_EDGE ( 'NONE', *, *, #84, .F. ) ;
#2604 = FACE_OUTER_BOUND ( 'NONE', #1167, .T. ) ;
#2605 = SURFACE_STYLE_USAGE ( .BOTH. , #4157 ) ;
#2606 = CARTESIAN_POINT ( 'NONE',  ( -1.850000000000000311, 1.800000000000000044, -0.000000000000000000 ) ) ;
#2607 = AXIS2_PLACEMENT_3D ( 'NONE', #2487, #3568, #14 ) ;
#2608 = DIRECTION ( 'NONE',  ( 0.9659258262890693114, 0.2588190451025172423, 0.000000000000000000 ) ) ;
#2609 = DIRECTION ( 'NONE',  ( 0.000000000000000000, 0.000000000000000000, 1.000000000000000000 ) ) ;
#2610 = AXIS2_PLACEMENT_3D ( 'NONE', #4491, #2533, #452 ) ;
#2611 = CARTESIAN_POINT ( 'NONE',  ( 0.9595190528383371609, 2.057102355330304722, -1.600000000000000089 ) ) ;
#2612 = CARTESIAN_POINT ( 'NONE',  ( -1.704605893752898060, 1.081518584236131675, 1.396418236177708216 ) ) ;
#2613 = ORIENTED_EDGE ( 'NONE', *, *, #2176, .F. ) ;
#2614 = CARTESIAN_POINT ( 'NONE',  ( -0.7939339828220164375, 1.800000000000000044, 1.956066017177982452 ) ) ;
#2615 = CARTESIAN_POINT ( 'NONE',  ( -1.212132034355964061, 1.800000000000000044, -1.599999999999998535 ) ) ;
#2616 = ADVANCED_FACE ( 'NONE', ( #560 ), #3745, .F. ) ;
#2617 = EDGE_CURVE ( 'NONE', #5131, #1407, #2189, .T. ) ;
#2618 = VERTEX_POINT ( 'NONE', #4204 ) ;
#2619 = CARTESIAN_POINT ( 'NONE',  ( 1.665442318608150174, 1.370000000000000107, -1.599934580001485918 ) ) ;
#2620 = VERTEX_POINT ( 'NONE', #3426 ) ;
#2621 = DIRECTION ( 'NONE',  ( 0.000000000000000000, -0.000000000000000000, -1.000000000000000000 ) ) ;
#2622 = EDGE_CURVE ( 'NONE', #4201, #592, #1420, .T. ) ;
#2623 = CARTESIAN_POINT ( 'NONE',  ( 1.133879506128972148, 1.369999999999999662, 1.616213044232873708 ) ) ;
#2624 = CIRCLE ( 'NONE', #4140, 1.000000000000000222 ) ;
#2625 = ORIENTED_EDGE ( 'NONE', *, *, #4221, .F. ) ;
#2626 = AXIS2_PLACEMENT_3D ( 'NONE', #1274, #2883, #3331 ) ;
#2627 = LINE ( 'NONE', #4227, #3059 ) ;
#2628 = EDGE_LOOP ( 'NONE', ( #2779, #1153, #4852, #4044 ) ) ;
#2629 = COLOUR_RGB ( '',0.7294117647058823151, 0.3568627450980392246, 0.02352941176470588203 ) ;
#2630 = LINE ( 'NONE', #2959, #1987 ) ;
#2631 = FACE_OUTER_BOUND ( 'NONE', #5035, .T. ) ;
#2632 =( GEOMETRIC_REPRESENTATION_CONTEXT ( 3 ) GLOBAL_UNCERTAINTY_ASSIGNED_CONTEXT ( ( #3972 ) ) GLOBAL_UNIT_ASSIGNED_CONTEXT ( ( #4377, #2732, #2313 ) ) REPRESENTATION_CONTEXT ( 'NONE', 'WORKASPACE' ) );
#2633 = CARTESIAN_POINT ( 'NONE',  ( 1.849999999999999867, 1.800000000000000044, 1.349999999999996536 ) ) ;
#2634 = LINE ( 'NONE', #2245, #3246 ) ;
#2635 = LINE ( 'NONE', #2963, #1734 ) ;
#2636 = CIRCLE ( 'NONE', #3233, 0.1499999999999999667 ) ;
#2637 = CARTESIAN_POINT ( 'NONE',  ( 0.6878679656440350731, 0.9200000000000001510, -1.850000000000000089 ) ) ;
#2638 = VERTEX_POINT ( 'NONE', #3793 ) ;
#2639 = ADVANCED_FACE ( 'NONE', ( #534 ), #635, .F. ) ;
#2640 = CARTESIAN_POINT ( 'NONE',  ( 1.115677692315836911, 1.369911798902025968, -1.634053486988226611 ) ) ;
#2641 = DIRECTION ( 'NONE',  ( -0.000000000000000000, -1.000000000000000000, -0.000000000000000000 ) ) ;
#2642 = EDGE_CURVE ( 'NONE', #5153, #3551, #3841, .T. ) ;
#2643 = VERTEX_POINT ( 'NONE', #1746 ) ;
#2645 = MECHANICAL_DESIGN_GEOMETRIC_PRESENTATION_REPRESENTATION (  '', ( #3411 ), #2065 ) ;
#2644 = CARTESIAN_POINT ( 'NONE',  ( -1.156482317317867781E-15, 1.800000000000000044, -1.599999999999999423 ) ) ;
#2646 = CARTESIAN_POINT ( 'NONE',  ( -1.370000000000000107, 0.1049999999999999822, 1.640000000000000346 ) ) ;
#2647 = LINE ( 'NONE', #235, #3616 ) ;
#2648 = ORIENTED_EDGE ( 'NONE', *, *, #1881, .T. ) ;
#2649 = AXIS2_PLACEMENT_3D ( 'NONE', #3641, #456, #2852 ) ;
#2650 = CARTESIAN_POINT ( 'NONE',  ( 1.850000000000000533, 1.369999999999999662, -1.125000000000004441 ) ) ;
#2651 = ORIENTED_EDGE ( 'NONE', *, *, #3432, .F. ) ;
#2652 = EDGE_CURVE ( 'NONE', #2305, #549, #3353, .T. ) ;
#2653 = AXIS2_PLACEMENT_3D ( 'NONE', #2844, #845, #2453 ) ;
#2654 = EDGE_LOOP ( 'NONE', ( #278, #1451, #4117, #3297, #3654, #2359, #528, #4267 ) ) ;
#2655 = CARTESIAN_POINT ( 'NONE',  ( 1.169086282980103420, 0.4703606810449346698, -1.606222244698113366 ) ) ;
#2656 = LINE ( 'NONE', #1920, #2242 ) ;
#2657 = DIRECTION ( 'NONE',  ( 0.000000000000000000, -1.000000000000000000, 0.000000000000000000 ) ) ;
#2658 = DIRECTION ( 'NONE',  ( 0.000000000000000000, 1.000000000000000000, -0.000000000000000000 ) ) ;
#2659 = DIRECTION ( 'NONE',  ( -0.2588190451025171868, -0.9659258262890692004, 0.000000000000000000 ) ) ;
#2660 = DIRECTION ( 'NONE',  ( 0.000000000000000000, 0.000000000000000000, -1.000000000000000000 ) ) ;
#2661 = DIRECTION ( 'NONE',  ( 1.000000000000000000, 0.000000000000000000, 1.008560160451631481E-16 ) ) ;
#2662 = FACE_OUTER_BOUND ( 'NONE', #4745, .T. ) ;
#2663 = VERTEX_POINT ( 'NONE', #1771 ) ;
#2664 = CARTESIAN_POINT ( 'NONE',  ( 0.000000000000000000, 0.03999999999999999389, 0.000000000000000000 ) ) ;
#2665 = CARTESIAN_POINT ( 'NONE',  ( -1.137867965644034918, 2.999999999999999556, 0.000000000000000000 ) ) ;
#2666 = EDGE_CURVE ( 'NONE', #4424, #3177, #1439, .T. ) ;
#2667 = ORIENTED_EDGE ( 'NONE', *, *, #4727, .T. ) ;
#2668 = PLANE ( 'NONE',  #1793 ) ;
#2669 = EDGE_CURVE ( 'NONE', #2788, #831, #2579, .T. ) ;
#2670 = DIRECTION ( 'NONE',  ( 0.000000000000000000, 0.000000000000000000, -1.000000000000000000 ) ) ;
#2671 = DIRECTION ( 'NONE',  ( -0.000000000000000000, -0.000000000000000000, -1.000000000000000000 ) ) ;
#2672 = VERTEX_POINT ( 'NONE', #4935 ) ;
#2673 = DIRECTION ( 'NONE',  ( -6.938893903907186568E-15, 0.000000000000000000, -1.000000000000000000 ) ) ;
#2674 = AXIS2_PLACEMENT_3D ( 'NONE', #3865, #1548, #710 ) ;
#2675 =( BOUNDED_SURFACE ( )  B_SPLINE_SURFACE ( 3, 3, ( 
 ( #2306, #1858, #675, #3467, #1457, #699, #3070, #1168, #3854, #2355, #4292, #4653, #1510, #3903, #4680, #2283, #332, #1908, #1934, #1094, #307, #1883, #3125, #3494, #1146, #2751, #1117, #5072, #1485, #2725, #2696, #4707, #4317, #726, #4734, #3955, #4343, #3544, #1538, #3152, #748, #355, #1962, #3572, #5150, #1565, #3178, #2890, #3702, #1193, #2491, #3310, #102, #1989 ),
 ( #3983, #4038, #1641, #4395, #1670, #4835, #4893, #832, #1222, #2832, #4473, #2382, #1247, #3230, #4011, #4092, #383, #48, #491, #1615, #2802, #3284, #2095, #1698, #2440, #2015, #803, #4449, #2777, #4369, #4865, #4784, #4809, #437, #2411, #3651, #3256, #775, #3597, #408, #2860, #3204, #3677, #2037, #5176, #1593, #3622, #861, #18, #4421, #1278, #4064, #2465, #463 ),
 ( #2068, #74, #888, #2198, #1011, #1378, #3011, #961, #2569, #1402, #2964, #4165, #1778, #2989, #541, #569, #2147, #4597, #2612, #1726, #4212, #4988, #2940, #3726, #4916, #3798, #2517, #988, #2171, #615, #177, #2222, #1305, #517, #935, #3824, #227, #3753, #201, #1328, #3384, #4571, #4521, #3779, #4962, #1825, #2591, #4118, #3435, #154, #2541, #1801, #2917, #4499 ),
 ( #4141, #4186, #910, #2122, #3409, #3334, #3362, #591, #1753, #128, #4941, #1353, #4545, #3462, #5093, #255, #718, #4673, #3949, #5013, #1853, #2689, #741, #3036, #3538, #1111, #5034, #350, #2324, #1929, #3065, #1089, #1504, #3923, #4728, #3119, #1532, #4287, #693, #5119, #1477, #2301, #300, #4700, #4261, #3897, #669, #3145, #1138, #1450, #2745, #4335, #4643, #2248 ) ),
 .UNSPECIFIED., .F., .F., .F. ) 
 B_SPLINE_SURFACE_WITH_KNOTS ( ( 4, 4 ),
 ( 4, 2, 2, 2, 2, 2, 2, 2, 2, 2, 2, 2, 2, 2, 2, 2, 2, 2, 2, 2, 2, 2, 2, 2, 2, 2, 4 ),
 ( 0.000000000000000000, 1.000000000000000000 ),
 ( 0.05762289113464291040, 0.07340834421707712054, 0.08130107075829423602, 0.08919379729951133762, 0.09761966910033693934, 0.1045548473459513295, 0.1114900255915657334, 0.1253603820827945414, 0.1394035017508373775, 0.1534466214188801858, 0.1655157937415202007, 0.1775849660641601879, 0.2017233107094401623, 0.2500000000000001110, 0.2982766892905600598, 0.3224150339358400341, 0.3344842062584800768, 0.3465533785811200640, 0.3605964982491628446, 0.3746396179172056251, 0.3885099744084342666, 0.3954451526540485595, 0.4023803308996629080, 0.4108062027004885097, 0.4186989292417056530, 0.4265916557829227962, 0.4423771088653570271 ),
 .UNSPECIFIED. ) 
 GEOMETRIC_REPRESENTATION_ITEM ( )  RATIONAL_B_SPLINE_SURFACE ( (
 ( 1.000000000000000000, 1.000000000000000000, 1.000000000000000000, 1.000000000000000000, 1.000000000000000000, 1.000000000000000000, 1.000000000000000000, 1.000000000000000000, 1.000000000000000000, 1.000000000000000000, 1.000000000000000000, 1.000000000000000000, 1.000000000000000000, 1.000000000000000000, 1.000000000000000000, 1.000000000000000000, 1.000000000000000000, 1.000000000000000000, 1.000000000000000000, 1.000000000000000000, 1.000000000000000000, 1.000000000000000000, 1.000000000000000000, 1.000000000000000000, 1.000000000000000000, 1.000000000000000000, 1.000000000000000000, 1.000000000000000000, 1.000000000000000000, 1.000000000000000000, 1.000000000000000000, 1.000000000000000000, 1.000000000000000000, 1.000000000000000000, 1.000000000000000000, 1.000000000000000000, 1.000000000000000000, 1.000000000000000000, 1.000000000000000000, 1.000000000000000000, 1.000000000000000000, 1.000000000000000000, 1.000000000000000000, 1.000000000000000000, 1.000000000000000000, 1.000000000000000000, 1.000000000000000000, 1.000000000000000000, 1.000000000000000000, 1.000000000000000000, 1.000000000000000000, 1.000000000000000000, 1.000000000000000000, 1.000000000000000000),
 ( 0.9286857033163917752, 0.9286857033163917752, 0.9286857033163917752, 0.9286857033163917752, 0.9286857033163917752, 0.9286857033163917752, 0.9286857033163917752, 0.9286857033163917752, 0.9286857033163917752, 0.9286857033163917752, 0.9286857033163917752, 0.9286857033163917752, 0.9286857033163917752, 0.9286857033163917752, 0.9286857033163917752, 0.9286857033163917752, 0.9286857033163917752, 0.9286857033163917752, 0.9286857033163917752, 0.9286857033163917752, 0.9286857033163917752, 0.9286857033163917752, 0.9286857033163917752, 0.9286857033163917752, 0.9286857033163917752, 0.9286857033163917752, 0.9286857033163917752, 0.9286857033163917752, 0.9286857033163917752, 0.9286857033163917752, 0.9286857033163917752, 0.9286857033163917752, 0.9286857033163917752, 0.9286857033163917752, 0.9286857033163917752, 0.9286857033163917752, 0.9286857033163917752, 0.9286857033163917752, 0.9286857033163917752, 0.9286857033163917752, 0.9286857033163917752, 0.9286857033163917752, 0.9286857033163917752, 0.9286857033163917752, 0.9286857033163917752, 0.9286857033163917752, 0.9286857033163917752, 0.9286857033163917752, 0.9286857033163917752, 0.9286857033163917752, 0.9286857033163917752, 0.9286857033163917752, 0.9286857033163917752, 0.9286857033163917752),
 ( 0.9286857033163917752, 0.9286857033163917752, 0.9286857033163917752, 0.9286857033163917752, 0.9286857033163917752, 0.9286857033163917752, 0.9286857033163917752, 0.9286857033163917752, 0.9286857033163917752, 0.9286857033163917752, 0.9286857033163917752, 0.9286857033163917752, 0.9286857033163917752, 0.9286857033163917752, 0.9286857033163917752, 0.9286857033163917752, 0.9286857033163917752, 0.9286857033163917752, 0.9286857033163917752, 0.9286857033163917752, 0.9286857033163917752, 0.9286857033163917752, 0.9286857033163917752, 0.9286857033163917752, 0.9286857033163917752, 0.9286857033163917752, 0.9286857033163917752, 0.9286857033163917752, 0.9286857033163917752, 0.9286857033163917752, 0.9286857033163917752, 0.9286857033163917752, 0.9286857033163917752, 0.9286857033163917752, 0.9286857033163917752, 0.9286857033163917752, 0.9286857033163917752, 0.9286857033163917752, 0.9286857033163917752, 0.9286857033163917752, 0.9286857033163917752, 0.9286857033163917752, 0.9286857033163917752, 0.9286857033163917752, 0.9286857033163917752, 0.9286857033163917752, 0.9286857033163917752, 0.9286857033163917752, 0.9286857033163917752, 0.9286857033163917752, 0.9286857033163917752, 0.9286857033163917752, 0.9286857033163917752, 0.9286857033163917752),
 ( 1.000000000000000000, 1.000000000000000000, 1.000000000000000000, 1.000000000000000000, 1.000000000000000000, 1.000000000000000000, 1.000000000000000000, 1.000000000000000000, 1.000000000000000000, 1.000000000000000000, 1.000000000000000000, 1.000000000000000000, 1.000000000000000000, 1.000000000000000000, 1.000000000000000000, 1.000000000000000000, 1.000000000000000000, 1.000000000000000000, 1.000000000000000000, 1.000000000000000000, 1.000000000000000000, 1.000000000000000000, 1.000000000000000000, 1.000000000000000000, 1.000000000000000000, 1.000000000000000000, 1.000000000000000000, 1.000000000000000000, 1.000000000000000000, 1.000000000000000000, 1.000000000000000000, 1.000000000000000000, 1.000000000000000000, 1.000000000000000000, 1.000000000000000000, 1.000000000000000000, 1.000000000000000000, 1.000000000000000000, 1.000000000000000000, 1.000000000000000000, 1.000000000000000000, 1.000000000000000000, 1.000000000000000000, 1.000000000000000000, 1.000000000000000000, 1.000000000000000000, 1.000000000000000000, 1.000000000000000000, 1.000000000000000000, 1.000000000000000000, 1.000000000000000000, 1.000000000000000000, 1.000000000000000000, 1.000000000000000000) ) ) 
 REPRESENTATION_ITEM ( '' )  SURFACE ( )  );
#2676 = CARTESIAN_POINT ( 'NONE',  ( 1.850000000000024070, 1.369999999999999662, -0.2249999999999889588 ) ) ;
#2677 = ORIENTED_EDGE ( 'NONE', *, *, #4376, .T. ) ;
#2678 = MECHANICAL_DESIGN_GEOMETRIC_PRESENTATION_REPRESENTATION (  '', ( #4348 ), #2939 ) ;
#2679 = ORIENTED_EDGE ( 'NONE', *, *, #3921, .F. ) ;
#2680 = CYLINDRICAL_SURFACE ( 'NONE', #3848, 1.000000000000000000 ) ;
#2681 = EDGE_CURVE ( 'NONE', #3785, #1281, #3818, .T. ) ;
#2682 = AXIS2_PLACEMENT_3D ( 'NONE', #2665, #4265, #672 ) ;
#2683 = LINE ( 'NONE', #1524, #4327 ) ;
#2684 = CARTESIAN_POINT ( 'NONE',  ( 0.7939339828220174367, 1.800000000000000044, -1.956066017177982008 ) ) ;
#2685 = CARTESIAN_POINT ( 'NONE',  ( -0.6878679656440356283, 1.800000000000000044, -1.850000000000000089 ) ) ;
#2686 = CARTESIAN_POINT ( 'NONE',  ( 1.849999999999999423, 1.369999999999999662, 1.237500000000002487 ) ) ;
#2687 = SURFACE_SIDE_STYLE ('',( #1086 ) ) ;
#2688 = FILL_AREA_STYLE_COLOUR ( '', #972 ) ;
#2689 = CARTESIAN_POINT ( 'NONE',  ( -1.850000000000000977, 1.369999999999999662, 1.124999999999996891 ) ) ;
#2690 = ORIENTED_EDGE ( 'NONE', *, *, #2421, .T. ) ;
#2691 = CARTESIAN_POINT ( 'NONE',  ( 1.212132034355962507, 1.800000000000000044, -1.750000000000000222 ) ) ;
#2692 = DIRECTION ( 'NONE',  ( 4.881621058232078700E-33, 1.000000000000000000, 4.840188270024564298E-17 ) ) ;
#2693 = AXIS2_PLACEMENT_3D ( 'NONE', #1612, #4805, #1218 ) ;
#2694 = EDGE_CURVE ( 'NONE', #862, #2531, #3404, .T. ) ;
#2695 = ORIENTED_EDGE ( 'NONE', *, *, #810, .F. ) ;
#2696 = CARTESIAN_POINT ( 'NONE',  ( -1.850000000000000533, 0.4700000000000000289, -0.8999999999999876987 ) ) ;
#2697 = CARTESIAN_POINT ( 'NONE',  ( 0.6878679656440350731, 1.800000000000000044, 1.850000000000000089 ) ) ;
#2698 = DIRECTION ( 'NONE',  ( -8.673617379884043361E-16, 0.000000000000000000, 1.000000000000000000 ) ) ;
#2699 = EDGE_LOOP ( 'NONE', ( #155, #4931, #896, #947 ) ) ;
#2700 = CARTESIAN_POINT ( 'NONE',  ( 1.599999999999999867, 1.370000000000000107, -1.349999999999998535 ) ) ;
#2701 = B_SPLINE_CURVE_WITH_KNOTS ( 'NONE', 3,
 ( #280, #1142, #4339, #2304 ),
 .UNSPECIFIED., .F., .F.,
 ( 4, 4 ),
 ( 0.1760539269658129291, 0.2125528632240543669 ),
 .UNSPECIFIED. ) ;
#2702 = CARTESIAN_POINT ( 'NONE',  ( 1.244453428269201023, 1.369999999999999662, -1.599946135094311606 ) ) ;
#2703 = ORIENTED_EDGE ( 'NONE', *, *, #4413, .T. ) ;
#2704 = DIRECTION ( 'NONE',  ( 0.000000000000000000, 0.000000000000000000, 1.000000000000000000 ) ) ;
#2705 = ORIENTED_EDGE ( 'NONE', *, *, #2974, .F. ) ;
#2706 = FACE_OUTER_BOUND ( 'NONE', #1699, .T. ) ;
#2707 = CARTESIAN_POINT ( 'NONE',  ( 1.535362774784618578, 0.4700000000000000289, -1.600064615179820349 ) ) ;
#2708 = CARTESIAN_POINT ( 'NONE',  ( -1.849934580001389328, 1.369999999999999662, -1.415442318608187033 ) ) ;
#2709 = DIRECTION ( 'NONE',  ( -1.952648423292831480E-32, -1.000000000000000000, -1.936075308009825719E-16 ) ) ;
#2710 = CARTESIAN_POINT ( 'NONE',  ( 1.375000000000001110, 1.800000000000000044, -1.374999999999996669 ) ) ;
#2711 = AXIS2_PLACEMENT_3D ( 'NONE', #2854, #4565, #4958 ) ;
#2712 = CIRCLE ( 'NONE', #2896, 0.2500000000000006661 ) ;
#2713 = ADVANCED_FACE ( 'NONE', ( #4956 ), #929, .F. ) ;
#2714 = CARTESIAN_POINT ( 'NONE',  ( 1.652916512459881693, 1.357102355330313648, 1.599999999999999423 ) ) ;
#2715 =( LENGTH_UNIT ( ) NAMED_UNIT ( * ) SI_UNIT ( .MILLI., .METRE. ) );
#2716 = EDGE_CURVE ( 'NONE', #3839, #1000, #1443, .T. ) ;
#2717 = VECTOR ( 'NONE', #3691, 1000.000000000000000 ) ;
#2718 = ADVANCED_FACE ( 'NONE', ( #270 ), #1129, .F. ) ;
#2719 = CARTESIAN_POINT ( 'NONE',  ( -0.6878679656440356283, 1.370000000000000107, -1.850000000000000089 ) ) ;
#2720 = ORIENTED_EDGE ( 'NONE', *, *, #2770, .T. ) ;
#2721 = DIRECTION ( 'NONE',  ( -1.000000000000000000, -1.221214555709377446E-16, 0.000000000000000000 ) ) ;
#2722 = DIRECTION ( 'NONE',  ( -0.000000000000000000, 1.000000000000000000, -0.000000000000000000 ) ) ;
#2723 = AXIS2_PLACEMENT_3D ( 'NONE', #4688, #1572, #3911 ) ;
#2724 = EDGE_LOOP ( 'NONE', ( #1678, #3803, #1547, #2583, #1043, #2782, #3526, #2727 ) ) ;
#2725 = CARTESIAN_POINT ( 'NONE',  ( -1.850000000000000533, 0.4700000000000000289, -0.7875000000000060840 ) ) ;
#2726 = CARTESIAN_POINT ( 'NONE',  ( -1.599999999999998535, 0.03899999999999997219, -1.599999999999998312 ) ) ;
#2727 = ORIENTED_EDGE ( 'NONE', *, *, #3500, .T. ) ;
#2728 = LINE ( 'NONE', #4321, #1499 ) ;
#2729 = CARTESIAN_POINT ( 'NONE',  ( 1.535362774784618578, 1.369999999999999662, -1.600064615179819905 ) ) ;
#2730 = ORIENTED_EDGE ( 'NONE', *, *, #4183, .F. ) ;
#2731 = B_SPLINE_CURVE_WITH_KNOTS ( 'NONE', 3,
 ( #4602, #2619, #3760, #1021 ),
 .UNSPECIFIED., .F., .F.,
 ( 4, 4 ),
 ( 0.1760539269658124295, 0.2125528632240544502 ),
 .UNSPECIFIED. ) ;
#2732 =( NAMED_UNIT ( * ) PLANE_ANGLE_UNIT ( ) SI_UNIT ( $, .RADIAN. ) );
#2733 = ORIENTED_EDGE ( 'NONE', *, *, #4840, .F. ) ;
#2734 = CARTESIAN_POINT ( 'NONE',  ( -1.160144950498488203, 1.369591159360720400, -1.609277656152670710 ) ) ;
#2735 = TOROIDAL_SURFACE ( 'NONE', #471, 1.043028554974587685, 1.000000000000000222 ) ;
#2736 = DIRECTION ( 'NONE',  ( -1.000000000000000000, 0.000000000000000000, 0.000000000000000000 ) ) ;
#2737 = DIRECTION ( 'NONE',  ( 0.000000000000000000, 0.000000000000000000, 1.000000000000000000 ) ) ;
#2738 = DIRECTION ( 'NONE',  ( 0.000000000000000000, 0.000000000000000000, -1.000000000000000000 ) ) ;
#2739 = EDGE_CURVE ( 'NONE', #2558, #3789, #761, .T. ) ;
#2740 = CARTESIAN_POINT ( 'NONE',  ( 1.850000000000000311, 1.369999999999999662, -0.4499999999999296230 ) ) ;
#2741 = VECTOR ( 'NONE', #4747, 1000.000000000000000 ) ;
#2742 = PRODUCT_RELATED_PRODUCT_CATEGORY ( 'part', '', ( #4984 ) ) ;
#2743 = CARTESIAN_POINT ( 'NONE',  ( 1.106066017177981031, 1.800000000000000044, 1.643933982822017636 ) ) ;
#2744 = DIRECTION ( 'NONE',  ( 0.000000000000000000, 1.936075308009825719E-16, -1.000000000000000000 ) ) ;
#2745 = CARTESIAN_POINT ( 'NONE',  ( -0.9760110028629959134, 1.369999999999999662, -1.773988997137002865 ) ) ;
#2746 = ORIENTED_EDGE ( 'NONE', *, *, #2494, .F. ) ;
#2747 = DIRECTION ( 'NONE',  ( 0.000000000000000000, 0.000000000000000000, -1.000000000000000000 ) ) ;
#2748 = DIRECTION ( 'NONE',  ( -1.000000000000000000, -0.000000000000000000, 1.008560160451631605E-16 ) ) ;
#2749 = EDGE_CURVE ( 'NONE', #445, #506, #2656, .T. ) ;
#2750 = ORIENTED_EDGE ( 'NONE', *, *, #1808, .T. ) ;
#2751 = CARTESIAN_POINT ( 'NONE',  ( -1.850000000000001199, 0.4700000000000000289, 0.4500000000000009548 ) ) ;
#2752 = DIRECTION ( 'NONE',  ( 1.000000000000000000, -0.000000000000000000, 0.000000000000000000 ) ) ;
#2753 = CARTESIAN_POINT ( 'NONE',  ( 1.078755931727180650, 0.4699999999999999734, 1.671161517920781714 ) ) ;
#2754 = ORIENTED_EDGE ( 'NONE', *, *, #4824, .T. ) ;
#2755 = CARTESIAN_POINT ( 'NONE',  ( -0.6878679656440340739, 0.4700000000000001399, 2.000000000000000000 ) ) ;
#2756 = ORIENTED_EDGE ( 'NONE', *, *, #4234, .F. ) ;
#2757 = DIRECTION ( 'NONE',  ( 0.7071067811865465735, 0.000000000000000000, -0.7071067811865485719 ) ) ;
#2758 = B_SPLINE_CURVE_WITH_KNOTS ( 'NONE', 3,
 ( #3856, #3198, #2797, #5020 ),
 .UNSPECIFIED., .F., .F.,
 ( 4, 4 ),
 ( 0.000000000000000000, 1.000000000000000000 ),
 .UNSPECIFIED. ) ;
#2759 = ORIENTED_EDGE ( 'NONE', *, *, #1999, .F. ) ;
#2760 = CARTESIAN_POINT ( 'NONE',  ( -1.207701851679774618, 1.369985348223401234, -1.599999999999998535 ) ) ;
#2761 = VECTOR ( 'NONE', #1208, 1000.000000000000000 ) ;
#2762 = CARTESIAN_POINT ( 'NONE',  ( 1.133879506128963710, 0.4700000000000000289, -1.616213044232878371 ) ) ;
#2763 = EDGE_CURVE ( 'NONE', #2449, #4168, #4989, .T. ) ;
#2764 = DIRECTION ( 'NONE',  ( 0.000000000000000000, -1.000000000000000000, 0.000000000000000000 ) ) ;
#2765 = VECTOR ( 'NONE', #2967, 1000.000000000000000 ) ;
#2766 = DIRECTION ( 'NONE',  ( -0.2588190451025176309, 0.9659258262890692004, 0.000000000000000000 ) ) ;
#2767 = DIRECTION ( 'NONE',  ( 0.000000000000000000, 1.000000000000000000, 0.000000000000000000 ) ) ;
#2768 = AXIS2_PLACEMENT_3D ( 'NONE', #3595, #3200, #2799 ) ;
#2769 = CARTESIAN_POINT ( 'NONE',  ( 1.850000000000000089, 0.4699999999999999178, 1.349999999999996758 ) ) ;
#2770 = EDGE_CURVE ( 'NONE', #516, #3375, #1394, .T. ) ;
#2771 = CARTESIAN_POINT ( 'NONE',  ( -1.370000000000000107, 0.08500000000000003386, 1.300000000000000044 ) ) ;
#2772 = CARTESIAN_POINT ( 'NONE',  ( -0.7939339828220161044, 0.4699999999999999178, 1.956066017177982452 ) ) ;
#2773 = ORIENTED_EDGE ( 'NONE', *, *, #1829, .F. ) ;
#2774 = DIRECTION ( 'NONE',  ( 0.000000000000000000, 0.000000000000000000, -1.000000000000000000 ) ) ;
#2775 =( NAMED_UNIT ( * ) PLANE_ANGLE_UNIT ( ) SI_UNIT ( $, .RADIAN. ) );
#2776 = EDGE_LOOP ( 'NONE', ( #3876, #4394, #5101, #286 ) ) ;
#2777 = CARTESIAN_POINT ( 'NONE',  ( -1.704633274187482117, 0.7584814157638680721, -0.4499999999999917955 ) ) ;
#2778 = AXIS2_PLACEMENT_3D ( 'NONE', #5036, #1113, #2721 ) ;
#2779 = ORIENTED_EDGE ( 'NONE', *, *, #4187, .F. ) ;
#2780 =( LENGTH_UNIT ( ) NAMED_UNIT ( * ) SI_UNIT ( .MILLI., .METRE. ) );
#2781 = EDGE_CURVE ( 'NONE', #4288, #4844, #4003, .T. ) ;
#2782 = ORIENTED_EDGE ( 'NONE', *, *, #883, .F. ) ;
#2783 = CARTESIAN_POINT ( 'NONE',  ( -1.370000000000000107, 0.1049999999999999684, 1.580000000000000515 ) ) ;
#2784 = CARTESIAN_POINT ( 'NONE',  ( 1.300000000000000044, 0.03999999999999999389, 1.500000000000000000 ) ) ;
#2785 = ORIENTED_EDGE ( 'NONE', *, *, #2749, .T. ) ;
#2786 =( LENGTH_UNIT ( ) NAMED_UNIT ( * ) SI_UNIT ( .MILLI., .METRE. ) );
#2787 = EDGE_CURVE ( 'NONE', #4706, #215, #4693, .T. ) ;
#2788 = VERTEX_POINT ( 'NONE', #1947 ) ;
#2789 = DIRECTION ( 'NONE',  ( 0.000000000000000000, 0.000000000000000000, 1.000000000000000000 ) ) ;
#2790 = CARTESIAN_POINT ( 'NONE',  ( 1.704633274187482339, 0.7584814157638680721, -0.8999999999999872546 ) ) ;
#2791 = CARTESIAN_POINT ( 'NONE',  ( 1.486602540378444193, 0.08999999999999991340, 1.500000000000000000 ) ) ;
#2792 = CARTESIAN_POINT ( 'NONE',  ( -0.6878679656440340739, 0.4699999999999999178, 1.850000000000000089 ) ) ;
#2793 = CARTESIAN_POINT ( 'NONE',  ( 1.849999999999999867, 1.369999999999999662, 1.349999999999996758 ) ) ;
#2794 = DIRECTION ( 'NONE',  ( -1.000000000000000000, -0.000000000000000000, 1.008560160451631481E-16 ) ) ;
#2795 = FILL_AREA_STYLE ('',( #1927 ) ) ;
#2796 = VECTOR ( 'NONE', #2228, 999.9999999999998863 ) ;
#2797 = CARTESIAN_POINT ( 'NONE',  ( 1.823723836731562020, 0.4700000000000001399, 1.479829553687255439 ) ) ;
#2798 = CARTESIAN_POINT ( 'NONE',  ( -1.430000000000000160, 0.1049999999999999684, 1.580000000000000515 ) ) ;
#2799 = DIRECTION ( 'NONE',  ( 2.891205793294679017E-15, 0.000000000000000000, 1.000000000000000000 ) ) ;
#2800 = AXIS2_PLACEMENT_3D ( 'NONE', #4878, #925, #2136 ) ;
#2801 = ORIENTED_EDGE ( 'NONE', *, *, #1941, .T. ) ;
#2802 = CARTESIAN_POINT ( 'NONE',  ( -1.704633274187483005, 0.7584814157638680721, 1.237499999999995826 ) ) ;
#2803 = ORIENTED_EDGE ( 'NONE', *, *, #5005, .T. ) ;
#2804 = VERTEX_POINT ( 'NONE', #3111 ) ;
#2805 = CARTESIAN_POINT ( 'NONE',  ( 1.105110608456489008, 1.370000000000000551, -1.644889391543509438 ) ) ;
#2806 = MECHANICAL_DESIGN_GEOMETRIC_PRESENTATION_REPRESENTATION (  '', ( #4067 ), #207 ) ;
#2807 = EDGE_LOOP ( 'NONE', ( #3566, #2840, #1176, #2577 ) ) ;
#2808 = DIRECTION ( 'NONE',  ( -0.000000000000000000, 1.000000000000000000, -0.000000000000000000 ) ) ;
#2809 = ORIENTED_EDGE ( 'NONE', *, *, #4787, .F. ) ;
#2810 = B_SPLINE_CURVE_WITH_KNOTS ( 'NONE', 3,
 ( #4363, #12, #4753, #4085 ),
 .UNSPECIFIED., .F., .F.,
 ( 4, 4 ),
 ( 0.9179452629497496519, 0.9184415270764583195 ),
 .UNSPECIFIED. ) ;
#2811 = EDGE_CURVE ( 'NONE', #2289, #600, #5112, .T. ) ;
#2812 = CARTESIAN_POINT ( 'NONE',  ( 0.7939339828220174367, 1.370000000000000107, -1.956066017177982008 ) ) ;
#2813 = ORIENTED_EDGE ( 'NONE', *, *, #3814, .T. ) ;
#2814 = ORIENTED_EDGE ( 'NONE', *, *, #5130, .F. ) ;
#2815 = DIRECTION ( 'NONE',  ( -1.000000000000000000, -0.000000000000000000, 1.008560160451631605E-16 ) ) ;
#2816 = CARTESIAN_POINT ( 'NONE',  ( 1.849999999999999867, 0.4700000000000000289, 1.124999999999993561 ) ) ;
#2817 = EDGE_CURVE ( 'NONE', #1907, #51, #2683, .T. ) ;
#2818 = DIRECTION ( 'NONE',  ( 0.000000000000000000, -0.000000000000000000, -1.000000000000000000 ) ) ;
#2819 = FACE_OUTER_BOUND ( 'NONE', #2067, .T. ) ;
#2820 = VECTOR ( 'NONE', #5003, 1000.000000000000000 ) ;
#2821 = CARTESIAN_POINT ( 'NONE',  ( -1.106066017177979477, 0.04000000000000010492, 1.643933982822018525 ) ) ;
#2822 = CARTESIAN_POINT ( 'NONE',  ( -1.599999999999998535, 1.800000000000000044, 1.600000000000000755 ) ) ;
#2823 = VECTOR ( 'NONE', #3976, 1000.000000000000000 ) ;
#2824 = DIRECTION ( 'NONE',  ( -0.000000000000000000, 1.000000000000000000, -0.000000000000000000 ) ) ;
#2825 = FILL_AREA_STYLE ('',( #4830 ) ) ;
#2826 = CARTESIAN_POINT ( 'NONE',  ( 1.849999999999999867, 1.370000000000000107, 1.349999999999996536 ) ) ;
#2827 = AXIS2_PLACEMENT_3D ( 'NONE', #362, #443, #1599 ) ;
#2828 = PLANE ( 'NONE',  #100 ) ;
#2829 = CARTESIAN_POINT ( 'NONE',  ( -1.300000000000000044, 0.03999999999999999389, -1.500000000000000000 ) ) ;
#2830 = EDGE_CURVE ( 'NONE', #4974, #3234, #1899, .T. ) ;
#2831 = EDGE_LOOP ( 'NONE', ( #3283, #109, #719, #3549 ) ) ;
#2832 = CARTESIAN_POINT ( 'NONE',  ( -1.260114491811306747, 0.7584814157638680721, 1.454527208181959352 ) ) ;
#2833 = PRODUCT_DEFINITION_SHAPE ( 'NONE', 'NONE',  #2914 ) ;
#2834 = ORIENTED_EDGE ( 'NONE', *, *, #1782, .F. ) ;
#2835 = LINE ( 'NONE', #834, #4550 ) ;
#2836 = ORIENTED_EDGE ( 'NONE', *, *, #4152, .F. ) ;
#2837 = DIRECTION ( 'NONE',  ( -1.000000000000000000, 0.000000000000000000, 7.228014483236676834E-16 ) ) ;
#2838 = ADVANCED_FACE ( 'NONE', ( #5055 ), #2145, .T. ) ;
#2839 = DIRECTION ( 'NONE',  ( -0.2588190451025172978, -0.9659258262890692004, 0.000000000000000000 ) ) ;
#2840 = ORIENTED_EDGE ( 'NONE', *, *, #4437, .F. ) ;
#2841 = EDGE_LOOP ( 'NONE', ( #2995, #1766, #2308, #1834 ) ) ;
#2842 = CARTESIAN_POINT ( 'NONE',  ( 1.313397459621555852, 0.08999999999999996891, -1.300000000000000044 ) ) ;
#2843 = CARTESIAN_POINT ( 'NONE',  ( 1.276776695296626629, 0.7584814157638680721, -1.454633274187481895 ) ) ;
#2844 = CARTESIAN_POINT ( 'NONE',  ( -0.6878679656440356283, 0.9200000000000000400, -1.850000000000000089 ) ) ;
#2845 = ORIENTED_EDGE ( 'NONE', *, *, #1786, .F. ) ;
#2846 = PRESENTATION_STYLE_ASSIGNMENT (( #1237 ) ) ;
#2847 = CARTESIAN_POINT ( 'NONE',  ( 1.106066017177981253, 1.370000000000000107, 1.643933982822017859 ) ) ;
#2848 = EDGE_CURVE ( 'NONE', #2672, #3889, #2472, .T. ) ;
#2849 = AXIS2_PLACEMENT_3D ( 'NONE', #4295, #2334, #5078 ) ;
#2850 = CARTESIAN_POINT ( 'NONE',  ( 1.979999999999999982, 0.01999999999999980960, 1.300000000000000044 ) ) ;
#2851 = ADVANCED_FACE ( 'NONE', ( #2075 ), #2416, .F. ) ;
#2852 = DIRECTION ( 'NONE',  ( 0.000000000000000000, 0.000000000000000000, 1.000000000000000000 ) ) ;
#2853 = EDGE_CURVE ( 'NONE', #3498, #2257, #3912, .T. ) ;
#2854 = CARTESIAN_POINT ( 'NONE',  ( 1.300000000000000044, 0.03999999999999999389, 1.500000000000000000 ) ) ;
#2855 = DIRECTION ( 'NONE',  ( 0.000000000000000000, 0.000000000000000000, 1.000000000000000000 ) ) ;
#2856 =( GEOMETRIC_REPRESENTATION_CONTEXT ( 3 ) GLOBAL_UNCERTAINTY_ASSIGNED_CONTEXT ( ( #556 ) ) GLOBAL_UNIT_ASSIGNED_CONTEXT ( ( #4782, #2775, #44 ) ) REPRESENTATION_CONTEXT ( 'NONE', 'WORKASPACE' ) );
#2857 = CYLINDRICAL_SURFACE ( 'NONE', #2607, 0.2500000000000006661 ) ;
#2858 = SURFACE_STYLE_USAGE ( .BOTH. , #433 ) ;
#2859 = ORIENTED_EDGE ( 'NONE', *, *, #2770, .F. ) ;
#2860 = CARTESIAN_POINT ( 'NONE',  ( -1.470710678118643644, 0.7584814157638680721, -1.454633274187473235 ) ) ;
#2861 = ORIENTED_EDGE ( 'NONE', *, *, #2077, .T. ) ;
#2862 = CARTESIAN_POINT ( 'NONE',  ( -1.849999999999976108, 1.369999999999999662, -0.2250000000000219880 ) ) ;
#2863 = ORIENTED_EDGE ( 'NONE', *, *, #84, .T. ) ;
#2864 = CARTESIAN_POINT ( 'NONE',  ( -1.212132034355961840, 1.370000000000000107, 1.600000000000000533 ) ) ;
#2865 = AXIS2_PLACEMENT_3D ( 'NONE', #4897, #990, #1308 ) ;
#2866 = LINE ( 'NONE', #1622, #3252 ) ;
#2867 = AXIS2_PLACEMENT_3D ( 'NONE', #771, #2408, #1275 ) ;
#2868 = ORIENTED_EDGE ( 'NONE', *, *, #1978, .F. ) ;
#2869 = ORIENTED_EDGE ( 'NONE', *, *, #4533, .F. ) ;
#2870 = DIRECTION ( 'NONE',  ( 1.000000000000000000, 0.000000000000000000, 0.000000000000000000 ) ) ;
#2871 = CIRCLE ( 'NONE', #1692, 0.2499999999999997780 ) ;
#2872 = CARTESIAN_POINT ( 'NONE',  ( 1.850056224347229605, 0.4700000000000000289, 1.293756470132911396 ) ) ;
#2873 = ORIENTED_EDGE ( 'NONE', *, *, #4164, .F. ) ;
#2874 = LINE ( 'NONE', #4558, #3315 ) ;
#2875 = UNCERTAINTY_MEASURE_WITH_UNIT (LENGTH_MEASURE( 1.000000000000000082E-05 ), #1733, 'distance_accuracy_value', 'NONE');
#2876 = ORIENTED_EDGE ( 'NONE', *, *, #272, .F. ) ;
#2877 = CARTESIAN_POINT ( 'NONE',  ( -1.313397459621555852, 0.08999999999999996891, -1.300000000000000044 ) ) ;
#2878 = CARTESIAN_POINT ( 'NONE',  ( -1.370000000000000107, 0.1049999999999999684, 1.580000000000000515 ) ) ;
#2879 = B_SPLINE_CURVE_WITH_KNOTS ( 'NONE', 3,
 ( #1161, #486, #3565, #1663 ),
 .UNSPECIFIED., .F., .F.,
 ( 4, 4 ),
 ( 0.000000000000000000, 1.000000000000000000 ),
 .UNSPECIFIED. ) ;
#2880 = DIRECTION ( 'NONE',  ( 0.000000000000000000, 0.000000000000000000, -1.000000000000000000 ) ) ;
#2881 = EDGE_CURVE ( 'NONE', #5043, #3234, #442, .T. ) ;
#2882 = LINE ( 'NONE', #768, #3049 ) ;
#2883 = DIRECTION ( 'NONE',  ( -1.000000000000000000, -0.000000000000000000, 1.008560160451631481E-16 ) ) ;
#2884 = FACE_OUTER_BOUND ( 'NONE', #4864, .T. ) ;
#2885 = CARTESIAN_POINT ( 'NONE',  ( -1.850000000000001421, 0.4699999999999999178, 1.349999999999996314 ) ) ;
#2886 = EDGE_CURVE ( 'NONE', #3351, #4844, #2887, .T. ) ;
#2887 = B_SPLINE_CURVE_WITH_KNOTS ( 'NONE', 3,
 ( #3576, #2045, #811, #25 ),
 .UNSPECIFIED., .F., .F.,
 ( 4, 4 ),
 ( 0.000000000000000000, 1.000000000000000000 ),
 .UNSPECIFIED. ) ;
#2888 = EDGE_CURVE ( 'NONE', #4603, #3551, #2866, .T. ) ;
#2889 = EDGE_LOOP ( 'NONE', ( #3743, #4904, #3799, #3133 ) ) ;
#2890 = CARTESIAN_POINT ( 'NONE',  ( -1.080012420869324696, 0.4700000000000000289, -1.669900884873443792 ) ) ;
#2891 = ORIENTED_EDGE ( 'NONE', *, *, #2396, .T. ) ;
#2892 = DIRECTION ( 'NONE',  ( 0.7071067811865464625, 0.000000000000000000, -0.7071067811865486830 ) ) ;
#2893 = ORIENTED_EDGE ( 'NONE', *, *, #179, .T. ) ;
#2894 = CARTESIAN_POINT ( 'NONE',  ( -1.192336168661765949, 0.4700654701237065858, -1.600000000023248381 ) ) ;
#2895 =( GEOMETRIC_REPRESENTATION_CONTEXT ( 3 ) GLOBAL_UNCERTAINTY_ASSIGNED_CONTEXT ( ( #1716 ) ) GLOBAL_UNIT_ASSIGNED_CONTEXT ( ( #3278, #3643, #2433 ) ) REPRESENTATION_CONTEXT ( 'NONE', 'WORKASPACE' ) );
#2896 = AXIS2_PLACEMENT_3D ( 'NONE', #4518, #152, #2855 ) ;
#2897 = CARTESIAN_POINT ( 'NONE',  ( -1.106066017177981919, 0.03999999999999999389, -1.643933982822016748 ) ) ;
#2898 = VERTEX_POINT ( 'NONE', #3236 ) ;
#2899 = ORIENTED_EDGE ( 'NONE', *, *, #554, .T. ) ;
#2900 = CARTESIAN_POINT ( 'NONE',  ( 1.120063807972598857, 1.369934529883163554, 1.629936192034831866 ) ) ;
#2901 = COLOUR_RGB ( '',0.7294117647058823151, 0.3568627450980392246, 0.02352941176470588203 ) ;
#2902 = CARTESIAN_POINT ( 'NONE',  ( 1.002022005725985432, 0.4700000000000000289, 1.747977994274013236 ) ) ;
#2903 = VERTEX_POINT ( 'NONE', #4816 ) ;
#2904 = LINE ( 'NONE', #4462, #2717 ) ;
#2905 = EDGE_LOOP ( 'NONE', ( #3363, #2282, #4810, #4576 ) ) ;
#2906 = LINE ( 'NONE', #509, #763 ) ;
#2907 = CARTESIAN_POINT ( 'NONE',  ( 0.7939339828220174367, 0.4700000000000001399, 1.956066017177982008 ) ) ;
#2908 = CARTESIAN_POINT ( 'NONE',  ( 1.425400529837773211, 0.9200000000000000400, 2.587532564193736118 ) ) ;
#2909 = EDGE_CURVE ( 'NONE', #3050, #445, #470, .T. ) ;
#2910 = CARTESIAN_POINT ( 'NONE',  ( -1.776776695296639064, 0.4700000000000000289, 1.526776695296635289 ) ) ;
#2911 = LINE ( 'NONE', #4086, #3806 ) ;
#2912 = CARTESIAN_POINT ( 'NONE',  ( 1.370000000000000107, 0.4700000000000001399, 1.600000000000000533 ) ) ;
#2913 = CARTESIAN_POINT ( 'NONE',  ( -1.600000000000000311, 1.800000000000000044, -1.349999999999998535 ) ) ;
#2914 = PRODUCT_DEFINITION ( 'UNKNOWN', '', #882, #3399 ) ;
#2915 = VECTOR ( 'NONE', #4802, 1000.000000000000000 ) ;
#2916 = ORIENTED_EDGE ( 'NONE', *, *, #3176, .T. ) ;
#2918 = VECTOR ( 'NONE', #762, 1000.000000000000000 ) ;
#2917 = CARTESIAN_POINT ( 'NONE',  ( -0.7431661909670905786, 1.081518584236131675, -1.801254213871062104 ) ) ;
#2919 = VERTEX_POINT ( 'NONE', #1230 ) ;
#2920 = DIRECTION ( 'NONE',  ( -0.000000000000000000, -1.000000000000000000, -0.000000000000000000 ) ) ;
#2921 = ORIENTED_EDGE ( 'NONE', *, *, #2300, .T. ) ;
#2922 = DIRECTION ( 'NONE',  ( 0.000000000000000000, -1.000000000000000000, 0.000000000000000000 ) ) ;
#2923 = ADVANCED_FACE ( 'NONE', ( #4427 ), #754, .F. ) ;
#2924 = COLOUR_RGB ( '',0.7294117647058823151, 0.3568627450980392246, 0.02352941176470588203 ) ;
#2925 = CARTESIAN_POINT ( 'NONE',  ( -1.106066017177979477, 0.04000000000000010492, 1.643933982822018525 ) ) ;
#2926 = ORIENTED_EDGE ( 'NONE', *, *, #2266, .T. ) ;
#2927 = CARTESIAN_POINT ( 'NONE',  ( 0.000000000000000000, 0.000000000000000000, 0.000000000000000000 ) ) ;
#2928 = ORIENTED_EDGE ( 'NONE', *, *, #5109, .T. ) ;
#2929 = LINE ( 'NONE', #2504, #3012 ) ;
#2930 = CARTESIAN_POINT ( 'NONE',  ( 1.554152816560841588, 1.081518584236131675, -1.454660317778795786 ) ) ;
#2931 = ORIENTED_EDGE ( 'NONE', *, *, #1787, .F. ) ;
#2932 = VERTEX_POINT ( 'NONE', #839 ) ;
#2933 = CYLINDRICAL_SURFACE ( 'NONE', #2361, 1.000000000000000000 ) ;
#2934 = DIRECTION ( 'NONE',  ( 0.000000000000000000, 0.000000000000000000, 1.000000000000000000 ) ) ;
#2935 = DIRECTION ( 'NONE',  ( 0.000000000000000000, 0.000000000000000000, 1.000000000000000000 ) ) ;
#2936 = LINE ( 'NONE', #3774, #3307 ) ;
#2937 = DIRECTION ( 'NONE',  ( 0.000000000000000000, 0.000000000000000000, 1.000000000000000000 ) ) ;
#2938 = COLOUR_RGB ( '',0.7294117647058823151, 0.3568627450980392246, 0.02352941176470588203 ) ;
#2939 =( GEOMETRIC_REPRESENTATION_CONTEXT ( 3 ) GLOBAL_UNCERTAINTY_ASSIGNED_CONTEXT ( ( #35 ) ) GLOBAL_UNIT_ASSIGNED_CONTEXT ( ( #4658, #704, #1862 ) ) REPRESENTATION_CONTEXT ( 'NONE', 'WORKASPACE' ) );
#2940 = CARTESIAN_POINT ( 'NONE',  ( -1.704633274187482561, 1.081518584236131675, 1.068749999999982991 ) ) ;
#2941 = ORIENTED_EDGE ( 'NONE', *, *, #4793, .T. ) ;
#2942 = CARTESIAN_POINT ( 'NONE',  ( -1.157049069196010915, 0.4704232783555499231, 1.610445437886156350 ) ) ;
#2943 = CARTESIAN_POINT ( 'NONE',  ( -1.600000000000000311, 1.800000000000000044, 1.349999999999998312 ) ) ;
#2944 = CARTESIAN_POINT ( 'NONE',  ( 1.849999999999999867, 1.369999999999999662, 1.349999999999996758 ) ) ;
#2945 = CIRCLE ( 'NONE', #668, 1.000000000000000000 ) ;
#2946 = SURFACE_STYLE_USAGE ( .BOTH. , #1850 ) ;
#2947 = VERTEX_POINT ( 'NONE', #4043 ) ;
#2948 = EDGE_LOOP ( 'NONE', ( #4636, #473, #1039, #1020 ) ) ;
#2949 = ORIENTED_EDGE ( 'NONE', *, *, #3747, .T. ) ;
#2950 = DIRECTION ( 'NONE',  ( 1.000000000000000000, 0.000000000000000000, -1.008560160451631605E-16 ) ) ;
#2951 = VECTOR ( 'NONE', #4289, 1000.000000000000000 ) ;
#2952 = CARTESIAN_POINT ( 'NONE',  ( 0.7431661909670913557, 0.7584814157638680721, 1.801254213871077425 ) ) ;
#2953 = EDGE_LOOP ( 'NONE', ( #4091, #2980, #1568, #508 ) ) ;
#2954 = ADVANCED_FACE ( 'NONE', ( #3657 ), #3261, .F. ) ;
#2955 = DIRECTION ( 'NONE',  ( 0.000000000000000000, 0.000000000000000000, 1.000000000000000000 ) ) ;
#2956 = ORIENTED_EDGE ( 'NONE', *, *, #812, .F. ) ;
#2957 = CARTESIAN_POINT ( 'NONE',  ( 1.156941229022679929, 0.4704123649986931555, -1.610504301123740989 ) ) ;
#2958 = VECTOR ( 'NONE', #374, 1000.000000000000000 ) ;
#2959 = CARTESIAN_POINT ( 'NONE',  ( 5.782411586589332001E-16, 0.1599999999999999756, 1.600000000000000089 ) ) ;
#2960 = CARTESIAN_POINT ( 'NONE',  ( 0.6878679656440350731, 1.800000000000000044, 2.000000000000000000 ) ) ;
#2961 = CARTESIAN_POINT ( 'NONE',  ( -0.8459559885480080199, 0.4700000000000000289, -1.904044011451979879 ) ) ;
#2962 = CARTESIAN_POINT ( 'NONE',  ( 1.106066017177981253, 0.4700000000000001399, 1.643933982822017859 ) ) ;
#2963 = CARTESIAN_POINT ( 'NONE',  ( 1.137867965644034252, 0.02000000000000000042, 1.500000000000000000 ) ) ;
#2964 = CARTESIAN_POINT ( 'NONE',  ( -1.276776695296636843, 1.081518584236131675, 1.454633274187481895 ) ) ;
#2965 = ORIENTED_EDGE ( 'NONE', *, *, #3609, .F. ) ;
#2966 = VERTEX_POINT ( 'NONE', #389 ) ;
#2967 = DIRECTION ( 'NONE',  ( -0.000000000000000000, -0.000000000000000000, -1.000000000000000000 ) ) ;
#2968 = EDGE_CURVE ( 'NONE', #4634, #546, #4455, .T. ) ;
#2969 = ORIENTED_EDGE ( 'NONE', *, *, #2500, .F. ) ;
#2970 = DIRECTION ( 'NONE',  ( 7.228014483236676834E-16, -0.000000000000000000, 1.000000000000000000 ) ) ;
#2971 = AXIS2_PLACEMENT_3D ( 'NONE', #4416, #4032, #1559 ) ;
#2972 = ORIENTED_EDGE ( 'NONE', *, *, #4758, .F. ) ;
#2973 = FILL_AREA_STYLE_COLOUR ( '', #2938 ) ;
#2974 = EDGE_CURVE ( 'NONE', #3692, #82, #867, .T. ) ;
#2975 = CARTESIAN_POINT ( 'NONE',  ( 1.044588927656883826, 1.081518584236131675, -1.500013719163610926 ) ) ;
#2976 = AXIS2_PLACEMENT_3D ( 'NONE', #2792, #1715, #1767 ) ;
#2977 = EDGE_LOOP ( 'NONE', ( #2836, #2496, #2876, #57 ) ) ;
#2978 = CARTESIAN_POINT ( 'NONE',  ( 1.192336168661826790, 0.4700654701237003685, 1.600000000023239277 ) ) ;
#2979 = UNCERTAINTY_MEASURE_WITH_UNIT (LENGTH_MEASURE( 1.000000000000000082E-05 ), #2048, 'distance_accuracy_value', 'NONE');
#2980 = ORIENTED_EDGE ( 'NONE', *, *, #1873, .F. ) ;
#2981 = CARTESIAN_POINT ( 'NONE',  ( 1.160144950475821002, 0.4704088406391276900, -1.609277656161078429 ) ) ;
#2982 = AXIS2_PLACEMENT_3D ( 'NONE', #2390, #2757, #1971 ) ;
#2983 = ADVANCED_FACE ( 'NONE', ( #782 ), #3601, .T. ) ;
#2984 = DIRECTION ( 'NONE',  ( 0.000000000000000000, 1.000000000000000000, 0.000000000000000000 ) ) ;
#2985 = CARTESIAN_POINT ( 'NONE',  ( 5.782411586589332001E-16, 0.4700000000000001399, 1.600000000000000089 ) ) ;
#2986 = CARTESIAN_POINT ( 'NONE',  ( 1.214884406353047952, 0.4699999999999999734, 1.599997834888271520 ) ) ;
#2987 = DIRECTION ( 'NONE',  ( 2.891205793294679017E-15, 0.000000000000000000, 1.000000000000000000 ) ) ;
#2988 = DIRECTION ( 'NONE',  ( 0.000000000000000000, -1.000000000000000000, 0.000000000000000000 ) ) ;
#2989 = CARTESIAN_POINT ( 'NONE',  ( -1.470710678118655190, 1.081518584236131675, 1.454633274187488556 ) ) ;
#2990 = VERTEX_POINT ( 'NONE', #1150 ) ;
#2991 = VECTOR ( 'NONE', #1160, 1000.000000000000000 ) ;
#2992 = CARTESIAN_POINT ( 'NONE',  ( -1.370000000000000107, 0.04499999999999997058, 1.580000000000000515 ) ) ;
#2993 = LINE ( 'NONE', #4575, #254 ) ;
#2994 = CIRCLE ( 'NONE', #3501, 1.000000000000000222 ) ;
#2995 = ORIENTED_EDGE ( 'NONE', *, *, #3784, .T. ) ;
#2996 = DIRECTION ( 'NONE',  ( 0.000000000000000000, -1.000000000000000000, 0.000000000000000000 ) ) ;
#2997 = VERTEX_POINT ( 'NONE', #2755 ) ;
#2998 = CARTESIAN_POINT ( 'NONE',  ( -1.486602540378444193, 0.08999999999999991340, -1.300000000000000044 ) ) ;
#2999 = VECTOR ( 'NONE', #1794, 1000.000000000000000 ) ;
#3000 = EDGE_CURVE ( 'NONE', #3785, #3243, #2362, .T. ) ;
#3001 = CARTESIAN_POINT ( 'NONE',  ( 1.704633274187481007, 1.081518584236131675, 1.124999999999993339 ) ) ;
#3002 = ORIENTED_EDGE ( 'NONE', *, *, #4340, .F. ) ;
#3003 = DIRECTION ( 'NONE',  ( 2.290449872037788939E-16, 1.000000000000000000, 0.000000000000000000 ) ) ;
#3004 = ORIENTED_EDGE ( 'NONE', *, *, #248, .F. ) ;
#3005 = CARTESIAN_POINT ( 'NONE',  ( -1.486602540378444193, 0.08999999999999991340, 1.500000000000000000 ) ) ;
#3006 = CARTESIAN_POINT ( 'NONE',  ( 1.599999999999997868, 0.4699999999999999178, -1.600000000000000533 ) ) ;
#3007 = EDGE_CURVE ( 'NONE', #2018, #1407, #3989, .T. ) ;
#3008 = CARTESIAN_POINT ( 'NONE',  ( -1.500000000000000000, 0.03999999999999999389, 1.300000000000000044 ) ) ;
#3009 = CYLINDRICAL_SURFACE ( 'NONE', #4382, 0.2499999999999997780 ) ;
#3010 = DIRECTION ( 'NONE',  ( -0.000000000000000000, -1.000000000000000000, 0.000000000000000000 ) ) ;
#3011 = CARTESIAN_POINT ( 'NONE',  ( -0.9645775644191763032, 1.081518584236131675, 1.579672129759622567 ) ) ;
#3012 = VECTOR ( 'NONE', #1257, 1000.000000000000000 ) ;
#3013 = ORIENTED_EDGE ( 'NONE', *, *, #92, .T. ) ;
#3014 = ORIENTED_EDGE ( 'NONE', *, *, #3369, .F. ) ;
#3015 = CARTESIAN_POINT ( 'NONE',  ( 0.7939339828220174367, 0.04000000000000010492, 1.956066017177982008 ) ) ;
#3016 = PRESENTATION_LAYER_ASSIGNMENT (  '', '', ( #3524 ) ) ;
#3017 = EDGE_LOOP ( 'NONE', ( #670, #101, #4463, #259, #4208, #1293, #2443, #2705 ) ) ;
#3018 = ORIENTED_EDGE ( 'NONE', *, *, #3226, .F. ) ;
#3019 = AXIS2_PLACEMENT_3D ( 'NONE', #107, #1805, #914 ) ;
#3020 = CARTESIAN_POINT ( 'NONE',  ( 1.693595220564056758, 1.081518584236131675, 1.404378574867380713 ) ) ;
#3021 = COLOUR_RGB ( '',0.7294117647058823151, 0.3568627450980392246, 0.02352941176470588203 ) ;
#3022 = ORIENTED_EDGE ( 'NONE', *, *, #1047, .F. ) ;
#3023 = CARTESIAN_POINT ( 'NONE',  ( 1.214884381137065761, 0.4699999999999999734, -1.599997834909325123 ) ) ;
#3024 = VERTEX_POINT ( 'NONE', #4098 ) ;
#3025 = DIRECTION ( 'NONE',  ( 0.7071067811865464625, 0.000000000000000000, 0.7071067811865486830 ) ) ;
#3026 = MANIFOLD_SOLID_BREP ( 'Wire 1', #3454 ) ;
#3027 = VECTOR ( 'NONE', #3338, 1000.000000000000000 ) ;
#3028 = CARTESIAN_POINT ( 'NONE',  ( -1.370000000000000107, 0.4700000000000001399, 1.600000000000000533 ) ) ;
#3029 = LINE ( 'NONE', #636, #4817 ) ;
#3030 = VECTOR ( 'NONE', #1428, 1000.000000000000000 ) ;
#3031 = CARTESIAN_POINT ( 'NONE',  ( -1.104176783855062238, 0.4699999999999999734, -1.645820220537037359 ) ) ;
#3032 = CARTESIAN_POINT ( 'NONE',  ( -1.156482317317867781E-15, 1.800000000000000044, -1.599999999999999423 ) ) ;
#3033 = AXIS2_PLACEMENT_3D ( 'NONE', #1528, #1898, #4308 ) ;
#3034 = EDGE_CURVE ( 'NONE', #831, #1996, #3823, .T. ) ;
#3035 = CARTESIAN_POINT ( 'NONE',  ( -1.370000000000000107, 0.04499999999999997058, 1.580000000000000515 ) ) ;
#3036 = CARTESIAN_POINT ( 'NONE',  ( -1.850000000000000755, 1.369999999999999662, 0.9000000000000211164 ) ) ;
#3037 = ADVANCED_FACE ( 'NONE', ( #4211 ), #3434, .F. ) ;
#3038 = VERTEX_POINT ( 'NONE', #613 ) ;
#3039 = CARTESIAN_POINT ( 'NONE',  ( -1.212132034355964061, 0.03999999999999999389, -1.599999999999998535 ) ) ;
#3040 = CARTESIAN_POINT ( 'NONE',  ( 1.104176805793149363, 1.369999999999999662, 1.645820198635415066 ) ) ;
#3041 = EDGE_CURVE ( 'NONE', #3498, #2532, #2247, .T. ) ;
#3042 = EDGE_CURVE ( 'NONE', #1783, #3780, #149, .T. ) ;
#3043 = ORIENTED_EDGE ( 'NONE', *, *, #4933, .F. ) ;
#3044 = LINE ( 'NONE', #1336, #951 ) ;
#3045 = DIRECTION ( 'NONE',  ( -1.000000000000000000, 0.000000000000000000, 0.000000000000000000 ) ) ;
#3046 = CARTESIAN_POINT ( 'NONE',  ( 1.313397459621555852, 0.08999999999999996891, 1.300000000000000044 ) ) ;
#3047 = ORIENTED_EDGE ( 'NONE', *, *, #3382, .T. ) ;
#3048 = CARTESIAN_POINT ( 'NONE',  ( 1.341421356237311402, 1.369999999999999662, -1.599999999999999867 ) ) ;
#3049 = VECTOR ( 'NONE', #2459, 1000.000000000000000 ) ;
#3050 = VERTEX_POINT ( 'NONE', #4260 ) ;
#3051 = VECTOR ( 'NONE', #1823, 1000.000000000000000 ) ;
#3052 = SURFACE_STYLE_FILL_AREA ( #1815 ) ;
#3053 = ORIENTED_EDGE ( 'NONE', *, *, #496, .T. ) ;
#3054 = FACE_OUTER_BOUND ( 'NONE', #3262, .T. ) ;
#3055 = VECTOR ( 'NONE', #5057, 1000.000000000000000 ) ;
#3056 = CARTESIAN_POINT ( 'NONE',  ( 0.000000000000000000, 0.4699999999999999178, 2.000000000000000000 ) ) ;
#3057 = EDGE_CURVE ( 'NONE', #114, #1566, #3638, .T. ) ;
#3058 = LINE ( 'NONE', #2585, #801 ) ;
#3059 = VECTOR ( 'NONE', #1388, 1000.000000000000000 ) ;
#3060 = CARTESIAN_POINT ( 'NONE',  ( 1.599999999999998090, 1.370000000000000107, -1.600000000000000533 ) ) ;
#3061 = CARTESIAN_POINT ( 'NONE',  ( -1.137867965644034252, -2.606229536305277490E-16, 1.300000000000000044 ) ) ;
#3062 = ADVANCED_FACE ( 'NONE', ( #1703 ), #3064, .T. ) ;
#3063 = CARTESIAN_POINT ( 'NONE',  ( -0.6878679656440357393, 0.4699999999999999178, -2.000000000000000000 ) ) ;
#3064 = CYLINDRICAL_SURFACE ( 'NONE', #3758, 0.05999999999999994227 ) ;
#3065 = CARTESIAN_POINT ( 'NONE',  ( -1.850000000000000089, 1.369999999999999662, -0.8999999999999876987 ) ) ;
#3066 = EDGE_LOOP ( 'NONE', ( #3924, #4188, #5179, #1463 ) ) ;
#3067 = CARTESIAN_POINT ( 'NONE',  ( -1.370000000000000107, 0.04499999999999998446, 1.300000000000000044 ) ) ;
#3068 = CARTESIAN_POINT ( 'NONE',  ( -1.370000000000000107, 0.04499999999999997058, 1.580000000000000515 ) ) ;
#3069 = VERTEX_POINT ( 'NONE', #2897 ) ;
#3071 = CIRCLE ( 'NONE', #2649, 0.2499999999999997780 ) ;
#3070 = CARTESIAN_POINT ( 'NONE',  ( -1.080012420869322254, 0.4700000000000000289, 1.669900884873449343 ) ) ;
#3072 = CARTESIAN_POINT ( 'NONE',  ( 1.106066017177980365, 0.4699999999999999178, -1.643933982822018303 ) ) ;
#3073 = CARTESIAN_POINT ( 'NONE',  ( -1.750000000000000000, 0.03999999999999999389, 1.350000000000000977 ) ) ;
#3074 = EDGE_CURVE ( 'NONE', #339, #2601, #5092, .T. ) ;
#3075 = ORIENTED_EDGE ( 'NONE', *, *, #465, .T. ) ;
#3076 = ORIENTED_EDGE ( 'NONE', *, *, #5012, .T. ) ;
#3077 = PRESENTATION_STYLE_ASSIGNMENT (( #1939 ) ) ;
#3078 = COLOUR_RGB ( '',0.7294117647058823151, 0.3568627450980392246, 0.02352941176470588203 ) ;
#3079 = CARTESIAN_POINT ( 'NONE',  ( 0.6911441852410996622, 1.081518584236131675, 1.853276219597064900 ) ) ;
#3080 = ORIENTED_EDGE ( 'NONE', *, *, #1131, .F. ) ;
#3081 = CYLINDRICAL_SURFACE ( 'NONE', #2560, 0.03499999999999987843 ) ;
#3082 = AXIS2_PLACEMENT_3D ( 'NONE', #894, #522, #2221 ) ;
#3083 = ORIENTED_EDGE ( 'NONE', *, *, #1590, .T. ) ;
#3084 = CARTESIAN_POINT ( 'NONE',  ( -1.156941229057160792, 1.369587635001170201, -1.610504301110083691 ) ) ;
#3085 = MANIFOLD_SOLID_BREP ( 'Pad 2', #2446 ) ;
#3086 = CARTESIAN_POINT ( 'NONE',  ( 1.080012420869315592, 0.4700000000000000289, -1.669900884873448899 ) ) ;
#3087 = VECTOR ( 'NONE', #3589, 1000.000000000000000 ) ;
#3088 = CARTESIAN_POINT ( 'NONE',  ( -1.370000000000000107, 0.08500000000000003386, 1.300000000000000044 ) ) ;
#3089 = DIRECTION ( 'NONE',  ( 0.000000000000000000, 0.000000000000000000, 1.000000000000000000 ) ) ;
#3090 = CARTESIAN_POINT ( 'NONE',  ( -1.850000000000000311, 1.800000000000000044, -1.349999999999996758 ) ) ;
#3091 = ADVANCED_FACE ( 'NONE', ( #4361 ), #3563, .T. ) ;
#3092 = CARTESIAN_POINT ( 'NONE',  ( -1.137867965644034252, 0.02000000000000000042, 1.500000000000000000 ) ) ;
#3093 =( LENGTH_UNIT ( ) NAMED_UNIT ( * ) SI_UNIT ( .MILLI., .METRE. ) );
#3094 = DIRECTION ( 'NONE',  ( 1.000000000000000000, 0.000000000000000000, -3.614007241618332007E-16 ) ) ;
#3095 = ORIENTED_EDGE ( 'NONE', *, *, #2546, .T. ) ;
#3096 = DIRECTION ( 'NONE',  ( -1.000000000000000000, 0.000000000000000000, 7.228014483236698528E-16 ) ) ;
#3097 = CARTESIAN_POINT ( 'NONE',  ( 1.370000000000000107, 0.4350000000000001643, 1.605000000000000426 ) ) ;
#3098 = AXIS2_PLACEMENT_3D ( 'NONE', #1179, #3134, #2789 ) ;
#3099 = VERTEX_POINT ( 'NONE', #3977 ) ;
#3100 = DIRECTION ( 'NONE',  ( 0.000000000000000000, -0.000000000000000000, -1.000000000000000000 ) ) ;
#3101 = CARTESIAN_POINT ( 'NONE',  ( 1.486602540378444193, 0.08999999999999991340, -1.300000000000000044 ) ) ;
#3102 = SURFACE_STYLE_USAGE ( .BOTH. , #3978 ) ;
#3103 = ORIENTED_EDGE ( 'NONE', *, *, #3584, .F. ) ;
#3104 = AXIS2_PLACEMENT_3D ( 'NONE', #4548, #3366, #2126 ) ;
#3105 = CARTESIAN_POINT ( 'NONE',  ( 0.9760110028629974677, 1.369999999999999662, -1.773988997137000867 ) ) ;
#3106 = ORIENTED_EDGE ( 'NONE', *, *, #3340, .T. ) ;
#3107 = CARTESIAN_POINT ( 'NONE',  ( -1.600000000000000311, 1.370000000000000107, -1.349999999999998535 ) ) ;
#3108 = VECTOR ( 'NONE', #2748, 1000.000000000000000 ) ;
#3109 = ORIENTED_EDGE ( 'NONE', *, *, #563, .F. ) ;
#3110 = CARTESIAN_POINT ( 'NONE',  ( 2.000000000000000000, 0.03999999999999999389, 0.000000000000000000 ) ) ;
#3111 = CARTESIAN_POINT ( 'NONE',  ( -0.6878679656440340739, 1.370000000000000107, 2.000000000000000000 ) ) ;
#3112 = ADVANCED_FACE ( 'NONE', ( #5167 ), #3922, .F. ) ;
#3113 = DIRECTION ( 'NONE',  ( -0.000000000000000000, -1.000000000000000000, 0.000000000000000000 ) ) ;
#3114 = PLANE ( 'NONE',  #1965 ) ;
#3115 = CARTESIAN_POINT ( 'NONE',  ( 1.137867965644034696, 2.999999999999999556, 0.000000000000000000 ) ) ;
#3116 = ADVANCED_BREP_SHAPE_REPRESENTATION ( 'LQH44PH100MPRL', ( #4704, #3026, #4711, #1261, #1310, #3085, #4854, #1880 ), #4388 ) ;
#3117 = CARTESIAN_POINT ( 'NONE',  ( -1.106066017177982141, 0.4699999999999999178, -1.643933982822016748 ) ) ;
#3118 = VECTOR ( 'NONE', #180, 1000.000000000000000 ) ;
#3119 = CARTESIAN_POINT ( 'NONE',  ( -1.849934580001389328, 1.369999999999999662, -1.415442318608299388 ) ) ;
#3120 = EDGE_LOOP ( 'NONE', ( #5083, #1379, #1645, #2474 ) ) ;
#3121 = CARTESIAN_POINT ( 'NONE',  ( 1.430000000000000160, 0.4350000000000001643, 1.640000000000000346 ) ) ;
#3122 = LINE ( 'NONE', #3491, #4939 ) ;
#3123 = CIRCLE ( 'NONE', #851, 0.1499999999999999667 ) ;
#3124 = ORIENTED_EDGE ( 'NONE', *, *, #2466, .F. ) ;
#3125 = CARTESIAN_POINT ( 'NONE',  ( -1.850000000000001199, 0.4700000000000000289, 1.068749999999982547 ) ) ;
#3126 = LINE ( 'NONE', #2646, #760 ) ;
#3127 = EDGE_LOOP ( 'NONE', ( #4849, #4119, #3577, #4172 ) ) ;
#3128 = FILL_AREA_STYLE_COLOUR ( '', #252 ) ;
#3129 = CARTESIAN_POINT ( 'NONE',  ( 1.849999999999999645, 1.369999999999999662, 0.8999999999999903633 ) ) ;
#3130 = EDGE_CURVE ( 'NONE', #1277, #4607, #4334, .T. ) ;
#3131 = ORIENTED_EDGE ( 'NONE', *, *, #1741, .T. ) ;
#3132 = DIRECTION ( 'NONE',  ( 0.000000000000000000, 1.000000000000000000, 0.000000000000000000 ) ) ;
#3133 = ORIENTED_EDGE ( 'NONE', *, *, #692, .T. ) ;
#3134 = DIRECTION ( 'NONE',  ( -0.000000000000000000, -1.000000000000000000, 0.000000000000000000 ) ) ;
#3135 = EDGE_CURVE ( 'NONE', #3906, #3994, #2404, .T. ) ;
#3136 = CARTESIAN_POINT ( 'NONE',  ( 1.665442318608306937, 0.4700000000000000289, -1.599934580001375561 ) ) ;
#3137 = CARTESIAN_POINT ( 'NONE',  ( -2.000000000000000000, 0.03999999999999999389, 1.500000000000000000 ) ) ;
#3138 = CARTESIAN_POINT ( 'NONE',  ( -1.600000000000000311, 0.03899999999999997219, -1.349999999999998535 ) ) ;
#3139 = CARTESIAN_POINT ( 'NONE',  ( -1.370000000000000107, 0.4700000000000001399, 1.600000000000000533 ) ) ;
#3140 = VECTOR ( 'NONE', #2032, 1000.000000000000000 ) ;
#3141 = EDGE_CURVE ( 'NONE', #3571, #4346, #1981, .T. ) ;
#3142 = CARTESIAN_POINT ( 'NONE',  ( -1.850000000000001421, 0.4700000000000001399, 1.349999999999996536 ) ) ;
#3143 = CARTESIAN_POINT ( 'NONE',  ( 1.370000000000000107, 0.08500000000000003386, 1.300000000000000044 ) ) ;
#3144 = VECTOR ( 'NONE', #1471, 1000.000000000000000 ) ;
#3145 = CARTESIAN_POINT ( 'NONE',  ( -1.080012420869324474, 1.369999999999999662, -1.669900884873443569 ) ) ;
#3146 = B_SPLINE_CURVE_WITH_KNOTS ( 'NONE', 3,
 ( #3987, #3628, #1569, #78, #779, #2415, #4870, #1282, #4454, #4789, #2894, #2073 ),
 .UNSPECIFIED., .F., .F.,
 ( 4, 2, 2, 2, 2, 4 ),
 ( 0.000000000000000000, 0.2499999999999988343, 0.3749999999999986677, 0.4374999999999998335, 0.5000000000000009992, 1.000000000000000000 ),
 .UNSPECIFIED. ) ;
#3147 = ORIENTED_EDGE ( 'NONE', *, *, #4002, .T. ) ;
#3148 = CARTESIAN_POINT ( 'NONE',  ( 0.7939339828220174367, 1.370000000000000107, -1.956066017177982008 ) ) ;
#3149 = LINE ( 'NONE', #4732, #2435 ) ;
#3150 = PRESENTATION_LAYER_ASSIGNMENT (  '', '', ( #4067 ) ) ;
#3151 = VERTEX_POINT ( 'NONE', #4005 ) ;
#3152 = CARTESIAN_POINT ( 'NONE',  ( -1.535362774784618134, 0.4700000000000000289, -1.600064615179797478 ) ) ;
#3153 = ORIENTED_EDGE ( 'NONE', *, *, #2881, .T. ) ;
#3154 = DIRECTION ( 'NONE',  ( 0.000000000000000000, 0.000000000000000000, -1.000000000000000000 ) ) ;
#3155 = CARTESIAN_POINT ( 'NONE',  ( 1.137867965644034252, 0.03999999999999999389, 1.500000000000000000 ) ) ;
#3156 = VERTEX_POINT ( 'NONE', #1875 ) ;
#3157 =( NAMED_UNIT ( * ) SI_UNIT ( $, .STERADIAN. ) SOLID_ANGLE_UNIT ( ) );
#3158 = CARTESIAN_POINT ( 'NONE',  ( 1.729926582365060916, 1.369999999999999662, -1.573626808228212326 ) ) ;
#3159 = VERTEX_POINT ( 'NONE', #3487 ) ;
#3160 = DIRECTION ( 'NONE',  ( -0.9659258262890692004, -0.2588190451025176309, 0.000000000000000000 ) ) ;
#3161 = ORIENTED_EDGE ( 'NONE', *, *, #2853, .F. ) ;
#3162 = PLANE ( 'NONE',  #1496 ) ;
#3163 = CIRCLE ( 'NONE', #1467, 0.02000000000000005246 ) ;
#3164 = AXIS2_PLACEMENT_3D ( 'NONE', #4112, #2457, #2430 ) ;
#3165 = DIRECTION ( 'NONE',  ( 1.000000000000000000, 0.000000000000000000, 1.008560160451631605E-16 ) ) ;
#3166 = DIRECTION ( 'NONE',  ( -0.000000000000000000, 1.000000000000000000, 0.000000000000000000 ) ) ;
#3167 = VECTOR ( 'NONE', #2423, 1000.000000000000000 ) ;
#3168 = CARTESIAN_POINT ( 'NONE',  ( 1.850000000000000533, 1.369999999999999662, -1.237499999999988942 ) ) ;
#3169 = AXIS2_PLACEMENT_3D ( 'NONE', #3276, #2984, #584 ) ;
#3170 = CARTESIAN_POINT ( 'NONE',  ( -1.156482317317867781E-15, 0.03999999999999999389, -1.599999999999999423 ) ) ;
#3171 = CARTESIAN_POINT ( 'NONE',  ( -0.6878679656440356283, 1.800000000000000044, -2.000000000000000000 ) ) ;
#3172 = EDGE_CURVE ( 'NONE', #2417, #4346, #5063, .T. ) ;
#3173 = SURFACE_STYLE_USAGE ( .BOTH. , #2374 ) ;
#3174 = EDGE_LOOP ( 'NONE', ( #1075, #3953, #500, #4130 ) ) ;
#3175 = DIRECTION ( 'NONE',  ( 0.9659258262890693114, 0.2588190451025172423, 0.000000000000000000 ) ) ;
#3176 = EDGE_CURVE ( 'NONE', #3756, #339, #3670, .T. ) ;
#3177 = VERTEX_POINT ( 'NONE', #850 ) ;
#3178 = CARTESIAN_POINT ( 'NONE',  ( -1.133879506128956827, 0.4700000000000000289, -1.616213044232881257 ) ) ;
#3179 = ORIENTED_EDGE ( 'NONE', *, *, #3429, .F. ) ;
#3180 = FACE_OUTER_BOUND ( 'NONE', #464, .T. ) ;
#3181 = EDGE_LOOP ( 'NONE', ( #4422, #1595, #4996, #1255, #4598, #1246, #382, #4074 ) ) ;
#3182 = DIRECTION ( 'NONE',  ( 0.000000000000000000, 0.000000000000000000, 1.000000000000000000 ) ) ;
#3183 = CARTESIAN_POINT ( 'NONE',  ( 0.9000000000000000222, -6.123233995736772199E-17, -1.500000000000000000 ) ) ;
#3184 = ORIENTED_EDGE ( 'NONE', *, *, #4389, .F. ) ;
#3185 = ORIENTED_EDGE ( 'NONE', *, *, #1748, .T. ) ;
#3186 = DIRECTION ( 'NONE',  ( 0.000000000000000000, -1.000000000000000000, 0.000000000000000000 ) ) ;
#3187 = AXIS2_PLACEMENT_3D ( 'NONE', #4637, #658, #1053 ) ;
#3188 = CARTESIAN_POINT ( 'NONE',  ( 1.654378574867389595, 0.7584814157638680721, -1.443595220564057424 ) ) ;
#3189 = LINE ( 'NONE', #2684, #3249 ) ;
#3190 = VECTOR ( 'NONE', #2922, 1000.000000000000000 ) ;
#3191 = FACE_OUTER_BOUND ( 'NONE', #1631, .T. ) ;
#3192 = CARTESIAN_POINT ( 'NONE',  ( 1.850000000000000311, 1.369999999999999662, -0.7875000000000302869 ) ) ;
#3193 = AXIS2_PLACEMENT_3D ( 'NONE', #5172, #1276, #1190 ) ;
#3194 = CARTESIAN_POINT ( 'NONE',  ( -2.000000000000000000, 0.01999999999999980960, 1.300000000000000044 ) ) ;
#3195 = EDGE_CURVE ( 'NONE', #202, #3069, #1555, .T. ) ;
#3196 = DIRECTION ( 'NONE',  ( -0.000000000000000000, 1.000000000000000000, -0.000000000000000000 ) ) ;
#3197 = CARTESIAN_POINT ( 'NONE',  ( -1.776776695296636621, 1.369999999999999885, -1.526776695296635067 ) ) ;
#3198 = CARTESIAN_POINT ( 'NONE',  ( 1.850000000000000533, 0.4700000000000001399, 1.415920912100354867 ) ) ;
#3199 = PRESENTATION_STYLE_ASSIGNMENT (( #2436 ) ) ;
#3200 = DIRECTION ( 'NONE',  ( -0.000000000000000000, -1.000000000000000000, 0.000000000000000000 ) ) ;
#3201 = EDGE_CURVE ( 'NONE', #4436, #2643, #4516, .T. ) ;
#3202 = CIRCLE ( 'NONE', #931, 0.2500000000000000000 ) ;
#3203 = ORIENTED_EDGE ( 'NONE', *, *, #3527, .T. ) ;
#3204 = CARTESIAN_POINT ( 'NONE',  ( -1.373743686707646683, 0.7584814157638680721, -1.454633274187483449 ) ) ;
#3205 = VECTOR ( 'NONE', #2752, 1000.000000000000000 ) ;
#3206 = ORIENTED_EDGE ( 'NONE', *, *, #4296, .F. ) ;
#3207 = CARTESIAN_POINT ( 'NONE',  ( -1.850000000000000089, 1.369999999999999662, -1.068750000000004308 ) ) ;
#3208 = ORIENTED_EDGE ( 'NONE', *, *, #2044, .T. ) ;
#3209 = CARTESIAN_POINT ( 'NONE',  ( 1.599999999999999867, 1.370000000000000107, 1.349999999999998312 ) ) ;
#3210 = EDGE_CURVE ( 'NONE', #2305, #1864, #824, .T. ) ;
#3211 = DIRECTION ( 'NONE',  ( 0.000000000000000000, 0.000000000000000000, 1.000000000000000000 ) ) ;
#3212 = ORIENTED_EDGE ( 'NONE', *, *, #4773, .F. ) ;
#3213 = ORIENTED_EDGE ( 'NONE', *, *, #5005, .F. ) ;
#3214 = CARTESIAN_POINT ( 'NONE',  ( 1.156941228869110549, 1.369587635003508552, 1.610504301186509668 ) ) ;
#3215 = CARTESIAN_POINT ( 'NONE',  ( 1.693595220564049431, 0.7584814157638680721, -1.404378574867383156 ) ) ;
#3216 = CARTESIAN_POINT ( 'NONE',  ( -1.850000000000000311, 1.800000000000000044, 1.349999999999996536 ) ) ;
#3217 = SURFACE_STYLE_FILL_AREA ( #3971 ) ;
#3218 = CARTESIAN_POINT ( 'NONE',  ( 0.000000000000000000, 0.4700000000000001399, -2.000000000000000000 ) ) ;
#3219 = DIRECTION ( 'NONE',  ( 1.221214555709377446E-16, 1.000000000000000000, 0.000000000000000000 ) ) ;
#3220 = CARTESIAN_POINT ( 'NONE',  ( 1.370000000000000107, 0.4700000000000001399, 1.600000000000000533 ) ) ;
#3221 = CIRCLE ( 'NONE', #3642, 0.1499999999999999667 ) ;
#3222 = VECTOR ( 'NONE', #459, 1000.000000000000000 ) ;
#3223 = CARTESIAN_POINT ( 'NONE',  ( 1.370000000000000107, 0.04499999999999997058, 1.580000000000000515 ) ) ;
#3224 = CARTESIAN_POINT ( 'NONE',  ( -1.332153903091734204, 0.1599999999999999756, -2.000000000000000000 ) ) ;
#3225 = FACE_OUTER_BOUND ( 'NONE', #2160, .T. ) ;
#3226 = EDGE_CURVE ( 'NONE', #645, #4664, #3277, .T. ) ;
#3227 = AXIS2_PLACEMENT_3D ( 'NONE', #3298, #4999, #1865 ) ;
#3228 = EDGE_CURVE ( 'NONE', #4168, #2439, #4466, .T. ) ;
#3229 = VERTEX_POINT ( 'NONE', #2117 ) ;
#3230 = CARTESIAN_POINT ( 'NONE',  ( -1.470710678118655190, 0.7584814157638680721, 1.454633274187488778 ) ) ;
#3231 = VERTEX_POINT ( 'NONE', #3720 ) ;
#3232 = DIRECTION ( 'NONE',  ( -0.7071067811865464625, 0.000000000000000000, -0.7071067811865486830 ) ) ;
#3233 = AXIS2_PLACEMENT_3D ( 'NONE', #130, #4919, #543 ) ;
#3234 = VERTEX_POINT ( 'NONE', #3328 ) ;
#3235 = DIRECTION ( 'NONE',  ( -1.000000000000000000, 0.000000000000000000, 0.000000000000000000 ) ) ;
#3236 = CARTESIAN_POINT ( 'NONE',  ( -1.430000000000000160, 0.1049999999999999822, 1.640000000000000346 ) ) ;
#3237 = EDGE_LOOP ( 'NONE', ( #2414, #17, #5017, #4428 ) ) ;
#3238 = ADVANCED_FACE ( 'NONE', ( #4441 ), #2735, .F. ) ;
#3239 = EDGE_LOOP ( 'NONE', ( #936, #1560, #2102, #4498 ) ) ;
#3240 = DIRECTION ( 'NONE',  ( 0.000000000000000000, 0.000000000000000000, -1.000000000000000000 ) ) ;
#3241 = CARTESIAN_POINT ( 'NONE',  ( 1.704633274187457470, 0.7584814157638680721, 0.2249999999999980627 ) ) ;
#3242 = LINE ( 'NONE', #4408, #3167 ) ;
#3243 = VERTEX_POINT ( 'NONE', #428 ) ;
#3244 = SURFACE_SIDE_STYLE ('',( #3636 ) ) ;
#3245 = AXIS2_PLACEMENT_3D ( 'NONE', #1081, #3166, #371 ) ;
#3246 = VECTOR ( 'NONE', #1775, 1000.000000000000000 ) ;
#3247 = DIRECTION ( 'NONE',  ( -0.000000000000000000, -1.000000000000000000, 0.000000000000000000 ) ) ;
#3248 = FACE_OUTER_BOUND ( 'NONE', #3017, .T. ) ;
#3249 = VECTOR ( 'NONE', #1550, 1000.000000000000000 ) ;
#3250 = CARTESIAN_POINT ( 'NONE',  ( 1.214884381137065761, 0.4699999999999999734, -1.599997834909325123 ) ) ;
#3251 = EDGE_CURVE ( 'NONE', #4842, #4876, #794, .T. ) ;
#3252 = VECTOR ( 'NONE', #2839, 1000.000000000000114 ) ;
#3253 = PLANE ( 'NONE',  #1936 ) ;
#3254 = DIRECTION ( 'NONE',  ( -1.000000000000000000, 0.000000000000000000, -1.008560160451631605E-16 ) ) ;
#3255 = ORIENTED_EDGE ( 'NONE', *, *, #2197, .F. ) ;
#3256 = CARTESIAN_POINT ( 'NONE',  ( -1.693595220564063419, 0.7584814157638680721, -1.404378574867388929 ) ) ;
#3257 = VERTEX_POINT ( 'NONE', #4858 ) ;
#3258 = CARTESIAN_POINT ( 'NONE',  ( -1.850000000000001865, 1.369999999999999662, 1.349999999999996092 ) ) ;
#3259 = ORIENTED_EDGE ( 'NONE', *, *, #1900, .T. ) ;
#3260 = CARTESIAN_POINT ( 'NONE',  ( 1.849999999999999867, 1.370000000000000107, 0.000000000000000000 ) ) ;
#3261 = PLANE ( 'NONE',  #480 ) ;
#3262 = EDGE_LOOP ( 'NONE', ( #492, #5175, #2302, #4573 ) ) ;
#3263 = FILL_AREA_STYLE ('',( #4045 ) ) ;
#3264 = EDGE_LOOP ( 'NONE', ( #4625, #1267, #2254, #1283 ) ) ;
#3265 = CARTESIAN_POINT ( 'NONE',  ( 1.137867965644034252, -2.606229536305277490E-16, 0.000000000000000000 ) ) ;
#3266 = ADVANCED_FACE ( 'NONE', ( #881 ), #485, .T. ) ;
#3267 = CARTESIAN_POINT ( 'NONE',  ( 1.704656805937627029, 0.7584814157638680721, -1.310106464618640887 ) ) ;
#3268 = ORIENTED_EDGE ( 'NONE', *, *, #1852, .F. ) ;
#3269 = CIRCLE ( 'NONE', #1082, 0.1499999999999999667 ) ;
#3270 = SURFACE_STYLE_USAGE ( .BOTH. , #4051 ) ;
#3271 = EDGE_LOOP ( 'NONE', ( #1026, #3684, #1360, #4429 ) ) ;
#3272 = DIRECTION ( 'NONE',  ( -0.7071067811865490160, 0.000000000000000000, -0.7071067811865462405 ) ) ;
#3273 = EDGE_CURVE ( 'NONE', #4228, #1322, #3071, .T. ) ;
#3274 = ADVANCED_FACE ( 'NONE', ( #39 ), #2058, .T. ) ;
#3275 = CIRCLE ( 'NONE', #2429, 0.1499999999999999667 ) ;
#3276 = CARTESIAN_POINT ( 'NONE',  ( 1.467846096908265840, 0.1599999999999999756, -2.000000000000000000 ) ) ;
#3277 = LINE ( 'NONE', #4031, #4905 ) ;
#3278 =( LENGTH_UNIT ( ) NAMED_UNIT ( * ) SI_UNIT ( .MILLI., .METRE. ) );
#3279 = CARTESIAN_POINT ( 'NONE',  ( 0.000000000000000000, 1.370000000000000551, -2.000000000000000000 ) ) ;
#3280 = VECTOR ( 'NONE', #3569, 1000.000000000000000 ) ;
#3281 = DIRECTION ( 'NONE',  ( 7.228014483236676834E-16, -0.000000000000000000, 1.000000000000000000 ) ) ;
#3282 = CARTESIAN_POINT ( 'NONE',  ( 0.9000000000000000222, 0.03999999999999999389, 1.500000000000000000 ) ) ;
#3283 = ORIENTED_EDGE ( 'NONE', *, *, #1397, .T. ) ;
#3284 = CARTESIAN_POINT ( 'NONE',  ( -1.704633274187483005, 0.7584814157638680721, 1.124999999999997335 ) ) ;
#3285 = ORIENTED_EDGE ( 'NONE', *, *, #4790, .T. ) ;
#3286 = CARTESIAN_POINT ( 'NONE',  ( 1.375000000000001110, 0.03999999999999999389, -1.374999999999996669 ) ) ;
#3287 = EDGE_LOOP ( 'NONE', ( #2551, #2928, #4046, #5177, #1697, #4039 ) ) ;
#3288 = CARTESIAN_POINT ( 'NONE',  ( 1.212132034355962507, 0.4700000000000001399, -1.600000000000000311 ) ) ;
#3289 = DIRECTION ( 'NONE',  ( 0.000000000000000000, 0.000000000000000000, 1.000000000000000000 ) ) ;
#3290 = CIRCLE ( 'NONE', #2693, 0.1499999999999999667 ) ;
#3291 = VERTEX_POINT ( 'NONE', #3695 ) ;
#3292 = VERTEX_POINT ( 'NONE', #95 ) ;
#3293 = LINE ( 'NONE', #842, #5004 ) ;
#3294 = CIRCLE ( 'NONE', #597, 0.1499999999999999667 ) ;
#3295 = ADVANCED_FACE ( 'NONE', ( #1691 ), #3302, .F. ) ;
#3296 = CARTESIAN_POINT ( 'NONE',  ( 1.729926582365064913, 0.4700000000000000289, 1.573626808228214768 ) ) ;
#3297 = ORIENTED_EDGE ( 'NONE', *, *, #2617, .T. ) ;
#3298 = CARTESIAN_POINT ( 'NONE',  ( 6.871349616113367311E-16, 3.000000000000000000, -1.300000000000000044 ) ) ;
#3299 = VERTEX_POINT ( 'NONE', #2536 ) ;
#3300 = LINE ( 'NONE', #2112, #662 ) ;
#3301 = DIRECTION ( 'NONE',  ( -0.000000000000000000, -1.000000000000000000, -0.000000000000000000 ) ) ;
#3302 = PLANE ( 'NONE',  #2232 ) ;
#3303 = EDGE_CURVE ( 'NONE', #33, #1315, #5151, .T. ) ;
#3304 = CARTESIAN_POINT ( 'NONE',  ( -1.600000000000000977, 0.4699999999999999178, 1.600000000000000533 ) ) ;
#3305 = DIRECTION ( 'NONE',  ( -0.000000000000000000, -1.000000000000000000, 0.000000000000000000 ) ) ;
#3306 = PLANE ( 'NONE',  #1676 ) ;
#3307 = VECTOR ( 'NONE', #2119, 1000.000000000000000 ) ;
#3308 = CIRCLE ( 'NONE', #2375, 0.1499999999999999667 ) ;
#3309 = ORIENTED_EDGE ( 'NONE', *, *, #4632, .T. ) ;
#3310 = CARTESIAN_POINT ( 'NONE',  ( -0.8979779942740038212, 0.4700000000000000289, -1.852022005725995513 ) ) ;
#3311 = VERTEX_POINT ( 'NONE', #400 ) ;
#3312 = DIRECTION ( 'NONE',  ( -0.000000000000000000, 1.000000000000000000, -0.000000000000000000 ) ) ;
#3313 = DIRECTION ( 'NONE',  ( -3.614007241618331514E-16, 0.000000000000000000, -1.000000000000000000 ) ) ;
#3314 = CARTESIAN_POINT ( 'NONE',  ( 1.467846096908265840, 0.1599999999999999756, -1.600000000000000533 ) ) ;
#3315 = VECTOR ( 'NONE', #4512, 1000.000000000000000 ) ;
#3316 = CARTESIAN_POINT ( 'NONE',  ( -1.600000000000000977, 0.4699999999999999178, 1.600000000000000533 ) ) ;
#3317 = VECTOR ( 'NONE', #4743, 1000.000000000000000 ) ;
#3318 = ORIENTED_EDGE ( 'NONE', *, *, #4778, .F. ) ;
#3319 = VERTEX_POINT ( 'NONE', #2006 ) ;
#3320 = CARTESIAN_POINT ( 'NONE',  ( -1.137867965644034030, 0.03999999999999999389, 1.500000000000000000 ) ) ;
#3321 = CARTESIAN_POINT ( 'NONE',  ( 1.704633274187481673, 0.7584814157638680721, 1.068750000000003642 ) ) ;
#3322 = ORIENTED_EDGE ( 'NONE', *, *, #1803, .T. ) ;
#3323 = CARTESIAN_POINT ( 'NONE',  ( 1.140903751186105319, 0.4703606810440490449, 1.617895831603209933 ) ) ;
#3324 = EDGE_LOOP ( 'NONE', ( #3109, #4578, #4226, #1643 ) ) ;
#3325 = EDGE_CURVE ( 'NONE', #1403, #1761, #10, .T. ) ;
#3326 = CARTESIAN_POINT ( 'NONE',  ( 0.9000000000000000222, -6.123233995736772199E-17, 1.500000000000000000 ) ) ;
#3327 = CARTESIAN_POINT ( 'NONE',  ( -1.850000000000000311, 0.03899999999999997219, -1.349999999999996758 ) ) ;
#3328 = CARTESIAN_POINT ( 'NONE',  ( 0.7939339828220174367, 1.370000000000000107, -1.956066017177982008 ) ) ;
#3329 = VECTOR ( 'NONE', #4158, 1000.000000000000000 ) ;
#3330 = DIRECTION ( 'NONE',  ( 1.000000000000000000, -0.000000000000000000, 0.000000000000000000 ) ) ;
#3331 = DIRECTION ( 'NONE',  ( 0.000000000000000000, 0.000000000000000000, 1.000000000000000000 ) ) ;
#3332 = VECTOR ( 'NONE', #2568, 999.9999999999998863 ) ;
#3333 = EDGE_CURVE ( 'NONE', #3571, #2475, #1214, .T. ) ;
#3334 = CARTESIAN_POINT ( 'NONE',  ( -1.054044011451985341, 1.369999999999999662, 1.695955988548011995 ) ) ;
#3335 = EDGE_CURVE ( 'NONE', #926, #4142, #3058, .T. ) ;
#3336 = ORIENTED_EDGE ( 'NONE', *, *, #3195, .T. ) ;
#3337 = CARTESIAN_POINT ( 'NONE',  ( -1.156941229022671047, 0.4704123649986804989, 1.610504301123744320 ) ) ;
#3338 = DIRECTION ( 'NONE',  ( 0.000000000000000000, -1.000000000000000000, 0.000000000000000000 ) ) ;
#3339 = CYLINDRICAL_SURFACE ( 'NONE', #3104, 0.1499999999999999667 ) ;
#3340 = EDGE_CURVE ( 'NONE', #3660, #549, #3794, .T. ) ;
#3341 = VECTOR ( 'NONE', #4481, 1000.000000000000000 ) ;
#3342 = ORIENTED_EDGE ( 'NONE', *, *, #2694, .T. ) ;
#3343 = FACE_OUTER_BOUND ( 'NONE', #2419, .T. ) ;
#3344 = ORIENTED_EDGE ( 'NONE', *, *, #837, .T. ) ;
#3345 = CARTESIAN_POINT ( 'NONE',  ( 0.000000000000000000, 1.800000000000000044, 2.000000000000000000 ) ) ;
#3346 = CARTESIAN_POINT ( 'NONE',  ( 1.646418236177794592, 0.7584814157638680721, 1.454605893752866308 ) ) ;
#3347 = ORIENTED_EDGE ( 'NONE', *, *, #3802, .T. ) ;
#3348 = APPLICATION_CONTEXT ( 'automotive_design' ) ;
#3349 = CARTESIAN_POINT ( 'NONE',  ( 1.430000000000000160, 0.1049999999999999684, 1.580000000000000515 ) ) ;
#3350 = UNCERTAINTY_MEASURE_WITH_UNIT (LENGTH_MEASURE( 1.000000000000000082E-05 ), #2179, 'distance_accuracy_value', 'NONE');
#3351 = VERTEX_POINT ( 'NONE', #1347 ) ;
#3352 = CARTESIAN_POINT ( 'NONE',  ( 1.375000000000001110, 1.800000000000000044, -1.374999999999996669 ) ) ;
#3353 = LINE ( 'NONE', #3327, #4497 ) ;
#3354 = CARTESIAN_POINT ( 'NONE',  ( -1.212132034355961840, 1.370000000000000107, 1.750000000000000444 ) ) ;
#3355 = VECTOR ( 'NONE', #897, 1000.000000000000000 ) ;
#3356 = CARTESIAN_POINT ( 'NONE',  ( 1.471628135451015229, 0.4700000000000001399, 1.599999999999999423 ) ) ;
#3357 = DIRECTION ( 'NONE',  ( 0.000000000000000000, 1.000000000000000000, 0.000000000000000000 ) ) ;
#3358 = VECTOR ( 'NONE', #1627, 1000.000000000000000 ) ;
#3359 = EDGE_CURVE ( 'NONE', #1460, #1996, #3990, .T. ) ;
#3360 = DIRECTION ( 'NONE',  ( -0.000000000000000000, 1.000000000000000000, -0.000000000000000000 ) ) ;
#3361 = AXIS2_PLACEMENT_3D ( 'NONE', #2783, #1674, #2099 ) ;
#3362 = CARTESIAN_POINT ( 'NONE',  ( -1.080012420869317813, 1.369999999999999662, 1.669900884873444902 ) ) ;
#3363 = ORIENTED_EDGE ( 'NONE', *, *, #4705, .F. ) ;
#3364 = EDGE_CURVE ( 'NONE', #3024, #184, #1730, .T. ) ;
#3365 = DIRECTION ( 'NONE',  ( 1.000000000000000000, 0.000000000000000000, -1.008560160451631605E-16 ) ) ;
#3366 = DIRECTION ( 'NONE',  ( 0.000000000000000000, 1.000000000000000000, 0.000000000000000000 ) ) ;
#3367 = VECTOR ( 'NONE', #4419, 1000.000000000000000 ) ;
#3368 = ORIENTED_EDGE ( 'NONE', *, *, #3057, .T. ) ;
#3369 = EDGE_CURVE ( 'NONE', #728, #4063, #3456, .T. ) ;
#3370 = ORIENTED_EDGE ( 'NONE', *, *, #1483, .F. ) ;
#3371 = DIRECTION ( 'NONE',  ( 1.008560160451631605E-16, 0.000000000000000000, -1.000000000000000000 ) ) ;
#3372 = CARTESIAN_POINT ( 'NONE',  ( 0.9512542138710763373, 1.081518584236131675, -1.593166190967087559 ) ) ;
#3373 = EDGE_LOOP ( 'NONE', ( #1626, #3400, #4679, #1441 ) ) ;
#3374 = CARTESIAN_POINT ( 'NONE',  ( 1.979999999999999982, 0.01999999999999980960, 1.500000000000000000 ) ) ;
#3375 = VERTEX_POINT ( 'NONE', #5029 ) ;
#3376 = CARTESIAN_POINT ( 'NONE',  ( 1.157049069195966284, 0.4704232783555619135, -1.610445437886174336 ) ) ;
#3377 = CIRCLE ( 'NONE', #1098, 0.1499999999999999667 ) ;
#3378 = CARTESIAN_POINT ( 'NONE',  ( 1.343256251954917380, 1.370000000000000107, 1.599999999999999645 ) ) ;
#3379 = CARTESIAN_POINT ( 'NONE',  ( -0.6878679656440340739, 0.9200000000000000400, 1.850000000000000089 ) ) ;
#3380 = CARTESIAN_POINT ( 'NONE',  ( -1.053414748917300026, 0.4700000000000000289, -1.696585251082698864 ) ) ;
#3381 = CARTESIAN_POINT ( 'NONE',  ( 1.849999999999999867, 0.4700000000000001399, -0.4499999999999989009 ) ) ;
#3382 = EDGE_CURVE ( 'NONE', #1052, #4228, #4614, .T. ) ;
#3383 = DIRECTION ( 'NONE',  ( 0.000000000000000000, -0.000000000000000000, -1.000000000000000000 ) ) ;
#3384 = CARTESIAN_POINT ( 'NONE',  ( -1.470710678118643644, 1.081518584236131675, -1.454633274187473013 ) ) ;
#3385 = EDGE_CURVE ( 'NONE', #3650, #3898, #4794, .T. ) ;
#3386 = ORIENTED_EDGE ( 'NONE', *, *, #3553, .T. ) ;
#3387 = FACE_OUTER_BOUND ( 'NONE', #4328, .T. ) ;
#3388 = DIRECTION ( 'NONE',  ( 3.129822080702406349E-16, -1.000000000000000000, 0.000000000000000000 ) ) ;
#3389 = EDGE_LOOP ( 'NONE', ( #2613, #213, #3581, #2965 ) ) ;
#3390 =( NAMED_UNIT ( * ) PLANE_ANGLE_UNIT ( ) SI_UNIT ( $, .RADIAN. ) );
#3391 = VECTOR ( 'NONE', #1723, 1000.000000000000000 ) ;
#3392 = ORIENTED_EDGE ( 'NONE', *, *, #2401, .T. ) ;
#3393 = CARTESIAN_POINT ( 'NONE',  ( -1.106066017177981919, 1.800000000000000044, -1.643933982822016748 ) ) ;
#3394 = CARTESIAN_POINT ( 'NONE',  ( 1.704633274187482117, 1.081518584236131675, -0.8999999999999872546 ) ) ;
#3395 = STYLED_ITEM ( 'NONE', ( #1991 ), #4854 ) ;
#3396 = EDGE_CURVE ( 'NONE', #142, #3906, #550, .T. ) ;
#3397 = ORIENTED_EDGE ( 'NONE', *, *, #1369, .T. ) ;
#3398 = CARTESIAN_POINT ( 'NONE',  ( 1.152519472321578586, 0.4704123649984602862, 1.612335852721248575 ) ) ;
#3399 = PRODUCT_DEFINITION_CONTEXT ( 'detailed design', #3348, 'design' ) ;
#3400 = ORIENTED_EDGE ( 'NONE', *, *, #1553, .T. ) ;
#3401 = DIRECTION ( 'NONE',  ( 2.290449872037788939E-16, -1.000000000000000000, -0.000000000000000000 ) ) ;
#3402 = EDGE_CURVE ( 'NONE', #2532, #4946, #4638, .T. ) ;
#3403 = VECTOR ( 'NONE', #3132, 1000.000000000000000 ) ;
#3404 = LINE ( 'NONE', #4135, #561 ) ;
#3405 = DIRECTION ( 'NONE',  ( -0.7071067811865464625, 0.000000000000000000, 0.7071067811865486830 ) ) ;
#3406 = CARTESIAN_POINT ( 'NONE',  ( 5.782411586589332001E-16, 0.03999999999999999389, 1.600000000000000089 ) ) ;
#3407 = LINE ( 'NONE', #3032, #3555 ) ;
#3408 = LINE ( 'NONE', #1777, #1642 ) ;
#3409 = CARTESIAN_POINT ( 'NONE',  ( -1.002022005725990317, 1.369999999999999662, 1.747977994274006797 ) ) ;
#3410 = VERTEX_POINT ( 'NONE', #1772 ) ;
#3411 = STYLED_ITEM ( 'NONE', ( #4310 ), #3112 ) ;
#3412 = ORIENTED_EDGE ( 'NONE', *, *, #3325, .T. ) ;
#3413 = DIRECTION ( 'NONE',  ( 0.000000000000000000, -1.000000000000000000, 0.000000000000000000 ) ) ;
#3414 = VECTOR ( 'NONE', #3360, 1000.000000000000000 ) ;
#3415 = ORIENTED_EDGE ( 'NONE', *, *, #1948, .T. ) ;
#3416 = CARTESIAN_POINT ( 'NONE',  ( 0.6878679656440350731, 0.9200000000000000400, -1.850000000000000089 ) ) ;
#3417 = ORIENTED_EDGE ( 'NONE', *, *, #4855, .T. ) ;
#3418 = DIRECTION ( 'NONE',  ( -1.000000000000000000, 0.000000000000000000, -0.000000000000000000 ) ) ;
#3419 = VECTOR ( 'NONE', #171, 1000.000000000000000 ) ;
#3420 = CARTESIAN_POINT ( 'NONE',  ( 1.704633274187482117, 1.081518584236131675, -0.4499999999999296785 ) ) ;
#3421 = ORIENTED_EDGE ( 'NONE', *, *, #2566, .T. ) ;
#3422 = CARTESIAN_POINT ( 'NONE',  ( 0.6878679656440350731, 1.800000000000000044, -2.000000000000000000 ) ) ;
#3423 = ORIENTED_EDGE ( 'NONE', *, *, #3041, .F. ) ;
#3424 = CARTESIAN_POINT ( 'NONE',  ( 1.106066017177980365, 0.4699999999999999178, -1.643933982822018303 ) ) ;
#3425 = ADVANCED_FACE ( 'NONE', ( #2631 ), #1220, .F. ) ;
#3426 = CARTESIAN_POINT ( 'NONE',  ( -0.7939339828220178807, 0.4700000000000001399, -1.956066017177982008 ) ) ;
#3427 = EDGE_CURVE ( 'NONE', #4876, #2148, #413, .T. ) ;
#3428 = CARTESIAN_POINT ( 'NONE',  ( -1.375000000000001332, 1.800000000000000044, -1.374999999999996225 ) ) ;
#3429 = EDGE_CURVE ( 'NONE', #840, #2014, #2167, .T. ) ;
#3430 = DIRECTION ( 'NONE',  ( -0.000000000000000000, 1.000000000000000000, -0.000000000000000000 ) ) ;
#3431 = LINE ( 'NONE', #1871, #4877 ) ;
#3432 = EDGE_CURVE ( 'NONE', #2123, #1048, #1372, .T. ) ;
#3433 = CARTESIAN_POINT ( 'NONE',  ( -1.823389819250511579, 0.4700000000000001399, 1.480163571515933807 ) ) ;
#3434 = CYLINDRICAL_SURFACE ( 'NONE', #1738, 0.1499999999999999667 ) ;
#3435 = CARTESIAN_POINT ( 'NONE',  ( -0.9512542138710722295, 1.081518584236131675, -1.593166190967091556 ) ) ;
#3436 = VECTOR ( 'NONE', #2815, 1000.000000000000000 ) ;
#3437 = ORIENTED_EDGE ( 'NONE', *, *, #5032, .T. ) ;
#3438 = CARTESIAN_POINT ( 'NONE',  ( 1.172752600169819859, 1.369801795387486587, -1.604047581302516789 ) ) ;
#3439 = LINE ( 'NONE', #1535, #3108 ) ;
#3440 = VERTEX_POINT ( 'NONE', #4178 ) ;
#3441 = DIRECTION ( 'NONE',  ( 1.000000000000000000, 0.000000000000000000, -7.228014483236676834E-16 ) ) ;
#3442 = CARTESIAN_POINT ( 'NONE',  ( -1.776776695296637287, 0.4699999999999999734, -1.526776695296635067 ) ) ;
#3443 = LINE ( 'NONE', #1459, #336 ) ;
#3444 = VERTEX_POINT ( 'NONE', #1396 ) ;
#3445 = SURFACE_STYLE_USAGE ( .BOTH. , #1410 ) ;
#3446 = PRESENTATION_LAYER_ASSIGNMENT (  '', '', ( #4435 ) ) ;
#3447 = EDGE_CURVE ( 'NONE', #725, #4313, #2190, .T. ) ;
#3448 = CARTESIAN_POINT ( 'NONE',  ( 1.554152816560752548, 1.081518584236131675, 1.454660317778786682 ) ) ;
#3449 = ORIENTED_EDGE ( 'NONE', *, *, #1635, .F. ) ;
#3450 = DIRECTION ( 'NONE',  ( 0.2588190451025176309, 0.9659258262890692004, 0.000000000000000000 ) ) ;
#3451 = ORIENTED_EDGE ( 'NONE', *, *, #1174, .F. ) ;
#3452 = SURFACE_STYLE_FILL_AREA ( #979 ) ;
#3453 = EDGE_CURVE ( 'NONE', #3839, #4372, #3163, .T. ) ;
#3454 = CLOSED_SHELL ( 'NONE', ( #372, #4279, #1259, #3062, #3988, #1902, #3112, #903, #2113, #5103, #2713 ) ) ;
#3455 = CARTESIAN_POINT ( 'NONE',  ( -1.600000000000000311, 1.370000000000000107, -1.349999999999998535 ) ) ;
#3456 = LINE ( 'NONE', #3842, #2399 ) ;
#3457 = AXIS2_PLACEMENT_3D ( 'NONE', #4034, #4832, #827 ) ;
#3458 = CYLINDRICAL_SURFACE ( 'NONE', #206, 0.2500000000000000000 ) ;
#3459 = FACE_OUTER_BOUND ( 'NONE', #3829, .T. ) ;
#3460 = PLANE ( 'NONE',  #3996 ) ;
#3461 = EDGE_CURVE ( 'NONE', #3243, #2618, #3746, .T. ) ;
#3462 = CARTESIAN_POINT ( 'NONE',  ( -1.470710678118654746, 1.369999999999999662, 1.600000000000007194 ) ) ;
#3463 = EDGE_LOOP ( 'NONE', ( #2720, #1338, #2094, #3347 ) ) ;
#3464 = FACE_OUTER_BOUND ( 'NONE', #1684, .T. ) ;
#3465 = LINE ( 'NONE', #1828, #1765 ) ;
#3466 = ORIENTED_EDGE ( 'NONE', *, *, #3228, .F. ) ;
#3467 = CARTESIAN_POINT ( 'NONE',  ( -0.9760110028629931378, 0.4700000000000000289, 1.773988997137002865 ) ) ;
#3468 = CARTESIAN_POINT ( 'NONE',  ( -1.750000000000000222, 0.03999999999999999389, 1.600000000000000755 ) ) ;
#3469 = CARTESIAN_POINT ( 'NONE',  ( -0.9000000000000000222, -6.123233995736772199E-17, 1.500000000000000000 ) ) ;
#3470 = ORIENTED_EDGE ( 'NONE', *, *, #3369, .T. ) ;
#3471 = CARTESIAN_POINT ( 'NONE',  ( 0.7182937486512241954, 0.9200000000000001510, 1.880425783007189322 ) ) ;
#3472 = CARTESIAN_POINT ( 'NONE',  ( 1.849999999999999645, 1.369999999999999662, 0.4500000000000080047 ) ) ;
#3473 = TOROIDAL_SURFACE ( 'NONE', #1620, 1.043028554974587463, 1.000000000000000222 ) ;
#3474 = ORIENTED_EDGE ( 'NONE', *, *, #1714, .T. ) ;
#3475 = EDGE_CURVE ( 'NONE', #1231, #289, #1821, .T. ) ;
#3476 = LINE ( 'NONE', #1493, #288 ) ;
#3477 = LINE ( 'NONE', #1540, #4896 ) ;
#3478 = EDGE_LOOP ( 'NONE', ( #4238, #1304, #1101, #1841 ) ) ;
#3479 = CARTESIAN_POINT ( 'NONE',  ( -1.212132034355964061, 1.800000000000000044, -1.749999999999998446 ) ) ;
#3480 = PRESENTATION_LAYER_ASSIGNMENT (  '', '', ( #1203 ) ) ;
#3481 = DIRECTION ( 'NONE',  ( 0.000000000000000000, 0.000000000000000000, 1.000000000000000000 ) ) ;
#3482 = CARTESIAN_POINT ( 'NONE',  ( -1.147494429339795285, 1.369598794666903929, 1.614610987208638715 ) ) ;
#3483 = VECTOR ( 'NONE', #3232, 1000.000000000000000 ) ;
#3484 = CARTESIAN_POINT ( 'NONE',  ( 1.599999999999997868, 1.369999999999999662, -1.600000000000000089 ) ) ;
#3485 = CARTESIAN_POINT ( 'NONE',  ( 1.850000000000000089, 0.4699999999999999178, 1.349999999999996758 ) ) ;
#3486 = FACE_OUTER_BOUND ( 'NONE', #2889, .T. ) ;
#3487 = CARTESIAN_POINT ( 'NONE',  ( -1.137867965644034252, 0.04000000000000010492, 1.500000000000000000 ) ) ;
#3488 = CARTESIAN_POINT ( 'NONE',  ( 1.106066017177981031, 0.03999999999999999389, 1.643933982822017636 ) ) ;
#3489 = ORIENTED_EDGE ( 'NONE', *, *, #3609, .T. ) ;
#3490 = CARTESIAN_POINT ( 'NONE',  ( 1.135274709220731149, 1.369689826827583889, -1.620946871143885248 ) ) ;
#3491 = CARTESIAN_POINT ( 'NONE',  ( -0.9000000000000000222, 0.03999999999999999389, -1.500000000000000000 ) ) ;
#3492 = EDGE_CURVE ( 'NONE', #1779, #862, #3029, .T. ) ;
#3493 = VERTEX_POINT ( 'NONE', #1156 ) ;
#3495 = AXIS2_PLACEMENT_3D ( 'NONE', #2908, #4494, #4415 ) ;
#3494 = CARTESIAN_POINT ( 'NONE',  ( -1.850000000000001199, 0.4700000000000000289, 0.9000000000000211164 ) ) ;
#3496 = CARTESIAN_POINT ( 'NONE',  ( -1.300000000000000044, 0.03999999999999999389, 1.600000000000000755 ) ) ;
#3497 = FILL_AREA_STYLE_COLOUR ( '', #3021 ) ;
#3498 = VERTEX_POINT ( 'NONE', #4331 ) ;
#3499 = DIRECTION ( 'NONE',  ( -0.000000000000000000, -1.000000000000000000, 0.000000000000000000 ) ) ;
#3500 = EDGE_CURVE ( 'NONE', #1052, #2449, #1525, .T. ) ;
#3501 = AXIS2_PLACEMENT_3D ( 'NONE', #1134, #1953, #4360 ) ;
#3502 = CARTESIAN_POINT ( 'NONE',  ( 1.823626808228211216, 1.369999999999999662, 1.479926582365053145 ) ) ;
#3503 = ORIENTED_EDGE ( 'NONE', *, *, #5032, .F. ) ;
#3504 = B_SPLINE_CURVE_WITH_KNOTS ( 'NONE', 3,
 ( #3721, #3356, #2168, #2986 ),
 .UNSPECIFIED., .F., .F.,
 ( 4, 4 ),
 ( 0.000000000000000000, 1.000000000000000000 ),
 .UNSPECIFIED. ) ;
#3505 = ORIENTED_EDGE ( 'NONE', *, *, #1852, .T. ) ;
#3506 = FACE_OUTER_BOUND ( 'NONE', #4472, .T. ) ;
#3507 = CARTESIAN_POINT ( 'NONE',  ( 1.823626808228209439, 0.4700000000000000289, -1.479926582365064691 ) ) ;
#3508 = DIRECTION ( 'NONE',  ( 0.000000000000000000, 0.000000000000000000, -1.000000000000000000 ) ) ;
#3509 = CARTESIAN_POINT ( 'NONE',  ( 0.6878679656440350731, 0.9200000000000000400, -1.850000000000000089 ) ) ;
#3510 = DIRECTION ( 'NONE',  ( 1.000000000000000000, 0.000000000000000000, 0.000000000000000000 ) ) ;
#3511 = CARTESIAN_POINT ( 'NONE',  ( -1.214884406352906732, 0.4699999999999999734, -1.599997834888271075 ) ) ;
#3512 = CARTESIAN_POINT ( 'NONE',  ( 5.782411586589332001E-16, 0.03999999999999999389, 1.600000000000000089 ) ) ;
#3513 = EDGE_LOOP ( 'NONE', ( #3652, #4551, #313, #2351 ) ) ;
#3514 = ADVANCED_FACE ( 'NONE', ( #1469 ), #3583, .F. ) ;
#3515 = CARTESIAN_POINT ( 'NONE',  ( 0.6878679656440351842, 0.4699999999999999178, -1.850000000000000089 ) ) ;
#3516 = CARTESIAN_POINT ( 'NONE',  ( 0.6878679656440351842, 1.370000000000000551, 1.850000000000000089 ) ) ;
#3517 = VECTOR ( 'NONE', #4690, 1000.000000000000000 ) ;
#3518 = EDGE_CURVE ( 'NONE', #1322, #2339, #4356, .T. ) ;
#3519 = ORIENTED_EDGE ( 'NONE', *, *, #3335, .F. ) ;
#3520 = CYLINDRICAL_SURFACE ( 'NONE', #2297, 0.02000000000000005246 ) ;
#3521 = CARTESIAN_POINT ( 'NONE',  ( 1.370000000000000107, 0.08500000000000003386, 1.300000000000000044 ) ) ;
#3522 = EDGE_LOOP ( 'NONE', ( #4093, #3849, #3833, #773 ) ) ;
#3523 = CARTESIAN_POINT ( 'NONE',  ( -0.6878679656440356283, 1.800000000000000044, -2.000000000000000000 ) ) ;
#3524 = STYLED_ITEM ( 'NONE', ( #1435 ), #1261 ) ;
#3525 = CARTESIAN_POINT ( 'NONE',  ( 1.373743686707651124, 1.369999999999999662, 1.600000000000002309 ) ) ;
#3526 = ORIENTED_EDGE ( 'NONE', *, *, #3382, .F. ) ;
#3527 = EDGE_CURVE ( 'NONE', #184, #2447, #3189, .T. ) ;
#3528 = CARTESIAN_POINT ( 'NONE',  ( -1.313397459621555852, 0.08999999999999996891, 1.300000000000000044 ) ) ;
#3529 = AXIS2_PLACEMENT_3D ( 'NONE', #1302, #4089, #2488 ) ;
#3530 = VERTEX_POINT ( 'NONE', #3556 ) ;
#3531 = CARTESIAN_POINT ( 'NONE',  ( -0.6878679656440340739, 1.800000000000000044, 2.000000000000000000 ) ) ;
#3532 = CARTESIAN_POINT ( 'NONE',  ( -1.500000000000000000, 0.03999999999999999389, 1.500000000000000000 ) ) ;
#3533 = CARTESIAN_POINT ( 'NONE',  ( -2.000000000000000000, 0.4700000000000001399, 1.350000000000000977 ) ) ;
#3534 = DIRECTION ( 'NONE',  ( 0.000000000000000000, 0.000000000000000000, 1.000000000000000000 ) ) ;
#3535 = FACE_OUTER_BOUND ( 'NONE', #1313, .T. ) ;
#3536 = COLOUR_RGB ( '',0.7294117647058823151, 0.3568627450980392246, 0.02352941176470588203 ) ;
#3537 = EDGE_CURVE ( 'NONE', #2022, #4729, #1921, .T. ) ;
#3538 = CARTESIAN_POINT ( 'NONE',  ( -1.850000000000000755, 1.369999999999999662, 0.7874999999999969802 ) ) ;
#3539 = ORIENTED_EDGE ( 'NONE', *, *, #4891, .F. ) ;
#3540 = CARTESIAN_POINT ( 'NONE',  ( 1.425400529837773655, 0.9200000000000000400, -2.587532564193734785 ) ) ;
#3541 = DIRECTION ( 'NONE',  ( -0.2588190451025171868, 0.9659258262890693114, 1.870747806538481284E-16 ) ) ;
#3542 = CIRCLE ( 'NONE', #5115, 1.000000000000000222 ) ;
#3543 = ORIENTED_EDGE ( 'NONE', *, *, #2421, .F. ) ;
#3544 = CARTESIAN_POINT ( 'NONE',  ( -1.729926582365058696, 0.4700000000000000289, -1.573626808228213880 ) ) ;
#3545 = PLANE ( 'NONE',  #4450 ) ;
#3546 = ORIENTED_EDGE ( 'NONE', *, *, #4922, .F. ) ;
#3547 = CARTESIAN_POINT ( 'NONE',  ( -1.106066017177981919, 1.370000000000000107, -1.643933982822016748 ) ) ;
#3548 = CARTESIAN_POINT ( 'NONE',  ( 1.244453428269146178, 1.369999999999999662, 1.599946135094314492 ) ) ;
#3549 = ORIENTED_EDGE ( 'NONE', *, *, #1625, .T. ) ;
#3550 = B_SPLINE_CURVE_WITH_KNOTS ( 'NONE', 3,
 ( #1440, #2263, #3863, #5126, #385, #267, #2753, #1567 ),
 .UNSPECIFIED., .F., .F.,
 ( 4, 2, 2, 4 ),
 ( 0.000000000000000000, 0.04102736852512763044, 0.06154105278769173709, 0.08155846656722487431 ),
 .UNSPECIFIED. ) ;
#3551 = VERTEX_POINT ( 'NONE', #3893 ) ;
#3552 = CARTESIAN_POINT ( 'NONE',  ( -1.104176805792804972, 1.369999999999999662, -1.645820198635759901 ) ) ;
#3553 = EDGE_CURVE ( 'NONE', #192, #4689, #4748, .T. ) ;
#3554 = CARTESIAN_POINT ( 'NONE',  ( 0.7939339828220174367, 0.4700000000000000289, -1.956066017177982008 ) ) ;
#3555 = VECTOR ( 'NONE', #3870, 1000.000000000000000 ) ;
#3556 = CARTESIAN_POINT ( 'NONE',  ( -1.332153903091734204, 0.1599999999999999756, -1.599999999999998312 ) ) ;
#3557 = EDGE_CURVE ( 'NONE', #579, #2366, #2294, .T. ) ;
#3558 = PLANE ( 'NONE',  #783 ) ;
#3559 = CARTESIAN_POINT ( 'NONE',  ( -0.8976595247001617484, 1.370000000000000107, 1.852340475299836475 ) ) ;
#3560 = VECTOR ( 'NONE', #3094, 1000.000000000000000 ) ;
#3561 = EDGE_CURVE ( 'NONE', #600, #1783, #1140, .T. ) ;
#3562 = LINE ( 'NONE', #5142, #4493 ) ;
#3563 = CYLINDRICAL_SURFACE ( 'NONE', #4564, 0.2500000000000000000 ) ;
#3564 = AXIS2_PLACEMENT_3D ( 'NONE', #2427, #1606, #1951 ) ;
#3565 = CARTESIAN_POINT ( 'NONE',  ( -1.002022005725991427, 0.4700000000000001399, 1.747977994274006353 ) ) ;
#3566 = ORIENTED_EDGE ( 'NONE', *, *, #774, .T. ) ;
#3567 = ORIENTED_EDGE ( 'NONE', *, *, #3640, .T. ) ;
#3568 = DIRECTION ( 'NONE',  ( -0.000000000000000000, -1.000000000000000000, -0.000000000000000000 ) ) ;
#3569 = DIRECTION ( 'NONE',  ( -1.000000000000000000, -0.000000000000000000, -0.000000000000000000 ) ) ;
#3570 = VECTOR ( 'NONE', #2920, 1000.000000000000000 ) ;
#3571 = VERTEX_POINT ( 'NONE', #3088 ) ;
#3572 = CARTESIAN_POINT ( 'NONE',  ( -1.276776695296638620, 0.4700000000000000289, -1.599999999999998535 ) ) ;
#3573 = EDGE_LOOP ( 'NONE', ( #165, #4247, #1659, #5145 ) ) ;
#3574 = DIRECTION ( 'NONE',  ( 0.000000000000000000, 0.000000000000000000, -1.000000000000000000 ) ) ;
#3575 = VERTEX_POINT ( 'NONE', #4774 ) ;
#3576 = CARTESIAN_POINT ( 'NONE',  ( -1.214884377932808457, 1.369999999999999885, -1.599997834909320682 ) ) ;
#3577 = ORIENTED_EDGE ( 'NONE', *, *, #3447, .T. ) ;
#3578 = ORIENTED_EDGE ( 'NONE', *, *, #3718, .T. ) ;
#3579 = CARTESIAN_POINT ( 'NONE',  ( 0.000000000000000000, 0.9200000000000000400, 2.893028554974587774 ) ) ;
#3580 = PRESENTATION_LAYER_ASSIGNMENT (  '', '', ( #566 ) ) ;
#3581 = ORIENTED_EDGE ( 'NONE', *, *, #4506, .F. ) ;
#3582 = CARTESIAN_POINT ( 'NONE',  ( 1.850000000000000755, 0.4700000000000000289, -0.7875000000000302869 ) ) ;
#3583 = PLANE ( 'NONE',  #3245 ) ;
#3584 = EDGE_CURVE ( 'NONE', #1542, #2084, #3970, .T. ) ;
#3585 = DIRECTION ( 'NONE',  ( 0.000000000000000000, 0.000000000000000000, -1.000000000000000000 ) ) ;
#3586 = PLANE ( 'NONE',  #4203 ) ;
#3587 = VECTOR ( 'NONE', #3942, 1000.000000000000000 ) ;
#3588 = CARTESIAN_POINT ( 'NONE',  ( 1.776776695296637731, 1.369999999999999885, -1.526776695296635511 ) ) ;
#3589 = DIRECTION ( 'NONE',  ( 1.000000000000000000, 1.221214555709377446E-16, -0.000000000000000000 ) ) ;
#3590 = EDGE_CURVE ( 'NONE', #4320, #3725, #4667, .T. ) ;
#3591 = EDGE_CURVE ( 'NONE', #4132, #3887, #232, .T. ) ;
#3592 = CARTESIAN_POINT ( 'NONE',  ( 1.370000000000000107, 0.4350000000000001643, 1.640000000000000346 ) ) ;
#3593 =( LENGTH_UNIT ( ) NAMED_UNIT ( * ) SI_UNIT ( .MILLI., .METRE. ) );
#3594 = CARTESIAN_POINT ( 'NONE',  ( -1.137867965644034030, -2.606229536305276996E-16, -1.500000000000000000 ) ) ;
#3595 = CARTESIAN_POINT ( 'NONE',  ( 1.212132034355963395, 1.800000000000000044, 1.749999999999999556 ) ) ;
#3596 = EDGE_LOOP ( 'NONE', ( #1306, #4510, #3018, #1789 ) ) ;
#3597 = CARTESIAN_POINT ( 'NONE',  ( -1.646418236177703109, 0.7584814157638680721, -1.454605893752880297 ) ) ;
#3598 = ORIENTED_EDGE ( 'NONE', *, *, #45, .T. ) ;
#3599 = ORIENTED_EDGE ( 'NONE', *, *, #3537, .T. ) ;
#3600 = LINE ( 'NONE', #5180, #4266 ) ;
#3601 = PLANE ( 'NONE',  #981 ) ;
#3602 = ORIENTED_EDGE ( 'NONE', *, *, #3960, .F. ) ;
#3603 = ORIENTED_EDGE ( 'NONE', *, *, #93, .T. ) ;
#3604 = CARTESIAN_POINT ( 'NONE',  ( 1.849999999999999867, 1.369999999999999662, 1.349999999999996758 ) ) ;
#3605 = AXIS2_PLACEMENT_3D ( 'NONE', #3005, #1792, #559 ) ;
#3606 = CARTESIAN_POINT ( 'NONE',  ( 1.704633274187482561, 0.7584814157638680721, -1.125000000000004441 ) ) ;
#3607 = CARTESIAN_POINT ( 'NONE',  ( 1.300000000000000044, 0.03999999999999999389, -1.500000000000000000 ) ) ;
#3608 = VECTOR ( 'NONE', #836, 1000.000000000000000 ) ;
#3609 = EDGE_CURVE ( 'NONE', #622, #81, #1984, .T. ) ;
#3610 = DIRECTION ( 'NONE',  ( 0.000000000000000000, 1.000000000000000000, -0.000000000000000000 ) ) ;
#3611 = EDGE_CURVE ( 'NONE', #359, #4288, #985, .T. ) ;
#3612 = DIRECTION ( 'NONE',  ( 0.000000000000000000, 1.000000000000000000, 0.000000000000000000 ) ) ;
#3613 = AXIS2_PLACEMENT_3D ( 'NONE', #3516, #745, #3851 ) ;
#3614 = CARTESIAN_POINT ( 'NONE',  ( 0.6878679656440350731, 1.370000000000000107, 2.000000000000000000 ) ) ;
#3615 = CARTESIAN_POINT ( 'NONE',  ( 1.343256256229539591, 0.4700000000000001399, -1.600000000000000311 ) ) ;
#3616 = VECTOR ( 'NONE', #1071, 1000.000000000000000 ) ;
#3617 = CARTESIAN_POINT ( 'NONE',  ( 1.370000000000000107, 0.04499999999999998446, 1.300000000000000044 ) ) ;
#3618 = DIRECTION ( 'NONE',  ( 0.000000000000000000, 0.000000000000000000, -1.000000000000000000 ) ) ;
#3619 = DIRECTION ( 'NONE',  ( -0.2588190451025171868, 0.9659258262890692004, 0.000000000000000000 ) ) ;
#3620 = EDGE_CURVE ( 'NONE', #1779, #233, #1130, .T. ) ;
#3621 = EDGE_LOOP ( 'NONE', ( #4963, #1120, #1957, #4687 ) ) ;
#3622 = CARTESIAN_POINT ( 'NONE',  ( -1.044588927656878941, 0.7584814157638680721, -1.500013719163616255 ) ) ;
#3623 = ADVANCED_FACE ( 'NONE', ( #3916 ), #5114, .T. ) ;
#3624 = CIRCLE ( 'NONE', #680, 1.000000000000000000 ) ;
#3625 = ORIENTED_EDGE ( 'NONE', *, *, #620, .F. ) ;
#3626 = CARTESIAN_POINT ( 'NONE',  ( -1.850000000000000089, 1.369999999999999662, -0.4499999999999917399 ) ) ;
#3627 = ORIENTED_EDGE ( 'NONE', *, *, #3784, .F. ) ;
#3628 = CARTESIAN_POINT ( 'NONE',  ( -1.109198629397737834, 0.4700146517766337073, -1.640801370602261278 ) ) ;
#3629 = DIRECTION ( 'NONE',  ( -0.000000000000000000, -1.000000000000000000, 0.000000000000000000 ) ) ;
#3630 = VERTEX_POINT ( 'NONE', #1182 ) ;
#3631 = ORIENTED_EDGE ( 'NONE', *, *, #3172, .T. ) ;
#3632 = FACE_OUTER_BOUND ( 'NONE', #2948, .T. ) ;
#3633 = CARTESIAN_POINT ( 'NONE',  ( 1.260114491811284099, 0.7584814157638680721, -1.454527208181955356 ) ) ;
#3634 = FACE_OUTER_BOUND ( 'NONE', #4990, .T. ) ;
#3635 = ORIENTED_EDGE ( 'NONE', *, *, #1225, .T. ) ;
#3636 = SURFACE_STYLE_FILL_AREA ( #2028 ) ;
#3637 = CARTESIAN_POINT ( 'NONE',  ( -1.106066017177979477, 1.800000000000000044, 1.643933982822018525 ) ) ;
#3638 = B_SPLINE_CURVE_WITH_KNOTS ( 'NONE', 3,
 ( #1062, #2127, #498, #3316 ),
 .UNSPECIFIED., .F., .F.,
 ( 4, 4 ),
 ( 0.000000000000000000, 1.000000000000000000 ),
 .UNSPECIFIED. ) ;
#3639 = DIRECTION ( 'NONE',  ( 0.000000000000000000, -1.000000000000000000, 0.000000000000000000 ) ) ;
#3640 = EDGE_CURVE ( 'NONE', #3444, #440, #3998, .T. ) ;
#3641 = CARTESIAN_POINT ( 'NONE',  ( 1.750000000000000888, 0.4700000000000001399, 1.350000000000000533 ) ) ;
#3642 = AXIS2_PLACEMENT_3D ( 'NONE', #2719, #1063, #4312 ) ;
#3643 =( NAMED_UNIT ( * ) PLANE_ANGLE_UNIT ( ) SI_UNIT ( $, .RADIAN. ) );
#3644 = EDGE_CURVE ( 'NONE', #2575, #2663, #4383, .T. ) ;
#3645 = PRESENTATION_LAYER_ASSIGNMENT (  '', '', ( #2131 ) ) ;
#3646 = CARTESIAN_POINT ( 'NONE',  ( -0.7939339828220162154, 1.370000000000000107, 1.956066017177982452 ) ) ;
#3647 = PLANE ( 'NONE',  #3792 ) ;
#3648 = DIRECTION ( 'NONE',  ( 0.000000000000000000, 0.000000000000000000, 1.000000000000000000 ) ) ;
#3649 = VECTOR ( 'NONE', #2054, 1000.000000000000000 ) ;
#3650 = VERTEX_POINT ( 'NONE', #1630 ) ;
#3651 = CARTESIAN_POINT ( 'NONE',  ( -1.704605893752874746, 0.7584814157638680721, -1.396418236177714434 ) ) ;
#3652 = ORIENTED_EDGE ( 'NONE', *, *, #137, .F. ) ;
#3653 = DIRECTION ( 'NONE',  ( -0.000000000000000000, -1.000000000000000000, 0.000000000000000000 ) ) ;
#3654 = ORIENTED_EDGE ( 'NONE', *, *, #3007, .F. ) ;
#3655 = CARTESIAN_POINT ( 'NONE',  ( 1.106066017177980365, 0.4699999999999999178, -1.643933982822018303 ) ) ;
#3656 = ADVANCED_FACE ( 'NONE', ( #32 ), #4434, .F. ) ;
#3657 = FACE_OUTER_BOUND ( 'NONE', #3181, .T. ) ;
#3658 = VERTEX_POINT ( 'NONE', #1605 ) ;
#3659 = ADVANCED_FACE ( 'NONE', ( #395 ), #2001, .F. ) ;
#3660 = VERTEX_POINT ( 'NONE', #3216 ) ;
#3661 = CARTESIAN_POINT ( 'NONE',  ( 0.9000000000000000222, -6.123233995736772199E-17, 1.500000000000000000 ) ) ;
#3662 = CARTESIAN_POINT ( 'NONE',  ( 1.646418236177700889, 0.7584814157638680721, -1.454605893752861201 ) ) ;
#3663 = ORIENTED_EDGE ( 'NONE', *, *, #952, .F. ) ;
#3664 = CARTESIAN_POINT ( 'NONE',  ( 0.6878679656440350731, 0.9200000000000001510, 1.850000000000000089 ) ) ;
#3665 = UNCERTAINTY_MEASURE_WITH_UNIT (LENGTH_MEASURE( 1.000000000000000082E-05 ), #2786, 'distance_accuracy_value', 'NONE');
#3666 = VECTOR ( 'NONE', #1325, 1000.000000000000000 ) ;
#3667 = ORIENTED_EDGE ( 'NONE', *, *, #4773, .T. ) ;
#3668 = DIRECTION ( 'NONE',  ( 0.000000000000000000, 0.000000000000000000, 1.000000000000000000 ) ) ;
#3669 = DIRECTION ( 'NONE',  ( 0.000000000000000000, -0.000000000000000000, -1.000000000000000000 ) ) ;
#3670 = LINE ( 'NONE', #4829, #1385 ) ;
#3671 = PRESENTATION_STYLE_ASSIGNMENT (( #3173 ) ) ;
#3672 = CARTESIAN_POINT ( 'NONE',  ( 1.776776695296638175, 0.4699999999999999734, -1.526776695296635955 ) ) ;
#3673 = MECHANICAL_DESIGN_GEOMETRIC_PRESENTATION_REPRESENTATION (  '', ( #2322 ), #63 ) ;
#3674 = CARTESIAN_POINT ( 'NONE',  ( 1.106066017177981031, 1.369999999999999662, 1.643933982822017414 ) ) ;
#3675 = CARTESIAN_POINT ( 'NONE',  ( 1.370000000000000107, 0.08500000000000003386, 1.300000000000000044 ) ) ;
#3676 = VERTEX_POINT ( 'NONE', #4798 ) ;
#3677 = CARTESIAN_POINT ( 'NONE',  ( -1.341421356237310292, 0.7584814157638680721, -1.454633274187479675 ) ) ;
#3678 = ORIENTED_EDGE ( 'NONE', *, *, #2044, .F. ) ;
#3679 = DIRECTION ( 'NONE',  ( 1.000000000000000000, 0.000000000000000000, -1.008560160451631605E-16 ) ) ;
#3680 = ORIENTED_EDGE ( 'NONE', *, *, #4645, .F. ) ;
#3681 = LINE ( 'NONE', #1619, #1922 ) ;
#3682 = EDGE_CURVE ( 'NONE', #4201, #438, #3242, .T. ) ;
#3683 = DIRECTION ( 'NONE',  ( 0.000000000000000000, -1.000000000000000000, 0.000000000000000000 ) ) ;
#3684 = ORIENTED_EDGE ( 'NONE', *, *, #875, .F. ) ;
#3685 = ORIENTED_EDGE ( 'NONE', *, *, #1609, .T. ) ;
#3686 = LINE ( 'NONE', #1286, #3436 ) ;
#3687 = CARTESIAN_POINT ( 'NONE',  ( 1.704633274187482339, 0.7584814157638680721, -0.7875000000000305089 ) ) ;
#3688 = ADVANCED_FACE ( 'NONE', ( #3634 ), #2069, .F. ) ;
#3689 = VERTEX_POINT ( 'NONE', #4049 ) ;
#3690 = COLOUR_RGB ( '',0.7294117647058823151, 0.3568627450980392246, 0.02352941176470588203 ) ;
#3691 = DIRECTION ( 'NONE',  ( 0.000000000000000000, 4.840188270024564298E-17, -1.000000000000000000 ) ) ;
#3692 = VERTEX_POINT ( 'NONE', #3797 ) ;
#3693 = LINE ( 'NONE', #927, #103 ) ;
#3694 = DIRECTION ( 'NONE',  ( 7.228014483236676834E-16, -0.000000000000000000, 1.000000000000000000 ) ) ;
#3695 = CARTESIAN_POINT ( 'NONE',  ( -2.000000000000000000, 0.01999999999999980960, 1.300000000000000044 ) ) ;
#3696 = CARTESIAN_POINT ( 'NONE',  ( 1.214884377932376580, 1.369999999999999662, 1.599997834909321792 ) ) ;
#3697 = DIRECTION ( 'NONE',  ( -1.008560160451631605E-16, 0.000000000000000000, 1.000000000000000000 ) ) ;
#3698 = CIRCLE ( 'NONE', #418, 0.1499999999999999667 ) ;
#3699 = DIRECTION ( 'NONE',  ( 0.000000000000000000, 0.000000000000000000, 1.000000000000000000 ) ) ;
#3700 = EDGE_CURVE ( 'NONE', #3658, #3963, #46, .T. ) ;
#3701 = ORIENTED_EDGE ( 'NONE', *, *, #9, .T. ) ;
#3702 = CARTESIAN_POINT ( 'NONE',  ( -1.054044011451989782, 0.4700000000000000289, -1.695955988548009108 ) ) ;
#3703 = ORIENTED_EDGE ( 'NONE', *, *, #2426, .T. ) ;
#3704 = CARTESIAN_POINT ( 'NONE',  ( 1.849999999999999867, 0.03899999999999997219, -1.349999999999996758 ) ) ;
#3705 = ORIENTED_EDGE ( 'NONE', *, *, #3871, .T. ) ;
#3706 = DIRECTION ( 'NONE',  ( 0.000000000000000000, 1.000000000000000000, -0.000000000000000000 ) ) ;
#3707 = FILL_AREA_STYLE_COLOUR ( '', #2498 ) ;
#3708 = AXIS2_PLACEMENT_3D ( 'NONE', #279, #646, #5067 ) ;
#3709 = ORIENTED_EDGE ( 'NONE', *, *, #4413, .F. ) ;
#3710 = ORIENTED_EDGE ( 'NONE', *, *, #3561, .T. ) ;
#3711 = FACE_OUTER_BOUND ( 'NONE', #24, .T. ) ;
#3712 = VECTOR ( 'NONE', #1718, 1000.000000000000000 ) ;
#3713 = CARTESIAN_POINT ( 'NONE',  ( 1.704656805937631914, 1.081518584236131675, 1.310106464618639333 ) ) ;
#3714 = ORIENTED_EDGE ( 'NONE', *, *, #205, .F. ) ;
#3715 = CARTESIAN_POINT ( 'NONE',  ( 1.135274709227417134, 0.4703101731724932399, 1.620946871139806955 ) ) ;
#3716 = ORIENTED_EDGE ( 'NONE', *, *, #3640, .F. ) ;
#3717 = CARTESIAN_POINT ( 'NONE',  ( 1.212132034355962507, 0.4700000000000001399, -1.750000000000000222 ) ) ;
#3718 = EDGE_CURVE ( 'NONE', #2990, #3177, #4406, .T. ) ;
#3719 = PLANE ( 'NONE',  #4818 ) ;
#3720 = CARTESIAN_POINT ( 'NONE',  ( 1.106066017177981253, 0.4699999999999999178, 1.643933982822018081 ) ) ;
#3721 = CARTESIAN_POINT ( 'NONE',  ( 1.600000000000000089, 0.4699999999999999178, 1.599999999999998757 ) ) ;
#3722 = FACE_OUTER_BOUND ( 'NONE', #813, .T. ) ;
#3723 = ADVANCED_FACE ( 'NONE', ( #1752 ), #153, .T. ) ;
#3724 = AXIS2_PLACEMENT_3D ( 'NONE', #3416, #2576, #1807 ) ;
#3725 = VERTEX_POINT ( 'NONE', #2196 ) ;
#3726 = CARTESIAN_POINT ( 'NONE',  ( -1.704633274187482561, 1.081518584236131675, 0.9000000000000212275 ) ) ;
#3727 = EDGE_LOOP ( 'NONE', ( #4483, #2690, #1366, #2845 ) ) ;
#3728 = CARTESIAN_POINT ( 'NONE',  ( -1.160144950475796355, 0.4704088406391152000, 1.609277656161088865 ) ) ;
#3729 = CARTESIAN_POINT ( 'NONE',  ( -1.212132034355961840, 1.800000000000000044, 1.600000000000000533 ) ) ;
#3730 = CARTESIAN_POINT ( 'NONE',  ( 1.850000000000000977, 1.369999999999999662, -1.349999999999996758 ) ) ;
#3731 = COLOUR_RGB ( '',0.5019607843137254832, 0.5019607843137254832, 0.5019607843137254832 ) ;
#3732 = FILL_AREA_STYLE ('',( #3707 ) ) ;
#3733 = CIRCLE ( 'NONE', #1042, 0.2500000000000000000 ) ;
#3734 = VERTEX_POINT ( 'NONE', #1401 ) ;
#3735 = CARTESIAN_POINT ( 'NONE',  ( 1.370000000000000107, 0.08500000000000003386, 1.300000000000000044 ) ) ;
#3736 = ORIENTED_EDGE ( 'NONE', *, *, #1008, .T. ) ;
#3737 = ORIENTED_EDGE ( 'NONE', *, *, #1128, .T. ) ;
#3738 = DIRECTION ( 'NONE',  ( -1.000000000000000000, 0.000000000000000000, 7.228014483236698528E-16 ) ) ;
#3739 = B_SPLINE_CURVE_WITH_KNOTS ( 'NONE', 3,
 ( #1361, #237, #187, #162 ),
 .UNSPECIFIED., .F., .F.,
 ( 4, 4 ),
 ( 0.000000000000000000, 1.000000000000000000 ),
 .UNSPECIFIED. ) ;
#3740 = CARTESIAN_POINT ( 'NONE',  ( 1.704633274187481451, 1.081518584236131675, 0.4500000000000080602 ) ) ;
#3741 = EDGE_LOOP ( 'NONE', ( #1990, #3466, #3791, #2490 ) ) ;
#3742 = CARTESIAN_POINT ( 'NONE',  ( 1.104805497252629332, 1.369999999999999218, 1.645190409632056872 ) ) ;
#3743 = ORIENTED_EDGE ( 'NONE', *, *, #3557, .F. ) ;
#3744 = CARTESIAN_POINT ( 'NONE',  ( 1.120063807947845547, 0.4700654701219875720, -1.629936192055658095 ) ) ;
#3745 = PLANE ( 'NONE',  #1647 ) ;
#3746 = LINE ( 'NONE', #1028, #2149 ) ;
#3747 = EDGE_CURVE ( 'NONE', #3319, #3887, #4975, .T. ) ;
#3748 = VECTOR ( 'NONE', #4205, 1000.000000000000000 ) ;
#3749 = FACE_OUTER_BOUND ( 'NONE', #3264, .T. ) ;
#3750 = VECTOR ( 'NONE', #4616, 1000.000000000000000 ) ;
#3751 = CARTESIAN_POINT ( 'NONE',  ( -1.214884406352971125, 1.369999999999999885, 1.599997834888272852 ) ) ;
#3752 = EDGE_CURVE ( 'NONE', #2038, #4530, #4570, .T. ) ;
#3754 = AXIS2_PLACEMENT_3D ( 'NONE', #1868, #4330, #2317 ) ;
#3753 = CARTESIAN_POINT ( 'NONE',  ( -1.654378574867377383, 1.081518584236131675, -1.443595220564053427 ) ) ;
#3755 = VERTEX_POINT ( 'NONE', #1352 ) ;
#3756 = VERTEX_POINT ( 'NONE', #4960 ) ;
#3757 = DIRECTION ( 'NONE',  ( -1.000000000000000000, 0.000000000000000000, 0.000000000000000000 ) ) ;
#3758 = AXIS2_PLACEMENT_3D ( 'NONE', #2101, #2661, #3289 ) ;
#3759 = ORIENTED_EDGE ( 'NONE', *, *, #736, .T. ) ;
#3760 = CARTESIAN_POINT ( 'NONE',  ( 1.729926582365187926, 1.369999999999999885, -1.573626808228219209 ) ) ;
#3761 = EDGE_LOOP ( 'NONE', ( #1519, #3451, #1673, #3013 ) ) ;
#3762 = CARTESIAN_POINT ( 'NONE',  ( -0.6878679656440364054, 0.9200000000000000400, -2.893028554974587774 ) ) ;
#3763 = CARTESIAN_POINT ( 'NONE',  ( 1.260114491811284099, 1.081518584236131675, -1.454527208181955134 ) ) ;
#3764 = EDGE_CURVE ( 'NONE', #4276, #1509, #2170, .T. ) ;
#3765 = ORIENTED_EDGE ( 'NONE', *, *, #2886, .F. ) ;
#3766 = LINE ( 'NONE', #143, #122 ) ;
#3767 = UNCERTAINTY_MEASURE_WITH_UNIT (LENGTH_MEASURE( 1.000000000000000082E-05 ), #4579, 'distance_accuracy_value', 'NONE');
#3768 = ORIENTED_EDGE ( 'NONE', *, *, #1492, .T. ) ;
#3769 = CARTESIAN_POINT ( 'NONE',  ( 1.212132034355963395, 1.370000000000000107, 1.599999999999999645 ) ) ;
#3770 = CARTESIAN_POINT ( 'NONE',  ( 1.212132034355962507, 1.800000000000000044, -1.600000000000000311 ) ) ;
#3771 = DIRECTION ( 'NONE',  ( -0.000000000000000000, -1.000000000000000000, 0.000000000000000000 ) ) ;
#3772 = VECTOR ( 'NONE', #3914, 1000.000000000000114 ) ;
#3773 = ADVANCED_FACE ( 'NONE', ( #4542 ), #3460, .T. ) ;
#3774 = CARTESIAN_POINT ( 'NONE',  ( -1.106066017177981919, 1.800000000000000044, -1.643933982822016748 ) ) ;
#3775 = CARTESIAN_POINT ( 'NONE',  ( 1.599999999999999867, 0.4699999999999999178, -1.349999999999998535 ) ) ;
#3776 = VECTOR ( 'NONE', #1121, 1000.000000000000000 ) ;
#3777 = CARTESIAN_POINT ( 'NONE',  ( 1.313397459621555852, 0.08999999999999996891, 1.500000000000000000 ) ) ;
#3778 = VECTOR ( 'NONE', #4035, 1000.000000000000000 ) ;
#3779 = CARTESIAN_POINT ( 'NONE',  ( -1.276776695296638842, 1.081518584236131675, -1.454633274187479453 ) ) ;
#3780 = VERTEX_POINT ( 'NONE', #4209 ) ;
#3781 = VERTEX_POINT ( 'NONE', #3063 ) ;
#3782 = CARTESIAN_POINT ( 'NONE',  ( 1.375000000000001110, 0.4700000000000001399, 1.374999999999996669 ) ) ;
#3783 = EDGE_CURVE ( 'NONE', #524, #5099, #3408, .T. ) ;
#3784 = EDGE_CURVE ( 'NONE', #1264, #3755, #2635, .T. ) ;
#3785 = VERTEX_POINT ( 'NONE', #934 ) ;
#3786 = ORIENTED_EDGE ( 'NONE', *, *, #3871, .F. ) ;
#3787 = FACE_OUTER_BOUND ( 'NONE', #5105, .T. ) ;
#3788 = CARTESIAN_POINT ( 'NONE',  ( 1.704633274187482339, 1.081518584236131675, -1.237499999999989164 ) ) ;
#3789 = VERTEX_POINT ( 'NONE', #4163 ) ;
#3790 =( NAMED_UNIT ( * ) PLANE_ANGLE_UNIT ( ) SI_UNIT ( $, .RADIAN. ) );
#3791 = ORIENTED_EDGE ( 'NONE', *, *, #2763, .F. ) ;
#3792 = AXIS2_PLACEMENT_3D ( 'NONE', #1245, #3281, #432 ) ;
#3793 = CARTESIAN_POINT ( 'NONE',  ( -2.000000000000000000, 0.4700000000000001399, -1.350000000000000089 ) ) ;
#3794 = LINE ( 'NONE', #2606, #4079 ) ;
#3795 = DIRECTION ( 'NONE',  ( 2.891205793294679017E-15, 0.000000000000000000, 1.000000000000000000 ) ) ;
#3796 = DIRECTION ( 'NONE',  ( -0.000000000000000000, -1.000000000000000000, -0.000000000000000000 ) ) ;
#3797 = CARTESIAN_POINT ( 'NONE',  ( 1.137867965644034030, -2.606229536305276996E-16, -1.500000000000000000 ) ) ;
#3798 = CARTESIAN_POINT ( 'NONE',  ( -1.704633274187482561, 1.081518584236131675, 0.4500000000000010103 ) ) ;
#3799 = ORIENTED_EDGE ( 'NONE', *, *, #1950, .T. ) ;
#3800 = DIRECTION ( 'NONE',  ( -0.000000000000000000, 1.000000000000000000, -0.000000000000000000 ) ) ;
#3801 = DIRECTION ( 'NONE',  ( 0.000000000000000000, 0.000000000000000000, -1.000000000000000000 ) ) ;
#3802 = EDGE_CURVE ( 'NONE', #134, #516, #567, .T. ) ;
#3803 = ORIENTED_EDGE ( 'NONE', *, *, #3935, .T. ) ;
#3804 = DIRECTION ( 'NONE',  ( 0.000000000000000000, -0.000000000000000000, -1.000000000000000000 ) ) ;
#3805 = AXIS2_PLACEMENT_3D ( 'NONE', #2644, #2970, #3441 ) ;
#3806 = VECTOR ( 'NONE', #4887, 1000.000000000000000 ) ;
#3807 = VERTEX_POINT ( 'NONE', #225 ) ;
#3808 = EDGE_CURVE ( 'NONE', #2014, #2532, #4822, .T. ) ;
#3809 = EDGE_CURVE ( 'NONE', #2009, #4603, #2220, .T. ) ;
#3810 = CARTESIAN_POINT ( 'NONE',  ( 0.7951881966930768320, 1.081518584236131675, -1.749232208145086842 ) ) ;
#3811 = CIRCLE ( 'NONE', #2800, 0.1499999999999999667 ) ;
#3812 = CIRCLE ( 'NONE', #4062, 0.2500000000000014988 ) ;
#3813 = ORIENTED_EDGE ( 'NONE', *, *, #810, .T. ) ;
#3814 = EDGE_CURVE ( 'NONE', #1048, #4906, #4987, .T. ) ;
#3815 = VERTEX_POINT ( 'NONE', #1424 ) ;
#3816 = SURFACE_SIDE_STYLE ('',( #3452 ) ) ;
#3817 = AXIS2_PLACEMENT_3D ( 'NONE', #2338, #3160, #1152 ) ;
#3818 = LINE ( 'NONE', #1720, #2999 ) ;
#3819 = DIRECTION ( 'NONE',  ( 0.000000000000000000, 0.000000000000000000, -1.000000000000000000 ) ) ;
#3820 = CARTESIAN_POINT ( 'NONE',  ( 1.313397459621555852, 0.08999999999999996891, -1.300000000000000044 ) ) ;
#3821 = DIRECTION ( 'NONE',  ( -0.000000000000000000, 1.000000000000000000, -0.000000000000000000 ) ) ;
#3822 = CARTESIAN_POINT ( 'NONE',  ( -1.850000000000001421, 0.4700000000000001399, 1.416393284103456329 ) ) ;
#3823 = LINE ( 'NONE', #2925, #2158 ) ;
#3824 = CARTESIAN_POINT ( 'NONE',  ( -1.704605893752874524, 1.081518584236131675, -1.396418236177714434 ) ) ;
#3825 = ORIENTED_EDGE ( 'NONE', *, *, #3141, .F. ) ;
#3826 = CARTESIAN_POINT ( 'NONE',  ( 0.9000000000000000222, -6.123233995736772199E-17, -1.500000000000000000 ) ) ;
#3827 = LINE ( 'NONE', #5016, #4116 ) ;
#3828 = CIRCLE ( 'NONE', #1896, 0.2500000000000002220 ) ;
#3829 = EDGE_LOOP ( 'NONE', ( #178, #941, #2941, #2467 ) ) ;
#3830 = CARTESIAN_POINT ( 'NONE',  ( -0.6878679656440340739, 0.03999999999999999389, 2.000000000000000000 ) ) ;
#3831 = DIRECTION ( 'NONE',  ( 1.000000000000000000, -0.000000000000000000, -3.614007241618331514E-16 ) ) ;
#3832 = LINE ( 'NONE', #2256, #2272 ) ;
#3833 = ORIENTED_EDGE ( 'NONE', *, *, #3034, .F. ) ;
#3834 = SURFACE_SIDE_STYLE ('',( #2231 ) ) ;
#3835 = VECTOR ( 'NONE', #1175, 1000.000000000000000 ) ;
#3836 = CARTESIAN_POINT ( 'NONE',  ( 1.054044011451987339, 1.369999999999999662, 1.695955988548010662 ) ) ;
#3837 = ORIENTED_EDGE ( 'NONE', *, *, #4917, .T. ) ;
#3838 = DIRECTION ( 'NONE',  ( 0.000000000000000000, -1.000000000000000000, 0.000000000000000000 ) ) ;
#3839 = VERTEX_POINT ( 'NONE', #1009 ) ;
#3840 = EDGE_CURVE ( 'NONE', #4050, #3630, #540, .T. ) ;
#3841 = LINE ( 'NONE', #218, #3419 ) ;
#3842 = CARTESIAN_POINT ( 'NONE',  ( -1.430000000000000160, 0.4700000000000001399, 1.600000000000000533 ) ) ;
#3843 = CARTESIAN_POINT ( 'NONE',  ( 1.106066017177981031, 0.4699999999999999178, 1.643933982822017636 ) ) ;
#3844 = CYLINDRICAL_SURFACE ( 'NONE', #454, 0.2500000000000000000 ) ;
#3845 = DIRECTION ( 'NONE',  ( 1.000000000000000000, -0.000000000000000000, 0.000000000000000000 ) ) ;
#3846 = CARTESIAN_POINT ( 'NONE',  ( 0.000000000000000000, 1.370000000000000107, 2.000000000000000000 ) ) ;
#3847 = CARTESIAN_POINT ( 'NONE',  ( -1.212132034355964061, 1.800000000000000044, -1.599999999999998535 ) ) ;
#3848 = AXIS2_PLACEMENT_3D ( 'NONE', #3579, #269, #3964 ) ;
#3849 = ORIENTED_EDGE ( 'NONE', *, *, #3359, .T. ) ;
#3850 = CARTESIAN_POINT ( 'NONE',  ( -1.370000000000000107, 0.4350000000000001643, 1.605000000000000426 ) ) ;
#3851 = DIRECTION ( 'NONE',  ( 0.000000000000000000, 0.000000000000000000, 1.000000000000000000 ) ) ;
#3852 = CIRCLE ( 'NONE', #665, 0.2500000000000000000 ) ;
#3853 = ORIENTED_EDGE ( 'NONE', *, *, #5110, .T. ) ;
#3854 = CARTESIAN_POINT ( 'NONE',  ( -1.172863264053002341, 0.4700000000000000289, 1.600065442988455988 ) ) ;
#3855 = DIRECTION ( 'NONE',  ( -1.000000000000000000, -0.000000000000000000, 1.008560160451631605E-16 ) ) ;
#3856 = CARTESIAN_POINT ( 'NONE',  ( 1.850000000000000089, 0.4699999999999999178, 1.349999999999996758 ) ) ;
#3857 = ORIENTED_EDGE ( 'NONE', *, *, #2811, .T. ) ;
#3858 = PLANE ( 'NONE',  #2849 ) ;
#3859 = VECTOR ( 'NONE', #856, 1000.000000000000000 ) ;
#3860 = CARTESIAN_POINT ( 'NONE',  ( 1.341421356237317175, 1.081518584236131675, 1.454633274187480785 ) ) ;
#3861 = AXIS2_PLACEMENT_3D ( 'NONE', #3073, #1217, #2698 ) ;
#3862 = ORIENTED_EDGE ( 'NONE', *, *, #55, .T. ) ;
#3863 = CARTESIAN_POINT ( 'NONE',  ( 0.8979779942740074850, 0.4700000000000000289, 1.852022005725991516 ) ) ;
#3864 = ORIENTED_EDGE ( 'NONE', *, *, #212, .F. ) ;
#3865 = CARTESIAN_POINT ( 'NONE',  ( -0.6878679656440340739, 0.04000000000000010492, 1.850000000000000089 ) ) ;
#3866 = DIRECTION ( 'NONE',  ( -0.7071067811865456854, 0.000000000000000000, -0.7071067811865493491 ) ) ;
#3867 = CARTESIAN_POINT ( 'NONE',  ( -1.140903751177996250, 1.369639318956038743, 1.617895831607625956 ) ) ;
#3868 = VECTOR ( 'NONE', #2670, 1000.000000000000000 ) ;
#3869 = CARTESIAN_POINT ( 'NONE',  ( 1.300000000000000044, 0.03999999999999999389, 1.300000000000000044 ) ) ;
#3870 = DIRECTION ( 'NONE',  ( -1.000000000000000000, 0.000000000000000000, 7.228014483236676834E-16 ) ) ;
#3871 = EDGE_CURVE ( 'NONE', #4010, #81, #1034, .T. ) ;
#3872 = DIRECTION ( 'NONE',  ( 0.000000000000000000, 0.000000000000000000, 1.000000000000000000 ) ) ;
#3873 = SURFACE_SIDE_STYLE ('',( #1010 ) ) ;
#3874 = EDGE_CURVE ( 'NONE', #3956, #3159, #253, .T. ) ;
#3875 = DIRECTION ( 'NONE',  ( 1.000000000000000000, 0.000000000000000000, 1.008560160451631605E-16 ) ) ;
#3876 = ORIENTED_EDGE ( 'NONE', *, *, #2312, .F. ) ;
#3877 = CARTESIAN_POINT ( 'NONE',  ( 1.214884406352520596, 1.369999999999999662, -1.599997834888272852 ) ) ;
#3878 = CARTESIAN_POINT ( 'NONE',  ( 1.776776695296637509, 1.369999999999999885, 1.526776695296633957 ) ) ;
#3879 = ORIENTED_EDGE ( 'NONE', *, *, #2590, .F. ) ;
#3880 = DIRECTION ( 'NONE',  ( -0.000000000000000000, -0.000000000000000000, -1.000000000000000000 ) ) ;
#3881 = DIRECTION ( 'NONE',  ( 0.000000000000000000, 1.000000000000000000, -0.000000000000000000 ) ) ;
#3882 = CARTESIAN_POINT ( 'NONE',  ( 0.7939339828220174367, 1.800000000000000044, 1.956066017177982008 ) ) ;
#3883 = ORIENTED_EDGE ( 'NONE', *, *, #1191, .T. ) ;
#3884 = FILL_AREA_STYLE ('',( #3128 ) ) ;
#3885 = CARTESIAN_POINT ( 'NONE',  ( 1.850056224347229161, 1.369999999999999662, 1.293756470132911396 ) ) ;
#3886 = TOROIDAL_SURFACE ( 'NONE', #3724, 1.043028554974587685, 1.000000000000000222 ) ;
#3887 = VERTEX_POINT ( 'NONE', #298 ) ;
#3888 = FACE_OUTER_BOUND ( 'NONE', #1126, .T. ) ;
#3889 = VERTEX_POINT ( 'NONE', #4286 ) ;
#3890 = DIRECTION ( 'NONE',  ( -1.000000000000000000, -0.000000000000000000, 1.008560160451631605E-16 ) ) ;
#3891 = MECHANICAL_DESIGN_GEOMETRIC_PRESENTATION_REPRESENTATION (  '', ( #1203 ), #1711 ) ;
#3892 = CARTESIAN_POINT ( 'NONE',  ( 1.373743686707636913, 0.4700000000000000289, -1.599999999999996758 ) ) ;
#3893 = CARTESIAN_POINT ( 'NONE',  ( 1.300000000000000044, 0.03999999999999999389, -1.300000000000000044 ) ) ;
#3894 = DIRECTION ( 'NONE',  ( -0.7071067811865465735, -0.000000000000000000, 0.7071067811865485719 ) ) ;
#3895 = PLANE ( 'NONE',  #3033 ) ;
#3896 = EDGE_CURVE ( 'NONE', #1427, #4276, #4309, .T. ) ;
#3897 = CARTESIAN_POINT ( 'NONE',  ( -1.172863264053025878, 1.369999999999999662, -1.600065442988457765 ) ) ;
#3898 = VERTEX_POINT ( 'NONE', #3511 ) ;
#3899 = CARTESIAN_POINT ( 'NONE',  ( 1.152519472310549631, 1.369587635001578985, -1.612335852726037411 ) ) ;
#3900 = CARTESIAN_POINT ( 'NONE',  ( 1.212132034355963395, 1.800000000000000044, 1.599999999999999645 ) ) ;
#3901 = ADVANCED_FACE ( 'NONE', ( #3535 ), #323, .F. ) ;
#3902 = VERTEX_POINT ( 'NONE', #3117 ) ;
#3904 = VECTOR ( 'NONE', #3508, 1000.000000000000000 ) ;
#3903 = CARTESIAN_POINT ( 'NONE',  ( -1.470710678118654746, 0.4700000000000000289, 1.600000000000007638 ) ) ;
#3905 = CARTESIAN_POINT ( 'NONE',  ( -1.370000000000000107, 0.4700000000000001399, 1.600000000000000533 ) ) ;
#3906 = VERTEX_POINT ( 'NONE', #2323 ) ;
#3907 = LINE ( 'NONE', #310, #2093 ) ;
#3908 = AXIS2_PLACEMENT_3D ( 'NONE', #1824, #589, #5033 ) ;
#3909 = CARTESIAN_POINT ( 'NONE',  ( 1.535362774784515105, 1.369999999999999662, 1.600064615179811023 ) ) ;
#3910 = ORIENTED_EDGE ( 'NONE', *, *, #9, .F. ) ;
#3911 = DIRECTION ( 'NONE',  ( 1.008560160451631605E-16, 0.000000000000000000, -1.000000000000000000 ) ) ;
#3912 = CIRCLE ( 'NONE', #4744, 0.1499999999999999667 ) ;
#3913 = ORIENTED_EDGE ( 'NONE', *, *, #1131, .T. ) ;
#3914 = DIRECTION ( 'NONE',  ( -0.2588190451025172978, -0.9659258262890692004, 0.000000000000000000 ) ) ;
#3915 = CARTESIAN_POINT ( 'NONE',  ( 0.9760110028629979118, 0.4700000000000000289, -1.773988997137001089 ) ) ;
#3916 = FACE_OUTER_BOUND ( 'NONE', #5156, .T. ) ;
#3917 = FACE_OUTER_BOUND ( 'NONE', #4072, .T. ) ;
#3918 = CARTESIAN_POINT ( 'NONE',  ( 1.850056224347229161, 1.369999999999999662, 1.293756470132911396 ) ) ;
#3919 = EDGE_CURVE ( 'NONE', #2109, #2903, #2994, .T. ) ;
#3920 = DIRECTION ( 'NONE',  ( 1.000000000000000000, 0.000000000000000000, -6.938893903907222067E-15 ) ) ;
#3921 = EDGE_CURVE ( 'NONE', #831, #1587, #715, .T. ) ;
#3922 = PLANE ( 'NONE',  #2316 ) ;
#3923 = CARTESIAN_POINT ( 'NONE',  ( -1.849999999999999867, 1.369999999999999662, -1.237500000000002931 ) ) ;
#3924 = ORIENTED_EDGE ( 'NONE', *, *, #3874, .F. ) ;
#3925 = EDGE_CURVE ( 'NONE', #840, #3676, #2371, .T. ) ;
#3926 = CARTESIAN_POINT ( 'NONE',  ( 1.147494429339862565, 1.369598794666893271, -1.614610987208606074 ) ) ;
#3927 = FACE_OUTER_BOUND ( 'NONE', #2593, .T. ) ;
#3928 = ORIENTED_EDGE ( 'NONE', *, *, #5168, .T. ) ;
#3929 = DIRECTION ( 'NONE',  ( -1.000000000000000000, 0.000000000000000000, 0.000000000000000000 ) ) ;
#3930 = DIRECTION ( 'NONE',  ( 0.000000000000000000, 1.000000000000000000, 0.000000000000000000 ) ) ;
#3931 = EDGE_CURVE ( 'NONE', #2997, #1007, #666, .T. ) ;
#3932 = ORIENTED_EDGE ( 'NONE', *, *, #1128, .F. ) ;
#3933 = DIRECTION ( 'NONE',  ( 0.000000000000000000, 0.000000000000000000, 1.000000000000000000 ) ) ;
#3934 = AXIS2_PLACEMENT_3D ( 'NONE', #2444, #441, #2042 ) ;
#3935 = EDGE_CURVE ( 'NONE', #2618, #1281, #1159, .T. ) ;
#3936 = CARTESIAN_POINT ( 'NONE',  ( 1.080012420869311152, 1.369999999999999662, -1.669900884873448677 ) ) ;
#3937 = ORIENTED_EDGE ( 'NONE', *, *, #200, .F. ) ;
#3938 = DIRECTION ( 'NONE',  ( 0.000000000000000000, 0.000000000000000000, 1.000000000000000000 ) ) ;
#3939 = AXIS2_PLACEMENT_3D ( 'NONE', #3068, #2692, #1067 ) ;
#3940 = EDGE_LOOP ( 'NONE', ( #229, #911, #3937, #3255 ) ) ;
#3941 = CARTESIAN_POINT ( 'NONE',  ( -1.137867965644034030, 0.04000000000000010492, -1.300000000000000044 ) ) ;
#3942 = DIRECTION ( 'NONE',  ( 0.7071067811865466846, 0.000000000000000000, 0.7071067811865483499 ) ) ;
#3943 = CARTESIAN_POINT ( 'NONE',  ( -1.149386730180830041, 1.369591159361402966, 1.613733856920302356 ) ) ;
#3944 = DIRECTION ( 'NONE',  ( -0.000000000000000000, -1.000000000000000000, -0.000000000000000000 ) ) ;
#3945 = CARTESIAN_POINT ( 'NONE',  ( 1.849999999999999645, 1.369999999999999662, 0.4500000000000080047 ) ) ;
#3946 = DIRECTION ( 'NONE',  ( 0.000000000000000000, 0.000000000000000000, -1.000000000000000000 ) ) ;
#3947 =( NAMED_UNIT ( * ) SI_UNIT ( $, .STERADIAN. ) SOLID_ANGLE_UNIT ( ) );
#3948 = AXIS2_PLACEMENT_3D ( 'NONE', #2697, #3930, #333 ) ;
#3949 = CARTESIAN_POINT ( 'NONE',  ( -1.849934580001412199, 1.369999999999999662, 1.415442318608306271 ) ) ;
#3950 = ORIENTED_EDGE ( 'NONE', *, *, #2881, .F. ) ;
#3951 = CARTESIAN_POINT ( 'NONE',  ( 1.109198629399040348, 1.369985348223358601, -1.640801370600957876 ) ) ;
#3952 = EDGE_CURVE ( 'NONE', #4894, #1594, #2574, .T. ) ;
#3953 = ORIENTED_EDGE ( 'NONE', *, *, #743, .T. ) ;
#3954 = EDGE_CURVE ( 'NONE', #4792, #1640, #3828, .T. ) ;
#3955 = CARTESIAN_POINT ( 'NONE',  ( -1.849934580001389772, 0.4700000000000000289, -1.415442318608299388 ) ) ;
#3956 = VERTEX_POINT ( 'NONE', #1061 ) ;
#3957 =( NAMED_UNIT ( * ) PLANE_ANGLE_UNIT ( ) SI_UNIT ( $, .RADIAN. ) );
#3958 = VERTEX_POINT ( 'NONE', #3588 ) ;
#3959 = LINE ( 'NONE', #1073, #2344 ) ;
#3960 = EDGE_CURVE ( 'NONE', #3156, #2325, #3562, .T. ) ;
#3961 = CARTESIAN_POINT ( 'NONE',  ( 0.9760110028629985779, 1.369999999999999662, 1.773988997136999757 ) ) ;
#3962 = ORIENTED_EDGE ( 'NONE', *, *, #4721, .T. ) ;
#3963 = VERTEX_POINT ( 'NONE', #3142 ) ;
#3964 = DIRECTION ( 'NONE',  ( 0.000000000000000000, 0.000000000000000000, 1.000000000000000000 ) ) ;
#3965 = EDGE_CURVE ( 'NONE', #4372, #1403, #4259, .T. ) ;
#3966 = EDGE_CURVE ( 'NONE', #4546, #3734, #720, .T. ) ;
#3967 = CARTESIAN_POINT ( 'NONE',  ( 1.373743686707651124, 0.4700000000000000289, 1.600000000000002753 ) ) ;
#3968 = AXIS2_PLACEMENT_3D ( 'NONE', #151, #1797, #1693 ) ;
#3969 = ADVANCED_FACE ( 'NONE', ( #4671 ), #740, .T. ) ;
#3970 = LINE ( 'NONE', #271, #1317 ) ;
#3971 = FILL_AREA_STYLE ('',( #1183 ) ) ;
#3972 = UNCERTAINTY_MEASURE_WITH_UNIT (LENGTH_MEASURE( 1.000000000000000082E-05 ), #4377, 'distance_accuracy_value', 'NONE');
#3973 = CARTESIAN_POINT ( 'NONE',  ( 0.6878679656440350731, 1.800000000000000044, -1.850000000000000089 ) ) ;
#3974 = VECTOR ( 'NONE', #2766, 1000.000000000000000 ) ;
#3975 = VECTOR ( 'NONE', #610, 1000.000000000000000 ) ;
#3976 = DIRECTION ( 'NONE',  ( -1.000000000000000000, 0.000000000000000000, 7.228014483236676834E-16 ) ) ;
#3977 = CARTESIAN_POINT ( 'NONE',  ( 1.750000000000001110, 0.03999999999999999389, 1.600000000000000311 ) ) ;
#3978 = SURFACE_SIDE_STYLE ('',( #1487 ) ) ;
#3979 = VERTEX_POINT ( 'NONE', #1554 ) ;
#3980 = CARTESIAN_POINT ( 'NONE',  ( -1.106066017177979255, 0.4699999999999999178, 1.643933982822018525 ) ) ;
#3981 = PLANE ( 'NONE',  #86 ) ;
#3982 = VERTEX_POINT ( 'NONE', #2769 ) ;
#3983 = CARTESIAN_POINT ( 'NONE',  ( -0.6911441852410986630, 0.7584814157638680721, 1.853276219597065122 ) ) ;
#3984 = ORIENTED_EDGE ( 'NONE', *, *, #568, .T. ) ;
#3985 = LINE ( 'NONE', #2358, #1373 ) ;
#3986 = ORIENTED_EDGE ( 'NONE', *, *, #2666, .F. ) ;
#3987 = CARTESIAN_POINT ( 'NONE',  ( -1.106066017177982141, 0.4699999999999999178, -1.643933982822016748 ) ) ;
#3988 = ADVANCED_FACE ( 'NONE', ( #3486 ), #135, .F. ) ;
#3989 = LINE ( 'NONE', #1995, #3341 ) ;
#3990 = CIRCLE ( 'NONE', #637, 0.1499999999999999667 ) ;
#3991 = EDGE_CURVE ( 'NONE', #2620, #142, #3044, .T. ) ;
#3992 = ORIENTED_EDGE ( 'NONE', *, *, #1482, .T. ) ;
#3993 = SURFACE_STYLE_USAGE ( .BOTH. , #756 ) ;
#3994 = VERTEX_POINT ( 'NONE', #4626 ) ;
#3995 = PLANE ( 'NONE',  #79 ) ;
#3996 = AXIS2_PLACEMENT_3D ( 'NONE', #1799, #175, #1448 ) ;
#3997 = CARTESIAN_POINT ( 'NONE',  ( 1.535362774784515105, 0.4700000000000000289, 1.600064615179811467 ) ) ;
#3998 = LINE ( 'NONE', #2791, #1057 ) ;
#3999 = VECTOR ( 'NONE', #4642, 1000.000000000000000 ) ;
#4000 = CARTESIAN_POINT ( 'NONE',  ( 1.375000000000001110, 1.800000000000000044, 1.374999999999996669 ) ) ;
#4001 = PLANE ( 'NONE',  #4866 ) ;
#4002 = EDGE_CURVE ( 'NONE', #268, #2022, #1831, .T. ) ;
#4003 = CIRCLE ( 'NONE', #4166, 0.2499999999999997780 ) ;
#4004 = CARTESIAN_POINT ( 'NONE',  ( 2.000000000000000000, 0.03999999999999999389, 1.350000000000000533 ) ) ;
#4005 = CARTESIAN_POINT ( 'NONE',  ( -1.486602540378444193, 0.08999999999999991340, 1.300000000000000044 ) ) ;
#4006 = LINE ( 'NONE', #430, #31 ) ;
#4007 = CARTESIAN_POINT ( 'NONE',  ( -0.6878679656440340739, 1.370000000000000551, 1.850000000000000089 ) ) ;
#4008 = PLANE ( 'NONE',  #2867 ) ;
#4009 = LINE ( 'NONE', #4757, #3859 ) ;
#4010 = VERTEX_POINT ( 'NONE', #3830 ) ;
#4011 = CARTESIAN_POINT ( 'NONE',  ( -1.554152816560913752, 0.7584814157638680721, 1.454660317778803114 ) ) ;
#4012 = ORIENTED_EDGE ( 'NONE', *, *, #2059, .F. ) ;
#4013 = LINE ( 'NONE', #2468, #3570 ) ;
#4014 = ORIENTED_EDGE ( 'NONE', *, *, #1725, .T. ) ;
#4015 = PLANE ( 'NONE',  #166 ) ;
#4016 = ADVANCED_FACE ( 'NONE', ( #623 ), #993, .F. ) ;
#4017 = CIRCLE ( 'NONE', #1667, 0.1499999999999999667 ) ;
#4018 = CARTESIAN_POINT ( 'NONE',  ( 0.8979779942740070409, 1.369999999999999662, 1.852022005725991294 ) ) ;
#4019 = ORIENTED_EDGE ( 'NONE', *, *, #3385, .T. ) ;
#4020 = VERTEX_POINT ( 'NONE', #160 ) ;
#4021 = DIRECTION ( 'NONE',  ( 0.7071067811865483499, 0.000000000000000000, -0.7071067811865466846 ) ) ;
#4022 = AXIS2_PLACEMENT_3D ( 'NONE', #4504, #964, #545 ) ;
#4023 = ADVANCED_FACE ( 'NONE', ( #1431 ), #2598, .F. ) ;
#4024 = CARTESIAN_POINT ( 'NONE',  ( 1.850000000000000755, 0.4700000000000000289, -1.068750000000001199 ) ) ;
#4025 = DIRECTION ( 'NONE',  ( 1.000000000000000000, -0.000000000000000000, -0.000000000000000000 ) ) ;
#4026 = MECHANICAL_DESIGN_GEOMETRIC_PRESENTATION_REPRESENTATION (  '', ( #1839 ), #2177 ) ;
#4027 = ORIENTED_EDGE ( 'NONE', *, *, #330, .T. ) ;
#4028 = CARTESIAN_POINT ( 'NONE',  ( 0.000000000000000000, 0.4699999999999999178, -2.000000000000000000 ) ) ;
#4029 = AXIS2_PLACEMENT_3D ( 'NONE', #1429, #1453, #1041 ) ;
#4030 = CARTESIAN_POINT ( 'NONE',  ( 0.9000000000000000222, -6.123233995736772199E-17, 1.500000000000000000 ) ) ;
#4031 = CARTESIAN_POINT ( 'NONE',  ( 1.106066017177980365, 0.04000000000000010492, -1.643933982822018303 ) ) ;
#4032 = DIRECTION ( 'NONE',  ( -0.000000000000000000, -1.000000000000000000, 0.000000000000000000 ) ) ;
#4033 = LINE ( 'NONE', #4831, #1033 ) ;
#4034 = CARTESIAN_POINT ( 'NONE',  ( 0.6878679656440350731, 0.4700000000000001399, 1.850000000000000089 ) ) ;
#4035 = DIRECTION ( 'NONE',  ( 4.015563601798174669E-16, -0.000000000000000000, -1.000000000000000000 ) ) ;
#4036 = ADVANCED_FACE ( 'NONE', ( #2129 ), #2204, .F. ) ;
#4037 = ORIENTED_EDGE ( 'NONE', *, *, #1103, .T. ) ;
#4038 = CARTESIAN_POINT ( 'NONE',  ( -0.7431661909670933541, 0.7584814157638680721, 1.801254213871073873 ) ) ;
#4039 = ORIENTED_EDGE ( 'NONE', *, *, #2115, .T. ) ;
#4040 = CARTESIAN_POINT ( 'NONE',  ( -1.750000000000000000, 0.4700000000000001399, 1.350000000000000977 ) ) ;
#4041 = EDGE_LOOP ( 'NONE', ( #1616, #1830, #4534, #3386 ) ) ;
#4042 = LINE ( 'NONE', #1229, #4846 ) ;
#4043 = CARTESIAN_POINT ( 'NONE',  ( 1.106066017177980365, 0.03999999999999999389, -1.643933982822018303 ) ) ;
#4044 = ORIENTED_EDGE ( 'NONE', *, *, #1350, .F. ) ;
#4045 = FILL_AREA_STYLE_COLOUR ( '', #5050 ) ;
#4046 = ORIENTED_EDGE ( 'NONE', *, *, #3783, .F. ) ;
#4047 = CARTESIAN_POINT ( 'NONE',  ( 1.198348988567114359, 1.369911798919763779, 1.599809914968635338 ) ) ;
#4048 = CARTESIAN_POINT ( 'NONE',  ( 0.8732212052820802484, 0.7584814157638680721, -1.671199199556083981 ) ) ;
#4049 = CARTESIAN_POINT ( 'NONE',  ( -1.106066017177981919, 1.370000000000000107, -1.643933982822016970 ) ) ;
#4050 = VERTEX_POINT ( 'NONE', #547 ) ;
#4051 = SURFACE_SIDE_STYLE ('',( #3217 ) ) ;
#4052 = DIRECTION ( 'NONE',  ( -0.7071067811865460184, 0.000000000000000000, 0.7071067811865490160 ) ) ;
#4053 = LINE ( 'NONE', #38, #4569 ) ;
#4054 = CARTESIAN_POINT ( 'NONE',  ( 1.599999999999999867, 0.03899999999999997219, 1.349999999999998312 ) ) ;
#4055 = CIRCLE ( 'NONE', #697, 0.03499999999999987843 ) ;
#4056 = DIRECTION ( 'NONE',  ( 1.000000000000000000, 0.000000000000000000, 1.008560160451631605E-16 ) ) ;
#4057 =( NAMED_UNIT ( * ) PLANE_ANGLE_UNIT ( ) SI_UNIT ( $, .RADIAN. ) );
#4058 = FACE_OUTER_BOUND ( 'NONE', #1943, .T. ) ;
#4059 = LINE ( 'NONE', #2462, #1843 ) ;
#4060 = ADVANCED_FACE ( 'NONE', ( #3343 ), #3886, .F. ) ;
#4061 = AXIS2_PLACEMENT_3D ( 'NONE', #4749, #1632, #397 ) ;
#4062 = AXIS2_PLACEMENT_3D ( 'NONE', #3775, #3796, #1059 ) ;
#4063 = VERTEX_POINT ( 'NONE', #574 ) ;
#4064 = CARTESIAN_POINT ( 'NONE',  ( -0.7951881966930859358, 0.7584814157638680721, -1.749232208145078404 ) ) ;
#4065 = ORIENTED_EDGE ( 'NONE', *, *, #3809, .F. ) ;
#4066 = LINE ( 'NONE', #493, #2051 ) ;
#4067 = STYLED_ITEM ( 'NONE', ( #27 ), #3116 ) ;
#4068 = VERTEX_POINT ( 'NONE', #4529 ) ;
#4069 = FACE_OUTER_BOUND ( 'NONE', #4644, .T. ) ;
#4070 = EDGE_CURVE ( 'NONE', #4513, #3958, #2731, .T. ) ;
#4071 = DIRECTION ( 'NONE',  ( 0.000000000000000000, -0.000000000000000000, -1.000000000000000000 ) ) ;
#4072 = EDGE_LOOP ( 'NONE', ( #4968, #3813, #807, #3603 ) ) ;
#4073 = CIRCLE ( 'NONE', #5059, 0.02000000000000005246 ) ;
#4074 = ORIENTED_EDGE ( 'NONE', *, *, #401, .T. ) ;
#4075 = DIRECTION ( 'NONE',  ( -0.7071067811865466846, 0.000000000000000000, -0.7071067811865483499 ) ) ;
#4076 = CARTESIAN_POINT ( 'NONE',  ( 1.850000000000000755, 0.4700000000000000289, -0.8999999999999869216 ) ) ;
#4077 = VERTEX_POINT ( 'NONE', #3735 ) ;
#4078 = CARTESIAN_POINT ( 'NONE',  ( 1.105435732286780937, 1.369999999999999440, 1.644562170418093716 ) ) ;
#4079 = VECTOR ( 'NONE', #4231, 1000.000000000000000 ) ;
#4080 = ORIENTED_EDGE ( 'NONE', *, *, #3718, .F. ) ;
#4081 = CARTESIAN_POINT ( 'NONE',  ( 1.370000000000000107, 0.1049999999999999684, 1.600000000000000533 ) ) ;
#4082 = CARTESIAN_POINT ( 'NONE',  ( 1.500000000000000000, 0.03999999999999999389, 0.000000000000000000 ) ) ;
#4083 = VECTOR ( 'NONE', #3845, 1000.000000000000000 ) ;
#4084 = CARTESIAN_POINT ( 'NONE',  ( 0.9595190528383372719, 2.057102355330304277, 1.599999999999999645 ) ) ;
#4085 = CARTESIAN_POINT ( 'NONE',  ( -1.104176805792804972, 1.369999999999999662, -1.645820198635759901 ) ) ;
#4086 = CARTESIAN_POINT ( 'NONE',  ( 0.7939339828220174367, 0.04000000000000010492, 1.956066017177982008 ) ) ;
#4087 = VECTOR ( 'NONE', #2388, 999.9999999999998863 ) ;
#4088 = DIRECTION ( 'NONE',  ( -0.000000000000000000, 0.000000000000000000, -1.000000000000000000 ) ) ;
#4089 = DIRECTION ( 'NONE',  ( 0.000000000000000000, 0.000000000000000000, -1.000000000000000000 ) ) ;
#4090 = EDGE_CURVE ( 'NONE', #4252, #3780, #2624, .T. ) ;
#4091 = ORIENTED_EDGE ( 'NONE', *, *, #4750, .F. ) ;
#4092 = CARTESIAN_POINT ( 'NONE',  ( -1.646418236177633831, 0.7584814157638680721, 1.454605893752854540 ) ) ;
#4093 = ORIENTED_EDGE ( 'NONE', *, *, #2383, .F. ) ;
#4094 = CARTESIAN_POINT ( 'NONE',  ( -1.850000000000000755, 1.369999999999999662, 0.7874999999999969802 ) ) ;
#4095 = ORIENTED_EDGE ( 'NONE', *, *, #5070, .F. ) ;
#4096 = CARTESIAN_POINT ( 'NONE',  ( -1.300000000000000044, 0.03999999999999999389, 1.500000000000000000 ) ) ;
#4097 = ORIENTED_EDGE ( 'NONE', *, *, #4410, .T. ) ;
#4098 = CARTESIAN_POINT ( 'NONE',  ( 0.6878679656440350731, 1.370000000000000107, -2.000000000000000000 ) ) ;
#4099 = ORIENTED_EDGE ( 'NONE', *, *, #4922, .T. ) ;
#4100 = ADVANCED_FACE ( 'NONE', ( #1736 ), #3473, .F. ) ;
#4101 = ORIENTED_EDGE ( 'NONE', *, *, #4885, .F. ) ;
#4102 = CARTESIAN_POINT ( 'NONE',  ( 1.214884377932376580, 1.369999999999999662, 1.599997834909321792 ) ) ;
#4103 = ADVANCED_FACE ( 'NONE', ( #2548 ), #4552, .T. ) ;
#4104 = CARTESIAN_POINT ( 'NONE',  ( 1.654378574867382046, 1.081518584236131675, -1.443595220564057202 ) ) ;
#4105 = EDGE_LOOP ( 'NONE', ( #4195, #901, #2041, #1814 ) ) ;
#4106 = ADVANCED_FACE ( 'NONE', ( #283 ), #2668, .T. ) ;
#4107 = AXIS2_PLACEMENT_3D ( 'NONE', #2528, #1835, #2950 ) ;
#4108 = CARTESIAN_POINT ( 'NONE',  ( 1.115677692318004954, 0.4700882010980143577, 1.634053486985990844 ) ) ;
#4109 = ORIENTED_EDGE ( 'NONE', *, *, #2312, .T. ) ;
#4110 = CARTESIAN_POINT ( 'NONE',  ( -1.849934580001412421, 1.369999999999999662, 1.415442318608192807 ) ) ;
#4111 = AXIS2_PLACEMENT_3D ( 'NONE', #4949, #3499, #4739 ) ;
#4112 = CARTESIAN_POINT ( 'NONE',  ( -0.6878679656440340739, 1.800000000000000044, 1.850000000000000089 ) ) ;
#4113 = CARTESIAN_POINT ( 'NONE',  ( -1.212132034355964061, 0.04000000000000010492, -1.749999999999998446 ) ) ;
#4114 = CARTESIAN_POINT ( 'NONE',  ( 1.467846096908265840, 0.1599999999999999756, 1.599999999999999423 ) ) ;
#4115 = CARTESIAN_POINT ( 'NONE',  ( 1.370000000000000107, 0.4700000000000000844, 1.605000000000000426 ) ) ;
#4116 = VECTOR ( 'NONE', #1932, 1000.000000000000000 ) ;
#4117 = ORIENTED_EDGE ( 'NONE', *, *, #4933, .T. ) ;
#4118 = CARTESIAN_POINT ( 'NONE',  ( -0.9645775644191784126, 1.081518584236131675, -1.579672129759621013 ) ) ;
#4119 = ORIENTED_EDGE ( 'NONE', *, *, #1080, .F. ) ;
#4120 = CARTESIAN_POINT ( 'NONE',  ( 0.7182937486512243064, 0.9200000000000001510, -1.880425783007188878 ) ) ;
#4121 = PLANE ( 'NONE',  #338 ) ;
#4122 = DIRECTION ( 'NONE',  ( -0.000000000000000000, -1.000000000000000000, -0.000000000000000000 ) ) ;
#4123 = VECTOR ( 'NONE', #4547, 1000.000000000000000 ) ;
#4124 = EDGE_CURVE ( 'NONE', #409, #2932, #649, .T. ) ;
#4125 = AXIS2_PLACEMENT_3D ( 'NONE', #1878, #3096, #4731 ) ;
#4126 = ORIENTED_EDGE ( 'NONE', *, *, #217, .T. ) ;
#4127 = ORIENTED_EDGE ( 'NONE', *, *, #4567, .F. ) ;
#4128 = ADVANCED_FACE ( 'NONE', ( #2253 ), #3520, .T. ) ;
#4129 = CARTESIAN_POINT ( 'NONE',  ( 0.9645775644191642018, 0.7584814157638680721, 1.579672129759631671 ) ) ;
#4130 = ORIENTED_EDGE ( 'NONE', *, *, #472, .F. ) ;
#4131 = CARTESIAN_POINT ( 'NONE',  ( 1.147494429349563028, 0.4704012053331720900, 1.614610987203957793 ) ) ;
#4132 = VERTEX_POINT ( 'NONE', #4244 ) ;
#4133 = DIRECTION ( 'NONE',  ( 1.000000000000000000, 3.129822080702406349E-16, 0.000000000000000000 ) ) ;
#4134 = ADVANCED_FACE ( 'NONE', ( #1069 ), #2675, .T. ) ;
#4135 = CARTESIAN_POINT ( 'NONE',  ( 5.782411586589332001E-16, 1.370000000000000107, 1.600000000000000089 ) ) ;
#4136 = DIRECTION ( 'NONE',  ( -0.000000000000000000, -1.000000000000000000, -0.000000000000000000 ) ) ;
#4137 = DIRECTION ( 'NONE',  ( -0.000000000000000000, -0.000000000000000000, -1.000000000000000000 ) ) ;
#4138 = CARTESIAN_POINT ( 'NONE',  ( 1.137867965644034696, 2.999999999999999556, -1.300000000000000044 ) ) ;
#4139 = DIRECTION ( 'NONE',  ( 1.000000000000000000, 0.000000000000000000, 0.000000000000000000 ) ) ;
#4140 = AXIS2_PLACEMENT_3D ( 'NONE', #4994, #1408, #2154 ) ;
#4141 = CARTESIAN_POINT ( 'NONE',  ( -0.7939339828220157713, 1.369999999999999662, 1.956066017177982008 ) ) ;
#4142 = VERTEX_POINT ( 'NONE', #1038 ) ;
#4143 = CARTESIAN_POINT ( 'NONE',  ( -1.162103234008493802, 0.4704012053337300880, 1.608559822176762300 ) ) ;
#4144 = LINE ( 'NONE', #544, #2276 ) ;
#4145 = CARTESIAN_POINT ( 'NONE',  ( 1.823626808228301810, 1.369999999999999662, 1.479926582364830656 ) ) ;
#4146 =( GEOMETRIC_REPRESENTATION_CONTEXT ( 3 ) GLOBAL_UNCERTAINTY_ASSIGNED_CONTEXT ( ( #191 ) ) GLOBAL_UNIT_ASSIGNED_CONTEXT ( ( #4487, #3790, #4155 ) ) REPRESENTATION_CONTEXT ( 'NONE', 'WORKASPACE' ) );
#4147 = VECTOR ( 'NONE', #4714, 1000.000000000000000 ) ;
#4148 = ORIENTED_EDGE ( 'NONE', *, *, #1418, .F. ) ;
#4149 = CARTESIAN_POINT ( 'NONE',  ( -1.300000000000000044, 0.03999999999999999389, 1.500000000000000000 ) ) ;
#4150 = VERTEX_POINT ( 'NONE', #3847 ) ;
#4151 = DIRECTION ( 'NONE',  ( 0.000000000000000000, 0.000000000000000000, -1.000000000000000000 ) ) ;
#4152 = EDGE_CURVE ( 'NONE', #4154, #4974, #2549, .T. ) ;
#4153 = CARTESIAN_POINT ( 'NONE',  ( 0.8732212052820801373, 1.081518584236131675, -1.671199199556083981 ) ) ;
#4154 = VERTEX_POINT ( 'NONE', #1876 ) ;
#4155 =( NAMED_UNIT ( * ) SI_UNIT ( $, .STERADIAN. ) SOLID_ANGLE_UNIT ( ) );
#4156 = EDGE_LOOP ( 'NONE', ( #3161, #4127, #3124, #1600 ) ) ;
#4157 = SURFACE_SIDE_STYLE ('',( #2140 ) ) ;
#4158 = DIRECTION ( 'NONE',  ( 0.000000000000000000, -1.936075308009825719E-16, 1.000000000000000000 ) ) ;
#4159 = EDGE_CURVE ( 'NONE', #3156, #3291, #1872, .T. ) ;
#4160 = CARTESIAN_POINT ( 'NONE',  ( -0.8979779942740038212, 0.4700000000000000289, -1.852022005725995513 ) ) ;
#4161 = DIRECTION ( 'NONE',  ( -0.000000000000000000, 1.000000000000000000, -0.000000000000000000 ) ) ;
#4162 = VECTOR ( 'NONE', #1582, 1000.000000000000000 ) ;
#4163 = CARTESIAN_POINT ( 'NONE',  ( -0.7939339828220162154, 0.4700000000000001399, 1.956066017177982452 ) ) ;
#4164 = EDGE_CURVE ( 'NONE', #1403, #1708, #1903, .T. ) ;
#4166 = AXIS2_PLACEMENT_3D ( 'NONE', #3455, #735, #2268 ) ;
#4165 = CARTESIAN_POINT ( 'NONE',  ( -1.341421356237309181, 1.081518584236131675, 1.454633274187481895 ) ) ;
#4167 = ORIENTED_EDGE ( 'NONE', *, *, #3700, .F. ) ;
#4168 = VERTEX_POINT ( 'NONE', #3488 ) ;
#4169 = FACE_OUTER_BOUND ( 'NONE', #4271, .T. ) ;
#4170 = ORIENTED_EDGE ( 'NONE', *, *, #673, .T. ) ;
#4171 = DIRECTION ( 'NONE',  ( -0.000000000000000000, -1.000000000000000000, -0.000000000000000000 ) ) ;
#4172 = ORIENTED_EDGE ( 'NONE', *, *, #16, .T. ) ;
#4173 = CARTESIAN_POINT ( 'NONE',  ( 0.7431661909670838062, 1.081518584236131675, -1.801254213871049226 ) ) ;
#4174 = ORIENTED_EDGE ( 'NONE', *, *, #2176, .T. ) ;
#4175 = DIRECTION ( 'NONE',  ( 1.000000000000000000, 0.000000000000000000, 0.000000000000000000 ) ) ;
#4176 = ORIENTED_EDGE ( 'NONE', *, *, #2335, .T. ) ;
#4177 =( LENGTH_UNIT ( ) NAMED_UNIT ( * ) SI_UNIT ( .MILLI., .METRE. ) );
#4178 = CARTESIAN_POINT ( 'NONE',  ( -0.6878679656440356283, 0.9200000000000001510, -1.893028554974587552 ) ) ;
#4179 = AXIS2_PLACEMENT_3D ( 'NONE', #4278, #2340, #1077 ) ;
#4180 = CARTESIAN_POINT ( 'NONE',  ( 0.000000000000000000, 1.800000000000000044, -2.000000000000000000 ) ) ;
#4181 = CARTESIAN_POINT ( 'NONE',  ( -1.212132034355964061, 0.4700000000000001399, -1.599999999999998535 ) ) ;
#4182 =( GEOMETRIC_REPRESENTATION_CONTEXT ( 3 ) GLOBAL_UNCERTAINTY_ASSIGNED_CONTEXT ( ( #4488 ) ) GLOBAL_UNIT_ASSIGNED_CONTEXT ( ( #576, #1543, #3157 ) ) REPRESENTATION_CONTEXT ( 'NONE', 'WORKASPACE' ) );
#4183 = EDGE_CURVE ( 'NONE', #2643, #3099, #643, .T. ) ;
#4184 = CARTESIAN_POINT ( 'NONE',  ( -1.599999999999998535, 1.370000000000000107, 1.600000000000000755 ) ) ;
#4185 = VECTOR ( 'NONE', #380, 1000.000000000000000 ) ;
#4186 = CARTESIAN_POINT ( 'NONE',  ( -0.8459559885480104624, 1.369999999999999662, 1.904044011451991203 ) ) ;
#4187 = EDGE_CURVE ( 'NONE', #530, #2542, #3221, .T. ) ;
#4188 = ORIENTED_EDGE ( 'NONE', *, *, #5161, .T. ) ;
#4189 = LINE ( 'NONE', #3729, #182 ) ;
#4190 = CARTESIAN_POINT ( 'NONE',  ( 1.106066017177980143, 0.4700000000000001399, -1.643933982822018525 ) ) ;
#4191 = ADVANCED_FACE ( 'NONE', ( #2662 ), #2277, .F. ) ;
#4192 = EDGE_CURVE ( 'NONE', #326, #969, #2810, .T. ) ;
#4193 = ORIENTED_EDGE ( 'NONE', *, *, #659, .F. ) ;
#4194 = DIRECTION ( 'NONE',  ( -4.881621058232078700E-33, 1.000000000000000000, 4.840188270024564298E-17 ) ) ;
#4195 = ORIENTED_EDGE ( 'NONE', *, *, #4608, .T. ) ;
#4196 = CARTESIAN_POINT ( 'NONE',  ( 1.370000000000000107, 0.4350000000000001643, 1.640000000000000346 ) ) ;
#4197 = CIRCLE ( 'NONE', #4125, 1.000000000000000000 ) ;
#4198 = CARTESIAN_POINT ( 'NONE',  ( 1.276776695296625297, 0.7584814157638680721, 1.454633274187481007 ) ) ;
#4199 = ORIENTED_EDGE ( 'NONE', *, *, #3396, .T. ) ;
#4200 = CARTESIAN_POINT ( 'NONE',  ( 0.000000000000000000, 1.800000000000000044, -2.000000000000000000 ) ) ;
#4201 = VERTEX_POINT ( 'NONE', #1610 ) ;
#4202 = CYLINDRICAL_SURFACE ( 'NONE', #4426, 0.02000000000000005246 ) ;
#4203 = AXIS2_PLACEMENT_3D ( 'NONE', #3115, #5117, #4332 ) ;
#4204 = CARTESIAN_POINT ( 'NONE',  ( 1.300000000000000044, 0.03999999999999999389, 1.599999999999999867 ) ) ;
#4205 = DIRECTION ( 'NONE',  ( 0.000000000000000000, 1.000000000000000000, 0.000000000000000000 ) ) ;
#4206 = CARTESIAN_POINT ( 'NONE',  ( 1.212132034355963395, 1.370000000000000107, 1.749999999999999556 ) ) ;
#4207 = LINE ( 'NONE', #639, #3975 ) ;
#4208 = ORIENTED_EDGE ( 'NONE', *, *, #1018, .F. ) ;
#4209 = CARTESIAN_POINT ( 'NONE',  ( -0.7182937486512230851, 0.9200000000000001510, 1.880425783007188878 ) ) ;
#4210 = EDGE_CURVE ( 'NONE', #1509, #4436, #4006, .T. ) ;
#4211 = FACE_OUTER_BOUND ( 'NONE', #3596, .T. ) ;
#4212 = CARTESIAN_POINT ( 'NONE',  ( -1.704633274187482783, 1.081518584236131675, 1.237499999999995826 ) ) ;
#4213 = EDGE_LOOP ( 'NONE', ( #4342, #2055, #2891, #1232, #4378, #3076, #3397, #3309, #1139 ) ) ;
#4214 = EDGE_CURVE ( 'NONE', #1427, #4325, #119, .T. ) ;
#4215 = DIRECTION ( 'NONE',  ( 0.7071067811865466846, 0.000000000000000000, 0.7071067811865483499 ) ) ;
#4216 = DIRECTION ( 'NONE',  ( 0.000000000000000000, -1.000000000000000000, 0.000000000000000000 ) ) ;
#4217 = AXIS2_PLACEMENT_3D ( 'NONE', #4149, #2996, #3804 ) ;
#4218 = VECTOR ( 'NONE', #2120, 1000.000000000000000 ) ;
#4219 = EDGE_LOOP ( 'NONE', ( #3342, #3417, #1236, #5000 ) ) ;
#4220 = VECTOR ( 'NONE', #5169, 1000.000000000000000 ) ;
#4221 = EDGE_CURVE ( 'NONE', #4661, #1065, #4055, .T. ) ;
#4222 = ORIENTED_EDGE ( 'NONE', *, *, #1365, .F. ) ;
#4223 = FILL_AREA_STYLE ('',( #2973 ) ) ;
#4224 = CARTESIAN_POINT ( 'NONE',  ( 1.276776695296625297, 1.081518584236131675, 1.454633274187480785 ) ) ;
#4225 = STYLED_ITEM ( 'NONE', ( #2846 ), #4711 ) ;
#4226 = ORIENTED_EDGE ( 'NONE', *, *, #3965, .T. ) ;
#4227 = CARTESIAN_POINT ( 'NONE',  ( 1.599999999999998090, 0.03899999999999997219, 1.599999999999999423 ) ) ;
#4228 = VERTEX_POINT ( 'NONE', #1216 ) ;
#4229 = SURFACE_STYLE_USAGE ( .BOTH. , #3816 ) ;
#4230 = DIRECTION ( 'NONE',  ( -0.9659258262890692004, -0.2588190451025172978, 0.000000000000000000 ) ) ;
#4231 = DIRECTION ( 'NONE',  ( 0.000000000000000000, 0.000000000000000000, -1.000000000000000000 ) ) ;
#4232 = CARTESIAN_POINT ( 'NONE',  ( -1.375000000000000222, 1.800000000000000044, 1.374999999999997113 ) ) ;
#4233 = DIRECTION ( 'NONE',  ( -0.000000000000000000, -1.000000000000000000, 0.000000000000000000 ) ) ;
#4234 = EDGE_CURVE ( 'NONE', #4925, #2084, #2882, .T. ) ;
#4235 = DIRECTION ( 'NONE',  ( 2.290449872037788939E-16, 1.000000000000000000, 0.000000000000000000 ) ) ;
#4236 = SURFACE_STYLE_FILL_AREA ( #3732 ) ;
#4237 = CARTESIAN_POINT ( 'NONE',  ( 1.370000000000000107, 0.4700000000000001399, 1.600000000000000533 ) ) ;
#4238 = ORIENTED_EDGE ( 'NONE', *, *, #2142, .T. ) ;
#4239 = VECTOR ( 'NONE', #1556, 1000.000000000000000 ) ;
#4240 = FACE_OUTER_BOUND ( 'NONE', #2831, .T. ) ;
#4241 = CARTESIAN_POINT ( 'NONE',  ( 1.430000000000000160, 0.4700000000000001399, 1.600000000000000533 ) ) ;
#4242 =( GEOMETRIC_REPRESENTATION_CONTEXT ( 3 ) GLOBAL_UNCERTAINTY_ASSIGNED_CONTEXT ( ( #3350 ) ) GLOBAL_UNIT_ASSIGNED_CONTEXT ( ( #2179, #3390, #4577 ) ) REPRESENTATION_CONTEXT ( 'NONE', 'WORKASPACE' ) );
#4243 = ORIENTED_EDGE ( 'NONE', *, *, #2393, .T. ) ;
#4244 = CARTESIAN_POINT ( 'NONE',  ( -1.105110608456452814, 1.370000000000000551, 1.644889391543544743 ) ) ;
#4245 = CARTESIAN_POINT ( 'NONE',  ( 0.000000000000000000, 0.03999999999999999389, -2.000000000000000000 ) ) ;
#4246 = DIRECTION ( 'NONE',  ( 0.000000000000000000, 1.000000000000000000, -0.000000000000000000 ) ) ;
#4247 = ORIENTED_EDGE ( 'NONE', *, *, #1265, .T. ) ;
#4248 = CARTESIAN_POINT ( 'NONE',  ( 1.849999999999999645, 1.369999999999999662, 0.7874999999999983125 ) ) ;
#4249 = EDGE_CURVE ( 'NONE', #4252, #334, #2879, .T. ) ;
#4250 = ORIENTED_EDGE ( 'NONE', *, *, #4442, .T. ) ;
#4251 = LINE ( 'NONE', #4609, #702 ) ;
#4252 = VERTEX_POINT ( 'NONE', #2772 ) ;
#4253 = PLANE ( 'NONE',  #3187 ) ;
#4254 = CARTESIAN_POINT ( 'NONE',  ( 1.370000000000000107, 0.08499999999999995060, 1.580000000000000515 ) ) ;
#4255 = EDGE_CURVE ( 'NONE', #802, #4077, #4390, .T. ) ;
#4256 = CARTESIAN_POINT ( 'NONE',  ( -1.105110608456452814, 1.370000000000000551, 1.644889391543544743 ) ) ;
#4257 = FACE_OUTER_BOUND ( 'NONE', #2977, .T. ) ;
#4258 = CARTESIAN_POINT ( 'NONE',  ( 1.430000000000000160, 0.04499999999999998446, 1.300000000000000044 ) ) ;
#4259 = LINE ( 'NONE', #766, #5154 ) ;
#4260 = CARTESIAN_POINT ( 'NONE',  ( 2.000000000000000000, 0.03999999999999999389, 1.300000000000000044 ) ) ;
#4261 = CARTESIAN_POINT ( 'NONE',  ( -1.244453428269206574, 1.369999999999999662, -1.599946135094309829 ) ) ;
#4262 = VECTOR ( 'NONE', #2056, 1000.000000000000000 ) ;
#4263 = ORIENTED_EDGE ( 'NONE', *, *, #3340, .F. ) ;
#4264 = CARTESIAN_POINT ( 'NONE',  ( 1.105110608456489008, 1.370000000000000551, -1.644889391543509438 ) ) ;
#4265 = DIRECTION ( 'NONE',  ( -1.000000000000000000, -2.290449872037788939E-16, 0.000000000000000000 ) ) ;
#4266 = VECTOR ( 'NONE', #2019, 1000.000000000000000 ) ;
#4267 = ORIENTED_EDGE ( 'NONE', *, *, #3764, .T. ) ;
#4268 = CARTESIAN_POINT ( 'NONE',  ( -1.299999999999999822, 0.03999999999999999389, -0.000000000000000000 ) ) ;
#4269 = CARTESIAN_POINT ( 'NONE',  ( -1.850000000000000977, 0.4699999999999999178, -1.349999999999996758 ) ) ;
#4270 = CARTESIAN_POINT ( 'NONE',  ( 0.6878679656440350731, 0.9200000000000000400, -2.893028554974587774 ) ) ;
#4271 = EDGE_LOOP ( 'NONE', ( #917, #2157, #4336, #3768 ) ) ;
#4272 = DIRECTION ( 'NONE',  ( -0.000000000000000000, -1.000000000000000000, -0.000000000000000000 ) ) ;
#4273 = AXIS2_PLACEMENT_3D ( 'NONE', #2327, #2641, #5122 ) ;
#4274 = CARTESIAN_POINT ( 'NONE',  ( 1.849999999999999423, 1.369999999999999662, 1.124999999999993561 ) ) ;
#4275 = EDGE_CURVE ( 'NONE', #1882, #1065, #5144, .T. ) ;
#4276 = VERTEX_POINT ( 'NONE', #4443 ) ;
#4277 = ORIENTED_EDGE ( 'NONE', *, *, #1722, .F. ) ;
#4278 = CARTESIAN_POINT ( 'NONE',  ( 0.6878679656440350731, 1.800000000000000044, 1.850000000000000089 ) ) ;
#4279 = ADVANCED_FACE ( 'NONE', ( #2485 ), #2405, .T. ) ;
#4280 = CARTESIAN_POINT ( 'NONE',  ( 1.276776695296626407, 0.4700000000000000289, -1.600000000000000311 ) ) ;
#4281 = DIRECTION ( 'NONE',  ( -0.000000000000000000, -0.000000000000000000, -1.000000000000000000 ) ) ;
#4282 = AXIS2_PLACEMENT_3D ( 'NONE', #1539, #1832, #3154 ) ;
#4283 = CARTESIAN_POINT ( 'NONE',  ( -0.6878679656440355172, 1.370000000000000551, -1.850000000000000089 ) ) ;
#4284 = FACE_OUTER_BOUND ( 'NONE', #4951, .T. ) ;
#4285 = EDGE_CURVE ( 'NONE', #3444, #2009, #797, .T. ) ;
#4286 = CARTESIAN_POINT ( 'NONE',  ( -0.7939339828220162154, 0.03999999999999999389, 1.956066017177982452 ) ) ;
#4287 = CARTESIAN_POINT ( 'NONE',  ( -1.729926582365058252, 1.369999999999999662, -1.573626808228206331 ) ) ;
#4288 = VERTEX_POINT ( 'NONE', #3197 ) ;
#4289 = DIRECTION ( 'NONE',  ( 0.000000000000000000, -1.000000000000000000, 0.000000000000000000 ) ) ;
#4290 = CARTESIAN_POINT ( 'NONE',  ( -1.370000000000000107, 0.4350000000000001643, 1.640000000000000346 ) ) ;
#4291 = ORIENTED_EDGE ( 'NONE', *, *, #2562, .T. ) ;
#4292 = CARTESIAN_POINT ( 'NONE',  ( -1.276776695296636621, 0.4700000000000000289, 1.600000000000000533 ) ) ;
#4293 = CARTESIAN_POINT ( 'NONE',  ( -1.823723836731772519, 0.4700000000000001399, -1.479829553686764054 ) ) ;
#4294 = ORIENTED_EDGE ( 'NONE', *, *, #1748, .F. ) ;
#4295 = CARTESIAN_POINT ( 'NONE',  ( 0.000000000000000000, 0.03999999999999999389, 0.000000000000000000 ) ) ;
#4296 = EDGE_CURVE ( 'NONE', #1013, #4946, #1637, .T. ) ;
#4297 = ADVANCED_FACE ( 'NONE', ( #2007 ), #1243, .F. ) ;
#4298 = CARTESIAN_POINT ( 'NONE',  ( 0.9645775644191642018, 1.081518584236131675, 1.579672129759631671 ) ) ;
#4299 = AXIS2_PLACEMENT_3D ( 'NONE', #968, #4171, #4761 ) ;
#4300 = VERTEX_POINT ( 'NONE', #4590 ) ;
#4301 = FILL_AREA_STYLE ('',( #708 ) ) ;
#4302 = ORIENTED_EDGE ( 'NONE', *, *, #1425, .T. ) ;
#4303 = CARTESIAN_POINT ( 'NONE',  ( 1.212132034355962507, 0.04000000000000010492, -1.750000000000000222 ) ) ;
#4304 = VECTOR ( 'NONE', #1422, 1000.000000000000000 ) ;
#4305 = CARTESIAN_POINT ( 'NONE',  ( -1.776776695296636621, 1.369999999999999885, -1.526776695296635067 ) ) ;
#4306 = PRESENTATION_LAYER_ASSIGNMENT (  '', '', ( #621 ) ) ;
#4307 = DIRECTION ( 'NONE',  ( 0.000000000000000000, 0.000000000000000000, 1.000000000000000000 ) ) ;
#4308 = DIRECTION ( 'NONE',  ( 0.000000000000000000, 0.000000000000000000, 1.000000000000000000 ) ) ;
#4309 = LINE ( 'NONE', #3170, #2823 ) ;
#4310 = PRESENTATION_STYLE_ASSIGNMENT (( #1531 ) ) ;
#4311 = EDGE_CURVE ( 'NONE', #3156, #342, #983, .T. ) ;
#4312 = DIRECTION ( 'NONE',  ( 0.000000000000000000, 0.000000000000000000, 1.000000000000000000 ) ) ;
#4313 = VERTEX_POINT ( 'NONE', #1004 ) ;
#4314 = LINE ( 'NONE', #3067, #2114 ) ;
#4315 = PLANE ( 'NONE',  #2682 ) ;
#4316 = ORIENTED_EDGE ( 'NONE', *, *, #859, .F. ) ;
#4318 = VECTOR ( 'NONE', #68, 1000.000000000000000 ) ;
#4317 = CARTESIAN_POINT ( 'NONE',  ( -1.850000000000000311, 0.4700000000000000289, -1.124999999999991784 ) ) ;
#4319 = LINE ( 'NONE', #4245, #3205 ) ;
#4320 = VERTEX_POINT ( 'NONE', #3008 ) ;
#4321 = CARTESIAN_POINT ( 'NONE',  ( -1.370000000000000107, 0.4700000000000001399, 1.600000000000000533 ) ) ;
#4322 = AXIS2_PLACEMENT_3D ( 'NONE', #2348, #1109, #3946 ) ;
#4323 = CARTESIAN_POINT ( 'NONE',  ( 1.850000000000000311, 1.369999999999999662, -1.068750000000001199 ) ) ;
#4324 = EDGE_CURVE ( 'NONE', #4834, #4879, #536, .T. ) ;
#4325 = VERTEX_POINT ( 'NONE', #2537 ) ;
#4326 = DIRECTION ( 'NONE',  ( 0.000000000000000000, 0.000000000000000000, 1.000000000000000000 ) ) ;
#4327 = VECTOR ( 'NONE', #2293, 1000.000000000000000 ) ;
#4328 = EDGE_LOOP ( 'NONE', ( #3631, #3825, #1124, #2082 ) ) ;
#4329 = CARTESIAN_POINT ( 'NONE',  ( -1.136773554224846716, 1.369801795394580468, -1.618950590110093790 ) ) ;
#4330 = DIRECTION ( 'NONE',  ( -1.000000000000000000, 0.000000000000000000, -1.008560160451631605E-16 ) ) ;
#4331 = CARTESIAN_POINT ( 'NONE',  ( -0.6878679656440340739, 1.370000000000000107, 2.000000000000000000 ) ) ;
#4332 = DIRECTION ( 'NONE',  ( -2.290449872037788939E-16, -1.000000000000000000, 0.000000000000000000 ) ) ;
#4333 = DIRECTION ( 'NONE',  ( -0.000000000000000000, -1.000000000000000000, 0.000000000000000000 ) ) ;
#4334 = LINE ( 'NONE', #5143, #4239 ) ;
#4335 = CARTESIAN_POINT ( 'NONE',  ( -0.8979779942740035992, 1.369999999999999662, -1.852022005725995291 ) ) ;
#4336 = ORIENTED_EDGE ( 'NONE', *, *, #5141, .T. ) ;
#4337 = ORIENTED_EDGE ( 'NONE', *, *, #2115, .F. ) ;
#4338 = CARTESIAN_POINT ( 'NONE',  ( -1.375000000000001332, 0.4700000000000001399, -1.374999999999996225 ) ) ;
#4339 = CARTESIAN_POINT ( 'NONE',  ( -1.729926582365182597, 1.369999999999999662, 1.573626808228216323 ) ) ;
#4340 = EDGE_CURVE ( 'NONE', #2339, #4325, #586, .T. ) ;
#4341 = AXIS2_PLACEMENT_3D ( 'NONE', #2450, #817, #4484 ) ;
#4342 = ORIENTED_EDGE ( 'NONE', *, *, #1012, .T. ) ;
#4343 = CARTESIAN_POINT ( 'NONE',  ( -1.823626808228218321, 0.4700000000000000289, -1.479926582365054033 ) ) ;
#4344 = CYLINDRICAL_SURFACE ( 'NONE', #3948, 0.1499999999999999667 ) ;
#4345 = CARTESIAN_POINT ( 'NONE',  ( -1.137867965644034252, 0.04000000000000010492, 1.300000000000000044 ) ) ;
#4346 = VERTEX_POINT ( 'NONE', #2143 ) ;
#4347 = ADVANCED_FACE ( 'NONE', ( #3749 ), #1750, .F. ) ;
#4348 = STYLED_ITEM ( 'NONE', ( #3077 ), #1310 ) ;
#4349 = CARTESIAN_POINT ( 'NONE',  ( 1.652916512459881471, 1.357102355330313204, -1.600000000000000755 ) ) ;
#4350 = ORIENTED_EDGE ( 'NONE', *, *, #146, .T. ) ;
#4351 = CARTESIAN_POINT ( 'NONE',  ( 1.212132034355962507, 0.03999999999999999389, -1.600000000000000311 ) ) ;
#4352 = AXIS2_PLACEMENT_3D ( 'NONE', #4921, #4600, #132 ) ;
#4353 = VERTEX_POINT ( 'NONE', #932 ) ;
#4354 = CARTESIAN_POINT ( 'NONE',  ( -1.175224027515077374, 1.369689826826850920, -1.604399321683833701 ) ) ;
#4355 = DIRECTION ( 'NONE',  ( -3.129822080702406349E-16, -1.000000000000000000, 0.000000000000000000 ) ) ;
#4356 = LINE ( 'NONE', #711, #3904 ) ;
#4357 = CARTESIAN_POINT ( 'NONE',  ( -0.9000000000000000222, 0.03999999999999999389, 1.500000000000000000 ) ) ;
#4358 = CARTESIAN_POINT ( 'NONE',  ( 0.6878679656440350731, 0.03999999999999999389, -2.000000000000000000 ) ) ;
#4359 = EDGE_CURVE ( 'NONE', #409, #4353, #2088, .T. ) ;
#4360 = DIRECTION ( 'NONE',  ( -0.7071067811865490160, 0.000000000000000000, -0.7071067811865462405 ) ) ;
#4361 = FACE_OUTER_BOUND ( 'NONE', #21, .T. ) ;
#4362 = VECTOR ( 'NONE', #4702, 1000.000000000000000 ) ;
#4363 = CARTESIAN_POINT ( 'NONE',  ( -1.106066017177982141, 1.369999999999999662, -1.643933982822016748 ) ) ;
#4364 = CARTESIAN_POINT ( 'NONE',  ( 1.106066017177980365, 0.04000000000000010492, -1.643933982822018303 ) ) ;
#4365 = VERTEX_POINT ( 'NONE', #2564 ) ;
#4366 = CARTESIAN_POINT ( 'NONE',  ( 1.599999999999998090, 0.03899999999999997219, -1.600000000000000533 ) ) ;
#4367 = VECTOR ( 'NONE', #483, 1000.000000000000000 ) ;
#4368 = ORIENTED_EDGE ( 'NONE', *, *, #4192, .F. ) ;
#4369 = CARTESIAN_POINT ( 'NONE',  ( -1.704633274187482117, 0.7584814157638680721, -0.7875000000000060840 ) ) ;
#4370 = ORIENTED_EDGE ( 'NONE', *, *, #1648, .F. ) ;
#4371 = PLANE ( 'NONE',  #1800 ) ;
#4372 = VERTEX_POINT ( 'NONE', #906 ) ;
#4373 = DIRECTION ( 'NONE',  ( 0.000000000000000000, 0.000000000000000000, 1.000000000000000000 ) ) ;
#4374 = DIRECTION ( 'NONE',  ( 0.000000000000000000, -1.000000000000000000, 0.000000000000000000 ) ) ;
#4375 = ORIENTED_EDGE ( 'NONE', *, *, #197, .T. ) ;
#4376 = EDGE_CURVE ( 'NONE', #1640, #4068, #3504, .T. ) ;
#4377 =( LENGTH_UNIT ( ) NAMED_UNIT ( * ) SI_UNIT ( .MILLI., .METRE. ) );
#4378 = ORIENTED_EDGE ( 'NONE', *, *, #2513, .T. ) ;
#4379 = CARTESIAN_POINT ( 'NONE',  ( 0.6878679656440350731, 0.4700000000000001399, 2.000000000000000000 ) ) ;
#4380 = CARTESIAN_POINT ( 'NONE',  ( 1.554152816560841588, 0.7584814157638680721, -1.454660317778795786 ) ) ;
#4381 = MECHANICAL_DESIGN_GEOMETRIC_PRESENTATION_REPRESENTATION (  '', ( #4712 ), #2895 ) ;
#4382 = AXIS2_PLACEMENT_3D ( 'NONE', #223, #2194, #2169 ) ;
#4383 = LINE ( 'NONE', #3607, #977 ) ;
#4384 = CARTESIAN_POINT ( 'NONE',  ( 1.486602540378444193, 0.08999999999999991340, 1.300000000000000044 ) ) ;
#4385 = CARTESIAN_POINT ( 'NONE',  ( 0.7939339828220174367, 0.03999999999999999389, 1.956066017177982008 ) ) ;
#4386 = AXIS2_PLACEMENT_3D ( 'NONE', #3349, #976, #2582 ) ;
#4387 = FACE_OUTER_BOUND ( 'NONE', #2654, .T. ) ;
#4388 =( GEOMETRIC_REPRESENTATION_CONTEXT ( 3 ) GLOBAL_UNCERTAINTY_ASSIGNED_CONTEXT ( ( #3665 ) ) GLOBAL_UNIT_ASSIGNED_CONTEXT ( ( #2786, #2526, #4843 ) ) REPRESENTATION_CONTEXT ( 'NONE', 'WORKASPACE' ) );
#4389 = EDGE_CURVE ( 'NONE', #4557, #2638, #1374, .T. ) ;
#4390 = LINE ( 'NONE', #3617, #3140 ) ;
#4391 = DIRECTION ( 'NONE',  ( 0.000000000000000000, 0.000000000000000000, -1.000000000000000000 ) ) ;
#4392 = FACE_OUTER_BOUND ( 'NONE', #3741, .T. ) ;
#4393 = PLANE ( 'NONE',  #2100 ) ;
#4394 = ORIENTED_EDGE ( 'NONE', *, *, #4410, .F. ) ;
#4395 = CARTESIAN_POINT ( 'NONE',  ( -0.8732212052820755854, 0.7584814157638680721, 1.671199199556085535 ) ) ;
#4396 = EDGE_CURVE ( 'NONE', #2542, #3024, #957, .T. ) ;
#4397 = ORIENTED_EDGE ( 'NONE', *, *, #3584, .T. ) ;
#4398 = DIRECTION ( 'NONE',  ( -1.000000000000000000, 0.000000000000000000, 7.228014483236676834E-16 ) ) ;
#4399 = VERTEX_POINT ( 'NONE', #4540 ) ;
#4400 = LINE ( 'NONE', #4096, #4592 ) ;
#4401 = CARTESIAN_POINT ( 'NONE',  ( -0.6878679656440340739, 1.370000000000000107, 1.850000000000000089 ) ) ;
#4402 = VECTOR ( 'NONE', #1636, 999.9999999999998863 ) ;
#4403 = ORIENTED_EDGE ( 'NONE', *, *, #115, .F. ) ;
#4404 = ORIENTED_EDGE ( 'NONE', *, *, #4152, .T. ) ;
#4405 = DIRECTION ( 'NONE',  ( 1.000000000000000000, 0.000000000000000000, -1.008560160451631605E-16 ) ) ;
#4406 = CIRCLE ( 'NONE', #3908, 0.2500000000000002220 ) ;
#4407 = CARTESIAN_POINT ( 'NONE',  ( 1.850000000000024514, 0.4700000000000000289, -0.2249999999999889588 ) ) ;
#4408 = CARTESIAN_POINT ( 'NONE',  ( -1.370000000000000107, 0.1049999999999999684, 1.600000000000000533 ) ) ;
#4409 = AXIS2_PLACEMENT_3D ( 'NONE', #4666, #1055, #3481 ) ;
#4410 = EDGE_CURVE ( 'NONE', #3069, #4762, #2936, .T. ) ;
#4411 = DIRECTION ( 'NONE',  ( 0.7071067811865486830, -0.000000000000000000, 0.7071067811865464625 ) ) ;
#4412 = CARTESIAN_POINT ( 'NONE',  ( -1.776776695296638620, 1.369999999999999885, 1.526776695296635289 ) ) ;
#4413 = EDGE_CURVE ( 'NONE', #840, #862, #199, .T. ) ;
#4414 = LINE ( 'NONE', #849, #548 ) ;
#4415 = DIRECTION ( 'NONE',  ( 0.7071067811865485719, 0.000000000000000000, 0.7071067811865466846 ) ) ;
#4416 = CARTESIAN_POINT ( 'NONE',  ( 1.750000000000000000, 0.03999999999999999389, -1.350000000000000533 ) ) ;
#4417 = CARTESIAN_POINT ( 'NONE',  ( 1.849999999999999867, 1.800000000000000044, -1.349999999999996758 ) ) ;
#4418 = FILL_AREA_STYLE ('',( #4861 ) ) ;
#4419 = DIRECTION ( 'NONE',  ( 1.000000000000000000, -0.000000000000000000, -0.000000000000000000 ) ) ;
#4420 = EDGE_LOOP ( 'NONE', ( #1717, #4099, #994, #1917 ) ) ;
#4421 = CARTESIAN_POINT ( 'NONE',  ( -0.8992322081450772053, 0.7584814157638680721, -1.645188196693087024 ) ) ;
#4422 = ORIENTED_EDGE ( 'NONE', *, *, #1722, .T. ) ;
#4423 = CARTESIAN_POINT ( 'NONE',  ( -1.850056224347225609, 1.369999999999999662, 1.293756470132897629 ) ) ;
#4424 = VERTEX_POINT ( 'NONE', #3696 ) ;
#4425 = CARTESIAN_POINT ( 'NONE',  ( 1.599999999999999867, 1.800000000000000044, -1.349999999999998535 ) ) ;
#4426 = AXIS2_PLACEMENT_3D ( 'NONE', #1027, #1842, #1442 ) ;
#4427 = FACE_OUTER_BOUND ( 'NONE', #2128, .T. ) ;
#4428 = ORIENTED_EDGE ( 'NONE', *, *, #1893, .F. ) ;
#4429 = ORIENTED_EDGE ( 'NONE', *, *, #3527, .F. ) ;
#4430 = PLANE ( 'NONE',  #2092 ) ;
#4431 = ADVANCED_FACE ( 'NONE', ( #4937 ), #195, .F. ) ;
#4432 = EDGE_CURVE ( 'NONE', #1566, #3658, #5170, .T. ) ;
#4433 = CARTESIAN_POINT ( 'NONE',  ( 0.9512542138710765594, 0.7584814157638680721, -1.593166190967087781 ) ) ;
#4434 = PLANE ( 'NONE',  #1470 ) ;
#4435 = STYLED_ITEM ( 'NONE', ( #2409 ), #1902 ) ;
#4436 = VERTEX_POINT ( 'NONE', #4114 ) ;
#4437 = EDGE_CURVE ( 'NONE', #1226, #3575, #124, .T. ) ;
#4438 = LINE ( 'NONE', #4384, #3974 ) ;
#4439 = DIRECTION ( 'NONE',  ( 0.7071067811865460184, -0.000000000000000000, -0.7071067811865489050 ) ) ;
#4440 = PLANE ( 'NONE',  #3169 ) ;
#4441 = FACE_OUTER_BOUND ( 'NONE', #5081, .T. ) ;
#4442 = EDGE_CURVE ( 'NONE', #2109, #4768, #866, .T. ) ;
#4443 = CARTESIAN_POINT ( 'NONE',  ( 1.500000000000000000, 0.03999999999999999389, -1.600000000000000533 ) ) ;
#4444 = DIRECTION ( 'NONE',  ( -0.000000000000000000, -0.000000000000000000, 1.000000000000000000 ) ) ;
#4445 = LINE ( 'NONE', #4756, #5111 ) ;
#4446 = CARTESIAN_POINT ( 'NONE',  ( 1.370000000000000107, 0.04499999999999998446, 1.300000000000000044 ) ) ;
#4447 = AXIS2_PLACEMENT_3D ( 'NONE', #3515, #2250, #721 ) ;
#4448 = ORIENTED_EDGE ( 'NONE', *, *, #1358, .T. ) ;
#4449 = CARTESIAN_POINT ( 'NONE',  ( -1.704633274187457914, 0.7584814157638680721, -0.2250000000000219602 ) ) ;
#4450 = AXIS2_PLACEMENT_3D ( 'NONE', #749, #4655, #1937 ) ;
#4451 = ORIENTED_EDGE ( 'NONE', *, *, #2466, .T. ) ;
#4452 = CARTESIAN_POINT ( 'NONE',  ( -1.370000000000000107, 0.4350000000000001643, 1.605000000000000426 ) ) ;
#4453 = EDGE_LOOP ( 'NONE', ( #354, #1911, #479, #835 ) ) ;
#4454 = CARTESIAN_POINT ( 'NONE',  ( -1.152401595203201623, 0.4704232783553418673, -1.612370484647344115 ) ) ;
#4455 = LINE ( 'NONE', #1570, #1144 ) ;
#4456 = VERTEX_POINT ( 'NONE', #4639 ) ;
#4457 = APPLICATION_PROTOCOL_DEFINITION ( 'draft international standard', 'automotive_design', 1998, #553 ) ;
#4458 = ORIENTED_EDGE ( 'NONE', *, *, #396, .F. ) ;
#4459 = CARTESIAN_POINT ( 'NONE',  ( -1.300000000000000044, 0.03999999999999999389, 1.300000000000000044 ) ) ;
#4460 = CARTESIAN_POINT ( 'NONE',  ( 1.373743686707637357, 0.7584814157638680721, -1.454633274187478342 ) ) ;
#4461 = ORIENTED_EDGE ( 'NONE', *, *, #714, .T. ) ;
#4462 = CARTESIAN_POINT ( 'NONE',  ( -1.430000000000000160, 0.04499999999999997058, 1.580000000000000515 ) ) ;
#4463 = ORIENTED_EDGE ( 'NONE', *, *, #3802, .F. ) ;
#4464 = DIRECTION ( 'NONE',  ( -0.7071067811865464625, 0.000000000000000000, -0.7071067811865486830 ) ) ;
#4465 = CARTESIAN_POINT ( 'NONE',  ( -1.370000000000000107, 0.08499999999999995060, 1.580000000000000515 ) ) ;
#4466 = LINE ( 'NONE', #1721, #4981 ) ;
#4467 = DIRECTION ( 'NONE',  ( -0.000000000000000000, -0.000000000000000000, 1.000000000000000000 ) ) ;
#4468 = AXIS2_PLACEMENT_3D ( 'NONE', #2460, #3697, #2486 ) ;
#4469 = DIRECTION ( 'NONE',  ( 0.7071067811865462405, -0.000000000000000000, -0.7071067811865489050 ) ) ;
#4470 = DIRECTION ( 'NONE',  ( 0.000000000000000000, 0.000000000000000000, -1.000000000000000000 ) ) ;
#4471 = EDGE_CURVE ( 'NONE', #233, #4530, #4623, .T. ) ;
#4472 = EDGE_LOOP ( 'NONE', ( #2391, #4503, #1484, #4559, #2899, #2518 ) ) ;
#4473 = CARTESIAN_POINT ( 'NONE',  ( -1.276776695296636843, 0.7584814157638680721, 1.454633274187482117 ) ) ;
#4474 = B_SPLINE_CURVE_WITH_KNOTS ( 'NONE', 3,
 ( #738, #2400, #3168, #2370, #1184, #1552, #3192, #2740, #2346, #1580, #3945, #1952, #5140, #4751, #765, #2686, #3918, #2793 ),
 .UNSPECIFIED., .F., .F.,
 ( 4, 2, 2, 2, 2, 2, 2, 2, 4 ),
 ( 0.2490517994822953884, 0.2804203245470083816, 0.3117888496117215968, 0.3745258997411481383, 0.5000000000000005551, 0.6254741002588530829, 0.6882111503882792913, 0.7195796754529921735, 0.7509482005177054997 ),
 .UNSPECIFIED. ) ;
#4475 = ORIENTED_EDGE ( 'NONE', *, *, #2331, .T. ) ;
#4476 = DIRECTION ( 'NONE',  ( -0.7071067811865462405, 0.000000000000000000, 0.7071067811865489050 ) ) ;
#4477 = MECHANICAL_DESIGN_GEOMETRIC_PRESENTATION_REPRESENTATION (  '', ( #3395 ), #126 ) ;
#4478 = ORIENTED_EDGE ( 'NONE', *, *, #2888, .F. ) ;
#4479 = DIRECTION ( 'NONE',  ( -1.000000000000000000, 0.000000000000000000, 1.008560160451631605E-16 ) ) ;
#4480 = EDGE_CURVE ( 'NONE', #1944, #3493, #780, .T. ) ;
#4481 = DIRECTION ( 'NONE',  ( -1.000000000000000000, 0.000000000000000000, 7.228014483236676834E-16 ) ) ;
#4482 = ORIENTED_EDGE ( 'NONE', *, *, #3453, .T. ) ;
#4483 = ORIENTED_EDGE ( 'NONE', *, *, #3074, .F. ) ;
#4484 = DIRECTION ( 'NONE',  ( -0.7071067811865469066, 0.000000000000000000, 0.7071067811865483499 ) ) ;
#4485 = CARTESIAN_POINT ( 'NONE',  ( 0.6911441852410996622, 0.7584814157638680721, -1.853276219597065122 ) ) ;
#4486 = ORIENTED_EDGE ( 'NONE', *, *, #1225, .F. ) ;
#4487 =( LENGTH_UNIT ( ) NAMED_UNIT ( * ) SI_UNIT ( .MILLI., .METRE. ) );
#4488 = UNCERTAINTY_MEASURE_WITH_UNIT (LENGTH_MEASURE( 1.000000000000000082E-05 ), #576, 'distance_accuracy_value', 'NONE');
#4489 = AXIS2_PLACEMENT_3D ( 'NONE', #1662, #1270, #2087 ) ;
#4490 = EDGE_LOOP ( 'NONE', ( #2311, #3519, #3680, #3415 ) ) ;
#4491 = CARTESIAN_POINT ( 'NONE',  ( -0.6878679656440340739, 0.9200000000000000400, 2.893028554974587774 ) ) ;
#4492 = DIRECTION ( 'NONE',  ( 1.000000000000000000, -1.221214555709377446E-16, 0.000000000000000000 ) ) ;
#4493 = VECTOR ( 'NONE', #4698, 1000.000000000000000 ) ;
#4494 = DIRECTION ( 'NONE',  ( 0.7071067811865465735, 0.000000000000000000, -0.7071067811865485719 ) ) ;
#4495 = DIRECTION ( 'NONE',  ( -0.000000000000000000, -1.000000000000000000, -0.000000000000000000 ) ) ;
#4496 = DIRECTION ( 'NONE',  ( 1.000000000000000000, 0.000000000000000000, 0.000000000000000000 ) ) ;
#4497 = VECTOR ( 'NONE', #4538, 1000.000000000000000 ) ;
#4498 = ORIENTED_EDGE ( 'NONE', *, *, #4840, .T. ) ;
#4499 = CARTESIAN_POINT ( 'NONE',  ( -0.6911441852411002174, 1.081518584236131675, -1.853276219597064900 ) ) ;
#4500 = ORIENTED_EDGE ( 'NONE', *, *, #1354, .F. ) ;
#4501 = ADVANCED_FACE ( 'NONE', ( #3917 ), #3114, .F. ) ;
#4502 = DIRECTION ( 'NONE',  ( -8.673617379884043361E-16, 0.000000000000000000, 1.000000000000000000 ) ) ;
#4503 = ORIENTED_EDGE ( 'NONE', *, *, #751, .F. ) ;
#4504 = CARTESIAN_POINT ( 'NONE',  ( 0.6878679656440350731, 0.9200000000000000400, -2.893028554974587774 ) ) ;
#4505 = ORIENTED_EDGE ( 'NONE', *, *, #449, .T. ) ;
#4506 = EDGE_CURVE ( 'NONE', #81, #1007, #638, .T. ) ;
#4507 = ORIENTED_EDGE ( 'NONE', *, *, #3461, .F. ) ;
#4508 = FILL_AREA_STYLE_COLOUR ( '', #830 ) ;
#4509 = CARTESIAN_POINT ( 'NONE',  ( 1.260114491811232584, 0.7584814157638680721, 1.454527208181958242 ) ) ;
#4510 = ORIENTED_EDGE ( 'NONE', *, *, #4672, .T. ) ;
#4511 = AXIS2_PLACEMENT_3D ( 'NONE', #3345, #4151, #3418 ) ;
#4512 = DIRECTION ( 'NONE',  ( 1.000000000000000000, 2.290449872037788939E-16, 0.000000000000000000 ) ) ;
#4513 = VERTEX_POINT ( 'NONE', #3484 ) ;
#4514 = DIRECTION ( 'NONE',  ( 1.000000000000000000, -0.000000000000000000, -0.000000000000000000 ) ) ;
#4515 = DIRECTION ( 'NONE',  ( 1.000000000000000000, -0.000000000000000000, -3.614007241618331514E-16 ) ) ;
#4516 = LINE ( 'NONE', #4084, #4402 ) ;
#4517 = CARTESIAN_POINT ( 'NONE',  ( -0.7939339828220179918, 0.4699999999999999178, -1.956066017177982008 ) ) ;
#4518 = CARTESIAN_POINT ( 'NONE',  ( -1.750000000000000000, 0.03999999999999999389, -1.350000000000000089 ) ) ;
#4519 = VECTOR ( 'NONE', #3541, 999.9999999999998863 ) ;
#4520 = VECTOR ( 'NONE', #798, 1000.000000000000000 ) ;
#4521 = CARTESIAN_POINT ( 'NONE',  ( -1.341421356237310292, 1.081518584236131675, -1.454633274187479453 ) ) ;
#4522 = ORIENTED_EDGE ( 'NONE', *, *, #2197, .T. ) ;
#4523 = CARTESIAN_POINT ( 'NONE',  ( -1.106066017177979255, 0.4699999999999999178, 1.643933982822018525 ) ) ;
#4524 = DIRECTION ( 'NONE',  ( -0.000000000000000000, -1.000000000000000000, 0.000000000000000000 ) ) ;
#4525 = FACE_OUTER_BOUND ( 'NONE', #4219, .T. ) ;
#4526 = ADVANCED_FACE ( 'NONE', ( #4257 ), #4717, .F. ) ;
#4527 = VECTOR ( 'NONE', #1118, 1000.000000000000000 ) ;
#4528 = VERTEX_POINT ( 'NONE', #5030 ) ;
#4529 = CARTESIAN_POINT ( 'NONE',  ( 1.214884406353047952, 0.4699999999999999734, 1.599997834888271520 ) ) ;
#4530 = VERTEX_POINT ( 'NONE', #2633 ) ;
#4531 = CARTESIAN_POINT ( 'NONE',  ( -1.156482317317867781E-15, 0.1599999999999999756, -1.599999999999999423 ) ) ;
#4532 = CARTESIAN_POINT ( 'NONE',  ( 0.9645775644191673104, 1.081518584236131675, -1.579672129759628785 ) ) ;
#4533 = EDGE_CURVE ( 'NONE', #3231, #3410, #2244, .T. ) ;
#4534 = ORIENTED_EDGE ( 'NONE', *, *, #2494, .T. ) ;
#4535 = CYLINDRICAL_SURFACE ( 'NONE', #1623, 0.02000000000000005246 ) ;
#4536 = B_SPLINE_CURVE_WITH_KNOTS ( 'NONE', 3,
 ( #4269, #4681, #4293, #3442 ),
 .UNSPECIFIED., .F., .F.,
 ( 4, 4 ),
 ( 0.000000000000000000, 1.000000000000000000 ),
 .UNSPECIFIED. ) ;
#4537 = ORIENTED_EDGE ( 'NONE', *, *, #3896, .F. ) ;
#4538 = DIRECTION ( 'NONE',  ( -0.000000000000000000, 1.000000000000000000, -0.000000000000000000 ) ) ;
#4539 = CARTESIAN_POINT ( 'NONE',  ( 1.665920912100052886, 0.4700000000000001399, -1.599999999999999423 ) ) ;
#4540 = CARTESIAN_POINT ( 'NONE',  ( -1.370000000000000107, 0.4350000000000001643, 1.640000000000000346 ) ) ;
#4541 = LINE ( 'NONE', #4985, #529 ) ;
#4542 = FACE_OUTER_BOUND ( 'NONE', #2163, .T. ) ;
#4543 = VECTOR ( 'NONE', #3100, 1000.000000000000000 ) ;
#4544 = ADVANCED_FACE ( 'NONE', ( #1527 ), #1445, .T. ) ;
#4545 = CARTESIAN_POINT ( 'NONE',  ( -1.373743686707646017, 1.369999999999999662, 1.599999999999996758 ) ) ;
#4546 = VERTEX_POINT ( 'NONE', #3060 ) ;
#4547 = DIRECTION ( 'NONE',  ( -0.000000000000000000, -0.000000000000000000, -1.000000000000000000 ) ) ;
#4548 = CARTESIAN_POINT ( 'NONE',  ( -1.212132034355961840, 1.800000000000000044, 1.750000000000000444 ) ) ;
#4549 = CIRCLE ( 'NONE', #4386, 0.02000000000000005246 ) ;
#4550 = VECTOR ( 'NONE', #3312, 1000.000000000000000 ) ;
#4551 = ORIENTED_EDGE ( 'NONE', *, *, #4275, .F. ) ;
#4552 = CYLINDRICAL_SURFACE ( 'NONE', #4299, 0.2500000000000006661 ) ;
#4553 = ORIENTED_EDGE ( 'NONE', *, *, #2426, .F. ) ;
#4554 = ORIENTED_EDGE ( 'NONE', *, *, #2787, .T. ) ;
#4555 = DIRECTION ( 'NONE',  ( -0.000000000000000000, -1.000000000000000000, -0.000000000000000000 ) ) ;
#4556 = CARTESIAN_POINT ( 'NONE',  ( 1.373743686707637357, 1.081518584236131675, -1.454633274187478120 ) ) ;
#4557 = VERTEX_POINT ( 'NONE', #3533 ) ;
#4558 = CARTESIAN_POINT ( 'NONE',  ( 0.000000000000000000, 0.000000000000000000, -1.300000000000000044 ) ) ;
#4559 = ORIENTED_EDGE ( 'NONE', *, *, #2811, .F. ) ;
#4560 = FILL_AREA_STYLE_COLOUR ( '', #3690 ) ;
#4561 = CARTESIAN_POINT ( 'NONE',  ( -1.300000000000000044, 0.03999999999999999389, 1.500000000000000000 ) ) ;
#4562 = EDGE_CURVE ( 'NONE', #5099, #1226, #2320, .T. ) ;
#4563 = CARTESIAN_POINT ( 'NONE',  ( 1.776776695296638175, 0.4699999999999999734, -1.526776695296635955 ) ) ;
#4564 = AXIS2_PLACEMENT_3D ( 'NONE', #4699, #3196, #4725 ) ;
#4565 = DIRECTION ( 'NONE',  ( 0.9659258262890692004, -0.2588190451025172978, 0.000000000000000000 ) ) ;
#4566 = DIRECTION ( 'NONE',  ( -0.9659258262890693114, 0.2588190451025172423, 0.000000000000000000 ) ) ;
#4567 = EDGE_CURVE ( 'NONE', #1013, #3498, #1822, .T. ) ;
#4568 = AXIS2_PLACEMENT_3D ( 'NONE', #2539, #3010, #1376 ) ;
#4569 = VECTOR ( 'NONE', #3301, 1000.000000000000000 ) ;
#4570 = LINE ( 'NONE', #198, #3414 ) ;
#4572 = AXIS2_PLACEMENT_3D ( 'NONE', #193, #2535, #2934 ) ;
#4571 = CARTESIAN_POINT ( 'NONE',  ( -1.373743686707646683, 1.081518584236131675, -1.454633274187483227 ) ) ;
#4573 = ORIENTED_EDGE ( 'NONE', *, *, #875, .T. ) ;
#4574 = ORIENTED_EDGE ( 'NONE', *, *, #4221, .T. ) ;
#4575 = CARTESIAN_POINT ( 'NONE',  ( -1.750000000000000222, 1.800000000000000044, 1.600000000000000755 ) ) ;
#4576 = ORIENTED_EDGE ( 'NONE', *, *, #3952, .F. ) ;
#4577 =( NAMED_UNIT ( * ) SI_UNIT ( $, .STERADIAN. ) SOLID_ANGLE_UNIT ( ) );
#4578 = ORIENTED_EDGE ( 'NONE', *, *, #837, .F. ) ;
#4579 =( LENGTH_UNIT ( ) NAMED_UNIT ( * ) SI_UNIT ( .MILLI., .METRE. ) );
#4580 = ADVANCED_FACE ( 'NONE', ( #663 ), #712, .T. ) ;
#4581 = CARTESIAN_POINT ( 'NONE',  ( 1.470710678118646753, 0.7584814157638680721, 1.454633274187473457 ) ) ;
#4582 = EDGE_LOOP ( 'NONE', ( #742, #2173, #526, #73 ) ) ;
#4583 = CARTESIAN_POINT ( 'NONE',  ( 0.6878679656440350731, 0.9200000000000001510, 1.893028554974587552 ) ) ;
#4584 = ORIENTED_EDGE ( 'NONE', *, *, #538, .T. ) ;
#4585 = CARTESIAN_POINT ( 'NONE',  ( 1.162103234008518449, 0.4704012053337426891, -1.608559822176753196 ) ) ;
#4586 = ADVANCED_FACE ( 'NONE', ( #1847 ), #3458, .T. ) ;
#4587 = DIRECTION ( 'NONE',  ( 1.000000000000000000, 0.000000000000000000, -3.614007241618331514E-16 ) ) ;
#4588 = CARTESIAN_POINT ( 'NONE',  ( -1.214884406352906732, 0.4699999999999999734, -1.599997834888271075 ) ) ;
#4589 = CIRCLE ( 'NONE', #2004, 0.2500000000000000000 ) ;
#4590 = CARTESIAN_POINT ( 'NONE',  ( -1.430000000000000160, 0.4350000000000001643, 1.640000000000000346 ) ) ;
#4591 = CARTESIAN_POINT ( 'NONE',  ( 1.849999999999999867, 1.800000000000000044, 0.000000000000000000 ) ) ;
#4592 = VECTOR ( 'NONE', #808, 1000.000000000000000 ) ;
#4593 = CARTESIAN_POINT ( 'NONE',  ( 1.979999999999999982, -1.931235119739804773E-16, 1.500000000000000000 ) ) ;
#4594 =( NAMED_UNIT ( * ) SI_UNIT ( $, .STERADIAN. ) SOLID_ANGLE_UNIT ( ) );
#4595 = EDGE_CURVE ( 'NONE', #5153, #4836, #609, .T. ) ;
#4596 = CIRCLE ( 'NONE', #4029, 0.04302855497458719924 ) ;
#4597 = CARTESIAN_POINT ( 'NONE',  ( -1.693595220564064308, 1.081518584236131675, 1.404378574867390039 ) ) ;
#4598 = ORIENTED_EDGE ( 'NONE', *, *, #4891, .T. ) ;
#4599 = CARTESIAN_POINT ( 'NONE',  ( 0.6878679656440350731, 1.800000000000000044, 1.850000000000000089 ) ) ;
#4600 = DIRECTION ( 'NONE',  ( -3.614007241618331514E-16, 0.000000000000000000, -1.000000000000000000 ) ) ;
#4601 = ORIENTED_EDGE ( 'NONE', *, *, #4793, .F. ) ;
#4602 = CARTESIAN_POINT ( 'NONE',  ( 1.599999999999997868, 1.369999999999999662, -1.600000000000000089 ) ) ;
#4603 = VERTEX_POINT ( 'NONE', #3820 ) ;
#4604 = DIRECTION ( 'NONE',  ( 0.000000000000000000, 0.000000000000000000, -1.000000000000000000 ) ) ;
#4605 = AXIS2_PLACEMENT_3D ( 'NONE', #1432, #1486, #2255 ) ;
#4606 = CARTESIAN_POINT ( 'NONE',  ( 1.704633274187482339, 1.081518584236131675, -1.125000000000004441 ) ) ;
#4607 = VERTEX_POINT ( 'NONE', #273 ) ;
#4608 = EDGE_CURVE ( 'NONE', #3375, #445, #1870, .T. ) ;
#4609 = CARTESIAN_POINT ( 'NONE',  ( -1.486602540378444193, 0.08999999999999991340, 1.300000000000000044 ) ) ;
#4610 = ORIENTED_EDGE ( 'NONE', *, *, #1655, .F. ) ;
#4611 = DIRECTION ( 'NONE',  ( -0.000000000000000000, -1.000000000000000000, -0.000000000000000000 ) ) ;
#4612 = VECTOR ( 'NONE', #1607, 1000.000000000000000 ) ;
#4613 = DIRECTION ( 'NONE',  ( -1.000000000000000000, 0.000000000000000000, 3.614007241618331514E-16 ) ) ;
#4614 = LINE ( 'NONE', #2985, #1639 ) ;
#4615 = LINE ( 'NONE', #1423, #611 ) ;
#4616 = DIRECTION ( 'NONE',  ( 0.000000000000000000, 4.840188270024564298E-17, -1.000000000000000000 ) ) ;
#4617 = CARTESIAN_POINT ( 'NONE',  ( 1.212132034355962507, 1.800000000000000044, -1.750000000000000222 ) ) ;
#4618 = DIRECTION ( 'NONE',  ( -1.000000000000000000, 0.000000000000000000, 0.000000000000000000 ) ) ;
#4619 = ORIENTED_EDGE ( 'NONE', *, *, #1787, .T. ) ;
#4620 = CARTESIAN_POINT ( 'NONE',  ( -0.7939339828220178807, 0.03999999999999999389, -1.956066017177982008 ) ) ;
#4621 = DIRECTION ( 'NONE',  ( 0.000000000000000000, 0.000000000000000000, 1.000000000000000000 ) ) ;
#4622 = ADVANCED_FACE ( 'NONE', ( #4668 ), #688, .F. ) ;
#4623 = CIRCLE ( 'NONE', #2373, 0.2500000000000000000 ) ;
#4624 = ADVANCED_FACE ( 'NONE', ( #3191 ), #347, .T. ) ;
#4625 = ORIENTED_EDGE ( 'NONE', *, *, #4210, .F. ) ;
#4626 = CARTESIAN_POINT ( 'NONE',  ( -0.6878679656440356283, 0.4700000000000001399, -2.000000000000000000 ) ) ;
#4627 = LINE ( 'NONE', #1095, #3868 ) ;
#4628 = DIRECTION ( 'NONE',  ( -0.000000000000000000, 1.000000000000000000, 0.000000000000000000 ) ) ;
#4629 = CIRCLE ( 'NONE', #1296, 0.04302855497458741435 ) ;
#4630 = ORIENTED_EDGE ( 'NONE', *, *, #55, .F. ) ;
#4631 = SURFACE_STYLE_FILL_AREA ( #3884 ) ;
#4632 = EDGE_CURVE ( 'NONE', #404, #3444, #4438, .T. ) ;
#4633 = CARTESIAN_POINT ( 'NONE',  ( 1.153835906860988691, 1.081518584236131675, 1.454762138728997733 ) ) ;
#4634 = VERTEX_POINT ( 'NONE', #1211 ) ;
#4635 =( NAMED_UNIT ( * ) SI_UNIT ( $, .STERADIAN. ) SOLID_ANGLE_UNIT ( ) );
#4636 = ORIENTED_EDGE ( 'NONE', *, *, #588, .T. ) ;
#4637 = CARTESIAN_POINT ( 'NONE',  ( 0.000000000000000000, 1.800000000000000044, -2.000000000000000000 ) ) ;
#4638 = LINE ( 'NONE', #2960, #1980 ) ;
#4639 = CARTESIAN_POINT ( 'NONE',  ( 1.137867965644034030, 0.04000000000000010492, -1.300000000000000044 ) ) ;
#4640 = PLANE ( 'NONE',  #1712 ) ;
#4641 = CARTESIAN_POINT ( 'NONE',  ( 0.6878679656440350731, 0.9200000000000000400, 2.893028554974587774 ) ) ;
#4642 = DIRECTION ( 'NONE',  ( 1.000000000000000000, -0.000000000000000000, 0.000000000000000000 ) ) ;
#4643 = CARTESIAN_POINT ( 'NONE',  ( -0.8459559885480397723, 1.369999999999999662, -1.904044011452011409 ) ) ;
#4644 = EDGE_LOOP ( 'NONE', ( #786, #997, #1961, #4014 ) ) ;
#4645 = EDGE_CURVE ( 'NONE', #4528, #926, #4850, .T. ) ;
#4646 = VECTOR ( 'NONE', #3383, 1000.000000000000000 ) ;
#4647 = PLANE ( 'NONE',  #2778 ) ;
#4648 = LINE ( 'NONE', #722, #4848 ) ;
#4649 = AXIS2_PLACEMENT_3D ( 'NONE', #660, #3866, #1497 ) ;
#4650 = AXIS2_PLACEMENT_3D ( 'NONE', #2878, #2794, #4857 ) ;
#4651 = ADVANCED_FACE ( 'NONE', ( #2455 ), #3558, .T. ) ;
#4652 = ORIENTED_EDGE ( 'NONE', *, *, #1829, .T. ) ;
#4653 = CARTESIAN_POINT ( 'NONE',  ( -1.341421356237308959, 0.4700000000000000289, 1.600000000000000533 ) ) ;
#4654 = ORIENTED_EDGE ( 'NONE', *, *, #1169, .F. ) ;
#4655 = DIRECTION ( 'NONE',  ( 1.000000000000000000, 0.000000000000000000, 0.000000000000000000 ) ) ;
#4656 = DIRECTION ( 'NONE',  ( 1.000000000000000000, 0.000000000000000000, 0.000000000000000000 ) ) ;
#4657 = ORIENTED_EDGE ( 'NONE', *, *, #1523, .F. ) ;
#4658 =( LENGTH_UNIT ( ) NAMED_UNIT ( * ) SI_UNIT ( .MILLI., .METRE. ) );
#4659 = STYLED_ITEM ( 'NONE', ( #5010 ), #3062 ) ;
#4660 = CARTESIAN_POINT ( 'NONE',  ( 0.7939339828220172146, 1.369999999999999662, -1.956066017177981564 ) ) ;
#4661 = VERTEX_POINT ( 'NONE', #1266 ) ;
#4662 = ADVANCED_FACE ( 'NONE', ( #2397 ), #764, .T. ) ;
#4663 = LINE ( 'NONE', #3528, #3317 ) ;
#4664 = VERTEX_POINT ( 'NONE', #1157 ) ;
#4665 = DIRECTION ( 'NONE',  ( -1.000000000000000000, 0.000000000000000000, 0.000000000000000000 ) ) ;
#4666 = CARTESIAN_POINT ( 'NONE',  ( 1.212132034355963395, 0.04000000000000010492, 1.749999999999999556 ) ) ;
#4667 = LINE ( 'NONE', #3532, #1561 ) ;
#4668 = FACE_OUTER_BOUND ( 'NONE', #4453, .T. ) ;
#4669 = LINE ( 'NONE', #2321, #1351 ) ;
#4670 = AXIS2_PLACEMENT_3D ( 'NONE', #3352, #243, #3025 ) ;
#4671 = FACE_OUTER_BOUND ( 'NONE', #3373, .T. ) ;
#4672 = EDGE_CURVE ( 'NONE', #1277, #4664, #2046, .T. ) ;
#4673 = CARTESIAN_POINT ( 'NONE',  ( -1.823626808228218543, 1.369999999999999662, 1.479926582365062693 ) ) ;
#4674 = MECHANICAL_DESIGN_GEOMETRIC_PRESENTATION_REPRESENTATION (  '', ( #3524 ), #4182 ) ;
#4675 = ORIENTED_EDGE ( 'NONE', *, *, #2622, .T. ) ;
#4676 = DIRECTION ( 'NONE',  ( 0.000000000000000000, 0.000000000000000000, 1.000000000000000000 ) ) ;
#4677 = CARTESIAN_POINT ( 'NONE',  ( 1.370000000000000107, 0.4700000000000000844, 1.605000000000000426 ) ) ;
#4678 = VECTOR ( 'NONE', #1666, 1000.000000000000000 ) ;
#4679 = ORIENTED_EDGE ( 'NONE', *, *, #93, .F. ) ;
#4680 = CARTESIAN_POINT ( 'NONE',  ( -1.535362774784662099, 0.4700000000000000289, 1.600064615179827676 ) ) ;
#4681 = CARTESIAN_POINT ( 'NONE',  ( -1.850000000000000089, 0.4700000000000001399, -1.415920912100095297 ) ) ;
#4682 = PRESENTATION_STYLE_ASSIGNMENT (( #3102 ) ) ;
#4683 = VERTEX_POINT ( 'NONE', #820 ) ;
#4684 = DIRECTION ( 'NONE',  ( 0.000000000000000000, 0.000000000000000000, 1.000000000000000000 ) ) ;
#4685 = CIRCLE ( 'NONE', #2438, 0.03499999999999987843 ) ;
#4686 = CARTESIAN_POINT ( 'NONE',  ( 1.729926582365064469, 1.369999999999999662, 1.573626808228214324 ) ) ;
#4687 = ORIENTED_EDGE ( 'NONE', *, *, #3590, .T. ) ;
#4688 = CARTESIAN_POINT ( 'NONE',  ( 1.370000000000000107, 0.4350000000000001643, 1.605000000000000426 ) ) ;
#4689 = VERTEX_POINT ( 'NONE', #5164 ) ;
#4690 = DIRECTION ( 'NONE',  ( 0.000000000000000000, 0.000000000000000000, -1.000000000000000000 ) ) ;
#4691 = CLOSED_SHELL ( 'NONE', ( #4624, #340, #4191, #973, #2156, #4580, #908, #3037, #1377, #1551, #1621, #4662, #3723, #1253, #3659, #1016, #2639, #986, #185, #4651, #2328, #3266, #3274, #4586, #419, #3091 ) ) ;
#4692 = ADVANCED_FACE ( 'NONE', ( #2819 ), #2002, .F. ) ;
#4693 = LINE ( 'NONE', #5028, #4914 ) ;
#4694 = DIRECTION ( 'NONE',  ( -7.228014483236697541E-16, 0.000000000000000000, 1.000000000000000000 ) ) ;
#4695 = AXIS2_PLACEMENT_3D ( 'NONE', #3540, #1040, #2279 ) ;
#4696 = CARTESIAN_POINT ( 'NONE',  ( -1.137867965644034696, 2.999999999999999556, 0.000000000000000000 ) ) ;
#4697 = CARTESIAN_POINT ( 'NONE',  ( 1.106066017177980365, 1.800000000000000044, -1.643933982822018303 ) ) ;
#4698 = DIRECTION ( 'NONE',  ( 1.000000000000000000, 2.290449872037788939E-16, 0.000000000000000000 ) ) ;
#4699 = CARTESIAN_POINT ( 'NONE',  ( -1.600000000000000311, 0.03899999999999997219, 1.349999999999998312 ) ) ;
#4700 = CARTESIAN_POINT ( 'NONE',  ( -1.276776695296638620, 1.369999999999999662, -1.599999999999998090 ) ) ;
#4701 = ORIENTED_EDGE ( 'NONE', *, *, #4070, .F. ) ;
#4702 = DIRECTION ( 'NONE',  ( 0.000000000000000000, 1.000000000000000000, 0.000000000000000000 ) ) ;
#4703 = CARTESIAN_POINT ( 'NONE',  ( 1.300000000000000044, 0.03999999999999999389, 1.500000000000000000 ) ) ;
#4704 = MANIFOLD_SOLID_BREP ( 'Wire 2', #1682 ) ;
#4705 = EDGE_CURVE ( 'NONE', #1315, #4894, #4629, .T. ) ;
#4706 = VERTEX_POINT ( 'NONE', #1578 ) ;
#4707 = CARTESIAN_POINT ( 'NONE',  ( -1.850000000000000533, 0.4700000000000000289, -1.068750000000004308 ) ) ;
#4708 = CARTESIAN_POINT ( 'NONE',  ( 5.782411586589332001E-16, 0.4700000000000001399, 1.600000000000000089 ) ) ;
#4709 = ORIENTED_EDGE ( 'NONE', *, *, #200, .T. ) ;
#4710 = CARTESIAN_POINT ( 'NONE',  ( 1.341421356237317175, 1.369999999999999662, 1.599999999999998979 ) ) ;
#4711 = MANIFOLD_SOLID_BREP ( 'Housing B', #1773 ) ;
#4712 = STYLED_ITEM ( 'NONE', ( #3671 ), #4279 ) ;
#4713 = ORIENTED_EDGE ( 'NONE', *, *, #858, .T. ) ;
#4714 = DIRECTION ( 'NONE',  ( 1.000000000000000000, 1.221214555709377446E-16, -0.000000000000000000 ) ) ;
#4715 = ORIENTED_EDGE ( 'NONE', *, *, #1358, .F. ) ;
#4716 = CARTESIAN_POINT ( 'NONE',  ( 0.000000000000000000, 0.000000000000000000, 1.300000000000000044 ) ) ;
#4717 = TOROIDAL_SURFACE ( 'NONE', #5135, 1.043028554974587685, 1.000000000000000222 ) ;
#4718 = CARTESIAN_POINT ( 'NONE',  ( 1.849934580001411977, 0.4700000000000000289, -1.415442318608305827 ) ) ;
#4719 = CARTESIAN_POINT ( 'NONE',  ( 1.430000000000000160, 0.04499999999999997058, 1.580000000000000515 ) ) ;
#4720 = B_SPLINE_CURVE_WITH_KNOTS ( 'NONE', 3,
 ( #1745, #2239, #5001, #2165, #2655, #4585, #2981, #2957, #3376, #1818, #3744, #3424 ),
 .UNSPECIFIED., .F., .F.,
 ( 4, 2, 2, 2, 2, 4 ),
 ( 0.000000000000000000, 0.2500000000000140998, 0.3750000000000211497, 0.4375000000000220379, 0.5000000000000229816, 1.000000000000000000 ),
 .UNSPECIFIED. ) ;
#4721 = EDGE_CURVE ( 'NONE', #600, #4252, #5046, .T. ) ;
#4722 = DIRECTION ( 'NONE',  ( -1.000000000000000000, -2.290449872037788939E-16, 0.000000000000000000 ) ) ;
#4723 = CARTESIAN_POINT ( 'NONE',  ( -1.105110608456452814, 1.370000000000000551, 1.644889391543544743 ) ) ;
#4724 = CARTESIAN_POINT ( 'NONE',  ( 1.599999999999999867, 1.370000000000000107, -1.349999999999998535 ) ) ;
#4725 = DIRECTION ( 'NONE',  ( 0.000000000000000000, 0.000000000000000000, 1.000000000000000000 ) ) ;
#4726 = EDGE_CURVE ( 'NONE', #3231, #4068, #4860, .T. ) ;
#4727 = EDGE_CURVE ( 'NONE', #266, #1650, #1362, .T. ) ;
#4728 = CARTESIAN_POINT ( 'NONE',  ( -1.850056224347242040, 1.369999999999999662, -1.293756470132904735 ) ) ;
#4729 = VERTEX_POINT ( 'NONE', #116 ) ;
#4730 = ORIENTED_EDGE ( 'NONE', *, *, #3935, .F. ) ;
#4731 = DIRECTION ( 'NONE',  ( -7.589415207398531038E-16, 0.000000000000000000, -1.000000000000000000 ) ) ;
#4732 = CARTESIAN_POINT ( 'NONE',  ( 1.137867965644034030, 0.03999999999999999389, 1.500000000000000000 ) ) ;
#4733 = ORIENTED_EDGE ( 'NONE', *, *, #1675, .F. ) ;
#4735 = AXIS2_PLACEMENT_3D ( 'NONE', #3379, #4136, #535 ) ;
#4734 = CARTESIAN_POINT ( 'NONE',  ( -1.850056224347242484, 0.4700000000000000289, -1.293756470132904735 ) ) ;
#4736 = CYLINDRICAL_SURFACE ( 'NONE', #4605, 0.1499999999999999667 ) ;
#4737 = DIRECTION ( 'NONE',  ( 0.000000000000000000, 0.000000000000000000, -1.000000000000000000 ) ) ;
#4738 = ORIENTED_EDGE ( 'NONE', *, *, #2080, .T. ) ;
#4739 = DIRECTION ( 'NONE',  ( 2.891205793294679017E-15, 0.000000000000000000, 1.000000000000000000 ) ) ;
#4740 = STYLED_ITEM ( 'NONE', ( #2298 ), #3988 ) ;
#4741 = DIRECTION ( 'NONE',  ( 0.000000000000000000, 0.000000000000000000, 1.000000000000000000 ) ) ;
#4742 = ORIENTED_EDGE ( 'NONE', *, *, #1393, .F. ) ;
#4743 = DIRECTION ( 'NONE',  ( 1.000000000000000000, 3.129822080702406349E-16, 0.000000000000000000 ) ) ;
#4744 = AXIS2_PLACEMENT_3D ( 'NONE', #4401, #3629, #3211 ) ;
#4745 = EDGE_LOOP ( 'NONE', ( #3928, #2278, #625, #4176, #874, #436, #168, #65, #186, #3932, #2021, #889, #2132, #2264, #3709, #5021, #967, #3423, #2597, #4630, #230, #1571, #87, #451 ) ) ;
#4746 = LINE ( 'NONE', #292, #3772 ) ;
#4747 = DIRECTION ( 'NONE',  ( -1.000000000000000000, 0.000000000000000000, 0.000000000000000000 ) ) ;
#4748 = LINE ( 'NONE', #3137, #2918 ) ;
#4749 = CARTESIAN_POINT ( 'NONE',  ( 1.212132034355962507, 1.370000000000000107, -1.750000000000000222 ) ) ;
#4750 = EDGE_CURVE ( 'NONE', #3311, #1000, #190, .T. ) ;
#4751 = CARTESIAN_POINT ( 'NONE',  ( 1.849999999999999645, 1.369999999999999662, 1.068750000000003419 ) ) ;
#4752 = CARTESIAN_POINT ( 'NONE',  ( -1.375000000000000222, 1.800000000000000044, 1.374999999999997113 ) ) ;
#4753 = CARTESIAN_POINT ( 'NONE',  ( -1.104805497252400626, 1.369999999999999662, -1.645190409632286022 ) ) ;
#4754 = ORIENTED_EDGE ( 'NONE', *, *, #538, .F. ) ;
#4755 = ORIENTED_EDGE ( 'NONE', *, *, #3591, .F. ) ;
#4756 = CARTESIAN_POINT ( 'NONE',  ( 1.370000000000000107, 0.04499999999999997058, 1.580000000000000515 ) ) ;
#4757 = CARTESIAN_POINT ( 'NONE',  ( -1.850000000000000311, 0.03899999999999997219, 1.349999999999996536 ) ) ;
#4758 = EDGE_CURVE ( 'NONE', #2919, #2417, #2904, .T. ) ;
#4759 = AXIS2_PLACEMENT_3D ( 'NONE', #1811, #4555, #4604 ) ;
#4760 = VERTEX_POINT ( 'NONE', #2162 ) ;
#4761 = DIRECTION ( 'NONE',  ( 0.000000000000000000, 0.000000000000000000, -1.000000000000000000 ) ) ;
#4762 = VERTEX_POINT ( 'NONE', #481 ) ;
#4763 = LINE ( 'NONE', #1415, #2299 ) ;
#4764 = ORIENTED_EDGE ( 'NONE', *, *, #2499, .T. ) ;
#4765 = DIRECTION ( 'NONE',  ( 1.000000000000000000, -0.000000000000000000, 1.008560160451631481E-16 ) ) ;
#4766 = AXIS2_PLACEMENT_3D ( 'NONE', #1489, #753, #1515 ) ;
#4767 = CARTESIAN_POINT ( 'NONE',  ( -1.375000000000000222, 0.03999999999999999389, 1.374999999999997113 ) ) ;
#4768 = VERTEX_POINT ( 'NONE', #2083 ) ;
#4769 = CIRCLE ( 'NONE', #2768, 0.1499999999999999667 ) ;
#4770 = ORIENTED_EDGE ( 'NONE', *, *, #4070, .T. ) ;
#4771 = CYLINDRICAL_SURFACE ( 'NONE', #829, 0.1499999999999999667 ) ;
#4772 = CARTESIAN_POINT ( 'NONE',  ( 1.704605893752897616, 0.7584814157638680721, -1.396418236177700889 ) ) ;
#4773 = EDGE_CURVE ( 'NONE', #342, #3756, #2874, .T. ) ;
#4774 = CARTESIAN_POINT ( 'NONE',  ( -1.332153903091734204, 0.1599999999999999756, 1.600000000000000755 ) ) ;
#4775 = DIRECTION ( 'NONE',  ( -0.7071067811865462405, 0.000000000000000000, 0.7071067811865489050 ) ) ;
#4776 = CARTESIAN_POINT ( 'NONE',  ( -1.430000000000000160, 0.4700000000000001399, 1.600000000000000533 ) ) ;
#4777 = DIRECTION ( 'NONE',  ( -0.000000000000000000, -1.000000000000000000, -0.000000000000000000 ) ) ;
#4778 = EDGE_CURVE ( 'NONE', #546, #4925, #3811, .T. ) ;
#4779 = SURFACE_STYLE_FILL_AREA ( #796 ) ;
#4780 = LINE ( 'NONE', #3469, #922 ) ;
#4781 = CARTESIAN_POINT ( 'NONE',  ( -1.467846096908265840, 0.1599999999999999756, -1.599999999999998535 ) ) ;
#4782 =( LENGTH_UNIT ( ) NAMED_UNIT ( * ) SI_UNIT ( .MILLI., .METRE. ) );
#4783 = ORIENTED_EDGE ( 'NONE', *, *, #4778, .T. ) ;
#4784 = CARTESIAN_POINT ( 'NONE',  ( -1.704633274187482117, 0.7584814157638680721, -1.068750000000004530 ) ) ;
#4785 = ORIENTED_EDGE ( 'NONE', *, *, #1240, .F. ) ;
#4786 = CARTESIAN_POINT ( 'NONE',  ( -1.430000000000000160, 0.1049999999999999684, 1.580000000000000515 ) ) ;
#4787 = EDGE_CURVE ( 'NONE', #192, #4320, #3766, .T. ) ;
#4788 = ORIENTED_EDGE ( 'NONE', *, *, #2669, .T. ) ;
#4789 = CARTESIAN_POINT ( 'NONE',  ( -1.172752600185516192, 0.4701982046122455405, -1.604047581297864955 ) ) ;
#4790 = EDGE_CURVE ( 'NONE', #1000, #2966, #4549, .T. ) ;
#4791 = CARTESIAN_POINT ( 'NONE',  ( 1.002022005725984988, 1.369999999999999662, 1.747977994274013014 ) ) ;
#4792 = VERTEX_POINT ( 'NONE', #4930 ) ;
#4793 = EDGE_CURVE ( 'NONE', #3099, #2464, #2134, .T. ) ;
#4794 = B_SPLINE_CURVE_WITH_KNOTS ( 'NONE', 3,
 ( #1795, #2563, #4980, #4588 ),
 .UNSPECIFIED., .F., .F.,
 ( 4, 4 ),
 ( 0.000000000000000000, 1.000000000000000000 ),
 .UNSPECIFIED. ) ;
#4795 = ORIENTED_EDGE ( 'NONE', *, *, #4437, .T. ) ;
#4796 = CARTESIAN_POINT ( 'NONE',  ( 5.782411586589332001E-16, 1.800000000000000044, 1.600000000000000089 ) ) ;
#4797 = CARTESIAN_POINT ( 'NONE',  ( 0.7431661909670960187, 0.7584814157638680721, -1.801254213871060994 ) ) ;
#4798 = CARTESIAN_POINT ( 'NONE',  ( 1.106066017177981031, 1.800000000000000044, 1.643933982822017636 ) ) ;
#4799 = DIRECTION ( 'NONE',  ( 1.000000000000000000, 0.000000000000000000, 1.008560160451631605E-16 ) ) ;
#4800 = VECTOR ( 'NONE', #1106, 1000.000000000000000 ) ;
#4801 = DIRECTION ( 'NONE',  ( 0.000000000000000000, 0.000000000000000000, -1.000000000000000000 ) ) ;
#4802 = DIRECTION ( 'NONE',  ( 0.000000000000000000, 0.000000000000000000, 1.000000000000000000 ) ) ;
#4803 = DIRECTION ( 'NONE',  ( 0.000000000000000000, 0.000000000000000000, -1.000000000000000000 ) ) ;
#4804 = DIRECTION ( 'NONE',  ( -0.000000000000000000, -1.000000000000000000, -0.000000000000000000 ) ) ;
#4805 = DIRECTION ( 'NONE',  ( 0.000000000000000000, 1.000000000000000000, -0.000000000000000000 ) ) ;
#4806 = CARTESIAN_POINT ( 'NONE',  ( -2.000000000000000000, 0.01999999999999980960, 1.500000000000000000 ) ) ;
#4807 = ORIENTED_EDGE ( 'NONE', *, *, #3453, .F. ) ;
#4808 = ADVANCED_FACE ( 'NONE', ( #1291 ), #4535, .T. ) ;
#4809 = CARTESIAN_POINT ( 'NONE',  ( -1.704633274187481895, 0.7584814157638680721, -1.124999999999991784 ) ) ;
#4810 = ORIENTED_EDGE ( 'NONE', *, *, #1741, .F. ) ;
#4811 = DIRECTION ( 'NONE',  ( 0.000000000000000000, 0.000000000000000000, -1.000000000000000000 ) ) ;
#4812 = VERTEX_POINT ( 'NONE', #581 ) ;
#4813 = DIRECTION ( 'NONE',  ( 0.7071067811865464625, 0.000000000000000000, 0.7071067811865486830 ) ) ;
#4814 = ADVANCED_FACE ( 'NONE', ( #2185 ), #2480, .T. ) ;
#4815 = EDGE_CURVE ( 'NONE', #1882, #1907, #4763, .T. ) ;
#4816 = CARTESIAN_POINT ( 'NONE',  ( -0.7182937486512244174, 0.9200000000000001510, -1.880425783007188878 ) ) ;
#4817 = VECTOR ( 'NONE', #2764, 1000.000000000000000 ) ;
#4818 = AXIS2_PLACEMENT_3D ( 'NONE', #1185, #2086, #8 ) ;
#4819 = ORIENTED_EDGE ( 'NONE', *, *, #3007, .T. ) ;
#4820 = ORIENTED_EDGE ( 'NONE', *, *, #2432, .T. ) ;
#4821 = CARTESIAN_POINT ( 'NONE',  ( -1.430000000000000160, 0.4350000000000001643, 1.605000000000000426 ) ) ;
#4822 = CIRCLE ( 'NONE', #4568, 0.1499999999999999667 ) ;
#4823 = CARTESIAN_POINT ( 'NONE',  ( 1.704633274187481673, 0.7584814157638680721, 0.4500000000000080602 ) ) ;
#4824 = EDGE_CURVE ( 'NONE', #4320, #3151, #4251, .T. ) ;
#4825 = ORIENTED_EDGE ( 'NONE', *, *, #4090, .F. ) ;
#4826 = DIRECTION ( 'NONE',  ( 0.000000000000000000, 0.000000000000000000, 1.000000000000000000 ) ) ;
#4827 = CARTESIAN_POINT ( 'NONE',  ( -0.6878679656440357393, 0.9200000000000000400, -2.893028554974587774 ) ) ;
#4828 = CARTESIAN_POINT ( 'NONE',  ( 0.9000000000000000222, 0.03999999999999999389, -1.500000000000000000 ) ) ;
#4829 = CARTESIAN_POINT ( 'NONE',  ( -1.137867965644034030, -2.606229536305276996E-16, 0.000000000000000000 ) ) ;
#4830 = FILL_AREA_STYLE_COLOUR ( '', #5038 ) ;
#4831 = CARTESIAN_POINT ( 'NONE',  ( 1.375000000000001110, 1.800000000000000044, 1.374999999999996669 ) ) ;
#4832 = DIRECTION ( 'NONE',  ( -0.000000000000000000, -1.000000000000000000, 0.000000000000000000 ) ) ;
#4833 = CARTESIAN_POINT ( 'NONE',  ( 1.370000000000000107, 0.1049999999999999822, 1.640000000000000346 ) ) ;
#4834 = VERTEX_POINT ( 'NONE', #2385 ) ;
#4835 = CARTESIAN_POINT ( 'NONE',  ( -0.9512542138710681217, 0.7584814157638680721, 1.593166190967094664 ) ) ;
#4836 = VERTEX_POINT ( 'NONE', #2602 ) ;
#4837 = PLANE ( 'NONE',  #457 ) ;
#4838 = ORIENTED_EDGE ( 'NONE', *, *, #1240, .T. ) ;
#4839 = DIRECTION ( 'NONE',  ( -0.000000000000000000, -1.000000000000000000, 0.000000000000000000 ) ) ;
#4840 = EDGE_CURVE ( 'NONE', #1048, #215, #3985, .T. ) ;
#4841 = DIRECTION ( 'NONE',  ( 0.000000000000000000, -1.000000000000000000, -0.000000000000000000 ) ) ;
#4842 = VERTEX_POINT ( 'NONE', #3023 ) ;
#4843 =( NAMED_UNIT ( * ) SI_UNIT ( $, .STERADIAN. ) SOLID_ANGLE_UNIT ( ) );
#4844 = VERTEX_POINT ( 'NONE', #241 ) ;
#4845 = CARTESIAN_POINT ( 'NONE',  ( -1.599999999999998535, 1.800000000000000044, -1.599999999999998312 ) ) ;
#4846 = VECTOR ( 'NONE', #3235, 1000.000000000000000 ) ;
#4847 = CARTESIAN_POINT ( 'NONE',  ( 1.704633274187482339, 0.7584814157638680721, -0.4499999999999296785 ) ) ;
#4848 = VECTOR ( 'NONE', #231, 1000.000000000000000 ) ;
#4849 = ORIENTED_EDGE ( 'NONE', *, *, #5089, .F. ) ;
#4850 = LINE ( 'NONE', #4357, #3649 ) ;
#4851 = UNCERTAINTY_MEASURE_WITH_UNIT (LENGTH_MEASURE( 1.000000000000000082E-05 ), #2715, 'distance_accuracy_value', 'NONE');
#4852 = ORIENTED_EDGE ( 'NONE', *, *, #1272, .F. ) ;
#4853 = CARTESIAN_POINT ( 'NONE',  ( -1.332153903091734204, 0.1599999999999999756, -2.000000000000000000 ) ) ;
#4854 = MANIFOLD_SOLID_BREP ( 'Housing A', #4691 ) ;
#4855 = EDGE_CURVE ( 'NONE', #2531, #233, #2627, .T. ) ;
#4856 = VECTOR ( 'NONE', #4804, 1000.000000000000000 ) ;
#4857 = DIRECTION ( 'NONE',  ( 0.000000000000000000, 0.000000000000000000, -1.000000000000000000 ) ) ;
#4858 = CARTESIAN_POINT ( 'NONE',  ( 1.214884406352520596, 1.369999999999999662, -1.599997834888272852 ) ) ;
#4859 = CARTESIAN_POINT ( 'NONE',  ( 2.000000000000000000, 0.01999999999999980960, 1.500000000000000000 ) ) ;
#4860 = B_SPLINE_CURVE_WITH_KNOTS ( 'NONE', 3,
 ( #948, #2556, #4108, #3715, #3323, #4131, #1343, #3398, #507, #555, #2978, #4976 ),
 .UNSPECIFIED., .F., .F.,
 ( 4, 2, 2, 2, 2, 4 ),
 ( 0.000000000000000000, 0.2499999999999981681, 0.3749999999999963363, 0.4374999999999953371, 0.4999999999999943934, 1.000000000000000000 ),
 .UNSPECIFIED. ) ;
#4861 = FILL_AREA_STYLE_COLOUR ( '', #3536 ) ;
#4862 = PLANE ( 'NONE',  #5011 ) ;
#4863 = AXIS2_PLACEMENT_3D ( 'NONE', #3850, #1905, #2747 ) ;
#4864 = EDGE_LOOP ( 'NONE', ( #4733, #2873, #3412, #1355 ) ) ;
#4865 = CARTESIAN_POINT ( 'NONE',  ( -1.704633274187482117, 0.7584814157638680721, -0.8999999999999876987 ) ) ;
#4866 = AXIS2_PLACEMENT_3D ( 'NONE', #320, #1924, #1158 ) ;
#4867 = ORIENTED_EDGE ( 'NONE', *, *, #2200, .F. ) ;
#4868 = FACE_OUTER_BOUND ( 'NONE', #2096, .T. ) ;
#4869 = ORIENTED_EDGE ( 'NONE', *, *, #4885, .T. ) ;
#4870 = CARTESIAN_POINT ( 'NONE',  ( -1.149386730191035433, 0.4704088406386511823, -1.613733856915587905 ) ) ;
#4871 =( NAMED_UNIT ( * ) PLANE_ANGLE_UNIT ( ) SI_UNIT ( $, .RADIAN. ) );
#4872 = ORIENTED_EDGE ( 'NONE', *, *, #3034, .T. ) ;
#4873 = ORIENTED_EDGE ( 'NONE', *, *, #3335, .T. ) ;
#4874 = DIRECTION ( 'NONE',  ( 1.000000000000000000, -0.000000000000000000, -3.614007241618331514E-16 ) ) ;
#4875 = CARTESIAN_POINT ( 'NONE',  ( 1.244453428269146178, 0.4700000000000000289, 1.599946135094314936 ) ) ;
#4876 = VERTEX_POINT ( 'NONE', #1051 ) ;
#4877 = VECTOR ( 'NONE', #958, 1000.000000000000000 ) ;
#4878 = CARTESIAN_POINT ( 'NONE',  ( 0.6878679656440350731, 0.04000000000000010492, -1.850000000000000089 ) ) ;
#4879 = VERTEX_POINT ( 'NONE', #3422 ) ;
#4880 = CARTESIAN_POINT ( 'NONE',  ( -1.823626808228309359, 1.369999999999999662, 1.479926582364840204 ) ) ;
#4881 = VECTOR ( 'NONE', #4137, 1000.000000000000000 ) ;
#4882 = AXIS2_PLACEMENT_3D ( 'NONE', #69, #3357, #2089 ) ;
#4883 = CARTESIAN_POINT ( 'NONE',  ( 1.599999999999999867, 1.370000000000000107, 1.599999999999999423 ) ) ;
#4884 = DIRECTION ( 'NONE',  ( 0.000000000000000000, 0.000000000000000000, -1.000000000000000000 ) ) ;
#4885 = EDGE_CURVE ( 'NONE', #3069, #142, #1840, .T. ) ;
#4886 = CARTESIAN_POINT ( 'NONE',  ( -1.665920912100407492, 0.4700000000000001399, 1.599999999999999423 ) ) ;
#4887 = DIRECTION ( 'NONE',  ( 0.000000000000000000, -1.000000000000000000, 0.000000000000000000 ) ) ;
#4888 = FACE_OUTER_BOUND ( 'NONE', #1656, .T. ) ;
#4889 = EDGE_CURVE ( 'NONE', #33, #3410, #3550, .T. ) ;
#4890 = EDGE_CURVE ( 'NONE', #3692, #2663, #3477, .T. ) ;
#4891 = EDGE_CURVE ( 'NONE', #3755, #4836, #1964, .T. ) ;
#4892 = ORIENTED_EDGE ( 'NONE', *, *, #2393, .F. ) ;
#4893 = CARTESIAN_POINT ( 'NONE',  ( -0.9645775644191764142, 0.7584814157638680721, 1.579672129759618571 ) ) ;
#4894 = VERTEX_POINT ( 'NONE', #4583 ) ;
#4895 = DIRECTION ( 'NONE',  ( -0.000000000000000000, 1.000000000000000000, -0.000000000000000000 ) ) ;
#4896 = VECTOR ( 'NONE', #3003, 1000.000000000000000 ) ;
#4897 = CARTESIAN_POINT ( 'NONE',  ( -1.979999999999999982, 0.01999999999999980960, -1.300000000000000044 ) ) ;
#4898 = DIRECTION ( 'NONE',  ( 0.000000000000000000, -1.000000000000000000, 0.000000000000000000 ) ) ;
#4899 = PRESENTATION_STYLE_ASSIGNMENT (( #2946 ) ) ;
#4900 = ORIENTED_EDGE ( 'NONE', *, *, #4471, .T. ) ;
#4901 = ORIENTED_EDGE ( 'NONE', *, *, #620, .T. ) ;
#4902 = CARTESIAN_POINT ( 'NONE',  ( 1.212132034355963395, 0.4700000000000001399, 1.599999999999999645 ) ) ;
#4903 = CARTESIAN_POINT ( 'NONE',  ( 0.8992322081450742077, 1.081518584236131675, -1.645188196693089688 ) ) ;
#4904 = ORIENTED_EDGE ( 'NONE', *, *, #251, .F. ) ;
#4905 = VECTOR ( 'NONE', #1299, 1000.000000000000000 ) ;
#4906 = VERTEX_POINT ( 'NONE', #4345 ) ;
#4907 = FACE_OUTER_BOUND ( 'NONE', #2153, .T. ) ;
#4908 = DIRECTION ( 'NONE',  ( 0.2588190451025172978, -0.9659258262890692004, 0.000000000000000000 ) ) ;
#4909 = AXIS2_PLACEMENT_3D ( 'NONE', #5137, #2369, #2737 ) ;
#4910 = CARTESIAN_POINT ( 'NONE',  ( 1.979999999999999982, 0.01999999999999980960, 1.500000000000000000 ) ) ;
#4911 = ADVANCED_FACE ( 'NONE', ( #750 ), #4371, .T. ) ;
#4912 = CARTESIAN_POINT ( 'NONE',  ( -1.979999999999999982, -1.931235119739804773E-16, 1.500000000000000000 ) ) ;
#4913 = DIRECTION ( 'NONE',  ( -1.000000000000000000, 0.000000000000000000, -0.000000000000000000 ) ) ;
#4914 = VECTOR ( 'NONE', #2368, 1000.000000000000114 ) ;
#4915 = ADVANCED_FACE ( 'NONE', ( #3180 ), #999, .T. ) ;
#4916 = CARTESIAN_POINT ( 'NONE',  ( -1.704633274187482561, 1.081518584236131675, 0.7874999999999969802 ) ) ;
#4917 = EDGE_CURVE ( 'NONE', #3734, #2261, #1700, .T. ) ;
#4918 = ORIENTED_EDGE ( 'NONE', *, *, #3228, .T. ) ;
#4919 = DIRECTION ( 'NONE',  ( -0.000000000000000000, -1.000000000000000000, 0.000000000000000000 ) ) ;
#4920 = ORIENTED_EDGE ( 'NONE', *, *, #532, .F. ) ;
#4921 = CARTESIAN_POINT ( 'NONE',  ( 5.782411586589332001E-16, 1.800000000000000044, 1.600000000000000089 ) ) ;
#4922 = EDGE_CURVE ( 'NONE', #2291, #4557, #706, .T. ) ;
#4923 = ORIENTED_EDGE ( 'NONE', *, *, #1165, .T. ) ;
#4924 = DIRECTION ( 'NONE',  ( -0.000000000000000000, -1.000000000000000000, -0.000000000000000000 ) ) ;
#4925 = VERTEX_POINT ( 'NONE', #1644 ) ;
#4926 = DIRECTION ( 'NONE',  ( 1.000000000000000000, 0.000000000000000000, 1.008560160451631605E-16 ) ) ;
#4927 = CARTESIAN_POINT ( 'NONE',  ( 1.341421356237317175, 0.7584814157638680721, 1.454633274187481007 ) ) ;
#4928 = ORIENTED_EDGE ( 'NONE', *, *, #2266, .F. ) ;
#4929 =( GEOMETRIC_REPRESENTATION_CONTEXT ( 3 ) GLOBAL_UNCERTAINTY_ASSIGNED_CONTEXT ( ( #2557 ) ) GLOBAL_UNIT_ASSIGNED_CONTEXT ( ( #4177, #4932, #2187 ) ) REPRESENTATION_CONTEXT ( 'NONE', 'WORKASPACE' ) );
#4930 = CARTESIAN_POINT ( 'NONE',  ( 1.776776695296637287, 0.4699999999999999734, 1.526776695296634845 ) ) ;
#4931 = ORIENTED_EDGE ( 'NONE', *, *, #5075, .T. ) ;
#4932 =( NAMED_UNIT ( * ) PLANE_ANGLE_UNIT ( ) SI_UNIT ( $, .RADIAN. ) );
#4933 = EDGE_CURVE ( 'NONE', #3243, #5131, #519, .T. ) ;
#4934 = PRESENTATION_LAYER_ASSIGNMENT (  '', '', ( #4348 ) ) ;
#4935 = CARTESIAN_POINT ( 'NONE',  ( -1.106066017177979477, 0.03999999999999999389, 1.643933982822018525 ) ) ;
#4936 = CARTESIAN_POINT ( 'NONE',  ( 0.6878679656440350731, 1.370000000000000107, -1.850000000000000089 ) ) ;
#4937 = FACE_OUTER_BOUND ( 'NONE', #3621, .T. ) ;
#4938 = DIRECTION ( 'NONE',  ( 0.000000000000000000, 0.000000000000000000, -1.000000000000000000 ) ) ;
#4939 = VECTOR ( 'NONE', #2722, 1000.000000000000000 ) ;
#4940 = CARTESIAN_POINT ( 'NONE',  ( -1.850000000000001421, 0.4700000000000001399, 1.349999999999996536 ) ) ;
#4941 = CARTESIAN_POINT ( 'NONE',  ( -1.276776695296636621, 1.369999999999999662, 1.600000000000000089 ) ) ;
#4942 = EDGE_LOOP ( 'NONE', ( #3837, #77, #129, #1838 ) ) ;
#4943 = CARTESIAN_POINT ( 'NONE',  ( 5.782411586589332001E-16, 1.800000000000000044, 1.600000000000000089 ) ) ;
#4944 = LINE ( 'NONE', #3782, #1001 ) ;
#4945 = CIRCLE ( 'NONE', #4447, 0.1499999999999999667 ) ;
#4946 = VERTEX_POINT ( 'NONE', #50 ) ;
#4947 = CARTESIAN_POINT ( 'NONE',  ( -0.6878679656440356283, 0.9200000000000000400, -1.850000000000000089 ) ) ;
#4948 = ORIENTED_EDGE ( 'NONE', *, *, #940, .T. ) ;
#4949 = CARTESIAN_POINT ( 'NONE',  ( -1.212132034355964061, 1.370000000000000107, -1.749999999999998446 ) ) ;
#4950 = CARTESIAN_POINT ( 'NONE',  ( 0.7951881966930900436, 0.7584814157638680721, 1.749232208145074408 ) ) ;
#4951 = EDGE_LOOP ( 'NONE', ( #1359, #49, #2756, #3318 ) ) ;
#4952 = EDGE_CURVE ( 'NONE', #2638, #1491, #4013, .T. ) ;
#4953 = DIRECTION ( 'NONE',  ( 0.000000000000000000, -0.000000000000000000, -1.000000000000000000 ) ) ;
#4954 = ORIENTED_EDGE ( 'NONE', *, *, #4750, .T. ) ;
#4955 = CARTESIAN_POINT ( 'NONE',  ( 1.750000000000001110, 1.800000000000000044, 1.600000000000000311 ) ) ;
#4956 = FACE_OUTER_BOUND ( 'NONE', #1970, .T. ) ;
#4957 = CARTESIAN_POINT ( 'NONE',  ( 1.375000000000001110, 1.370000000000000107, 1.374999999999996669 ) ) ;
#4958 = DIRECTION ( 'NONE',  ( -0.2588190451025172978, -0.9659258262890692004, 0.000000000000000000 ) ) ;
#4959 = DIRECTION ( 'NONE',  ( -2.290449872037788939E-16, -1.000000000000000000, 0.000000000000000000 ) ) ;
#4960 = CARTESIAN_POINT ( 'NONE',  ( -1.137867965644034030, -2.606229536305276996E-16, -1.300000000000000044 ) ) ;
#4961 = MECHANICAL_DESIGN_GEOMETRIC_PRESENTATION_REPRESENTATION (  '', ( #2131 ), #2550 ) ;
#4962 = CARTESIAN_POINT ( 'NONE',  ( -1.260114491811287429, 1.081518584236131675, -1.454527208181946474 ) ) ;
#4963 = ORIENTED_EDGE ( 'NONE', *, *, #5110, .F. ) ;
#4964 = CARTESIAN_POINT ( 'NONE',  ( 0.6878679656440350731, 0.03999999999999999389, 2.000000000000000000 ) ) ;
#4965 = DIRECTION ( 'NONE',  ( 1.000000000000000000, 3.129822080702406349E-16, 0.000000000000000000 ) ) ;
#4966 = AXIS2_PLACEMENT_3D ( 'NONE', #1446, #4233, #2987 ) ;
#4967 = VECTOR ( 'NONE', #2290, 1000.000000000000000 ) ;
#4968 = ORIENTED_EDGE ( 'NONE', *, *, #2739, .F. ) ;
#4969 = CARTESIAN_POINT ( 'NONE',  ( 1.370000000000000107, 0.04499999999999997058, 1.580000000000000515 ) ) ;
#4970 = ORIENTED_EDGE ( 'NONE', *, *, #650, .F. ) ;
#4971 = PLANE ( 'NONE',  #4107 ) ;
#4972 = EDGE_CURVE ( 'NONE', #366, #359, #1297, .T. ) ;
#4973 = CARTESIAN_POINT ( 'NONE',  ( 1.704633274187506098, 1.081518584236131675, -0.2249999999999889866 ) ) ;
#4974 = VERTEX_POINT ( 'NONE', #4120 ) ;
#4975 = B_SPLINE_CURVE_WITH_KNOTS ( 'NONE', 3,
 ( #4184, #2146, #959, #3751 ),
 .UNSPECIFIED., .F., .F.,
 ( 4, 4 ),
 ( 0.000000000000000000, 1.000000000000000000 ),
 .UNSPECIFIED. ) ;
#4976 = CARTESIAN_POINT ( 'NONE',  ( 1.214884406353047952, 0.4699999999999999734, 1.599997834888271520 ) ) ;
#4977 = ORIENTED_EDGE ( 'NONE', *, *, #3752, .T. ) ;
#4978 = ADVANCED_FACE ( 'NONE', ( #2097 ), #4837, .T. ) ;
#4979 =( NAMED_UNIT ( * ) PLANE_ANGLE_UNIT ( ) SI_UNIT ( $, .RADIAN. ) );
#4980 = CARTESIAN_POINT ( 'NONE',  ( -1.343256270901937777, 0.4700000000000001399, -1.599999999999998535 ) ) ;
#4981 = VECTOR ( 'NONE', #905, 1000.000000000000000 ) ;
#4982 = AXIS2_PLACEMENT_3D ( 'NONE', #904, #4777, #4801 ) ;
#4983 = CARTESIAN_POINT ( 'NONE',  ( 2.000000000000000000, 1.800000000000000044, -1.350000000000000533 ) ) ;
#4984 = PRODUCT ( 'LQH44PH100MPRL', 'LQH44PH100MPRL', '', ( #1705 ) ) ;
#4985 = CARTESIAN_POINT ( 'NONE',  ( 1.137867965644034918, 2.999999999999999556, 1.300000000000000044 ) ) ;
#4986 = AXIS2_PLACEMENT_3D ( 'NONE', #2026, #5, #819 ) ;
#4987 = LINE ( 'NONE', #641, #2403 ) ;
#4989 = CIRCLE ( 'NONE', #4409, 0.1499999999999999667 ) ;
#4988 = CARTESIAN_POINT ( 'NONE',  ( -1.704633274187482783, 1.081518584236131675, 1.124999999999997335 ) ) ;
#4990 = EDGE_LOOP ( 'NONE', ( #4610, #4170, #2493, #4486 ) ) ;
#4991 = CARTESIAN_POINT ( 'NONE',  ( -1.370000000000000107, 0.04499999999999998446, 1.300000000000000044 ) ) ;
#4992 = PLANE ( 'NONE',  #1419 ) ;
#4993 = ORIENTED_EDGE ( 'NONE', *, *, #435, .T. ) ;
#4994 = CARTESIAN_POINT ( 'NONE',  ( -1.425400529837770103, 0.9200000000000000400, 2.587532564193737450 ) ) ;
#4995 = EDGE_LOOP ( 'NONE', ( #2389, #2053, #392, #4337 ) ) ;
#4996 = ORIENTED_EDGE ( 'NONE', *, *, #16, .F. ) ;
#4997 = CARTESIAN_POINT ( 'NONE',  ( 1.704633274187481007, 1.081518584236131675, 1.237500000000002265 ) ) ;
#4998 = EDGE_LOOP ( 'NONE', ( #4977, #2111, #694, #416 ) ) ;
#4999 = DIRECTION ( 'NONE',  ( 0.000000000000000000, 0.000000000000000000, -1.000000000000000000 ) ) ;
#5000 = ORIENTED_EDGE ( 'NONE', *, *, #3492, .T. ) ;
#5001 = CARTESIAN_POINT ( 'NONE',  ( 1.198348987934814147, 0.4700882010996103588, -1.599809915077230027 ) ) ;
#5002 = DIRECTION ( 'NONE',  ( -0.000000000000000000, 1.000000000000000000, -0.000000000000000000 ) ) ;
#5003 = DIRECTION ( 'NONE',  ( 0.7071067811865462405, 0.000000000000000000, -0.7071067811865489050 ) ) ;
#5004 = VECTOR ( 'NONE', #4874, 1000.000000000000000 ) ;
#5005 = EDGE_CURVE ( 'NONE', #2898, #2919, #5138, .T. ) ;
#5006 = DIRECTION ( 'NONE',  ( 0.000000000000000000, 0.000000000000000000, -1.000000000000000000 ) ) ;
#5007 = DIRECTION ( 'NONE',  ( 1.000000000000000000, 0.000000000000000000, 0.000000000000000000 ) ) ;
#5008 = CIRCLE ( 'NONE', #3361, 0.05999999999999994227 ) ;
#5009 = CARTESIAN_POINT ( 'NONE',  ( -0.6878679656440340739, 1.800000000000000044, 1.850000000000000089 ) ) ;
#5010 = PRESENTATION_STYLE_ASSIGNMENT (( #275 ) ) ;
#5011 = AXIS2_PLACEMENT_3D ( 'NONE', #353, #461, #3648 ) ;
#5012 = EDGE_CURVE ( 'NONE', #4365, #3050, #4066, .T. ) ;
#5013 = CARTESIAN_POINT ( 'NONE',  ( -1.850056224347225609, 1.369999999999999662, 1.293756470132898073 ) ) ;
#5014 = ORIENTED_EDGE ( 'NONE', *, *, #504, .T. ) ;
#5015 = CARTESIAN_POINT ( 'NONE',  ( -1.156482317317867781E-15, 0.1599999999999999756, -1.599999999999999423 ) ) ;
#5016 = CARTESIAN_POINT ( 'NONE',  ( -1.300000000000000044, 0.03999999999999999389, -1.300000000000000044 ) ) ;
#5017 = ORIENTED_EDGE ( 'NONE', *, *, #4952, .T. ) ;
#5018 = CARTESIAN_POINT ( 'NONE',  ( -1.212132034355964061, 1.800000000000000044, -1.749999999999998446 ) ) ;
#5019 = CARTESIAN_POINT ( 'NONE',  ( 1.979999999999999982, -4.535090746634822090E-16, -1.300000000000000044 ) ) ;
#5020 = CARTESIAN_POINT ( 'NONE',  ( 1.776776695296637287, 0.4699999999999999734, 1.526776695296634845 ) ) ;
#5021 = ORIENTED_EDGE ( 'NONE', *, *, #3429, .T. ) ;
#5022 = PLANE ( 'NONE',  #1340 ) ;
#5023 = CIRCLE ( 'NONE', #2451, 0.02000000000000005246 ) ;
#5024 = CARTESIAN_POINT ( 'NONE',  ( 0.8732212052820813586, 1.081518584236131675, 1.671199199556082871 ) ) ;
#5025 = ORIENTED_EDGE ( 'NONE', *, *, #3518, .F. ) ;
#5026 = ORIENTED_EDGE ( 'NONE', *, *, #554, .F. ) ;
#5027 = PLANE ( 'NONE',  #4670 ) ;
#5028 = CARTESIAN_POINT ( 'NONE',  ( -1.300000000000000044, 0.03999999999999999389, -1.300000000000000044 ) ) ;
#5029 = CARTESIAN_POINT ( 'NONE',  ( 2.000000000000000000, 0.01999999999999980960, -1.300000000000000044 ) ) ;
#5030 = CARTESIAN_POINT ( 'NONE',  ( -0.9000000000000000222, -6.123233995736772199E-17, 1.500000000000000000 ) ) ;
#5031 = CARTESIAN_POINT ( 'NONE',  ( 0.000000000000000000, 1.370000000000000551, 2.000000000000000000 ) ) ;
#5032 = EDGE_CURVE ( 'NONE', #2947, #4925, #1196, .T. ) ;
#5033 = DIRECTION ( 'NONE',  ( 1.000000000000000000, 0.000000000000000000, -6.938893903907222067E-15 ) ) ;
#5034 = CARTESIAN_POINT ( 'NONE',  ( -1.850000000000024958, 1.369999999999999662, 0.2250000000000215439 ) ) ;
#5035 = EDGE_LOOP ( 'NONE', ( #3710, #776, #4825, #2410 ) ) ;
#5036 = CARTESIAN_POINT ( 'NONE',  ( -0.9000000000000000222, -6.123233995736772199E-17, 1.500000000000000000 ) ) ;
#5037 = LINE ( 'NONE', #303, #4519 ) ;
#5038 = COLOUR_RGB ( '',0.7294117647058823151, 0.3568627450980392246, 0.02352941176470588203 ) ;
#5039 = ADVANCED_FACE ( 'NONE', ( #4868 ), #105, .T. ) ;
#5040 = VECTOR ( 'NONE', #5007, 1000.000000000000000 ) ;
#5041 = ORIENTED_EDGE ( 'NONE', *, *, #3966, .F. ) ;
#5042 = DIRECTION ( 'NONE',  ( -1.000000000000000000, 0.000000000000000000, 0.000000000000000000 ) ) ;
#5043 = VERTEX_POINT ( 'NONE', #2805 ) ;
#5044 = CARTESIAN_POINT ( 'NONE',  ( 0.7939339828220174367, 0.4699999999999999178, -1.956066017177982008 ) ) ;
#5045 = DIRECTION ( 'NONE',  ( 0.000000000000000000, 4.840188270024564298E-17, -1.000000000000000000 ) ) ;
#5046 = CIRCLE ( 'NONE', #2976, 0.1499999999999999667 ) ;
#5047 = EDGE_LOOP ( 'NONE', ( #3022, #4370, #2733, #2813, #1737, #3370, #4873, #2648 ) ) ;
#5048 = CARTESIAN_POINT ( 'NONE',  ( -1.850000000000000977, 0.4699999999999999178, -1.349999999999996758 ) ) ;
#5049 = CARTESIAN_POINT ( 'NONE',  ( 1.260114491811232584, 1.081518584236131675, 1.454527208181957798 ) ) ;
#5050 = COLOUR_RGB ( '',0.7921568627450980005, 0.8196078431372548767, 0.9333333333333333481 ) ;
#5051 = ORIENTED_EDGE ( 'NONE', *, *, #4726, .T. ) ;
#5052 = CARTESIAN_POINT ( 'NONE',  ( -1.500000000000000000, 0.03999999999999999389, 1.600000000000000755 ) ) ;
#5053 = ORIENTED_EDGE ( 'NONE', *, *, #4090, .T. ) ;
#5054 = PLANE ( 'NONE',  #2425 ) ;
#5055 = FACE_OUTER_BOUND ( 'NONE', #518, .T. ) ;
#5056 = CARTESIAN_POINT ( 'NONE',  ( -1.152401595192057204, 1.369576721644700124, 1.612370484652201785 ) ) ;
#5057 = DIRECTION ( 'NONE',  ( 0.000000000000000000, -1.000000000000000000, 0.000000000000000000 ) ) ;
#5058 = DIRECTION ( 'NONE',  ( 0.000000000000000000, 0.000000000000000000, -1.000000000000000000 ) ) ;
#5059 = AXIS2_PLACEMENT_3D ( 'NONE', #2850, #795, #94 ) ;
#5060 = EDGE_CURVE ( 'NONE', #3689, #1231, #2835, .T. ) ;
#5061 = FILL_AREA_STYLE ('',( #1874 ) ) ;
#5062 = MECHANICAL_DESIGN_GEOMETRIC_PRESENTATION_REPRESENTATION (  '', ( #566 ), #1312 ) ;
#5063 = LINE ( 'NONE', #1475, #4318 ) ;
#5064 = CARTESIAN_POINT ( 'NONE',  ( -1.979999999999999982, 0.01999999999999980960, 1.300000000000000044 ) ) ;
#5065 = ORIENTED_EDGE ( 'NONE', *, *, #88, .T. ) ;
#5066 = VECTOR ( 'NONE', #1926, 1000.000000000000000 ) ;
#5067 = DIRECTION ( 'NONE',  ( 1.000000000000000000, 0.000000000000000000, -7.228014483236676834E-16 ) ) ;
#5068 = DIRECTION ( 'NONE',  ( -0.000000000000000000, -1.000000000000000000, 0.000000000000000000 ) ) ;
#5069 = COLOUR_RGB ( '',0.7294117647058823151, 0.3568627450980392246, 0.02352941176470588203 ) ;
#5070 = EDGE_CURVE ( 'NONE', #114, #334, #43, .T. ) ;
#5071 = ORIENTED_EDGE ( 'NONE', *, *, #3991, .T. ) ;
#5072 = CARTESIAN_POINT ( 'NONE',  ( -1.849999999999976552, 0.4700000000000000289, -0.2250000000000219880 ) ) ;
#5073 = CARTESIAN_POINT ( 'NONE',  ( 1.500000000000000000, 0.03999999999999999389, 1.300000000000000044 ) ) ;
#5074 = FILL_AREA_STYLE ('',( #3497 ) ) ;
#5075 = EDGE_CURVE ( 'NONE', #2620, #3994, #2636, .T. ) ;
#5076 = ORIENTED_EDGE ( 'NONE', *, *, #4890, .T. ) ;
#5077 = ORIENTED_EDGE ( 'NONE', *, *, #3041, .T. ) ;
#5078 = DIRECTION ( 'NONE',  ( 0.000000000000000000, 0.000000000000000000, 1.000000000000000000 ) ) ;
#5079 = COLOUR_RGB ( '',0.7921568627450980005, 0.8196078431372548767, 0.9333333333333333481 ) ;
#5080 = CARTESIAN_POINT ( 'NONE',  ( 1.054044011451993779, 1.369999999999999662, -1.695955988548004445 ) ) ;
#5081 = EDGE_LOOP ( 'NONE', ( #570, #1930, #5026, #1335 ) ) ;
#5082 = LINE ( 'NONE', #1464, #4967 ) ;
#5083 = ORIENTED_EDGE ( 'NONE', *, *, #2888, .T. ) ;
#5084 = CARTESIAN_POINT ( 'NONE',  ( 2.000000000000000000, 1.800000000000000044, 0.000000000000000000 ) ) ;
#5085 = CARTESIAN_POINT ( 'NONE',  ( 1.313397459621555852, 0.08999999999999996891, 1.500000000000000000 ) ) ;
#5086 = CARTESIAN_POINT ( 'NONE',  ( -1.192336168641268790, 1.369934529876029927, 1.600000000026631453 ) ) ;
#5087 = CARTESIAN_POINT ( 'NONE',  ( 1.599999999999999867, 1.800000000000000044, 1.349999999999998312 ) ) ;
#5088 = CARTESIAN_POINT ( 'NONE',  ( -1.001385066578307281, 1.370000000000000107, 1.748614933421690720 ) ) ;
#5089 = EDGE_CURVE ( 'NONE', #82, #2575, #1331, .T. ) ;
#5090 = PRESENTATION_LAYER_ASSIGNMENT (  '', '', ( #1334 ) ) ;
#5091 = DIRECTION ( 'NONE',  ( 0.000000000000000000, 0.000000000000000000, 1.000000000000000000 ) ) ;
#5092 = LINE ( 'NONE', #2349, #3087 ) ;
#5093 = CARTESIAN_POINT ( 'NONE',  ( -1.535362774784662099, 1.369999999999999662, 1.600064615179827232 ) ) ;
#5094 = VECTOR ( 'NONE', #2808, 1000.000000000000000 ) ;
#5095 = ORIENTED_EDGE ( 'NONE', *, *, #330, .F. ) ;
#5096 = CARTESIAN_POINT ( 'NONE',  ( -1.300000000000000044, 0.03999999999999999389, -1.300000000000000044 ) ) ;
#5097 = FACE_OUTER_BOUND ( 'NONE', #2905, .T. ) ;
#5098 = ORIENTED_EDGE ( 'NONE', *, *, #2848, .F. ) ;
#5099 = VERTEX_POINT ( 'NONE', #5052 ) ;
#5100 = FACE_OUTER_BOUND ( 'NONE', #2699, .T. ) ;
#5101 = ORIENTED_EDGE ( 'NONE', *, *, #3195, .F. ) ;
#5102 = FACE_OUTER_BOUND ( 'NONE', #2078, .T. ) ;
#5103 = ADVANCED_FACE ( 'NONE', ( #683 ), #1177, .T. ) ;
#5104 = CARTESIAN_POINT ( 'NONE',  ( 1.276776695296626407, 1.369999999999999662, -1.599999999999999867 ) ) ;
#5105 = EDGE_LOOP ( 'NONE', ( #127, #2454, #2868, #3080 ) ) ;
#5106 = CARTESIAN_POINT ( 'NONE',  ( 1.300000000000000044, 0.03999999999999999389, 1.300000000000000044 ) ) ;
#5107 = ORIENTED_EDGE ( 'NONE', *, *, #1999, .T. ) ;
#5108 = FACE_OUTER_BOUND ( 'NONE', #240, .T. ) ;
#5109 = EDGE_CURVE ( 'NONE', #2022, #5099, #2365, .T. ) ;
#5110 = EDGE_CURVE ( 'NONE', #4689, #3725, #5082, .T. ) ;
#5111 = VECTOR ( 'NONE', #1638, 1000.000000000000000 ) ;
#5112 = LINE ( 'NONE', #3056, #2741 ) ;
#5113 = ADVANCED_FACE ( 'NONE', ( #785 ), #3081, .T. ) ;
#5114 = CYLINDRICAL_SURFACE ( 'NONE', #477, 0.05999999999999994227 ) ;
#5115 = AXIS2_PLACEMENT_3D ( 'NONE', #36, #4052, #3272 ) ;
#5116 = CARTESIAN_POINT ( 'NONE',  ( -0.6878679656440340739, 1.800000000000000044, 2.000000000000000000 ) ) ;
#5117 = DIRECTION ( 'NONE',  ( 1.000000000000000000, -2.290449872037788939E-16, -0.000000000000000000 ) ) ;
#5118 = CARTESIAN_POINT ( 'NONE',  ( -6.871349616113367311E-16, 3.000000000000000000, 1.300000000000000044 ) ) ;
#5119 = CARTESIAN_POINT ( 'NONE',  ( -1.535362774784618134, 1.369999999999999662, -1.600064615179797034 ) ) ;
#5120 = ORIENTED_EDGE ( 'NONE', *, *, #137, .T. ) ;
#5121 = FACE_OUTER_BOUND ( 'NONE', #3287, .T. ) ;
#5122 = DIRECTION ( 'NONE',  ( 0.000000000000000000, 0.000000000000000000, -1.000000000000000000 ) ) ;
#5123 = ORIENTED_EDGE ( 'NONE', *, *, #5075, .F. ) ;
#5124 = CARTESIAN_POINT ( 'NONE',  ( -1.979999999999999982, 0.01999999999999980960, -1.500000000000000000 ) ) ;
#5125 = CARTESIAN_POINT ( 'NONE',  ( 1.300000000000000044, 0.03999999999999999389, -1.300000000000000044 ) ) ;
#5126 = CARTESIAN_POINT ( 'NONE',  ( 0.9760110028629990220, 0.4700000000000000289, 1.773988997136999979 ) ) ;
#5127 = ORIENTED_EDGE ( 'NONE', *, *, #217, .F. ) ;
#5128 = FACE_OUTER_BOUND ( 'NONE', #4213, .T. ) ;
#5129 = CARTESIAN_POINT ( 'NONE',  ( 1.172863264053090937, 1.369999999999999662, 1.600065442988454434 ) ) ;
#5130 = EDGE_CURVE ( 'NONE', #506, #440, #3476, .T. ) ;
#5131 = VERTEX_POINT ( 'NONE', #4351 ) ;
#5132 = CARTESIAN_POINT ( 'NONE',  ( -1.776776695296637287, 0.4699999999999999734, -1.526776695296635067 ) ) ;
#5133 = ORIENTED_EDGE ( 'NONE', *, *, #4249, .F. ) ;
#5134 = DIRECTION ( 'NONE',  ( 0.000000000000000000, 0.000000000000000000, 1.000000000000000000 ) ) ;
#5135 = AXIS2_PLACEMENT_3D ( 'NONE', #3509, #1029, #5006 ) ;
#5136 = CARTESIAN_POINT ( 'NONE',  ( 0.8459559885480016916, 0.4700000000000000289, -1.904044011451965890 ) ) ;
#5137 = CARTESIAN_POINT ( 'NONE',  ( -0.6878679656440340739, 0.9200000000000000400, 2.893028554974587774 ) ) ;
#5138 = CIRCLE ( 'NONE', #1719, 0.05999999999999994227 ) ;
#5139 =( LENGTH_UNIT ( ) NAMED_UNIT ( * ) SI_UNIT ( .MILLI., .METRE. ) );
#5140 = CARTESIAN_POINT ( 'NONE',  ( 1.849999999999999645, 1.369999999999999662, 0.8999999999999903633 ) ) ;
#5141 = EDGE_CURVE ( 'NONE', #3151, #2123, #4663, .T. ) ;
#5142 = CARTESIAN_POINT ( 'NONE',  ( 0.000000000000000000, -0.000000000000000000, 1.300000000000000044 ) ) ;
#5143 = CARTESIAN_POINT ( 'NONE',  ( 1.212132034355962507, 1.800000000000000044, -1.600000000000000311 ) ) ;
#5144 = LINE ( 'NONE', #3592, #1370 ) ;
#5145 = ORIENTED_EDGE ( 'NONE', *, *, #1103, .F. ) ;
#5146 = VERTEX_POINT ( 'NONE', #5132 ) ;
#5147 = SURFACE_STYLE_FILL_AREA ( #4418 ) ;
#5148 = FACE_OUTER_BOUND ( 'NONE', #2357, .T. ) ;
#5149 = ORIENTED_EDGE ( 'NONE', *, *, #2396, .F. ) ;
#5151 = CIRCLE ( 'NONE', #3495, 1.000000000000000222 ) ;
#5150 = CARTESIAN_POINT ( 'NONE',  ( -1.244453428269206574, 0.4700000000000000289, -1.599946135094310273 ) ) ;
#5152 = ORIENTED_EDGE ( 'NONE', *, *, #212, .T. ) ;
#5153 = VERTEX_POINT ( 'NONE', #5106 ) ;
#5154 = VECTOR ( 'NONE', #2275, 1000.000000000000000 ) ;
#5155 = CARTESIAN_POINT ( 'NONE',  ( 2.000000000000000000, 0.03999999999999999389, 1.500000000000000000 ) ) ;
#5156 = EDGE_LOOP ( 'NONE', ( #2803, #870, #4742, #4993 ) ) ;
#5157 = SURFACE_STYLE_FILL_AREA ( #4301 ) ;
#5158 = PRESENTATION_LAYER_ASSIGNMENT (  '', '', ( #2322 ) ) ;
#5159 = ORIENTED_EDGE ( 'NONE', *, *, #5130, .T. ) ;
#5160 = CARTESIAN_POINT ( 'NONE',  ( -1.106066017177982141, 1.369999999999999662, -1.643933982822016748 ) ) ;
#5161 = EDGE_CURVE ( 'NONE', #3956, #4528, #1520, .T. ) ;
#5162 = CARTESIAN_POINT ( 'NONE',  ( 1.850000000000000089, 0.4700000000000000289, 0.7874999999999983125 ) ) ;
#5163 = DIRECTION ( 'NONE',  ( 0.000000000000000000, 4.840188270024564298E-17, -1.000000000000000000 ) ) ;
#5164 = CARTESIAN_POINT ( 'NONE',  ( -2.000000000000000000, 0.03999999999999999389, -1.300000000000000044 ) ) ;
#5165 = CARTESIAN_POINT ( 'NONE',  ( -0.6878679656440340739, 0.4699999999999999178, 2.000000000000000000 ) ) ;
#5166 = CARTESIAN_POINT ( 'NONE',  ( 0.000000000000000000, 0.4700000000000001399, 2.000000000000000000 ) ) ;
#5167 = FACE_OUTER_BOUND ( 'NONE', #2953, .T. ) ;
#5168 = EDGE_CURVE ( 'NONE', #2305, #3292, #3733, .T. ) ;
#5169 = DIRECTION ( 'NONE',  ( -1.000000000000000000, 3.129822080702406349E-16, 0.000000000000000000 ) ) ;
#5170 = B_SPLINE_CURVE_WITH_KNOTS ( 'NONE', 3,
 ( #3304, #4886, #512, #2910 ),
 .UNSPECIFIED., .F., .F.,
 ( 4, 4 ),
 ( 0.000000000000000000, 1.000000000000000000 ),
 .UNSPECIFIED. ) ;
#5171 = CARTESIAN_POINT ( 'NONE',  ( -1.979999999999999982, -4.535090746634822090E-16, -1.300000000000000044 ) ) ;
#5172 = CARTESIAN_POINT ( 'NONE',  ( 1.370000000000000107, 0.1049999999999999684, 1.580000000000000515 ) ) ;
#5173 = ADVANCED_FACE ( 'NONE', ( #3888 ), #732, .F. ) ;
#5174 = EDGE_CURVE ( 'NONE', #1315, #2178, #1123, .T. ) ;
#5175 = ORIENTED_EDGE ( 'NONE', *, *, #1350, .T. ) ;
#5176 = CARTESIAN_POINT ( 'NONE',  ( -1.260114491811287429, 0.7584814157638680721, -1.454527208181946696 ) ) ;
#5177 = ORIENTED_EDGE ( 'NONE', *, *, #2064, .T. ) ;
#5178 = DIRECTION ( 'NONE',  ( -1.008560160451631605E-16, 0.000000000000000000, -1.000000000000000000 ) ) ;
#5179 = ORIENTED_EDGE ( 'NONE', *, *, #4645, .T. ) ;
#5180 = CARTESIAN_POINT ( 'NONE',  ( -0.6878679656440340739, 1.800000000000000044, 2.000000000000000000 ) ) ;
#5181 = AXIS2_PLACEMENT_3D ( 'NONE', #2700, #4272, #2673 ) ;
#5182 = CARTESIAN_POINT ( 'NONE',  ( 0.8459559885480401054, 1.369999999999999662, 1.904044011452026286 ) ) ;
#5183 = ORIENTED_EDGE ( 'NONE', *, *, #1689, .F. ) ;
#5184 = DIRECTION ( 'NONE',  ( 0.000000000000000000, 0.000000000000000000, 1.000000000000000000 ) ) ;
ENDSEC;
END-ISO-10303-21;
