ISO-10303-21;
HEADER;
/* Generated by software containing ST-Developer
 * from STEP Tools, Inc. (www.steptools.com) 
 */
/* OPTION: using custom renumber hook */

FILE_DESCRIPTION(
/* description */ ('STEP AP242 Edition 2',
'CAx-IF Rec.Pracs.---Representation and Presentation of Product Manufa
cturing Information (PMI)---4.0---2014-10-13',
'CAx-IF Rec.Pracs.---3D Tessellated Geometry---0.4---2014-09-14','2;1',
'CAx-IF Rec.Pracs.---User Defined Attributes---1.5---2016-08-15'),
/* implementation_level */ '2;1');

FILE_NAME(
/* name */ 'LED SMD 5050 RGB - Part 1',
/* time_stamp */ '2026-07-11T11:18:34Z',
/* author */ (''),
/* organization */ (''),
/* preprocessor_version */ 'ST-DEVELOPER v20',
/* originating_system */ 'ONSHAPE BY PTC INC, 1.217',
/* authorisation */ '  ');

FILE_SCHEMA (('AP242_MANAGED_MODEL_BASED_3D_ENGINEERING_MIM_LF { 1 0 10303 442 3 1 4 }'));
ENDSEC;

DATA;
#10=SHAPE_REPRESENTATION_RELATIONSHIP('','',#2414,#11);
#11=ADVANCED_BREP_SHAPE_REPRESENTATION('',(#2412),#3985);
#12=SPHERICAL_SURFACE('',#2504,5.E-5);
#13=SPHERICAL_SURFACE('',#2512,5.E-5);
#14=SPHERICAL_SURFACE('',#2518,5.E-5);
#15=SPHERICAL_SURFACE('',#2539,5.E-5);
#16=B_SPLINE_CURVE_WITH_KNOTS('',3,(#3407,#3408,#3409,#3410),
 .UNSPECIFIED.,.F.,.F.,(4,4),(4.33680868994202E-19,0.00168828466243289),
 .UNSPECIFIED.);
#17=CONICAL_SURFACE('',#2436,0.00195,0.291456794477867);
#18=CYLINDRICAL_SURFACE('',#2425,0.0018);
#19=CYLINDRICAL_SURFACE('',#2442,0.00179999999999997);
#20=CYLINDRICAL_SURFACE('',#2448,0.00170687828878053);
#21=CYLINDRICAL_SURFACE('',#2454,0.0018);
#22=CYLINDRICAL_SURFACE('',#2471,0.0018);
#23=CYLINDRICAL_SURFACE('',#2483,0.0018);
#24=CYLINDRICAL_SURFACE('',#2498,5.E-5);
#25=CYLINDRICAL_SURFACE('',#2501,5.E-5);
#26=CYLINDRICAL_SURFACE('',#2507,5.E-5);
#27=CYLINDRICAL_SURFACE('',#2509,5.E-5);
#28=CYLINDRICAL_SURFACE('',#2515,5.E-5);
#29=CYLINDRICAL_SURFACE('',#2516,5.E-5);
#30=CYLINDRICAL_SURFACE('',#2521,5.E-5);
#31=CYLINDRICAL_SURFACE('',#2534,0.0001);
#32=CYLINDRICAL_SURFACE('',#2536,0.0001);
#33=CYLINDRICAL_SURFACE('',#2537,5.E-5);
#34=CYLINDRICAL_SURFACE('',#2541,5.E-5);
#35=CYLINDRICAL_SURFACE('',#2553,0.0001);
#36=CYLINDRICAL_SURFACE('',#2554,5.E-5);
#37=CYLINDRICAL_SURFACE('',#2565,0.0001);
#38=CYLINDRICAL_SURFACE('',#2567,0.0001);
#39=CYLINDRICAL_SURFACE('',#2569,0.0001);
#40=CYLINDRICAL_SURFACE('',#2570,5.E-5);
#41=CYLINDRICAL_SURFACE('',#2581,0.0001);
#42=CYLINDRICAL_SURFACE('',#2583,0.0001);
#43=CYLINDRICAL_SURFACE('',#2584,5.E-5);
#44=CYLINDRICAL_SURFACE('',#2595,0.0001);
#45=CYLINDRICAL_SURFACE('',#2597,0.0001);
#46=CYLINDRICAL_SURFACE('',#2598,5.E-5);
#47=CYLINDRICAL_SURFACE('',#2608,0.0001);
#48=CYLINDRICAL_SURFACE('',#2610,0.0001);
#49=CYLINDRICAL_SURFACE('',#2614,5.E-5);
#50=CIRCLE('',#2422,0.0018);
#51=CIRCLE('',#2426,0.0018);
#52=CIRCLE('',#2430,0.0018);
#53=CIRCLE('',#2431,0.0018);
#54=CIRCLE('',#2432,0.0018);
#55=CIRCLE('',#2433,0.0018);
#56=CIRCLE('',#2434,0.0018);
#57=CIRCLE('',#2435,0.0018);
#58=CIRCLE('',#2437,0.0021);
#59=CIRCLE('',#2438,0.0018);
#60=CIRCLE('',#2439,0.0018);
#61=CIRCLE('',#2440,0.0018);
#62=CIRCLE('',#2441,0.0018);
#63=CIRCLE('',#2443,0.00179999999999997);
#64=CIRCLE('',#2449,0.00170687828878053);
#65=CIRCLE('',#2455,0.0018);
#66=CIRCLE('',#2472,0.0018);
#67=CIRCLE('',#2484,0.0018);
#68=CIRCLE('',#2490,5.E-5);
#69=CIRCLE('',#2491,5.E-5);
#70=CIRCLE('',#2492,5.E-5);
#71=CIRCLE('',#2495,5.E-5);
#72=CIRCLE('',#2499,5.E-5);
#73=CIRCLE('',#2502,5.E-5);
#74=CIRCLE('',#2503,5.E-5);
#75=CIRCLE('',#2505,5.E-5);
#76=CIRCLE('',#2506,5.E-5);
#77=CIRCLE('',#2510,5.E-5);
#78=CIRCLE('',#2511,5.E-5);
#79=CIRCLE('',#2513,5.E-5);
#80=CIRCLE('',#2514,5.E-5);
#81=CIRCLE('',#2517,5.E-5);
#82=CIRCLE('',#2519,5.E-5);
#83=CIRCLE('',#2520,5.E-5);
#84=CIRCLE('',#2522,5.E-5);
#85=CIRCLE('',#2525,0.0001);
#86=CIRCLE('',#2526,0.0001);
#87=CIRCLE('',#2527,5.E-5);
#88=CIRCLE('',#2530,0.0001);
#89=CIRCLE('',#2531,5.E-5);
#90=CIRCLE('',#2532,0.0001);
#91=CIRCLE('',#2538,5.E-5);
#92=CIRCLE('',#2542,5.E-5);
#93=CIRCLE('',#2544,0.0001);
#94=CIRCLE('',#2545,0.0001);
#95=CIRCLE('',#2548,0.0001);
#96=CIRCLE('',#2549,0.0001);
#97=CIRCLE('',#2550,5.E-5);
#98=CIRCLE('',#2555,5.E-5);
#99=CIRCLE('',#2557,0.0001);
#100=CIRCLE('',#2558,0.0001);
#101=CIRCLE('',#2561,0.0001);
#102=CIRCLE('',#2562,0.0001);
#103=CIRCLE('',#2571,5.E-5);
#104=CIRCLE('',#2573,0.0001);
#105=CIRCLE('',#2574,0.0001);
#106=CIRCLE('',#2577,0.0001);
#107=CIRCLE('',#2578,5.E-5);
#108=CIRCLE('',#2579,0.0001);
#109=CIRCLE('',#2585,5.E-5);
#110=CIRCLE('',#2587,0.0001);
#111=CIRCLE('',#2588,0.0001);
#112=CIRCLE('',#2591,0.0001);
#113=CIRCLE('',#2592,5.E-5);
#114=CIRCLE('',#2593,0.0001);
#115=CIRCLE('',#2599,5.E-5);
#116=CIRCLE('',#2601,0.0001);
#117=CIRCLE('',#2602,0.0001);
#118=CIRCLE('',#2605,0.0001);
#119=CIRCLE('',#2606,0.0001);
#120=ORIENTED_EDGE('',*,*,#806,.F.);
#121=ORIENTED_EDGE('',*,*,#807,.T.);
#122=ORIENTED_EDGE('',*,*,#808,.F.);
#123=ORIENTED_EDGE('',*,*,#809,.F.);
#124=ORIENTED_EDGE('',*,*,#810,.F.);
#125=ORIENTED_EDGE('',*,*,#809,.T.);
#126=ORIENTED_EDGE('',*,*,#811,.F.);
#127=ORIENTED_EDGE('',*,*,#812,.F.);
#128=ORIENTED_EDGE('',*,*,#813,.F.);
#129=ORIENTED_EDGE('',*,*,#812,.T.);
#130=ORIENTED_EDGE('',*,*,#814,.F.);
#131=ORIENTED_EDGE('',*,*,#815,.F.);
#132=ORIENTED_EDGE('',*,*,#816,.F.);
#133=ORIENTED_EDGE('',*,*,#815,.T.);
#134=ORIENTED_EDGE('',*,*,#817,.F.);
#135=ORIENTED_EDGE('',*,*,#807,.F.);
#136=ORIENTED_EDGE('',*,*,#817,.T.);
#137=ORIENTED_EDGE('',*,*,#814,.T.);
#138=ORIENTED_EDGE('',*,*,#811,.T.);
#139=ORIENTED_EDGE('',*,*,#808,.T.);
#140=ORIENTED_EDGE('',*,*,#806,.T.);
#141=ORIENTED_EDGE('',*,*,#810,.T.);
#142=ORIENTED_EDGE('',*,*,#813,.T.);
#143=ORIENTED_EDGE('',*,*,#816,.T.);
#144=ORIENTED_EDGE('',*,*,#818,.T.);
#145=ORIENTED_EDGE('',*,*,#819,.T.);
#146=ORIENTED_EDGE('',*,*,#820,.T.);
#147=ORIENTED_EDGE('',*,*,#821,.T.);
#148=ORIENTED_EDGE('',*,*,#822,.T.);
#149=ORIENTED_EDGE('',*,*,#823,.F.);
#150=ORIENTED_EDGE('',*,*,#824,.T.);
#151=ORIENTED_EDGE('',*,*,#822,.F.);
#152=ORIENTED_EDGE('',*,*,#825,.F.);
#153=ORIENTED_EDGE('',*,*,#826,.F.);
#154=ORIENTED_EDGE('',*,*,#825,.T.);
#155=ORIENTED_EDGE('',*,*,#821,.F.);
#156=ORIENTED_EDGE('',*,*,#827,.F.);
#157=ORIENTED_EDGE('',*,*,#828,.F.);
#158=ORIENTED_EDGE('',*,*,#827,.T.);
#159=ORIENTED_EDGE('',*,*,#820,.F.);
#160=ORIENTED_EDGE('',*,*,#829,.F.);
#161=ORIENTED_EDGE('',*,*,#830,.F.);
#162=ORIENTED_EDGE('',*,*,#829,.T.);
#163=ORIENTED_EDGE('',*,*,#819,.F.);
#164=ORIENTED_EDGE('',*,*,#831,.F.);
#165=ORIENTED_EDGE('',*,*,#832,.F.);
#166=ORIENTED_EDGE('',*,*,#831,.T.);
#167=ORIENTED_EDGE('',*,*,#818,.F.);
#168=ORIENTED_EDGE('',*,*,#824,.F.);
#169=ORIENTED_EDGE('',*,*,#833,.T.);
#170=ORIENTED_EDGE('',*,*,#834,.T.);
#171=ORIENTED_EDGE('',*,*,#835,.T.);
#172=ORIENTED_EDGE('',*,*,#836,.T.);
#173=ORIENTED_EDGE('',*,*,#837,.T.);
#174=ORIENTED_EDGE('',*,*,#838,.T.);
#175=ORIENTED_EDGE('',*,*,#839,.T.);
#176=ORIENTED_EDGE('',*,*,#840,.T.);
#177=ORIENTED_EDGE('',*,*,#841,.T.);
#178=ORIENTED_EDGE('',*,*,#842,.F.);
#179=ORIENTED_EDGE('',*,*,#843,.T.);
#180=ORIENTED_EDGE('',*,*,#844,.T.);
#181=ORIENTED_EDGE('',*,*,#845,.T.);
#182=ORIENTED_EDGE('',*,*,#846,.T.);
#183=ORIENTED_EDGE('',*,*,#847,.F.);
#184=ORIENTED_EDGE('',*,*,#848,.T.);
#185=ORIENTED_EDGE('',*,*,#849,.T.);
#186=ORIENTED_EDGE('',*,*,#850,.T.);
#187=ORIENTED_EDGE('',*,*,#851,.F.);
#188=ORIENTED_EDGE('',*,*,#852,.T.);
#189=ORIENTED_EDGE('',*,*,#853,.T.);
#190=ORIENTED_EDGE('',*,*,#854,.T.);
#191=ORIENTED_EDGE('',*,*,#855,.F.);
#192=ORIENTED_EDGE('',*,*,#856,.T.);
#193=ORIENTED_EDGE('',*,*,#857,.T.);
#194=ORIENTED_EDGE('',*,*,#858,.T.);
#195=ORIENTED_EDGE('',*,*,#859,.F.);
#196=ORIENTED_EDGE('',*,*,#830,.T.);
#197=ORIENTED_EDGE('',*,*,#832,.T.);
#198=ORIENTED_EDGE('',*,*,#823,.T.);
#199=ORIENTED_EDGE('',*,*,#826,.T.);
#200=ORIENTED_EDGE('',*,*,#860,.F.);
#201=ORIENTED_EDGE('',*,*,#861,.F.);
#202=ORIENTED_EDGE('',*,*,#862,.T.);
#203=ORIENTED_EDGE('',*,*,#851,.T.);
#204=ORIENTED_EDGE('',*,*,#863,.T.);
#205=ORIENTED_EDGE('',*,*,#847,.T.);
#206=ORIENTED_EDGE('',*,*,#864,.T.);
#207=ORIENTED_EDGE('',*,*,#842,.T.);
#208=ORIENTED_EDGE('',*,*,#865,.T.);
#209=ORIENTED_EDGE('',*,*,#860,.T.);
#210=ORIENTED_EDGE('',*,*,#828,.T.);
#211=ORIENTED_EDGE('',*,*,#859,.T.);
#212=ORIENTED_EDGE('',*,*,#866,.T.);
#213=ORIENTED_EDGE('',*,*,#855,.T.);
#214=ORIENTED_EDGE('',*,*,#867,.F.);
#215=ORIENTED_EDGE('',*,*,#862,.F.);
#216=ORIENTED_EDGE('',*,*,#868,.T.);
#217=ORIENTED_EDGE('',*,*,#869,.F.);
#218=ORIENTED_EDGE('',*,*,#852,.F.);
#219=ORIENTED_EDGE('',*,*,#867,.T.);
#220=ORIENTED_EDGE('',*,*,#870,.F.);
#221=ORIENTED_EDGE('',*,*,#871,.F.);
#222=ORIENTED_EDGE('',*,*,#853,.F.);
#223=ORIENTED_EDGE('',*,*,#871,.T.);
#224=ORIENTED_EDGE('',*,*,#872,.F.);
#225=ORIENTED_EDGE('',*,*,#873,.F.);
#226=ORIENTED_EDGE('',*,*,#854,.F.);
#227=ORIENTED_EDGE('',*,*,#873,.T.);
#228=ORIENTED_EDGE('',*,*,#874,.F.);
#229=ORIENTED_EDGE('',*,*,#868,.F.);
#230=ORIENTED_EDGE('',*,*,#869,.T.);
#231=ORIENTED_EDGE('',*,*,#874,.T.);
#232=ORIENTED_EDGE('',*,*,#872,.T.);
#233=ORIENTED_EDGE('',*,*,#870,.T.);
#234=ORIENTED_EDGE('',*,*,#866,.F.);
#235=ORIENTED_EDGE('',*,*,#875,.T.);
#236=ORIENTED_EDGE('',*,*,#876,.F.);
#237=ORIENTED_EDGE('',*,*,#877,.F.);
#238=ORIENTED_EDGE('',*,*,#856,.F.);
#239=ORIENTED_EDGE('',*,*,#877,.T.);
#240=ORIENTED_EDGE('',*,*,#878,.F.);
#241=ORIENTED_EDGE('',*,*,#879,.F.);
#242=ORIENTED_EDGE('',*,*,#857,.F.);
#243=ORIENTED_EDGE('',*,*,#879,.T.);
#244=ORIENTED_EDGE('',*,*,#880,.F.);
#245=ORIENTED_EDGE('',*,*,#881,.F.);
#246=ORIENTED_EDGE('',*,*,#858,.F.);
#247=ORIENTED_EDGE('',*,*,#881,.T.);
#248=ORIENTED_EDGE('',*,*,#882,.F.);
#249=ORIENTED_EDGE('',*,*,#875,.F.);
#250=ORIENTED_EDGE('',*,*,#878,.T.);
#251=ORIENTED_EDGE('',*,*,#876,.T.);
#252=ORIENTED_EDGE('',*,*,#882,.T.);
#253=ORIENTED_EDGE('',*,*,#880,.T.);
#254=ORIENTED_EDGE('',*,*,#865,.F.);
#255=ORIENTED_EDGE('',*,*,#883,.T.);
#256=ORIENTED_EDGE('',*,*,#884,.F.);
#257=ORIENTED_EDGE('',*,*,#885,.F.);
#258=ORIENTED_EDGE('',*,*,#833,.F.);
#259=ORIENTED_EDGE('',*,*,#885,.T.);
#260=ORIENTED_EDGE('',*,*,#886,.F.);
#261=ORIENTED_EDGE('',*,*,#887,.F.);
#262=ORIENTED_EDGE('',*,*,#834,.F.);
#263=ORIENTED_EDGE('',*,*,#887,.T.);
#264=ORIENTED_EDGE('',*,*,#888,.F.);
#265=ORIENTED_EDGE('',*,*,#889,.F.);
#266=ORIENTED_EDGE('',*,*,#835,.F.);
#267=ORIENTED_EDGE('',*,*,#889,.T.);
#268=ORIENTED_EDGE('',*,*,#890,.F.);
#269=ORIENTED_EDGE('',*,*,#891,.F.);
#270=ORIENTED_EDGE('',*,*,#836,.F.);
#271=ORIENTED_EDGE('',*,*,#891,.T.);
#272=ORIENTED_EDGE('',*,*,#892,.F.);
#273=ORIENTED_EDGE('',*,*,#893,.F.);
#274=ORIENTED_EDGE('',*,*,#837,.F.);
#275=ORIENTED_EDGE('',*,*,#893,.T.);
#276=ORIENTED_EDGE('',*,*,#894,.F.);
#277=ORIENTED_EDGE('',*,*,#895,.F.);
#278=ORIENTED_EDGE('',*,*,#838,.F.);
#279=ORIENTED_EDGE('',*,*,#895,.T.);
#280=ORIENTED_EDGE('',*,*,#896,.F.);
#281=ORIENTED_EDGE('',*,*,#897,.F.);
#282=ORIENTED_EDGE('',*,*,#839,.F.);
#283=ORIENTED_EDGE('',*,*,#897,.T.);
#284=ORIENTED_EDGE('',*,*,#898,.F.);
#285=ORIENTED_EDGE('',*,*,#899,.F.);
#286=ORIENTED_EDGE('',*,*,#840,.F.);
#287=ORIENTED_EDGE('',*,*,#899,.T.);
#288=ORIENTED_EDGE('',*,*,#900,.F.);
#289=ORIENTED_EDGE('',*,*,#901,.F.);
#290=ORIENTED_EDGE('',*,*,#841,.F.);
#291=ORIENTED_EDGE('',*,*,#901,.T.);
#292=ORIENTED_EDGE('',*,*,#902,.F.);
#293=ORIENTED_EDGE('',*,*,#883,.F.);
#294=ORIENTED_EDGE('',*,*,#903,.T.);
#295=ORIENTED_EDGE('',*,*,#904,.T.);
#296=ORIENTED_EDGE('',*,*,#905,.T.);
#297=ORIENTED_EDGE('',*,*,#906,.T.);
#298=ORIENTED_EDGE('',*,*,#902,.T.);
#299=ORIENTED_EDGE('',*,*,#900,.T.);
#300=ORIENTED_EDGE('',*,*,#898,.T.);
#301=ORIENTED_EDGE('',*,*,#896,.T.);
#302=ORIENTED_EDGE('',*,*,#894,.T.);
#303=ORIENTED_EDGE('',*,*,#892,.T.);
#304=ORIENTED_EDGE('',*,*,#890,.T.);
#305=ORIENTED_EDGE('',*,*,#888,.T.);
#306=ORIENTED_EDGE('',*,*,#886,.T.);
#307=ORIENTED_EDGE('',*,*,#884,.T.);
#308=ORIENTED_EDGE('',*,*,#906,.F.);
#309=ORIENTED_EDGE('',*,*,#907,.T.);
#310=ORIENTED_EDGE('',*,*,#908,.F.);
#311=ORIENTED_EDGE('',*,*,#909,.F.);
#312=ORIENTED_EDGE('',*,*,#903,.F.);
#313=ORIENTED_EDGE('',*,*,#909,.T.);
#314=ORIENTED_EDGE('',*,*,#910,.F.);
#315=ORIENTED_EDGE('',*,*,#911,.F.);
#316=ORIENTED_EDGE('',*,*,#904,.F.);
#317=ORIENTED_EDGE('',*,*,#911,.T.);
#318=ORIENTED_EDGE('',*,*,#912,.F.);
#319=ORIENTED_EDGE('',*,*,#913,.F.);
#320=ORIENTED_EDGE('',*,*,#905,.F.);
#321=ORIENTED_EDGE('',*,*,#913,.T.);
#322=ORIENTED_EDGE('',*,*,#914,.F.);
#323=ORIENTED_EDGE('',*,*,#907,.F.);
#324=ORIENTED_EDGE('',*,*,#908,.T.);
#325=ORIENTED_EDGE('',*,*,#914,.T.);
#326=ORIENTED_EDGE('',*,*,#912,.T.);
#327=ORIENTED_EDGE('',*,*,#910,.T.);
#328=ORIENTED_EDGE('',*,*,#864,.F.);
#329=ORIENTED_EDGE('',*,*,#915,.T.);
#330=ORIENTED_EDGE('',*,*,#916,.F.);
#331=ORIENTED_EDGE('',*,*,#917,.F.);
#332=ORIENTED_EDGE('',*,*,#843,.F.);
#333=ORIENTED_EDGE('',*,*,#917,.T.);
#334=ORIENTED_EDGE('',*,*,#918,.F.);
#335=ORIENTED_EDGE('',*,*,#919,.F.);
#336=ORIENTED_EDGE('',*,*,#844,.F.);
#337=ORIENTED_EDGE('',*,*,#919,.T.);
#338=ORIENTED_EDGE('',*,*,#920,.F.);
#339=ORIENTED_EDGE('',*,*,#921,.F.);
#340=ORIENTED_EDGE('',*,*,#845,.F.);
#341=ORIENTED_EDGE('',*,*,#921,.T.);
#342=ORIENTED_EDGE('',*,*,#922,.F.);
#343=ORIENTED_EDGE('',*,*,#923,.F.);
#344=ORIENTED_EDGE('',*,*,#846,.F.);
#345=ORIENTED_EDGE('',*,*,#923,.T.);
#346=ORIENTED_EDGE('',*,*,#924,.F.);
#347=ORIENTED_EDGE('',*,*,#915,.F.);
#348=ORIENTED_EDGE('',*,*,#925,.T.);
#349=ORIENTED_EDGE('',*,*,#926,.T.);
#350=ORIENTED_EDGE('',*,*,#927,.T.);
#351=ORIENTED_EDGE('',*,*,#928,.T.);
#352=ORIENTED_EDGE('',*,*,#924,.T.);
#353=ORIENTED_EDGE('',*,*,#922,.T.);
#354=ORIENTED_EDGE('',*,*,#920,.T.);
#355=ORIENTED_EDGE('',*,*,#918,.T.);
#356=ORIENTED_EDGE('',*,*,#916,.T.);
#357=ORIENTED_EDGE('',*,*,#928,.F.);
#358=ORIENTED_EDGE('',*,*,#929,.T.);
#359=ORIENTED_EDGE('',*,*,#930,.F.);
#360=ORIENTED_EDGE('',*,*,#931,.F.);
#361=ORIENTED_EDGE('',*,*,#925,.F.);
#362=ORIENTED_EDGE('',*,*,#931,.T.);
#363=ORIENTED_EDGE('',*,*,#932,.F.);
#364=ORIENTED_EDGE('',*,*,#933,.F.);
#365=ORIENTED_EDGE('',*,*,#926,.F.);
#366=ORIENTED_EDGE('',*,*,#933,.T.);
#367=ORIENTED_EDGE('',*,*,#934,.F.);
#368=ORIENTED_EDGE('',*,*,#935,.F.);
#369=ORIENTED_EDGE('',*,*,#927,.F.);
#370=ORIENTED_EDGE('',*,*,#935,.T.);
#371=ORIENTED_EDGE('',*,*,#936,.F.);
#372=ORIENTED_EDGE('',*,*,#929,.F.);
#373=ORIENTED_EDGE('',*,*,#930,.T.);
#374=ORIENTED_EDGE('',*,*,#936,.T.);
#375=ORIENTED_EDGE('',*,*,#934,.T.);
#376=ORIENTED_EDGE('',*,*,#932,.T.);
#377=ORIENTED_EDGE('',*,*,#863,.F.);
#378=ORIENTED_EDGE('',*,*,#937,.T.);
#379=ORIENTED_EDGE('',*,*,#938,.F.);
#380=ORIENTED_EDGE('',*,*,#939,.F.);
#381=ORIENTED_EDGE('',*,*,#848,.F.);
#382=ORIENTED_EDGE('',*,*,#939,.T.);
#383=ORIENTED_EDGE('',*,*,#940,.F.);
#384=ORIENTED_EDGE('',*,*,#941,.F.);
#385=ORIENTED_EDGE('',*,*,#849,.F.);
#386=ORIENTED_EDGE('',*,*,#941,.T.);
#387=ORIENTED_EDGE('',*,*,#942,.F.);
#388=ORIENTED_EDGE('',*,*,#943,.F.);
#389=ORIENTED_EDGE('',*,*,#850,.F.);
#390=ORIENTED_EDGE('',*,*,#943,.T.);
#391=ORIENTED_EDGE('',*,*,#944,.F.);
#392=ORIENTED_EDGE('',*,*,#937,.F.);
#393=ORIENTED_EDGE('',*,*,#938,.T.);
#394=ORIENTED_EDGE('',*,*,#944,.T.);
#395=ORIENTED_EDGE('',*,*,#942,.T.);
#396=ORIENTED_EDGE('',*,*,#940,.T.);
#397=ORIENTED_EDGE('',*,*,#861,.T.);
#398=ORIENTED_EDGE('',*,*,#945,.T.);
#399=ORIENTED_EDGE('',*,*,#946,.T.);
#400=ORIENTED_EDGE('',*,*,#947,.F.);
#401=ORIENTED_EDGE('',*,*,#948,.T.);
#402=ORIENTED_EDGE('',*,*,#949,.F.);
#403=ORIENTED_EDGE('',*,*,#950,.T.);
#404=ORIENTED_EDGE('',*,*,#951,.F.);
#405=ORIENTED_EDGE('',*,*,#952,.T.);
#406=ORIENTED_EDGE('',*,*,#953,.T.);
#407=ORIENTED_EDGE('',*,*,#952,.F.);
#408=ORIENTED_EDGE('',*,*,#954,.F.);
#409=ORIENTED_EDGE('',*,*,#955,.F.);
#410=ORIENTED_EDGE('',*,*,#956,.F.);
#411=ORIENTED_EDGE('',*,*,#957,.T.);
#412=ORIENTED_EDGE('',*,*,#958,.F.);
#413=ORIENTED_EDGE('',*,*,#959,.F.);
#414=ORIENTED_EDGE('',*,*,#960,.F.);
#415=ORIENTED_EDGE('',*,*,#957,.F.);
#416=ORIENTED_EDGE('',*,*,#945,.F.);
#417=ORIENTED_EDGE('',*,*,#953,.F.);
#418=ORIENTED_EDGE('',*,*,#960,.T.);
#419=ORIENTED_EDGE('',*,*,#961,.F.);
#420=ORIENTED_EDGE('',*,*,#961,.T.);
#421=ORIENTED_EDGE('',*,*,#959,.T.);
#422=ORIENTED_EDGE('',*,*,#962,.F.);
#423=ORIENTED_EDGE('',*,*,#963,.F.);
#424=ORIENTED_EDGE('',*,*,#964,.T.);
#425=ORIENTED_EDGE('',*,*,#965,.T.);
#426=ORIENTED_EDGE('',*,*,#966,.T.);
#427=ORIENTED_EDGE('',*,*,#967,.F.);
#428=ORIENTED_EDGE('',*,*,#968,.T.);
#429=ORIENTED_EDGE('',*,*,#969,.T.);
#430=ORIENTED_EDGE('',*,*,#970,.T.);
#431=ORIENTED_EDGE('',*,*,#971,.F.);
#432=ORIENTED_EDGE('',*,*,#972,.T.);
#433=ORIENTED_EDGE('',*,*,#973,.T.);
#434=ORIENTED_EDGE('',*,*,#974,.T.);
#435=ORIENTED_EDGE('',*,*,#975,.F.);
#436=ORIENTED_EDGE('',*,*,#976,.F.);
#437=ORIENTED_EDGE('',*,*,#946,.F.);
#438=ORIENTED_EDGE('',*,*,#947,.T.);
#439=ORIENTED_EDGE('',*,*,#976,.T.);
#440=ORIENTED_EDGE('',*,*,#977,.T.);
#441=ORIENTED_EDGE('',*,*,#978,.T.);
#442=ORIENTED_EDGE('',*,*,#979,.F.);
#443=ORIENTED_EDGE('',*,*,#948,.F.);
#444=ORIENTED_EDGE('',*,*,#978,.F.);
#445=ORIENTED_EDGE('',*,*,#980,.F.);
#446=ORIENTED_EDGE('',*,*,#981,.T.);
#447=ORIENTED_EDGE('',*,*,#982,.T.);
#448=ORIENTED_EDGE('',*,*,#983,.T.);
#449=ORIENTED_EDGE('',*,*,#980,.T.);
#450=ORIENTED_EDGE('',*,*,#983,.F.);
#451=ORIENTED_EDGE('',*,*,#984,.F.);
#452=ORIENTED_EDGE('',*,*,#985,.F.);
#453=ORIENTED_EDGE('',*,*,#949,.T.);
#454=ORIENTED_EDGE('',*,*,#979,.T.);
#455=ORIENTED_EDGE('',*,*,#985,.T.);
#456=ORIENTED_EDGE('',*,*,#986,.T.);
#457=ORIENTED_EDGE('',*,*,#987,.F.);
#458=ORIENTED_EDGE('',*,*,#950,.F.);
#459=ORIENTED_EDGE('',*,*,#986,.F.);
#460=ORIENTED_EDGE('',*,*,#988,.F.);
#461=ORIENTED_EDGE('',*,*,#989,.T.);
#462=ORIENTED_EDGE('',*,*,#990,.T.);
#463=ORIENTED_EDGE('',*,*,#991,.T.);
#464=ORIENTED_EDGE('',*,*,#992,.F.);
#465=ORIENTED_EDGE('',*,*,#993,.T.);
#466=ORIENTED_EDGE('',*,*,#994,.T.);
#467=ORIENTED_EDGE('',*,*,#995,.T.);
#468=ORIENTED_EDGE('',*,*,#996,.F.);
#469=ORIENTED_EDGE('',*,*,#997,.T.);
#470=ORIENTED_EDGE('',*,*,#998,.T.);
#471=ORIENTED_EDGE('',*,*,#999,.T.);
#472=ORIENTED_EDGE('',*,*,#1000,.F.);
#473=ORIENTED_EDGE('',*,*,#1001,.T.);
#474=ORIENTED_EDGE('',*,*,#1002,.T.);
#475=ORIENTED_EDGE('',*,*,#1003,.T.);
#476=ORIENTED_EDGE('',*,*,#1000,.T.);
#477=ORIENTED_EDGE('',*,*,#1003,.F.);
#478=ORIENTED_EDGE('',*,*,#1004,.F.);
#479=ORIENTED_EDGE('',*,*,#1005,.F.);
#480=ORIENTED_EDGE('',*,*,#951,.T.);
#481=ORIENTED_EDGE('',*,*,#987,.T.);
#482=ORIENTED_EDGE('',*,*,#1005,.T.);
#483=ORIENTED_EDGE('',*,*,#954,.T.);
#484=ORIENTED_EDGE('',*,*,#1004,.T.);
#485=ORIENTED_EDGE('',*,*,#1006,.T.);
#486=ORIENTED_EDGE('',*,*,#1007,.T.);
#487=ORIENTED_EDGE('',*,*,#955,.T.);
#488=ORIENTED_EDGE('',*,*,#1008,.F.);
#489=ORIENTED_EDGE('',*,*,#1007,.F.);
#490=ORIENTED_EDGE('',*,*,#1009,.F.);
#491=ORIENTED_EDGE('',*,*,#1010,.T.);
#492=ORIENTED_EDGE('',*,*,#963,.T.);
#493=ORIENTED_EDGE('',*,*,#1009,.T.);
#494=ORIENTED_EDGE('',*,*,#1011,.T.);
#495=ORIENTED_EDGE('',*,*,#1012,.F.);
#496=ORIENTED_EDGE('',*,*,#1013,.T.);
#497=ORIENTED_EDGE('',*,*,#1014,.T.);
#498=ORIENTED_EDGE('',*,*,#1015,.T.);
#499=ORIENTED_EDGE('',*,*,#1016,.F.);
#500=ORIENTED_EDGE('',*,*,#1017,.T.);
#501=ORIENTED_EDGE('',*,*,#1018,.T.);
#502=ORIENTED_EDGE('',*,*,#1019,.T.);
#503=ORIENTED_EDGE('',*,*,#1011,.F.);
#504=ORIENTED_EDGE('',*,*,#1006,.F.);
#505=ORIENTED_EDGE('',*,*,#1002,.F.);
#506=ORIENTED_EDGE('',*,*,#1020,.T.);
#507=ORIENTED_EDGE('',*,*,#1021,.T.);
#508=ORIENTED_EDGE('',*,*,#1022,.T.);
#509=ORIENTED_EDGE('',*,*,#1023,.F.);
#510=ORIENTED_EDGE('',*,*,#1024,.T.);
#511=ORIENTED_EDGE('',*,*,#1025,.T.);
#512=ORIENTED_EDGE('',*,*,#1026,.T.);
#513=ORIENTED_EDGE('',*,*,#1027,.F.);
#514=ORIENTED_EDGE('',*,*,#1028,.T.);
#515=ORIENTED_EDGE('',*,*,#1029,.T.);
#516=ORIENTED_EDGE('',*,*,#1030,.T.);
#517=ORIENTED_EDGE('',*,*,#1031,.F.);
#518=ORIENTED_EDGE('',*,*,#982,.F.);
#519=ORIENTED_EDGE('',*,*,#1032,.F.);
#520=ORIENTED_EDGE('',*,*,#1033,.T.);
#521=ORIENTED_EDGE('',*,*,#1034,.T.);
#522=ORIENTED_EDGE('',*,*,#1035,.T.);
#523=ORIENTED_EDGE('',*,*,#1036,.F.);
#524=ORIENTED_EDGE('',*,*,#1037,.T.);
#525=ORIENTED_EDGE('',*,*,#1038,.F.);
#526=ORIENTED_EDGE('',*,*,#1039,.F.);
#527=ORIENTED_EDGE('',*,*,#972,.F.);
#528=ORIENTED_EDGE('',*,*,#1040,.F.);
#529=ORIENTED_EDGE('',*,*,#1035,.F.);
#530=ORIENTED_EDGE('',*,*,#1041,.F.);
#531=ORIENTED_EDGE('',*,*,#1042,.T.);
#532=ORIENTED_EDGE('',*,*,#1043,.F.);
#533=ORIENTED_EDGE('',*,*,#1042,.F.);
#534=ORIENTED_EDGE('',*,*,#1044,.F.);
#535=ORIENTED_EDGE('',*,*,#1045,.F.);
#536=ORIENTED_EDGE('',*,*,#1046,.F.);
#537=ORIENTED_EDGE('',*,*,#1045,.T.);
#538=ORIENTED_EDGE('',*,*,#1047,.T.);
#539=ORIENTED_EDGE('',*,*,#1033,.F.);
#540=ORIENTED_EDGE('',*,*,#1048,.F.);
#541=ORIENTED_EDGE('',*,*,#974,.F.);
#542=ORIENTED_EDGE('',*,*,#1049,.F.);
#543=ORIENTED_EDGE('',*,*,#1050,.F.);
#544=ORIENTED_EDGE('',*,*,#1051,.F.);
#545=ORIENTED_EDGE('',*,*,#1052,.F.);
#546=ORIENTED_EDGE('',*,*,#1051,.T.);
#547=ORIENTED_EDGE('',*,*,#1053,.F.);
#548=ORIENTED_EDGE('',*,*,#1037,.F.);
#549=ORIENTED_EDGE('',*,*,#1050,.T.);
#550=ORIENTED_EDGE('',*,*,#1054,.T.);
#551=ORIENTED_EDGE('',*,*,#1038,.T.);
#552=ORIENTED_EDGE('',*,*,#1053,.T.);
#553=ORIENTED_EDGE('',*,*,#1054,.F.);
#554=ORIENTED_EDGE('',*,*,#1049,.T.);
#555=ORIENTED_EDGE('',*,*,#973,.F.);
#556=ORIENTED_EDGE('',*,*,#1039,.T.);
#557=ORIENTED_EDGE('',*,*,#1046,.T.);
#558=ORIENTED_EDGE('',*,*,#1052,.T.);
#559=ORIENTED_EDGE('',*,*,#1036,.T.);
#560=ORIENTED_EDGE('',*,*,#1043,.T.);
#561=ORIENTED_EDGE('',*,*,#1048,.T.);
#562=ORIENTED_EDGE('',*,*,#1032,.T.);
#563=ORIENTED_EDGE('',*,*,#1055,.T.);
#564=ORIENTED_EDGE('',*,*,#975,.T.);
#565=ORIENTED_EDGE('',*,*,#1055,.F.);
#566=ORIENTED_EDGE('',*,*,#981,.F.);
#567=ORIENTED_EDGE('',*,*,#977,.F.);
#568=ORIENTED_EDGE('',*,*,#1044,.T.);
#569=ORIENTED_EDGE('',*,*,#1041,.T.);
#570=ORIENTED_EDGE('',*,*,#1034,.F.);
#571=ORIENTED_EDGE('',*,*,#1047,.F.);
#572=ORIENTED_EDGE('',*,*,#1040,.T.);
#573=ORIENTED_EDGE('',*,*,#971,.T.);
#574=ORIENTED_EDGE('',*,*,#1056,.T.);
#575=ORIENTED_EDGE('',*,*,#1012,.T.);
#576=ORIENTED_EDGE('',*,*,#1057,.F.);
#577=ORIENTED_EDGE('',*,*,#1058,.T.);
#578=ORIENTED_EDGE('',*,*,#1059,.T.);
#579=ORIENTED_EDGE('',*,*,#1013,.F.);
#580=ORIENTED_EDGE('',*,*,#1056,.F.);
#581=ORIENTED_EDGE('',*,*,#970,.F.);
#582=ORIENTED_EDGE('',*,*,#1060,.F.);
#583=ORIENTED_EDGE('',*,*,#1061,.F.);
#584=ORIENTED_EDGE('',*,*,#1062,.F.);
#585=ORIENTED_EDGE('',*,*,#1063,.F.);
#586=ORIENTED_EDGE('',*,*,#1062,.T.);
#587=ORIENTED_EDGE('',*,*,#1064,.F.);
#588=ORIENTED_EDGE('',*,*,#1065,.F.);
#589=ORIENTED_EDGE('',*,*,#1066,.F.);
#590=ORIENTED_EDGE('',*,*,#1065,.T.);
#591=ORIENTED_EDGE('',*,*,#1067,.F.);
#592=ORIENTED_EDGE('',*,*,#1068,.F.);
#593=ORIENTED_EDGE('',*,*,#968,.F.);
#594=ORIENTED_EDGE('',*,*,#1069,.F.);
#595=ORIENTED_EDGE('',*,*,#1015,.F.);
#596=ORIENTED_EDGE('',*,*,#1070,.F.);
#597=ORIENTED_EDGE('',*,*,#1071,.T.);
#598=ORIENTED_EDGE('',*,*,#1072,.F.);
#599=ORIENTED_EDGE('',*,*,#1071,.F.);
#600=ORIENTED_EDGE('',*,*,#1073,.F.);
#601=ORIENTED_EDGE('',*,*,#1058,.F.);
#602=ORIENTED_EDGE('',*,*,#1073,.T.);
#603=ORIENTED_EDGE('',*,*,#1070,.T.);
#604=ORIENTED_EDGE('',*,*,#1014,.F.);
#605=ORIENTED_EDGE('',*,*,#1059,.F.);
#606=ORIENTED_EDGE('',*,*,#1057,.T.);
#607=ORIENTED_EDGE('',*,*,#1063,.T.);
#608=ORIENTED_EDGE('',*,*,#1066,.T.);
#609=ORIENTED_EDGE('',*,*,#1072,.T.);
#610=ORIENTED_EDGE('',*,*,#1069,.T.);
#611=ORIENTED_EDGE('',*,*,#967,.T.);
#612=ORIENTED_EDGE('',*,*,#1074,.T.);
#613=ORIENTED_EDGE('',*,*,#1016,.T.);
#614=ORIENTED_EDGE('',*,*,#1075,.F.);
#615=ORIENTED_EDGE('',*,*,#1076,.T.);
#616=ORIENTED_EDGE('',*,*,#1077,.T.);
#617=ORIENTED_EDGE('',*,*,#1017,.F.);
#618=ORIENTED_EDGE('',*,*,#1074,.F.);
#619=ORIENTED_EDGE('',*,*,#966,.F.);
#620=ORIENTED_EDGE('',*,*,#1078,.F.);
#621=ORIENTED_EDGE('',*,*,#1079,.F.);
#622=ORIENTED_EDGE('',*,*,#1080,.F.);
#623=ORIENTED_EDGE('',*,*,#1081,.F.);
#624=ORIENTED_EDGE('',*,*,#1080,.T.);
#625=ORIENTED_EDGE('',*,*,#1082,.F.);
#626=ORIENTED_EDGE('',*,*,#1083,.F.);
#627=ORIENTED_EDGE('',*,*,#1084,.F.);
#628=ORIENTED_EDGE('',*,*,#1083,.T.);
#629=ORIENTED_EDGE('',*,*,#1085,.F.);
#630=ORIENTED_EDGE('',*,*,#1086,.F.);
#631=ORIENTED_EDGE('',*,*,#964,.F.);
#632=ORIENTED_EDGE('',*,*,#1010,.F.);
#633=ORIENTED_EDGE('',*,*,#1019,.F.);
#634=ORIENTED_EDGE('',*,*,#1087,.F.);
#635=ORIENTED_EDGE('',*,*,#1088,.T.);
#636=ORIENTED_EDGE('',*,*,#1089,.F.);
#637=ORIENTED_EDGE('',*,*,#1088,.F.);
#638=ORIENTED_EDGE('',*,*,#1090,.F.);
#639=ORIENTED_EDGE('',*,*,#1076,.F.);
#640=ORIENTED_EDGE('',*,*,#1090,.T.);
#641=ORIENTED_EDGE('',*,*,#1087,.T.);
#642=ORIENTED_EDGE('',*,*,#1018,.F.);
#643=ORIENTED_EDGE('',*,*,#1077,.F.);
#644=ORIENTED_EDGE('',*,*,#1075,.T.);
#645=ORIENTED_EDGE('',*,*,#1081,.T.);
#646=ORIENTED_EDGE('',*,*,#1084,.T.);
#647=ORIENTED_EDGE('',*,*,#1089,.T.);
#648=ORIENTED_EDGE('',*,*,#1091,.F.);
#649=ORIENTED_EDGE('',*,*,#1078,.T.);
#650=ORIENTED_EDGE('',*,*,#965,.F.);
#651=ORIENTED_EDGE('',*,*,#1086,.T.);
#652=ORIENTED_EDGE('',*,*,#1079,.T.);
#653=ORIENTED_EDGE('',*,*,#1091,.T.);
#654=ORIENTED_EDGE('',*,*,#1085,.T.);
#655=ORIENTED_EDGE('',*,*,#1082,.T.);
#656=ORIENTED_EDGE('',*,*,#1092,.F.);
#657=ORIENTED_EDGE('',*,*,#1060,.T.);
#658=ORIENTED_EDGE('',*,*,#969,.F.);
#659=ORIENTED_EDGE('',*,*,#1068,.T.);
#660=ORIENTED_EDGE('',*,*,#1061,.T.);
#661=ORIENTED_EDGE('',*,*,#1092,.T.);
#662=ORIENTED_EDGE('',*,*,#1067,.T.);
#663=ORIENTED_EDGE('',*,*,#1064,.T.);
#664=ORIENTED_EDGE('',*,*,#1093,.T.);
#665=ORIENTED_EDGE('',*,*,#988,.T.);
#666=ORIENTED_EDGE('',*,*,#984,.T.);
#667=ORIENTED_EDGE('',*,*,#1031,.T.);
#668=ORIENTED_EDGE('',*,*,#1094,.F.);
#669=ORIENTED_EDGE('',*,*,#1095,.T.);
#670=ORIENTED_EDGE('',*,*,#1096,.F.);
#671=ORIENTED_EDGE('',*,*,#1097,.F.);
#672=ORIENTED_EDGE('',*,*,#989,.F.);
#673=ORIENTED_EDGE('',*,*,#1093,.F.);
#674=ORIENTED_EDGE('',*,*,#1030,.F.);
#675=ORIENTED_EDGE('',*,*,#1098,.F.);
#676=ORIENTED_EDGE('',*,*,#1099,.T.);
#677=ORIENTED_EDGE('',*,*,#1100,.F.);
#678=ORIENTED_EDGE('',*,*,#1099,.F.);
#679=ORIENTED_EDGE('',*,*,#1101,.F.);
#680=ORIENTED_EDGE('',*,*,#1102,.F.);
#681=ORIENTED_EDGE('',*,*,#1103,.F.);
#682=ORIENTED_EDGE('',*,*,#1102,.T.);
#683=ORIENTED_EDGE('',*,*,#1104,.T.);
#684=ORIENTED_EDGE('',*,*,#1028,.F.);
#685=ORIENTED_EDGE('',*,*,#1105,.F.);
#686=ORIENTED_EDGE('',*,*,#991,.F.);
#687=ORIENTED_EDGE('',*,*,#1106,.F.);
#688=ORIENTED_EDGE('',*,*,#1107,.F.);
#689=ORIENTED_EDGE('',*,*,#1108,.F.);
#690=ORIENTED_EDGE('',*,*,#1109,.F.);
#691=ORIENTED_EDGE('',*,*,#1108,.T.);
#692=ORIENTED_EDGE('',*,*,#1110,.F.);
#693=ORIENTED_EDGE('',*,*,#1095,.F.);
#694=ORIENTED_EDGE('',*,*,#1107,.T.);
#695=ORIENTED_EDGE('',*,*,#1111,.T.);
#696=ORIENTED_EDGE('',*,*,#1096,.T.);
#697=ORIENTED_EDGE('',*,*,#1110,.T.);
#698=ORIENTED_EDGE('',*,*,#1111,.F.);
#699=ORIENTED_EDGE('',*,*,#1106,.T.);
#700=ORIENTED_EDGE('',*,*,#990,.F.);
#701=ORIENTED_EDGE('',*,*,#1097,.T.);
#702=ORIENTED_EDGE('',*,*,#1103,.T.);
#703=ORIENTED_EDGE('',*,*,#1109,.T.);
#704=ORIENTED_EDGE('',*,*,#1094,.T.);
#705=ORIENTED_EDGE('',*,*,#1100,.T.);
#706=ORIENTED_EDGE('',*,*,#1112,.T.);
#707=ORIENTED_EDGE('',*,*,#992,.T.);
#708=ORIENTED_EDGE('',*,*,#1105,.T.);
#709=ORIENTED_EDGE('',*,*,#1027,.T.);
#710=ORIENTED_EDGE('',*,*,#1113,.F.);
#711=ORIENTED_EDGE('',*,*,#1114,.T.);
#712=ORIENTED_EDGE('',*,*,#1115,.F.);
#713=ORIENTED_EDGE('',*,*,#1116,.F.);
#714=ORIENTED_EDGE('',*,*,#993,.F.);
#715=ORIENTED_EDGE('',*,*,#1112,.F.);
#716=ORIENTED_EDGE('',*,*,#1026,.F.);
#717=ORIENTED_EDGE('',*,*,#1117,.F.);
#718=ORIENTED_EDGE('',*,*,#1118,.T.);
#719=ORIENTED_EDGE('',*,*,#1119,.F.);
#720=ORIENTED_EDGE('',*,*,#1118,.F.);
#721=ORIENTED_EDGE('',*,*,#1120,.F.);
#722=ORIENTED_EDGE('',*,*,#1121,.F.);
#723=ORIENTED_EDGE('',*,*,#1122,.F.);
#724=ORIENTED_EDGE('',*,*,#1121,.T.);
#725=ORIENTED_EDGE('',*,*,#1123,.T.);
#726=ORIENTED_EDGE('',*,*,#1024,.F.);
#727=ORIENTED_EDGE('',*,*,#1124,.F.);
#728=ORIENTED_EDGE('',*,*,#995,.F.);
#729=ORIENTED_EDGE('',*,*,#1125,.F.);
#730=ORIENTED_EDGE('',*,*,#1126,.F.);
#731=ORIENTED_EDGE('',*,*,#1127,.F.);
#732=ORIENTED_EDGE('',*,*,#1128,.F.);
#733=ORIENTED_EDGE('',*,*,#1127,.T.);
#734=ORIENTED_EDGE('',*,*,#1129,.F.);
#735=ORIENTED_EDGE('',*,*,#1114,.F.);
#736=ORIENTED_EDGE('',*,*,#1126,.T.);
#737=ORIENTED_EDGE('',*,*,#1130,.T.);
#738=ORIENTED_EDGE('',*,*,#1115,.T.);
#739=ORIENTED_EDGE('',*,*,#1129,.T.);
#740=ORIENTED_EDGE('',*,*,#1130,.F.);
#741=ORIENTED_EDGE('',*,*,#1125,.T.);
#742=ORIENTED_EDGE('',*,*,#994,.F.);
#743=ORIENTED_EDGE('',*,*,#1116,.T.);
#744=ORIENTED_EDGE('',*,*,#1122,.T.);
#745=ORIENTED_EDGE('',*,*,#1128,.T.);
#746=ORIENTED_EDGE('',*,*,#1113,.T.);
#747=ORIENTED_EDGE('',*,*,#1119,.T.);
#748=ORIENTED_EDGE('',*,*,#1131,.T.);
#749=ORIENTED_EDGE('',*,*,#996,.T.);
#750=ORIENTED_EDGE('',*,*,#1124,.T.);
#751=ORIENTED_EDGE('',*,*,#1023,.T.);
#752=ORIENTED_EDGE('',*,*,#1132,.F.);
#753=ORIENTED_EDGE('',*,*,#1133,.T.);
#754=ORIENTED_EDGE('',*,*,#1134,.F.);
#755=ORIENTED_EDGE('',*,*,#1135,.F.);
#756=ORIENTED_EDGE('',*,*,#997,.F.);
#757=ORIENTED_EDGE('',*,*,#1131,.F.);
#758=ORIENTED_EDGE('',*,*,#1022,.F.);
#759=ORIENTED_EDGE('',*,*,#1136,.F.);
#760=ORIENTED_EDGE('',*,*,#1137,.T.);
#761=ORIENTED_EDGE('',*,*,#1138,.F.);
#762=ORIENTED_EDGE('',*,*,#1137,.F.);
#763=ORIENTED_EDGE('',*,*,#1139,.F.);
#764=ORIENTED_EDGE('',*,*,#1140,.F.);
#765=ORIENTED_EDGE('',*,*,#1141,.F.);
#766=ORIENTED_EDGE('',*,*,#1140,.T.);
#767=ORIENTED_EDGE('',*,*,#1142,.T.);
#768=ORIENTED_EDGE('',*,*,#1020,.F.);
#769=ORIENTED_EDGE('',*,*,#1001,.F.);
#770=ORIENTED_EDGE('',*,*,#999,.F.);
#771=ORIENTED_EDGE('',*,*,#1143,.F.);
#772=ORIENTED_EDGE('',*,*,#1144,.F.);
#773=ORIENTED_EDGE('',*,*,#1145,.F.);
#774=ORIENTED_EDGE('',*,*,#1146,.F.);
#775=ORIENTED_EDGE('',*,*,#1145,.T.);
#776=ORIENTED_EDGE('',*,*,#1147,.F.);
#777=ORIENTED_EDGE('',*,*,#1133,.F.);
#778=ORIENTED_EDGE('',*,*,#1144,.T.);
#779=ORIENTED_EDGE('',*,*,#1148,.T.);
#780=ORIENTED_EDGE('',*,*,#1134,.T.);
#781=ORIENTED_EDGE('',*,*,#1147,.T.);
#782=ORIENTED_EDGE('',*,*,#1148,.F.);
#783=ORIENTED_EDGE('',*,*,#1143,.T.);
#784=ORIENTED_EDGE('',*,*,#998,.F.);
#785=ORIENTED_EDGE('',*,*,#1135,.T.);
#786=ORIENTED_EDGE('',*,*,#1141,.T.);
#787=ORIENTED_EDGE('',*,*,#1146,.T.);
#788=ORIENTED_EDGE('',*,*,#1132,.T.);
#789=ORIENTED_EDGE('',*,*,#1138,.T.);
#790=ORIENTED_EDGE('',*,*,#1139,.T.);
#791=ORIENTED_EDGE('',*,*,#1136,.T.);
#792=ORIENTED_EDGE('',*,*,#1021,.F.);
#793=ORIENTED_EDGE('',*,*,#1142,.F.);
#794=ORIENTED_EDGE('',*,*,#1120,.T.);
#795=ORIENTED_EDGE('',*,*,#1117,.T.);
#796=ORIENTED_EDGE('',*,*,#1025,.F.);
#797=ORIENTED_EDGE('',*,*,#1123,.F.);
#798=ORIENTED_EDGE('',*,*,#1101,.T.);
#799=ORIENTED_EDGE('',*,*,#1098,.T.);
#800=ORIENTED_EDGE('',*,*,#1029,.F.);
#801=ORIENTED_EDGE('',*,*,#1104,.F.);
#802=ORIENTED_EDGE('',*,*,#958,.T.);
#803=ORIENTED_EDGE('',*,*,#956,.T.);
#804=ORIENTED_EDGE('',*,*,#1008,.T.);
#805=ORIENTED_EDGE('',*,*,#962,.T.);
#806=EDGE_CURVE('',#1149,#1150,#1370,.T.);
#807=EDGE_CURVE('',#1149,#1151,#1371,.T.);
#808=EDGE_CURVE('',#1152,#1151,#1372,.T.);
#809=EDGE_CURVE('',#1150,#1152,#1373,.T.);
#810=EDGE_CURVE('',#1150,#1153,#1374,.T.);
#811=EDGE_CURVE('',#1154,#1152,#1375,.T.);
#812=EDGE_CURVE('',#1153,#1154,#1376,.T.);
#813=EDGE_CURVE('',#1153,#1155,#1377,.T.);
#814=EDGE_CURVE('',#1156,#1154,#1378,.T.);
#815=EDGE_CURVE('',#1155,#1156,#1379,.T.);
#816=EDGE_CURVE('',#1155,#1149,#1380,.T.);
#817=EDGE_CURVE('',#1151,#1156,#1381,.T.);
#818=EDGE_CURVE('',#1157,#1158,#1382,.T.);
#819=EDGE_CURVE('',#1158,#1159,#1383,.T.);
#820=EDGE_CURVE('',#1159,#1160,#50,.T.);
#821=EDGE_CURVE('',#1160,#1161,#1384,.T.);
#822=EDGE_CURVE('',#1161,#1157,#1385,.T.);
#823=EDGE_CURVE('',#1162,#1163,#1386,.T.);
#824=EDGE_CURVE('',#1162,#1157,#1387,.T.);
#825=EDGE_CURVE('',#1163,#1161,#1388,.T.);
#826=EDGE_CURVE('',#1163,#1164,#1389,.T.);
#827=EDGE_CURVE('',#1164,#1160,#1390,.T.);
#828=EDGE_CURVE('',#1164,#1165,#51,.T.);
#829=EDGE_CURVE('',#1165,#1159,#1391,.T.);
#830=EDGE_CURVE('',#1165,#1166,#1392,.T.);
#831=EDGE_CURVE('',#1166,#1158,#1393,.T.);
#832=EDGE_CURVE('',#1166,#1162,#1394,.T.);
#833=EDGE_CURVE('',#1167,#1168,#1395,.T.);
#834=EDGE_CURVE('',#1168,#1169,#1396,.T.);
#835=EDGE_CURVE('',#1169,#1170,#1397,.T.);
#836=EDGE_CURVE('',#1170,#1171,#1398,.T.);
#837=EDGE_CURVE('',#1171,#1172,#1399,.T.);
#838=EDGE_CURVE('',#1172,#1173,#1400,.T.);
#839=EDGE_CURVE('',#1173,#1174,#1401,.T.);
#840=EDGE_CURVE('',#1174,#1175,#1402,.T.);
#841=EDGE_CURVE('',#1175,#1176,#1403,.T.);
#842=EDGE_CURVE('',#1177,#1176,#52,.T.);
#843=EDGE_CURVE('',#1177,#1178,#1404,.T.);
#844=EDGE_CURVE('',#1178,#1179,#1405,.T.);
#845=EDGE_CURVE('',#1179,#1180,#1406,.T.);
#846=EDGE_CURVE('',#1180,#1181,#1407,.T.);
#847=EDGE_CURVE('',#1182,#1181,#53,.T.);
#848=EDGE_CURVE('',#1182,#1183,#1408,.T.);
#849=EDGE_CURVE('',#1183,#1184,#1409,.T.);
#850=EDGE_CURVE('',#1184,#1185,#1410,.T.);
#851=EDGE_CURVE('',#1186,#1185,#54,.T.);
#852=EDGE_CURVE('',#1186,#1187,#1411,.T.);
#853=EDGE_CURVE('',#1187,#1188,#1412,.T.);
#854=EDGE_CURVE('',#1188,#1189,#1413,.T.);
#855=EDGE_CURVE('',#1190,#1189,#55,.T.);
#856=EDGE_CURVE('',#1190,#1191,#1414,.T.);
#857=EDGE_CURVE('',#1191,#1192,#1415,.T.);
#858=EDGE_CURVE('',#1192,#1193,#1416,.T.);
#859=EDGE_CURVE('',#1165,#1193,#56,.T.);
#860=EDGE_CURVE('',#1167,#1164,#57,.T.);
#861=EDGE_CURVE('',#1194,#1194,#58,.T.);
#862=EDGE_CURVE('',#1189,#1186,#59,.T.);
#863=EDGE_CURVE('',#1185,#1182,#60,.T.);
#864=EDGE_CURVE('',#1181,#1177,#61,.T.);
#865=EDGE_CURVE('',#1176,#1167,#62,.T.);
#866=EDGE_CURVE('',#1193,#1190,#16,.T.);
#867=EDGE_CURVE('',#1186,#1195,#1417,.T.);
#868=EDGE_CURVE('',#1189,#1196,#1418,.T.);
#869=EDGE_CURVE('',#1195,#1196,#63,.T.);
#870=EDGE_CURVE('',#1197,#1195,#1419,.T.);
#871=EDGE_CURVE('',#1187,#1197,#1420,.T.);
#872=EDGE_CURVE('',#1198,#1197,#1421,.T.);
#873=EDGE_CURVE('',#1188,#1198,#1422,.T.);
#874=EDGE_CURVE('',#1196,#1198,#1423,.T.);
#875=EDGE_CURVE('',#1193,#1199,#1424,.T.);
#876=EDGE_CURVE('',#1200,#1199,#64,.T.);
#877=EDGE_CURVE('',#1190,#1200,#1425,.T.);
#878=EDGE_CURVE('',#1201,#1200,#1426,.T.);
#879=EDGE_CURVE('',#1191,#1201,#1427,.T.);
#880=EDGE_CURVE('',#1202,#1201,#1428,.T.);
#881=EDGE_CURVE('',#1192,#1202,#1429,.T.);
#882=EDGE_CURVE('',#1199,#1202,#1430,.T.);
#883=EDGE_CURVE('',#1176,#1203,#1431,.T.);
#884=EDGE_CURVE('',#1204,#1203,#65,.T.);
#885=EDGE_CURVE('',#1167,#1204,#1432,.T.);
#886=EDGE_CURVE('',#1205,#1204,#1433,.T.);
#887=EDGE_CURVE('',#1168,#1205,#1434,.T.);
#888=EDGE_CURVE('',#1206,#1205,#1435,.T.);
#889=EDGE_CURVE('',#1169,#1206,#1436,.T.);
#890=EDGE_CURVE('',#1207,#1206,#1437,.T.);
#891=EDGE_CURVE('',#1170,#1207,#1438,.T.);
#892=EDGE_CURVE('',#1208,#1207,#1439,.T.);
#893=EDGE_CURVE('',#1171,#1208,#1440,.T.);
#894=EDGE_CURVE('',#1209,#1208,#1441,.T.);
#895=EDGE_CURVE('',#1172,#1209,#1442,.T.);
#896=EDGE_CURVE('',#1210,#1209,#1443,.T.);
#897=EDGE_CURVE('',#1173,#1210,#1444,.T.);
#898=EDGE_CURVE('',#1211,#1210,#1445,.T.);
#899=EDGE_CURVE('',#1174,#1211,#1446,.T.);
#900=EDGE_CURVE('',#1212,#1211,#1447,.T.);
#901=EDGE_CURVE('',#1175,#1212,#1448,.T.);
#902=EDGE_CURVE('',#1203,#1212,#1449,.T.);
#903=EDGE_CURVE('',#1213,#1214,#1450,.T.);
#904=EDGE_CURVE('',#1214,#1215,#1451,.T.);
#905=EDGE_CURVE('',#1215,#1216,#1452,.T.);
#906=EDGE_CURVE('',#1216,#1213,#1453,.T.);
#907=EDGE_CURVE('',#1216,#1217,#1454,.T.);
#908=EDGE_CURVE('',#1218,#1217,#1455,.T.);
#909=EDGE_CURVE('',#1213,#1218,#1456,.T.);
#910=EDGE_CURVE('',#1219,#1218,#1457,.T.);
#911=EDGE_CURVE('',#1214,#1219,#1458,.T.);
#912=EDGE_CURVE('',#1220,#1219,#1459,.T.);
#913=EDGE_CURVE('',#1215,#1220,#1460,.T.);
#914=EDGE_CURVE('',#1217,#1220,#1461,.T.);
#915=EDGE_CURVE('',#1181,#1221,#1462,.T.);
#916=EDGE_CURVE('',#1222,#1221,#66,.T.);
#917=EDGE_CURVE('',#1177,#1222,#1463,.T.);
#918=EDGE_CURVE('',#1223,#1222,#1464,.T.);
#919=EDGE_CURVE('',#1178,#1223,#1465,.T.);
#920=EDGE_CURVE('',#1224,#1223,#1466,.T.);
#921=EDGE_CURVE('',#1179,#1224,#1467,.T.);
#922=EDGE_CURVE('',#1225,#1224,#1468,.T.);
#923=EDGE_CURVE('',#1180,#1225,#1469,.T.);
#924=EDGE_CURVE('',#1221,#1225,#1470,.T.);
#925=EDGE_CURVE('',#1226,#1227,#1471,.T.);
#926=EDGE_CURVE('',#1227,#1228,#1472,.T.);
#927=EDGE_CURVE('',#1228,#1229,#1473,.T.);
#928=EDGE_CURVE('',#1229,#1226,#1474,.T.);
#929=EDGE_CURVE('',#1229,#1230,#1475,.T.);
#930=EDGE_CURVE('',#1231,#1230,#1476,.T.);
#931=EDGE_CURVE('',#1226,#1231,#1477,.T.);
#932=EDGE_CURVE('',#1232,#1231,#1478,.T.);
#933=EDGE_CURVE('',#1227,#1232,#1479,.T.);
#934=EDGE_CURVE('',#1233,#1232,#1480,.T.);
#935=EDGE_CURVE('',#1228,#1233,#1481,.T.);
#936=EDGE_CURVE('',#1230,#1233,#1482,.T.);
#937=EDGE_CURVE('',#1185,#1234,#1483,.T.);
#938=EDGE_CURVE('',#1235,#1234,#67,.T.);
#939=EDGE_CURVE('',#1182,#1235,#1484,.T.);
#940=EDGE_CURVE('',#1236,#1235,#1485,.T.);
#941=EDGE_CURVE('',#1183,#1236,#1486,.T.);
#942=EDGE_CURVE('',#1237,#1236,#1487,.T.);
#943=EDGE_CURVE('',#1184,#1237,#1488,.T.);
#944=EDGE_CURVE('',#1234,#1237,#1489,.T.);
#945=EDGE_CURVE('',#1238,#1239,#1490,.T.);
#946=EDGE_CURVE('',#1239,#1240,#1491,.T.);
#947=EDGE_CURVE('',#1241,#1240,#68,.T.);
#948=EDGE_CURVE('',#1241,#1242,#1492,.T.);
#949=EDGE_CURVE('',#1243,#1242,#69,.T.);
#950=EDGE_CURVE('',#1243,#1244,#1493,.T.);
#951=EDGE_CURVE('',#1245,#1244,#70,.T.);
#952=EDGE_CURVE('',#1245,#1238,#1494,.T.);
#953=EDGE_CURVE('',#1246,#1238,#1495,.T.);
#954=EDGE_CURVE('',#1247,#1245,#1496,.T.);
#955=EDGE_CURVE('',#1248,#1247,#1497,.T.);
#956=EDGE_CURVE('',#1249,#1248,#1498,.T.);
#957=EDGE_CURVE('',#1249,#1246,#1499,.T.);
#958=EDGE_CURVE('',#1250,#1249,#71,.T.);
#959=EDGE_CURVE('',#1251,#1250,#1500,.T.);
#960=EDGE_CURVE('',#1246,#1251,#1501,.T.);
#961=EDGE_CURVE('',#1239,#1251,#1502,.T.);
#962=EDGE_CURVE('',#1252,#1250,#1503,.T.);
#963=EDGE_CURVE('',#1253,#1252,#1504,.T.);
#964=EDGE_CURVE('',#1253,#1254,#1505,.T.);
#965=EDGE_CURVE('',#1254,#1255,#1506,.T.);
#966=EDGE_CURVE('',#1255,#1256,#1507,.T.);
#967=EDGE_CURVE('',#1257,#1256,#1508,.T.);
#968=EDGE_CURVE('',#1257,#1258,#1509,.T.);
#969=EDGE_CURVE('',#1258,#1259,#1510,.T.);
#970=EDGE_CURVE('',#1259,#1260,#1511,.T.);
#971=EDGE_CURVE('',#1261,#1260,#1512,.T.);
#972=EDGE_CURVE('',#1261,#1262,#1513,.T.);
#973=EDGE_CURVE('',#1262,#1263,#1514,.T.);
#974=EDGE_CURVE('',#1263,#1264,#1515,.T.);
#975=EDGE_CURVE('',#1265,#1264,#1516,.T.);
#976=EDGE_CURVE('',#1240,#1265,#1517,.T.);
#977=EDGE_CURVE('',#1265,#1266,#72,.T.);
#978=EDGE_CURVE('',#1266,#1241,#1518,.T.);
#979=EDGE_CURVE('',#1242,#1267,#1519,.T.);
#980=EDGE_CURVE('',#1267,#1266,#1520,.T.);
#981=EDGE_CURVE('',#1266,#1268,#73,.T.);
#982=EDGE_CURVE('',#1268,#1269,#1521,.T.);
#983=EDGE_CURVE('',#1269,#1267,#74,.T.);
#984=EDGE_CURVE('',#1270,#1269,#75,.T.);
#985=EDGE_CURVE('',#1267,#1270,#76,.T.);
#986=EDGE_CURVE('',#1270,#1243,#1522,.T.);
#987=EDGE_CURVE('',#1244,#1271,#1523,.T.);
#988=EDGE_CURVE('',#1272,#1270,#1524,.T.);
#989=EDGE_CURVE('',#1272,#1273,#1525,.T.);
#990=EDGE_CURVE('',#1273,#1274,#1526,.T.);
#991=EDGE_CURVE('',#1274,#1275,#1527,.T.);
#992=EDGE_CURVE('',#1276,#1275,#1528,.T.);
#993=EDGE_CURVE('',#1276,#1277,#1529,.T.);
#994=EDGE_CURVE('',#1277,#1278,#1530,.T.);
#995=EDGE_CURVE('',#1278,#1279,#1531,.T.);
#996=EDGE_CURVE('',#1280,#1279,#1532,.T.);
#997=EDGE_CURVE('',#1280,#1281,#1533,.T.);
#998=EDGE_CURVE('',#1281,#1282,#1534,.T.);
#999=EDGE_CURVE('',#1282,#1283,#1535,.T.);
#1000=EDGE_CURVE('',#1271,#1283,#1536,.T.);
#1001=EDGE_CURVE('',#1283,#1284,#77,.T.);
#1002=EDGE_CURVE('',#1284,#1285,#1537,.T.);
#1003=EDGE_CURVE('',#1285,#1271,#78,.T.);
#1004=EDGE_CURVE('',#1247,#1285,#79,.T.);
#1005=EDGE_CURVE('',#1271,#1247,#80,.T.);
#1006=EDGE_CURVE('',#1285,#1286,#1538,.T.);
#1007=EDGE_CURVE('',#1286,#1248,#81,.T.);
#1008=EDGE_CURVE('',#1248,#1252,#82,.T.);
#1009=EDGE_CURVE('',#1252,#1286,#83,.T.);
#1010=EDGE_CURVE('',#1287,#1253,#84,.T.);
#1011=EDGE_CURVE('',#1286,#1287,#1539,.T.);
#1012=EDGE_CURVE('',#1288,#1289,#1540,.T.);
#1013=EDGE_CURVE('',#1288,#1290,#1541,.T.);
#1014=EDGE_CURVE('',#1290,#1291,#1542,.T.);
#1015=EDGE_CURVE('',#1291,#1292,#1543,.T.);
#1016=EDGE_CURVE('',#1293,#1292,#1544,.T.);
#1017=EDGE_CURVE('',#1293,#1294,#1545,.T.);
#1018=EDGE_CURVE('',#1294,#1295,#1546,.T.);
#1019=EDGE_CURVE('',#1295,#1287,#1547,.T.);
#1020=EDGE_CURVE('',#1284,#1296,#1548,.T.);
#1021=EDGE_CURVE('',#1296,#1297,#1549,.T.);
#1022=EDGE_CURVE('',#1297,#1298,#1550,.T.);
#1023=EDGE_CURVE('',#1299,#1298,#1551,.T.);
#1024=EDGE_CURVE('',#1299,#1300,#1552,.T.);
#1025=EDGE_CURVE('',#1300,#1301,#1553,.T.);
#1026=EDGE_CURVE('',#1301,#1302,#1554,.T.);
#1027=EDGE_CURVE('',#1303,#1302,#1555,.T.);
#1028=EDGE_CURVE('',#1303,#1304,#1556,.T.);
#1029=EDGE_CURVE('',#1304,#1305,#1557,.T.);
#1030=EDGE_CURVE('',#1305,#1306,#1558,.T.);
#1031=EDGE_CURVE('',#1269,#1306,#1559,.T.);
#1032=EDGE_CURVE('',#1307,#1268,#1560,.T.);
#1033=EDGE_CURVE('',#1307,#1308,#1561,.T.);
#1034=EDGE_CURVE('',#1308,#1309,#1562,.T.);
#1035=EDGE_CURVE('',#1309,#1289,#1563,.T.);
#1036=EDGE_CURVE('',#1310,#1311,#85,.T.);
#1037=EDGE_CURVE('',#1310,#1312,#1564,.T.);
#1038=EDGE_CURVE('',#1313,#1312,#86,.T.);
#1039=EDGE_CURVE('',#1262,#1313,#1565,.T.);
#1040=EDGE_CURVE('',#1289,#1261,#87,.T.);
#1041=EDGE_CURVE('',#1314,#1309,#1566,.T.);
#1042=EDGE_CURVE('',#1314,#1311,#1567,.T.);
#1043=EDGE_CURVE('',#1311,#1315,#1568,.T.);
#1044=EDGE_CURVE('',#1316,#1314,#1569,.T.);
#1045=EDGE_CURVE('',#1315,#1316,#1570,.T.);
#1046=EDGE_CURVE('',#1315,#1317,#88,.T.);
#1047=EDGE_CURVE('',#1316,#1308,#1571,.T.);
#1048=EDGE_CURVE('',#1264,#1307,#89,.T.);
#1049=EDGE_CURVE('',#1318,#1263,#1572,.T.);
#1050=EDGE_CURVE('',#1319,#1318,#90,.T.);
#1051=EDGE_CURVE('',#1317,#1319,#1573,.T.);
#1052=EDGE_CURVE('',#1317,#1310,#1574,.T.);
#1053=EDGE_CURVE('',#1312,#1319,#1575,.T.);
#1054=EDGE_CURVE('',#1318,#1313,#1576,.T.);
#1055=EDGE_CURVE('',#1268,#1265,#91,.T.);
#1056=EDGE_CURVE('',#1260,#1288,#92,.T.);
#1057=EDGE_CURVE('',#1320,#1321,#93,.T.);
#1058=EDGE_CURVE('',#1320,#1322,#1577,.T.);
#1059=EDGE_CURVE('',#1322,#1290,#1578,.T.);
#1060=EDGE_CURVE('',#1323,#1259,#1579,.T.);
#1061=EDGE_CURVE('',#1324,#1323,#94,.T.);
#1062=EDGE_CURVE('',#1321,#1324,#1580,.T.);
#1063=EDGE_CURVE('',#1321,#1325,#1581,.T.);
#1064=EDGE_CURVE('',#1326,#1324,#1582,.T.);
#1065=EDGE_CURVE('',#1325,#1326,#1583,.T.);
#1066=EDGE_CURVE('',#1325,#1327,#95,.T.);
#1067=EDGE_CURVE('',#1328,#1326,#96,.T.);
#1068=EDGE_CURVE('',#1258,#1328,#1584,.T.);
#1069=EDGE_CURVE('',#1292,#1257,#97,.T.);
#1070=EDGE_CURVE('',#1329,#1291,#1585,.T.);
#1071=EDGE_CURVE('',#1329,#1327,#1586,.T.);
#1072=EDGE_CURVE('',#1327,#1320,#1587,.T.);
#1073=EDGE_CURVE('',#1322,#1329,#1588,.T.);
#1074=EDGE_CURVE('',#1256,#1293,#98,.T.);
#1075=EDGE_CURVE('',#1330,#1331,#99,.T.);
#1076=EDGE_CURVE('',#1330,#1332,#1589,.T.);
#1077=EDGE_CURVE('',#1332,#1294,#1590,.T.);
#1078=EDGE_CURVE('',#1333,#1255,#1591,.T.);
#1079=EDGE_CURVE('',#1334,#1333,#100,.T.);
#1080=EDGE_CURVE('',#1331,#1334,#1592,.T.);
#1081=EDGE_CURVE('',#1331,#1335,#1593,.T.);
#1082=EDGE_CURVE('',#1336,#1334,#1594,.T.);
#1083=EDGE_CURVE('',#1335,#1336,#1595,.T.);
#1084=EDGE_CURVE('',#1335,#1337,#101,.T.);
#1085=EDGE_CURVE('',#1338,#1336,#102,.T.);
#1086=EDGE_CURVE('',#1254,#1338,#1596,.T.);
#1087=EDGE_CURVE('',#1339,#1295,#1597,.T.);
#1088=EDGE_CURVE('',#1339,#1337,#1598,.T.);
#1089=EDGE_CURVE('',#1337,#1330,#1599,.T.);
#1090=EDGE_CURVE('',#1332,#1339,#1600,.T.);
#1091=EDGE_CURVE('',#1333,#1338,#1601,.T.);
#1092=EDGE_CURVE('',#1323,#1328,#1602,.T.);
#1093=EDGE_CURVE('',#1306,#1272,#103,.T.);
#1094=EDGE_CURVE('',#1340,#1341,#104,.T.);
#1095=EDGE_CURVE('',#1340,#1342,#1603,.T.);
#1096=EDGE_CURVE('',#1343,#1342,#105,.T.);
#1097=EDGE_CURVE('',#1273,#1343,#1604,.T.);
#1098=EDGE_CURVE('',#1344,#1305,#1605,.T.);
#1099=EDGE_CURVE('',#1344,#1341,#1606,.T.);
#1100=EDGE_CURVE('',#1341,#1345,#1607,.T.);
#1101=EDGE_CURVE('',#1346,#1344,#1608,.T.);
#1102=EDGE_CURVE('',#1345,#1346,#1609,.T.);
#1103=EDGE_CURVE('',#1345,#1347,#106,.T.);
#1104=EDGE_CURVE('',#1346,#1304,#1610,.T.);
#1105=EDGE_CURVE('',#1275,#1303,#107,.T.);
#1106=EDGE_CURVE('',#1348,#1274,#1611,.T.);
#1107=EDGE_CURVE('',#1349,#1348,#108,.T.);
#1108=EDGE_CURVE('',#1347,#1349,#1612,.T.);
#1109=EDGE_CURVE('',#1347,#1340,#1613,.T.);
#1110=EDGE_CURVE('',#1342,#1349,#1614,.T.);
#1111=EDGE_CURVE('',#1348,#1343,#1615,.T.);
#1112=EDGE_CURVE('',#1302,#1276,#109,.T.);
#1113=EDGE_CURVE('',#1350,#1351,#110,.T.);
#1114=EDGE_CURVE('',#1350,#1352,#1616,.T.);
#1115=EDGE_CURVE('',#1353,#1352,#111,.T.);
#1116=EDGE_CURVE('',#1277,#1353,#1617,.T.);
#1117=EDGE_CURVE('',#1354,#1301,#1618,.T.);
#1118=EDGE_CURVE('',#1354,#1351,#1619,.T.);
#1119=EDGE_CURVE('',#1351,#1355,#1620,.T.);
#1120=EDGE_CURVE('',#1356,#1354,#1621,.T.);
#1121=EDGE_CURVE('',#1355,#1356,#1622,.T.);
#1122=EDGE_CURVE('',#1355,#1357,#112,.T.);
#1123=EDGE_CURVE('',#1356,#1300,#1623,.T.);
#1124=EDGE_CURVE('',#1279,#1299,#113,.T.);
#1125=EDGE_CURVE('',#1358,#1278,#1624,.T.);
#1126=EDGE_CURVE('',#1359,#1358,#114,.T.);
#1127=EDGE_CURVE('',#1357,#1359,#1625,.T.);
#1128=EDGE_CURVE('',#1357,#1350,#1626,.T.);
#1129=EDGE_CURVE('',#1352,#1359,#1627,.T.);
#1130=EDGE_CURVE('',#1358,#1353,#1628,.T.);
#1131=EDGE_CURVE('',#1298,#1280,#115,.T.);
#1132=EDGE_CURVE('',#1360,#1361,#116,.T.);
#1133=EDGE_CURVE('',#1360,#1362,#1629,.T.);
#1134=EDGE_CURVE('',#1363,#1362,#117,.T.);
#1135=EDGE_CURVE('',#1281,#1363,#1630,.T.);
#1136=EDGE_CURVE('',#1364,#1297,#1631,.T.);
#1137=EDGE_CURVE('',#1364,#1361,#1632,.T.);
#1138=EDGE_CURVE('',#1361,#1365,#1633,.T.);
#1139=EDGE_CURVE('',#1366,#1364,#1634,.T.);
#1140=EDGE_CURVE('',#1365,#1366,#1635,.T.);
#1141=EDGE_CURVE('',#1365,#1367,#118,.T.);
#1142=EDGE_CURVE('',#1366,#1296,#1636,.T.);
#1143=EDGE_CURVE('',#1368,#1282,#1637,.T.);
#1144=EDGE_CURVE('',#1369,#1368,#119,.T.);
#1145=EDGE_CURVE('',#1367,#1369,#1638,.T.);
#1146=EDGE_CURVE('',#1367,#1360,#1639,.T.);
#1147=EDGE_CURVE('',#1362,#1369,#1640,.T.);
#1148=EDGE_CURVE('',#1368,#1363,#1641,.T.);
#1149=VERTEX_POINT('',#3290);
#1150=VERTEX_POINT('',#3291);
#1151=VERTEX_POINT('',#3293);
#1152=VERTEX_POINT('',#3295);
#1153=VERTEX_POINT('',#3299);
#1154=VERTEX_POINT('',#3301);
#1155=VERTEX_POINT('',#3305);
#1156=VERTEX_POINT('',#3307);
#1157=VERTEX_POINT('',#3315);
#1158=VERTEX_POINT('',#3316);
#1159=VERTEX_POINT('',#3318);
#1160=VERTEX_POINT('',#3320);
#1161=VERTEX_POINT('',#3322);
#1162=VERTEX_POINT('',#3326);
#1163=VERTEX_POINT('',#3327);
#1164=VERTEX_POINT('',#3332);
#1165=VERTEX_POINT('',#3336);
#1166=VERTEX_POINT('',#3340);
#1167=VERTEX_POINT('',#3346);
#1168=VERTEX_POINT('',#3347);
#1169=VERTEX_POINT('',#3349);
#1170=VERTEX_POINT('',#3351);
#1171=VERTEX_POINT('',#3353);
#1172=VERTEX_POINT('',#3355);
#1173=VERTEX_POINT('',#3357);
#1174=VERTEX_POINT('',#3359);
#1175=VERTEX_POINT('',#3361);
#1176=VERTEX_POINT('',#3363);
#1177=VERTEX_POINT('',#3365);
#1178=VERTEX_POINT('',#3367);
#1179=VERTEX_POINT('',#3369);
#1180=VERTEX_POINT('',#3371);
#1181=VERTEX_POINT('',#3373);
#1182=VERTEX_POINT('',#3375);
#1183=VERTEX_POINT('',#3377);
#1184=VERTEX_POINT('',#3379);
#1185=VERTEX_POINT('',#3381);
#1186=VERTEX_POINT('',#3383);
#1187=VERTEX_POINT('',#3385);
#1188=VERTEX_POINT('',#3387);
#1189=VERTEX_POINT('',#3389);
#1190=VERTEX_POINT('',#3391);
#1191=VERTEX_POINT('',#3393);
#1192=VERTEX_POINT('',#3395);
#1193=VERTEX_POINT('',#3397);
#1194=VERTEX_POINT('',#3402);
#1195=VERTEX_POINT('',#3413);
#1196=VERTEX_POINT('',#3415);
#1197=VERTEX_POINT('',#3419);
#1198=VERTEX_POINT('',#3423);
#1199=VERTEX_POINT('',#3430);
#1200=VERTEX_POINT('',#3432);
#1201=VERTEX_POINT('',#3436);
#1202=VERTEX_POINT('',#3440);
#1203=VERTEX_POINT('',#3447);
#1204=VERTEX_POINT('',#3449);
#1205=VERTEX_POINT('',#3453);
#1206=VERTEX_POINT('',#3457);
#1207=VERTEX_POINT('',#3461);
#1208=VERTEX_POINT('',#3465);
#1209=VERTEX_POINT('',#3469);
#1210=VERTEX_POINT('',#3473);
#1211=VERTEX_POINT('',#3477);
#1212=VERTEX_POINT('',#3481);
#1213=VERTEX_POINT('',#3487);
#1214=VERTEX_POINT('',#3488);
#1215=VERTEX_POINT('',#3490);
#1216=VERTEX_POINT('',#3492);
#1217=VERTEX_POINT('',#3496);
#1218=VERTEX_POINT('',#3498);
#1219=VERTEX_POINT('',#3502);
#1220=VERTEX_POINT('',#3506);
#1221=VERTEX_POINT('',#3513);
#1222=VERTEX_POINT('',#3515);
#1223=VERTEX_POINT('',#3519);
#1224=VERTEX_POINT('',#3523);
#1225=VERTEX_POINT('',#3527);
#1226=VERTEX_POINT('',#3533);
#1227=VERTEX_POINT('',#3534);
#1228=VERTEX_POINT('',#3536);
#1229=VERTEX_POINT('',#3538);
#1230=VERTEX_POINT('',#3542);
#1231=VERTEX_POINT('',#3544);
#1232=VERTEX_POINT('',#3548);
#1233=VERTEX_POINT('',#3552);
#1234=VERTEX_POINT('',#3559);
#1235=VERTEX_POINT('',#3561);
#1236=VERTEX_POINT('',#3565);
#1237=VERTEX_POINT('',#3569);
#1238=VERTEX_POINT('',#3576);
#1239=VERTEX_POINT('',#3577);
#1240=VERTEX_POINT('',#3579);
#1241=VERTEX_POINT('',#3581);
#1242=VERTEX_POINT('',#3583);
#1243=VERTEX_POINT('',#3585);
#1244=VERTEX_POINT('',#3587);
#1245=VERTEX_POINT('',#3589);
#1246=VERTEX_POINT('',#3593);
#1247=VERTEX_POINT('',#3595);
#1248=VERTEX_POINT('',#3597);
#1249=VERTEX_POINT('',#3599);
#1250=VERTEX_POINT('',#3603);
#1251=VERTEX_POINT('',#3605);
#1252=VERTEX_POINT('',#3611);
#1253=VERTEX_POINT('',#3613);
#1254=VERTEX_POINT('',#3615);
#1255=VERTEX_POINT('',#3617);
#1256=VERTEX_POINT('',#3619);
#1257=VERTEX_POINT('',#3621);
#1258=VERTEX_POINT('',#3623);
#1259=VERTEX_POINT('',#3625);
#1260=VERTEX_POINT('',#3627);
#1261=VERTEX_POINT('',#3629);
#1262=VERTEX_POINT('',#3631);
#1263=VERTEX_POINT('',#3633);
#1264=VERTEX_POINT('',#3635);
#1265=VERTEX_POINT('',#3637);
#1266=VERTEX_POINT('',#3641);
#1267=VERTEX_POINT('',#3645);
#1268=VERTEX_POINT('',#3649);
#1269=VERTEX_POINT('',#3651);
#1270=VERTEX_POINT('',#3655);
#1271=VERTEX_POINT('',#3661);
#1272=VERTEX_POINT('',#3663);
#1273=VERTEX_POINT('',#3665);
#1274=VERTEX_POINT('',#3667);
#1275=VERTEX_POINT('',#3669);
#1276=VERTEX_POINT('',#3671);
#1277=VERTEX_POINT('',#3673);
#1278=VERTEX_POINT('',#3675);
#1279=VERTEX_POINT('',#3677);
#1280=VERTEX_POINT('',#3679);
#1281=VERTEX_POINT('',#3681);
#1282=VERTEX_POINT('',#3683);
#1283=VERTEX_POINT('',#3685);
#1284=VERTEX_POINT('',#3689);
#1285=VERTEX_POINT('',#3691);
#1286=VERTEX_POINT('',#3699);
#1287=VERTEX_POINT('',#3706);
#1288=VERTEX_POINT('',#3710);
#1289=VERTEX_POINT('',#3711);
#1290=VERTEX_POINT('',#3713);
#1291=VERTEX_POINT('',#3715);
#1292=VERTEX_POINT('',#3717);
#1293=VERTEX_POINT('',#3719);
#1294=VERTEX_POINT('',#3721);
#1295=VERTEX_POINT('',#3723);
#1296=VERTEX_POINT('',#3726);
#1297=VERTEX_POINT('',#3728);
#1298=VERTEX_POINT('',#3730);
#1299=VERTEX_POINT('',#3732);
#1300=VERTEX_POINT('',#3734);
#1301=VERTEX_POINT('',#3736);
#1302=VERTEX_POINT('',#3738);
#1303=VERTEX_POINT('',#3740);
#1304=VERTEX_POINT('',#3742);
#1305=VERTEX_POINT('',#3744);
#1306=VERTEX_POINT('',#3746);
#1307=VERTEX_POINT('',#3749);
#1308=VERTEX_POINT('',#3751);
#1309=VERTEX_POINT('',#3753);
#1310=VERTEX_POINT('',#3757);
#1311=VERTEX_POINT('',#3758);
#1312=VERTEX_POINT('',#3760);
#1313=VERTEX_POINT('',#3762);
#1314=VERTEX_POINT('',#3766);
#1315=VERTEX_POINT('',#3770);
#1316=VERTEX_POINT('',#3772);
#1317=VERTEX_POINT('',#3776);
#1318=VERTEX_POINT('',#3780);
#1319=VERTEX_POINT('',#3782);
#1320=VERTEX_POINT('',#3799);
#1321=VERTEX_POINT('',#3800);
#1322=VERTEX_POINT('',#3802);
#1323=VERTEX_POINT('',#3805);
#1324=VERTEX_POINT('',#3807);
#1325=VERTEX_POINT('',#3811);
#1326=VERTEX_POINT('',#3813);
#1327=VERTEX_POINT('',#3817);
#1328=VERTEX_POINT('',#3819);
#1329=VERTEX_POINT('',#3823);
#1330=VERTEX_POINT('',#3834);
#1331=VERTEX_POINT('',#3835);
#1332=VERTEX_POINT('',#3837);
#1333=VERTEX_POINT('',#3840);
#1334=VERTEX_POINT('',#3842);
#1335=VERTEX_POINT('',#3846);
#1336=VERTEX_POINT('',#3848);
#1337=VERTEX_POINT('',#3852);
#1338=VERTEX_POINT('',#3854);
#1339=VERTEX_POINT('',#3857);
#1340=VERTEX_POINT('',#3874);
#1341=VERTEX_POINT('',#3875);
#1342=VERTEX_POINT('',#3877);
#1343=VERTEX_POINT('',#3879);
#1344=VERTEX_POINT('',#3882);
#1345=VERTEX_POINT('',#3886);
#1346=VERTEX_POINT('',#3888);
#1347=VERTEX_POINT('',#3892);
#1348=VERTEX_POINT('',#3896);
#1349=VERTEX_POINT('',#3898);
#1350=VERTEX_POINT('',#3911);
#1351=VERTEX_POINT('',#3912);
#1352=VERTEX_POINT('',#3914);
#1353=VERTEX_POINT('',#3916);
#1354=VERTEX_POINT('',#3919);
#1355=VERTEX_POINT('',#3923);
#1356=VERTEX_POINT('',#3925);
#1357=VERTEX_POINT('',#3929);
#1358=VERTEX_POINT('',#3933);
#1359=VERTEX_POINT('',#3935);
#1360=VERTEX_POINT('',#3948);
#1361=VERTEX_POINT('',#3949);
#1362=VERTEX_POINT('',#3951);
#1363=VERTEX_POINT('',#3953);
#1364=VERTEX_POINT('',#3956);
#1365=VERTEX_POINT('',#3960);
#1366=VERTEX_POINT('',#3962);
#1367=VERTEX_POINT('',#3966);
#1368=VERTEX_POINT('',#3969);
#1369=VERTEX_POINT('',#3971);
#1370=LINE('',#3289,#1642);
#1371=LINE('',#3292,#1643);
#1372=LINE('',#3294,#1644);
#1373=LINE('',#3296,#1645);
#1374=LINE('',#3298,#1646);
#1375=LINE('',#3300,#1647);
#1376=LINE('',#3302,#1648);
#1377=LINE('',#3304,#1649);
#1378=LINE('',#3306,#1650);
#1379=LINE('',#3308,#1651);
#1380=LINE('',#3310,#1652);
#1381=LINE('',#3311,#1653);
#1382=LINE('',#3314,#1654);
#1383=LINE('',#3317,#1655);
#1384=LINE('',#3321,#1656);
#1385=LINE('',#3323,#1657);
#1386=LINE('',#3325,#1658);
#1387=LINE('',#3328,#1659);
#1388=LINE('',#3329,#1660);
#1389=LINE('',#3331,#1661);
#1390=LINE('',#3333,#1662);
#1391=LINE('',#3337,#1663);
#1392=LINE('',#3339,#1664);
#1393=LINE('',#3341,#1665);
#1394=LINE('',#3343,#1666);
#1395=LINE('',#3345,#1667);
#1396=LINE('',#3348,#1668);
#1397=LINE('',#3350,#1669);
#1398=LINE('',#3352,#1670);
#1399=LINE('',#3354,#1671);
#1400=LINE('',#3356,#1672);
#1401=LINE('',#3358,#1673);
#1402=LINE('',#3360,#1674);
#1403=LINE('',#3362,#1675);
#1404=LINE('',#3366,#1676);
#1405=LINE('',#3368,#1677);
#1406=LINE('',#3370,#1678);
#1407=LINE('',#3372,#1679);
#1408=LINE('',#3376,#1680);
#1409=LINE('',#3378,#1681);
#1410=LINE('',#3380,#1682);
#1411=LINE('',#3384,#1683);
#1412=LINE('',#3386,#1684);
#1413=LINE('',#3388,#1685);
#1414=LINE('',#3392,#1686);
#1415=LINE('',#3394,#1687);
#1416=LINE('',#3396,#1688);
#1417=LINE('',#3412,#1689);
#1418=LINE('',#3414,#1690);
#1419=LINE('',#3418,#1691);
#1420=LINE('',#3420,#1692);
#1421=LINE('',#3422,#1693);
#1422=LINE('',#3424,#1694);
#1423=LINE('',#3426,#1695);
#1424=LINE('',#3429,#1696);
#1425=LINE('',#3433,#1697);
#1426=LINE('',#3435,#1698);
#1427=LINE('',#3437,#1699);
#1428=LINE('',#3439,#1700);
#1429=LINE('',#3441,#1701);
#1430=LINE('',#3443,#1702);
#1431=LINE('',#3446,#1703);
#1432=LINE('',#3450,#1704);
#1433=LINE('',#3452,#1705);
#1434=LINE('',#3454,#1706);
#1435=LINE('',#3456,#1707);
#1436=LINE('',#3458,#1708);
#1437=LINE('',#3460,#1709);
#1438=LINE('',#3462,#1710);
#1439=LINE('',#3464,#1711);
#1440=LINE('',#3466,#1712);
#1441=LINE('',#3468,#1713);
#1442=LINE('',#3470,#1714);
#1443=LINE('',#3472,#1715);
#1444=LINE('',#3474,#1716);
#1445=LINE('',#3476,#1717);
#1446=LINE('',#3478,#1718);
#1447=LINE('',#3480,#1719);
#1448=LINE('',#3482,#1720);
#1449=LINE('',#3484,#1721);
#1450=LINE('',#3486,#1722);
#1451=LINE('',#3489,#1723);
#1452=LINE('',#3491,#1724);
#1453=LINE('',#3493,#1725);
#1454=LINE('',#3495,#1726);
#1455=LINE('',#3497,#1727);
#1456=LINE('',#3499,#1728);
#1457=LINE('',#3501,#1729);
#1458=LINE('',#3503,#1730);
#1459=LINE('',#3505,#1731);
#1460=LINE('',#3507,#1732);
#1461=LINE('',#3509,#1733);
#1462=LINE('',#3512,#1734);
#1463=LINE('',#3516,#1735);
#1464=LINE('',#3518,#1736);
#1465=LINE('',#3520,#1737);
#1466=LINE('',#3522,#1738);
#1467=LINE('',#3524,#1739);
#1468=LINE('',#3526,#1740);
#1469=LINE('',#3528,#1741);
#1470=LINE('',#3530,#1742);
#1471=LINE('',#3532,#1743);
#1472=LINE('',#3535,#1744);
#1473=LINE('',#3537,#1745);
#1474=LINE('',#3539,#1746);
#1475=LINE('',#3541,#1747);
#1476=LINE('',#3543,#1748);
#1477=LINE('',#3545,#1749);
#1478=LINE('',#3547,#1750);
#1479=LINE('',#3549,#1751);
#1480=LINE('',#3551,#1752);
#1481=LINE('',#3553,#1753);
#1482=LINE('',#3555,#1754);
#1483=LINE('',#3558,#1755);
#1484=LINE('',#3562,#1756);
#1485=LINE('',#3564,#1757);
#1486=LINE('',#3566,#1758);
#1487=LINE('',#3568,#1759);
#1488=LINE('',#3570,#1760);
#1489=LINE('',#3572,#1761);
#1490=LINE('',#3575,#1762);
#1491=LINE('',#3578,#1763);
#1492=LINE('',#3582,#1764);
#1493=LINE('',#3586,#1765);
#1494=LINE('',#3590,#1766);
#1495=LINE('',#3592,#1767);
#1496=LINE('',#3594,#1768);
#1497=LINE('',#3596,#1769);
#1498=LINE('',#3598,#1770);
#1499=LINE('',#3600,#1771);
#1500=LINE('',#3604,#1772);
#1501=LINE('',#3606,#1773);
#1502=LINE('',#3608,#1774);
#1503=LINE('',#3610,#1775);
#1504=LINE('',#3612,#1776);
#1505=LINE('',#3614,#1777);
#1506=LINE('',#3616,#1778);
#1507=LINE('',#3618,#1779);
#1508=LINE('',#3620,#1780);
#1509=LINE('',#3622,#1781);
#1510=LINE('',#3624,#1782);
#1511=LINE('',#3626,#1783);
#1512=LINE('',#3628,#1784);
#1513=LINE('',#3630,#1785);
#1514=LINE('',#3632,#1786);
#1515=LINE('',#3634,#1787);
#1516=LINE('',#3636,#1788);
#1517=LINE('',#3638,#1789);
#1518=LINE('',#3642,#1790);
#1519=LINE('',#3644,#1791);
#1520=LINE('',#3646,#1792);
#1521=LINE('',#3650,#1793);
#1522=LINE('',#3658,#1794);
#1523=LINE('',#3660,#1795);
#1524=LINE('',#3662,#1796);
#1525=LINE('',#3664,#1797);
#1526=LINE('',#3666,#1798);
#1527=LINE('',#3668,#1799);
#1528=LINE('',#3670,#1800);
#1529=LINE('',#3672,#1801);
#1530=LINE('',#3674,#1802);
#1531=LINE('',#3676,#1803);
#1532=LINE('',#3678,#1804);
#1533=LINE('',#3680,#1805);
#1534=LINE('',#3682,#1806);
#1535=LINE('',#3684,#1807);
#1536=LINE('',#3686,#1808);
#1537=LINE('',#3690,#1809);
#1538=LINE('',#3698,#1810);
#1539=LINE('',#3707,#1811);
#1540=LINE('',#3709,#1812);
#1541=LINE('',#3712,#1813);
#1542=LINE('',#3714,#1814);
#1543=LINE('',#3716,#1815);
#1544=LINE('',#3718,#1816);
#1545=LINE('',#3720,#1817);
#1546=LINE('',#3722,#1818);
#1547=LINE('',#3724,#1819);
#1548=LINE('',#3725,#1820);
#1549=LINE('',#3727,#1821);
#1550=LINE('',#3729,#1822);
#1551=LINE('',#3731,#1823);
#1552=LINE('',#3733,#1824);
#1553=LINE('',#3735,#1825);
#1554=LINE('',#3737,#1826);
#1555=LINE('',#3739,#1827);
#1556=LINE('',#3741,#1828);
#1557=LINE('',#3743,#1829);
#1558=LINE('',#3745,#1830);
#1559=LINE('',#3747,#1831);
#1560=LINE('',#3748,#1832);
#1561=LINE('',#3750,#1833);
#1562=LINE('',#3752,#1834);
#1563=LINE('',#3754,#1835);
#1564=LINE('',#3759,#1836);
#1565=LINE('',#3763,#1837);
#1566=LINE('',#3765,#1838);
#1567=LINE('',#3767,#1839);
#1568=LINE('',#3769,#1840);
#1569=LINE('',#3771,#1841);
#1570=LINE('',#3773,#1842);
#1571=LINE('',#3777,#1843);
#1572=LINE('',#3779,#1844);
#1573=LINE('',#3783,#1845);
#1574=LINE('',#3785,#1846);
#1575=LINE('',#3786,#1847);
#1576=LINE('',#3788,#1848);
#1577=LINE('',#3801,#1849);
#1578=LINE('',#3803,#1850);
#1579=LINE('',#3804,#1851);
#1580=LINE('',#3808,#1852);
#1581=LINE('',#3810,#1853);
#1582=LINE('',#3812,#1854);
#1583=LINE('',#3814,#1855);
#1584=LINE('',#3820,#1856);
#1585=LINE('',#3822,#1857);
#1586=LINE('',#3824,#1858);
#1587=LINE('',#3826,#1859);
#1588=LINE('',#3827,#1860);
#1589=LINE('',#3836,#1861);
#1590=LINE('',#3838,#1862);
#1591=LINE('',#3839,#1863);
#1592=LINE('',#3843,#1864);
#1593=LINE('',#3845,#1865);
#1594=LINE('',#3847,#1866);
#1595=LINE('',#3849,#1867);
#1596=LINE('',#3855,#1868);
#1597=LINE('',#3856,#1869);
#1598=LINE('',#3858,#1870);
#1599=LINE('',#3860,#1871);
#1600=LINE('',#3861,#1872);
#1601=LINE('',#3865,#1873);
#1602=LINE('',#3868,#1874);
#1603=LINE('',#3876,#1875);
#1604=LINE('',#3880,#1876);
#1605=LINE('',#3881,#1877);
#1606=LINE('',#3883,#1878);
#1607=LINE('',#3885,#1879);
#1608=LINE('',#3887,#1880);
#1609=LINE('',#3889,#1881);
#1610=LINE('',#3893,#1882);
#1611=LINE('',#3895,#1883);
#1612=LINE('',#3899,#1884);
#1613=LINE('',#3901,#1885);
#1614=LINE('',#3902,#1886);
#1615=LINE('',#3904,#1887);
#1616=LINE('',#3913,#1888);
#1617=LINE('',#3917,#1889);
#1618=LINE('',#3918,#1890);
#1619=LINE('',#3920,#1891);
#1620=LINE('',#3922,#1892);
#1621=LINE('',#3924,#1893);
#1622=LINE('',#3926,#1894);
#1623=LINE('',#3930,#1895);
#1624=LINE('',#3932,#1896);
#1625=LINE('',#3936,#1897);
#1626=LINE('',#3938,#1898);
#1627=LINE('',#3939,#1899);
#1628=LINE('',#3941,#1900);
#1629=LINE('',#3950,#1901);
#1630=LINE('',#3954,#1902);
#1631=LINE('',#3955,#1903);
#1632=LINE('',#3957,#1904);
#1633=LINE('',#3959,#1905);
#1634=LINE('',#3961,#1906);
#1635=LINE('',#3963,#1907);
#1636=LINE('',#3967,#1908);
#1637=LINE('',#3968,#1909);
#1638=LINE('',#3972,#1910);
#1639=LINE('',#3974,#1911);
#1640=LINE('',#3975,#1912);
#1641=LINE('',#3977,#1913);
#1642=VECTOR('',#2619,1.);
#1643=VECTOR('',#2620,1.);
#1644=VECTOR('',#2621,1.);
#1645=VECTOR('',#2622,1.);
#1646=VECTOR('',#2625,1.);
#1647=VECTOR('',#2626,1.);
#1648=VECTOR('',#2627,1.);
#1649=VECTOR('',#2630,1.);
#1650=VECTOR('',#2631,1.);
#1651=VECTOR('',#2632,1.);
#1652=VECTOR('',#2635,1.);
#1653=VECTOR('',#2636,1.);
#1654=VECTOR('',#2641,1.);
#1655=VECTOR('',#2642,1.);
#1656=VECTOR('',#2645,1.);
#1657=VECTOR('',#2646,1.);
#1658=VECTOR('',#2649,1.);
#1659=VECTOR('',#2650,1.);
#1660=VECTOR('',#2651,1.);
#1661=VECTOR('',#2654,1.);
#1662=VECTOR('',#2655,1.);
#1663=VECTOR('',#2660,1.);
#1664=VECTOR('',#2663,1.);
#1665=VECTOR('',#2664,1.);
#1666=VECTOR('',#2667,1.);
#1667=VECTOR('',#2670,1.);
#1668=VECTOR('',#2671,1.);
#1669=VECTOR('',#2672,1.);
#1670=VECTOR('',#2673,1.);
#1671=VECTOR('',#2674,1.);
#1672=VECTOR('',#2675,1.);
#1673=VECTOR('',#2676,1.);
#1674=VECTOR('',#2677,1.);
#1675=VECTOR('',#2678,1.);
#1676=VECTOR('',#2681,1.);
#1677=VECTOR('',#2682,1.);
#1678=VECTOR('',#2683,1.);
#1679=VECTOR('',#2684,1.);
#1680=VECTOR('',#2687,1.);
#1681=VECTOR('',#2688,1.);
#1682=VECTOR('',#2689,1.);
#1683=VECTOR('',#2692,1.);
#1684=VECTOR('',#2693,1.);
#1685=VECTOR('',#2694,1.);
#1686=VECTOR('',#2697,1.);
#1687=VECTOR('',#2698,1.);
#1688=VECTOR('',#2699,1.);
#1689=VECTOR('',#2718,1.);
#1690=VECTOR('',#2719,1.);
#1691=VECTOR('',#2724,1.);
#1692=VECTOR('',#2725,1.);
#1693=VECTOR('',#2728,1.);
#1694=VECTOR('',#2729,1.);
#1695=VECTOR('',#2732,1.);
#1696=VECTOR('',#2737,1.);
#1697=VECTOR('',#2740,1.);
#1698=VECTOR('',#2743,1.);
#1699=VECTOR('',#2744,1.);
#1700=VECTOR('',#2747,1.);
#1701=VECTOR('',#2748,1.);
#1702=VECTOR('',#2751,1.);
#1703=VECTOR('',#2756,1.);
#1704=VECTOR('',#2759,1.);
#1705=VECTOR('',#2762,1.);
#1706=VECTOR('',#2763,1.);
#1707=VECTOR('',#2766,1.);
#1708=VECTOR('',#2767,1.);
#1709=VECTOR('',#2770,1.);
#1710=VECTOR('',#2771,1.);
#1711=VECTOR('',#2774,1.);
#1712=VECTOR('',#2775,1.);
#1713=VECTOR('',#2778,1.);
#1714=VECTOR('',#2779,1.);
#1715=VECTOR('',#2782,1.);
#1716=VECTOR('',#2783,1.);
#1717=VECTOR('',#2786,1.);
#1718=VECTOR('',#2787,1.);
#1719=VECTOR('',#2790,1.);
#1720=VECTOR('',#2791,1.);
#1721=VECTOR('',#2794,1.);
#1722=VECTOR('',#2797,1.);
#1723=VECTOR('',#2798,1.);
#1724=VECTOR('',#2799,1.);
#1725=VECTOR('',#2800,1.);
#1726=VECTOR('',#2803,1.);
#1727=VECTOR('',#2804,1.);
#1728=VECTOR('',#2805,1.);
#1729=VECTOR('',#2808,1.);
#1730=VECTOR('',#2809,1.);
#1731=VECTOR('',#2812,1.);
#1732=VECTOR('',#2813,1.);
#1733=VECTOR('',#2816,1.);
#1734=VECTOR('',#2821,1.);
#1735=VECTOR('',#2824,1.);
#1736=VECTOR('',#2827,1.);
#1737=VECTOR('',#2828,1.);
#1738=VECTOR('',#2831,1.);
#1739=VECTOR('',#2832,1.);
#1740=VECTOR('',#2835,1.);
#1741=VECTOR('',#2836,1.);
#1742=VECTOR('',#2839,1.);
#1743=VECTOR('',#2842,1.);
#1744=VECTOR('',#2843,1.);
#1745=VECTOR('',#2844,1.);
#1746=VECTOR('',#2845,1.);
#1747=VECTOR('',#2848,1.);
#1748=VECTOR('',#2849,1.);
#1749=VECTOR('',#2850,1.);
#1750=VECTOR('',#2853,1.);
#1751=VECTOR('',#2854,1.);
#1752=VECTOR('',#2857,1.);
#1753=VECTOR('',#2858,1.);
#1754=VECTOR('',#2861,1.);
#1755=VECTOR('',#2866,1.);
#1756=VECTOR('',#2869,1.);
#1757=VECTOR('',#2872,1.);
#1758=VECTOR('',#2873,1.);
#1759=VECTOR('',#2876,1.);
#1760=VECTOR('',#2877,1.);
#1761=VECTOR('',#2880,1.);
#1762=VECTOR('',#2885,1.);
#1763=VECTOR('',#2886,1.);
#1764=VECTOR('',#2889,1.);
#1765=VECTOR('',#2892,1.);
#1766=VECTOR('',#2895,1.);
#1767=VECTOR('',#2898,1.);
#1768=VECTOR('',#2899,1.);
#1769=VECTOR('',#2900,1.);
#1770=VECTOR('',#2901,1.);
#1771=VECTOR('',#2902,1.);
#1772=VECTOR('',#2907,1.);
#1773=VECTOR('',#2908,1.);
#1774=VECTOR('',#2911,1.);
#1775=VECTOR('',#2914,1.);
#1776=VECTOR('',#2915,1.);
#1777=VECTOR('',#2916,1.);
#1778=VECTOR('',#2917,1.);
#1779=VECTOR('',#2918,1.);
#1780=VECTOR('',#2919,1.);
#1781=VECTOR('',#2920,1.);
#1782=VECTOR('',#2921,1.);
#1783=VECTOR('',#2922,1.);
#1784=VECTOR('',#2923,1.);
#1785=VECTOR('',#2924,1.);
#1786=VECTOR('',#2925,1.);
#1787=VECTOR('',#2926,1.);
#1788=VECTOR('',#2927,1.);
#1789=VECTOR('',#2928,1.);
#1790=VECTOR('',#2933,1.);
#1791=VECTOR('',#2936,1.);
#1792=VECTOR('',#2937,1.);
#1793=VECTOR('',#2942,1.);
#1794=VECTOR('',#2953,1.);
#1795=VECTOR('',#2956,1.);
#1796=VECTOR('',#2957,1.);
#1797=VECTOR('',#2958,1.);
#1798=VECTOR('',#2959,1.);
#1799=VECTOR('',#2960,1.);
#1800=VECTOR('',#2961,1.);
#1801=VECTOR('',#2962,1.);
#1802=VECTOR('',#2963,1.);
#1803=VECTOR('',#2964,1.);
#1804=VECTOR('',#2965,1.);
#1805=VECTOR('',#2966,1.);
#1806=VECTOR('',#2967,1.);
#1807=VECTOR('',#2968,1.);
#1808=VECTOR('',#2969,1.);
#1809=VECTOR('',#2974,1.);
#1810=VECTOR('',#2987,1.);
#1811=VECTOR('',#3000,1.);
#1812=VECTOR('',#3003,1.);
#1813=VECTOR('',#3004,1.);
#1814=VECTOR('',#3005,1.);
#1815=VECTOR('',#3006,1.);
#1816=VECTOR('',#3007,1.);
#1817=VECTOR('',#3008,1.);
#1818=VECTOR('',#3009,1.);
#1819=VECTOR('',#3010,1.);
#1820=VECTOR('',#3011,1.);
#1821=VECTOR('',#3012,1.);
#1822=VECTOR('',#3013,1.);
#1823=VECTOR('',#3014,1.);
#1824=VECTOR('',#3015,1.);
#1825=VECTOR('',#3016,1.);
#1826=VECTOR('',#3017,1.);
#1827=VECTOR('',#3018,1.);
#1828=VECTOR('',#3019,1.);
#1829=VECTOR('',#3020,1.);
#1830=VECTOR('',#3021,1.);
#1831=VECTOR('',#3022,1.);
#1832=VECTOR('',#3023,1.);
#1833=VECTOR('',#3024,1.);
#1834=VECTOR('',#3025,1.);
#1835=VECTOR('',#3026,1.);
#1836=VECTOR('',#3031,1.);
#1837=VECTOR('',#3034,1.);
#1838=VECTOR('',#3037,1.);
#1839=VECTOR('',#3038,1.);
#1840=VECTOR('',#3041,1.);
#1841=VECTOR('',#3042,1.);
#1842=VECTOR('',#3043,1.);
#1843=VECTOR('',#3048,1.);
#1844=VECTOR('',#3051,1.);
#1845=VECTOR('',#3054,1.);
#1846=VECTOR('',#3057,1.);
#1847=VECTOR('',#3058,1.);
#1848=VECTOR('',#3061,1.);
#1849=VECTOR('',#3082,1.);
#1850=VECTOR('',#3083,1.);
#1851=VECTOR('',#3084,1.);
#1852=VECTOR('',#3087,1.);
#1853=VECTOR('',#3090,1.);
#1854=VECTOR('',#3091,1.);
#1855=VECTOR('',#3092,1.);
#1856=VECTOR('',#3099,1.);
#1857=VECTOR('',#3102,1.);
#1858=VECTOR('',#3103,1.);
#1859=VECTOR('',#3106,1.);
#1860=VECTOR('',#3107,1.);
#1861=VECTOR('',#3120,1.);
#1862=VECTOR('',#3121,1.);
#1863=VECTOR('',#3122,1.);
#1864=VECTOR('',#3125,1.);
#1865=VECTOR('',#3128,1.);
#1866=VECTOR('',#3129,1.);
#1867=VECTOR('',#3130,1.);
#1868=VECTOR('',#3137,1.);
#1869=VECTOR('',#3138,1.);
#1870=VECTOR('',#3139,1.);
#1871=VECTOR('',#3142,1.);
#1872=VECTOR('',#3143,1.);
#1873=VECTOR('',#3150,1.);
#1874=VECTOR('',#3155,1.);
#1875=VECTOR('',#3166,1.);
#1876=VECTOR('',#3169,1.);
#1877=VECTOR('',#3170,1.);
#1878=VECTOR('',#3171,1.);
#1879=VECTOR('',#3174,1.);
#1880=VECTOR('',#3175,1.);
#1881=VECTOR('',#3176,1.);
#1882=VECTOR('',#3181,1.);
#1883=VECTOR('',#3184,1.);
#1884=VECTOR('',#3187,1.);
#1885=VECTOR('',#3190,1.);
#1886=VECTOR('',#3191,1.);
#1887=VECTOR('',#3194,1.);
#1888=VECTOR('',#3207,1.);
#1889=VECTOR('',#3210,1.);
#1890=VECTOR('',#3211,1.);
#1891=VECTOR('',#3212,1.);
#1892=VECTOR('',#3215,1.);
#1893=VECTOR('',#3216,1.);
#1894=VECTOR('',#3217,1.);
#1895=VECTOR('',#3222,1.);
#1896=VECTOR('',#3225,1.);
#1897=VECTOR('',#3228,1.);
#1898=VECTOR('',#3231,1.);
#1899=VECTOR('',#3232,1.);
#1900=VECTOR('',#3235,1.);
#1901=VECTOR('',#3248,1.);
#1902=VECTOR('',#3251,1.);
#1903=VECTOR('',#3252,1.);
#1904=VECTOR('',#3253,1.);
#1905=VECTOR('',#3256,1.);
#1906=VECTOR('',#3257,1.);
#1907=VECTOR('',#3258,1.);
#1908=VECTOR('',#3263,1.);
#1909=VECTOR('',#3264,1.);
#1910=VECTOR('',#3267,1.);
#1911=VECTOR('',#3270,1.);
#1912=VECTOR('',#3271,1.);
#1913=VECTOR('',#3274,1.);
#1914=EDGE_LOOP('',(#120,#121,#122,#123));
#1915=EDGE_LOOP('',(#124,#125,#126,#127));
#1916=EDGE_LOOP('',(#128,#129,#130,#131));
#1917=EDGE_LOOP('',(#132,#133,#134,#135));
#1918=EDGE_LOOP('',(#136,#137,#138,#139));
#1919=EDGE_LOOP('',(#140,#141,#142,#143));
#1920=EDGE_LOOP('',(#144,#145,#146,#147,#148));
#1921=EDGE_LOOP('',(#149,#150,#151,#152));
#1922=EDGE_LOOP('',(#153,#154,#155,#156));
#1923=EDGE_LOOP('',(#157,#158,#159,#160));
#1924=EDGE_LOOP('',(#161,#162,#163,#164));
#1925=EDGE_LOOP('',(#165,#166,#167,#168));
#1926=EDGE_LOOP('',(#169,#170,#171,#172,#173,#174,#175,#176,#177,#178,#179,
#180,#181,#182,#183,#184,#185,#186,#187,#188,#189,#190,#191,#192,#193,#194,
#195,#196,#197,#198,#199,#200));
#1927=EDGE_LOOP('',(#201));
#1928=EDGE_LOOP('',(#202,#203,#204,#205,#206,#207,#208,#209,#210,#211,#212,
#213));
#1929=EDGE_LOOP('',(#214,#215,#216,#217));
#1930=EDGE_LOOP('',(#218,#219,#220,#221));
#1931=EDGE_LOOP('',(#222,#223,#224,#225));
#1932=EDGE_LOOP('',(#226,#227,#228,#229));
#1933=EDGE_LOOP('',(#230,#231,#232,#233));
#1934=EDGE_LOOP('',(#234,#235,#236,#237));
#1935=EDGE_LOOP('',(#238,#239,#240,#241));
#1936=EDGE_LOOP('',(#242,#243,#244,#245));
#1937=EDGE_LOOP('',(#246,#247,#248,#249));
#1938=EDGE_LOOP('',(#250,#251,#252,#253));
#1939=EDGE_LOOP('',(#254,#255,#256,#257));
#1940=EDGE_LOOP('',(#258,#259,#260,#261));
#1941=EDGE_LOOP('',(#262,#263,#264,#265));
#1942=EDGE_LOOP('',(#266,#267,#268,#269));
#1943=EDGE_LOOP('',(#270,#271,#272,#273));
#1944=EDGE_LOOP('',(#274,#275,#276,#277));
#1945=EDGE_LOOP('',(#278,#279,#280,#281));
#1946=EDGE_LOOP('',(#282,#283,#284,#285));
#1947=EDGE_LOOP('',(#286,#287,#288,#289));
#1948=EDGE_LOOP('',(#290,#291,#292,#293));
#1949=EDGE_LOOP('',(#294,#295,#296,#297));
#1950=EDGE_LOOP('',(#298,#299,#300,#301,#302,#303,#304,#305,#306,#307));
#1951=EDGE_LOOP('',(#308,#309,#310,#311));
#1952=EDGE_LOOP('',(#312,#313,#314,#315));
#1953=EDGE_LOOP('',(#316,#317,#318,#319));
#1954=EDGE_LOOP('',(#320,#321,#322,#323));
#1955=EDGE_LOOP('',(#324,#325,#326,#327));
#1956=EDGE_LOOP('',(#328,#329,#330,#331));
#1957=EDGE_LOOP('',(#332,#333,#334,#335));
#1958=EDGE_LOOP('',(#336,#337,#338,#339));
#1959=EDGE_LOOP('',(#340,#341,#342,#343));
#1960=EDGE_LOOP('',(#344,#345,#346,#347));
#1961=EDGE_LOOP('',(#348,#349,#350,#351));
#1962=EDGE_LOOP('',(#352,#353,#354,#355,#356));
#1963=EDGE_LOOP('',(#357,#358,#359,#360));
#1964=EDGE_LOOP('',(#361,#362,#363,#364));
#1965=EDGE_LOOP('',(#365,#366,#367,#368));
#1966=EDGE_LOOP('',(#369,#370,#371,#372));
#1967=EDGE_LOOP('',(#373,#374,#375,#376));
#1968=EDGE_LOOP('',(#377,#378,#379,#380));
#1969=EDGE_LOOP('',(#381,#382,#383,#384));
#1970=EDGE_LOOP('',(#385,#386,#387,#388));
#1971=EDGE_LOOP('',(#389,#390,#391,#392));
#1972=EDGE_LOOP('',(#393,#394,#395,#396));
#1973=EDGE_LOOP('',(#397));
#1974=EDGE_LOOP('',(#398,#399,#400,#401,#402,#403,#404,#405));
#1975=EDGE_LOOP('',(#406,#407,#408,#409,#410,#411));
#1976=EDGE_LOOP('',(#412,#413,#414,#415));
#1977=EDGE_LOOP('',(#416,#417,#418,#419));
#1978=EDGE_LOOP('',(#420,#421,#422,#423,#424,#425,#426,#427,#428,#429,#430,
#431,#432,#433,#434,#435,#436,#437));
#1979=EDGE_LOOP('',(#438,#439,#440,#441));
#1980=EDGE_LOOP('',(#442,#443,#444,#445));
#1981=EDGE_LOOP('',(#446,#447,#448,#449));
#1982=EDGE_LOOP('',(#450,#451,#452));
#1983=EDGE_LOOP('',(#453,#454,#455,#456));
#1984=EDGE_LOOP('',(#457,#458,#459,#460,#461,#462,#463,#464,#465,#466,#467,
#468,#469,#470,#471,#472));
#1985=EDGE_LOOP('',(#473,#474,#475,#476));
#1986=EDGE_LOOP('',(#477,#478,#479));
#1987=EDGE_LOOP('',(#480,#481,#482,#483));
#1988=EDGE_LOOP('',(#484,#485,#486,#487));
#1989=EDGE_LOOP('',(#488,#489,#490));
#1990=EDGE_LOOP('',(#491,#492,#493,#494));
#1991=EDGE_LOOP('',(#495,#496,#497,#498,#499,#500,#501,#502,#503,#504,#505,
#506,#507,#508,#509,#510,#511,#512,#513,#514,#515,#516,#517,#518,#519,#520,
#521,#522));
#1992=EDGE_LOOP('',(#523,#524,#525,#526,#527,#528,#529,#530,#531));
#1993=EDGE_LOOP('',(#532,#533,#534,#535));
#1994=EDGE_LOOP('',(#536,#537,#538,#539,#540,#541,#542,#543,#544));
#1995=EDGE_LOOP('',(#545,#546,#547,#548));
#1996=EDGE_LOOP('',(#549,#550,#551,#552));
#1997=EDGE_LOOP('',(#553,#554,#555,#556));
#1998=EDGE_LOOP('',(#557,#558,#559,#560));
#1999=EDGE_LOOP('',(#561,#562,#563,#564));
#2000=EDGE_LOOP('',(#565,#566,#567));
#2001=EDGE_LOOP('',(#568,#569,#570,#571));
#2002=EDGE_LOOP('',(#572,#573,#574,#575));
#2003=EDGE_LOOP('',(#576,#577,#578,#579,#580,#581,#582,#583,#584));
#2004=EDGE_LOOP('',(#585,#586,#587,#588));
#2005=EDGE_LOOP('',(#589,#590,#591,#592,#593,#594,#595,#596,#597));
#2006=EDGE_LOOP('',(#598,#599,#600,#601));
#2007=EDGE_LOOP('',(#602,#603,#604,#605));
#2008=EDGE_LOOP('',(#606,#607,#608,#609));
#2009=EDGE_LOOP('',(#610,#611,#612,#613));
#2010=EDGE_LOOP('',(#614,#615,#616,#617,#618,#619,#620,#621,#622));
#2011=EDGE_LOOP('',(#623,#624,#625,#626));
#2012=EDGE_LOOP('',(#627,#628,#629,#630,#631,#632,#633,#634,#635));
#2013=EDGE_LOOP('',(#636,#637,#638,#639));
#2014=EDGE_LOOP('',(#640,#641,#642,#643));
#2015=EDGE_LOOP('',(#644,#645,#646,#647));
#2016=EDGE_LOOP('',(#648,#649,#650,#651));
#2017=EDGE_LOOP('',(#652,#653,#654,#655));
#2018=EDGE_LOOP('',(#656,#657,#658,#659));
#2019=EDGE_LOOP('',(#660,#661,#662,#663));
#2020=EDGE_LOOP('',(#664,#665,#666,#667));
#2021=EDGE_LOOP('',(#668,#669,#670,#671,#672,#673,#674,#675,#676));
#2022=EDGE_LOOP('',(#677,#678,#679,#680));
#2023=EDGE_LOOP('',(#681,#682,#683,#684,#685,#686,#687,#688,#689));
#2024=EDGE_LOOP('',(#690,#691,#692,#693));
#2025=EDGE_LOOP('',(#694,#695,#696,#697));
#2026=EDGE_LOOP('',(#698,#699,#700,#701));
#2027=EDGE_LOOP('',(#702,#703,#704,#705));
#2028=EDGE_LOOP('',(#706,#707,#708,#709));
#2029=EDGE_LOOP('',(#710,#711,#712,#713,#714,#715,#716,#717,#718));
#2030=EDGE_LOOP('',(#719,#720,#721,#722));
#2031=EDGE_LOOP('',(#723,#724,#725,#726,#727,#728,#729,#730,#731));
#2032=EDGE_LOOP('',(#732,#733,#734,#735));
#2033=EDGE_LOOP('',(#736,#737,#738,#739));
#2034=EDGE_LOOP('',(#740,#741,#742,#743));
#2035=EDGE_LOOP('',(#744,#745,#746,#747));
#2036=EDGE_LOOP('',(#748,#749,#750,#751));
#2037=EDGE_LOOP('',(#752,#753,#754,#755,#756,#757,#758,#759,#760));
#2038=EDGE_LOOP('',(#761,#762,#763,#764));
#2039=EDGE_LOOP('',(#765,#766,#767,#768,#769,#770,#771,#772,#773));
#2040=EDGE_LOOP('',(#774,#775,#776,#777));
#2041=EDGE_LOOP('',(#778,#779,#780,#781));
#2042=EDGE_LOOP('',(#782,#783,#784,#785));
#2043=EDGE_LOOP('',(#786,#787,#788,#789));
#2044=EDGE_LOOP('',(#790,#791,#792,#793));
#2045=EDGE_LOOP('',(#794,#795,#796,#797));
#2046=EDGE_LOOP('',(#798,#799,#800,#801));
#2047=EDGE_LOOP('',(#802,#803,#804,#805));
#2048=FACE_BOUND('',#1914,.T.);
#2049=FACE_BOUND('',#1915,.T.);
#2050=FACE_BOUND('',#1916,.T.);
#2051=FACE_BOUND('',#1917,.T.);
#2052=FACE_BOUND('',#1918,.T.);
#2053=FACE_BOUND('',#1919,.T.);
#2054=FACE_BOUND('',#1920,.T.);
#2055=FACE_BOUND('',#1921,.T.);
#2056=FACE_BOUND('',#1922,.T.);
#2057=FACE_BOUND('',#1923,.T.);
#2058=FACE_BOUND('',#1924,.T.);
#2059=FACE_BOUND('',#1925,.T.);
#2060=FACE_BOUND('',#1926,.T.);
#2061=FACE_BOUND('',#1927,.T.);
#2062=FACE_BOUND('',#1928,.T.);
#2063=FACE_BOUND('',#1929,.T.);
#2064=FACE_BOUND('',#1930,.T.);
#2065=FACE_BOUND('',#1931,.T.);
#2066=FACE_BOUND('',#1932,.T.);
#2067=FACE_BOUND('',#1933,.T.);
#2068=FACE_BOUND('',#1934,.T.);
#2069=FACE_BOUND('',#1935,.T.);
#2070=FACE_BOUND('',#1936,.T.);
#2071=FACE_BOUND('',#1937,.T.);
#2072=FACE_BOUND('',#1938,.T.);
#2073=FACE_BOUND('',#1939,.T.);
#2074=FACE_BOUND('',#1940,.T.);
#2075=FACE_BOUND('',#1941,.T.);
#2076=FACE_BOUND('',#1942,.T.);
#2077=FACE_BOUND('',#1943,.T.);
#2078=FACE_BOUND('',#1944,.T.);
#2079=FACE_BOUND('',#1945,.T.);
#2080=FACE_BOUND('',#1946,.T.);
#2081=FACE_BOUND('',#1947,.T.);
#2082=FACE_BOUND('',#1948,.T.);
#2083=FACE_BOUND('',#1949,.T.);
#2084=FACE_BOUND('',#1950,.T.);
#2085=FACE_BOUND('',#1951,.T.);
#2086=FACE_BOUND('',#1952,.T.);
#2087=FACE_BOUND('',#1953,.T.);
#2088=FACE_BOUND('',#1954,.T.);
#2089=FACE_BOUND('',#1955,.T.);
#2090=FACE_BOUND('',#1956,.T.);
#2091=FACE_BOUND('',#1957,.T.);
#2092=FACE_BOUND('',#1958,.T.);
#2093=FACE_BOUND('',#1959,.T.);
#2094=FACE_BOUND('',#1960,.T.);
#2095=FACE_BOUND('',#1961,.T.);
#2096=FACE_BOUND('',#1962,.T.);
#2097=FACE_BOUND('',#1963,.T.);
#2098=FACE_BOUND('',#1964,.T.);
#2099=FACE_BOUND('',#1965,.T.);
#2100=FACE_BOUND('',#1966,.T.);
#2101=FACE_BOUND('',#1967,.T.);
#2102=FACE_BOUND('',#1968,.T.);
#2103=FACE_BOUND('',#1969,.T.);
#2104=FACE_BOUND('',#1970,.T.);
#2105=FACE_BOUND('',#1971,.T.);
#2106=FACE_BOUND('',#1972,.T.);
#2107=FACE_BOUND('',#1973,.T.);
#2108=FACE_BOUND('',#1974,.T.);
#2109=FACE_BOUND('',#1975,.T.);
#2110=FACE_BOUND('',#1976,.T.);
#2111=FACE_BOUND('',#1977,.T.);
#2112=FACE_BOUND('',#1978,.T.);
#2113=FACE_BOUND('',#1979,.T.);
#2114=FACE_BOUND('',#1980,.T.);
#2115=FACE_BOUND('',#1981,.T.);
#2116=FACE_BOUND('',#1982,.T.);
#2117=FACE_BOUND('',#1983,.T.);
#2118=FACE_BOUND('',#1984,.T.);
#2119=FACE_BOUND('',#1985,.T.);
#2120=FACE_BOUND('',#1986,.T.);
#2121=FACE_BOUND('',#1987,.T.);
#2122=FACE_BOUND('',#1988,.T.);
#2123=FACE_BOUND('',#1989,.T.);
#2124=FACE_BOUND('',#1990,.T.);
#2125=FACE_BOUND('',#1991,.T.);
#2126=FACE_BOUND('',#1992,.T.);
#2127=FACE_BOUND('',#1993,.T.);
#2128=FACE_BOUND('',#1994,.T.);
#2129=FACE_BOUND('',#1995,.T.);
#2130=FACE_BOUND('',#1996,.T.);
#2131=FACE_BOUND('',#1997,.T.);
#2132=FACE_BOUND('',#1998,.T.);
#2133=FACE_BOUND('',#1999,.T.);
#2134=FACE_BOUND('',#2000,.T.);
#2135=FACE_BOUND('',#2001,.T.);
#2136=FACE_BOUND('',#2002,.T.);
#2137=FACE_BOUND('',#2003,.T.);
#2138=FACE_BOUND('',#2004,.T.);
#2139=FACE_BOUND('',#2005,.T.);
#2140=FACE_BOUND('',#2006,.T.);
#2141=FACE_BOUND('',#2007,.T.);
#2142=FACE_BOUND('',#2008,.T.);
#2143=FACE_BOUND('',#2009,.T.);
#2144=FACE_BOUND('',#2010,.T.);
#2145=FACE_BOUND('',#2011,.T.);
#2146=FACE_BOUND('',#2012,.T.);
#2147=FACE_BOUND('',#2013,.T.);
#2148=FACE_BOUND('',#2014,.T.);
#2149=FACE_BOUND('',#2015,.T.);
#2150=FACE_BOUND('',#2016,.T.);
#2151=FACE_BOUND('',#2017,.T.);
#2152=FACE_BOUND('',#2018,.T.);
#2153=FACE_BOUND('',#2019,.T.);
#2154=FACE_BOUND('',#2020,.T.);
#2155=FACE_BOUND('',#2021,.T.);
#2156=FACE_BOUND('',#2022,.T.);
#2157=FACE_BOUND('',#2023,.T.);
#2158=FACE_BOUND('',#2024,.T.);
#2159=FACE_BOUND('',#2025,.T.);
#2160=FACE_BOUND('',#2026,.T.);
#2161=FACE_BOUND('',#2027,.T.);
#2162=FACE_BOUND('',#2028,.T.);
#2163=FACE_BOUND('',#2029,.T.);
#2164=FACE_BOUND('',#2030,.T.);
#2165=FACE_BOUND('',#2031,.T.);
#2166=FACE_BOUND('',#2032,.T.);
#2167=FACE_BOUND('',#2033,.T.);
#2168=FACE_BOUND('',#2034,.T.);
#2169=FACE_BOUND('',#2035,.T.);
#2170=FACE_BOUND('',#2036,.T.);
#2171=FACE_BOUND('',#2037,.T.);
#2172=FACE_BOUND('',#2038,.T.);
#2173=FACE_BOUND('',#2039,.T.);
#2174=FACE_BOUND('',#2040,.T.);
#2175=FACE_BOUND('',#2041,.T.);
#2176=FACE_BOUND('',#2042,.T.);
#2177=FACE_BOUND('',#2043,.T.);
#2178=FACE_BOUND('',#2044,.T.);
#2179=FACE_BOUND('',#2045,.T.);
#2180=FACE_BOUND('',#2046,.T.);
#2181=FACE_BOUND('',#2047,.T.);
#2182=PLANE('',#2416);
#2183=PLANE('',#2417);
#2184=PLANE('',#2418);
#2185=PLANE('',#2419);
#2186=PLANE('',#2420);
#2187=PLANE('',#2421);
#2188=PLANE('',#2423);
#2189=PLANE('',#2424);
#2190=PLANE('',#2427);
#2191=PLANE('',#2428);
#2192=PLANE('',#2429);
#2193=PLANE('',#2444);
#2194=PLANE('',#2445);
#2195=PLANE('',#2446);
#2196=PLANE('',#2447);
#2197=PLANE('',#2450);
#2198=PLANE('',#2451);
#2199=PLANE('',#2452);
#2200=PLANE('',#2453);
#2201=PLANE('',#2456);
#2202=PLANE('',#2457);
#2203=PLANE('',#2458);
#2204=PLANE('',#2459);
#2205=PLANE('',#2460);
#2206=PLANE('',#2461);
#2207=PLANE('',#2462);
#2208=PLANE('',#2463);
#2209=PLANE('',#2464);
#2210=PLANE('',#2465);
#2211=PLANE('',#2466);
#2212=PLANE('',#2467);
#2213=PLANE('',#2468);
#2214=PLANE('',#2469);
#2215=PLANE('',#2470);
#2216=PLANE('',#2473);
#2217=PLANE('',#2474);
#2218=PLANE('',#2475);
#2219=PLANE('',#2476);
#2220=PLANE('',#2477);
#2221=PLANE('',#2478);
#2222=PLANE('',#2479);
#2223=PLANE('',#2480);
#2224=PLANE('',#2481);
#2225=PLANE('',#2482);
#2226=PLANE('',#2485);
#2227=PLANE('',#2486);
#2228=PLANE('',#2487);
#2229=PLANE('',#2488);
#2230=PLANE('',#2489);
#2231=PLANE('',#2493);
#2232=PLANE('',#2494);
#2233=PLANE('',#2496);
#2234=PLANE('',#2497);
#2235=PLANE('',#2500);
#2236=PLANE('',#2508);
#2237=PLANE('',#2523);
#2238=PLANE('',#2524);
#2239=PLANE('',#2528);
#2240=PLANE('',#2529);
#2241=PLANE('',#2533);
#2242=PLANE('',#2535);
#2243=PLANE('',#2540);
#2244=PLANE('',#2543);
#2245=PLANE('',#2546);
#2246=PLANE('',#2547);
#2247=PLANE('',#2551);
#2248=PLANE('',#2552);
#2249=PLANE('',#2556);
#2250=PLANE('',#2559);
#2251=PLANE('',#2560);
#2252=PLANE('',#2563);
#2253=PLANE('',#2564);
#2254=PLANE('',#2566);
#2255=PLANE('',#2568);
#2256=PLANE('',#2572);
#2257=PLANE('',#2575);
#2258=PLANE('',#2576);
#2259=PLANE('',#2580);
#2260=PLANE('',#2582);
#2261=PLANE('',#2586);
#2262=PLANE('',#2589);
#2263=PLANE('',#2590);
#2264=PLANE('',#2594);
#2265=PLANE('',#2596);
#2266=PLANE('',#2600);
#2267=PLANE('',#2603);
#2268=PLANE('',#2604);
#2269=PLANE('',#2607);
#2270=PLANE('',#2609);
#2271=PLANE('',#2611);
#2272=PLANE('',#2612);
#2273=PLANE('',#2613);
#2274=ADVANCED_FACE('',(#2048),#2182,.T.);
#2275=ADVANCED_FACE('',(#2049),#2183,.T.);
#2276=ADVANCED_FACE('',(#2050),#2184,.T.);
#2277=ADVANCED_FACE('',(#2051),#2185,.T.);
#2278=ADVANCED_FACE('',(#2052),#2186,.T.);
#2279=ADVANCED_FACE('',(#2053,#2054),#2187,.T.);
#2280=ADVANCED_FACE('',(#2055),#2188,.T.);
#2281=ADVANCED_FACE('',(#2056),#2189,.T.);
#2282=ADVANCED_FACE('',(#2057),#18,.T.);
#2283=ADVANCED_FACE('',(#2058),#2190,.T.);
#2284=ADVANCED_FACE('',(#2059),#2191,.T.);
#2285=ADVANCED_FACE('',(#2060),#2192,.F.);
#2286=ADVANCED_FACE('',(#2061,#2062),#17,.F.);
#2287=ADVANCED_FACE('',(#2063),#19,.T.);
#2288=ADVANCED_FACE('',(#2064),#2193,.T.);
#2289=ADVANCED_FACE('',(#2065),#2194,.T.);
#2290=ADVANCED_FACE('',(#2066),#2195,.T.);
#2291=ADVANCED_FACE('',(#2067),#2196,.T.);
#2292=ADVANCED_FACE('',(#2068),#20,.T.);
#2293=ADVANCED_FACE('',(#2069),#2197,.T.);
#2294=ADVANCED_FACE('',(#2070),#2198,.T.);
#2295=ADVANCED_FACE('',(#2071),#2199,.T.);
#2296=ADVANCED_FACE('',(#2072),#2200,.T.);
#2297=ADVANCED_FACE('',(#2073),#21,.T.);
#2298=ADVANCED_FACE('',(#2074),#2201,.T.);
#2299=ADVANCED_FACE('',(#2075),#2202,.T.);
#2300=ADVANCED_FACE('',(#2076),#2203,.T.);
#2301=ADVANCED_FACE('',(#2077),#2204,.T.);
#2302=ADVANCED_FACE('',(#2078),#2205,.T.);
#2303=ADVANCED_FACE('',(#2079),#2206,.T.);
#2304=ADVANCED_FACE('',(#2080),#2207,.T.);
#2305=ADVANCED_FACE('',(#2081),#2208,.T.);
#2306=ADVANCED_FACE('',(#2082),#2209,.T.);
#2307=ADVANCED_FACE('',(#2083,#2084),#2210,.T.);
#2308=ADVANCED_FACE('',(#2085),#2211,.T.);
#2309=ADVANCED_FACE('',(#2086),#2212,.T.);
#2310=ADVANCED_FACE('',(#2087),#2213,.T.);
#2311=ADVANCED_FACE('',(#2088),#2214,.T.);
#2312=ADVANCED_FACE('',(#2089),#2215,.T.);
#2313=ADVANCED_FACE('',(#2090),#22,.T.);
#2314=ADVANCED_FACE('',(#2091),#2216,.T.);
#2315=ADVANCED_FACE('',(#2092),#2217,.T.);
#2316=ADVANCED_FACE('',(#2093),#2218,.T.);
#2317=ADVANCED_FACE('',(#2094),#2219,.T.);
#2318=ADVANCED_FACE('',(#2095,#2096),#2220,.T.);
#2319=ADVANCED_FACE('',(#2097),#2221,.T.);
#2320=ADVANCED_FACE('',(#2098),#2222,.T.);
#2321=ADVANCED_FACE('',(#2099),#2223,.T.);
#2322=ADVANCED_FACE('',(#2100),#2224,.T.);
#2323=ADVANCED_FACE('',(#2101),#2225,.T.);
#2324=ADVANCED_FACE('',(#2102),#23,.T.);
#2325=ADVANCED_FACE('',(#2103),#2226,.T.);
#2326=ADVANCED_FACE('',(#2104),#2227,.T.);
#2327=ADVANCED_FACE('',(#2105),#2228,.T.);
#2328=ADVANCED_FACE('',(#2106),#2229,.T.);
#2329=ADVANCED_FACE('',(#2107,#2108),#2230,.T.);
#2330=ADVANCED_FACE('',(#2109),#2231,.T.);
#2331=ADVANCED_FACE('',(#2110),#2232,.F.);
#2332=ADVANCED_FACE('',(#2111),#2233,.F.);
#2333=ADVANCED_FACE('',(#2112),#2234,.T.);
#2334=ADVANCED_FACE('',(#2113),#24,.T.);
#2335=ADVANCED_FACE('',(#2114),#2235,.T.);
#2336=ADVANCED_FACE('',(#2115),#25,.T.);
#2337=ADVANCED_FACE('',(#2116),#12,.T.);
#2338=ADVANCED_FACE('',(#2117),#26,.T.);
#2339=ADVANCED_FACE('',(#2118),#2236,.T.);
#2340=ADVANCED_FACE('',(#2119),#27,.T.);
#2341=ADVANCED_FACE('',(#2120),#13,.T.);
#2342=ADVANCED_FACE('',(#2121),#28,.T.);
#2343=ADVANCED_FACE('',(#2122),#29,.T.);
#2344=ADVANCED_FACE('',(#2123),#14,.T.);
#2345=ADVANCED_FACE('',(#2124),#30,.T.);
#2346=ADVANCED_FACE('',(#2125),#2237,.F.);
#2347=ADVANCED_FACE('',(#2126),#2238,.T.);
#2348=ADVANCED_FACE('',(#2127),#2239,.F.);
#2349=ADVANCED_FACE('',(#2128),#2240,.T.);
#2350=ADVANCED_FACE('',(#2129),#2241,.T.);
#2351=ADVANCED_FACE('',(#2130),#31,.T.);
#2352=ADVANCED_FACE('',(#2131),#2242,.T.);
#2353=ADVANCED_FACE('',(#2132),#32,.T.);
#2354=ADVANCED_FACE('',(#2133),#33,.T.);
#2355=ADVANCED_FACE('',(#2134),#15,.T.);
#2356=ADVANCED_FACE('',(#2135),#2243,.T.);
#2357=ADVANCED_FACE('',(#2136),#34,.T.);
#2358=ADVANCED_FACE('',(#2137),#2244,.T.);
#2359=ADVANCED_FACE('',(#2138),#2245,.T.);
#2360=ADVANCED_FACE('',(#2139),#2246,.T.);
#2361=ADVANCED_FACE('',(#2140),#2247,.F.);
#2362=ADVANCED_FACE('',(#2141),#2248,.T.);
#2363=ADVANCED_FACE('',(#2142),#35,.T.);
#2364=ADVANCED_FACE('',(#2143),#36,.T.);
#2365=ADVANCED_FACE('',(#2144),#2249,.T.);
#2366=ADVANCED_FACE('',(#2145),#2250,.T.);
#2367=ADVANCED_FACE('',(#2146),#2251,.T.);
#2368=ADVANCED_FACE('',(#2147),#2252,.F.);
#2369=ADVANCED_FACE('',(#2148),#2253,.T.);
#2370=ADVANCED_FACE('',(#2149),#37,.T.);
#2371=ADVANCED_FACE('',(#2150),#2254,.T.);
#2372=ADVANCED_FACE('',(#2151),#38,.T.);
#2373=ADVANCED_FACE('',(#2152),#2255,.T.);
#2374=ADVANCED_FACE('',(#2153),#39,.T.);
#2375=ADVANCED_FACE('',(#2154),#40,.T.);
#2376=ADVANCED_FACE('',(#2155),#2256,.T.);
#2377=ADVANCED_FACE('',(#2156),#2257,.F.);
#2378=ADVANCED_FACE('',(#2157),#2258,.T.);
#2379=ADVANCED_FACE('',(#2158),#2259,.T.);
#2380=ADVANCED_FACE('',(#2159),#41,.T.);
#2381=ADVANCED_FACE('',(#2160),#2260,.T.);
#2382=ADVANCED_FACE('',(#2161),#42,.T.);
#2383=ADVANCED_FACE('',(#2162),#43,.T.);
#2384=ADVANCED_FACE('',(#2163),#2261,.T.);
#2385=ADVANCED_FACE('',(#2164),#2262,.F.);
#2386=ADVANCED_FACE('',(#2165),#2263,.T.);
#2387=ADVANCED_FACE('',(#2166),#2264,.T.);
#2388=ADVANCED_FACE('',(#2167),#44,.T.);
#2389=ADVANCED_FACE('',(#2168),#2265,.T.);
#2390=ADVANCED_FACE('',(#2169),#45,.T.);
#2391=ADVANCED_FACE('',(#2170),#46,.T.);
#2392=ADVANCED_FACE('',(#2171),#2266,.T.);
#2393=ADVANCED_FACE('',(#2172),#2267,.F.);
#2394=ADVANCED_FACE('',(#2173),#2268,.T.);
#2395=ADVANCED_FACE('',(#2174),#2269,.T.);
#2396=ADVANCED_FACE('',(#2175),#47,.T.);
#2397=ADVANCED_FACE('',(#2176),#2270,.T.);
#2398=ADVANCED_FACE('',(#2177),#48,.T.);
#2399=ADVANCED_FACE('',(#2178),#2271,.T.);
#2400=ADVANCED_FACE('',(#2179),#2272,.T.);
#2401=ADVANCED_FACE('',(#2180),#2273,.T.);
#2402=ADVANCED_FACE('',(#2181),#49,.T.);
#2403=CLOSED_SHELL('',(#2274,#2275,#2276,#2277,#2278,#2279,#2280,#2281,
#2282,#2283,#2284,#2285,#2286,#2287,#2288,#2289,#2290,#2291,#2292,#2293,
#2294,#2295,#2296,#2297,#2298,#2299,#2300,#2301,#2302,#2303,#2304,#2305,
#2306,#2307,#2308,#2309,#2310,#2311,#2312,#2313,#2314,#2315,#2316,#2317,
#2318,#2319,#2320,#2321,#2322,#2323,#2324,#2325,#2326,#2327,#2328,#2329,
#2330,#2331,#2332,#2333,#2334,#2335,#2336,#2337,#2338,#2339,#2340,#2341,
#2342,#2343,#2344,#2345,#2346,#2347,#2348,#2349,#2350,#2351,#2352,#2353,
#2354,#2355,#2356,#2357,#2358,#2359,#2360,#2361,#2362,#2363,#2364,#2365,
#2366,#2367,#2368,#2369,#2370,#2371,#2372,#2373,#2374,#2375,#2376,#2377,
#2378,#2379,#2380,#2381,#2382,#2383,#2384,#2385,#2386,#2387,#2388,#2389,
#2390,#2391,#2392,#2393,#2394,#2395,#2396,#2397,#2398,#2399,#2400,#2401,
#2402));
#2404=STYLED_ITEM('',(#2405),#2412);
#2405=PRESENTATION_STYLE_ASSIGNMENT((#2406));
#2406=SURFACE_STYLE_USAGE(.BOTH.,#2407);
#2407=SURFACE_SIDE_STYLE('',(#2408));
#2408=SURFACE_STYLE_FILL_AREA(#2409);
#2409=FILL_AREA_STYLE('',(#2410));
#2410=FILL_AREA_STYLE_COLOUR('',#2411);
#2411=COLOUR_RGB('',0.717647058823529,0.717647058823529,0.717647058823529);
#2412=MANIFOLD_SOLID_BREP('Part 1',#2403);
#2413=SHAPE_DEFINITION_REPRESENTATION(#3990,#2414);
#2414=SHAPE_REPRESENTATION('Part 1',(#2415),#3985);
#2415=AXIS2_PLACEMENT_3D('',#3287,#2615,#2616);
#2416=AXIS2_PLACEMENT_3D('',#3288,#2617,#2618);
#2417=AXIS2_PLACEMENT_3D('',#3297,#2623,#2624);
#2418=AXIS2_PLACEMENT_3D('',#3303,#2628,#2629);
#2419=AXIS2_PLACEMENT_3D('',#3309,#2633,#2634);
#2420=AXIS2_PLACEMENT_3D('',#3312,#2637,#2638);
#2421=AXIS2_PLACEMENT_3D('',#3313,#2639,#2640);
#2422=AXIS2_PLACEMENT_3D('',#3319,#2643,#2644);
#2423=AXIS2_PLACEMENT_3D('',#3324,#2647,#2648);
#2424=AXIS2_PLACEMENT_3D('',#3330,#2652,#2653);
#2425=AXIS2_PLACEMENT_3D('',#3334,#2656,#2657);
#2426=AXIS2_PLACEMENT_3D('',#3335,#2658,#2659);
#2427=AXIS2_PLACEMENT_3D('',#3338,#2661,#2662);
#2428=AXIS2_PLACEMENT_3D('',#3342,#2665,#2666);
#2429=AXIS2_PLACEMENT_3D('',#3344,#2668,#2669);
#2430=AXIS2_PLACEMENT_3D('',#3364,#2679,#2680);
#2431=AXIS2_PLACEMENT_3D('',#3374,#2685,#2686);
#2432=AXIS2_PLACEMENT_3D('',#3382,#2690,#2691);
#2433=AXIS2_PLACEMENT_3D('',#3390,#2695,#2696);
#2434=AXIS2_PLACEMENT_3D('',#3398,#2700,#2701);
#2435=AXIS2_PLACEMENT_3D('',#3399,#2702,#2703);
#2436=AXIS2_PLACEMENT_3D('',#3400,#2704,#2705);
#2437=AXIS2_PLACEMENT_3D('',#3401,#2706,#2707);
#2438=AXIS2_PLACEMENT_3D('',#3403,#2708,#2709);
#2439=AXIS2_PLACEMENT_3D('',#3404,#2710,#2711);
#2440=AXIS2_PLACEMENT_3D('',#3405,#2712,#2713);
#2441=AXIS2_PLACEMENT_3D('',#3406,#2714,#2715);
#2442=AXIS2_PLACEMENT_3D('',#3411,#2716,#2717);
#2443=AXIS2_PLACEMENT_3D('',#3416,#2720,#2721);
#2444=AXIS2_PLACEMENT_3D('',#3417,#2722,#2723);
#2445=AXIS2_PLACEMENT_3D('',#3421,#2726,#2727);
#2446=AXIS2_PLACEMENT_3D('',#3425,#2730,#2731);
#2447=AXIS2_PLACEMENT_3D('',#3427,#2733,#2734);
#2448=AXIS2_PLACEMENT_3D('',#3428,#2735,#2736);
#2449=AXIS2_PLACEMENT_3D('',#3431,#2738,#2739);
#2450=AXIS2_PLACEMENT_3D('',#3434,#2741,#2742);
#2451=AXIS2_PLACEMENT_3D('',#3438,#2745,#2746);
#2452=AXIS2_PLACEMENT_3D('',#3442,#2749,#2750);
#2453=AXIS2_PLACEMENT_3D('',#3444,#2752,#2753);
#2454=AXIS2_PLACEMENT_3D('',#3445,#2754,#2755);
#2455=AXIS2_PLACEMENT_3D('',#3448,#2757,#2758);
#2456=AXIS2_PLACEMENT_3D('',#3451,#2760,#2761);
#2457=AXIS2_PLACEMENT_3D('',#3455,#2764,#2765);
#2458=AXIS2_PLACEMENT_3D('',#3459,#2768,#2769);
#2459=AXIS2_PLACEMENT_3D('',#3463,#2772,#2773);
#2460=AXIS2_PLACEMENT_3D('',#3467,#2776,#2777);
#2461=AXIS2_PLACEMENT_3D('',#3471,#2780,#2781);
#2462=AXIS2_PLACEMENT_3D('',#3475,#2784,#2785);
#2463=AXIS2_PLACEMENT_3D('',#3479,#2788,#2789);
#2464=AXIS2_PLACEMENT_3D('',#3483,#2792,#2793);
#2465=AXIS2_PLACEMENT_3D('',#3485,#2795,#2796);
#2466=AXIS2_PLACEMENT_3D('',#3494,#2801,#2802);
#2467=AXIS2_PLACEMENT_3D('',#3500,#2806,#2807);
#2468=AXIS2_PLACEMENT_3D('',#3504,#2810,#2811);
#2469=AXIS2_PLACEMENT_3D('',#3508,#2814,#2815);
#2470=AXIS2_PLACEMENT_3D('',#3510,#2817,#2818);
#2471=AXIS2_PLACEMENT_3D('',#3511,#2819,#2820);
#2472=AXIS2_PLACEMENT_3D('',#3514,#2822,#2823);
#2473=AXIS2_PLACEMENT_3D('',#3517,#2825,#2826);
#2474=AXIS2_PLACEMENT_3D('',#3521,#2829,#2830);
#2475=AXIS2_PLACEMENT_3D('',#3525,#2833,#2834);
#2476=AXIS2_PLACEMENT_3D('',#3529,#2837,#2838);
#2477=AXIS2_PLACEMENT_3D('',#3531,#2840,#2841);
#2478=AXIS2_PLACEMENT_3D('',#3540,#2846,#2847);
#2479=AXIS2_PLACEMENT_3D('',#3546,#2851,#2852);
#2480=AXIS2_PLACEMENT_3D('',#3550,#2855,#2856);
#2481=AXIS2_PLACEMENT_3D('',#3554,#2859,#2860);
#2482=AXIS2_PLACEMENT_3D('',#3556,#2862,#2863);
#2483=AXIS2_PLACEMENT_3D('',#3557,#2864,#2865);
#2484=AXIS2_PLACEMENT_3D('',#3560,#2867,#2868);
#2485=AXIS2_PLACEMENT_3D('',#3563,#2870,#2871);
#2486=AXIS2_PLACEMENT_3D('',#3567,#2874,#2875);
#2487=AXIS2_PLACEMENT_3D('',#3571,#2878,#2879);
#2488=AXIS2_PLACEMENT_3D('',#3573,#2881,#2882);
#2489=AXIS2_PLACEMENT_3D('',#3574,#2883,#2884);
#2490=AXIS2_PLACEMENT_3D('',#3580,#2887,#2888);
#2491=AXIS2_PLACEMENT_3D('',#3584,#2890,#2891);
#2492=AXIS2_PLACEMENT_3D('',#3588,#2893,#2894);
#2493=AXIS2_PLACEMENT_3D('',#3591,#2896,#2897);
#2494=AXIS2_PLACEMENT_3D('',#3601,#2903,#2904);
#2495=AXIS2_PLACEMENT_3D('',#3602,#2905,#2906);
#2496=AXIS2_PLACEMENT_3D('',#3607,#2909,#2910);
#2497=AXIS2_PLACEMENT_3D('',#3609,#2912,#2913);
#2498=AXIS2_PLACEMENT_3D('',#3639,#2929,#2930);
#2499=AXIS2_PLACEMENT_3D('',#3640,#2931,#2932);
#2500=AXIS2_PLACEMENT_3D('',#3643,#2934,#2935);
#2501=AXIS2_PLACEMENT_3D('',#3647,#2938,#2939);
#2502=AXIS2_PLACEMENT_3D('',#3648,#2940,#2941);
#2503=AXIS2_PLACEMENT_3D('',#3652,#2943,#2944);
#2504=AXIS2_PLACEMENT_3D('',#3653,#2945,#2946);
#2505=AXIS2_PLACEMENT_3D('',#3654,#2947,#2948);
#2506=AXIS2_PLACEMENT_3D('',#3656,#2949,#2950);
#2507=AXIS2_PLACEMENT_3D('',#3657,#2951,#2952);
#2508=AXIS2_PLACEMENT_3D('',#3659,#2954,#2955);
#2509=AXIS2_PLACEMENT_3D('',#3687,#2970,#2971);
#2510=AXIS2_PLACEMENT_3D('',#3688,#2972,#2973);
#2511=AXIS2_PLACEMENT_3D('',#3692,#2975,#2976);
#2512=AXIS2_PLACEMENT_3D('',#3693,#2977,#2978);
#2513=AXIS2_PLACEMENT_3D('',#3694,#2979,#2980);
#2514=AXIS2_PLACEMENT_3D('',#3695,#2981,#2982);
#2515=AXIS2_PLACEMENT_3D('',#3696,#2983,#2984);
#2516=AXIS2_PLACEMENT_3D('',#3697,#2985,#2986);
#2517=AXIS2_PLACEMENT_3D('',#3700,#2988,#2989);
#2518=AXIS2_PLACEMENT_3D('',#3701,#2990,#2991);
#2519=AXIS2_PLACEMENT_3D('',#3702,#2992,#2993);
#2520=AXIS2_PLACEMENT_3D('',#3703,#2994,#2995);
#2521=AXIS2_PLACEMENT_3D('',#3704,#2996,#2997);
#2522=AXIS2_PLACEMENT_3D('',#3705,#2998,#2999);
#2523=AXIS2_PLACEMENT_3D('',#3708,#3001,#3002);
#2524=AXIS2_PLACEMENT_3D('',#3755,#3027,#3028);
#2525=AXIS2_PLACEMENT_3D('',#3756,#3029,#3030);
#2526=AXIS2_PLACEMENT_3D('',#3761,#3032,#3033);
#2527=AXIS2_PLACEMENT_3D('',#3764,#3035,#3036);
#2528=AXIS2_PLACEMENT_3D('',#3768,#3039,#3040);
#2529=AXIS2_PLACEMENT_3D('',#3774,#3044,#3045);
#2530=AXIS2_PLACEMENT_3D('',#3775,#3046,#3047);
#2531=AXIS2_PLACEMENT_3D('',#3778,#3049,#3050);
#2532=AXIS2_PLACEMENT_3D('',#3781,#3052,#3053);
#2533=AXIS2_PLACEMENT_3D('',#3784,#3055,#3056);
#2534=AXIS2_PLACEMENT_3D('',#3787,#3059,#3060);
#2535=AXIS2_PLACEMENT_3D('',#3789,#3062,#3063);
#2536=AXIS2_PLACEMENT_3D('',#3790,#3064,#3065);
#2537=AXIS2_PLACEMENT_3D('',#3791,#3066,#3067);
#2538=AXIS2_PLACEMENT_3D('',#3792,#3068,#3069);
#2539=AXIS2_PLACEMENT_3D('',#3793,#3070,#3071);
#2540=AXIS2_PLACEMENT_3D('',#3794,#3072,#3073);
#2541=AXIS2_PLACEMENT_3D('',#3795,#3074,#3075);
#2542=AXIS2_PLACEMENT_3D('',#3796,#3076,#3077);
#2543=AXIS2_PLACEMENT_3D('',#3797,#3078,#3079);
#2544=AXIS2_PLACEMENT_3D('',#3798,#3080,#3081);
#2545=AXIS2_PLACEMENT_3D('',#3806,#3085,#3086);
#2546=AXIS2_PLACEMENT_3D('',#3809,#3088,#3089);
#2547=AXIS2_PLACEMENT_3D('',#3815,#3093,#3094);
#2548=AXIS2_PLACEMENT_3D('',#3816,#3095,#3096);
#2549=AXIS2_PLACEMENT_3D('',#3818,#3097,#3098);
#2550=AXIS2_PLACEMENT_3D('',#3821,#3100,#3101);
#2551=AXIS2_PLACEMENT_3D('',#3825,#3104,#3105);
#2552=AXIS2_PLACEMENT_3D('',#3828,#3108,#3109);
#2553=AXIS2_PLACEMENT_3D('',#3829,#3110,#3111);
#2554=AXIS2_PLACEMENT_3D('',#3830,#3112,#3113);
#2555=AXIS2_PLACEMENT_3D('',#3831,#3114,#3115);
#2556=AXIS2_PLACEMENT_3D('',#3832,#3116,#3117);
#2557=AXIS2_PLACEMENT_3D('',#3833,#3118,#3119);
#2558=AXIS2_PLACEMENT_3D('',#3841,#3123,#3124);
#2559=AXIS2_PLACEMENT_3D('',#3844,#3126,#3127);
#2560=AXIS2_PLACEMENT_3D('',#3850,#3131,#3132);
#2561=AXIS2_PLACEMENT_3D('',#3851,#3133,#3134);
#2562=AXIS2_PLACEMENT_3D('',#3853,#3135,#3136);
#2563=AXIS2_PLACEMENT_3D('',#3859,#3140,#3141);
#2564=AXIS2_PLACEMENT_3D('',#3862,#3144,#3145);
#2565=AXIS2_PLACEMENT_3D('',#3863,#3146,#3147);
#2566=AXIS2_PLACEMENT_3D('',#3864,#3148,#3149);
#2567=AXIS2_PLACEMENT_3D('',#3866,#3151,#3152);
#2568=AXIS2_PLACEMENT_3D('',#3867,#3153,#3154);
#2569=AXIS2_PLACEMENT_3D('',#3869,#3156,#3157);
#2570=AXIS2_PLACEMENT_3D('',#3870,#3158,#3159);
#2571=AXIS2_PLACEMENT_3D('',#3871,#3160,#3161);
#2572=AXIS2_PLACEMENT_3D('',#3872,#3162,#3163);
#2573=AXIS2_PLACEMENT_3D('',#3873,#3164,#3165);
#2574=AXIS2_PLACEMENT_3D('',#3878,#3167,#3168);
#2575=AXIS2_PLACEMENT_3D('',#3884,#3172,#3173);
#2576=AXIS2_PLACEMENT_3D('',#3890,#3177,#3178);
#2577=AXIS2_PLACEMENT_3D('',#3891,#3179,#3180);
#2578=AXIS2_PLACEMENT_3D('',#3894,#3182,#3183);
#2579=AXIS2_PLACEMENT_3D('',#3897,#3185,#3186);
#2580=AXIS2_PLACEMENT_3D('',#3900,#3188,#3189);
#2581=AXIS2_PLACEMENT_3D('',#3903,#3192,#3193);
#2582=AXIS2_PLACEMENT_3D('',#3905,#3195,#3196);
#2583=AXIS2_PLACEMENT_3D('',#3906,#3197,#3198);
#2584=AXIS2_PLACEMENT_3D('',#3907,#3199,#3200);
#2585=AXIS2_PLACEMENT_3D('',#3908,#3201,#3202);
#2586=AXIS2_PLACEMENT_3D('',#3909,#3203,#3204);
#2587=AXIS2_PLACEMENT_3D('',#3910,#3205,#3206);
#2588=AXIS2_PLACEMENT_3D('',#3915,#3208,#3209);
#2589=AXIS2_PLACEMENT_3D('',#3921,#3213,#3214);
#2590=AXIS2_PLACEMENT_3D('',#3927,#3218,#3219);
#2591=AXIS2_PLACEMENT_3D('',#3928,#3220,#3221);
#2592=AXIS2_PLACEMENT_3D('',#3931,#3223,#3224);
#2593=AXIS2_PLACEMENT_3D('',#3934,#3226,#3227);
#2594=AXIS2_PLACEMENT_3D('',#3937,#3229,#3230);
#2595=AXIS2_PLACEMENT_3D('',#3940,#3233,#3234);
#2596=AXIS2_PLACEMENT_3D('',#3942,#3236,#3237);
#2597=AXIS2_PLACEMENT_3D('',#3943,#3238,#3239);
#2598=AXIS2_PLACEMENT_3D('',#3944,#3240,#3241);
#2599=AXIS2_PLACEMENT_3D('',#3945,#3242,#3243);
#2600=AXIS2_PLACEMENT_3D('',#3946,#3244,#3245);
#2601=AXIS2_PLACEMENT_3D('',#3947,#3246,#3247);
#2602=AXIS2_PLACEMENT_3D('',#3952,#3249,#3250);
#2603=AXIS2_PLACEMENT_3D('',#3958,#3254,#3255);
#2604=AXIS2_PLACEMENT_3D('',#3964,#3259,#3260);
#2605=AXIS2_PLACEMENT_3D('',#3965,#3261,#3262);
#2606=AXIS2_PLACEMENT_3D('',#3970,#3265,#3266);
#2607=AXIS2_PLACEMENT_3D('',#3973,#3268,#3269);
#2608=AXIS2_PLACEMENT_3D('',#3976,#3272,#3273);
#2609=AXIS2_PLACEMENT_3D('',#3978,#3275,#3276);
#2610=AXIS2_PLACEMENT_3D('',#3979,#3277,#3278);
#2611=AXIS2_PLACEMENT_3D('',#3980,#3279,#3280);
#2612=AXIS2_PLACEMENT_3D('',#3981,#3281,#3282);
#2613=AXIS2_PLACEMENT_3D('',#3982,#3283,#3284);
#2614=AXIS2_PLACEMENT_3D('',#3983,#3285,#3286);
#2615=DIRECTION('',(0.,0.,1.));
#2616=DIRECTION('',(1.,0.,0.));
#2617=DIRECTION('',(-1.,0.,-2.77555756156289E-16));
#2618=DIRECTION('',(2.77555756156289E-16,0.,-1.));
#2619=DIRECTION('',(-2.77555756156289E-16,0.,1.));
#2620=DIRECTION('',(0.,-1.,0.));
#2621=DIRECTION('',(2.77555756156289E-16,0.,-1.));
#2622=DIRECTION('',(0.,-1.,0.));
#2623=DIRECTION('',(-2.77555756156289E-16,0.,1.));
#2624=DIRECTION('',(-1.,0.,-2.77555756156289E-16));
#2625=DIRECTION('',(1.,0.,2.77555756156289E-16));
#2626=DIRECTION('',(-1.,0.,-2.77555756156289E-16));
#2627=DIRECTION('',(0.,-1.,0.));
#2628=DIRECTION('',(1.,0.,5.55111512312578E-16));
#2629=DIRECTION('',(-5.55111512312578E-16,0.,1.));
#2630=DIRECTION('',(5.55111512312578E-16,0.,-1.));
#2631=DIRECTION('',(-5.55111512312578E-16,0.,1.));
#2632=DIRECTION('',(0.,-1.,0.));
#2633=DIRECTION('',(5.55111512312578E-16,0.,-1.));
#2634=DIRECTION('',(1.,0.,5.55111512312578E-16));
#2635=DIRECTION('',(-1.,0.,-5.55111512312578E-16));
#2636=DIRECTION('',(1.,0.,5.55111512312578E-16));
#2637=DIRECTION('',(0.,-1.,0.));
#2638=DIRECTION('',(1.,0.,0.));
#2639=DIRECTION('',(0.,-1.,0.));
#2640=DIRECTION('',(1.,0.,0.));
#2641=DIRECTION('',(-0.720164294176892,0.,-0.693803566863632));
#2642=DIRECTION('',(0.,0.,-1.));
#2643=DIRECTION('',(0.,-1.,0.));
#2644=DIRECTION('',(-0.111323233146401,0.,-0.993784251113808));
#2645=DIRECTION('',(-0.693803566863632,0.,0.720164294176892));
#2646=DIRECTION('',(-1.,0.,0.));
#2647=DIRECTION('',(0.,0.,1.));
#2648=DIRECTION('',(-1.,0.,0.));
#2649=DIRECTION('',(1.,0.,0.));
#2650=DIRECTION('',(0.,-1.,0.));
#2651=DIRECTION('',(0.,-1.,0.));
#2652=DIRECTION('',(0.720164294176892,0.,0.693803566863632));
#2653=DIRECTION('',(-0.693803566863632,0.,0.720164294176892));
#2654=DIRECTION('',(0.693803566863632,0.,-0.720164294176892));
#2655=DIRECTION('',(0.,-1.,0.));
#2656=DIRECTION('',(0.,-1.,0.));
#2657=DIRECTION('',(-0.421506026659656,0.,0.906825600371753));
#2658=DIRECTION('',(0.,1.,0.));
#2659=DIRECTION('',(1.,0.,0.));
#2660=DIRECTION('',(0.,-1.,0.));
#2661=DIRECTION('',(-1.,0.,0.));
#2662=DIRECTION('',(0.,0.,-1.));
#2663=DIRECTION('',(0.,0.,1.));
#2664=DIRECTION('',(0.,-1.,0.));
#2665=DIRECTION('',(-0.693803566863632,0.,0.720164294176892));
#2666=DIRECTION('',(-0.720164294176892,0.,-0.693803566863632));
#2667=DIRECTION('',(0.720164294176892,0.,0.693803566863632));
#2668=DIRECTION('',(0.,1.,0.));
#2669=DIRECTION('',(-1.,0.,0.));
#2670=DIRECTION('',(-0.693803566863632,0.,0.720164294176892));
#2671=DIRECTION('',(-1.,0.,0.));
#2672=DIRECTION('',(-0.720164294176892,0.,-0.693803566863632));
#2673=DIRECTION('',(-0.713419382809278,0.,0.700737314713601));
#2674=DIRECTION('',(0.,0.,1.));
#2675=DIRECTION('',(0.713419382809278,0.,0.700737314713601));
#2676=DIRECTION('',(0.720164294176892,0.,-0.693803566863632));
#2677=DIRECTION('',(1.,0.,0.));
#2678=DIRECTION('',(0.693803566863632,0.,0.720164294176892));
#2679=DIRECTION('',(0.,1.,0.));
#2680=DIRECTION('',(1.,0.,0.));
#2681=DIRECTION('',(-0.693803566863632,0.,-0.720164294176892));
#2682=DIRECTION('',(-1.,0.,0.));
#2683=DIRECTION('',(-0.720164294176892,0.,0.693803566863632));
#2684=DIRECTION('',(0.,0.,1.));
#2685=DIRECTION('',(0.,1.,0.));
#2686=DIRECTION('',(1.,0.,0.));
#2687=DIRECTION('',(1.04172868519781E-16,0.,-1.));
#2688=DIRECTION('',(-0.713419382809278,0.,-0.700737314713601));
#2689=DIRECTION('',(-0.963566007326309,0.,0.267470651708249));
#2690=DIRECTION('',(0.,1.,0.));
#2691=DIRECTION('',(1.,0.,0.));
#2692=DIRECTION('',(0.963566007326309,0.,-0.26747065170825));
#2693=DIRECTION('',(-3.5610726572685E-16,0.,-1.));
#2694=DIRECTION('',(-0.963566007326309,0.,-0.26747065170825));
#2695=DIRECTION('',(0.,1.,0.));
#2696=DIRECTION('',(1.,0.,0.));
#2697=DIRECTION('',(0.963566007326309,0.,0.267470651708249));
#2698=DIRECTION('',(0.713419382809278,0.,-0.700737314713601));
#2699=DIRECTION('',(-1.04172868519781E-16,0.,-1.));
#2700=DIRECTION('',(0.,1.,0.));
#2701=DIRECTION('',(1.,0.,0.));
#2702=DIRECTION('',(0.,1.,0.));
#2703=DIRECTION('',(1.,0.,0.));
#2704=DIRECTION('',(0.,-1.,0.));
#2705=DIRECTION('',(-1.,0.,0.));
#2706=DIRECTION('',(0.,1.,0.));
#2707=DIRECTION('',(-1.,0.,0.));
#2708=DIRECTION('',(0.,1.,0.));
#2709=DIRECTION('',(1.,0.,0.));
#2710=DIRECTION('',(0.,1.,0.));
#2711=DIRECTION('',(1.,0.,0.));
#2712=DIRECTION('',(0.,1.,0.));
#2713=DIRECTION('',(1.,0.,0.));
#2714=DIRECTION('',(0.,1.,0.));
#2715=DIRECTION('',(1.,0.,0.));
#2716=DIRECTION('',(0.,-1.,0.));
#2717=DIRECTION('',(1.,0.,2.22044604925031E-16));
#2718=DIRECTION('',(0.,-1.,0.));
#2719=DIRECTION('',(0.,-1.,0.));
#2720=DIRECTION('',(0.,-1.,0.));
#2721=DIRECTION('',(-0.955890039290665,0.,0.293724756847104));
#2722=DIRECTION('',(0.26747065170825,0.,0.963566007326309));
#2723=DIRECTION('',(-0.963566007326309,0.,0.26747065170825));
#2724=DIRECTION('',(-0.963566007326309,0.,0.26747065170825));
#2725=DIRECTION('',(0.,-1.,0.));
#2726=DIRECTION('',(1.,0.,-3.5610726572685E-16));
#2727=DIRECTION('',(3.5610726572685E-16,0.,1.));
#2728=DIRECTION('',(3.5610726572685E-16,0.,1.));
#2729=DIRECTION('',(0.,-1.,0.));
#2730=DIRECTION('',(0.26747065170825,0.,-0.963566007326309));
#2731=DIRECTION('',(0.963566007326309,0.,0.26747065170825));
#2732=DIRECTION('',(0.963566007326309,0.,0.26747065170825));
#2733=DIRECTION('',(0.,-1.,0.));
#2734=DIRECTION('',(1.,0.,0.));
#2735=DIRECTION('',(0.,-1.,0.));
#2736=DIRECTION('',(0.638629477122945,0.,0.769514386447501));
#2737=DIRECTION('',(0.,-1.,0.));
#2738=DIRECTION('',(0.,-1.,0.));
#2739=DIRECTION('',(-0.927968488764748,0.,-0.372658669374094));
#2740=DIRECTION('',(0.,-1.,0.));
#2741=DIRECTION('',(-0.267470651708249,0.,0.963566007326309));
#2742=DIRECTION('',(-0.963566007326309,0.,-0.267470651708249));
#2743=DIRECTION('',(-0.963566007326309,0.,-0.267470651708249));
#2744=DIRECTION('',(0.,-1.,0.));
#2745=DIRECTION('',(0.700737314713601,0.,0.713419382809278));
#2746=DIRECTION('',(-0.713419382809278,0.,0.700737314713601));
#2747=DIRECTION('',(-0.713419382809278,0.,0.700737314713601));
#2748=DIRECTION('',(0.,-1.,0.));
#2749=DIRECTION('',(1.,0.,-1.04172868519781E-16));
#2750=DIRECTION('',(1.04172868519781E-16,0.,1.));
#2751=DIRECTION('',(1.04172868519781E-16,0.,1.));
#2752=DIRECTION('',(0.,-1.,0.));
#2753=DIRECTION('',(1.,0.,0.));
#2754=DIRECTION('',(0.,-1.,0.));
#2755=DIRECTION('',(-1.,0.,5.55111512312578E-17));
#2756=DIRECTION('',(0.,-1.,0.));
#2757=DIRECTION('',(0.,-1.,0.));
#2758=DIRECTION('',(0.889936018471488,0.,-0.456085390061023));
#2759=DIRECTION('',(0.,-1.,0.));
#2760=DIRECTION('',(-0.720164294176892,0.,-0.693803566863632));
#2761=DIRECTION('',(0.693803566863632,0.,-0.720164294176892));
#2762=DIRECTION('',(0.693803566863632,0.,-0.720164294176892));
#2763=DIRECTION('',(0.,-1.,0.));
#2764=DIRECTION('',(0.,0.,-1.));
#2765=DIRECTION('',(1.,0.,0.));
#2766=DIRECTION('',(1.,0.,0.));
#2767=DIRECTION('',(0.,-1.,0.));
#2768=DIRECTION('',(0.693803566863632,0.,-0.720164294176892));
#2769=DIRECTION('',(0.720164294176892,0.,0.693803566863632));
#2770=DIRECTION('',(0.720164294176892,0.,0.693803566863632));
#2771=DIRECTION('',(0.,-1.,0.));
#2772=DIRECTION('',(-0.700737314713601,0.,-0.713419382809278));
#2773=DIRECTION('',(0.713419382809278,0.,-0.700737314713601));
#2774=DIRECTION('',(0.713419382809278,0.,-0.700737314713601));
#2775=DIRECTION('',(0.,-1.,0.));
#2776=DIRECTION('',(-1.,0.,0.));
#2777=DIRECTION('',(0.,0.,-1.));
#2778=DIRECTION('',(0.,0.,-1.));
#2779=DIRECTION('',(0.,-1.,0.));
#2780=DIRECTION('',(-0.700737314713601,0.,0.713419382809278));
#2781=DIRECTION('',(-0.713419382809278,0.,-0.700737314713601));
#2782=DIRECTION('',(-0.713419382809278,0.,-0.700737314713601));
#2783=DIRECTION('',(0.,-1.,0.));
#2784=DIRECTION('',(0.693803566863632,0.,0.720164294176892));
#2785=DIRECTION('',(-0.720164294176892,0.,0.693803566863632));
#2786=DIRECTION('',(-0.720164294176892,0.,0.693803566863632));
#2787=DIRECTION('',(0.,-1.,0.));
#2788=DIRECTION('',(0.,0.,1.));
#2789=DIRECTION('',(-1.,0.,0.));
#2790=DIRECTION('',(-1.,0.,0.));
#2791=DIRECTION('',(0.,-1.,0.));
#2792=DIRECTION('',(-0.720164294176892,0.,0.693803566863632));
#2793=DIRECTION('',(-0.693803566863632,0.,-0.720164294176892));
#2794=DIRECTION('',(-0.693803566863632,0.,-0.720164294176892));
#2795=DIRECTION('',(0.,-1.,0.));
#2796=DIRECTION('',(1.,0.,0.));
#2797=DIRECTION('',(-1.38777878078145E-16,0.,-1.));
#2798=DIRECTION('',(-1.,0.,3.46944695195361E-16));
#2799=DIRECTION('',(0.,0.,1.));
#2800=DIRECTION('',(1.,0.,-2.77555756156289E-16));
#2801=DIRECTION('',(2.77555756156289E-16,0.,1.));
#2802=DIRECTION('',(-1.,0.,2.77555756156289E-16));
#2803=DIRECTION('',(0.,-1.,0.));
#2804=DIRECTION('',(-1.,0.,2.77555756156289E-16));
#2805=DIRECTION('',(0.,-1.,0.));
#2806=DIRECTION('',(1.,0.,-1.38777878078145E-16));
#2807=DIRECTION('',(1.38777878078145E-16,0.,1.));
#2808=DIRECTION('',(1.38777878078145E-16,0.,1.));
#2809=DIRECTION('',(0.,-1.,0.));
#2810=DIRECTION('',(-3.46944695195361E-16,0.,-1.));
#2811=DIRECTION('',(1.,0.,-3.46944695195361E-16));
#2812=DIRECTION('',(1.,0.,-3.46944695195361E-16));
#2813=DIRECTION('',(0.,-1.,0.));
#2814=DIRECTION('',(-1.,0.,0.));
#2815=DIRECTION('',(0.,0.,-1.));
#2816=DIRECTION('',(0.,0.,-1.));
#2817=DIRECTION('',(0.,-1.,0.));
#2818=DIRECTION('',(1.,0.,0.));
#2819=DIRECTION('',(0.,-1.,0.));
#2820=DIRECTION('',(-0.421506026659655,0.,-0.906825600371753));
#2821=DIRECTION('',(0.,-1.,0.));
#2822=DIRECTION('',(0.,-1.,0.));
#2823=DIRECTION('',(1.,0.,0.));
#2824=DIRECTION('',(0.,-1.,0.));
#2825=DIRECTION('',(0.720164294176892,0.,-0.693803566863632));
#2826=DIRECTION('',(0.693803566863632,0.,0.720164294176892));
#2827=DIRECTION('',(0.693803566863632,0.,0.720164294176892));
#2828=DIRECTION('',(0.,-1.,0.));
#2829=DIRECTION('',(0.,0.,-1.));
#2830=DIRECTION('',(1.,0.,0.));
#2831=DIRECTION('',(1.,0.,0.));
#2832=DIRECTION('',(0.,-1.,0.));
#2833=DIRECTION('',(-0.693803566863632,0.,-0.720164294176892));
#2834=DIRECTION('',(0.720164294176892,0.,-0.693803566863632));
#2835=DIRECTION('',(0.720164294176892,0.,-0.693803566863632));
#2836=DIRECTION('',(0.,-1.,0.));
#2837=DIRECTION('',(-1.,0.,0.));
#2838=DIRECTION('',(0.,0.,-1.));
#2839=DIRECTION('',(0.,0.,-1.));
#2840=DIRECTION('',(0.,-1.,0.));
#2841=DIRECTION('',(1.,0.,0.));
#2842=DIRECTION('',(2.77555756156289E-16,0.,-1.));
#2843=DIRECTION('',(-1.,0.,2.77555756156289E-16));
#2844=DIRECTION('',(-2.77555756156289E-16,0.,1.));
#2845=DIRECTION('',(1.,0.,5.55111512312578E-16));
#2846=DIRECTION('',(-5.55111512312578E-16,0.,1.));
#2847=DIRECTION('',(-1.,0.,-5.55111512312578E-16));
#2848=DIRECTION('',(0.,-1.,0.));
#2849=DIRECTION('',(-1.,0.,-5.55111512312578E-16));
#2850=DIRECTION('',(0.,-1.,0.));
#2851=DIRECTION('',(1.,0.,2.77555756156289E-16));
#2852=DIRECTION('',(-2.77555756156289E-16,0.,1.));
#2853=DIRECTION('',(-2.77555756156289E-16,0.,1.));
#2854=DIRECTION('',(0.,-1.,0.));
#2855=DIRECTION('',(-2.77555756156289E-16,0.,-1.));
#2856=DIRECTION('',(1.,0.,-2.77555756156289E-16));
#2857=DIRECTION('',(1.,0.,-2.77555756156289E-16));
#2858=DIRECTION('',(0.,-1.,0.));
#2859=DIRECTION('',(-1.,0.,-2.77555756156289E-16));
#2860=DIRECTION('',(2.77555756156289E-16,0.,-1.));
#2861=DIRECTION('',(2.77555756156289E-16,0.,-1.));
#2862=DIRECTION('',(0.,-1.,0.));
#2863=DIRECTION('',(1.,0.,0.));
#2864=DIRECTION('',(0.,-1.,0.));
#2865=DIRECTION('',(0.638629477122945,0.,-0.769514386447501));
#2866=DIRECTION('',(0.,-1.,0.));
#2867=DIRECTION('',(0.,-1.,0.));
#2868=DIRECTION('',(1.,0.,0.));
#2869=DIRECTION('',(0.,-1.,0.));
#2870=DIRECTION('',(1.,0.,1.04172868519781E-16));
#2871=DIRECTION('',(-1.04172868519781E-16,0.,1.));
#2872=DIRECTION('',(-1.04172868519781E-16,0.,1.));
#2873=DIRECTION('',(0.,-1.,0.));
#2874=DIRECTION('',(0.700737314713601,0.,-0.713419382809278));
#2875=DIRECTION('',(0.713419382809278,0.,0.700737314713601));
#2876=DIRECTION('',(0.713419382809278,0.,0.700737314713601));
#2877=DIRECTION('',(0.,-1.,0.));
#2878=DIRECTION('',(-0.267470651708249,0.,-0.963566007326309));
#2879=DIRECTION('',(0.963566007326309,0.,-0.267470651708249));
#2880=DIRECTION('',(0.963566007326309,0.,-0.267470651708249));
#2881=DIRECTION('',(0.,-1.,0.));
#2882=DIRECTION('',(1.,0.,0.));
#2883=DIRECTION('',(0.,-1.,0.));
#2884=DIRECTION('',(1.,0.,0.));
#2885=DIRECTION('',(-0.707106781186547,0.,-0.707106781186548));
#2886=DIRECTION('',(1.73472347597681E-16,0.,-1.));
#2887=DIRECTION('',(0.,1.,0.));
#2888=DIRECTION('',(-0.707106781186547,0.,-0.707106781186548));
#2889=DIRECTION('',(1.,0.,0.));
#2890=DIRECTION('',(0.,1.,0.));
#2891=DIRECTION('',(0.707106781186548,0.,-0.707106781186548));
#2892=DIRECTION('',(-2.22044604925031E-16,0.,1.));
#2893=DIRECTION('',(0.,1.,0.));
#2894=DIRECTION('',(0.707106781186548,0.,0.707106781186548));
#2895=DIRECTION('',(-1.,0.,2.77555756156289E-17));
#2896=DIRECTION('',(2.77555756156289E-17,0.,1.));
#2897=DIRECTION('',(-1.,0.,2.77555756156289E-17));
#2898=DIRECTION('',(0.,-1.,0.));
#2899=DIRECTION('',(0.,-1.,0.));
#2900=DIRECTION('',(1.,0.,-2.77555756156289E-17));
#2901=DIRECTION('',(0.,1.,0.));
#2902=DIRECTION('',(1.,0.,-2.77555756156289E-17));
#2903=DIRECTION('',(0.,1.,0.));
#2904=DIRECTION('',(-1.,0.,0.));
#2905=DIRECTION('',(0.,1.,0.));
#2906=DIRECTION('',(-0.707106781186546,0.,0.707106781186549));
#2907=DIRECTION('',(-1.73472347597681E-16,0.,1.));
#2908=DIRECTION('',(-0.707106781186547,0.,-0.707106781186548));
#2909=DIRECTION('',(0.707106781186548,0.,-0.707106781186547));
#2910=DIRECTION('',(-0.707106781186547,0.,-0.707106781186548));
#2911=DIRECTION('',(0.,1.,0.));
#2912=DIRECTION('',(-1.,0.,-1.73472347597681E-16));
#2913=DIRECTION('',(1.73472347597681E-16,0.,-1.));
#2914=DIRECTION('',(0.,-1.,0.));
#2915=DIRECTION('',(-1.73472347597681E-16,0.,1.));
#2916=DIRECTION('',(0.,-1.,0.));
#2917=DIRECTION('',(1.73472347597681E-16,0.,-1.));
#2918=DIRECTION('',(0.,1.,0.));
#2919=DIRECTION('',(-1.73472347597681E-16,0.,1.));
#2920=DIRECTION('',(0.,-1.,0.));
#2921=DIRECTION('',(1.73472347597681E-16,0.,-1.));
#2922=DIRECTION('',(0.,1.,0.));
#2923=DIRECTION('',(-1.73472347597681E-16,0.,1.));
#2924=DIRECTION('',(0.,-1.,0.));
#2925=DIRECTION('',(1.73472347597681E-16,0.,-1.));
#2926=DIRECTION('',(0.,1.,0.));
#2927=DIRECTION('',(-1.73472347597681E-16,0.,1.));
#2928=DIRECTION('',(0.,1.,0.));
#2929=DIRECTION('',(0.,-1.,0.));
#2930=DIRECTION('',(0.707106781186547,0.,0.707106781186548));
#2931=DIRECTION('',(0.,-1.,0.));
#2932=DIRECTION('',(-1.,0.,0.));
#2933=DIRECTION('',(0.,-1.,0.));
#2934=DIRECTION('',(0.,0.,-1.));
#2935=DIRECTION('',(1.,0.,0.));
#2936=DIRECTION('',(0.,1.,0.));
#2937=DIRECTION('',(-1.,0.,0.));
#2938=DIRECTION('',(-1.,0.,0.));
#2939=DIRECTION('',(0.,-0.707106781186547,0.707106781186548));
#2940=DIRECTION('',(1.,-2.77555756156289E-15,0.));
#2941=DIRECTION('',(0.,0.,-1.));
#2942=DIRECTION('',(1.,0.,0.));
#2943=DIRECTION('',(-1.,0.,0.));
#2944=DIRECTION('',(0.,1.,0.));
#2945=DIRECTION('',(-0.816496580927726,0.408248290463863,-0.408248290463863));
#2946=DIRECTION('',(-0.577350269189626,-0.577350269189626,0.577350269189626));
#2947=DIRECTION('',(0.,0.,1.));
#2948=DIRECTION('',(1.,0.,0.));
#2949=DIRECTION('',(0.,-1.,0.));
#2950=DIRECTION('',(0.,0.,-1.));
#2951=DIRECTION('',(0.,-1.,0.));
#2952=DIRECTION('',(-0.707106781186546,0.,0.707106781186549));
#2953=DIRECTION('',(0.,-1.,0.));
#2954=DIRECTION('',(1.,0.,2.22044604925031E-16));
#2955=DIRECTION('',(-2.22044604925031E-16,0.,1.));
#2956=DIRECTION('',(0.,1.,0.));
#2957=DIRECTION('',(2.22044604925031E-16,0.,-1.));
#2958=DIRECTION('',(0.,-1.,0.));
#2959=DIRECTION('',(-2.22044604925031E-16,0.,1.));
#2960=DIRECTION('',(0.,1.,0.));
#2961=DIRECTION('',(2.22044604925031E-16,0.,-1.));
#2962=DIRECTION('',(0.,-1.,0.));
#2963=DIRECTION('',(-2.22044604925031E-16,0.,1.));
#2964=DIRECTION('',(0.,1.,0.));
#2965=DIRECTION('',(2.22044604925031E-16,0.,-1.));
#2966=DIRECTION('',(0.,-1.,0.));
#2967=DIRECTION('',(-2.22044604925031E-16,0.,1.));
#2968=DIRECTION('',(0.,1.,0.));
#2969=DIRECTION('',(2.22044604925031E-16,0.,-1.));
#2970=DIRECTION('',(1.11022302462516E-16,-1.11022302462516E-16,-1.));
#2971=DIRECTION('',(-0.707106781186552,-0.707106781186543,-9.86076131526265E-31));
#2972=DIRECTION('',(-6.93889390390723E-17,6.93889390390723E-17,1.));
#2973=DIRECTION('',(0.707106781186548,0.707106781186547,0.));
#2974=DIRECTION('',(-2.22044604925031E-16,0.,1.));
#2975=DIRECTION('',(0.,0.,-1.));
#2976=DIRECTION('',(0.,1.,0.));
#2977=DIRECTION('',(-0.408248290463863,0.81649658092773,-0.408248290463856));
#2978=DIRECTION('',(-0.577350269189627,-0.577350269189621,-0.57735026918963));
#2979=DIRECTION('',(-1.,1.11022302462516E-14,0.));
#2980=DIRECTION('',(0.,0.,1.));
#2981=DIRECTION('',(0.,-1.,0.));
#2982=DIRECTION('',(1.,0.,0.));
#2983=DIRECTION('',(0.,-1.,0.));
#2984=DIRECTION('',(-0.707106781186547,0.,-0.707106781186548));
#2985=DIRECTION('',(1.,1.38777878078145E-17,-1.38777878078144E-17));
#2986=DIRECTION('',(-3.08148791101958E-33,-0.707106781186547,-0.707106781186548));
#2987=DIRECTION('',(-1.,0.,2.77555756156289E-17));
#2988=DIRECTION('',(1.,0.,0.));
#2989=DIRECTION('',(0.,1.,0.));
#2990=DIRECTION('',(0.408248290463863,0.816496580927727,-0.408248290463862));
#2991=DIRECTION('',(0.577350269189627,-0.577350269189625,-0.577350269189626));
#2992=DIRECTION('',(0.,-1.,0.));
#2993=DIRECTION('',(0.,0.,1.));
#2994=DIRECTION('',(0.,0.,-1.));
#2995=DIRECTION('',(-1.,0.,0.));
#2996=DIRECTION('',(-8.67361737988403E-17,-8.67361737988404E-17,1.));
#2997=DIRECTION('',(0.707106781186548,-0.707106781186547,0.));
#2998=DIRECTION('',(-6.93889390390723E-17,-6.93889390390723E-17,1.));
#2999=DIRECTION('',(-0.707106781186548,0.707106781186547,0.));
#3000=DIRECTION('',(1.73472347597681E-16,0.,-1.));
#3001=DIRECTION('',(0.,-1.,0.));
#3002=DIRECTION('',(1.,0.,0.));
#3003=DIRECTION('',(1.73472347597681E-16,0.,-1.));
#3004=DIRECTION('',(1.,0.,0.));
#3005=DIRECTION('',(-1.5419764230905E-16,0.,1.));
#3006=DIRECTION('',(-1.,0.,-1.38777878078145E-16));
#3007=DIRECTION('',(1.73472347597681E-16,0.,-1.));
#3008=DIRECTION('',(1.,0.,0.));
#3009=DIRECTION('',(-1.5419764230905E-16,0.,1.));
#3010=DIRECTION('',(-1.,0.,-1.38777878078145E-16));
#3011=DIRECTION('',(-1.,0.,-1.38777878078145E-16));
#3012=DIRECTION('',(3.08395284618099E-16,0.,-1.));
#3013=DIRECTION('',(1.,0.,0.));
#3014=DIRECTION('',(-2.22044604925031E-16,0.,1.));
#3015=DIRECTION('',(-1.,0.,-1.38777878078145E-16));
#3016=DIRECTION('',(3.08395284618099E-16,0.,-1.));
#3017=DIRECTION('',(1.,0.,0.));
#3018=DIRECTION('',(-2.22044604925031E-16,0.,1.));
#3019=DIRECTION('',(-1.,0.,-1.38777878078145E-16));
#3020=DIRECTION('',(3.08395284618099E-16,0.,-1.));
#3021=DIRECTION('',(1.,0.,0.));
#3022=DIRECTION('',(-2.22044604925031E-16,0.,1.));
#3023=DIRECTION('',(1.73472347597681E-16,0.,-1.));
#3024=DIRECTION('',(1.,0.,0.));
#3025=DIRECTION('',(-1.5419764230905E-16,0.,1.));
#3026=DIRECTION('',(-1.,0.,-1.38777878078145E-16));
#3027=DIRECTION('',(-1.38777878078145E-16,0.,1.));
#3028=DIRECTION('',(-1.,0.,-1.38777878078145E-16));
#3029=DIRECTION('',(6.93889390390723E-17,6.93889390390723E-17,-1.));
#3030=DIRECTION('',(-0.707106781186548,0.707106781186547,0.));
#3031=DIRECTION('',(0.,-1.,0.));
#3032=DIRECTION('',(6.93889390390723E-17,-6.93889390390723E-17,-1.));
#3033=DIRECTION('',(-0.707106781186548,-0.707106781186548,0.));
#3034=DIRECTION('',(-1.,0.,0.));
#3035=DIRECTION('',(-6.93889390390723E-17,-6.93889390390723E-17,1.));
#3036=DIRECTION('',(-0.707106781186548,0.707106781186547,0.));
#3037=DIRECTION('',(0.,-1.,0.));
#3038=DIRECTION('',(-1.,0.,-1.38777878078145E-16));
#3039=DIRECTION('',(0.,-1.,0.));
#3040=DIRECTION('',(1.,0.,0.));
#3041=DIRECTION('',(3.08395284618099E-16,0.,-1.));
#3042=DIRECTION('',(-1.5419764230905E-16,0.,1.));
#3043=DIRECTION('',(1.,0.,0.));
#3044=DIRECTION('',(0.,0.,-1.));
#3045=DIRECTION('',(1.,0.,0.));
#3046=DIRECTION('',(0.,0.,1.));
#3047=DIRECTION('',(-0.707106781186548,0.707106781186547,0.));
#3048=DIRECTION('',(0.,-1.,0.));
#3049=DIRECTION('',(0.,0.,-1.));
#3050=DIRECTION('',(-0.707106781186548,0.707106781186547,0.));
#3051=DIRECTION('',(1.,0.,0.));
#3052=DIRECTION('',(0.,0.,1.));
#3053=DIRECTION('',(-0.707106781186548,-0.707106781186548,0.));
#3054=DIRECTION('',(0.,-1.,0.));
#3055=DIRECTION('',(-1.,0.,-3.08395284618099E-16));
#3056=DIRECTION('',(3.08395284618099E-16,0.,-1.));
#3057=DIRECTION('',(-3.08395284618099E-16,0.,1.));
#3058=DIRECTION('',(3.08395284618099E-16,0.,-1.));
#3059=DIRECTION('',(1.5419764230905E-16,-1.5419764230905E-16,-1.));
#3060=DIRECTION('',(0.707106781186548,0.707106781186547,0.));
#3061=DIRECTION('',(-3.08395284618099E-16,0.,1.));
#3062=DIRECTION('',(0.,-1.,0.));
#3063=DIRECTION('',(1.,0.,0.));
#3064=DIRECTION('',(1.5419764230905E-16,1.5419764230905E-16,-1.));
#3065=DIRECTION('',(0.707106781186547,-0.707106781186548,-1.4791141972894E-31));
#3066=DIRECTION('',(-8.67361737988403E-17,-8.67361737988404E-17,1.));
#3067=DIRECTION('',(0.707106781186548,-0.707106781186548,-4.93038065763132E-32));
#3068=DIRECTION('',(0.,0.,1.));
#3069=DIRECTION('',(0.,1.,0.));
#3070=DIRECTION('',(-0.816496580927727,-0.408248290463862,0.408248290463862));
#3071=DIRECTION('',(0.577350269189624,-0.577350269189627,0.577350269189626));
#3072=DIRECTION('',(1.,0.,1.5419764230905E-16));
#3073=DIRECTION('',(-1.5419764230905E-16,0.,1.));
#3074=DIRECTION('',(-8.67361737988403E-17,-8.67361737988404E-17,1.));
#3075=DIRECTION('',(0.707106781186547,-0.707106781186548,-1.23259516440783E-31));
#3076=DIRECTION('',(0.,0.,-1.));
#3077=DIRECTION('',(-0.707106781186548,0.707106781186547,0.));
#3078=DIRECTION('',(0.,0.,-1.));
#3079=DIRECTION('',(1.,0.,0.));
#3080=DIRECTION('',(0.,0.,1.));
#3081=DIRECTION('',(-0.707106781186547,0.707106781186548,0.));
#3082=DIRECTION('',(1.,0.,0.));
#3083=DIRECTION('',(0.,-1.,0.));
#3084=DIRECTION('',(1.,0.,0.));
#3085=DIRECTION('',(0.,0.,1.));
#3086=DIRECTION('',(-0.707106781186547,-0.707106781186548,0.));
#3087=DIRECTION('',(0.,-1.,0.));
#3088=DIRECTION('',(-1.,0.,-3.08395284618099E-16));
#3089=DIRECTION('',(3.08395284618099E-16,0.,-1.));
#3090=DIRECTION('',(-3.08395284618099E-16,0.,1.));
#3091=DIRECTION('',(3.08395284618099E-16,0.,-1.));
#3092=DIRECTION('',(0.,-1.,0.));
#3093=DIRECTION('',(-1.38777878078145E-16,0.,1.));
#3094=DIRECTION('',(-1.,0.,-1.38777878078145E-16));
#3095=DIRECTION('',(6.93889390390724E-17,6.93889390390723E-17,-1.));
#3096=DIRECTION('',(-0.707106781186547,0.707106781186548,0.));
#3097=DIRECTION('',(6.93889390390724E-17,-6.93889390390723E-17,-1.));
#3098=DIRECTION('',(-0.707106781186547,-0.707106781186548,0.));
#3099=DIRECTION('',(-1.,0.,-1.38777878078145E-15));
#3100=DIRECTION('',(-6.93889390390723E-17,-6.93889390390723E-17,1.));
#3101=DIRECTION('',(-0.707106781186548,0.707106781186547,0.));
#3102=DIRECTION('',(0.,-1.,0.));
#3103=DIRECTION('',(-1.,0.,-1.38777878078145E-16));
#3104=DIRECTION('',(0.,-1.,0.));
#3105=DIRECTION('',(1.,0.,0.));
#3106=DIRECTION('',(3.08395284618099E-16,0.,-1.));
#3107=DIRECTION('',(-1.5419764230905E-16,0.,1.));
#3108=DIRECTION('',(1.,0.,1.5419764230905E-16));
#3109=DIRECTION('',(-1.5419764230905E-16,0.,1.));
#3110=DIRECTION('',(1.5419764230905E-16,1.5419764230905E-16,-1.));
#3111=DIRECTION('',(0.707106781186547,-0.707106781186548,0.));
#3112=DIRECTION('',(-8.67361737988403E-17,-8.67361737988404E-17,1.));
#3113=DIRECTION('',(0.707106781186548,-0.707106781186548,-4.93038065763132E-32));
#3114=DIRECTION('',(0.,0.,-1.));
#3115=DIRECTION('',(-0.707106781186548,0.707106781186547,0.));
#3116=DIRECTION('',(0.,0.,-1.));
#3117=DIRECTION('',(1.,0.,0.));
#3118=DIRECTION('',(0.,0.,1.));
#3119=DIRECTION('',(-0.707106781186548,0.707106781186547,0.));
#3120=DIRECTION('',(1.,0.,0.));
#3121=DIRECTION('',(0.,-1.,0.));
#3122=DIRECTION('',(1.,0.,1.04083408558609E-15));
#3123=DIRECTION('',(0.,0.,1.));
#3124=DIRECTION('',(-0.707106781186548,-0.707106781186548,0.));
#3125=DIRECTION('',(0.,-1.,0.));
#3126=DIRECTION('',(-1.,0.,-3.08395284618099E-16));
#3127=DIRECTION('',(3.08395284618099E-16,0.,-1.));
#3128=DIRECTION('',(-3.08395284618099E-16,0.,1.));
#3129=DIRECTION('',(3.08395284618099E-16,0.,-1.));
#3130=DIRECTION('',(0.,-1.,0.));
#3131=DIRECTION('',(-1.38777878078145E-16,0.,1.));
#3132=DIRECTION('',(-1.,0.,-1.38777878078145E-16));
#3133=DIRECTION('',(6.93889390390723E-17,6.93889390390723E-17,-1.));
#3134=DIRECTION('',(-0.707106781186548,0.707106781186547,0.));
#3135=DIRECTION('',(6.93889390390723E-17,-6.93889390390723E-17,-1.));
#3136=DIRECTION('',(-0.707106781186548,-0.707106781186548,0.));
#3137=DIRECTION('',(-1.,0.,-3.46944695195363E-16));
#3138=DIRECTION('',(0.,-1.,0.));
#3139=DIRECTION('',(-1.,0.,-1.38777878078145E-16));
#3140=DIRECTION('',(0.,-1.,0.));
#3141=DIRECTION('',(1.,0.,0.));
#3142=DIRECTION('',(3.08395284618099E-16,0.,-1.));
#3143=DIRECTION('',(-1.5419764230905E-16,0.,1.));
#3144=DIRECTION('',(1.,0.,1.5419764230905E-16));
#3145=DIRECTION('',(-1.5419764230905E-16,0.,1.));
#3146=DIRECTION('',(1.5419764230905E-16,1.5419764230905E-16,-1.));
#3147=DIRECTION('',(0.707106781186548,-0.707106781186547,0.));
#3148=DIRECTION('',(0.,-1.,0.));
#3149=DIRECTION('',(1.,0.,0.));
#3150=DIRECTION('',(-3.08395284618099E-16,0.,1.));
#3151=DIRECTION('',(1.5419764230905E-16,-1.5419764230905E-16,-1.));
#3152=DIRECTION('',(0.707106781186548,0.707106781186547,0.));
#3153=DIRECTION('',(0.,-1.,0.));
#3154=DIRECTION('',(1.,0.,0.));
#3155=DIRECTION('',(-3.08395284618099E-16,0.,1.));
#3156=DIRECTION('',(1.5419764230905E-16,-1.5419764230905E-16,-1.));
#3157=DIRECTION('',(0.707106781186547,0.707106781186548,9.86076131526265E-32));
#3158=DIRECTION('',(1.11022302462516E-16,-1.11022302462516E-16,-1.));
#3159=DIRECTION('',(-0.70710678118655,-0.707106781186545,-5.66993775627602E-31));
#3160=DIRECTION('',(0.,0.,-1.));
#3161=DIRECTION('',(0.707106781186548,0.707106781186547,0.));
#3162=DIRECTION('',(0.,0.,-1.));
#3163=DIRECTION('',(1.,0.,0.));
#3164=DIRECTION('',(0.,0.,1.));
#3165=DIRECTION('',(0.707106781186548,0.707106781186547,0.));
#3166=DIRECTION('',(0.,-1.,0.));
#3167=DIRECTION('',(0.,0.,1.));
#3168=DIRECTION('',(0.707106781186548,-0.707106781186548,0.));
#3169=DIRECTION('',(1.,0.,0.));
#3170=DIRECTION('',(0.,-1.,0.));
#3171=DIRECTION('',(1.,0.,0.));
#3172=DIRECTION('',(0.,-1.,0.));
#3173=DIRECTION('',(1.,0.,0.));
#3174=DIRECTION('',(-1.5419764230905E-16,0.,1.));
#3175=DIRECTION('',(3.08395284618099E-16,0.,-1.));
#3176=DIRECTION('',(-1.,0.,-1.38777878078145E-16));
#3177=DIRECTION('',(-1.38777878078145E-16,0.,1.));
#3178=DIRECTION('',(-1.,0.,-1.38777878078145E-16));
#3179=DIRECTION('',(6.93889390390723E-17,-6.93889390390723E-17,-1.));
#3180=DIRECTION('',(0.707106781186548,0.707106781186547,0.));
#3181=DIRECTION('',(0.,-1.,0.));
#3182=DIRECTION('',(-6.93889390390723E-17,6.93889390390723E-17,1.));
#3183=DIRECTION('',(0.707106781186548,0.707106781186547,0.));
#3184=DIRECTION('',(-1.,0.,0.));
#3185=DIRECTION('',(6.93889390390723E-17,6.93889390390723E-17,-1.));
#3186=DIRECTION('',(0.707106781186548,-0.707106781186548,0.));
#3187=DIRECTION('',(0.,-1.,0.));
#3188=DIRECTION('',(1.,0.,1.5419764230905E-16));
#3189=DIRECTION('',(-1.5419764230905E-16,0.,1.));
#3190=DIRECTION('',(1.5419764230905E-16,0.,-1.));
#3191=DIRECTION('',(-1.5419764230905E-16,0.,1.));
#3192=DIRECTION('',(-7.70988211545247E-17,-7.70988211545248E-17,1.));
#3193=DIRECTION('',(-0.707106781186548,0.707106781186547,0.));
#3194=DIRECTION('',(1.5419764230905E-16,0.,-1.));
#3195=DIRECTION('',(0.,-1.,0.));
#3196=DIRECTION('',(1.,0.,0.));
#3197=DIRECTION('',(-7.70988211545247E-17,7.70988211545248E-17,1.));
#3198=DIRECTION('',(-0.707106781186546,-0.707106781186549,3.20474742746036E-31));
#3199=DIRECTION('',(1.11022302462516E-16,-1.11022302462516E-16,-1.));
#3200=DIRECTION('',(-0.70710678118655,-0.707106781186545,-5.66993775627602E-31));
#3201=DIRECTION('',(0.,0.,-1.));
#3202=DIRECTION('',(0.707106781186548,0.707106781186547,0.));
#3203=DIRECTION('',(0.,0.,-1.));
#3204=DIRECTION('',(1.,0.,0.));
#3205=DIRECTION('',(0.,0.,1.));
#3206=DIRECTION('',(0.707106781186552,0.707106781186543,0.));
#3207=DIRECTION('',(0.,-1.,0.));
#3208=DIRECTION('',(0.,0.,1.));
#3209=DIRECTION('',(0.707106781186548,-0.707106781186548,0.));
#3210=DIRECTION('',(1.,0.,0.));
#3211=DIRECTION('',(0.,-1.,0.));
#3212=DIRECTION('',(1.,0.,0.));
#3213=DIRECTION('',(0.,-1.,0.));
#3214=DIRECTION('',(1.,0.,0.));
#3215=DIRECTION('',(-1.5419764230905E-16,0.,1.));
#3216=DIRECTION('',(3.08395284618099E-16,0.,-1.));
#3217=DIRECTION('',(-1.,0.,-1.38777878078145E-16));
#3218=DIRECTION('',(-1.38777878078145E-16,0.,1.));
#3219=DIRECTION('',(-1.,0.,-1.38777878078145E-16));
#3220=DIRECTION('',(6.93889390390715E-17,-6.93889390390723E-17,-1.));
#3221=DIRECTION('',(0.707106781186552,0.707106781186543,0.));
#3222=DIRECTION('',(0.,-1.,0.));
#3223=DIRECTION('',(-6.93889390390723E-17,6.93889390390723E-17,1.));
#3224=DIRECTION('',(0.707106781186548,0.707106781186547,0.));
#3225=DIRECTION('',(-1.,0.,-6.9388939039072E-16));
#3226=DIRECTION('',(6.93889390390723E-17,6.93889390390723E-17,-1.));
#3227=DIRECTION('',(0.707106781186548,-0.707106781186548,0.));
#3228=DIRECTION('',(0.,-1.,0.));
#3229=DIRECTION('',(1.,0.,1.5419764230905E-16));
#3230=DIRECTION('',(-1.5419764230905E-16,0.,1.));
#3231=DIRECTION('',(1.5419764230905E-16,0.,-1.));
#3232=DIRECTION('',(-1.5419764230905E-16,0.,1.));
#3233=DIRECTION('',(-7.70988211545248E-17,-7.70988211545247E-17,1.));
#3234=DIRECTION('',(-0.707106781186545,0.70710678118655,3.20474742746036E-31));
#3235=DIRECTION('',(1.5419764230905E-16,0.,-1.));
#3236=DIRECTION('',(0.,-1.,0.));
#3237=DIRECTION('',(1.,0.,0.));
#3238=DIRECTION('',(-7.70988211545238E-17,7.70988211545248E-17,1.));
#3239=DIRECTION('',(-0.707106781186547,-0.707106781186548,7.02579243712464E-31));
#3240=DIRECTION('',(1.11022302462516E-16,-1.11022302462516E-16,-1.));
#3241=DIRECTION('',(-0.707106781186552,-0.707106781186543,-9.86076131526265E-31));
#3242=DIRECTION('',(0.,0.,-1.));
#3243=DIRECTION('',(0.707106781186548,0.707106781186547,0.));
#3244=DIRECTION('',(0.,0.,-1.));
#3245=DIRECTION('',(1.,0.,0.));
#3246=DIRECTION('',(0.,0.,1.));
#3247=DIRECTION('',(0.707106781186548,0.707106781186547,0.));
#3248=DIRECTION('',(0.,-1.,0.));
#3249=DIRECTION('',(0.,0.,1.));
#3250=DIRECTION('',(0.707106781186548,-0.707106781186548,0.));
#3251=DIRECTION('',(1.,0.,6.93889390390722E-16));
#3252=DIRECTION('',(0.,-1.,0.));
#3253=DIRECTION('',(1.,0.,0.));
#3254=DIRECTION('',(0.,-1.,0.));
#3255=DIRECTION('',(1.,0.,0.));
#3256=DIRECTION('',(-1.5419764230905E-16,0.,1.));
#3257=DIRECTION('',(3.08395284618099E-16,0.,-1.));
#3258=DIRECTION('',(-1.,0.,-1.38777878078145E-16));
#3259=DIRECTION('',(-1.38777878078145E-16,0.,1.));
#3260=DIRECTION('',(-1.,0.,-1.38777878078145E-16));
#3261=DIRECTION('',(6.93889390390723E-17,-6.93889390390723E-17,-1.));
#3262=DIRECTION('',(0.707106781186548,0.707106781186547,0.));
#3263=DIRECTION('',(0.,-1.,0.));
#3264=DIRECTION('',(-1.,0.,0.));
#3265=DIRECTION('',(6.93889390390723E-17,6.93889390390723E-17,-1.));
#3266=DIRECTION('',(0.707106781186548,-0.707106781186548,0.));
#3267=DIRECTION('',(0.,-1.,0.));
#3268=DIRECTION('',(1.,0.,1.5419764230905E-16));
#3269=DIRECTION('',(-1.5419764230905E-16,0.,1.));
#3270=DIRECTION('',(1.5419764230905E-16,0.,-1.));
#3271=DIRECTION('',(-1.5419764230905E-16,0.,1.));
#3272=DIRECTION('',(-7.70988211545247E-17,-7.70988211545248E-17,1.));
#3273=DIRECTION('',(-0.707106781186548,0.707106781186547,0.));
#3274=DIRECTION('',(1.5419764230905E-16,0.,-1.));
#3275=DIRECTION('',(0.,-1.,0.));
#3276=DIRECTION('',(1.,0.,0.));
#3277=DIRECTION('',(-7.70988211545247E-17,7.70988211545248E-17,1.));
#3278=DIRECTION('',(-0.707106781186548,-0.707106781186547,0.));
#3279=DIRECTION('',(-1.,0.,-3.08395284618099E-16));
#3280=DIRECTION('',(3.08395284618099E-16,0.,-1.));
#3281=DIRECTION('',(-1.,0.,-3.08395284618099E-16));
#3282=DIRECTION('',(3.08395284618099E-16,0.,-1.));
#3283=DIRECTION('',(-1.,0.,-3.08395284618099E-16));
#3284=DIRECTION('',(3.08395284618099E-16,0.,-1.));
#3285=DIRECTION('',(0.,-1.,0.));
#3286=DIRECTION('',(0.707106781186548,0.,-0.707106781186547));
#3287=CARTESIAN_POINT('',(0.,0.,0.));
#3288=CARTESIAN_POINT('',(0.00251496483910346,-0.00072,-0.00245));
#3289=CARTESIAN_POINT('',(0.00251496483910346,-0.00072,-0.002579597576182));
#3290=CARTESIAN_POINT('',(0.00251496483910346,-0.00072,-0.00295));
#3291=CARTESIAN_POINT('',(0.00251496483910346,-0.00072,-0.00245));
#3292=CARTESIAN_POINT('',(0.00251496483910346,-0.00072,-0.00295));
#3293=CARTESIAN_POINT('',(0.00251496483910346,-0.00082,-0.00295));
#3294=CARTESIAN_POINT('',(0.00251496483910346,-0.00082,-0.00245));
#3295=CARTESIAN_POINT('',(0.00251496483910346,-0.00082,-0.00245));
#3296=CARTESIAN_POINT('',(0.00251496483910346,-0.00072,-0.00245));
#3297=CARTESIAN_POINT('',(0.00301496483910346,-0.00072,-0.00245));
#3298=CARTESIAN_POINT('',(0.00287540444823184,-0.00072,-0.00245));
#3299=CARTESIAN_POINT('',(0.00301496483910346,-0.00072,-0.00245));
#3300=CARTESIAN_POINT('',(0.00301496483910346,-0.00082,-0.00245));
#3301=CARTESIAN_POINT('',(0.00301496483910346,-0.00082,-0.00245));
#3302=CARTESIAN_POINT('',(0.00301496483910346,-0.00072,-0.00245));
#3303=CARTESIAN_POINT('',(0.00301496483910346,-0.00072,-0.00295));
#3304=CARTESIAN_POINT('',(0.00301496483910346,-0.00072,-0.002829597576182));
#3305=CARTESIAN_POINT('',(0.00301496483910346,-0.00072,-0.00295));
#3306=CARTESIAN_POINT('',(0.00301496483910346,-0.00082,-0.00295));
#3307=CARTESIAN_POINT('',(0.00301496483910346,-0.00082,-0.00295));
#3308=CARTESIAN_POINT('',(0.00301496483910346,-0.00072,-0.00295));
#3309=CARTESIAN_POINT('',(0.00251496483910346,-0.00072,-0.00295));
#3310=CARTESIAN_POINT('',(0.00262540444823184,-0.00072,-0.00295));
#3311=CARTESIAN_POINT('',(0.00251496483910346,-0.00082,-0.00295));
#3312=CARTESIAN_POINT('',(0.00276496483910346,-0.00082,-0.0027));
#3313=CARTESIAN_POINT('',(0.00273584405736023,-0.00072,-0.00270919515236399));
#3314=CARTESIAN_POINT('',(0.00261080144318147,-0.00072,-0.0021));
#3315=CARTESIAN_POINT('',(0.00261080144318147,-0.00072,-0.0021));
#3316=CARTESIAN_POINT('',(0.00199961818033648,-0.00072,-0.00268881165200486));
#3317=CARTESIAN_POINT('',(0.00199961818033648,-0.00072,-0.00268881165200485));
#3318=CARTESIAN_POINT('',(0.00199961818033648,-0.00072,-0.00338881165200485));
#3319=CARTESIAN_POINT('',(0.0022,-0.00072,-0.0016));
#3320=CARTESIAN_POINT('',(0.00369666295470958,-0.00072,-0.0026));
#3321=CARTESIAN_POINT('',(0.00369666295470958,-0.00072,-0.0026));
#3322=CARTESIAN_POINT('',(0.00321496483910346,-0.00072,-0.0021));
#3323=CARTESIAN_POINT('',(0.00321496483910346,-0.00072,-0.0021));
#3324=CARTESIAN_POINT('',(0.00321496483910346,-0.00062,-0.0021));
#3325=CARTESIAN_POINT('',(0.00270748241955173,-0.00062,-0.0021));
#3326=CARTESIAN_POINT('',(0.00261080144318146,-0.00062,-0.0021));
#3327=CARTESIAN_POINT('',(0.00321496483910346,-0.00062,-0.0021));
#3328=CARTESIAN_POINT('',(0.00261080144318147,-0.00062,-0.0021));
#3329=CARTESIAN_POINT('',(0.00321496483910346,-0.00062,-0.0021));
#3330=CARTESIAN_POINT('',(0.00369666295470958,-0.00062,-0.0026));
#3331=CARTESIAN_POINT('',(0.00308661730036695,-0.00062,-0.00196677595928));
#3332=CARTESIAN_POINT('',(0.00369666295470958,-0.00062,-0.0026));
#3333=CARTESIAN_POINT('',(0.00369666295470958,-0.00062,-0.0026));
#3334=CARTESIAN_POINT('',(0.0022,-0.00062,-0.0016));
#3335=CARTESIAN_POINT('',(0.0022,-0.00062,-0.0016));
#3336=CARTESIAN_POINT('',(0.00199961818033648,-0.00062,-0.00338881165200485));
#3337=CARTESIAN_POINT('',(0.00199961818033648,-0.00062,-0.00338881165200485));
#3338=CARTESIAN_POINT('',(0.00199961818033648,-0.00062,-0.00268881165200485));
#3339=CARTESIAN_POINT('',(0.00199961818033648,-0.00062,-0.00214440582600243));
#3340=CARTESIAN_POINT('',(0.00199961818033648,-0.00062,-0.00268881165200485));
#3341=CARTESIAN_POINT('',(0.00199961818033648,-0.00062,-0.00268881165200485));
#3342=CARTESIAN_POINT('',(0.00261080144318147,-0.00062,-0.0021));
#3343=CARTESIAN_POINT('',(0.00262918624812629,-0.00062,-0.00208228814820458));
#3344=CARTESIAN_POINT('',(0.0022,-0.00062,-0.0016));
#3345=CARTESIAN_POINT('',(0.00296030225242985,-0.00062,-0.00154739560259364));
#3346=CARTESIAN_POINT('',(0.00380188483324868,-0.00062,-0.00242095370210984));
#3347=CARTESIAN_POINT('',(0.0033,-0.00062,-0.0019));
#3348=CARTESIAN_POINT('',(0.00236506715756942,-0.00062,-0.0019));
#3349=CARTESIAN_POINT('',(0.00253013431513884,-0.00062,-0.0019));
#3350=CARTESIAN_POINT('',(0.0022044051698492,-0.00062,-0.00221380623096802));
#3351=CARTESIAN_POINT('',(0.0019,-0.00062,-0.00250706902436226));
#3352=CARTESIAN_POINT('',(0.00138968145592194,-0.00062,-0.00200582213530568));
#3353=CARTESIAN_POINT('',(0.00118013431513884,-0.00062,-0.0018));
#3354=CARTESIAN_POINT('',(0.00118013431513884,-0.00062,-0.0015));
#3355=CARTESIAN_POINT('',(0.00118013431513884,-0.00062,-0.0014));
#3356=CARTESIAN_POINT('',(0.00174961429835252,-0.00062,-0.000840643352513198));
#3357=CARTESIAN_POINT('',(0.0019,-0.00062,-0.000692930975637745));
#3358=CARTESIAN_POINT('',(0.00251947232741862,-0.00062,-0.00128972828121311));
#3359=CARTESIAN_POINT('',(0.00253013431513884,-0.00062,-0.0013));
#3360=CARTESIAN_POINT('',(0.00275,-0.00062,-0.0013));
#3361=CARTESIAN_POINT('',(0.0033,-0.00062,-0.0013));
#3362=CARTESIAN_POINT('',(0.00321124466905419,-0.00062,-0.00139212754635144));
#3363=CARTESIAN_POINT('',(0.00380188483324868,-0.00062,-0.000779046297890159));
#3364=CARTESIAN_POINT('',(0.0022,-0.00062,-0.0016));
#3365=CARTESIAN_POINT('',(0.00369666295470958,-0.00062,-0.0006));
#3366=CARTESIAN_POINT('',(0.00284576824256389,-0.00062,-0.00148322404072));
#3367=CARTESIAN_POINT('',(0.00321496483910346,-0.00062,-0.0011));
#3368=CARTESIAN_POINT('',(0.00240540072159073,-0.00062,-0.0011));
#3369=CARTESIAN_POINT('',(0.00261080144318146,-0.00062,-0.0011));
#3370=CARTESIAN_POINT('',(0.0023235946167038,-0.00062,-0.000823306025792992));
#3371=CARTESIAN_POINT('',(0.00199961818033648,-0.00062,-0.000511188347995147));
#3372=CARTESIAN_POINT('',(0.00199961818033648,-0.00062,-0.000705594173997573));
#3373=CARTESIAN_POINT('',(0.00199961818033648,-0.00062,0.000188811652004854));
#3374=CARTESIAN_POINT('',(0.0022,-0.00062,-0.0016));
#3375=CARTESIAN_POINT('',(0.00179961818033648,-0.00062,0.000154905809005978));
#3376=CARTESIAN_POINT('',(0.00179961818033648,-0.00062,-0.00105559417399757));
#3377=CARTESIAN_POINT('',(0.00179961818033648,-0.00062,-0.000511188347995148));
#3378=CARTESIAN_POINT('',(0.00134398190392569,-0.00062,-0.000958725026296411));
#3379=CARTESIAN_POINT('',(0.00122888267408906,-0.00062,-0.00107177819976603));
#3380=CARTESIAN_POINT('',(0.00140780577389175,-0.00062,-0.00112144441645073));
#3381=CARTESIAN_POINT('',(0.000548949519773902,-0.00062,-0.000883039532648297));
#3382=CARTESIAN_POINT('',(0.0022,-0.00062,-0.0016));
#3383=CARTESIAN_POINT('',(0.000479397929276799,-0.00062,-0.00107129543767522));
#3384=CARTESIAN_POINT('',(0.00159665110640339,-0.00062,-0.0013814272118734));
#3385=CARTESIAN_POINT('',(0.000980134315138837,-0.00062,-0.00121029192202837));
#3386=CARTESIAN_POINT('',(0.000980134315138837,-0.00062,-0.00179485403898582));
#3387=CARTESIAN_POINT('',(0.000980134315138837,-0.00062,-0.00198970807797163));
#3388=CARTESIAN_POINT('',(0.00134628291347237,-0.00062,-0.00188807103030317));
#3389=CARTESIAN_POINT('',(0.000479397929276799,-0.00062,-0.00212870456232478));
#3390=CARTESIAN_POINT('',(0.0022,-0.00062,-0.0016));
#3391=CARTESIAN_POINT('',(0.000548949519773902,-0.00062,-0.0023169604673517));
#3392=CARTESIAN_POINT('',(0.00174777235104932,-0.00062,-0.0019841862499904));
#3393=CARTESIAN_POINT('',(0.00122888267408906,-0.00062,-0.00212822180023397));
#3394=CARTESIAN_POINT('',(0.0016293496570494,-0.00062,-0.00252156989958903));
#3395=CARTESIAN_POINT('',(0.00179961818033648,-0.00062,-0.00268881165200485));
#3396=CARTESIAN_POINT('',(0.00179961818033648,-0.00062,-0.00247745290450299));
#3397=CARTESIAN_POINT('',(0.00179961818033648,-0.00062,-0.00335490580900598));
#3398=CARTESIAN_POINT('',(0.0022,-0.00062,-0.0016));
#3399=CARTESIAN_POINT('',(0.0022,-0.00062,-0.0016));
#3400=CARTESIAN_POINT('',(0.0022,-0.00112,-0.0016));
#3401=CARTESIAN_POINT('',(0.0022,-0.00162,-0.0016));
#3402=CARTESIAN_POINT('',(0.0001,-0.00162,-0.0016));
#3403=CARTESIAN_POINT('',(0.0022,-0.00062,-0.0016));
#3404=CARTESIAN_POINT('',(0.0022,-0.00062,-0.0016));
#3405=CARTESIAN_POINT('',(0.0022,-0.00062,-0.0016));
#3406=CARTESIAN_POINT('',(0.0022,-0.00062,-0.0016));
#3407=CARTESIAN_POINT('',(0.00179961818033648,-0.000620000000000007,-0.00335490580900598));
#3408=CARTESIAN_POINT('',(0.00124217567891878,-0.000672668370844188,-0.0032439318058315));
#3409=CARTESIAN_POINT('',(0.00076076239657042,-0.000672668528748692,-0.00284440204146537));
#3410=CARTESIAN_POINT('',(0.000548949519773903,-0.00062,-0.0023169604673517));
#3411=CARTESIAN_POINT('',(0.00219999999999997,-0.00062,-0.0016));
#3412=CARTESIAN_POINT('',(0.000479397929276799,-0.00062,-0.00107129543767522));
#3413=CARTESIAN_POINT('',(0.000479397929276799,-0.00072,-0.00107129543767522));
#3414=CARTESIAN_POINT('',(0.000479397929276799,-0.00062,-0.00212870456232478));
#3415=CARTESIAN_POINT('',(0.000479397929276801,-0.00072,-0.00212870456232478));
#3416=CARTESIAN_POINT('',(0.00219999999999997,-0.00072,-0.0016));
#3417=CARTESIAN_POINT('',(0.000980134315138837,-0.00062,-0.00121029192202837));
#3418=CARTESIAN_POINT('',(0.000980134315138837,-0.00072,-0.00121029192202837));
#3419=CARTESIAN_POINT('',(0.000980134315138837,-0.00072,-0.00121029192202837));
#3420=CARTESIAN_POINT('',(0.000980134315138837,-0.00062,-0.00121029192202837));
#3421=CARTESIAN_POINT('',(0.000980134315138837,-0.00062,-0.00198970807797163));
#3422=CARTESIAN_POINT('',(0.000980134315138837,-0.00072,-0.00198970807797163));
#3423=CARTESIAN_POINT('',(0.000980134315138837,-0.00072,-0.00198970807797163));
#3424=CARTESIAN_POINT('',(0.000980134315138837,-0.00062,-0.00198970807797163));
#3425=CARTESIAN_POINT('',(0.000479397929276799,-0.00062,-0.00212870456232478));
#3426=CARTESIAN_POINT('',(0.000479397929276799,-0.00072,-0.00212870456232478));
#3427=CARTESIAN_POINT('',(0.000711116691608745,-0.00072,-0.0016));
#3428=CARTESIAN_POINT('',(0.00213287878591893,-0.00062,-0.00168087747547122));
#3429=CARTESIAN_POINT('',(0.00179961818033648,-0.00062,-0.00335490580900598));
#3430=CARTESIAN_POINT('',(0.00179961818033648,-0.00072,-0.00335490580900598));
#3431=CARTESIAN_POINT('',(0.00213287878591893,-0.00072,-0.00168087747547122));
#3432=CARTESIAN_POINT('',(0.000548949519773902,-0.00072,-0.0023169604673517));
#3433=CARTESIAN_POINT('',(0.000548949519773902,-0.00062,-0.0023169604673517));
#3434=CARTESIAN_POINT('',(0.00122888267408906,-0.00062,-0.00212822180023397));
#3435=CARTESIAN_POINT('',(0.00122888267408906,-0.00072,-0.00212822180023397));
#3436=CARTESIAN_POINT('',(0.00122888267408906,-0.00072,-0.00212822180023397));
#3437=CARTESIAN_POINT('',(0.00122888267408906,-0.00062,-0.00212822180023397));
#3438=CARTESIAN_POINT('',(0.00179961818033648,-0.00062,-0.00268881165200485));
#3439=CARTESIAN_POINT('',(0.00179961818033648,-0.00072,-0.00268881165200485));
#3440=CARTESIAN_POINT('',(0.00179961818033648,-0.00072,-0.00268881165200485));
#3441=CARTESIAN_POINT('',(0.00179961818033648,-0.00062,-0.00268881165200485));
#3442=CARTESIAN_POINT('',(0.00179961818033648,-0.00062,-0.00335490580900598));
#3443=CARTESIAN_POINT('',(0.00179961818033648,-0.00072,-0.00335490580900598));
#3444=CARTESIAN_POINT('',(0.00128358913262573,-0.00072,-0.00268565794268315));
#3445=CARTESIAN_POINT('',(0.0022,-0.00062,-0.0016));
#3446=CARTESIAN_POINT('',(0.00380188483324868,-0.00062,-0.000779046297890159));
#3447=CARTESIAN_POINT('',(0.00380188483324868,-0.00072,-0.00077904629789016));
#3448=CARTESIAN_POINT('',(0.0022,-0.00072,-0.0016));
#3449=CARTESIAN_POINT('',(0.00380188483324868,-0.00072,-0.00242095370210984));
#3450=CARTESIAN_POINT('',(0.00380188483324868,-0.00062,-0.00242095370210984));
#3451=CARTESIAN_POINT('',(0.0033,-0.00062,-0.0019));
#3452=CARTESIAN_POINT('',(0.0033,-0.00072,-0.0019));
#3453=CARTESIAN_POINT('',(0.0033,-0.00072,-0.0019));
#3454=CARTESIAN_POINT('',(0.0033,-0.00062,-0.0019));
#3455=CARTESIAN_POINT('',(0.00253013431513884,-0.00062,-0.0019));
#3456=CARTESIAN_POINT('',(0.00253013431513884,-0.00072,-0.0019));
#3457=CARTESIAN_POINT('',(0.00253013431513884,-0.00072,-0.0019));
#3458=CARTESIAN_POINT('',(0.00253013431513884,-0.00062,-0.0019));
#3459=CARTESIAN_POINT('',(0.0019,-0.00062,-0.00250706902436226));
#3460=CARTESIAN_POINT('',(0.0019,-0.00072,-0.00250706902436226));
#3461=CARTESIAN_POINT('',(0.0019,-0.00072,-0.00250706902436226));
#3462=CARTESIAN_POINT('',(0.0019,-0.00062,-0.00250706902436226));
#3463=CARTESIAN_POINT('',(0.00118013431513884,-0.00062,-0.0018));
#3464=CARTESIAN_POINT('',(0.00118013431513884,-0.00072,-0.0018));
#3465=CARTESIAN_POINT('',(0.00118013431513884,-0.00072,-0.0018));
#3466=CARTESIAN_POINT('',(0.00118013431513884,-0.00062,-0.0018));
#3467=CARTESIAN_POINT('',(0.00118013431513884,-0.00062,-0.0014));
#3468=CARTESIAN_POINT('',(0.00118013431513884,-0.00072,-0.0014));
#3469=CARTESIAN_POINT('',(0.00118013431513884,-0.00072,-0.0014));
#3470=CARTESIAN_POINT('',(0.00118013431513884,-0.00062,-0.0014));
#3471=CARTESIAN_POINT('',(0.0019,-0.00062,-0.000692930975637745));
#3472=CARTESIAN_POINT('',(0.0019,-0.00072,-0.000692930975637745));
#3473=CARTESIAN_POINT('',(0.0019,-0.00072,-0.000692930975637744));
#3474=CARTESIAN_POINT('',(0.0019,-0.00062,-0.000692930975637745));
#3475=CARTESIAN_POINT('',(0.00253013431513884,-0.00062,-0.0013));
#3476=CARTESIAN_POINT('',(0.00253013431513884,-0.00072,-0.0013));
#3477=CARTESIAN_POINT('',(0.00253013431513884,-0.00072,-0.0013));
#3478=CARTESIAN_POINT('',(0.00253013431513884,-0.00062,-0.0013));
#3479=CARTESIAN_POINT('',(0.0033,-0.00062,-0.0013));
#3480=CARTESIAN_POINT('',(0.0033,-0.00072,-0.0013));
#3481=CARTESIAN_POINT('',(0.0033,-0.00072,-0.0013));
#3482=CARTESIAN_POINT('',(0.0033,-0.00062,-0.0013));
#3483=CARTESIAN_POINT('',(0.00380188483324868,-0.00062,-0.000779046297890159));
#3484=CARTESIAN_POINT('',(0.00380188483324868,-0.00072,-0.000779046297890159));
#3485=CARTESIAN_POINT('',(0.00262198621171296,-0.00072,-0.0016));
#3486=CARTESIAN_POINT('',(0.00205,-0.00072,-0.001725));
#3487=CARTESIAN_POINT('',(0.00205,-0.00072,-0.00135));
#3488=CARTESIAN_POINT('',(0.00205,-0.00072,-0.00185));
#3489=CARTESIAN_POINT('',(0.00208599310585648,-0.00072,-0.00185));
#3490=CARTESIAN_POINT('',(0.00155,-0.00072,-0.00185));
#3491=CARTESIAN_POINT('',(0.00155,-0.00072,-0.001475));
#3492=CARTESIAN_POINT('',(0.00155,-0.00072,-0.00135));
#3493=CARTESIAN_POINT('',(0.00233599310585648,-0.00072,-0.00135));
#3494=CARTESIAN_POINT('',(0.00205,-0.00072,-0.00135));
#3495=CARTESIAN_POINT('',(0.00155,-0.00072,-0.00135));
#3496=CARTESIAN_POINT('',(0.00155,-0.00082,-0.00135));
#3497=CARTESIAN_POINT('',(0.00155,-0.00082,-0.00135));
#3498=CARTESIAN_POINT('',(0.00205,-0.00082,-0.00135));
#3499=CARTESIAN_POINT('',(0.00205,-0.00072,-0.00135));
#3500=CARTESIAN_POINT('',(0.00205,-0.00072,-0.00185));
#3501=CARTESIAN_POINT('',(0.00205,-0.00082,-0.00135));
#3502=CARTESIAN_POINT('',(0.00205,-0.00082,-0.00185));
#3503=CARTESIAN_POINT('',(0.00205,-0.00072,-0.00185));
#3504=CARTESIAN_POINT('',(0.00155,-0.00072,-0.00185));
#3505=CARTESIAN_POINT('',(0.00205,-0.00082,-0.00185));
#3506=CARTESIAN_POINT('',(0.00155,-0.00082,-0.00185));
#3507=CARTESIAN_POINT('',(0.00155,-0.00072,-0.00185));
#3508=CARTESIAN_POINT('',(0.00155,-0.00072,-0.00135));
#3509=CARTESIAN_POINT('',(0.00155,-0.00082,-0.00185));
#3510=CARTESIAN_POINT('',(0.0018,-0.00082,-0.0016));
#3511=CARTESIAN_POINT('',(0.0022,-0.00062,-0.0016));
#3512=CARTESIAN_POINT('',(0.00199961818033648,-0.00062,0.000188811652004854));
#3513=CARTESIAN_POINT('',(0.00199961818033648,-0.00072,0.000188811652004854));
#3514=CARTESIAN_POINT('',(0.0022,-0.00072,-0.0016));
#3515=CARTESIAN_POINT('',(0.00369666295470958,-0.00072,-0.0006));
#3516=CARTESIAN_POINT('',(0.00369666295470958,-0.00062,-0.0006));
#3517=CARTESIAN_POINT('',(0.00321496483910346,-0.00062,-0.0011));
#3518=CARTESIAN_POINT('',(0.00321496483910346,-0.00072,-0.0011));
#3519=CARTESIAN_POINT('',(0.00321496483910346,-0.00072,-0.0011));
#3520=CARTESIAN_POINT('',(0.00321496483910346,-0.00062,-0.0011));
#3521=CARTESIAN_POINT('',(0.00261080144318147,-0.00062,-0.0011));
#3522=CARTESIAN_POINT('',(0.00261080144318147,-0.00072,-0.0011));
#3523=CARTESIAN_POINT('',(0.00261080144318147,-0.00072,-0.0011));
#3524=CARTESIAN_POINT('',(0.00261080144318147,-0.00062,-0.0011));
#3525=CARTESIAN_POINT('',(0.00199961818033648,-0.00062,-0.000511188347995146));
#3526=CARTESIAN_POINT('',(0.00199961818033648,-0.00072,-0.000511188347995146));
#3527=CARTESIAN_POINT('',(0.00199961818033648,-0.00072,-0.000511188347995146));
#3528=CARTESIAN_POINT('',(0.00199961818033648,-0.00062,-0.000511188347995146));
#3529=CARTESIAN_POINT('',(0.00199961818033648,-0.00062,0.000188811652004854));
#3530=CARTESIAN_POINT('',(0.00199961818033648,-0.00072,0.000188811652004854));
#3531=CARTESIAN_POINT('',(0.00273584405736023,-0.00072,-0.00049080484763601));
#3532=CARTESIAN_POINT('',(0.00301496483910346,-0.00072,-0.000620402423818005));
#3533=CARTESIAN_POINT('',(0.00301496483910346,-0.00072,-0.00025));
#3534=CARTESIAN_POINT('',(0.00301496483910346,-0.00072,-0.00075));
#3535=CARTESIAN_POINT('',(0.00262540444823184,-0.00072,-0.00075));
#3536=CARTESIAN_POINT('',(0.00251496483910346,-0.00072,-0.00075));
#3537=CARTESIAN_POINT('',(0.00251496483910346,-0.00072,-0.000370402423818005));
#3538=CARTESIAN_POINT('',(0.00251496483910346,-0.00072,-0.00025));
#3539=CARTESIAN_POINT('',(0.00287540444823184,-0.00072,-0.00025));
#3540=CARTESIAN_POINT('',(0.00301496483910346,-0.00072,-0.00025));
#3541=CARTESIAN_POINT('',(0.00251496483910346,-0.00072,-0.00025));
#3542=CARTESIAN_POINT('',(0.00251496483910346,-0.00082,-0.00025));
#3543=CARTESIAN_POINT('',(0.00251496483910346,-0.00082,-0.00025));
#3544=CARTESIAN_POINT('',(0.00301496483910346,-0.00082,-0.00025));
#3545=CARTESIAN_POINT('',(0.00301496483910346,-0.00072,-0.00025));
#3546=CARTESIAN_POINT('',(0.00301496483910346,-0.00072,-0.00075));
#3547=CARTESIAN_POINT('',(0.00301496483910346,-0.00082,-0.00025));
#3548=CARTESIAN_POINT('',(0.00301496483910346,-0.00082,-0.00075));
#3549=CARTESIAN_POINT('',(0.00301496483910346,-0.00072,-0.00075));
#3550=CARTESIAN_POINT('',(0.00251496483910346,-0.00072,-0.00075));
#3551=CARTESIAN_POINT('',(0.00301496483910346,-0.00082,-0.00075));
#3552=CARTESIAN_POINT('',(0.00251496483910346,-0.00082,-0.00075));
#3553=CARTESIAN_POINT('',(0.00251496483910346,-0.00072,-0.00075));
#3554=CARTESIAN_POINT('',(0.00251496483910346,-0.00072,-0.00025));
#3555=CARTESIAN_POINT('',(0.00251496483910346,-0.00082,-0.00075));
#3556=CARTESIAN_POINT('',(0.00276496483910346,-0.00082,-0.0005));
#3557=CARTESIAN_POINT('',(0.0022,-0.00062,-0.0016));
#3558=CARTESIAN_POINT('',(0.000548949519773902,-0.00062,-0.000883039532648298));
#3559=CARTESIAN_POINT('',(0.000548949519773902,-0.00072,-0.000883039532648298));
#3560=CARTESIAN_POINT('',(0.0022,-0.00072,-0.0016));
#3561=CARTESIAN_POINT('',(0.00179961818033648,-0.00072,0.000154905809005978));
#3562=CARTESIAN_POINT('',(0.00179961818033648,-0.00062,0.000154905809005978));
#3563=CARTESIAN_POINT('',(0.00179961818033648,-0.00062,-0.000511188347995146));
#3564=CARTESIAN_POINT('',(0.00179961818033648,-0.00072,-0.000511188347995146));
#3565=CARTESIAN_POINT('',(0.00179961818033648,-0.00072,-0.00051118834799515));
#3566=CARTESIAN_POINT('',(0.00179961818033648,-0.00062,-0.000511188347995146));
#3567=CARTESIAN_POINT('',(0.00122888267408906,-0.00062,-0.00107177819976603));
#3568=CARTESIAN_POINT('',(0.00122888267408906,-0.00072,-0.00107177819976603));
#3569=CARTESIAN_POINT('',(0.00122888267408906,-0.00072,-0.00107177819976603));
#3570=CARTESIAN_POINT('',(0.00122888267408906,-0.00062,-0.00107177819976603));
#3571=CARTESIAN_POINT('',(0.000548949519773902,-0.00062,-0.000883039532648298));
#3572=CARTESIAN_POINT('',(0.000548949519773902,-0.00072,-0.000883039532648298));
#3573=CARTESIAN_POINT('',(0.00128577398880953,-0.00072,-0.000517005792384109));
#3574=CARTESIAN_POINT('',(0.0022,-0.00162,-0.0016));
#3575=CARTESIAN_POINT('',(0.00045,-0.00162,0.00065));
#3576=CARTESIAN_POINT('',(0.0007,-0.00162,0.0009));
#3577=CARTESIAN_POINT('',(-0.0003,-0.00162,-0.0001));
#3578=CARTESIAN_POINT('',(-0.0003,-0.00162,-0.0041));
#3579=CARTESIAN_POINT('',(-0.0003,-0.00162,-0.00405));
#3580=CARTESIAN_POINT('',(-0.00025,-0.00162,-0.00405));
#3581=CARTESIAN_POINT('',(-0.00025,-0.00162,-0.0041));
#3582=CARTESIAN_POINT('',(0.0047,-0.00162,-0.0041));
#3583=CARTESIAN_POINT('',(0.00465,-0.00162,-0.0041));
#3584=CARTESIAN_POINT('',(0.00465,-0.00162,-0.00405));
#3585=CARTESIAN_POINT('',(0.0047,-0.00162,-0.00405));
#3586=CARTESIAN_POINT('',(0.0047,-0.00162,0.0009));
#3587=CARTESIAN_POINT('',(0.0047,-0.00162,0.00085));
#3588=CARTESIAN_POINT('',(0.00465,-0.00162,0.00085));
#3589=CARTESIAN_POINT('',(0.00465,-0.00162,0.0009));
#3590=CARTESIAN_POINT('',(-0.0003,-0.00162,0.0009));
#3591=CARTESIAN_POINT('',(0.0047,-2.E-5,0.0009));
#3592=CARTESIAN_POINT('',(0.0007,-0.00082,0.0009));
#3593=CARTESIAN_POINT('',(0.0007,-0.00142,0.0009));
#3594=CARTESIAN_POINT('',(0.00465,-2.E-5,0.0009));
#3595=CARTESIAN_POINT('',(0.00465,-7.E-5,0.0009));
#3596=CARTESIAN_POINT('',(0.00345,-7.E-5,0.0009));
#3597=CARTESIAN_POINT('',(-0.00025,-7.E-5,0.0009));
#3598=CARTESIAN_POINT('',(-0.00025,-2.E-5,0.0009));
#3599=CARTESIAN_POINT('',(-0.00025,-0.00142,0.0009));
#3600=CARTESIAN_POINT('',(0.00237677669529664,-0.00142,0.0009));
#3601=CARTESIAN_POINT('',(5.35533905932729E-5,-0.00142,0.000546446609406726));
#3602=CARTESIAN_POINT('',(-0.00025,-0.00142,0.00085));
#3603=CARTESIAN_POINT('',(-0.0003,-0.00142,0.00085));
#3604=CARTESIAN_POINT('',(-0.0003,-0.00142,0.000723223304703363));
#3605=CARTESIAN_POINT('',(-0.0003,-0.00142,-0.0001));
#3606=CARTESIAN_POINT('',(-0.0003,-0.00142,-0.0001));
#3607=CARTESIAN_POINT('',(0.0007,-0.00162,0.0009));
#3608=CARTESIAN_POINT('',(-0.0003,-0.00082,-0.0001));
#3609=CARTESIAN_POINT('',(-0.0003,-2.E-5,0.0009));
#3610=CARTESIAN_POINT('',(-0.0003,-2.E-5,0.00085));
#3611=CARTESIAN_POINT('',(-0.0003,-7.E-5,0.00085));
#3612=CARTESIAN_POINT('',(-0.0003,-7.E-5,-0.00035));
#3613=CARTESIAN_POINT('',(-0.0003,-7.E-5,0.00045));
#3614=CARTESIAN_POINT('',(-0.0003,-2.E-5,0.00045));
#3615=CARTESIAN_POINT('',(-0.0003,-0.00077,0.00045));
#3616=CARTESIAN_POINT('',(-0.0003,-0.00077,0.00045));
#3617=CARTESIAN_POINT('',(-0.0003,-0.00077,-0.00045));
#3618=CARTESIAN_POINT('',(-0.0003,-2.E-5,-0.00045));
#3619=CARTESIAN_POINT('',(-0.0003,-7.E-5,-0.00045));
#3620=CARTESIAN_POINT('',(-0.0003,-7.E-5,-0.00035));
#3621=CARTESIAN_POINT('',(-0.0003,-7.E-5,-0.00115));
#3622=CARTESIAN_POINT('',(-0.0003,-2.E-5,-0.00115));
#3623=CARTESIAN_POINT('',(-0.0003,-0.00077,-0.00115));
#3624=CARTESIAN_POINT('',(-0.0003,-0.00077,-0.00035));
#3625=CARTESIAN_POINT('',(-0.0003,-0.00077,-0.00205));
#3626=CARTESIAN_POINT('',(-0.0003,-2.E-5,-0.00205));
#3627=CARTESIAN_POINT('',(-0.0003,-7.E-5,-0.00205));
#3628=CARTESIAN_POINT('',(-0.0003,-7.E-5,-0.00035));
#3629=CARTESIAN_POINT('',(-0.0003,-7.E-5,-0.00275));
#3630=CARTESIAN_POINT('',(-0.0003,-2.E-5,-0.00275));
#3631=CARTESIAN_POINT('',(-0.0003,-0.00077,-0.00275));
#3632=CARTESIAN_POINT('',(-0.0003,-0.00077,-0.00115));
#3633=CARTESIAN_POINT('',(-0.0003,-0.00077,-0.00365));
#3634=CARTESIAN_POINT('',(-0.0003,-2.E-5,-0.00365));
#3635=CARTESIAN_POINT('',(-0.0003,-7.E-5,-0.00365));
#3636=CARTESIAN_POINT('',(-0.0003,-7.E-5,-0.00035));
#3637=CARTESIAN_POINT('',(-0.0003,-7.E-5,-0.00405));
#3638=CARTESIAN_POINT('',(-0.0003,-2.E-5,-0.00405));
#3639=CARTESIAN_POINT('',(-0.00025,-2.E-5,-0.00405));
#3640=CARTESIAN_POINT('',(-0.00025,-7.E-5,-0.00405));
#3641=CARTESIAN_POINT('',(-0.00025,-7.E-5,-0.0041));
#3642=CARTESIAN_POINT('',(-0.00025,-2.E-5,-0.0041));
#3643=CARTESIAN_POINT('',(-0.0003,-2.E-5,-0.0041));
#3644=CARTESIAN_POINT('',(0.00465,-2.E-5,-0.0041));
#3645=CARTESIAN_POINT('',(0.00465,-7.E-5,-0.0041));
#3646=CARTESIAN_POINT('',(0.00095,-7.E-5,-0.0041));
#3647=CARTESIAN_POINT('',(0.00095,-7.E-5,-0.00405));
#3648=CARTESIAN_POINT('',(-0.00025,-7.E-5,-0.00405));
#3649=CARTESIAN_POINT('',(-0.00025,-2.E-5,-0.00405));
#3650=CARTESIAN_POINT('',(0.00095,-2.E-5,-0.00405));
#3651=CARTESIAN_POINT('',(0.00465,-2.E-5,-0.00405));
#3652=CARTESIAN_POINT('',(0.00465,-7.E-5,-0.00405));
#3653=CARTESIAN_POINT('',(0.00465,-7.E-5,-0.00405));
#3654=CARTESIAN_POINT('',(0.00465,-7.E-5,-0.00405));
#3655=CARTESIAN_POINT('',(0.0047,-7.E-5,-0.00405));
#3656=CARTESIAN_POINT('',(0.00465,-7.E-5,-0.00405));
#3657=CARTESIAN_POINT('',(0.00465,-2.E-5,-0.00405));
#3658=CARTESIAN_POINT('',(0.0047,-2.E-5,-0.00405));
#3659=CARTESIAN_POINT('',(0.0047,-2.E-5,-0.0041));
#3660=CARTESIAN_POINT('',(0.0047,-2.E-5,0.00085));
#3661=CARTESIAN_POINT('',(0.0047,-7.E-5,0.00085));
#3662=CARTESIAN_POINT('',(0.0047,-7.E-5,-0.00285));
#3663=CARTESIAN_POINT('',(0.0047,-7.E-5,-0.00365));
#3664=CARTESIAN_POINT('',(0.0047,-2.E-5,-0.00365));
#3665=CARTESIAN_POINT('',(0.0047,-0.00077,-0.00365));
#3666=CARTESIAN_POINT('',(0.0047,-0.00077,-0.00365));
#3667=CARTESIAN_POINT('',(0.0047,-0.00077,-0.00275));
#3668=CARTESIAN_POINT('',(0.0047,-2.E-5,-0.00275));
#3669=CARTESIAN_POINT('',(0.0047,-7.E-5,-0.00275));
#3670=CARTESIAN_POINT('',(0.0047,-7.E-5,-0.00285));
#3671=CARTESIAN_POINT('',(0.0047,-7.E-5,-0.00205));
#3672=CARTESIAN_POINT('',(0.0047,-2.E-5,-0.00205));
#3673=CARTESIAN_POINT('',(0.0047,-0.00077,-0.00205));
#3674=CARTESIAN_POINT('',(0.0047,-0.00077,-0.00285));
#3675=CARTESIAN_POINT('',(0.0047,-0.00077,-0.00115));
#3676=CARTESIAN_POINT('',(0.0047,-2.E-5,-0.00115));
#3677=CARTESIAN_POINT('',(0.0047,-7.E-5,-0.00115));
#3678=CARTESIAN_POINT('',(0.0047,-7.E-5,-0.00285));
#3679=CARTESIAN_POINT('',(0.0047,-7.E-5,-0.00045));
#3680=CARTESIAN_POINT('',(0.0047,-2.E-5,-0.00045));
#3681=CARTESIAN_POINT('',(0.0047,-0.00077,-0.00045));
#3682=CARTESIAN_POINT('',(0.0047,-0.00077,-0.00205));
#3683=CARTESIAN_POINT('',(0.0047,-0.00077,0.00045));
#3684=CARTESIAN_POINT('',(0.0047,-2.E-5,0.00045));
#3685=CARTESIAN_POINT('',(0.0047,-7.E-5,0.00045));
#3686=CARTESIAN_POINT('',(0.0047,-7.E-5,-0.00285));
#3687=CARTESIAN_POINT('',(0.00465,-7.E-5,-0.00285));
#3688=CARTESIAN_POINT('',(0.00465,-7.E-5,0.00045));
#3689=CARTESIAN_POINT('',(0.00465,-2.E-5,0.00045));
#3690=CARTESIAN_POINT('',(0.00465,-2.E-5,-0.00285));
#3691=CARTESIAN_POINT('',(0.00465,-2.E-5,0.00085));
#3692=CARTESIAN_POINT('',(0.00465,-7.E-5,0.00085));
#3693=CARTESIAN_POINT('',(0.00465,-7.E-5,0.00085));
#3694=CARTESIAN_POINT('',(0.00465,-7.E-5,0.00085));
#3695=CARTESIAN_POINT('',(0.00465,-7.E-5,0.00085));
#3696=CARTESIAN_POINT('',(0.00465,-2.E-5,0.00085));
#3697=CARTESIAN_POINT('',(0.00345,-7.E-5,0.00085));
#3698=CARTESIAN_POINT('',(0.00345,-2.E-5,0.00085));
#3699=CARTESIAN_POINT('',(-0.00025,-2.E-5,0.00085));
#3700=CARTESIAN_POINT('',(-0.00025,-7.E-5,0.00085));
#3701=CARTESIAN_POINT('',(-0.00025,-7.E-5,0.00085));
#3702=CARTESIAN_POINT('',(-0.00025,-7.E-5,0.00085));
#3703=CARTESIAN_POINT('',(-0.00025,-7.E-5,0.00085));
#3704=CARTESIAN_POINT('',(-0.00025,-7.E-5,-0.00035));
#3705=CARTESIAN_POINT('',(-0.00025,-7.E-5,0.00045));
#3706=CARTESIAN_POINT('',(-0.00025,-2.E-5,0.00045));
#3707=CARTESIAN_POINT('',(-0.00025,-2.E-5,-0.00035));
#3708=CARTESIAN_POINT('',(0.0022,-2.E-5,-0.0016));
#3709=CARTESIAN_POINT('',(-0.00025,-2.E-5,-0.00035));
#3710=CARTESIAN_POINT('',(-0.00025,-2.E-5,-0.00205));
#3711=CARTESIAN_POINT('',(-0.00025,-2.E-5,-0.00275));
#3712=CARTESIAN_POINT('',(-0.0005,-2.E-5,-0.00205));
#3713=CARTESIAN_POINT('',(0.0005,-2.E-5,-0.00205));
#3714=CARTESIAN_POINT('',(0.0005,-2.E-5,-0.00205));
#3715=CARTESIAN_POINT('',(0.0005,-2.E-5,-0.00115));
#3716=CARTESIAN_POINT('',(0.0005,-2.E-5,-0.00115));
#3717=CARTESIAN_POINT('',(-0.00025,-2.E-5,-0.00115));
#3718=CARTESIAN_POINT('',(-0.00025,-2.E-5,-0.00035));
#3719=CARTESIAN_POINT('',(-0.00025,-2.E-5,-0.00045));
#3720=CARTESIAN_POINT('',(-0.0005,-2.E-5,-0.00045));
#3721=CARTESIAN_POINT('',(0.0005,-2.E-5,-0.00045));
#3722=CARTESIAN_POINT('',(0.0005,-2.E-5,-0.00045));
#3723=CARTESIAN_POINT('',(0.0005,-2.E-5,0.00045));
#3724=CARTESIAN_POINT('',(0.0005,-2.E-5,0.00045));
#3725=CARTESIAN_POINT('',(0.0049,-2.E-5,0.00045));
#3726=CARTESIAN_POINT('',(0.0039,-2.E-5,0.00045));
#3727=CARTESIAN_POINT('',(0.0039,-2.E-5,0.00045));
#3728=CARTESIAN_POINT('',(0.0039,-2.E-5,-0.00045));
#3729=CARTESIAN_POINT('',(0.0039,-2.E-5,-0.00045));
#3730=CARTESIAN_POINT('',(0.00465,-2.E-5,-0.00045));
#3731=CARTESIAN_POINT('',(0.00465,-2.E-5,-0.00285));
#3732=CARTESIAN_POINT('',(0.00465,-2.E-5,-0.00115));
#3733=CARTESIAN_POINT('',(0.0049,-2.E-5,-0.00115));
#3734=CARTESIAN_POINT('',(0.0039,-2.E-5,-0.00115));
#3735=CARTESIAN_POINT('',(0.0039,-2.E-5,-0.00115));
#3736=CARTESIAN_POINT('',(0.0039,-2.E-5,-0.00205));
#3737=CARTESIAN_POINT('',(0.0039,-2.E-5,-0.00205));
#3738=CARTESIAN_POINT('',(0.00465,-2.E-5,-0.00205));
#3739=CARTESIAN_POINT('',(0.00465,-2.E-5,-0.00285));
#3740=CARTESIAN_POINT('',(0.00465,-2.E-5,-0.00275));
#3741=CARTESIAN_POINT('',(0.0049,-2.E-5,-0.00275));
#3742=CARTESIAN_POINT('',(0.0039,-2.E-5,-0.00275));
#3743=CARTESIAN_POINT('',(0.0039,-2.E-5,-0.00275));
#3744=CARTESIAN_POINT('',(0.0039,-2.E-5,-0.00365));
#3745=CARTESIAN_POINT('',(0.0039,-2.E-5,-0.00365));
#3746=CARTESIAN_POINT('',(0.00465,-2.E-5,-0.00365));
#3747=CARTESIAN_POINT('',(0.00465,-2.E-5,-0.00285));
#3748=CARTESIAN_POINT('',(-0.00025,-2.E-5,-0.00035));
#3749=CARTESIAN_POINT('',(-0.00025,-2.E-5,-0.00365));
#3750=CARTESIAN_POINT('',(-0.0005,-2.E-5,-0.00365));
#3751=CARTESIAN_POINT('',(0.0005,-2.E-5,-0.00365));
#3752=CARTESIAN_POINT('',(0.0005,-2.E-5,-0.00365));
#3753=CARTESIAN_POINT('',(0.0005,-2.E-5,-0.00275));
#3754=CARTESIAN_POINT('',(0.0005,-2.E-5,-0.00275));
#3755=CARTESIAN_POINT('',(0.0005,0.,-0.00275));
#3756=CARTESIAN_POINT('',(-0.0004,-0.0001,-0.00275));
#3757=CARTESIAN_POINT('',(-0.0005,-0.0001,-0.00275));
#3758=CARTESIAN_POINT('',(-0.0004,2.31296463463575E-21,-0.00275));
#3759=CARTESIAN_POINT('',(-0.0005,0.,-0.00275));
#3760=CARTESIAN_POINT('',(-0.0005,-0.00067,-0.00275));
#3761=CARTESIAN_POINT('',(-0.0004,-0.00067,-0.00275));
#3762=CARTESIAN_POINT('',(-0.0004,-0.00077,-0.00275));
#3763=CARTESIAN_POINT('',(-0.0003,-0.00077,-0.00275));
#3764=CARTESIAN_POINT('',(-0.00025,-7.E-5,-0.00275));
#3765=CARTESIAN_POINT('',(0.0005,0.,-0.00275));
#3766=CARTESIAN_POINT('',(0.0005,0.,-0.00275));
#3767=CARTESIAN_POINT('',(0.0005,0.,-0.00275));
#3768=CARTESIAN_POINT('',(1.03822185579039E-18,0.,-0.0032));
#3769=CARTESIAN_POINT('',(-0.0004,0.,-0.002975));
#3770=CARTESIAN_POINT('',(-0.0004,2.31296463463575E-21,-0.00365));
#3771=CARTESIAN_POINT('',(0.0005,0.,-0.00365));
#3772=CARTESIAN_POINT('',(0.0005,0.,-0.00365));
#3773=CARTESIAN_POINT('',(-0.0005,0.,-0.00365));
#3774=CARTESIAN_POINT('',(-0.0005,0.,-0.00365));
#3775=CARTESIAN_POINT('',(-0.0004,-0.0001,-0.00365));
#3776=CARTESIAN_POINT('',(-0.0005,-0.0001,-0.00365));
#3777=CARTESIAN_POINT('',(0.0005,0.,-0.00365));
#3778=CARTESIAN_POINT('',(-0.00025,-7.E-5,-0.00365));
#3779=CARTESIAN_POINT('',(-0.0005,-0.00077,-0.00365));
#3780=CARTESIAN_POINT('',(-0.0004,-0.00077,-0.00365));
#3781=CARTESIAN_POINT('',(-0.0004,-0.00067,-0.00365));
#3782=CARTESIAN_POINT('',(-0.0005,-0.00067,-0.00365));
#3783=CARTESIAN_POINT('',(-0.0005,0.,-0.00365));
#3784=CARTESIAN_POINT('',(-0.0005,0.,-0.00275));
#3785=CARTESIAN_POINT('',(-0.0005,-0.0001,-0.002975));
#3786=CARTESIAN_POINT('',(-0.0005,-0.00067,-0.002975));
#3787=CARTESIAN_POINT('',(-0.0004,-0.00067,-0.002975));
#3788=CARTESIAN_POINT('',(-0.0004,-0.00077,-0.002975));
#3789=CARTESIAN_POINT('',(-0.0004,-0.00077,-0.0032));
#3790=CARTESIAN_POINT('',(-0.0004,-0.0001,-0.002975));
#3791=CARTESIAN_POINT('',(-0.00025,-7.E-5,-0.00035));
#3792=CARTESIAN_POINT('',(-0.00025,-7.E-5,-0.00405));
#3793=CARTESIAN_POINT('',(-0.00025,-7.E-5,-0.00405));
#3794=CARTESIAN_POINT('',(0.0005,0.,-0.00365));
#3795=CARTESIAN_POINT('',(-0.00025,-7.E-5,-0.00035));
#3796=CARTESIAN_POINT('',(-0.00025,-7.E-5,-0.00205));
#3797=CARTESIAN_POINT('',(-0.0005,0.,-0.00205));
#3798=CARTESIAN_POINT('',(-0.0004,-0.0001,-0.00205));
#3799=CARTESIAN_POINT('',(-0.0004,2.31296463463575E-21,-0.00205));
#3800=CARTESIAN_POINT('',(-0.0005,-0.0001,-0.00205));
#3801=CARTESIAN_POINT('',(-0.0005,0.,-0.00205));
#3802=CARTESIAN_POINT('',(0.0005,0.,-0.00205));
#3803=CARTESIAN_POINT('',(0.0005,0.,-0.00205));
#3804=CARTESIAN_POINT('',(-0.0005,-0.00077,-0.00205));
#3805=CARTESIAN_POINT('',(-0.0004,-0.00077,-0.00205));
#3806=CARTESIAN_POINT('',(-0.0004,-0.00067,-0.00205));
#3807=CARTESIAN_POINT('',(-0.0005,-0.00067,-0.00205));
#3808=CARTESIAN_POINT('',(-0.0005,0.,-0.00205));
#3809=CARTESIAN_POINT('',(-0.0005,0.,-0.00115));
#3810=CARTESIAN_POINT('',(-0.0005,-0.0001,-0.001375));
#3811=CARTESIAN_POINT('',(-0.0005,-0.0001,-0.00115));
#3812=CARTESIAN_POINT('',(-0.0005,-0.00067,-0.001375));
#3813=CARTESIAN_POINT('',(-0.0005,-0.00067,-0.00115));
#3814=CARTESIAN_POINT('',(-0.0005,0.,-0.00115));
#3815=CARTESIAN_POINT('',(0.0005,0.,-0.00115));
#3816=CARTESIAN_POINT('',(-0.0004,-0.0001,-0.00115));
#3817=CARTESIAN_POINT('',(-0.0004,0.,-0.00115));
#3818=CARTESIAN_POINT('',(-0.0004,-0.00067,-0.00115));
#3819=CARTESIAN_POINT('',(-0.0004,-0.00077,-0.00115));
#3820=CARTESIAN_POINT('',(-0.0003,-0.00077,-0.00115));
#3821=CARTESIAN_POINT('',(-0.00025,-7.E-5,-0.00115));
#3822=CARTESIAN_POINT('',(0.0005,0.,-0.00115));
#3823=CARTESIAN_POINT('',(0.0005,0.,-0.00115));
#3824=CARTESIAN_POINT('',(0.0005,0.,-0.00115));
#3825=CARTESIAN_POINT('',(5.4478940040143E-19,0.,-0.0016));
#3826=CARTESIAN_POINT('',(-0.0004,0.,-0.001375));
#3827=CARTESIAN_POINT('',(0.0005,0.,-0.00205));
#3828=CARTESIAN_POINT('',(0.0005,0.,-0.00205));
#3829=CARTESIAN_POINT('',(-0.0004,-0.0001,-0.001375));
#3830=CARTESIAN_POINT('',(-0.00025,-7.E-5,-0.00035));
#3831=CARTESIAN_POINT('',(-0.00025,-7.E-5,-0.00045));
#3832=CARTESIAN_POINT('',(-0.0005,0.,-0.00045));
#3833=CARTESIAN_POINT('',(-0.0004,-0.0001,-0.00045));
#3834=CARTESIAN_POINT('',(-0.0004,0.,-0.00045));
#3835=CARTESIAN_POINT('',(-0.0005,-0.0001,-0.00045));
#3836=CARTESIAN_POINT('',(-0.0005,0.,-0.00045));
#3837=CARTESIAN_POINT('',(0.0005,0.,-0.00045));
#3838=CARTESIAN_POINT('',(0.0005,0.,-0.00045));
#3839=CARTESIAN_POINT('',(-0.0005,-0.00077,-0.00045));
#3840=CARTESIAN_POINT('',(-0.0004,-0.00077,-0.00045));
#3841=CARTESIAN_POINT('',(-0.0004,-0.00067,-0.00045));
#3842=CARTESIAN_POINT('',(-0.0005,-0.00067,-0.00045));
#3843=CARTESIAN_POINT('',(-0.0005,0.,-0.00045));
#3844=CARTESIAN_POINT('',(-0.0005,0.,0.00045));
#3845=CARTESIAN_POINT('',(-0.0005,-0.0001,0.000225));
#3846=CARTESIAN_POINT('',(-0.0005,-0.0001,0.00045));
#3847=CARTESIAN_POINT('',(-0.0005,-0.00067,0.000225));
#3848=CARTESIAN_POINT('',(-0.0005,-0.00067,0.00045));
#3849=CARTESIAN_POINT('',(-0.0005,0.,0.00045));
#3850=CARTESIAN_POINT('',(0.0005,0.,0.00045));
#3851=CARTESIAN_POINT('',(-0.0004,-0.0001,0.00045));
#3852=CARTESIAN_POINT('',(-0.0004,2.31296463463575E-21,0.00045));
#3853=CARTESIAN_POINT('',(-0.0004,-0.00067,0.00045));
#3854=CARTESIAN_POINT('',(-0.0004,-0.00077,0.00045));
#3855=CARTESIAN_POINT('',(-0.0003,-0.00077,0.00045));
#3856=CARTESIAN_POINT('',(0.0005,0.,0.00045));
#3857=CARTESIAN_POINT('',(0.0005,0.,0.00045));
#3858=CARTESIAN_POINT('',(0.0005,0.,0.00045));
#3859=CARTESIAN_POINT('',(5.13569450124713E-20,0.,-6.71064081496291E-20));
#3860=CARTESIAN_POINT('',(-0.0004,0.,0.000225));
#3861=CARTESIAN_POINT('',(0.0005,0.,-0.00045));
#3862=CARTESIAN_POINT('',(0.0005,0.,-0.00045));
#3863=CARTESIAN_POINT('',(-0.0004,-0.0001,0.000225));
#3864=CARTESIAN_POINT('',(-0.0004,-0.00077,-6.93889390390723E-20));
#3865=CARTESIAN_POINT('',(-0.0004,-0.00077,0.000225));
#3866=CARTESIAN_POINT('',(-0.0004,-0.00067,0.000225));
#3867=CARTESIAN_POINT('',(-0.0004,-0.00077,-0.0016));
#3868=CARTESIAN_POINT('',(-0.0004,-0.00077,-0.001375));
#3869=CARTESIAN_POINT('',(-0.0004,-0.00067,-0.001375));
#3870=CARTESIAN_POINT('',(0.00465,-7.E-5,-0.00285));
#3871=CARTESIAN_POINT('',(0.00465,-7.E-5,-0.00365));
#3872=CARTESIAN_POINT('',(0.0039,0.,-0.00365));
#3873=CARTESIAN_POINT('',(0.0048,-0.0001,-0.00365));
#3874=CARTESIAN_POINT('',(0.0049,-0.0001,-0.00365));
#3875=CARTESIAN_POINT('',(0.0048,2.31296463463575E-21,-0.00365));
#3876=CARTESIAN_POINT('',(0.0049,0.,-0.00365));
#3877=CARTESIAN_POINT('',(0.0049,-0.00067,-0.00365));
#3878=CARTESIAN_POINT('',(0.0048,-0.00067,-0.00365));
#3879=CARTESIAN_POINT('',(0.0048,-0.00077,-0.00365));
#3880=CARTESIAN_POINT('',(0.0047,-0.00077,-0.00365));
#3881=CARTESIAN_POINT('',(0.0039,0.,-0.00365));
#3882=CARTESIAN_POINT('',(0.0039,0.,-0.00365));
#3883=CARTESIAN_POINT('',(0.0039,0.,-0.00365));
#3884=CARTESIAN_POINT('',(0.0044,0.,-0.0032));
#3885=CARTESIAN_POINT('',(0.0048,0.,-0.003425));
#3886=CARTESIAN_POINT('',(0.0048,2.31296463463575E-21,-0.00275));
#3887=CARTESIAN_POINT('',(0.0039,0.,-0.00275));
#3888=CARTESIAN_POINT('',(0.0039,0.,-0.00275));
#3889=CARTESIAN_POINT('',(0.0049,0.,-0.00275));
#3890=CARTESIAN_POINT('',(0.0049,0.,-0.00275));
#3891=CARTESIAN_POINT('',(0.0048,-0.0001,-0.00275));
#3892=CARTESIAN_POINT('',(0.0049,-0.0001,-0.00275));
#3893=CARTESIAN_POINT('',(0.0039,0.,-0.00275));
#3894=CARTESIAN_POINT('',(0.00465,-7.E-5,-0.00275));
#3895=CARTESIAN_POINT('',(0.0049,-0.00077,-0.00275));
#3896=CARTESIAN_POINT('',(0.0048,-0.00077,-0.00275));
#3897=CARTESIAN_POINT('',(0.0048,-0.00067,-0.00275));
#3898=CARTESIAN_POINT('',(0.0049,-0.00067,-0.00275));
#3899=CARTESIAN_POINT('',(0.0049,0.,-0.00275));
#3900=CARTESIAN_POINT('',(0.0049,0.,-0.00365));
#3901=CARTESIAN_POINT('',(0.0049,-0.0001,-0.003425));
#3902=CARTESIAN_POINT('',(0.0049,-0.00067,-0.003425));
#3903=CARTESIAN_POINT('',(0.0048,-0.00067,-0.003425));
#3904=CARTESIAN_POINT('',(0.0048,-0.00077,-0.003425));
#3905=CARTESIAN_POINT('',(0.0048,-0.00077,-0.0032));
#3906=CARTESIAN_POINT('',(0.0048,-0.0001,-0.003425));
#3907=CARTESIAN_POINT('',(0.00465,-7.E-5,-0.00285));
#3908=CARTESIAN_POINT('',(0.00465,-7.E-5,-0.00205));
#3909=CARTESIAN_POINT('',(0.0039,0.,-0.00205));
#3910=CARTESIAN_POINT('',(0.0048,-0.0001,-0.00205));
#3911=CARTESIAN_POINT('',(0.0049,-0.0001,-0.00205));
#3912=CARTESIAN_POINT('',(0.0048,0.,-0.00205));
#3913=CARTESIAN_POINT('',(0.0049,0.,-0.00205));
#3914=CARTESIAN_POINT('',(0.0049,-0.00067,-0.00205));
#3915=CARTESIAN_POINT('',(0.0048,-0.00067,-0.00205));
#3916=CARTESIAN_POINT('',(0.0048,-0.00077,-0.00205));
#3917=CARTESIAN_POINT('',(0.0047,-0.00077,-0.00205));
#3918=CARTESIAN_POINT('',(0.0039,0.,-0.00205));
#3919=CARTESIAN_POINT('',(0.0039,0.,-0.00205));
#3920=CARTESIAN_POINT('',(0.0039,0.,-0.00205));
#3921=CARTESIAN_POINT('',(0.0044,0.,-0.0016));
#3922=CARTESIAN_POINT('',(0.0048,0.,-0.001825));
#3923=CARTESIAN_POINT('',(0.0048,0.,-0.00115));
#3924=CARTESIAN_POINT('',(0.0039,0.,-0.00115));
#3925=CARTESIAN_POINT('',(0.0039,0.,-0.00115));
#3926=CARTESIAN_POINT('',(0.0049,0.,-0.00115));
#3927=CARTESIAN_POINT('',(0.0049,0.,-0.00115));
#3928=CARTESIAN_POINT('',(0.0048,-0.0001,-0.00115));
#3929=CARTESIAN_POINT('',(0.0049,-0.0001,-0.00115));
#3930=CARTESIAN_POINT('',(0.0039,0.,-0.00115));
#3931=CARTESIAN_POINT('',(0.00465,-7.E-5,-0.00115));
#3932=CARTESIAN_POINT('',(0.0049,-0.00077,-0.00115));
#3933=CARTESIAN_POINT('',(0.0048,-0.00077,-0.00115));
#3934=CARTESIAN_POINT('',(0.0048,-0.00067,-0.00115));
#3935=CARTESIAN_POINT('',(0.0049,-0.00067,-0.00115));
#3936=CARTESIAN_POINT('',(0.0049,0.,-0.00115));
#3937=CARTESIAN_POINT('',(0.0049,0.,-0.00205));
#3938=CARTESIAN_POINT('',(0.0049,-0.0001,-0.001825));
#3939=CARTESIAN_POINT('',(0.0049,-0.00067,-0.001825));
#3940=CARTESIAN_POINT('',(0.0048,-0.00067,-0.001825));
#3941=CARTESIAN_POINT('',(0.0048,-0.00077,-0.001825));
#3942=CARTESIAN_POINT('',(0.0048,-0.00077,-0.0016));
#3943=CARTESIAN_POINT('',(0.0048,-0.0001,-0.001825));
#3944=CARTESIAN_POINT('',(0.00465,-7.E-5,-0.00285));
#3945=CARTESIAN_POINT('',(0.00465,-7.E-5,-0.00045));
#3946=CARTESIAN_POINT('',(0.0039,0.,-0.00045));
#3947=CARTESIAN_POINT('',(0.0048,-0.0001,-0.00045));
#3948=CARTESIAN_POINT('',(0.0049,-0.0001,-0.00045));
#3949=CARTESIAN_POINT('',(0.0048,2.31296463463575E-21,-0.00045));
#3950=CARTESIAN_POINT('',(0.0049,0.,-0.00045));
#3951=CARTESIAN_POINT('',(0.0049,-0.00067,-0.00045));
#3952=CARTESIAN_POINT('',(0.0048,-0.00067,-0.00045));
#3953=CARTESIAN_POINT('',(0.0048,-0.00077,-0.00045));
#3954=CARTESIAN_POINT('',(0.0047,-0.00077,-0.00045));
#3955=CARTESIAN_POINT('',(0.0039,0.,-0.00045));
#3956=CARTESIAN_POINT('',(0.0039,0.,-0.00045));
#3957=CARTESIAN_POINT('',(0.0039,0.,-0.00045));
#3958=CARTESIAN_POINT('',(0.0044,0.,5.55111512312578E-19));
#3959=CARTESIAN_POINT('',(0.0048,0.,-0.000225));
#3960=CARTESIAN_POINT('',(0.0048,2.31296463463575E-21,0.00045));
#3961=CARTESIAN_POINT('',(0.0039,0.,0.00045));
#3962=CARTESIAN_POINT('',(0.0039,0.,0.00045));
#3963=CARTESIAN_POINT('',(0.0049,0.,0.00045));
#3964=CARTESIAN_POINT('',(0.0049,0.,0.00045));
#3965=CARTESIAN_POINT('',(0.0048,-0.0001,0.00045));
#3966=CARTESIAN_POINT('',(0.0049,-0.0001,0.00045));
#3967=CARTESIAN_POINT('',(0.0039,0.,0.00045));
#3968=CARTESIAN_POINT('',(0.0049,-0.00077,0.00045));
#3969=CARTESIAN_POINT('',(0.0048,-0.00077,0.00045));
#3970=CARTESIAN_POINT('',(0.0048,-0.00067,0.00045));
#3971=CARTESIAN_POINT('',(0.0049,-0.00067,0.00045));
#3972=CARTESIAN_POINT('',(0.0049,0.,0.00045));
#3973=CARTESIAN_POINT('',(0.0049,0.,-0.00045));
#3974=CARTESIAN_POINT('',(0.0049,-0.0001,-0.000225));
#3975=CARTESIAN_POINT('',(0.0049,-0.00067,-0.000225));
#3976=CARTESIAN_POINT('',(0.0048,-0.00067,-0.000225));
#3977=CARTESIAN_POINT('',(0.0048,-0.00077,-0.000225));
#3978=CARTESIAN_POINT('',(0.0048,-0.00077,4.85722573273506E-19));
#3979=CARTESIAN_POINT('',(0.0048,-0.0001,-0.000225));
#3980=CARTESIAN_POINT('',(0.0039,0.,0.00045));
#3981=CARTESIAN_POINT('',(0.0039,0.,-0.00115));
#3982=CARTESIAN_POINT('',(0.0039,0.,-0.00275));
#3983=CARTESIAN_POINT('',(-0.00025,-2.E-5,0.00085));
#3984=MECHANICAL_DESIGN_GEOMETRIC_PRESENTATION_REPRESENTATION('',(#2404),
#3985);
#3985=(
GEOMETRIC_REPRESENTATION_CONTEXT(3)
GLOBAL_UNCERTAINTY_ASSIGNED_CONTEXT((#3986))
GLOBAL_UNIT_ASSIGNED_CONTEXT((#3989,#3988,#3987))
REPRESENTATION_CONTEXT('Part 1','TOP_LEVEL_ASSEMBLY_PART')
);
#3986=UNCERTAINTY_MEASURE_WITH_UNIT(LENGTH_MEASURE(2.E-5),#3989,
'DISTANCE_ACCURACY_VALUE','Maximum Tolerance applied to model');
#3987=(
NAMED_UNIT(*)
SI_UNIT($,.STERADIAN.)
SOLID_ANGLE_UNIT()
);
#3988=(
NAMED_UNIT(*)
PLANE_ANGLE_UNIT()
SI_UNIT($,.RADIAN.)
);
#3989=(
LENGTH_UNIT()
NAMED_UNIT(*)
SI_UNIT($,.METRE.)
);
#3990=PRODUCT_DEFINITION_SHAPE('','',#3991);
#3991=PRODUCT_DEFINITION('','',#3993,#3992);
#3992=PRODUCT_DEFINITION_CONTEXT('',#3999,'design');
#3993=PRODUCT_DEFINITION_FORMATION_WITH_SPECIFIED_SOURCE('','',#3995,
 .NOT_KNOWN.);
#3994=PRODUCT_RELATED_PRODUCT_CATEGORY('','',(#3995));
#3995=PRODUCT('Part 1','Part 1','Part 1',(#3997));
#3996=PRODUCT_CATEGORY('','');
#3997=PRODUCT_CONTEXT('',#3999,'mechanical');
#3998=APPLICATION_PROTOCOL_DEFINITION('international standard',
'ap242_managed_model_based_3d_engineering',2020,#3999);
#3999=APPLICATION_CONTEXT('managed model based 3d engineering');
ENDSEC;
END-ISO-10303-21;
