#VRML V2.0 utf8
# 3D model generated by easyeda2kicad.py (https://github.com/uPesy/easyeda2kicad.py)

Shape{
    appearance Appearance {
        material  Material 	{
            diffuseColor 0.3176470588235294 0.3176470588235294 0.3176470588235294
            specularColor 0.7529411764705882 0.7529411764705882 0.7529411764705882
            ambientIntensity 1.0
            transparency 1.0
            shininess 0.5
        }
    }
    geometry IndexedFaceSet {
        ccw TRUE
        solid FALSE
        coord DEF co Coordinate {
            point [
                1.03 -0.7755 1.3583, 1.03 -0.7755 1.437, 1.04 -0.8105 1.437, 1.0433 -0.8467 1.437, 1.0433 -0.8467 1.3583, 1.04 -0.8105 1.3583, 0.9919 -0.714 1.437, 0.9651 -0.6896 1.3583, 0.9651 -0.6896 1.437, 0.9919 -0.714 1.3583, 1.0138 -0.743 1.437, 1.0138 -0.743 1.3583, 0.8646 -0.6506 1.3583, 0.8646 -0.6506 1.437, 0.9003 -0.6573 1.437, 0.9003 -0.6573 1.3583, 0.9342 -0.6704 1.437, 0.9342 -0.6704 1.3583, 0.7587 -0.6704 1.437, 0.7926 -0.6573 1.437, 0.7587 -0.6704 1.3583, 0.8283 -0.6506 1.437, 0.8283 -0.6506 1.3583, 0.7926 -0.6573 1.3583, 0.701 -0.714 1.437, 0.701 -0.714 1.3583, 0.6791 -0.743 1.3583, 0.7278 -0.6896 1.3583, 0.7278 -0.6896 1.437, 0.6629 -0.7755 1.3583, 0.6791 -0.743 1.437, 0.653 -0.8105 1.3583, 0.6629 -0.7755 1.437, 0.653 -0.8105 1.437, 0.6496 -0.8467 1.3583, 0.6496 -0.8467 1.437, 0.6629 -0.9178 1.3583, 0.6629 -0.9178 1.437, 0.653 -0.8828 1.437, 0.653 -0.8828 1.3583, 0.701 -0.9793 1.437, 0.7278 -1.0037 1.3583, 0.7278 -1.0037 1.437, 0.701 -0.9793 1.3583, 0.6791 -0.9503 1.437, 0.6791 -0.9503 1.3583, 0.8283 -1.0427 1.3583, 0.8283 -1.0427 1.437, 0.7926 -1.036 1.437, 0.7926 -1.036 1.3583, 0.7587 -1.0229 1.437, 0.7587 -1.0229 1.3583, 0.9342 -1.0229 1.437, 0.9003 -1.036 1.437, 0.9342 -1.0229 1.3583, 0.8646 -1.0427 1.437, 0.8646 -1.0427 1.3583, 0.9003 -1.036 1.3583, 0.9919 -0.9793 1.437, 0.9919 -0.9793 1.3583, 1.0138 -0.9503 1.3583, 0.9651 -1.0037 1.3583, 0.9651 -1.0037 1.437, 1.03 -0.9178 1.3583, 1.0138 -0.9503 1.437, 1.04 -0.8828 1.3583, 1.03 -0.9178 1.437, 1.04 -0.8828 1.437, 0.9566 -0.8892 1.5157, 0.9642 -0.9196 1.5131, 0.9756 -0.8967 1.5131, 0.703 -0.9775 1.4574, 0.7088 -0.9722 1.4764, 0.6814 -0.9489 1.4574, 0.769 -1.0022 1.4927, 0.7634 -1.0134 1.4764, 0.7989 -1.0138 1.4927, 0.6556 -0.8823 1.4574, 0.6881 -0.9447 1.4764, 0.6987 -0.9381 1.4927, 0.6727 -0.914 1.4764, 0.6654 -0.9168 1.4574, 0.7592 -0.9262 1.5157, 0.7461 -0.9089 1.5157, 0.7287 -0.9196 1.5131, 0.7417 -0.9853 1.4927, 0.718 -0.9637 1.4927, 0.8304 -1.0197 1.4927, 0.8293 -1.0322 1.4764, 0.8625 -1.0197 1.4927, 0.763 -0.9572 1.5131, 0.7939 -0.9524 1.5157, 0.7753 -0.9409 1.5157, 0.894 -1.0138 1.4927, 0.8636 -1.0322 1.4764, 0.7847 -0.9706 1.5131, 0.8142 -0.9603 1.5157, 0.8789 -0.9602 1.5157, 0.8574 -0.9643 1.5157, 0.8592 -0.9846 1.5131, 0.9295 -1.0134 1.4764, 0.9512 -0.9853 1.4927, 0.9239 -1.0022 1.4927, 0.9826 -0.8721 1.5131, 1.0013 -0.8756 1.5052, 0.9849 -0.8467 1.5131, 1.0039 -0.8467 1.5052, 1.0173 -0.8786 1.4927, 1.0296 -0.8809 1.4764, 1.0202 -0.8467 1.4927, 1.0373 -0.8823 1.4574, 1.0328 -0.8467 1.4764, 1.0406 -0.8467 1.4574, 0.7441 -0.94 1.5131, 0.9625 -0.8684 1.5157, 0.9646 -0.8467 1.5157, 1.0049 -0.9447 1.4764, 1.0085 -0.9094 1.4927, 0.9942 -0.9381 1.4927, 1.0202 -0.914 1.4764, 0.9469 -0.9088 1.5157, 0.9488 -0.94 1.5131, 0.9841 -0.9722 1.4764, 0.9749 -0.9637 1.4927, 0.9587 -0.9953 1.4764, 0.8992 -0.9523 1.5157, 0.8844 -0.9799 1.5131, 0.9082 -0.9706 1.5131, 0.9299 -0.9572 1.5131, 0.9177 -0.9409 1.5157, 0.8974 -1.0258 1.4764, 0.8337 -0.9846 1.5131, 0.7955 -1.0258 1.4764, 0.6844 -0.9094 1.4927, 0.7342 -0.9953 1.4764, 0.7173 -0.8967 1.5131, 0.7103 -0.8721 1.5131, 0.6917 -0.8756 1.5052, 0.6756 -0.8786 1.4927, 0.6996 -0.9035 1.5052, 0.708 -0.8467 1.5131, 0.7304 -0.8684 1.5157, 0.7283 -0.8467 1.5157, 0.689 -0.8467 1.5052, 1.0275 -0.9168 1.4574, 0.9933 -0.9035 1.5052, 1.0115 -0.9489 1.4574, 0.9804 -0.9296 1.5052, 0.9338 -0.9262 1.5157, 0.9899 -0.9775 1.4574, 0.9628 -0.9527 1.5052, 0.9635 -1.0016 1.4574, 0.9414 -0.9723 1.5052, 0.933 -1.0205 1.4574, 0.9166 -0.9876 1.5052, 0.8996 -1.0334 1.4574, 0.8356 -0.9643 1.5157, 0.8896 -0.9981 1.5052, 0.8644 -1.04 1.4574, 0.861 -1.0035 1.5052, 0.8285 -1.04 1.4574, 0.8319 -1.0035 1.5052, 0.8086 -0.9799 1.5131, 0.7933 -1.0334 1.4574, 0.8034 -0.9981 1.5052, 0.7599 -1.0205 1.4574, 0.7763 -0.9876 1.5052, 0.7294 -1.0016 1.4574, 0.7516 -0.9723 1.5052, 0.7301 -0.9527 1.5052, 0.7126 -0.9296 1.5052, 0.7364 -0.8894 1.5157, 0.6633 -0.8809 1.4764, 0.6727 -0.8467 1.4927, 0.6602 -0.8467 1.4764, 0.6523 -0.8467 1.4574, 0.7363 -0.8041 1.5157, 0.7287 -0.7737 1.5131, 0.7173 -0.7966 1.5131, 0.9899 -0.7158 1.4574, 0.9841 -0.7211 1.4764, 1.0115 -0.7444 1.4574, 0.9239 -0.6911 1.4927, 0.9295 -0.6799 1.4764, 0.894 -0.6795 1.4927, 1.0373 -0.811 1.4574, 1.0049 -0.7486 1.4764, 0.9942 -0.7552 1.4927, 1.0202 -0.7794 1.4764, 1.0275 -0.7765 1.4574, 0.9337 -0.7671 1.5157, 0.9468 -0.7844 1.5157, 0.9642 -0.7737 1.5131, 0.9512 -0.708 1.4927, 0.9749 -0.7296 1.4927, 0.8625 -0.6736 1.4927, 0.8636 -0.6611 1.4764, 0.8304 -0.6736 1.4927, 0.9299 -0.7361 1.5131, 0.899 -0.7409 1.5157, 0.9176 -0.7524 1.5157, 0.7989 -0.6795 1.4927, 0.8293 -0.6611 1.4764, 0.9082 -0.7227 1.5131, 0.8787 -0.733 1.5157, 0.8141 -0.7331 1.5157, 0.8355 -0.7291 1.5157, 0.8337 -0.7088 1.5131, 0.7634 -0.6799 1.4764, 0.7417 -0.708 1.4927, 0.769 -0.6911 1.4927, 0.7103 -0.8212 1.5131, 0.6917 -0.8177 1.5052, 0.6756 -0.8147 1.4927, 0.6633 -0.8124 1.4764, 0.6556 -0.811 1.4574, 0.9488 -0.7534 1.5131, 0.7304 -0.8249 1.5157, 0.6881 -0.7486 1.4764, 0.6844 -0.7839 1.4927, 0.6987 -0.7552 1.4927, 0.6727 -0.7794 1.4764, 0.7441 -0.7534 1.5131, 0.746 -0.7845 1.5157, 0.7342 -0.698 1.4764, 0.718 -0.7296 1.4927, 0.7088 -0.7211 1.4764, 0.763 -0.7361 1.5131, 0.7752 -0.7525 1.5157, 0.7847 -0.7227 1.5131, 0.7937 -0.741 1.5157, 0.8086 -0.7134 1.5131, 0.7955 -0.6675 1.4764, 0.8592 -0.7088 1.5131, 0.8974 -0.6675 1.4764, 0.9587 -0.698 1.4764, 0.9625 -0.8249 1.5157, 1.0173 -0.8147 1.4927, 1.0085 -0.7839 1.4927, 0.9933 -0.7898 1.5052, 0.9756 -0.7966 1.5131, 0.9826 -0.8212 1.5131, 1.0013 -0.8177 1.5052, 0.6654 -0.7765 1.4574, 0.6996 -0.7898 1.5052, 0.6814 -0.7444 1.4574, 0.7126 -0.7638 1.5052, 0.7592 -0.7671 1.5157, 0.703 -0.7158 1.4574, 0.7301 -0.7406 1.5052, 0.7294 -0.6917 1.4574, 0.7516 -0.721 1.5052, 0.7599 -0.6728 1.4574, 0.7763 -0.7057 1.5052, 0.7933 -0.6599 1.4574, 0.8573 -0.7291 1.5157, 0.8034 -0.6952 1.5052, 0.8285 -0.6533 1.4574, 0.8319 -0.6898 1.5052, 0.8644 -0.6533 1.4574, 0.861 -0.6898 1.5052, 0.8844 -0.7134 1.5131, 0.8996 -0.6599 1.4574, 0.8896 -0.6952 1.5052, 0.933 -0.6728 1.4574, 0.9166 -0.7057 1.5052, 0.9635 -0.6917 1.4574, 0.9414 -0.721 1.5052, 0.9628 -0.7406 1.5052, 0.9804 -0.7638 1.5052, 0.9565 -0.8039 1.5157, 1.0296 -0.8124 1.4764, 0.6629 0.7751 1.3583, 0.6629 0.7751 1.437, 0.653 0.8101 1.437, 0.6496 0.8463 1.437, 0.6496 0.8463 1.3583, 0.653 0.8101 1.3583, 0.701 0.7136 1.437, 0.7278 0.6892 1.3583, 0.7278 0.6892 1.437, 0.701 0.7136 1.3583, 0.6791 0.7426 1.437, 0.6791 0.7426 1.3583, 0.8283 0.6502 1.3583, 0.8283 0.6503 1.437, 0.7926 0.6569 1.437, 0.7926 0.6569 1.3583, 0.7587 0.67 1.437, 0.7587 0.67 1.3583, 0.9342 0.67 1.437, 0.9003 0.6569 1.437, 0.9342 0.67 1.3583, 0.8646 0.6503 1.437, 0.8646 0.6502 1.3583, 0.9003 0.6569 1.3583, 0.9919 0.7136 1.437, 0.9919 0.7136 1.3583, 1.0138 0.7426 1.3583, 0.9651 0.6892 1.3583, 0.9651 0.6892 1.437, 1.03 0.7751 1.3583, 1.0138 0.7426 1.437, 1.04 0.8101 1.3583, 1.03 0.7751 1.437, 1.04 0.8101 1.437, 1.0433 0.8463 1.3583, 1.0433 0.8463 1.437, 0.9566 0.8037 1.5157, 0.9642 0.7734 1.5131, 0.9756 0.7962 1.5131, 0.703 0.7154 1.4574, 0.7088 0.7207 1.4764, 0.6814 0.744 1.4574, 0.769 0.6907 1.4927, 0.7634 0.6795 1.4764, 0.7989 0.6791 1.4927, 0.6556 0.8106 1.4574, 0.6881 0.7482 1.4764, 0.6987 0.7548 1.4927, 0.6727 0.779 1.4764, 0.6654 0.7761 1.4574, 0.7592 0.7667 1.5157, 0.7461 0.784 1.5157, 0.7287 0.7734 1.5131, 0.7417 0.7076 1.4927, 0.718 0.7292 1.4927, 0.8304 0.6732 1.4927, 0.8293 0.6608 1.4764, 0.8625 0.6732 1.4927, 0.763 0.7357 1.5131, 0.7939 0.7405 1.5157, 0.7753 0.752 1.5157, 0.894 0.6791 1.4927, 0.8636 0.6608 1.4764, 0.7847 0.7223 1.5131, 0.8142 0.7326 1.5157, 0.8789 0.7327 1.5157, 0.8574 0.7287 1.5157, 0.8592 0.7084 1.5131, 0.9295 0.6795 1.4764, 0.9512 0.7076 1.4927, 0.9239 0.6907 1.4927, 0.9826 0.8208 1.5131, 1.0013 0.8173 1.5052, 0.9849 0.8463 1.5131, 1.0039 0.8463 1.5052, 1.0173 0.8143 1.4927, 1.0296 0.812 1.4764, 1.0202 0.8463 1.4927, 1.0373 0.8106 1.4574, 1.0328 0.8463 1.4764, 1.0406 0.8463 1.4574, 0.7441 0.753 1.5131, 0.9625 0.8245 1.5157, 0.9646 0.8463 1.5157, 1.0049 0.7482 1.4764, 1.0085 0.7835 1.4927, 0.9942 0.7548 1.4927, 1.0202 0.779 1.4764, 0.9469 0.7841 1.5157, 0.9488 0.753 1.5131, 0.9841 0.7207 1.4764, 0.9749 0.7292 1.4927, 0.8844 0.7131 1.5131, 0.9082 0.7223 1.5131, 0.8992 0.7406 1.5157, 0.9587 0.6976 1.4764, 0.9299 0.7357 1.5131, 0.9177 0.7521 1.5157, 0.6844 0.7835 1.4927, 0.8337 0.7084 1.5131, 0.8974 0.6671 1.4764, 0.7955 0.6671 1.4764, 0.7342 0.6976 1.4764, 0.708 0.8463 1.5131, 0.689 0.8463 1.5052, 0.7103 0.8208 1.5131, 0.6996 0.7894 1.5052, 0.6756 0.8143 1.4927, 0.7304 0.8245 1.5157, 0.7283 0.8463 1.5157, 0.7173 0.7962 1.5131, 0.6917 0.8173 1.5052, 1.0275 0.7761 1.4574, 0.9933 0.7894 1.5052, 1.0115 0.744 1.4574, 0.9804 0.7634 1.5052, 0.9338 0.7667 1.5157, 0.9899 0.7154 1.4574, 0.9628 0.7402 1.5052, 0.9635 0.6913 1.4574, 0.9414 0.7206 1.5052, 0.933 0.6724 1.4574, 0.9166 0.7053 1.5052, 0.8996 0.6595 1.4574, 0.8356 0.7287 1.5157, 0.8896 0.6948 1.5052, 0.8644 0.6529 1.4574, 0.861 0.6895 1.5052, 0.8285 0.6529 1.4574, 0.8319 0.6895 1.5052, 0.8086 0.7131 1.5131, 0.7933 0.6595 1.4574, 0.8034 0.6948 1.5052, 0.7599 0.6724 1.4574, 0.7763 0.7053 1.5052, 0.7294 0.6913 1.4574, 0.7516 0.7206 1.5052, 0.7301 0.7402 1.5052, 0.7126 0.7634 1.5052, 0.7364 0.8035 1.5157, 0.6633 0.812 1.4764, 0.6727 0.8463 1.4927, 0.6602 0.8463 1.4764, 0.6523 0.8463 1.4574, 0.9625 0.868 1.5157, 0.9565 0.889 1.5157, 0.8141 0.9598 1.5157, 0.7363 0.8888 1.5157, 0.899 0.952 1.5157, 0.9337 0.9259 1.5157, 0.9176 0.9405 1.5157, 0.8787 0.9599 1.5157, 0.9468 0.9085 1.5157, 0.8573 0.9639 1.5157, 0.8355 0.9639 1.5157, 0.7937 0.9519 1.5157, 0.7752 0.9405 1.5157, 0.746 0.9084 1.5157, 0.7592 0.9258 1.5157, 0.7304 0.868 1.5157, 0.7287 0.9192 1.5131, 0.7173 0.8963 1.5131, 0.9899 0.9771 1.4574, 0.9841 0.9718 1.4764, 1.0115 0.9485 1.4574, 0.9239 1.0018 1.4927, 0.9295 1.013 1.4764, 0.894 1.0134 1.4927, 1.04 0.8824 1.437, 1.0373 0.8819 1.4574, 1.0049 0.9443 1.4764, 0.9942 0.9377 1.4927, 1.0202 0.9136 1.4764, 1.0275 0.9164 1.4574, 0.9642 0.9192 1.5131, 0.9512 0.9849 1.4927, 0.9749 0.9633 1.4927, 0.8625 1.0193 1.4927, 0.8636 1.0318 1.4764, 0.8304 1.0193 1.4927, 0.9299 0.9568 1.5131, 0.7989 1.0134 1.4927, 0.8293 1.0318 1.4764, 0.9082 0.9702 1.5131, 0.8337 0.9842 1.5131, 0.7634 1.013 1.4764, 0.7417 0.9849 1.4927, 0.769 1.0018 1.4927, 0.7103 0.8717 1.5131, 0.6917 0.8752 1.5052, 0.6756 0.8782 1.4927, 0.6633 0.8805 1.4764, 0.6556 0.8819 1.4574, 0.653 0.8824 1.437, 0.9488 0.9396 1.5131, 0.6881 0.9443 1.4764, 0.6844 0.909 1.4927, 0.6987 0.9377 1.4927, 0.6727 0.9136 1.4764, 0.7441 0.9396 1.5131, 0.718 0.9633 1.4927, 0.7088 0.9718 1.4764, 0.7342 0.9949 1.4764, 0.8086 0.9795 1.5131, 0.7847 0.9702 1.5131, 0.763 0.9568 1.5131, 0.8592 0.9842 1.5131, 0.7955 1.0254 1.4764, 0.8974 1.0254 1.4764, 0.9587 0.9949 1.4764, 1.0173 0.8782 1.4927, 1.0085 0.909 1.4927, 0.9933 0.9031 1.5052, 0.9756 0.8963 1.5131, 0.9826 0.8717 1.5131, 1.0013 0.8752 1.5052, 0.6654 0.9164 1.4574, 0.6996 0.9031 1.5052, 0.6629 0.9174 1.437, 0.6814 0.9485 1.4574, 0.7126 0.9292 1.5052, 0.6791 0.9499 1.437, 0.703 0.9771 1.4574, 0.7301 0.9524 1.5052, 0.701 0.9789 1.437, 0.7294 1.0012 1.4574, 0.7516 0.9719 1.5052, 0.7278 1.0034 1.437, 0.7599 1.0201 1.4574, 0.7763 0.9872 1.5052, 0.7587 1.0225 1.437, 0.7933 1.033 1.4574, 0.7926 1.0356 1.437, 0.8034 0.9977 1.5052, 0.8285 1.0396 1.4574, 0.8319 1.0031 1.5052, 0.8283 1.0423 1.437, 0.8644 1.0396 1.4574, 0.861 1.0031 1.5052, 0.8646 1.0423 1.437, 0.8844 0.9795 1.5131, 0.8996 1.033 1.4574, 0.8896 0.9977 1.5052, 0.9003 1.0356 1.437, 0.933 1.0201 1.4574, 0.9166 0.9872 1.5052, 0.9342 1.0225 1.437, 0.9635 1.0012 1.4574, 0.9414 0.9719 1.5052, 0.9651 1.0034 1.437, 0.9628 0.9524 1.5052, 0.9919 0.9789 1.437, 0.9804 0.9292 1.5052, 1.0138 0.9499 1.437, 1.03 0.9174 1.437, 1.0296 0.8805 1.4764, 1.03 0.9174 1.3583, 1.04 0.8824 1.3583, 0.9651 1.0034 1.3583, 0.9919 0.9789 1.3583, 1.0138 0.9499 1.3583, 0.8646 1.0423 1.3583, 0.9003 1.0356 1.3583, 0.9342 1.0225 1.3583, 0.7587 1.0225 1.3583, 0.8283 1.0423 1.3583, 0.7926 1.0356 1.3583, 0.701 0.9789 1.3583, 0.6791 0.9499 1.3583, 0.7278 1.0034 1.3583, 0.6629 0.9174 1.3583, 0.653 0.8824 1.3583, -1.0173 -0.8786 1.4927, -1.0085 -0.9094 1.4927, -1.0013 -0.8756 1.5052, -0.7126 -0.9296 1.5052, -0.6987 -0.9381 1.4927, -0.6844 -0.9094 1.4927, -0.933 -1.0205 1.4574, -0.9342 -1.0229 1.437, -0.9003 -1.036 1.437, -1.04 -0.8828 1.437, -1.0373 -0.8823 1.4574, -1.0406 -0.8467 1.4574, -1.0138 -0.9503 1.437, -0.9919 -0.9793 1.437, -1.0115 -0.9489 1.4574, -1.0433 -0.8467 1.437, -1.0296 -0.8809 1.4764, -1.0328 -0.8467 1.4764, -0.9651 -1.0037 1.437, -0.9635 -1.0016 1.4574, -0.9899 -0.9775 1.4574, -0.6556 -0.8823 1.4574, -0.653 -0.8828 1.437, -0.6496 -0.8467 1.437, -0.9749 -0.9637 1.4927, -0.9804 -0.9296 1.5052, -0.9942 -0.9381 1.4927, -0.8644 -1.04 1.4574, -0.8283 -1.0427 1.437, -0.8285 -1.04 1.4574, -0.9239 -1.0022 1.4927, -0.9414 -0.9723 1.5052, -0.9512 -0.9853 1.4927, -0.7278 -1.0037 1.437, -0.7294 -1.0016 1.4574, -0.7599 -1.0205 1.4574, -0.861 -1.0035 1.5052, -0.8625 -1.0197 1.4927, -0.8304 -1.0197 1.4927, -0.7173 -0.8967 1.5131, -0.7364 -0.8894 1.5157, -0.7461 -0.9089 1.5157, -0.7304 -0.8684 1.5157, -0.708 -0.8467 1.5131, -0.7283 -0.8467 1.5157, -0.6629 -0.9178 1.437, -0.6654 -0.9168 1.4574, -0.6814 -0.9489 1.4574, -0.7103 -0.8721 1.5131, -0.6633 -0.8809 1.4764, -0.6523 -0.8467 1.4574, -0.6602 -0.8467 1.4764, -0.703 -0.9775 1.4574, -0.6791 -0.9503 1.437, -0.6727 -0.914 1.4764, -0.7441 -0.94 1.5131, -0.7301 -0.9527 1.5052, -0.7287 -0.9196 1.5131, -0.7592 -0.9262 1.5157, -0.769 -1.0022 1.4927, -0.7417 -0.9853 1.4927, -0.7763 -0.9876 1.5052, -0.701 -0.9793 1.437, -0.7989 -1.0138 1.4927, -0.8319 -1.0035 1.5052, -0.718 -0.9637 1.4927, -0.7516 -0.9723 1.5052, -0.8034 -0.9981 1.5052, -0.7926 -1.036 1.437, -0.7933 -1.0334 1.4574, -0.7587 -1.0229 1.437, -0.894 -1.0138 1.4927, -0.9166 -0.9876 1.5052, -0.8896 -0.9981 1.5052, -0.9628 -0.9527 1.5052, -0.8996 -1.0334 1.4574, -0.8646 -1.0427 1.437, -0.9933 -0.9035 1.5052, -1.03 -0.9178 1.437, -1.0275 -0.9168 1.4574, -1.0039 -0.8467 1.5052, -1.0202 -0.8467 1.4927, -0.9849 -0.8467 1.5131, -0.9826 -0.8721 1.5131, -0.9646 -0.8467 1.5157, -1.0202 -0.914 1.4764, -0.9625 -0.8684 1.5157, -0.9756 -0.8967 1.5131, -1.0049 -0.9447 1.4764, -0.9566 -0.8892 1.5157, -0.9642 -0.9196 1.5131, -0.9841 -0.9722 1.4764, -0.9469 -0.9088 1.5157, -0.9488 -0.94 1.5131, -0.9587 -0.9953 1.4764, -0.9338 -0.9262 1.5157, -0.9299 -0.9572 1.5131, -0.9295 -1.0134 1.4764, -0.9177 -0.9409 1.5157, -0.9082 -0.9706 1.5131, -0.8974 -1.0258 1.4764, -0.8992 -0.9523 1.5157, -0.8844 -0.9799 1.5131, -0.8636 -1.0322 1.4764, -0.8789 -0.9602 1.5157, -0.8592 -0.9846 1.5131, -0.8293 -1.0322 1.4764, -0.8574 -0.9643 1.5157, -0.8337 -0.9846 1.5131, -0.7955 -1.0258 1.4764, -0.8356 -0.9643 1.5157, -0.8086 -0.9799 1.5131, -0.7634 -1.0134 1.4764, -0.8142 -0.9603 1.5157, -0.7847 -0.9706 1.5131, -0.7342 -0.9953 1.4764, -0.7939 -0.9524 1.5157, -0.763 -0.9572 1.5131, -0.7088 -0.9722 1.4764, -0.7753 -0.9409 1.5157, -0.6881 -0.9447 1.4764, -0.6996 -0.9035 1.5052, -0.6756 -0.8786 1.4927, -0.6917 -0.8756 1.5052, -0.6727 -0.8467 1.4927, -0.689 -0.8467 1.5052, -1.04 -0.8828 1.3583, -1.0433 -0.8467 1.3583, -0.9919 -0.9793 1.3583, -1.0138 -0.9503 1.3583, -1.03 -0.9178 1.3583, -0.9342 -1.0229 1.3583, -0.9003 -1.036 1.3583, -0.9651 -1.0037 1.3583, -0.8283 -1.0427 1.3583, -0.7926 -1.036 1.3583, -0.8646 -1.0427 1.3583, -0.701 -0.9793 1.3583, -0.7278 -1.0037 1.3583, -0.7587 -1.0229 1.3583, -0.6791 -0.9503 1.3583, -0.6629 -0.9178 1.3583, -0.653 -0.8828 1.3583, -0.6496 -0.8467 1.3583, -0.653 0.8824 1.3583, -0.6496 0.8463 1.437, -0.6496 0.8463 1.3583, -0.701 0.9789 1.3583, -0.6791 0.9499 1.437, -0.6791 0.9499 1.3583, -0.6629 0.9174 1.3583, -0.6629 0.9174 1.437, -0.653 0.8824 1.437, -0.7587 1.0225 1.437, -0.7587 1.0225 1.3583, -0.7926 1.0356 1.3583, -0.701 0.9789 1.437, -0.7278 1.0034 1.3583, -0.7278 1.0034 1.437, -0.8646 1.0423 1.3583, -0.9003 1.0356 1.3583, -0.8646 1.0423 1.437, -0.8283 1.0423 1.3583, -0.8283 1.0423 1.437, -0.7926 1.0356 1.437, -0.9919 0.9789 1.3583, -0.9651 1.0034 1.437, -0.9651 1.0034 1.3583, -0.9342 1.0225 1.437, -0.9003 1.0356 1.437, -0.9342 1.0225 1.3583, -1.0138 0.9499 1.3583, -1.0138 0.9499 1.437, -0.9919 0.9789 1.437, -1.03 0.9174 1.3583, -1.03 0.9174 1.437, -1.04 0.8824 1.437, -1.04 0.8824 1.3583, -1.0433 0.8463 1.3583, -1.0433 0.8463 1.437, -1.04 0.8101 1.3583, -0.9919 0.7136 1.3583, -1.0138 0.7426 1.437, -1.0138 0.7426 1.3583, -1.03 0.7751 1.3583, -1.03 0.7751 1.437, -1.04 0.8101 1.437, -0.9342 0.67 1.437, -0.9342 0.67 1.3583, -0.9003 0.6569 1.3583, -0.9919 0.7136 1.437, -0.9651 0.6892 1.3583, -0.9651 0.6892 1.437, -0.8283 0.6503 1.3583, -0.7926 0.6569 1.3583, -0.8283 0.6503 1.437, -0.8646 0.6503 1.3583, -0.8646 0.6503 1.437, -0.9003 0.6569 1.437, -0.701 0.7136 1.3583, -0.7278 0.6892 1.437, -0.7278 0.6892 1.3583, -0.7587 0.67 1.437, -0.7926 0.6569 1.437, -0.7587 0.67 1.3583, -0.6791 0.7426 1.3583, -0.6791 0.7426 1.437, -0.701 0.7136 1.437, -0.6629 0.7751 1.3583, -0.6629 0.7751 1.437, -0.653 0.8101 1.437, -0.653 0.8101 1.3583, -1.0173 0.8143 1.4927, -1.0085 0.7835 1.4927, -1.0013 0.8173 1.5052, -0.7126 0.7634 1.5052, -0.6987 0.7548 1.4927, -0.6844 0.7835 1.4927, -0.933 0.6724 1.4574, -1.0373 0.8106 1.4574, -1.0406 0.8463 1.4574, -1.0115 0.744 1.4574, -1.0296 0.812 1.4764, -1.0328 0.8463 1.4764, -0.9635 0.6913 1.4574, -0.9899 0.7154 1.4574, -0.6556 0.8106 1.4574, -0.9749 0.7292 1.4927, -0.9804 0.7634 1.5052, -0.9942 0.7548 1.4927, -0.8644 0.6529 1.4574, -0.8285 0.6529 1.4574, -0.9239 0.6907 1.4927, -0.9414 0.7206 1.5052, -0.9512 0.7076 1.4927, -0.7294 0.6913 1.4574, -0.7599 0.6724 1.4574, -0.861 0.6895 1.5052, -0.8625 0.6732 1.4927, -0.8304 0.6732 1.4927, -0.7173 0.7962 1.5131, -0.7364 0.8035 1.5157, -0.7461 0.784 1.5157, -0.7304 0.8245 1.5157, -0.708 0.8463 1.5131, -0.7283 0.8463 1.5157, -0.6654 0.7761 1.4574, -0.6814 0.744 1.4574, -0.7103 0.8208 1.5131, -0.6633 0.812 1.4764, -0.6523 0.8463 1.4574, -0.6602 0.8463 1.4764, -0.703 0.7154 1.4574, -0.6727 0.779 1.4764, -0.7441 0.753 1.5131, -0.7301 0.7402 1.5052, -0.7287 0.7734 1.5131, -0.7592 0.7667 1.5157, -0.769 0.6907 1.4927, -0.7417 0.7076 1.4927, -0.7763 0.7053 1.5052, -0.7989 0.6791 1.4927, -0.8319 0.6895 1.5052, -0.718 0.7292 1.4927, -0.7516 0.7206 1.5052, -0.8034 0.6948 1.5052, -0.7933 0.6595 1.4574, -0.894 0.6791 1.4927, -0.9166 0.7053 1.5052, -0.8896 0.6948 1.5052, -0.9628 0.7402 1.5052, -0.8996 0.6595 1.4574, -0.9933 0.7894 1.5052, -1.0275 0.7761 1.4574, -1.0039 0.8463 1.5052, -1.0202 0.8463 1.4927, -0.9849 0.8463 1.5131, -0.9826 0.8208 1.5131, -0.9646 0.8463 1.5157, -1.0202 0.779 1.4764, -0.9625 0.8245 1.5157, -0.9756 0.7962 1.5131, -1.0049 0.7482 1.4764, -0.9566 0.8037 1.5157, -0.9642 0.7734 1.5131, -0.9841 0.7207 1.4764, -0.9469 0.7841 1.5157, -0.9488 0.753 1.5131, -0.9587 0.6976 1.4764, -0.9338 0.7667 1.5157, -0.9299 0.7357 1.5131, -0.9295 0.6795 1.4764, -0.9177 0.7521 1.5157, -0.9082 0.7223 1.5131, -0.8974 0.6671 1.4764, -0.8992 0.7406 1.5157, -0.8844 0.7131 1.5131, -0.8636 0.6608 1.4764, -0.8789 0.7327 1.5157, -0.8592 0.7084 1.5131, -0.8293 0.6608 1.4764, -0.8574 0.7287 1.5157, -0.8337 0.7084 1.5131, -0.7955 0.6671 1.4764, -0.8356 0.7287 1.5157, -0.8086 0.7131 1.5131, -0.7634 0.6795 1.4764, -0.8142 0.7326 1.5157, -0.7847 0.7223 1.5131, -0.7342 0.6976 1.4764, -0.7939 0.7405 1.5157, -0.763 0.7357 1.5131, -0.7088 0.7207 1.4764, -0.7753 0.752 1.5157, -0.6881 0.7482 1.4764, -0.6996 0.7894 1.5052, -0.6756 0.8143 1.4927, -0.6917 0.8173 1.5052, -0.6727 0.8463 1.4927, -0.689 0.8463 1.5052, -0.6756 0.8782 1.4927, -0.6844 0.909 1.4927, -0.6917 0.8752 1.5052, -0.9804 0.9292 1.5052, -0.9942 0.9377 1.4927, -1.0085 0.909 1.4927, -0.7599 1.0201 1.4574, -0.6556 0.8819 1.4574, -0.6633 0.8805 1.4764, -0.6814 0.9485 1.4574, -0.703 0.9771 1.4574, -0.7294 1.0012 1.4574, -1.0373 0.8819 1.4574, -0.718 0.9633 1.4927, -0.7126 0.9292 1.5052, -0.6987 0.9377 1.4927, -0.8285 1.0396 1.4574, -0.8644 1.0396 1.4574, -0.769 1.0018 1.4927, -0.7516 0.9719 1.5052, -0.7417 0.9849 1.4927, -0.9635 1.0012 1.4574, -0.933 1.0201 1.4574, -0.8319 1.0031 1.5052, -0.8304 1.0193 1.4927, -0.8625 1.0193 1.4927, -0.9756 0.8963 1.5131, -0.9565 0.889 1.5157, -0.9468 0.9085 1.5157, -0.9625 0.868 1.5157, -1.0275 0.9164 1.4574, -1.0115 0.9485 1.4574, -0.9826 0.8717 1.5131, -1.0296 0.8805 1.4764, -0.9899 0.9771 1.4574, -1.0202 0.9136 1.4764, -0.9488 0.9396 1.5131, -0.9628 0.9524 1.5052, -0.9642 0.9192 1.5131, -0.9337 0.9258 1.5157, -0.9239 1.0018 1.4927, -0.9512 0.9849 1.4927, -0.9166 0.9872 1.5052, -0.894 1.0134 1.4927, -0.861 1.0031 1.5052, -0.9749 0.9633 1.4927, -0.9414 0.9719 1.5052, -0.8896 0.9977 1.5052, -0.8996 1.033 1.4574, -0.7989 1.0134 1.4927, -0.7763 0.9872 1.5052, -0.8034 0.9977 1.5052, -0.7301 0.9524 1.5052, -0.7933 1.033 1.4574, -0.6996 0.9031 1.5052, -0.6654 0.9164 1.4574, -0.7103 0.8717 1.5131, -0.6727 0.9136 1.4764, -0.7304 0.868 1.5157, -0.7173 0.8963 1.5131, -0.6881 0.9443 1.4764, -0.7363 0.8888 1.5157, -0.7287 0.9192 1.5131, -0.7088 0.9718 1.4764, -0.746 0.9084 1.5157, -0.7441 0.9396 1.5131, -0.7342 0.9949 1.4764, -0.7592 0.9258 1.5157, -0.763 0.9568 1.5131, -0.7634 1.013 1.4764, -0.7752 0.9405 1.5157, -0.7847 0.9702 1.5131, -0.7955 1.0254 1.4764, -0.7937 0.9519 1.5157, -0.8086 0.9795 1.5131, -0.8293 1.0318 1.4764, -0.8141 0.9598 1.5157, -0.8337 0.9842 1.5131, -0.8636 1.0318 1.4764, -0.8355 0.9639 1.5157, -0.8592 0.9842 1.5131, -0.8974 1.0254 1.4764, -0.8573 0.9639 1.5157, -0.8844 0.9795 1.5131, -0.9295 1.013 1.4764, -0.8787 0.9599 1.5157, -0.9082 0.9702 1.5131, -0.9587 0.9949 1.4764, -0.899 0.952 1.5157, -0.9299 0.9568 1.5131, -0.9841 0.9718 1.4764, -0.9176 0.9405 1.5157, -1.0049 0.9443 1.4764, -0.9933 0.9031 1.5052, -1.0173 0.8782 1.4927, -1.0013 0.8752 1.5052, -0.8992 -0.741 1.5157, -0.9177 -0.7525 1.5157, -0.9566 -0.8041 1.5157, -0.9625 -0.8249 1.5157, -0.9338 -0.7671 1.5157, -0.9469 -0.7845 1.5157, -0.8789 -0.7331 1.5157, -0.7364 -0.8039 1.5157, -0.8574 -0.7291 1.5157, -0.7304 -0.8249 1.5157, -0.7753 -0.7524 1.5157, -0.7939 -0.7409 1.5157, -0.8142 -0.733 1.5157, -0.8356 -0.7291 1.5157, -0.7461 -0.7844 1.5157, -0.7592 -0.7671 1.5157, -0.6756 -0.8147 1.4927, -0.6844 -0.7839 1.4927, -0.6917 -0.8177 1.5052, -0.9804 -0.7638 1.5052, -0.9942 -0.7552 1.4927, -1.0085 -0.7839 1.4927, -0.7599 -0.6728 1.4574, -0.7587 -0.6704 1.437, -0.7926 -0.6573 1.437, -0.6556 -0.811 1.4574, -0.6633 -0.8124 1.4764, -0.6791 -0.743 1.437, -0.701 -0.714 1.437, -0.6814 -0.7444 1.4574, -0.653 -0.8105 1.437, -0.703 -0.7158 1.4574, -0.7278 -0.6896 1.437, -0.7294 -0.6917 1.4574, -1.0373 -0.811 1.4574, -1.04 -0.8105 1.437, -0.718 -0.7296 1.4927, -0.7126 -0.7638 1.5052, -0.6987 -0.7552 1.4927, -0.8285 -0.6533 1.4574, -0.8646 -0.6506 1.437, -0.8644 -0.6533 1.4574, -0.769 -0.6911 1.4927, -0.7516 -0.721 1.5052, -0.7417 -0.708 1.4927, -0.9651 -0.6896 1.437, -0.9635 -0.6917 1.4574, -0.933 -0.6728 1.4574, -0.8319 -0.6898 1.5052, -0.8304 -0.6736 1.4927, -0.8625 -0.6736 1.4927, -0.9756 -0.7966 1.5131, -1.03 -0.7755 1.437, -1.0275 -0.7765 1.4574, -1.0115 -0.7444 1.4574, -0.9826 -0.8212 1.5131, -1.0296 -0.8124 1.4764, -0.9899 -0.7158 1.4574, -1.0138 -0.743 1.437, -1.0202 -0.7794 1.4764, -0.9488 -0.7534 1.5131, -0.9628 -0.7406 1.5052, -0.9642 -0.7737 1.5131, -0.9239 -0.6911 1.4927, -0.9512 -0.708 1.4927, -0.9166 -0.7057 1.5052, -0.9919 -0.714 1.437, -0.894 -0.6795 1.4927, -0.861 -0.6898 1.5052, -0.9749 -0.7296 1.4927, -0.9414 -0.721 1.5052, -0.8896 -0.6952 1.5052, -0.9003 -0.6573 1.437, -0.8996 -0.6599 1.4574, -0.9342 -0.6704 1.437, -0.7989 -0.6795 1.4927, -0.7763 -0.7057 1.5052, -0.8034 -0.6952 1.5052, -0.7301 -0.7406 1.5052, -0.7933 -0.6599 1.4574, -0.8283 -0.6506 1.437, -0.6996 -0.7898 1.5052, -0.6629 -0.7755 1.437, -0.6654 -0.7765 1.4574, -0.7103 -0.8212 1.5131, -0.6727 -0.7794 1.4764, -0.7173 -0.7966 1.5131, -0.6881 -0.7486 1.4764, -0.7287 -0.7737 1.5131, -0.7088 -0.7211 1.4764, -0.7441 -0.7534 1.5131, -0.7342 -0.698 1.4764, -0.763 -0.7361 1.5131, -0.7634 -0.6799 1.4764, -0.7847 -0.7227 1.5131, -0.7955 -0.6675 1.4764, -0.8086 -0.7134 1.5131, -0.8293 -0.6611 1.4764, -0.8337 -0.7088 1.5131, -0.8636 -0.6611 1.4764, -0.8592 -0.7088 1.5131, -0.8974 -0.6675 1.4764, -0.8844 -0.7134 1.5131, -0.9295 -0.6799 1.4764, -0.9082 -0.7227 1.5131, -0.9587 -0.698 1.4764, -0.9299 -0.7361 1.5131, -0.9841 -0.7211 1.4764, -1.0049 -0.7486 1.4764, -0.9933 -0.7898 1.5052, -1.0173 -0.8147 1.4927, -1.0013 -0.8177 1.5052, -0.653 -0.8105 1.3583, -0.701 -0.714 1.3583, -0.6791 -0.743 1.3583, -0.6629 -0.7755 1.3583, -0.7587 -0.6704 1.3583, -0.7926 -0.6573 1.3583, -0.7278 -0.6896 1.3583, -0.8646 -0.6506 1.3583, -0.9003 -0.6573 1.3583, -0.8283 -0.6506 1.3583, -0.9919 -0.714 1.3583, -0.9651 -0.6896 1.3583, -0.9342 -0.6704 1.3583, -1.0138 -0.743 1.3583, -1.03 -0.7755 1.3583, -1.04 -0.8105 1.3583, -0.0291 0.5371 3.3223, -0.087 0.5308 3.3223, -0.0279 0.5152 3.3355, 0.5349 0.058 3.3223, 0.5255 0.1155 3.3223, 0.5131 0.0556 3.3355, -0.09 0.5491 3.3047, -0.0301 0.5556 3.3047, 0.0301 0.5556 3.3047, 0.0291 0.5371 3.3223, -0.1992 0.4996 3.3223, -0.1381 0.4971 3.3355, -0.1439 0.5183 3.3223, -0.1489 0.5361 3.3047, -0.206 0.5169 3.3047, -0.2607 0.4916 3.3047, -0.252 0.4752 3.3223, -0.191 0.4793 3.3355, -0.3124 0.4605 3.3047, -0.3603 0.424 3.3047, -0.302 0.4451 3.3223, -0.2897 0.427 3.3355, -0.3483 0.4099 3.3223, -0.0835 0.5092 3.3355, -0.2418 0.4558 3.3355, -0.3906 0.3698 3.3223, -0.4283 0.3254 3.3223, -0.3747 0.3548 3.3355, -0.4041 0.3826 3.3047, -0.4431 0.3366 3.3047, -0.461 0.2772 3.3223, -0.4883 0.2257 3.3223, -0.4423 0.2659 3.3355, -0.4638 0.0503 3.3465, -0.4919 -0.0002 3.3437, -0.4665 -0.0002 3.3465, -0.4804 0.1056 3.3437, -0.4556 0.1001 3.3465, -0.4421 0.1488 3.3465, -0.4769 0.2868 3.3047, -0.489 0.053 3.3437, -0.511 0.2834 3.2345, -0.5267 0.2435 3.2598, -0.4973 0.299 3.2598, -0.4109 0.3122 3.3355, -0.4234 0.1957 3.3465, -0.4662 0.1569 3.3437, -0.55 0.1851 3.2598, -0.5371 0.2302 3.2345, -0.4465 0.2064 3.3437, -0.4684 0.2165 3.3355, -0.4891 0.1646 3.3355, -0.3342 0.3932 3.3355, -0.5275 0.1775 3.3047, -0.5436 0.1195 3.3047, -0.5099 0.1716 3.3223, -0.577 0.0626 3.2598, -0.5845 -0.0002 3.2345, -0.5804 -0.0002 3.2598, -0.5815 0.0589 3.2345, 0.0279 0.5152 3.3355, -0.5676 0.0615 3.2835, -0.5709 -0.0002 3.2835, 0.0835 0.5092 3.3355, 0.087 0.5308 3.3223, 0.09 0.5491 3.3047, 0.1439 0.5183 3.3223, 0.1381 0.4971 3.3355, 0.1489 0.5361 3.3047, 0.1992 0.4996 3.3223, 0.206 0.5169 3.3047, 0.191 0.4793 3.3355, 0.252 0.4752 3.3223, 0.2418 0.4558 3.3355, 0.2607 0.4916 3.3047, 0.2897 0.427 3.3355, 0.302 0.4451 3.3223, 0.3124 0.4605 3.3047, 0.3342 0.3932 3.3355, 0.3483 0.4099 3.3223, 0.0939 0.5725 3.2598, 0.0885 0.5775 3.2345, 0.0314 0.5793 3.2598, 0.3906 0.3698 3.3223, 0.4041 0.3826 3.3047, 0.3603 0.424 3.3047, 0.4283 0.3254 3.3223, 0.4431 0.3366 3.3047, 0.3747 0.3548 3.3355, 0.4769 0.2868 3.3047, 0.461 0.2772 3.3223, 0.4109 0.3122 3.3355, 0.4883 0.2257 3.3223, 0.5052 0.2335 3.3047, 0.4423 0.2659 3.3355, 0.5099 0.1716 3.3223, 0.5275 0.1775 3.3047, 0.4684 0.2165 3.3355, 0.5436 0.1195 3.3047, 0.4891 0.1646 3.3355, 0.5533 0.06 3.3047, 0.5041 0.1108 3.3355, 0.5381 -0.0002 3.3223, 0.5162 -0.0002 3.3355, 0.4919 -0.0002 3.3437, 0.5566 -0.0002 3.3047, 0.489 0.053 3.3437, 0.4665 -0.0002 3.3465, 0.577 0.0626 3.2598, 0.5676 0.0615 3.2835, 0.5709 -0.0002 3.2835, 0.5815 0.0589 3.2345, 0.5725 0.1175 3.2345, 0.5804 -0.0002 3.2598, 0.5845 -0.0002 3.2345, 0.5576 0.1748 3.2345, 0.5668 0.1246 3.2598, -0.0296 0.5835 3.2345, 0.0296 0.5835 3.2345, 0.55 0.1851 3.2598, 0.5576 0.1225 3.2835, 0.4638 0.0503 3.3465, 0.4804 0.1056 3.3437, 0.5371 0.2303 3.2345, 0.5267 0.2435 3.2598, 0.541 0.1821 3.2835, 0.4556 0.1 3.3465, 0.4662 0.1569 3.3437, 0.511 0.2835 3.2345, 0.4973 0.299 3.2598, 0.5182 0.2395 3.2835, 0.4465 0.2064 3.3437, 0.4421 0.1487 3.3465, 0.4797 0.3337 3.2345, 0.462 0.351 3.2598, 0.4892 0.2941 3.2835, 0.4215 0.2534 3.3437, 0.4234 0.1956 3.3465, 0.4434 0.3805 3.2345, 0.4213 0.3989 3.2598, 0.4545 0.3453 3.2835, 0.3998 0.2403 3.3465, 0.3916 0.2975 3.3437, 0.4026 0.4234 3.2345, 0.3757 0.4421 3.2598, 0.4145 0.3924 3.2835, 0.3714 0.2821 3.3465, 0.3571 0.3381 3.3437, 0.3577 0.462 3.2345, 0.3257 0.4802 3.2598, 0.3696 0.4349 3.2835, 0.3387 0.3206 3.3465, 0.3185 0.3747 3.3437, 0.3091 0.4958 3.2345, 0.2718 0.5126 3.2598, 0.3204 0.4724 3.2835, 0.2761 0.407 3.3437, 0.302 0.3553 3.3465, 0.2573 0.5246 3.2345, 0.2148 0.5389 3.2598, 0.2674 0.5042 3.2835, 0.2618 0.3859 3.3465, 0.2304 0.4344 3.3437, 0.2029 0.5479 3.2345, 0.1553 0.559 3.2598, 0.2113 0.5302 3.2835, 0.2185 0.412 3.3465, 0.1821 0.4568 3.3437, 0.1465 0.5656 3.2345, 0.1527 0.5499 3.2835, 0.1727 0.4332 3.3465, 0.1316 0.4738 3.3437, -0.5576 0.1225 3.2835, 0.0924 0.5632 3.2835, 0.1248 0.4493 3.3465, 0.0796 0.4852 3.3437, -0.0314 0.5793 3.2598, 0.0309 0.5699 3.2835, 0.0755 0.4602 3.3465, 0.0266 0.491 3.3437, -0.0885 0.5775 3.2345, -0.0939 0.5725 3.2598, -0.0309 0.5699 3.2835, 0.0253 0.4656 3.3465, -0.0266 0.491 3.3437, -0.1465 0.5656 3.2345, -0.1553 0.559 3.2598, -0.0924 0.5632 3.2835, -0.0796 0.4852 3.3437, -0.0252 0.4656 3.3465, -0.203 0.5479 3.2345, -0.2148 0.5389 3.2598, -0.1527 0.5499 3.2835, -0.0754 0.4602 3.3465, -0.1316 0.4738 3.3437, -0.2574 0.5245 3.2345, -0.2718 0.5126 3.2598, -0.2113 0.5302 3.2835, -0.1248 0.4493 3.3465, -0.1821 0.4568 3.3437, -0.3092 0.4958 3.2345, -0.3257 0.4802 3.2598, -0.2674 0.5042 3.2835, -0.2304 0.4344 3.3437, -0.1727 0.4332 3.3465, -0.3578 0.4619 3.2345, -0.3757 0.4421 3.2598, -0.3204 0.4724 3.2835, -0.2185 0.412 3.3465, -0.2761 0.407 3.3437, -0.4027 0.4234 3.2345, -0.4213 0.3989 3.2598, -0.3696 0.4349 3.2835, -0.2618 0.3859 3.3465, -0.3185 0.3747 3.3437, -0.4435 0.3805 3.2345, -0.462 0.351 3.2598, -0.4145 0.3924 3.2835, -0.302 0.3554 3.3465, -0.3571 0.3381 3.3437, -0.4797 0.3336 3.2345, -0.4545 0.3453 3.2835, -0.3916 0.2975 3.3437, -0.3386 0.3207 3.3465, -0.5668 0.1246 3.2598, -0.5577 0.1747 3.2345, -0.4892 0.2941 3.2835, -0.3713 0.2822 3.3465, -0.4215 0.2534 3.3437, -0.5052 0.2335 3.3047, -0.5182 0.2395 3.2835, -0.3997 0.2404 3.3465, -0.541 0.1821 3.2835, -0.5725 0.1174 3.2345, -0.5255 0.1155 3.3223, -0.5041 0.1108 3.3355, -0.5533 0.06 3.3047, -0.5349 0.058 3.3223, -0.5131 0.0556 3.3355, -0.5566 -0.0002 3.3047, -0.5381 -0.0002 3.3223, -0.5162 -0.0002 3.3355, -0.0349 -0.6883 1.2402, 0.0296 -0.5839 3.2345, -0.0296 -0.5839 3.2345, 0.689 -0.0002 1.2402, 0.6854 -0.0699 1.2402, -0.1727 -0.6672 1.2402, -0.1043 -0.6812 1.2402, -0.0885 -0.5779 3.2345, -0.1465 -0.566 3.2345, -0.2393 -0.6463 1.2402, -0.203 -0.5483 3.2345, -0.3034 -0.6188 1.2402, -0.2574 -0.5249 3.2345, -0.3092 -0.4962 3.2345, -0.3644 -0.5849 1.2402, -0.3578 -0.4623 3.2345, -0.4747 -0.4996 1.2402, -0.4217 -0.545 1.2402, -0.4435 -0.3809 3.2345, -0.5228 -0.449 1.2402, -0.4027 -0.4238 3.2345, -0.5655 -0.3938 1.2402, -0.4797 -0.334 3.2345, -0.6024 -0.3346 1.2402, -0.511 -0.2838 3.2345, -0.5725 -0.1178 3.2345, -0.5815 -0.0593 3.2345, -0.6854 -0.0699 1.2402, -0.6574 -0.2065 1.2402, -0.5577 -0.1751 3.2345, -0.6749 -0.1389 1.2402, -0.5371 -0.2306 3.2345, -0.6331 -0.2719 1.2402, -0.689 -0.0002 1.2402, 0.0349 -0.6883 1.2402, 0.1043 -0.6812 1.2402, 0.0885 -0.5779 3.2345, 0.1465 -0.566 3.2345, 0.1727 -0.6672 1.2402, 0.2393 -0.6463 1.2402, 0.2029 -0.5483 3.2345, 0.3034 -0.6188 1.2402, 0.2573 -0.5249 3.2345, 0.3091 -0.4962 3.2345, 0.3644 -0.5849 1.2402, 0.4217 -0.545 1.2402, 0.3577 -0.4624 3.2345, 0.4747 -0.4996 1.2402, 0.4026 -0.4238 3.2345, 0.4434 -0.3809 3.2345, 0.5228 -0.449 1.2402, 0.5655 -0.3938 1.2402, 0.4797 -0.3341 3.2345, 0.6024 -0.3346 1.2402, 0.511 -0.2839 3.2345, 0.5371 -0.2307 3.2345, 0.6331 -0.2719 1.2402, 0.6574 -0.2065 1.2402, 0.5576 -0.1752 3.2345, 0.6749 -0.1389 1.2402, 0.5725 -0.1179 3.2345, 0.5815 -0.0593 3.2345, 0.6693 1.1809 0.1969, 1.0236 1.1809 0.0394, 0.6693 1.1809 0.0394, 0.4589 1.1813 0.6794, 1.0236 1.1809 1.2402, 0.0329 1.1809 0.6886, -0.0084 1.1809 0.6883, 0.0325 1.1809 0.7355, -1.0236 1.1809 1.2402, -0.3882 1.1809 0.6055, -1.0236 1.1809 0.0394, -0.6693 1.1809 0.1969, -0.6693 1.1809 0.0394, 0.234 1.1813 0.835, -0.0734 1.1809 0.8021, -0.0895 1.1809 0.8147, -0.0735 1.1809 0.8129, 0.1606 1.1813 0.7292, 0.1778 1.1809 0.7328, 0.1824 1.1809 0.7328, 0.101 1.1813 0.6688, 0.1082 1.1813 0.6506, 0.0984 1.1809 0.6884, 0.1371 1.1813 0.7054, 0.219 1.1809 0.7069, 0.2016 1.1809 0.6766, 0.1465 1.1813 0.7196, 0.0334 1.1809 0.6085, 0.1013 1.1813 0.7083, 0.1457 1.1813 0.6579, 0.137 1.1813 0.6716, 0.1588 1.1813 0.6482, 0.175 1.1809 0.644, 0.2007 1.1809 0.6442, 0.1199 1.1809 0.6345, 0.1719 1.1809 0.6092, 0.321 1.1813 0.5756, 0.1351 1.1813 0.6217, 0.1526 1.1813 0.6132, 0.3863 1.1813 0.7564, 0.402 1.1813 0.7484, 0.3383 1.1809 0.7504, -0.0059 1.1809 0.6535, 0.0226 1.1809 0.6793, 0.0228 1.1809 0.6537, 0.2055 1.1809 0.6095, 0.2929 1.1813 0.5959, 0.3053 1.1813 0.5836, 0.4163 1.1813 0.6711, 0.4056 1.1813 0.6589, 0.3835 1.1813 0.665, 0.2197 1.1813 0.6187, 0.2847 1.1813 0.6114, 0.2138 1.1813 0.6123, 0.3295 1.1813 0.7683, 0.1883 1.1813 0.7556, 0.2823 1.1813 0.8021, 0.238 1.1813 0.8008, 0.2616 1.1809 0.8046, 0.3168 1.1813 0.7833, 0.2003 1.1813 0.7752, 0.1337 1.1809 0.6881, 0.3218 1.1813 0.6848, 0.3009 1.1813 0.7948, 0.2172 1.1813 0.7907, 0.3093 1.1813 0.8289, 0.4038 1.1813 0.7867, 0.3304 1.1809 0.817, 0.4144 1.1813 0.7362, 0.3557 1.1813 0.6846, 0.449 1.1813 0.7476, 0.4344 1.1809 0.7665, 0.4257 1.1809 0.7027, 0.3712 1.1813 0.6768, 0.3524 1.1813 0.7567, 0.3684 1.1809 0.7592, 0.4226 1.1813 0.7206, 0.4233 1.1813 0.6859, 0.4583 1.1813 0.7257, 0.451 1.1813 0.6583, 0.3919 1.1809 0.6501, 0.4616 1.1809 0.7018, 0.4247 1.1813 0.6273, 0.4381 1.1809 0.6396, 0.3725 1.1813 0.5839, 0.2218 1.1809 0.6272, 0.2194 1.1813 0.6361, 0.2816 1.1809 0.635, 0.213 1.1813 0.6424, 0.3569 1.1813 0.5758, 0.2816 1.1809 0.6294, 0.3381 1.1809 0.6873, 0.3073 1.1813 0.678, 0.2956 1.1809 0.6676, 0.2041 1.1809 0.6447, 0.3389 1.1809 0.5728, 0.3848 1.1813 0.5962, 0.3927 1.1809 0.6119, 0.4096 1.1813 0.6181, 0.3438 1.1813 0.8056, 0.3678 1.1813 0.7933, 0.3556 1.1809 0.7921, 0.4148 1.1813 0.7813, 0.4249 1.1813 0.7746, 0.3921 1.1813 0.7905, 0.3802 1.1813 0.7927, 0.2863 1.1813 0.8363, 0.2619 1.1809 0.8387, -0.0998 1.1809 0.8055, -0.0996 1.1809 0.7798, -0.1282 1.1809 0.7796, 0.032 1.1809 0.8156, 0.1847 1.1809 0.8086, 0.1667 1.1813 0.7877, -0.0889 1.1809 0.7347, -0.0729 1.1809 0.7381, -0.0629 1.1813 0.7347, -0.2774 1.1809 0.7333, -0.2563 1.1809 0.6865, -0.2656 1.1809 0.6865, 0.1543 1.1809 0.7634, 0.1361 1.1813 0.7548, -0.2694 1.1809 0.7553, -0.236 1.1809 0.7555, -0.2282 1.1809 0.7337, -0.0097 1.1809 0.7352, -0.0233 1.1809 0.7447, -0.0098 1.1809 0.7444, -0.3161 1.1809 0.606, -0.2861 1.1813 0.6091, -0.2786 1.1813 0.6072, -0.2933 1.1813 0.6126, -0.3275 1.1809 0.606, -0.3767 1.1809 0.6056, -0.2705 1.1813 0.6064, -0.2314 1.1809 0.6066, -0.1459 1.1813 0.5884, -0.1391 1.1813 0.5824, -0.2465 1.1809 0.6065, -0.2545 1.1813 0.6065, -0.2624 1.1813 0.6064, -0.1072 1.1809 0.6221, -0.1066 1.1813 0.6251, -0.0868 1.1813 0.6159, -0.1274 1.1813 0.5807, -0.2751 1.1809 0.6862, -0.2888 1.1809 0.7333, -0.3472 1.1809 0.6859, -0.3001 1.1809 0.6756, -0.3091 1.1813 0.6631, -0.2841 1.1809 0.6845, -0.2925 1.1809 0.681, -0.2589 1.1809 0.8135, -0.3582 1.1809 0.6858, -0.312 1.1809 0.6471, -0.3687 1.1809 0.6276, -0.3354 1.1809 0.6278, -0.2997 1.1809 0.6174, -0.0193 1.1809 0.6235, -0.0097 1.1809 0.6173, -0.0205 1.1813 0.6166, -0.1036 1.1813 0.6073, -0.0943 1.1809 0.6063, -0.1246 1.1809 0.5902, -0.0083 1.1809 0.6791, -0.0449 1.1809 0.6665, -0.0507 1.1809 0.7336, 0.0228 1.1809 0.6445, 0.023 1.1809 0.6176, -0.0058 1.1809 0.6443, -0.0791 1.1809 0.6495, -0.0654 1.1809 0.6446, -0.0798 1.1813 0.6446, -0.0096 1.1809 0.6082, -0.0242 1.1809 0.6113, -0.0545 1.1809 0.8163, -0.2168 1.1809 0.7338, -0.2301 1.1809 0.6867, -0.2471 1.1813 0.6866, -0.2478 1.1809 0.8136, -0.0344 1.1813 0.6652, -0.1307 1.1809 0.8144, -0.1307 1.1809 0.8052, -0.1477 1.1813 0.8143, -0.0252 1.1809 0.6613, -0.1793 1.1809 0.7349, -0.1867 1.1809 0.7369, -0.1282 1.1809 0.7705, -0.1471 1.1809 0.7343, -0.0995 1.1809 0.7707, -0.0993 1.1809 0.7437, -0.1321 1.1809 0.7435, -0.0928 1.1813 0.665, -0.073 1.1809 0.748, 0.1089 1.1813 0.7265, -0.0353 1.1813 0.7364, -0.0318 1.1809 0.7514, -0.0408 1.1813 0.745, -0.0523 1.1809 0.7428, 0.1207 1.1813 0.7423, -0.0162 1.1813 0.7912, 0.0216 1.1809 0.8155, -0.0132 1.1809 0.7737, -0.025 1.1809 0.8048, -0.0382 1.1813 0.8135, 0.2079 1.1813 0.8248, -0.0424 1.1813 0.8049, -0.0644 1.1813 0.8058, -0.0546 1.1809 0.807, -0.0327 1.1809 0.7983, -0.065 1.1813 0.8154, -0.0263 1.1813 0.7878, -0.0241 1.1809 0.7743, -0.026 1.1813 0.7614, -0.0634 1.1813 0.7441, -0.0157 1.1813 0.7575, 0.0221 1.1809 0.7446, -0.1939 1.1809 0.7403, -0.2003 1.1813 0.7451, -0.1889 1.1809 0.687, -0.123 1.1809 0.6646, -0.1342 1.1813 0.6645, -0.132 1.1809 0.7344, -0.1675 1.1809 0.6643, -0.1779 1.1809 0.6642, -0.1085 1.1813 0.6654, -0.1015 1.1809 0.6661, -0.0856 1.1809 0.6616, -0.0632 1.1813 0.6567, -0.0808 1.1813 0.6563, -0.1569 1.1809 0.8143, -0.1757 1.1809 0.8139, -0.1662 1.1809 0.8142, -0.1932 1.1809 0.8087, -0.1847 1.1809 0.8122, -0.2097 1.1813 0.7909, -0.2007 1.1809 0.8034, -0.2126 1.1809 0.7749, -0.2095 1.1813 0.7581, -0.0251 1.1809 0.6515, -0.0279 1.1813 0.6388, -0.0215 1.1813 0.6326, -0.0439 1.1809 0.6583, -0.0542 1.1813 0.652, -0.0503 1.1813 0.6567, -0.0564 1.1813 0.664, -0.0384 1.1809 0.642, -0.0341 1.1813 0.6566, -0.1245 1.1809 0.5813, -0.1042 1.1813 0.6163, -0.0953 1.1809 0.6144, -0.0789 1.1809 0.6201, -0.0652 1.1809 0.6078, -0.0551 1.1809 0.6079, -0.0374 1.1809 0.6067, -0.0549 1.1809 0.6167, -0.0475 1.1813 0.6091, -0.1363 1.1813 0.591, -0.1406 1.1809 0.597, -0.0299 1.1813 0.6079, -0.0554 1.1809 0.6442, -0.1047 1.1813 0.6276, -0.0788 1.1809 0.6097, -0.0969 1.1809 0.6316, -0.086 1.1813 0.6072, -0.1175 1.1809 0.623, -0.1158 1.1813 0.616, -0.145 1.1809 0.6074, -0.0886 1.1809 0.6353, -0.0819 1.1809 0.6404, -0.115 1.1809 0.6537, -0.1082 1.1813 0.6568, -0.09 1.1813 0.6473, -0.1005 1.1809 0.6579, -0.0895 1.1809 0.6503, -0.0903 1.1813 0.6534, -0.0961 1.1813 0.6574, -0.0926 1.1809 0.6558, -0.115 1.1809 0.6634, -0.1551 1.1809 0.7342, -0.163 1.1809 0.7341, -0.1074 1.1809 0.6373, -0.1142 1.1809 0.6325, -0.1167 1.1813 0.6282, -0.0992 1.1809 0.6409, -0.0916 1.1813 0.645, -0.111 1.1809 0.6107, -0.1616 1.1809 0.6485, -0.1396 1.1809 0.6486, -0.1711 1.1809 0.7341, -0.2276 1.1809 0.6519, -0.1991 1.1809 0.6777, -0.199 1.1809 0.6521, -0.1883 1.1809 0.6069, -0.1309 1.1809 0.5804, -0.1274 1.1813 0.5893, -0.1302 1.1809 0.589, -0.145 1.1809 0.6327, -0.1558 1.1809 0.6327, -0.1501 1.1813 0.6167, -0.2275 1.1809 0.6427, -0.1515 1.1809 0.5986, -0.2314 1.1809 0.6158, -0.23 1.1809 0.6775, -0.1989 1.1809 0.6429, -0.1987 1.1809 0.616, -0.3088 1.1813 0.6304, 0.2609 -1.0273 0.1969, 0.2544 -1.0474 0.1772, 0.2609 -1.0273 0.1772, 0.2544 -1.0474 0.1969, 0.2347 -1.0742 0.1772, 0.2347 -1.0742 0.1969, 0.2084 -1.0943 0.1772, 0.2084 -1.0943 0.1969, 0.1756 -1.101 0.1772, 0.1756 -1.101 0.1969, 0.1428 -1.101 0.1772, 0.1428 -1.101 0.1969, 0.1166 -1.0943 0.1969, 0.1166 -1.0943 0.1772, 0.0903 -1.0809 0.1969, 0.0903 -1.0809 0.1772, 0.0641 -1.0541 0.1969, 0.0641 -1.0541 0.1772, 0.0575 -1.0273 0.1969, 0.0575 -1.0273 0.1772, 0.0575 -1.0005 0.1772, 0.0575 -1.0005 0.1969, 0.0641 -0.9737 0.1772, 0.0641 -0.9737 0.1969, 0.0903 -0.9469 0.1772, 0.0903 -0.9469 0.1969, 0.1166 -0.9335 0.1772, 0.1166 -0.9335 0.1969, 0.1428 -0.9268 0.1772, 0.1428 -0.9268 0.1969, 0.1822 -0.9268 0.1969, 0.1822 -0.9268 0.1772, 0.2084 -0.9201 0.1772, 0.2084 -0.9201 0.1969, 0.2281 -0.9066 0.1772, 0.2281 -0.9066 0.1969, 0.2412 -0.8865 0.1772, 0.2412 -0.8865 0.1969, 0.2412 -0.8664 0.1772, 0.2412 -0.8664 0.1969, 0.2281 -0.8463 0.1969, 0.2281 -0.8463 0.1772, 0.2084 -0.8329 0.1969, 0.2084 -0.8329 0.1772, 0.1822 -0.8262 0.1969, 0.1822 -0.8262 0.1772, 0.1297 -0.8262 0.1772, 0.1297 -0.8262 0.1969, 0.1034 -0.8329 0.1772, 0.1034 -0.8329 0.1969, 0.0838 -0.853 0.1772, 0.0838 -0.853 0.1969, 0.0772 -0.8731 0.1772, 0.0772 -0.8731 0.1969, 0.0378 -0.8731 0.1772, 0.0378 -0.8731 0.1969, 0.0444 -0.8463 0.1772, 0.0444 -0.8463 0.1969, 0.0641 -0.8128 0.1772, 0.0641 -0.8128 0.1969, 0.0969 -0.7927 0.1772, 0.0969 -0.7927 0.1969, 0.1297 -0.786 0.1772, 0.1297 -0.786 0.1969, 0.1822 -0.786 0.1969, 0.1822 -0.786 0.1772, 0.215 -0.7927 0.1772, 0.215 -0.7927 0.1969, 0.2412 -0.8061 0.1772, 0.2412 -0.8061 0.1969, 0.2675 -0.8329 0.1772, 0.2675 -0.8329 0.1969, 0.2806 -0.8597 0.1772, 0.2806 -0.8597 0.1969, 0.2806 -0.8932 0.1969, 0.2806 -0.8932 0.1772, 0.2675 -0.9201 0.1772, 0.2675 -0.9201 0.1969, 0.2412 -0.9469 0.1772, 0.2412 -0.9469 0.1969, 0.215 -0.9603 0.1772, 0.215 -0.9603 0.1969, 0.1822 -0.967 0.1772, 0.1822 -0.967 0.1969, 0.1428 -0.967 0.1772, 0.1428 -0.967 0.1969, 0.1231 -0.9737 0.1772, 0.1231 -0.9737 0.1969, 0.1034 -0.9871 0.1772, 0.1034 -0.9871 0.1969, 0.0969 -1.0072 0.1772, 0.0969 -1.0072 0.1969, 0.0969 -1.0206 0.1969, 0.0969 -1.0206 0.1772, 0.1034 -1.0407 0.1772, 0.1034 -1.0407 0.1969, 0.1231 -1.0541 0.1772, 0.1231 -1.0541 0.1969, 0.1428 -1.0608 0.1772, 0.1428 -1.0608 0.1969, 0.1822 -1.0608 0.1969, 0.1822 -1.0608 0.1772, 0.2019 -1.0541 0.1772, 0.2019 -1.0541 0.1969, 0.215 -1.0407 0.1772, 0.215 -1.0407 0.1969, 0.2215 -1.0273 0.1772, 0.2215 -1.0273 0.1969, -0.264 -1.0675 0.1772, -0.264 -1.101 0.1772, -0.264 -1.101 0.1969, -0.264 -1.0675 0.1969, -0.159 -1.0675 0.1969, -0.159 -1.0675 0.1772, -0.159 -0.786 0.1772, -0.159 -0.786 0.1969, -0.1197 -0.786 0.1969, -0.1197 -0.786 0.1772, -0.1197 -1.0675 0.1969, -0.1197 -1.0675 0.1772, -0.0147 -1.0675 0.1969, -0.0147 -1.0675 0.1772, -0.0147 -1.101 0.1969, -0.0147 -1.101 0.1772, 0.0237 0.9526 0.1969, 0.05 0.9459 0.1772, 0.0237 0.9526 0.1772, 0.05 0.9459 0.1969, 0.0893 0.9459 0.1969, 0.0893 0.9459 0.1772, 0.1156 0.9526 0.1772, 0.1156 0.9526 0.1969, 0.1353 0.966 0.1772, 0.1353 0.966 0.1969, 0.1484 0.9861 0.1772, 0.1484 0.9861 0.1969, 0.155 1.0062 0.1772, 0.155 1.0062 0.1969, 0.155 1.0196 0.1772, 0.155 1.0196 0.1969, 0.1484 1.0397 0.1969, 0.1484 1.0397 0.1772, 0.1353 1.0598 0.1969, 0.1353 1.0598 0.1772, 0.1156 1.0732 0.1969, 0.1156 1.0732 0.1772, 0.0893 1.0799 0.1969, 0.0893 1.0799 0.1772, 0.05 1.0799 0.1772, 0.05 1.0799 0.1969, 0.0237 1.0732 0.1772, 0.0237 1.0732 0.1969, 0.004 1.0598 0.1772, 0.004 1.0598 0.1969, -0.0091 1.033 0.1772, -0.0091 1.033 0.1969, -0.0485 1.033 0.1772, -0.0485 1.033 0.1969, -0.0353 1.0598 0.1772, -0.0353 1.0598 0.1969, -0.0156 1.0866 0.1772, -0.0156 1.0866 0.1969, 0.0172 1.1067 0.1772, 0.0172 1.1067 0.1969, 0.05 1.1134 0.1772, 0.05 1.1134 0.1969, 0.0893 1.1134 0.1969, 0.0893 1.1134 0.1772, 0.1222 1.1067 0.1772, 0.1222 1.1067 0.1969, 0.155 1.0866 0.1772, 0.155 1.0866 0.1969, 0.1746 1.0598 0.1772, 0.1746 1.0598 0.1969, 0.1878 1.0263 0.1772, 0.1878 1.0263 0.1969, 0.1878 0.9995 0.1969, 0.1878 0.9995 0.1772, 0.1746 0.966 0.1772, 0.1746 0.966 0.1969, 0.155 0.9392 0.1772, 0.155 0.9392 0.1969, 0.1222 0.9191 0.1772, 0.1222 0.9191 0.1969, 0.0893 0.9124 0.1772, 0.0893 0.9124 0.1969, 0.05 0.9124 0.1772, 0.05 0.9124 0.1969, 0.0172 0.9191 0.1969, 0.0172 0.9191 0.1772, -0.0156 0.9392 0.1969, -0.0156 0.9392 0.1772, -0.0156 0.832 0.1969, -0.0156 0.832 0.1772, 0.1746 0.832 0.1969, 0.1746 0.832 0.1772, 0.1746 0.7985 0.1969, 0.1746 0.7985 0.1772, -0.0485 0.7985 0.1772, -0.0485 0.7985 0.1969, -0.0485 0.9727 0.1772, -0.0485 0.9727 0.1969, -0.0025 0.9727 0.1969, -0.0025 0.9727 0.1772, -0.1403 0.8521 0.1772, -0.1009 1.1134 0.1772, -0.1009 0.7985 0.1772, -0.1797 0.8454 0.1772, -0.1797 0.899 0.1772, -0.1403 0.7985 0.1772, -0.1403 1.1134 0.1772, -0.1009 0.7985 0.1969, -0.1009 1.1134 0.1969, -0.1403 0.7985 0.1969, -0.1797 0.8454 0.1969, -0.1797 0.899 0.1969, -0.1403 0.8521 0.1969, -0.1403 1.1134 0.1969, -1.1024 -0.3939 0.0394, 1.1024 -0.3939 0.1969, 1.1024 -0.3939 0.0394, -1.1024 -0.3939 0.1969, -1.1791 -0.4551 0.0394, -1.1811 -0.4726 0.1969, -1.1784 -0.4523 0.1969, -1.1417 -0.4044 0.1969, -1.1515 -0.4111 0.0394, -1.158 -0.417 0.1969, -1.1706 -0.4333 0.1969, -1.164 -0.4236 0.0394, -1.1733 -0.4386 0.0394, -1.1199 -0.3959 0.0394, -1.1227 -0.3966 0.1969, -1.1366 -0.4017 0.0394, -1.1811 -0.4726 0.0394, 1.1706 0.4329 0.1969, 1.164 0.4232 0.0394, 1.1733 0.4382 0.0394, 1.1811 0.4722 0.1969, 1.1784 0.4519 0.1969, 1.1791 0.4547 0.0394, 1.1366 0.4013 0.0394, 1.1227 0.3962 0.1969, 1.1199 0.3955 0.0394, 1.1417 0.4041 0.1969, 1.1515 0.4107 0.0394, 1.158 0.4166 0.1969, 1.1024 0.3935 0.0394, 1.1024 0.3935 0.1969, 1.1811 0.4722 0.0394, -1.1024 0.3935 0.1969, -1.1024 0.3935 0.0394, -1.1417 0.4041 0.1969, -1.1514 0.4106 0.0394, -1.1364 0.4013 0.0394, -1.1227 0.3962 0.1969, -1.1199 0.3955 0.0394, -1.1733 0.438 0.0394, -1.1784 0.4519 0.1969, -1.1791 0.4547 0.0394, -1.1706 0.4329 0.1969, -1.1639 0.4231 0.0394, -1.158 0.4166 0.1969, -1.1811 0.4722 0.0394, -1.1811 0.4722 0.1969, 0.6517 -1.1793 0.0394, 0.6693 -1.1813 0.1969, 0.6489 -1.1786 0.1969, 0.6011 -1.1419 0.1969, 0.6078 -1.1517 0.0394, 0.6136 -1.1582 0.1969, 0.6299 -1.1708 0.1969, 0.6203 -1.1642 0.0394, 0.6352 -1.1735 0.0394, 0.5906 -1.1026 0.1969, 0.5925 -1.1201 0.0394, 0.5932 -1.1229 0.1969, 0.5984 -1.1368 0.0394, 0.5906 -1.1026 0.0394, 0.6693 -1.1813 0.0394, 0.5906 -0.7876 0.1969, 0.5906 -0.7876 0.0394, 0.5512 -0.7194 0.1969, 0.561 -0.7261 0.0394, 0.5675 -0.7319 0.1969, 0.5734 -0.7386 0.0394, 0.546 -0.7167 0.0394, 0.5322 -0.7115 0.1969, 0.5294 -0.7108 0.0394, 0.5118 -0.7089 0.1969, 0.5118 -0.7089 0.0394, 0.58 -0.7482 0.1969, 0.5828 -0.7535 0.0394, 0.5879 -0.7672 0.1969, 0.5886 -0.77 0.0394, -0.5118 -0.7089 0.0394, -0.5118 -0.7089 0.1969, -0.58 -0.7482 0.1969, -0.5733 -0.7384 0.0394, -0.5675 -0.7319 0.1969, -0.5608 -0.726 0.0394, -0.5827 -0.7534 0.0394, -0.5879 -0.7672 0.1969, -0.5886 -0.77 0.0394, -0.5906 -0.7876 0.1969, -0.5906 -0.7876 0.0394, -0.5512 -0.7194 0.1969, -0.5459 -0.7166 0.0394, -0.5322 -0.7115 0.1969, -0.5294 -0.7108 0.0394, -0.5906 -1.1026 0.1969, -0.5906 -1.1026 0.0394, -0.5932 -1.1229 0.1969, -0.6299 -1.1708 0.1969, -0.6136 -1.1582 0.0394, -0.6136 -1.1582 0.1969, -0.6011 -1.1419 0.1969, -0.6011 -1.1419 0.0394, -0.5932 -1.1229 0.0394, -0.6693 -1.1813 0.1969, -0.6489 -1.1786 0.0394, -0.6489 -1.1786 0.1969, -0.6299 -1.1708 0.0394, -0.6693 -1.1813 0.0394, -0.6693 -1.1783 0.0243, -1.0236 -1.1698 0.0115, -0.6693 -1.1698 0.0115, -1.0236 -1.1783 0.0243, -1.0236 -1.1813 0.0394, -1.0236 -1.157 0.003, -0.6693 -1.157 0.003, -1.0236 -1.1419 0.0, -0.6693 -1.1419 0.0, -0.6111 -1.1362 0.0115, -0.6167 -1.1166 0.003, -0.6044 -1.12 0.0115, -0.5961 -1.1222 0.0243, -0.5935 -1.1026 0.0243, -0.6037 -1.1404 0.0243, -0.6157 -1.1561 0.0243, -0.6497 -1.1757 0.0243, -0.6415 -1.1304 0.0, -0.6421 -1.1497 0.003, -0.6497 -1.1367 0.0, -0.6519 -1.1675 0.0115, -0.6552 -1.1551 0.003, -0.659 -1.1405 0.0, -0.6314 -1.1682 0.0243, -0.6357 -1.1608 0.0115, -0.6308 -1.1411 0.003, -0.6221 -1.1298 0.003, -0.6218 -1.1501 0.0115, -0.6021 -1.1026 0.0115, -0.6149 -1.1026 0.003, -0.6299 -1.1026 0.0, -0.6313 -1.1129 0.0, -0.6353 -1.1224 0.0, -0.5935 -0.7876 0.0243, -0.6021 -0.7876 0.0115, -0.6149 -0.7876 0.003, -0.6299 -0.7876 0.0, -0.5628 -0.7237 0.0243, -0.53 -0.7079 0.0243, -0.5118 -0.7059 0.0243, -0.551 -0.7063 0.0115, -0.5761 -0.707 0.003, -0.5565 -0.6948 0.003, -0.5757 -0.7366 0.0243, -0.5855 -0.7521 0.0243, -0.5931 -0.7484 0.0115, -0.5915 -0.7694 0.0243, -0.6182 -0.7364 0.0, -0.5924 -0.7234 0.003, -0.6046 -0.7429 0.003, -0.5824 -0.7313 0.0115, -0.5998 -0.7675 0.0115, -0.627 -0.7613 0.0, -0.6123 -0.7647 0.003, -0.5681 -0.717 0.0115, -0.5473 -0.714 0.0243, -0.5319 -0.6996 0.0115, -0.5347 -0.6871 0.003, -0.5118 -0.6973 0.0115, -0.5118 -0.6846 0.003, -0.5118 -0.6695 0.0, -0.5381 -0.6724 0.0, -0.5631 -0.6812 0.0, -0.5855 -0.6953 0.0, -0.6042 -0.714 0.0, 0.5118 -0.7059 0.0243, 0.5118 -0.6973 0.0115, 0.5118 -0.6846 0.003, 0.5118 -0.6695 0.0, 0.5757 -0.7366 0.0243, 0.5915 -0.7694 0.0243, 0.5935 -0.7876 0.0243, 0.6046 -0.7429 0.003, 0.5931 -0.7484 0.0115, 0.5924 -0.7234 0.003, 0.5628 -0.7237 0.0243, 0.5473 -0.714 0.0243, 0.551 -0.7063 0.0115, 0.53 -0.7079 0.0243, 0.5631 -0.6812 0.0, 0.5761 -0.707 0.003, 0.5565 -0.6948 0.003, 0.5681 -0.717 0.0115, 0.5319 -0.6996 0.0115, 0.5381 -0.6724 0.0, 0.5347 -0.6871 0.003, 0.5824 -0.7313 0.0115, 0.5855 -0.7521 0.0243, 0.5998 -0.7675 0.0115, 0.6123 -0.7647 0.003, 0.6021 -0.7876 0.0115, 0.6149 -0.7876 0.003, 0.6299 -0.7876 0.0, 0.627 -0.7613 0.0, 0.6182 -0.7364 0.0, 0.6042 -0.714 0.0, 0.5855 -0.6953 0.0, 0.5935 -1.1026 0.0243, 0.6021 -1.1026 0.0115, 0.6149 -1.1026 0.003, 0.6299 -1.1026 0.0, 0.6156 -1.1563 0.0249, 0.6321 -1.1688 0.0249, 0.6507 -1.1762 0.0249, 0.6693 -1.1783 0.0243, 0.6041 -1.119 0.0115, 0.6107 -1.1354 0.0115, 0.5956 -1.1211 0.0249, 0.603 -1.1397 0.0249, 0.6223 -1.1289 0.0028, 0.6171 -1.1157 0.0028, 0.6312 -1.1406 0.0028, 0.6351 -1.1221 0.0, 0.6415 -1.1304 0.0, 0.6495 -1.1366 0.0, 0.6429 -1.1495 0.0028, 0.6313 -1.1129 0.0, 0.659 -1.1405 0.0, 0.6561 -1.1548 0.0028, 0.6693 -1.157 0.003, 0.6693 -1.1419 0.0, 0.6529 -1.1677 0.0115, 0.6693 -1.1698 0.0115, 0.6364 -1.1612 0.0115, 0.6218 -1.1501 0.0115, 1.0236 -1.1783 0.0243, 1.0236 -1.1698 0.0115, 1.0236 -1.1813 0.0394, 1.0236 -1.157 0.003, 1.0236 -1.1419 0.0, -1.0236 -1.1813 1.2402, 1.0236 -1.1813 1.2402, -1.1546 -1.1113 0.0394, -1.1691 -1.0841 1.2402, -1.1691 -1.0841 0.0394, -1.1781 -1.0545 0.0394, -1.1811 -1.0238 0.4528, -1.1811 -1.0238 0.3543, -1.1811 -1.0238 0.2493, -1.1811 -1.0238 0.0394, -1.1811 -1.0238 0.1444, -1.0839 -1.1693 0.0394, -1.0839 -1.1693 1.2402, -1.1111 -1.1548 1.2402, -1.135 -1.1352 0.0394, -1.1111 -1.1548 0.0394, -1.135 -1.1352 1.2402, -1.0543 -1.1783 0.0394, -1.0543 -1.1783 1.2402, -1.1546 -1.1113 1.2402, -1.1781 -1.0545 1.2402, -1.1811 -1.0238 1.2402, 1.0839 -1.1693 1.2402, 1.0543 -1.1783 1.2402, 1.1546 1.1109 1.2402, 1.135 1.1348 1.2402, 1.1111 1.1544 1.2402, 1.1111 -1.1548 1.2402, 1.135 -1.1352 1.2402, 1.1781 -1.0545 1.2402, 1.1811 -1.0238 1.2402, 1.1691 -1.0841 1.2402, 1.1546 -1.1113 1.2402, -0.6574 0.2061 1.2402, -1.1811 1.0234 1.2402, -0.6749 0.1385 1.2402, 1.0839 1.1689 1.2402, 1.1691 1.0837 1.2402, 1.1781 1.0541 1.2402, 1.0543 1.1779 1.2402, 1.1811 1.0234 1.2402, -1.0543 1.1779 1.2402, -1.0839 1.1689 1.2402, -1.1111 1.1544 1.2402, -1.135 1.1348 1.2402, -1.1546 1.1109 1.2402, -1.1691 1.0837 1.2402, -1.1781 1.0541 1.2402, 0.1043 0.6808 1.2402, 0.0349 0.6879 1.2402, -0.6854 0.0695 1.2402, -0.1727 0.6668 1.2402, -0.1043 0.6808 1.2402, -0.6331 0.2715 1.2402, -0.6024 0.3342 1.2402, -0.5655 0.3934 1.2402, -0.5228 0.4486 1.2402, -0.4747 0.4992 1.2402, -0.3644 0.5845 1.2402, -0.4217 0.5446 1.2402, -0.2393 0.6459 1.2402, -0.3034 0.6184 1.2402, -0.0349 0.6879 1.2402, 0.1727 0.6668 1.2402, 0.2393 0.6459 1.2402, 0.3034 0.6184 1.2402, 0.3644 0.5845 1.2402, 0.4217 0.5446 1.2402, 0.4747 0.4992 1.2402, 0.5655 0.3934 1.2402, 0.5228 0.4486 1.2402, 0.6331 0.2715 1.2402, 0.6024 0.3342 1.2402, 0.6749 0.1385 1.2402, 0.6574 0.2061 1.2402, 0.6854 0.0695 1.2402, 1.1546 1.1109 0.0394, 1.1691 1.0837 0.0394, 1.1781 1.0541 0.0394, 1.1811 1.0234 0.4528, 1.1811 1.0234 0.3543, 1.1811 1.0234 0.2493, 1.1811 1.0234 0.0394, 1.1811 1.0234 0.1444, 1.0839 1.1689 0.0394, 1.135 1.1348 0.0394, 1.1111 1.1544 0.0394, 1.0543 1.1779 0.0394, -1.1811 1.0234 0.2493, -1.1781 1.0541 0.0394, -1.1811 1.0234 0.1444, -1.1811 1.0234 0.4528, -1.1811 1.0234 0.3543, -1.135 1.1348 0.0394, -1.1546 1.1109 0.0394, -1.1691 1.0837 0.0394, -1.0839 1.1689 0.0394, -1.1111 1.1544 0.0394, -1.0543 1.1779 0.0394, -1.1811 1.0234 0.0394, -1.1467 1.0744 0.003, -1.1328 1.0686 0.0, -1.1395 1.0465 0.0, -1.1751 1.0536 0.0243, -1.1781 1.0234 0.0243, -1.1663 1.0825 0.0243, -1.1521 1.1093 0.0243, -1.0827 1.1661 0.0243, -1.0976 1.1342 0.003, -1.0795 1.1583 0.0115, -1.0746 1.1465 0.003, -1.1268 1.1266 0.0115, -1.1344 1.0974 0.003, -1.145 1.1045 0.0115, -1.0521 1.1666 0.0115, -1.0538 1.1749 0.0243, -1.0236 1.1779 0.0243, -1.0236 1.1694 0.0115, -1.0496 1.154 0.003, -1.0689 1.1325 0.0, -1.0236 1.1566 0.003, -1.0236 1.1415 0.0, -1.0467 1.1393 0.0, -1.1178 1.1176 0.003, -1.1047 1.1448 0.0115, -1.1219 1.089 0.0, -1.1329 1.1327 0.0243, -1.1542 1.0494 0.003, -1.1568 1.0234 0.003, -1.1417 1.0234 0.0, -1.1668 1.0519 0.0115, -1.1696 1.0234 0.0115, -1.1585 1.0793 0.0115, -1.1094 1.1519 0.0243, -1.1072 1.1069 0.0, -1.0893 1.1216 0.0, -1.1781 0.4722 0.0243, -1.1696 0.4722 0.0115, -1.1568 0.4722 0.003, -1.1417 0.4722 0.0, -1.1024 0.405 0.0115, -1.1155 0.42 0.0028, -1.1024 0.4178 0.003, -1.1561 0.4185 0.0249, -1.1686 0.4351 0.0249, -1.1188 0.4071 0.0115, -1.1352 0.4136 0.0115, -1.1287 0.4253 0.0028, -1.1395 0.406 0.0249, -1.1209 0.3986 0.0249, -1.1499 0.4247 0.0115, -1.1127 0.4343 0.0, -1.1024 0.4329 0.0, -1.1364 0.4524 0.0, -1.1404 0.4342 0.0028, -1.1493 0.4459 0.0028, -1.1404 0.4619 0.0, -1.1546 0.4591 0.0028, -1.176 0.4537 0.0249, -1.1675 0.4558 0.0115, -1.1219 0.4381 0.0, -1.1302 0.4444 0.0, -1.161 0.4394 0.0115, -1.1024 0.3965 0.0243, 1.1024 0.3965 0.0243, 1.1024 0.405 0.0115, 1.1024 0.4178 0.003, 1.1024 0.4329 0.0, 1.1686 0.4351 0.0249, 1.176 0.4537 0.0249, 1.1561 0.4185 0.0249, 1.1395 0.406 0.0249, 1.1696 0.4722 0.0115, 1.1546 0.4591 0.0028, 1.1568 0.4722 0.003, 1.1493 0.4459 0.0028, 1.1675 0.4558 0.0115, 1.161 0.4394 0.0115, 1.1499 0.4247 0.0115, 1.1404 0.4619 0.0, 1.1417 0.4722 0.0, 1.1222 0.4382 0.0, 1.1404 0.4342 0.0028, 1.1287 0.4253 0.0028, 1.1127 0.4343 0.0, 1.1155 0.42 0.0028, 1.1209 0.3986 0.0249, 1.1188 0.4071 0.0115, 1.1365 0.4527 0.0, 1.1302 0.4444 0.0, 1.1352 0.4136 0.0115, 1.1781 0.4722 0.0243, 1.1781 1.0234 0.0243, 1.1696 1.0234 0.0115, 1.1568 1.0234 0.003, 1.1417 1.0234 0.0, 1.0746 1.1465 0.003, 1.0688 1.1326 0.0, 1.0467 1.1393 0.0, 1.0538 1.1749 0.0243, 1.0236 1.1779 0.0243, 1.0827 1.1661 0.0243, 1.1094 1.1519 0.0243, 1.1663 1.0825 0.0243, 1.1344 1.0974 0.003, 1.1585 1.0793 0.0115, 1.1467 1.0744 0.003, 1.1268 1.1266 0.0115, 1.0976 1.1342 0.003, 1.1047 1.1448 0.0115, 1.1668 1.0519 0.0115, 1.1751 1.0536 0.0243, 1.1542 1.0494 0.003, 1.1327 1.0687 0.0, 1.1395 1.0465 0.0, 1.1178 1.1176 0.003, 1.145 1.1045 0.0115, 1.0892 1.1217 0.0, 1.1329 1.1327 0.0243, 1.0496 1.154 0.003, 1.0236 1.1566 0.003, 1.0236 1.1415 0.0, 1.0521 1.1666 0.0115, 1.0236 1.1694 0.0115, 1.0795 1.1583 0.0115, 1.1521 1.1093 0.0243, 1.1071 1.107 0.0, 1.1218 1.0891 0.0, 0.6693 1.1779 0.0243, 0.6693 1.1694 0.0115, 0.6693 1.1566 0.003, 0.6693 1.1415 0.0, 0.6517 1.1789 0.0394, 0.5984 1.1364 0.0394, 0.603 1.1393 0.0249, 0.5956 1.1207 0.0249, 0.6312 1.1403 0.0028, 0.6429 1.1491 0.0028, 0.6495 1.1362 0.0, 0.5925 1.1197 0.0394, 0.5906 1.1022 0.0394, 0.6156 1.1559 0.0249, 0.6203 1.1638 0.0394, 0.6321 1.1684 0.0249, 0.6218 1.1497 0.0115, 0.6561 1.1544 0.0028, 0.659 1.1402 0.0, 0.6507 1.1758 0.0249, 0.6529 1.1673 0.0115, 0.6223 1.1285 0.0028, 0.6107 1.135 0.0115, 0.6171 1.1153 0.0028, 0.6041 1.1186 0.0115, 0.6078 1.1513 0.0394, 0.6021 1.1022 0.0115, 0.6149 1.1022 0.003, 0.6299 1.1022 0.0, 0.6313 1.1125 0.0, 0.6351 1.1217 0.0, 0.6415 1.13 0.0, 0.6364 1.1608 0.0115, 0.6352 1.1731 0.0394, 0.5935 1.1022 0.0243, 0.6011 1.1415 0.1969, 0.5906 1.1022 0.1969, 0.5932 1.1225 0.1969, 0.6489 1.1782 0.1969, 0.6299 1.1704 0.1969, 0.6136 1.1578 0.1969, -0.6693 1.1694 0.0115, -0.6693 1.1779 0.0243, -0.6693 1.1566 0.003, -0.6693 1.1415 0.0, -0.6561 1.1544 0.0028, -0.6156 1.1559 0.0249, -0.6077 1.1512 0.0394, -0.603 1.1393 0.0249, -0.6529 1.1673 0.0115, -0.6364 1.1608 0.0115, -0.6429 1.1491 0.0028, -0.6351 1.1731 0.0394, -0.6321 1.1684 0.0249, -0.6507 1.1758 0.0249, -0.6517 1.1789 0.0394, -0.6218 1.1497 0.0115, -0.659 1.1402 0.0, -0.6201 1.1637 0.0394, -0.6353 1.122 0.0, -0.6312 1.1403 0.0028, -0.6223 1.1285 0.0028, -0.6313 1.1125 0.0, -0.6171 1.1153 0.0028, -0.5956 1.1207 0.0249, -0.5935 1.1022 0.0243, -0.6021 1.1022 0.0115, -0.6041 1.1186 0.0115, -0.5925 1.1197 0.0394, -0.5906 1.1022 0.0394, -0.6149 1.1022 0.003, -0.6299 1.1022 0.0, -0.6497 1.1363 0.0, -0.6415 1.13 0.0, -0.6107 1.135 0.0115, -0.5983 1.1363 0.0394, -0.6299 1.1704 0.1969, -0.6489 1.1782 0.1969, -0.5932 1.1225 0.1969, -0.6011 1.1415 0.1969, -0.6136 1.1578 0.1969, -0.5906 1.1022 0.1969, -0.5906 0.7872 0.1969, -0.5906 0.7872 0.0394, -0.5734 0.7382 0.0394, -0.5675 0.7315 0.1969, -0.561 0.7257 0.0394, -0.5512 0.719 0.1969, -0.546 0.7163 0.0394, -0.5294 0.7104 0.0394, -0.5322 0.7111 0.1969, -0.5118 0.7085 0.1969, -0.5118 0.7085 0.0394, -0.58 0.7478 0.1969, -0.5828 0.7531 0.0394, -0.5879 0.7668 0.1969, -0.5886 0.7697 0.0394, 0.5118 0.7085 0.1969, 0.5118 0.7085 0.0394, 0.5608 0.7256 0.0394, 0.5675 0.7315 0.1969, 0.5733 0.7381 0.0394, 0.58 0.7478 0.1969, 0.5827 0.753 0.0394, 0.5886 0.7697 0.0394, 0.5879 0.7668 0.1969, 0.5906 0.7872 0.1969, 0.5906 0.7872 0.0394, 0.5512 0.719 0.1969, 0.5459 0.7162 0.0394, 0.5322 0.7111 0.1969, 0.5294 0.7104 0.0394, 0.5935 0.7872 0.0243, 0.5915 0.769 0.0243, 0.5473 0.7136 0.0243, 0.53 0.7075 0.0243, 0.5319 0.6992 0.0115, 0.5118 0.7055 0.0243, 0.5681 0.7166 0.0115, 0.5757 0.7362 0.0243, 0.5824 0.7309 0.0115, 0.5998 0.7671 0.0115, 0.5931 0.748 0.0115, 0.551 0.7059 0.0115, 0.5628 0.7233 0.0243, 0.6021 0.7872 0.0115, 0.6046 0.7425 0.003, 0.6042 0.7136 0.0, 0.5924 0.723 0.003, 0.6149 0.7872 0.003, 0.627 0.7609 0.0, 0.6123 0.7643 0.003, 0.6182 0.736 0.0, 0.5118 0.6969 0.0115, 0.5118 0.6842 0.003, 0.5855 0.6949 0.0, 0.5761 0.7066 0.003, 0.6299 0.7872 0.0, 0.5347 0.6867 0.003, 0.5631 0.6808 0.0, 0.5565 0.6944 0.003, 0.5855 0.7517 0.0243, 0.5118 0.6691 0.0, 0.5381 0.6721 0.0, -0.5118 0.7055 0.0243, -0.5118 0.6969 0.0115, -0.5118 0.6842 0.003, -0.5118 0.6691 0.0, -0.53 0.7075 0.0243, -0.5855 0.7517 0.0243, -0.5915 0.769 0.0243, -0.5998 0.7671 0.0115, -0.5935 0.7872 0.0243, -0.5824 0.7309 0.0115, -0.5628 0.7233 0.0243, -0.5681 0.7166 0.0115, -0.5319 0.6992 0.0115, -0.551 0.7059 0.0115, -0.5931 0.748 0.0115, -0.5757 0.7362 0.0243, -0.5565 0.6944 0.003, -0.5855 0.6949 0.0, -0.5761 0.7066 0.003, -0.5381 0.6721 0.0, -0.5347 0.6867 0.003, -0.5631 0.6808 0.0, -0.6042 0.7136 0.0, -0.5924 0.723 0.003, -0.6046 0.7425 0.003, -0.6182 0.736 0.0, -0.5473 0.7136 0.0243, -0.6021 0.7872 0.0115, -0.6149 0.7872 0.003, -0.6123 0.7643 0.003, -0.6299 0.7872 0.0, -0.627 0.7609 0.0, 1.1706 -0.4333 0.1969, 1.158 -0.417 0.1969, 1.1784 -0.4523 0.1969, 1.1811 -0.4726 0.1969, 1.1417 -0.4044 0.1969, 1.1227 -0.3966 0.1969, 1.158 -0.417 0.0394, 1.1417 -0.4044 0.0394, 1.1227 -0.3966 0.0394, 1.1784 -0.4523 0.0394, 1.1706 -0.4333 0.0394, 1.1811 -0.4726 0.0394, 1.1781 -0.4726 0.0243, 1.1696 -1.0238 0.0115, 1.1696 -0.4726 0.0115, 1.1781 -1.0238 0.0243, 1.1811 -1.0238 0.0394, 1.1568 -1.0238 0.003, 1.1568 -0.4726 0.003, 1.1417 -1.0238 0.0, 1.1417 -0.4726 0.0, 1.136 -0.4144 0.0115, 1.1165 -0.4201 0.003, 1.1198 -0.4077 0.0115, 1.122 -0.3995 0.0243, 1.1024 -0.3969 0.0243, 1.1402 -0.407 0.0243, 1.1559 -0.4191 0.0243, 1.1755 -0.453 0.0243, 1.1302 -0.4448 0.0, 1.1495 -0.4454 0.003, 1.1365 -0.4531 0.0, 1.1673 -0.4552 0.0115, 1.1549 -0.4585 0.003, 1.1404 -0.4623 0.0, 1.168 -0.4348 0.0243, 1.1606 -0.439 0.0115, 1.1409 -0.4341 0.003, 1.1296 -0.4255 0.003, 1.1499 -0.4251 0.0115, 1.1024 -0.4054 0.0115, 1.1024 -0.4182 0.003, 1.1024 -0.4333 0.0, 1.1127 -0.4346 0.0, 1.1222 -0.4386 0.0, -1.1024 -0.3969 0.0243, -1.1024 -0.4054 0.0115, -1.1024 -0.4182 0.003, -1.1024 -0.4333 0.0, -1.1561 -0.4189 0.0249, -1.1686 -0.4355 0.0249, -1.176 -0.4541 0.0249, -1.1781 -0.4726 0.0243, -1.1188 -0.4075 0.0115, -1.1352 -0.414 0.0115, -1.1209 -0.399 0.0249, -1.1395 -0.4064 0.0249, -1.1287 -0.4257 0.0028, -1.1155 -0.4204 0.0028, -1.1404 -0.4346 0.0028, -1.1219 -0.4385 0.0, -1.1302 -0.4448 0.0, -1.1364 -0.4528 0.0, -1.1493 -0.4463 0.0028, -1.1127 -0.4346 0.0, -1.1404 -0.4623 0.0, -1.1546 -0.4595 0.0028, -1.1568 -0.4726 0.003, -1.1417 -0.4726 0.0, -1.1675 -0.4562 0.0115, -1.1696 -0.4726 0.0115, -1.161 -0.4398 0.0115, -1.1499 -0.4251 0.0115, -1.1781 -1.0238 0.0243, -1.1696 -1.0238 0.0115, -1.1568 -1.0238 0.003, -1.1417 -1.0238 0.0, -1.0746 -1.1469 0.003, -1.0689 -1.1329 0.0, -1.0467 -1.1397 0.0, -1.0538 -1.1753 0.0243, -1.0827 -1.1665 0.0243, -1.1094 -1.1523 0.0243, -1.1663 -1.0829 0.0243, -1.1344 -1.0978 0.003, -1.1585 -1.0797 0.0115, -1.1467 -1.0748 0.003, -1.1268 -1.127 0.0115, -1.0976 -1.1346 0.003, -1.1047 -1.1452 0.0115, -1.1668 -1.0523 0.0115, -1.1751 -1.054 0.0243, -1.1542 -1.0498 0.003, -1.1328 -1.0689 0.0, -1.1395 -1.0469 0.0, -1.1178 -1.118 0.003, -1.145 -1.1049 0.0115, -1.0893 -1.122 0.0, -1.1329 -1.1331 0.0243, -1.0496 -1.1544 0.003, -1.0521 -1.167 0.0115, -1.0795 -1.1587 0.0115, -1.1521 -1.1096 0.0243, -1.1072 -1.1073 0.0, -1.1219 -1.0894 0.0, 1.1071 -1.1074 0.0, 1.1327 -1.0691 0.0, 1.1218 -1.0895 0.0, 1.0892 -1.1221 0.0, 1.0688 -1.133 0.0, 1.0467 -1.1397 0.0, 1.1395 -1.0469 0.0, 1.1467 -1.0748 0.003, 1.1781 -1.0545 0.0394, 1.1751 -1.054 0.0243, 1.1663 -1.0829 0.0243, 1.1691 -1.0841 0.0394, 1.1546 -1.1113 0.0394, 1.1521 -1.1096 0.0243, 1.0827 -1.1665 0.0243, 1.0839 -1.1693 0.0394, 1.0543 -1.1783 0.0394, 1.0976 -1.1346 0.003, 1.0795 -1.1587 0.0115, 1.0746 -1.1469 0.003, 1.1268 -1.127 0.0115, 1.1344 -1.0978 0.003, 1.145 -1.1049 0.0115, 1.0521 -1.167 0.0115, 1.0538 -1.1753 0.0243, 1.0496 -1.1544 0.003, 1.1178 -1.118 0.003, 1.1047 -1.1452 0.0115, 1.135 -1.1352 0.0394, 1.1329 -1.1331 0.0243, 1.1542 -1.0498 0.003, 1.1668 -1.0523 0.0115, 1.1585 -1.0797 0.0115, 1.1111 -1.1548 0.0394, 1.1094 -1.1523 0.0243, 1.1811 -1.0238 0.2493, 1.1811 -1.0238 0.1444, 1.1811 -1.0238 0.4528, 1.1811 -1.0238 0.3543, 1.1811 -0.7482 0.3543, 1.1811 0.7478 0.4528, 1.1811 -0.7482 0.4528, 1.1811 0.7478 0.3543, -1.1811 0.7478 0.4528, -1.1811 0.7478 0.3543, -1.1811 -0.7482 0.4528, -1.1811 -0.7482 0.3543, 0.4234 -0.196 3.3465, 0.4421 -0.1491 3.3465, 0.4556 -0.1004 3.3465, 0.4638 -0.0506 3.3465, 0.3387 -0.321 3.3465, 0.3714 -0.2825 3.3465, 0.3998 -0.2407 3.3465, 0.2185 -0.4124 3.3465, 0.2618 -0.3863 3.3465, 0.302 -0.3557 3.3465, 0.1248 -0.4497 3.3465, 0.1727 -0.4336 3.3465, -0.0252 -0.466 3.3465, 0.0253 -0.466 3.3465, 0.0755 -0.4605 3.3465, -0.1248 -0.4497 3.3465, -0.4421 -0.1492 3.3465, -0.1727 -0.4336 3.3465, -0.4638 -0.0506 3.3465, -0.4556 -0.1005 3.3465, -0.0754 -0.4606 3.3465, -0.3714 -0.2826 3.3465, -0.302 -0.3558 3.3465, -0.2618 -0.3863 3.3465, -0.3997 -0.2407 3.3465, -0.2185 -0.4124 3.3465, -0.4234 -0.1961 3.3465, -0.3386 -0.321 3.3465, -0.5255 -0.1159 3.3223, -0.5436 -0.1199 3.3047, -0.5275 -0.1779 3.3047, -0.5676 -0.0619 3.2835, -0.577 -0.0629 3.2598, -0.5533 -0.0604 3.3047, -0.0314 -0.5797 3.2598, -0.5668 -0.125 3.2598, -0.4891 -0.165 3.3355, -0.5099 -0.172 3.3223, -0.4883 -0.2261 3.3223, -0.461 -0.2776 3.3223, -0.4283 -0.3258 3.3223, -0.4423 -0.2663 3.3355, -0.5052 -0.2339 3.3047, -0.4769 -0.2872 3.3047, -0.4431 -0.337 3.3047, -0.4041 -0.383 3.3047, -0.3906 -0.3702 3.3223, -0.4109 -0.3126 3.3355, -0.0939 -0.5729 3.2598, -0.3603 -0.4244 3.3047, -0.1992 -0.5 3.3223, -0.206 -0.5173 3.3047, -0.1489 -0.5365 3.3047, -0.2418 -0.4562 3.3355, -0.252 -0.4756 3.3223, 0.0291 -0.5375 3.3223, -0.0279 -0.5156 3.3355, -0.0291 -0.5375 3.3223, -0.09 -0.5495 3.3047, -0.1439 -0.5186 3.3223, 0.1381 -0.4975 3.3355, 0.1439 -0.5186 3.3223, 0.1992 -0.5 3.3223, 0.0301 -0.556 3.3047, 0.09 -0.5495 3.3047, 0.302 -0.4455 3.3223, 0.3483 -0.4103 3.3223, 0.2897 -0.4274 3.3355, 0.206 -0.5173 3.3047, 0.2607 -0.492 3.3047, 0.3906 -0.3702 3.3223, 0.4283 -0.3258 3.3223, 0.3747 -0.3552 3.3355, 0.3342 -0.3936 3.3355, 0.4431 -0.337 3.3047, 0.4769 -0.2872 3.3047, 0.4041 -0.383 3.3047, 0.489 -0.0534 3.3437, 0.4804 -0.1059 3.3437, 0.461 -0.2776 3.3223, 0.4109 -0.3126 3.3355, 0.4662 -0.1573 3.3437, 0.55 -0.1855 3.2598, 0.5267 -0.2439 3.2598, 0.4973 -0.2994 3.2598, 0.5676 -0.0619 3.2835, 0.5436 -0.1199 3.3047, 0.5099 -0.172 3.3223, 0.5275 -0.1779 3.3047, 0.577 -0.0629 3.2598, 0.4891 -0.165 3.3355, 0.4465 -0.2068 3.3437, 0.4684 -0.2169 3.3355, 0.3603 -0.4244 3.3047, 0.4883 -0.2261 3.3223, 0.4423 -0.2663 3.3355, 0.252 -0.4756 3.3223, 0.3124 -0.4609 3.3047, 0.191 -0.4797 3.3355, 0.2418 -0.4562 3.3355, 0.087 -0.5312 3.3223, 0.1489 -0.5365 3.3047, 0.0279 -0.5156 3.3355, 0.0835 -0.5096 3.3355, -0.0301 -0.556 3.3047, -0.087 -0.5312 3.3223, -0.1381 -0.4975 3.3355, -0.0835 -0.5096 3.3355, -0.2607 -0.492 3.3047, -0.191 -0.4797 3.3355, -0.302 -0.4455 3.3223, -0.2897 -0.4274 3.3355, -0.3124 -0.4609 3.3047, -0.3483 -0.4103 3.3223, -0.3342 -0.3936 3.3355, -0.3747 -0.3552 3.3355, -0.4684 -0.2169 3.3355, -0.5349 -0.0584 3.3223, -0.5041 -0.1112 3.3355, -0.5131 -0.056 3.3355, -0.489 -0.0534 3.3437, -0.55 -0.1855 3.2598, -0.5576 -0.1229 3.2835, -0.4804 -0.1059 3.3437, -0.5267 -0.2439 3.2598, -0.541 -0.1825 3.2835, -0.4662 -0.1573 3.3437, -0.4973 -0.2994 3.2598, -0.5182 -0.2399 3.2835, -0.4465 -0.2068 3.3437, -0.462 -0.3514 3.2598, -0.4892 -0.2945 3.2835, -0.4215 -0.2538 3.3437, -0.4213 -0.3993 3.2598, -0.4545 -0.3457 3.2835, -0.3916 -0.2979 3.3437, -0.3757 -0.4425 3.2598, -0.4145 -0.3928 3.2835, -0.3571 -0.3385 3.3437, -0.3257 -0.4806 3.2598, -0.3696 -0.4353 3.2835, -0.3185 -0.3751 3.3437, -0.2718 -0.513 3.2598, -0.3204 -0.4727 3.2835, -0.2761 -0.4074 3.3437, -0.2148 -0.5393 3.2598, -0.2674 -0.5046 3.2835, -0.2304 -0.4348 3.3437, -0.1553 -0.5594 3.2598, -0.2113 -0.5306 3.2835, -0.1821 -0.4572 3.3437, -0.1527 -0.5503 3.2835, -0.1316 -0.4742 3.3437, 0.5576 -0.1229 3.2835, -0.0924 -0.5636 3.2835, -0.0796 -0.4856 3.3437, 0.0314 -0.5797 3.2598, -0.0309 -0.5703 3.2835, -0.0266 -0.4914 3.3437, 0.0939 -0.5729 3.2598, 0.0309 -0.5703 3.2835, 0.0266 -0.4914 3.3437, 0.1553 -0.5594 3.2598, 0.0924 -0.5636 3.2835, 0.0796 -0.4856 3.3437, 0.2148 -0.5393 3.2598, 0.1527 -0.5503 3.2835, 0.1316 -0.4742 3.3437, 0.2718 -0.513 3.2598, 0.2113 -0.5306 3.2835, 0.1821 -0.4572 3.3437, 0.3257 -0.4806 3.2598, 0.2674 -0.5046 3.2835, 0.2304 -0.4348 3.3437, 0.3757 -0.4425 3.2598, 0.3204 -0.4727 3.2835, 0.2761 -0.4074 3.3437, 0.4213 -0.3993 3.2598, 0.3696 -0.4353 3.2835, 0.3185 -0.3751 3.3437, 0.462 -0.3514 3.2598, 0.4145 -0.3928 3.2835, 0.3571 -0.3385 3.3437, 0.4545 -0.3457 3.2835, 0.3916 -0.2979 3.3437, 0.5668 -0.125 3.2598, 0.4892 -0.2945 3.2835, 0.4215 -0.2538 3.3437, 0.5052 -0.2339 3.3047, 0.5182 -0.2399 3.2835, 0.541 -0.1825 3.2835, 0.5255 -0.1159 3.3223, 0.5041 -0.1112 3.3355, 0.5533 -0.0604 3.3047, 0.5349 -0.0584 3.3223, 0.5131 -0.056 3.3355, -0.1802 1.1809 0.8038, -0.1729 1.1809 0.8049, -0.1801 1.1809 0.7444, -0.165 1.1809 0.7433, -0.1727 1.1809 0.7433, -0.1653 1.1809 0.805, -0.158 1.1813 0.805, -0.1575 1.1813 0.7433, -0.187 1.1809 0.7471, -0.193 1.1813 0.7514, -0.187 1.1809 0.8013, -0.1931 1.1813 0.7973, -0.1995 1.1809 0.7613, -0.2017 1.1813 0.7746, -0.1996 1.1809 0.7878, -0.2662 1.1813 0.7644, -0.2616 1.1809 0.7773, -0.2441 1.1809 0.7774, -0.257 1.1809 0.7902, -0.2488 1.1809 0.7903, -0.2529 1.1813 0.8034, -0.2394 1.1813 0.7646, -0.0302 1.1809 0.6283, -0.0393 1.1809 0.6344, -0.0322 1.1813 0.6314, -0.0295 1.1813 0.6242, -0.046 1.1809 0.616, -0.0357 1.1809 0.6156, -0.04 1.1813 0.6149, -0.0302 1.1809 0.6205, -0.0324 1.1813 0.6175, -0.0509 1.1813 0.6195, -0.0542 1.1809 0.6246, -0.0474 1.1809 0.6356, -0.0553 1.1809 0.6305, -0.0553 1.1813 0.6366, -0.2796 1.1809 0.6761, -0.2722 1.1809 0.6771, -0.2795 1.1809 0.6167, -0.2644 1.1809 0.6155, -0.2721 1.1809 0.6156, -0.2647 1.1809 0.6773, -0.2573 1.1813 0.6773, -0.2569 1.1813 0.6156, -0.2864 1.1809 0.6193, -0.2924 1.1813 0.6237, -0.2864 1.1809 0.6736, -0.2925 1.1813 0.6695, -0.2989 1.1809 0.6336, -0.3011 1.1813 0.6469, -0.299 1.1809 0.6601, -0.3656 1.1813 0.6366, -0.361 1.1809 0.6496, -0.3435 1.1809 0.6497, -0.3564 1.1809 0.6625, -0.3482 1.1809 0.6626, -0.3523 1.1813 0.6756, -0.3387 1.1813 0.6368, 0.339 1.1813 0.6514, 0.35 1.1809 0.6485, 0.3169 1.1809 0.629, 0.3581 1.1809 0.6407, 0.3613 1.1809 0.6294, 0.3279 1.1809 0.61, 0.3199 1.1809 0.6404, 0.3279 1.1809 0.6483, 0.32 1.1809 0.618, 0.3393 1.1813 0.607, 0.3583 1.1809 0.618, 0.3503 1.1809 0.61
            ]
        }
        coordIndex [
            0,1,2,-1,3,4,5,-1,6,7,8,-1,9,10,11,-1,12,13,14,-1,15,16,17,-1,18,19,20,-1,21,22,23,-1,24,25,26,-1,27,25,28,-1,29,30,26,-1,24,26,30,-1,29,31,32,-1,32,30,29,-1,33,31,34,-1,31,33,32,-1,18,27,28,-1,33,34,35,-1,24,28,25,-1,27,18,20,-1,23,19,21,-1,20,19,23,-1,12,22,13,-1,22,21,13,-1,16,15,14,-1,15,12,14,-1,8,7,17,-1,8,17,16,-1,6,10,9,-1,6,9,7,-1,10,1,11,-1,0,2,5,-1,11,1,0,-1,3,5,2,-1,36,37,38,-1,35,34,39,-1,40,41,42,-1,43,44,45,-1,46,47,48,-1,49,50,51,-1,52,53,54,-1,55,56,57,-1,58,59,60,-1,61,59,62,-1,63,64,60,-1,58,60,64,-1,63,65,66,-1,66,64,63,-1,67,65,4,-1,65,67,66,-1,52,61,62,-1,67,4,3,-1,58,62,59,-1,61,52,54,-1,57,53,55,-1,54,53,57,-1,46,56,47,-1,56,55,47,-1,50,49,48,-1,49,46,48,-1,42,41,51,-1,42,51,50,-1,40,44,43,-1,40,43,41,-1,44,37,45,-1,36,38,39,-1,45,37,36,-1,35,39,38,-1,68,69,70,-1,71,72,73,-1,74,75,76,-1,38,77,35,-1,78,79,80,-1,81,73,78,-1,82,83,84,-1,85,86,72,-1,87,88,89,-1,90,91,92,-1,93,89,94,-1,95,96,91,-1,97,98,99,-1,100,101,102,-1,103,104,105,-1,106,104,107,-1,107,108,109,-1,104,106,105,-1,108,110,111,-1,106,107,109,-1,3,112,67,-1,110,112,111,-1,113,82,84,-1,114,103,115,-1,115,103,105,-1,116,117,118,-1,107,117,119,-1,69,120,121,-1,122,118,123,-1,124,123,101,-1,125,126,127,-1,128,129,127,-1,113,92,82,-1,93,130,102,-1,99,98,131,-1,76,132,87,-1,79,133,80,-1,74,85,134,-1,135,136,137,-1,138,133,139,-1,140,141,142,-1,143,136,140,-1,84,135,139,-1,136,141,140,-1,68,70,114,-1,129,125,127,-1,70,103,114,-1,108,144,110,-1,103,145,104,-1,107,104,117,-1,66,67,110,-1,109,108,111,-1,119,144,108,-1,67,112,110,-1,70,145,103,-1,120,69,68,-1,144,119,146,-1,145,117,104,-1,70,147,145,-1,117,145,118,-1,64,66,144,-1,107,119,108,-1,116,146,119,-1,66,110,144,-1,69,147,70,-1,148,121,120,-1,146,116,149,-1,147,118,145,-1,147,69,150,-1,118,147,123,-1,146,64,144,-1,117,116,119,-1,116,122,149,-1,58,64,146,-1,121,150,69,-1,129,128,148,-1,149,122,151,-1,150,123,147,-1,121,152,150,-1,101,123,150,-1,149,58,146,-1,118,122,116,-1,122,124,151,-1,62,58,149,-1,121,128,152,-1,128,121,148,-1,153,151,124,-1,152,101,150,-1,128,154,152,-1,101,152,102,-1,151,62,149,-1,123,124,122,-1,124,100,153,-1,52,62,151,-1,127,154,128,-1,97,126,125,-1,155,153,100,-1,154,102,152,-1,98,156,131,-1,102,154,93,-1,153,52,151,-1,101,100,124,-1,100,130,155,-1,53,52,153,-1,127,157,154,-1,157,127,126,-1,158,155,130,-1,157,93,154,-1,126,159,157,-1,93,157,89,-1,55,53,155,-1,102,130,100,-1,94,158,130,-1,53,153,155,-1,126,99,159,-1,99,126,97,-1,160,158,94,-1,159,89,157,-1,159,99,161,-1,89,159,87,-1,47,55,158,-1,93,94,130,-1,88,160,94,-1,55,155,158,-1,131,161,99,-1,96,162,156,-1,160,88,163,-1,161,87,159,-1,131,164,161,-1,76,87,161,-1,48,47,160,-1,89,88,94,-1,88,132,163,-1,47,158,160,-1,131,162,164,-1,162,131,156,-1,165,163,132,-1,164,76,161,-1,162,166,164,-1,74,76,164,-1,160,163,48,-1,87,132,88,-1,132,75,165,-1,50,48,163,-1,162,95,166,-1,95,162,96,-1,167,165,75,-1,166,74,164,-1,95,168,166,-1,85,74,166,-1,165,50,163,-1,76,75,132,-1,75,134,167,-1,42,50,165,-1,95,90,168,-1,90,95,91,-1,71,167,134,-1,168,85,166,-1,90,169,168,-1,86,85,168,-1,167,42,165,-1,74,134,75,-1,134,72,71,-1,40,42,167,-1,90,113,169,-1,113,90,92,-1,86,79,78,-1,169,86,168,-1,169,113,170,-1,86,169,79,-1,71,40,167,-1,85,72,134,-1,72,78,73,-1,44,40,71,-1,84,170,113,-1,171,135,83,-1,133,79,170,-1,170,79,169,-1,170,139,133,-1,77,38,81,-1,73,44,71,-1,86,78,72,-1,78,80,81,-1,37,44,73,-1,83,135,84,-1,171,141,136,-1,80,133,172,-1,84,139,170,-1,139,137,138,-1,81,80,77,-1,138,172,133,-1,81,37,73,-1,80,172,77,-1,38,37,81,-1,171,136,135,-1,135,137,139,-1,143,173,137,-1,136,143,137,-1,173,174,138,-1,137,173,138,-1,174,175,172,-1,138,174,172,-1,35,77,175,-1,172,175,77,-1,176,177,178,-1,179,180,181,-1,182,183,184,-1,2,185,3,-1,186,187,188,-1,189,181,186,-1,190,191,192,-1,193,194,180,-1,195,196,197,-1,198,199,200,-1,201,197,202,-1,203,204,199,-1,205,206,207,-1,208,209,210,-1,211,212,140,-1,143,212,213,-1,213,214,173,-1,212,143,140,-1,214,215,174,-1,143,213,173,-1,35,175,33,-1,215,175,174,-1,216,190,192,-1,217,211,142,-1,142,211,140,-1,218,219,220,-1,213,219,221,-1,222,177,223,-1,224,225,209,-1,226,220,225,-1,227,228,229,-1,230,231,229,-1,201,232,210,-1,207,206,233,-1,200,190,216,-1,184,234,195,-1,182,193,235,-1,115,105,236,-1,237,238,239,-1,238,188,187,-1,239,192,240,-1,240,241,242,-1,241,236,105,-1,241,105,106,-1,176,178,217,-1,228,230,229,-1,178,211,217,-1,214,243,215,-1,211,244,212,-1,213,212,219,-1,32,33,215,-1,173,214,174,-1,221,243,214,-1,33,175,215,-1,178,244,211,-1,223,177,176,-1,243,221,245,-1,244,219,212,-1,178,246,244,-1,219,244,220,-1,30,32,243,-1,213,221,214,-1,218,245,221,-1,32,215,243,-1,177,246,178,-1,247,222,223,-1,245,218,248,-1,246,220,244,-1,246,177,249,-1,220,246,225,-1,245,30,243,-1,219,218,221,-1,218,226,248,-1,24,30,245,-1,222,249,177,-1,228,227,247,-1,248,226,250,-1,249,225,246,-1,222,251,249,-1,209,225,249,-1,248,24,245,-1,220,226,218,-1,226,224,250,-1,28,24,248,-1,222,227,251,-1,227,222,247,-1,252,250,224,-1,251,209,249,-1,227,253,251,-1,209,251,210,-1,250,28,248,-1,225,224,226,-1,224,208,252,-1,18,28,250,-1,229,253,227,-1,205,231,230,-1,254,252,208,-1,253,210,251,-1,206,255,233,-1,210,253,201,-1,252,18,250,-1,209,208,224,-1,208,232,254,-1,19,18,252,-1,229,256,253,-1,256,229,231,-1,257,254,232,-1,256,201,253,-1,231,258,256,-1,201,256,197,-1,21,19,254,-1,210,232,208,-1,202,257,232,-1,19,252,254,-1,231,207,258,-1,207,231,205,-1,259,257,202,-1,258,197,256,-1,258,207,260,-1,197,258,195,-1,13,21,257,-1,201,202,232,-1,196,259,202,-1,21,254,257,-1,233,260,207,-1,204,261,255,-1,259,196,262,-1,260,195,258,-1,233,263,260,-1,184,195,260,-1,14,13,259,-1,197,196,202,-1,196,234,262,-1,13,257,259,-1,233,261,263,-1,261,233,255,-1,264,262,234,-1,263,184,260,-1,261,265,263,-1,182,184,263,-1,259,262,14,-1,195,234,196,-1,234,183,264,-1,16,14,262,-1,261,203,265,-1,203,261,204,-1,266,264,183,-1,265,182,263,-1,203,267,265,-1,193,182,265,-1,264,16,262,-1,184,183,234,-1,183,235,266,-1,8,16,264,-1,203,198,267,-1,198,203,199,-1,179,266,235,-1,267,193,265,-1,198,268,267,-1,194,193,267,-1,266,8,264,-1,182,235,183,-1,235,180,179,-1,6,8,266,-1,198,216,268,-1,216,198,200,-1,194,187,186,-1,268,194,267,-1,268,216,269,-1,194,268,187,-1,179,6,266,-1,193,180,235,-1,180,186,181,-1,10,6,179,-1,192,269,216,-1,270,240,191,-1,238,187,269,-1,269,187,268,-1,269,239,238,-1,185,2,189,-1,181,10,179,-1,194,186,180,-1,186,188,189,-1,1,10,181,-1,191,240,192,-1,270,236,241,-1,188,238,271,-1,192,239,269,-1,239,242,237,-1,189,188,185,-1,237,271,238,-1,189,1,181,-1,188,271,185,-1,2,1,189,-1,270,241,240,-1,240,242,239,-1,106,109,242,-1,241,106,242,-1,109,111,237,-1,242,109,237,-1,111,112,271,-1,237,111,271,-1,3,185,112,-1,271,112,185,-1,272,273,274,-1,275,276,277,-1,278,279,280,-1,281,282,283,-1,284,285,286,-1,287,288,289,-1,290,291,292,-1,293,294,295,-1,296,297,298,-1,299,297,300,-1,301,302,298,-1,296,298,302,-1,301,303,304,-1,304,302,301,-1,305,303,306,-1,303,305,304,-1,290,299,300,-1,305,306,307,-1,296,300,297,-1,299,290,292,-1,295,291,293,-1,292,291,295,-1,284,294,285,-1,294,293,285,-1,288,287,286,-1,287,284,286,-1,280,279,289,-1,280,289,288,-1,278,282,281,-1,278,281,279,-1,282,273,283,-1,272,274,277,-1,283,273,272,-1,275,277,274,-1,308,309,310,-1,311,312,313,-1,314,315,316,-1,274,317,275,-1,318,319,320,-1,321,313,318,-1,322,323,324,-1,325,326,312,-1,327,328,329,-1,330,331,332,-1,333,329,334,-1,335,336,331,-1,337,338,339,-1,340,341,342,-1,343,344,345,-1,346,344,347,-1,347,348,349,-1,344,346,345,-1,348,350,351,-1,346,347,349,-1,307,352,305,-1,350,352,351,-1,353,322,324,-1,354,343,355,-1,355,343,345,-1,356,357,358,-1,347,357,359,-1,309,360,361,-1,362,358,363,-1,364,365,366,-1,367,363,341,-1,368,369,365,-1,320,319,370,-1,339,338,371,-1,333,372,342,-1,332,322,353,-1,316,373,327,-1,325,374,314,-1,375,376,377,-1,370,378,379,-1,375,380,381,-1,324,382,378,-1,382,377,383,-1,380,375,377,-1,308,310,354,-1,369,366,365,-1,310,343,354,-1,348,384,350,-1,343,385,344,-1,347,344,357,-1,304,305,350,-1,349,348,351,-1,359,384,348,-1,305,352,350,-1,310,385,343,-1,360,309,308,-1,384,359,386,-1,385,357,344,-1,310,387,385,-1,357,385,358,-1,302,304,384,-1,347,359,348,-1,356,386,359,-1,304,350,384,-1,309,387,310,-1,388,361,360,-1,386,356,389,-1,387,358,385,-1,387,309,390,-1,358,387,363,-1,386,302,384,-1,357,356,359,-1,356,362,389,-1,296,302,386,-1,361,390,309,-1,369,368,388,-1,389,362,391,-1,390,363,387,-1,361,392,390,-1,341,363,390,-1,389,296,386,-1,358,362,356,-1,362,367,391,-1,300,296,389,-1,361,368,392,-1,368,361,388,-1,393,391,367,-1,392,341,390,-1,368,394,392,-1,341,392,342,-1,391,300,389,-1,363,367,362,-1,367,340,393,-1,290,300,391,-1,365,394,368,-1,337,364,366,-1,395,393,340,-1,394,342,392,-1,338,396,371,-1,342,394,333,-1,393,290,391,-1,341,340,367,-1,340,372,395,-1,291,290,393,-1,365,397,394,-1,397,365,364,-1,398,395,372,-1,397,333,394,-1,364,399,397,-1,333,397,329,-1,293,291,395,-1,342,372,340,-1,334,398,372,-1,291,393,395,-1,364,339,399,-1,339,364,337,-1,400,398,334,-1,399,329,397,-1,399,339,401,-1,329,399,327,-1,285,293,398,-1,333,334,372,-1,328,400,334,-1,293,395,398,-1,371,401,339,-1,336,402,396,-1,400,328,403,-1,401,327,399,-1,371,404,401,-1,316,327,401,-1,286,285,400,-1,329,328,334,-1,328,373,403,-1,285,398,400,-1,371,402,404,-1,402,371,396,-1,405,403,373,-1,404,316,401,-1,402,406,404,-1,314,316,404,-1,400,403,286,-1,327,373,328,-1,373,315,405,-1,288,286,403,-1,402,335,406,-1,335,402,336,-1,407,405,315,-1,406,314,404,-1,335,408,406,-1,325,314,406,-1,405,288,403,-1,316,315,373,-1,315,374,407,-1,280,288,405,-1,335,330,408,-1,330,335,331,-1,311,407,374,-1,408,325,406,-1,330,409,408,-1,326,325,408,-1,407,280,405,-1,314,374,315,-1,374,312,311,-1,278,280,407,-1,330,353,409,-1,353,330,332,-1,326,319,318,-1,409,326,408,-1,409,353,410,-1,326,409,319,-1,311,278,407,-1,325,312,374,-1,312,318,313,-1,282,278,311,-1,324,410,353,-1,411,382,323,-1,370,319,410,-1,410,319,409,-1,410,378,370,-1,317,274,321,-1,313,282,311,-1,326,318,312,-1,318,320,321,-1,273,282,313,-1,323,382,324,-1,411,380,377,-1,320,370,412,-1,324,378,410,-1,378,383,379,-1,321,320,317,-1,379,412,370,-1,321,273,313,-1,320,412,317,-1,274,273,321,-1,411,377,382,-1,382,383,378,-1,376,413,383,-1,377,376,383,-1,413,414,379,-1,383,413,379,-1,414,415,412,-1,379,414,412,-1,275,317,415,-1,412,415,317,-1,236,270,205,-1,148,120,176,-1,199,190,200,-1,190,204,191,-1,190,199,204,-1,191,255,206,-1,191,204,255,-1,206,205,270,-1,270,191,206,-1,230,115,236,-1,230,236,205,-1,114,115,228,-1,230,228,115,-1,68,114,228,-1,223,68,247,-1,68,228,247,-1,120,223,176,-1,223,120,68,-1,176,129,148,-1,217,142,129,-1,217,129,176,-1,125,141,97,-1,129,142,125,-1,96,156,83,-1,83,98,171,-1,91,96,82,-1,83,82,96,-1,91,82,92,-1,171,98,97,-1,98,83,156,-1,125,142,141,-1,171,97,141,-1,416,417,418,-1,388,360,419,-1,420,421,422,-1,421,423,424,-1,421,420,423,-1,424,425,426,-1,424,423,425,-1,426,418,417,-1,417,424,426,-1,427,355,416,-1,427,416,418,-1,354,355,428,-1,427,428,355,-1,308,354,428,-1,429,308,430,-1,308,428,430,-1,360,429,419,-1,429,360,308,-1,419,369,388,-1,431,381,369,-1,431,369,419,-1,366,380,337,-1,369,381,366,-1,336,396,323,-1,323,338,411,-1,331,336,322,-1,323,322,336,-1,331,322,332,-1,411,338,337,-1,338,323,396,-1,366,381,380,-1,411,337,380,-1,419,432,433,-1,434,435,436,-1,437,438,439,-1,440,441,307,-1,442,443,444,-1,445,436,442,-1,421,424,446,-1,447,448,435,-1,449,450,451,-1,452,420,422,-1,453,451,454,-1,455,423,420,-1,418,426,456,-1,457,458,459,-1,460,461,375,-1,376,461,462,-1,462,463,413,-1,461,376,375,-1,463,464,414,-1,376,462,413,-1,275,415,465,-1,464,415,414,-1,466,421,446,-1,431,460,381,-1,381,460,375,-1,467,468,469,-1,462,468,470,-1,471,432,429,-1,472,473,469,-1,474,472,458,-1,427,475,476,-1,477,428,476,-1,456,426,478,-1,453,479,459,-1,439,480,449,-1,481,437,447,-1,422,421,466,-1,482,483,484,-1,483,444,443,-1,484,446,485,-1,485,486,487,-1,345,416,355,-1,486,416,345,-1,486,345,346,-1,419,433,431,-1,428,427,476,-1,433,460,431,-1,463,488,464,-1,460,489,461,-1,462,461,468,-1,490,465,464,-1,413,463,414,-1,470,488,463,-1,465,415,464,-1,433,489,460,-1,429,432,419,-1,488,470,491,-1,489,468,461,-1,433,492,489,-1,468,489,469,-1,493,490,488,-1,462,470,463,-1,467,491,470,-1,490,464,488,-1,432,492,433,-1,430,471,429,-1,491,467,494,-1,492,469,489,-1,492,432,495,-1,469,492,472,-1,491,493,488,-1,468,467,470,-1,467,473,494,-1,496,493,491,-1,471,495,432,-1,428,477,430,-1,494,473,497,-1,495,472,492,-1,471,498,495,-1,458,472,495,-1,494,496,491,-1,469,473,467,-1,473,474,497,-1,499,496,494,-1,471,477,498,-1,477,471,430,-1,500,497,474,-1,498,458,495,-1,477,501,498,-1,458,498,459,-1,497,499,494,-1,472,474,473,-1,474,457,500,-1,502,499,497,-1,476,501,477,-1,418,475,427,-1,503,500,457,-1,501,459,498,-1,426,425,478,-1,459,501,453,-1,500,502,497,-1,458,457,474,-1,457,479,503,-1,504,502,500,-1,476,505,501,-1,505,476,475,-1,506,503,479,-1,505,453,501,-1,475,507,505,-1,453,505,451,-1,508,504,503,-1,459,479,457,-1,454,506,479,-1,504,500,503,-1,475,456,507,-1,456,475,418,-1,509,506,454,-1,507,451,505,-1,507,456,510,-1,451,507,449,-1,511,508,506,-1,453,454,479,-1,450,509,454,-1,508,503,506,-1,478,510,456,-1,423,512,425,-1,509,450,513,-1,510,449,507,-1,478,514,510,-1,439,449,510,-1,515,511,509,-1,451,450,454,-1,450,480,513,-1,511,506,509,-1,478,512,514,-1,512,478,425,-1,516,513,480,-1,514,439,510,-1,512,517,514,-1,437,439,514,-1,509,513,515,-1,449,480,450,-1,480,438,516,-1,518,515,513,-1,512,455,517,-1,455,512,423,-1,519,516,438,-1,517,437,514,-1,455,520,517,-1,447,437,517,-1,516,518,513,-1,439,438,480,-1,438,481,519,-1,521,518,516,-1,455,452,520,-1,452,455,420,-1,434,519,481,-1,520,447,517,-1,452,522,520,-1,448,447,520,-1,519,521,516,-1,437,481,438,-1,481,435,434,-1,523,521,519,-1,452,466,522,-1,466,452,422,-1,448,443,442,-1,522,448,520,-1,522,466,524,-1,448,522,443,-1,434,523,519,-1,447,435,481,-1,435,442,436,-1,525,523,434,-1,446,524,466,-1,417,485,424,-1,483,443,524,-1,524,443,522,-1,524,484,483,-1,441,440,445,-1,436,525,434,-1,448,442,435,-1,442,444,445,-1,526,525,436,-1,424,485,446,-1,417,416,486,-1,444,483,527,-1,446,484,524,-1,484,487,482,-1,445,444,441,-1,482,527,483,-1,445,526,436,-1,444,527,441,-1,440,526,445,-1,417,486,485,-1,485,487,484,-1,346,349,487,-1,486,346,487,-1,349,351,482,-1,487,349,482,-1,351,352,527,-1,482,351,527,-1,307,441,352,-1,527,352,441,-1,528,526,440,-1,307,306,529,-1,523,530,521,-1,531,525,532,-1,533,511,515,-1,534,518,535,-1,502,504,536,-1,508,537,538,-1,496,539,540,-1,541,539,499,-1,542,493,540,-1,496,540,493,-1,542,543,490,-1,490,493,542,-1,465,543,276,-1,543,465,490,-1,502,541,499,-1,465,276,275,-1,496,499,539,-1,541,502,536,-1,538,504,508,-1,536,504,538,-1,533,537,511,-1,537,508,511,-1,518,534,515,-1,534,533,515,-1,521,530,535,-1,521,535,518,-1,523,525,531,-1,523,531,530,-1,525,526,532,-1,528,440,529,-1,532,526,528,-1,307,529,440,-1,544,545,546,-1,547,548,549,-1,550,551,552,-1,553,554,555,-1,556,557,558,-1,555,559,553,-1,560,561,554,-1,562,563,564,-1,565,566,567,-1,568,569,570,-1,571,572,573,-1,574,575,576,-1,577,578,579,-1,580,581,582,-1,583,584,585,-1,586,587,588,-1,589,590,591,-1,592,586,584,-1,593,594,595,-1,591,596,597,-1,567,594,565,-1,598,565,593,-1,599,600,547,-1,601,585,602,-1,603,604,605,-1,596,578,606,-1,582,607,608,-1,609,610,604,-1,611,607,603,-1,612,613,573,-1,614,579,613,-1,615,616,574,-1,581,617,615,-1,618,568,576,-1,619,620,571,-1,621,545,570,-1,619,552,620,-1,622,623,554,-1,558,557,564,-1,544,624,625,-1,625,560,544,-1,546,626,624,-1,546,624,544,-1,626,627,628,-1,555,554,561,-1,553,622,554,-1,621,627,546,-1,561,560,625,-1,560,623,629,-1,627,626,546,-1,629,545,544,-1,545,621,546,-1,630,627,631,-1,627,630,628,-1,554,623,560,-1,622,556,623,-1,569,631,621,-1,560,629,544,-1,629,558,632,-1,630,631,633,-1,632,570,545,-1,627,621,631,-1,621,570,569,-1,633,631,634,-1,629,623,558,-1,556,558,623,-1,569,618,634,-1,629,632,545,-1,635,632,564,-1,633,634,636,-1,635,568,570,-1,631,569,634,-1,569,568,618,-1,636,634,637,-1,558,564,632,-1,557,562,564,-1,618,575,637,-1,632,635,570,-1,638,635,563,-1,636,637,639,-1,638,576,568,-1,634,618,637,-1,618,576,575,-1,639,637,640,-1,564,563,635,-1,562,551,563,-1,616,640,575,-1,635,638,568,-1,641,638,550,-1,639,640,642,-1,641,574,576,-1,637,575,640,-1,575,574,616,-1,642,640,643,-1,638,563,550,-1,551,550,563,-1,617,643,616,-1,638,641,576,-1,641,619,644,-1,643,640,616,-1,644,615,574,-1,615,617,616,-1,645,643,646,-1,643,645,642,-1,641,550,619,-1,552,619,550,-1,646,617,580,-1,641,644,574,-1,644,571,647,-1,646,643,617,-1,647,581,615,-1,581,580,617,-1,648,646,649,-1,646,648,645,-1,619,571,644,-1,620,572,571,-1,649,580,608,-1,644,647,615,-1,647,573,650,-1,649,646,580,-1,650,582,581,-1,582,608,580,-1,651,649,652,-1,649,651,648,-1,571,573,647,-1,572,612,573,-1,652,608,611,-1,647,650,581,-1,653,650,613,-1,652,649,608,-1,653,607,582,-1,607,611,608,-1,654,652,655,-1,652,654,651,-1,573,613,650,-1,612,614,613,-1,655,611,605,-1,650,653,582,-1,656,653,579,-1,655,652,611,-1,656,603,607,-1,603,605,611,-1,657,655,658,-1,655,657,654,-1,613,579,653,-1,614,577,579,-1,610,658,605,-1,653,656,607,-1,659,656,578,-1,658,655,605,-1,659,604,603,-1,604,610,605,-1,660,658,661,-1,658,660,657,-1,579,578,656,-1,577,606,578,-1,600,661,610,-1,656,659,603,-1,596,662,659,-1,660,661,663,-1,609,604,662,-1,658,610,661,-1,610,609,600,-1,663,661,599,-1,578,596,659,-1,606,597,596,-1,600,609,548,-1,659,662,604,-1,591,664,662,-1,663,599,602,-1,609,664,548,-1,661,600,599,-1,600,548,547,-1,602,599,601,-1,596,591,662,-1,597,589,591,-1,665,601,547,-1,662,664,609,-1,590,598,664,-1,601,665,583,-1,549,548,598,-1,599,547,601,-1,547,549,665,-1,585,601,583,-1,591,590,664,-1,589,566,590,-1,593,666,549,-1,664,598,548,-1,593,549,598,-1,666,667,665,-1,666,665,549,-1,592,583,667,-1,583,665,667,-1,584,583,592,-1,590,566,565,-1,598,590,565,-1,666,595,668,-1,594,593,565,-1,667,668,669,-1,595,666,593,-1,592,669,587,-1,668,667,666,-1,587,586,592,-1,669,592,667,-1,670,559,671,-1,672,556,673,-1,674,622,553,-1,551,675,676,-1,557,677,562,-1,678,679,572,-1,680,620,552,-1,681,577,682,-1,614,612,683,-1,684,597,606,-1,606,681,684,-1,597,685,589,-1,685,597,684,-1,566,589,686,-1,685,686,589,-1,687,567,566,-1,566,686,687,-1,577,614,682,-1,606,577,681,-1,683,612,679,-1,682,614,683,-1,678,572,620,-1,679,612,572,-1,676,680,552,-1,680,678,620,-1,562,675,551,-1,551,676,552,-1,557,672,677,-1,562,677,675,-1,556,622,673,-1,557,556,672,-1,674,553,670,-1,673,622,674,-1,559,670,553,-1,688,689,690,-1,691,692,693,-1,694,695,696,-1,697,698,699,-1,700,701,702,-1,703,704,705,-1,706,707,708,-1,709,710,711,-1,712,713,714,-1,715,716,717,-1,717,709,715,-1,716,718,719,-1,718,716,715,-1,720,719,721,-1,718,721,719,-1,722,723,720,-1,720,721,722,-1,710,712,711,-1,717,710,709,-1,714,713,704,-1,711,712,714,-1,703,705,707,-1,704,713,705,-1,699,706,708,-1,706,703,707,-1,702,698,697,-1,697,699,708,-1,700,691,701,-1,702,701,698,-1,692,695,693,-1,700,692,691,-1,694,696,688,-1,693,695,694,-1,689,688,696,-1,724,723,722,-1,725,726,727,-1,728,729,730,-1,731,732,733,-1,734,735,736,-1,737,738,739,-1,740,741,742,-1,743,744,745,-1,746,747,748,-1,749,750,751,-1,751,743,749,-1,750,752,753,-1,752,750,749,-1,754,753,755,-1,752,755,753,-1,690,689,754,-1,754,755,690,-1,744,746,745,-1,751,744,743,-1,748,747,738,-1,745,746,748,-1,737,739,741,-1,738,747,739,-1,733,740,742,-1,740,737,741,-1,736,732,731,-1,731,733,742,-1,734,725,735,-1,736,735,732,-1,726,729,727,-1,734,726,725,-1,728,730,724,-1,727,729,728,-1,723,724,730,-1,756,757,758,-1,759,760,761,-1,762,731,742,-1,730,763,764,-1,726,734,765,-1,764,723,730,-1,766,767,763,-1,736,768,769,-1,770,754,689,-1,771,772,773,-1,774,739,775,-1,776,777,778,-1,744,779,780,-1,781,782,783,-1,784,785,786,-1,787,788,789,-1,753,790,791,-1,792,787,785,-1,793,794,795,-1,791,796,750,-1,689,794,770,-1,797,770,793,-1,798,799,759,-1,800,786,801,-1,802,803,804,-1,796,779,751,-1,783,805,806,-1,807,808,803,-1,809,805,802,-1,747,810,775,-1,746,780,810,-1,811,812,776,-1,782,813,811,-1,814,771,778,-1,815,741,774,-1,816,757,773,-1,815,742,741,-1,729,817,763,-1,765,734,769,-1,756,818,819,-1,819,766,756,-1,758,820,818,-1,758,818,756,-1,820,821,822,-1,764,763,767,-1,730,729,763,-1,816,821,758,-1,767,766,819,-1,766,817,823,-1,821,820,758,-1,823,757,756,-1,757,816,758,-1,824,821,825,-1,821,824,822,-1,763,817,766,-1,729,726,817,-1,772,825,816,-1,766,823,756,-1,823,765,826,-1,824,825,827,-1,826,773,757,-1,821,816,825,-1,816,773,772,-1,827,825,828,-1,823,817,765,-1,726,765,817,-1,772,814,828,-1,823,826,757,-1,829,826,769,-1,827,828,830,-1,829,771,773,-1,825,772,828,-1,772,771,814,-1,830,828,831,-1,765,769,826,-1,734,736,769,-1,814,777,831,-1,826,829,773,-1,832,829,768,-1,830,831,833,-1,832,778,771,-1,828,814,831,-1,814,778,777,-1,833,831,834,-1,769,768,829,-1,736,731,768,-1,812,834,777,-1,829,832,771,-1,835,832,762,-1,833,834,836,-1,835,776,778,-1,831,777,834,-1,777,776,812,-1,836,834,837,-1,832,768,762,-1,731,762,768,-1,813,837,812,-1,832,835,778,-1,835,815,838,-1,837,834,812,-1,838,811,776,-1,811,813,812,-1,839,837,840,-1,837,839,836,-1,835,762,815,-1,742,815,762,-1,840,813,781,-1,835,838,776,-1,838,774,841,-1,840,837,813,-1,841,782,811,-1,782,781,813,-1,842,840,843,-1,840,842,839,-1,815,774,838,-1,741,739,774,-1,843,781,806,-1,838,841,811,-1,841,775,844,-1,843,840,781,-1,844,783,782,-1,783,806,781,-1,845,843,846,-1,843,845,842,-1,774,775,841,-1,739,747,775,-1,846,806,809,-1,841,844,782,-1,847,844,810,-1,846,843,806,-1,847,805,783,-1,805,809,806,-1,848,846,849,-1,846,848,845,-1,775,810,844,-1,747,746,810,-1,849,809,804,-1,844,847,783,-1,850,847,780,-1,849,846,809,-1,850,802,805,-1,802,804,809,-1,851,849,852,-1,849,851,848,-1,810,780,847,-1,746,744,780,-1,808,852,804,-1,847,850,805,-1,853,850,779,-1,852,849,804,-1,853,803,802,-1,803,808,804,-1,854,852,855,-1,852,854,851,-1,780,779,850,-1,744,751,779,-1,799,855,808,-1,850,853,802,-1,796,856,853,-1,854,855,857,-1,807,803,856,-1,852,808,855,-1,808,807,799,-1,857,855,798,-1,779,796,853,-1,751,750,796,-1,799,807,760,-1,853,856,803,-1,791,858,856,-1,857,798,801,-1,807,858,760,-1,855,799,798,-1,799,760,759,-1,801,798,800,-1,796,791,856,-1,750,753,791,-1,859,800,759,-1,856,858,807,-1,790,797,858,-1,800,859,784,-1,761,760,797,-1,798,759,800,-1,759,761,859,-1,786,800,784,-1,791,790,858,-1,753,754,790,-1,793,860,761,-1,858,797,760,-1,793,761,797,-1,860,861,859,-1,860,859,761,-1,792,784,861,-1,784,859,861,-1,785,784,792,-1,790,754,770,-1,797,790,770,-1,860,795,862,-1,794,793,770,-1,861,862,863,-1,795,860,793,-1,792,863,788,-1,862,861,860,-1,788,787,792,-1,863,792,861,-1,864,865,866,-1,867,868,869,-1,870,697,708,-1,795,871,872,-1,692,700,873,-1,794,696,871,-1,874,702,875,-1,794,689,696,-1,876,720,723,-1,877,878,879,-1,880,705,881,-1,882,883,884,-1,710,885,886,-1,887,888,889,-1,890,891,892,-1,893,820,822,-1,719,894,895,-1,896,893,891,-1,897,764,767,-1,895,898,716,-1,723,764,876,-1,899,876,897,-1,900,901,867,-1,902,892,903,-1,904,905,906,-1,898,885,717,-1,889,907,908,-1,909,910,905,-1,911,907,904,-1,713,912,881,-1,712,886,912,-1,913,914,882,-1,888,915,913,-1,916,877,884,-1,917,707,880,-1,918,865,879,-1,917,708,707,-1,695,919,871,-1,873,700,874,-1,864,863,862,-1,862,872,864,-1,866,788,863,-1,866,863,864,-1,788,920,789,-1,794,871,795,-1,696,695,871,-1,918,920,866,-1,795,872,862,-1,872,919,921,-1,920,788,866,-1,921,865,864,-1,865,918,866,-1,922,920,923,-1,920,922,789,-1,871,919,872,-1,695,692,919,-1,878,923,918,-1,872,921,864,-1,921,873,924,-1,922,923,925,-1,924,879,865,-1,920,918,923,-1,918,879,878,-1,925,923,926,-1,921,919,873,-1,692,873,919,-1,878,916,926,-1,921,924,865,-1,927,924,874,-1,925,926,928,-1,927,877,879,-1,923,878,926,-1,878,877,916,-1,928,926,929,-1,873,874,924,-1,700,702,874,-1,916,883,929,-1,924,927,879,-1,930,927,875,-1,928,929,931,-1,930,884,877,-1,926,916,929,-1,916,884,883,-1,931,929,932,-1,874,875,927,-1,702,697,875,-1,914,932,883,-1,927,930,877,-1,933,930,870,-1,931,932,934,-1,933,882,884,-1,929,883,932,-1,883,882,914,-1,934,932,935,-1,930,875,870,-1,697,870,875,-1,915,935,914,-1,930,933,884,-1,933,917,936,-1,935,932,914,-1,936,913,882,-1,913,915,914,-1,937,935,938,-1,935,937,934,-1,933,870,917,-1,708,917,870,-1,938,915,887,-1,933,936,882,-1,936,880,939,-1,938,935,915,-1,939,888,913,-1,888,887,915,-1,940,938,941,-1,938,940,937,-1,917,880,936,-1,707,705,880,-1,941,887,908,-1,936,939,913,-1,939,881,942,-1,941,938,887,-1,942,889,888,-1,889,908,887,-1,943,941,944,-1,941,943,940,-1,880,881,939,-1,705,713,881,-1,944,908,911,-1,939,942,888,-1,945,942,912,-1,944,941,908,-1,945,907,889,-1,907,911,908,-1,946,944,947,-1,944,946,943,-1,881,912,942,-1,713,712,912,-1,947,911,906,-1,942,945,889,-1,948,945,886,-1,947,944,911,-1,948,904,907,-1,904,906,911,-1,949,947,950,-1,947,949,946,-1,912,886,945,-1,712,710,886,-1,910,950,906,-1,945,948,907,-1,951,948,885,-1,950,947,906,-1,951,905,904,-1,905,910,906,-1,952,950,953,-1,950,952,949,-1,886,885,948,-1,710,717,885,-1,901,953,910,-1,948,951,904,-1,898,954,951,-1,952,953,955,-1,909,905,954,-1,950,910,953,-1,910,909,901,-1,955,953,900,-1,885,898,951,-1,717,716,898,-1,901,909,868,-1,951,954,905,-1,895,956,954,-1,955,900,903,-1,909,956,868,-1,953,901,900,-1,901,868,867,-1,903,900,902,-1,898,895,954,-1,716,719,895,-1,957,902,867,-1,954,956,909,-1,894,899,956,-1,902,957,890,-1,869,868,899,-1,900,867,902,-1,867,869,957,-1,892,902,890,-1,895,894,956,-1,719,720,894,-1,897,958,869,-1,956,899,868,-1,897,869,899,-1,958,959,957,-1,958,957,869,-1,896,890,959,-1,890,957,959,-1,891,890,896,-1,894,720,876,-1,899,894,876,-1,958,767,819,-1,764,897,876,-1,959,819,818,-1,767,958,897,-1,896,818,820,-1,819,959,958,-1,820,893,896,-1,818,896,959,-1,636,639,642,-1,960,961,588,-1,648,636,642,-1,648,642,645,-1,651,654,636,-1,651,636,648,-1,636,654,633,-1,657,630,633,-1,633,654,657,-1,630,660,628,-1,660,630,657,-1,602,962,963,-1,660,663,628,-1,961,964,586,-1,965,585,584,-1,966,967,968,-1,588,969,960,-1,970,971,972,-1,973,974,972,-1,970,972,974,-1,974,975,970,-1,967,974,968,-1,968,974,973,-1,960,969,966,-1,966,969,967,-1,588,961,586,-1,965,584,964,-1,964,584,586,-1,585,965,962,-1,963,663,602,-1,962,602,585,-1,663,963,628,-1,830,833,836,-1,952,955,789,-1,842,830,836,-1,842,836,839,-1,845,848,830,-1,845,830,842,-1,830,848,827,-1,851,824,827,-1,827,848,851,-1,824,854,822,-1,854,824,851,-1,801,891,893,-1,854,857,822,-1,955,903,787,-1,892,786,785,-1,949,925,946,-1,789,922,952,-1,934,937,940,-1,943,928,940,-1,934,940,928,-1,928,931,934,-1,925,928,946,-1,946,928,943,-1,952,922,949,-1,949,922,925,-1,789,955,787,-1,892,785,903,-1,903,785,787,-1,786,892,891,-1,893,857,801,-1,891,801,786,-1,857,893,822,-1,976,977,978,-1,979,980,981,-1,982,983,984,-1,595,985,986,-1,987,988,989,-1,594,990,985,-1,991,992,993,-1,594,567,990,-1,994,995,559,-1,996,997,998,-1,999,1000,1001,-1,1002,1003,1004,-1,1005,1006,1007,-1,1008,1009,1010,-1,1011,962,965,-1,963,626,628,-1,1012,1013,1014,-1,1015,963,962,-1,1016,555,561,-1,1014,1017,1018,-1,559,555,994,-1,1019,994,1016,-1,1020,1021,979,-1,1022,965,964,-1,1023,1024,1025,-1,1017,1006,1026,-1,1010,1027,1028,-1,1029,1030,1024,-1,1031,1027,1023,-1,1032,1033,1001,-1,1034,1007,1033,-1,1035,1036,1002,-1,1009,1037,1035,-1,1038,996,1004,-1,1039,1040,999,-1,1041,977,998,-1,1039,984,1040,-1,1042,1043,985,-1,989,988,991,-1,976,669,668,-1,668,986,976,-1,978,587,669,-1,978,669,976,-1,587,1044,588,-1,594,985,595,-1,990,1042,985,-1,1041,1044,978,-1,595,986,668,-1,986,1043,1045,-1,1044,587,978,-1,1045,977,976,-1,977,1041,978,-1,969,1044,1046,-1,1044,969,588,-1,985,1043,986,-1,1042,987,1043,-1,997,1046,1041,-1,986,1045,976,-1,1045,989,1047,-1,969,1046,967,-1,1047,998,977,-1,1044,1041,1046,-1,1041,998,997,-1,967,1046,1048,-1,1045,1043,989,-1,987,989,1043,-1,997,1038,1048,-1,1045,1047,977,-1,1049,1047,991,-1,967,1048,974,-1,1049,996,998,-1,1046,997,1048,-1,997,996,1038,-1,974,1048,1050,-1,989,991,1047,-1,988,992,991,-1,1038,1003,1050,-1,1047,1049,998,-1,1051,1049,993,-1,974,1050,975,-1,1051,1004,996,-1,1048,1038,1050,-1,1038,1004,1003,-1,975,1050,1052,-1,991,993,1049,-1,992,983,993,-1,1036,1052,1003,-1,1049,1051,996,-1,1053,1051,982,-1,975,1052,970,-1,1053,1002,1004,-1,1050,1003,1052,-1,1003,1002,1036,-1,970,1052,1054,-1,1051,993,982,-1,983,982,993,-1,1037,1054,1036,-1,1051,1053,1004,-1,1053,1039,1055,-1,1054,1052,1036,-1,1055,1035,1002,-1,1035,1037,1036,-1,971,1054,1056,-1,1054,971,970,-1,1053,982,1039,-1,984,1039,982,-1,1056,1037,1008,-1,1053,1055,1002,-1,1055,999,1057,-1,1056,1054,1037,-1,1057,1009,1035,-1,1009,1008,1037,-1,972,1056,1058,-1,1056,972,971,-1,1039,999,1055,-1,1040,1000,999,-1,1058,1008,1028,-1,1055,1057,1035,-1,1057,1001,1059,-1,1058,1056,1008,-1,1059,1010,1009,-1,1010,1028,1008,-1,973,1058,1060,-1,1058,973,972,-1,999,1001,1057,-1,1000,1032,1001,-1,1060,1028,1031,-1,1057,1059,1009,-1,1061,1059,1033,-1,1060,1058,1028,-1,1061,1027,1010,-1,1027,1031,1028,-1,968,1060,1062,-1,1060,968,973,-1,1001,1033,1059,-1,1032,1034,1033,-1,1062,1031,1025,-1,1059,1061,1010,-1,1063,1061,1007,-1,1062,1060,1031,-1,1063,1023,1027,-1,1023,1025,1031,-1,966,1062,1064,-1,1062,966,968,-1,1033,1007,1061,-1,1034,1005,1007,-1,1030,1064,1025,-1,1061,1063,1027,-1,1065,1063,1006,-1,1064,1062,1025,-1,1065,1024,1023,-1,1024,1030,1025,-1,960,1064,1066,-1,1064,960,966,-1,1007,1006,1063,-1,1005,1026,1006,-1,1021,1066,1030,-1,1063,1065,1023,-1,1017,1067,1065,-1,960,1066,961,-1,1029,1024,1067,-1,1064,1030,1066,-1,1030,1029,1021,-1,961,1066,1020,-1,1006,1017,1065,-1,1026,1018,1017,-1,1021,1029,980,-1,1065,1067,1024,-1,1014,1068,1067,-1,961,1020,964,-1,1029,1068,980,-1,1066,1021,1020,-1,1021,980,979,-1,964,1020,1022,-1,1017,1014,1067,-1,1018,1012,1014,-1,1069,1022,979,-1,1067,1068,1029,-1,1013,1019,1068,-1,1022,1069,1011,-1,981,980,1019,-1,1020,979,1022,-1,979,981,1069,-1,965,1022,1011,-1,1014,1013,1068,-1,1012,995,1013,-1,1016,1070,981,-1,1068,1019,980,-1,1016,981,1019,-1,1070,1071,1069,-1,1070,1069,981,-1,1015,1011,1071,-1,1011,1069,1071,-1,962,1011,1015,-1,1013,995,994,-1,1019,1013,994,-1,1070,561,625,-1,555,1016,994,-1,1071,625,624,-1,561,1070,1016,-1,1015,624,626,-1,625,1071,1070,-1,626,963,1015,-1,624,1015,1071,-1,1072,567,687,-1,1073,987,1074,-1,1075,1042,990,-1,983,1076,1077,-1,988,1078,992,-1,1079,1080,1000,-1,1081,1040,984,-1,1082,1005,1083,-1,1034,1032,1084,-1,1085,1018,1026,-1,1026,1082,1085,-1,1018,1086,1012,-1,1086,1018,1085,-1,995,1012,1087,-1,1086,1087,1012,-1,671,559,995,-1,995,1087,671,-1,1005,1034,1083,-1,1026,1005,1082,-1,1084,1032,1080,-1,1083,1034,1084,-1,1079,1000,1040,-1,1080,1032,1000,-1,1077,1081,984,-1,1081,1079,1040,-1,992,1076,983,-1,983,1077,984,-1,988,1073,1078,-1,992,1078,1076,-1,987,1042,1074,-1,988,987,1073,-1,1075,990,1072,-1,1074,1042,1075,-1,567,1072,990,-1,1088,1089,1090,-1,1091,1092,1093,-1,1094,1088,1095,-1,1096,1095,1097,-1,1098,1099,1100,-1,1101,1102,1100,-1,1101,1089,1094,-1,1102,1103,1098,-1,1104,1105,1098,-1,1106,1107,1108,-1,1106,1104,1103,-1,1109,1108,1110,-1,1111,1089,1100,-1,1112,1104,1108,-1,1113,1114,1115,-1,1107,1116,1110,-1,1117,1113,1116,-1,1118,1119,1120,-1,1121,1122,1123,-1,1124,1125,1126,-1,1127,1114,1117,-1,1128,1121,1125,-1,1129,1130,1131,-1,1118,1132,1114,-1,1126,1133,1134,-1,1135,1130,1136,-1,1137,1138,1139,-1,1140,1110,1113,-1,1141,1142,1143,-1,1144,1145,1146,-1,1144,1147,1145,-1,1148,1097,1088,-1,1149,1146,1150,-1,1097,1151,1152,-1,1096,1152,1153,-1,1154,1152,1155,-1,1156,1153,1154,-1,1157,1158,1156,-1,1159,1157,1154,-1,1160,1157,1161,-1,1162,1158,1160,-1,1163,1164,1160,-1,1162,1164,1165,-1,1164,1166,1167,-1,1168,1169,1170,-1,1171,1172,1173,-1,1167,1173,1165,-1,1172,1174,1175,-1,1171,1167,1176,-1,1177,1175,1178,-1,1179,1174,1171,-1,1180,1181,1177,-1,1174,1182,1178,-1,1181,1183,1184,-1,1180,1178,1185,-1,1186,1184,1092,-1,1187,1183,1180,-1,1091,1188,1186,-1,1183,1189,1092,-1,1190,1091,1191,-1,1093,1192,1191,-1,1188,1091,1190,-1,1188,1190,1193,-1,1191,1091,1093,-1,1194,1195,1192,-1,1196,1197,1198,-1,1193,1198,1197,-1,1197,1188,1193,-1,1199,1200,1196,-1,1201,1196,1198,-1,1199,1196,1201,-1,1199,1201,1202,-1,1203,1204,1200,-1,1205,1170,1206,-1,1196,1200,1204,-1,1204,1203,1207,-1,1208,1197,1204,-1,1093,1189,1194,-1,1186,1188,1208,-1,1209,1195,1194,-1,1186,1092,1091,-1,1192,1093,1194,-1,1189,1093,1092,-1,1209,1194,1210,-1,1196,1204,1197,-1,1211,1207,1203,-1,1207,1211,1212,-1,1197,1208,1188,-1,1213,1208,1207,-1,1187,1210,1189,-1,1184,1186,1213,-1,1214,1209,1210,-1,1184,1183,1092,-1,1194,1189,1210,-1,1189,1183,1187,-1,1214,1210,1215,-1,1204,1207,1208,-1,1216,1212,1211,-1,1212,1216,1217,-1,1208,1213,1186,-1,1218,1213,1212,-1,1185,1215,1187,-1,1181,1184,1218,-1,1187,1180,1185,-1,1183,1181,1180,-1,1215,1219,1220,-1,1214,1215,1220,-1,1210,1187,1215,-1,1207,1212,1213,-1,1221,1217,1216,-1,1217,1221,1222,-1,1213,1218,1184,-1,1223,1218,1217,-1,1185,1182,1219,-1,1177,1181,1223,-1,1182,1185,1178,-1,1177,1178,1180,-1,1219,1224,1225,-1,1220,1219,1225,-1,1215,1185,1219,-1,1212,1217,1218,-1,1226,1222,1221,-1,1222,1226,1227,-1,1218,1223,1181,-1,1228,1223,1222,-1,1179,1224,1182,-1,1175,1177,1228,-1,1229,1225,1224,-1,1175,1174,1178,-1,1219,1182,1224,-1,1179,1182,1174,-1,1229,1224,1230,-1,1217,1222,1223,-1,1231,1227,1226,-1,1227,1231,1232,-1,1223,1228,1177,-1,1233,1228,1227,-1,1176,1230,1179,-1,1172,1175,1233,-1,1234,1229,1230,-1,1172,1171,1174,-1,1224,1179,1230,-1,1179,1171,1176,-1,1234,1230,1235,-1,1222,1227,1228,-1,1236,1232,1231,-1,1232,1236,1237,-1,1228,1233,1175,-1,1238,1233,1232,-1,1166,1235,1176,-1,1173,1172,1238,-1,1235,1230,1176,-1,1173,1167,1171,-1,1176,1167,1166,-1,1239,1235,1240,-1,1235,1239,1234,-1,1227,1232,1233,-1,1241,1237,1236,-1,1242,1237,1241,-1,1233,1238,1172,-1,1243,1238,1237,-1,1163,1240,1166,-1,1165,1173,1243,-1,1163,1166,1164,-1,1165,1164,1167,-1,1240,1244,1245,-1,1239,1240,1245,-1,1235,1166,1240,-1,1232,1237,1238,-1,1246,1242,1241,-1,1247,1242,1246,-1,1238,1243,1173,-1,1248,1243,1242,-1,1244,1163,1161,-1,1162,1165,1248,-1,1249,1245,1244,-1,1162,1160,1164,-1,1240,1163,1244,-1,1163,1160,1161,-1,1249,1244,1250,-1,1237,1242,1243,-1,1251,1247,1246,-1,1251,1252,1247,-1,1243,1248,1165,-1,1253,1248,1247,-1,1161,1159,1250,-1,1162,1253,1158,-1,1250,1244,1161,-1,1158,1157,1160,-1,1161,1157,1159,-1,1254,1250,1255,-1,1250,1254,1249,-1,1242,1247,1248,-1,1256,1252,1251,-1,1256,1168,1252,-1,1248,1253,1162,-1,1257,1253,1252,-1,1155,1255,1159,-1,1158,1257,1156,-1,1258,1255,1259,-1,1156,1154,1157,-1,1154,1155,1159,-1,1254,1255,1258,-1,1250,1159,1255,-1,1247,1252,1253,-1,1169,1168,1256,-1,1149,1260,1144,-1,1253,1257,1158,-1,1261,1257,1168,-1,1151,1259,1155,-1,1153,1156,1261,-1,1262,1258,1259,-1,1153,1152,1154,-1,1255,1155,1259,-1,1155,1152,1151,-1,1262,1259,1263,-1,1252,1168,1257,-1,1206,1170,1169,-1,1170,1205,1264,-1,1257,1261,1156,-1,1170,1265,1261,-1,1151,1148,1263,-1,1096,1153,1265,-1,1263,1259,1151,-1,1096,1097,1152,-1,1151,1097,1148,-1,1266,1263,1267,-1,1263,1266,1262,-1,1170,1261,1168,-1,1268,1264,1205,-1,1264,1268,1269,-1,1261,1265,1153,-1,1264,1270,1265,-1,1267,1148,1090,-1,1095,1096,1270,-1,1271,1267,1272,-1,1095,1088,1097,-1,1088,1090,1148,-1,1266,1267,1271,-1,1263,1148,1267,-1,1170,1264,1265,-1,1273,1269,1268,-1,1269,1273,1274,-1,1265,1270,1096,-1,1275,1270,1269,-1,1090,1111,1272,-1,1094,1095,1275,-1,1111,1090,1089,-1,1094,1089,1088,-1,1272,1276,1277,-1,1271,1272,1277,-1,1267,1090,1272,-1,1264,1269,1270,-1,1278,1274,1273,-1,1274,1278,1279,-1,1270,1275,1095,-1,1280,1275,1274,-1,1276,1111,1099,-1,1101,1094,1280,-1,1281,1277,1276,-1,1101,1100,1089,-1,1272,1111,1276,-1,1111,1100,1099,-1,1281,1276,1282,-1,1269,1274,1275,-1,1283,1279,1278,-1,1279,1283,1284,-1,1275,1280,1094,-1,1285,1280,1279,-1,1105,1282,1099,-1,1102,1101,1285,-1,1282,1276,1099,-1,1102,1098,1100,-1,1098,1105,1099,-1,1286,1282,1287,-1,1282,1286,1281,-1,1274,1279,1280,-1,1288,1284,1283,-1,1284,1288,1289,-1,1280,1285,1101,-1,1290,1285,1284,-1,1112,1287,1105,-1,1103,1102,1290,-1,1105,1104,1112,-1,1103,1104,1098,-1,1287,1291,1292,-1,1286,1287,1292,-1,1282,1105,1287,-1,1279,1284,1285,-1,1293,1289,1288,-1,1289,1293,1294,-1,1285,1290,1102,-1,1295,1290,1289,-1,1109,1291,1112,-1,1106,1103,1295,-1,1296,1292,1291,-1,1106,1108,1104,-1,1287,1112,1291,-1,1109,1112,1108,-1,1296,1291,1297,-1,1284,1289,1290,-1,1298,1294,1293,-1,1294,1298,1299,-1,1290,1295,1103,-1,1300,1295,1294,-1,1140,1297,1109,-1,1107,1106,1300,-1,1301,1296,1297,-1,1107,1110,1108,-1,1291,1109,1297,-1,1109,1110,1140,-1,1301,1297,1302,-1,1289,1294,1295,-1,1303,1299,1298,-1,1299,1303,1304,-1,1295,1300,1106,-1,1305,1300,1299,-1,1115,1302,1140,-1,1116,1107,1305,-1,1302,1297,1140,-1,1116,1113,1110,-1,1113,1115,1140,-1,1306,1302,1307,-1,1302,1306,1301,-1,1294,1299,1300,-1,1308,1304,1303,-1,1304,1308,1131,-1,1300,1305,1107,-1,1309,1305,1304,-1,1132,1307,1115,-1,1117,1116,1309,-1,1115,1114,1132,-1,1117,1114,1113,-1,1307,1310,1311,-1,1306,1307,1311,-1,1302,1115,1307,-1,1299,1304,1305,-1,1129,1131,1308,-1,1312,1135,1313,-1,1305,1309,1116,-1,1131,1314,1309,-1,1310,1132,1120,-1,1117,1314,1127,-1,1315,1311,1310,-1,1127,1118,1114,-1,1307,1132,1310,-1,1132,1118,1120,-1,1315,1310,1316,-1,1304,1131,1309,-1,1136,1130,1129,-1,1127,1317,1118,-1,1309,1314,1117,-1,1314,1130,1318,-1,1138,1316,1120,-1,1317,1127,1318,-1,1316,1310,1120,-1,1317,1119,1118,-1,1119,1138,1120,-1,1319,1316,1137,-1,1316,1319,1315,-1,1131,1130,1314,-1,1313,1135,1136,-1,1317,1141,1119,-1,1314,1318,1127,-1,1135,1320,1318,-1,1138,1119,1143,-1,1317,1320,1141,-1,1138,1143,1139,-1,1143,1119,1141,-1,1137,1134,1133,-1,1319,1137,1133,-1,1316,1138,1137,-1,1130,1135,1318,-1,1321,1312,1313,-1,1322,1139,1143,-1,1318,1320,1317,-1,1312,1260,1320,-1,1323,1134,1139,-1,1260,1142,1141,-1,1134,1323,1124,-1,1322,1143,1142,-1,1137,1139,1134,-1,1139,1322,1323,-1,1126,1134,1124,-1,1135,1312,1320,-1,1144,1321,1147,-1,1149,1324,1142,-1,1320,1260,1141,-1,1149,1142,1260,-1,1324,1325,1322,-1,1324,1322,1142,-1,1325,1326,1323,-1,1325,1323,1322,-1,1128,1124,1326,-1,1124,1323,1326,-1,1125,1124,1128,-1,1321,1144,1312,-1,1260,1312,1144,-1,1324,1150,1327,-1,1146,1149,1144,-1,1325,1327,1328,-1,1150,1324,1149,-1,1326,1328,1329,-1,1327,1325,1324,-1,1128,1329,1122,-1,1328,1326,1325,-1,1122,1121,1128,-1,1329,1128,1326,-1,1330,1331,1332,-1,1333,1202,1334,-1,1335,1336,1337,-1,1336,1332,1337,-1,1335,1338,1339,-1,1335,1337,1338,-1,1339,1340,1341,-1,1338,1340,1339,-1,1330,1332,1336,-1,1342,1343,1344,-1,1341,1340,1342,-1,1345,1346,1347,-1,1347,1344,1343,-1,1343,1345,1347,-1,1344,1341,1342,-1,1348,1349,1350,-1,1349,1346,1350,-1,1346,1345,1350,-1,1351,1348,1352,-1,1351,1352,1353,-1,1352,1354,1353,-1,1355,1356,1357,-1,1358,1359,1360,-1,1361,1362,1354,-1,1358,1362,1361,-1,1361,1359,1358,-1,1356,1363,1357,-1,1360,1359,1355,-1,1357,1360,1355,-1,1348,1351,1349,-1,1354,1362,1353,-1,1363,1356,1145,-1,1364,1331,1330,-1,1364,1365,1366,-1,1366,1331,1364,-1,1367,1365,1368,-1,1365,1367,1366,-1,1369,1370,1368,-1,1367,1368,1370,-1,1369,1371,1372,-1,1372,1370,1369,-1,1373,1371,1374,-1,1371,1373,1372,-1,1375,1376,1374,-1,1373,1374,1376,-1,1375,1377,1378,-1,1378,1376,1375,-1,1379,1377,1380,-1,1377,1379,1378,-1,1381,1382,1380,-1,1379,1380,1382,-1,1381,1383,1384,-1,1384,1382,1381,-1,1385,1383,1386,-1,1383,1385,1384,-1,1387,1388,1386,-1,1385,1386,1388,-1,1387,1389,1390,-1,1390,1388,1387,-1,1391,1389,1334,-1,1389,1391,1390,-1,1391,1334,1202,-1,1392,1393,1394,-1,1393,1395,1396,-1,1397,1398,1399,-1,1400,1401,1402,-1,1402,1403,1404,-1,1396,1405,1400,-1,1406,1407,1408,-1,1409,1410,1411,-1,1412,1413,1397,-1,1414,1412,1397,-1,1415,1416,1417,-1,1418,1411,1416,-1,1397,1413,1419,-1,1397,1420,1414,-1,1417,1421,1422,-1,1423,1417,1424,-1,1424,1417,1425,-1,1413,1426,1419,-1,1419,1427,1428,-1,1429,1430,1419,-1,1431,1432,1433,-1,1434,1435,1436,-1,1437,1438,1439,-1,1440,1441,1442,-1,1443,1444,1445,-1,1446,1433,1447,-1,1448,1449,1450,-1,1451,1446,1452,-1,1453,1415,1417,-1,1423,1421,1417,-1,1411,1418,1409,-1,1416,1415,1418,-1,1433,1454,1416,-1,1455,1456,1449,-1,1456,1455,1451,-1,1449,1448,1455,-1,1451,1452,1456,-1,1457,1458,1459,-1,1446,1447,1452,-1,1460,1461,1433,-1,1416,1447,1433,-1,1396,1462,1463,-1,1464,1465,1461,-1,1433,1466,1431,-1,1467,1431,1466,-1,1460,1433,1432,-1,1468,1461,1460,-1,1442,1465,1440,-1,1440,1465,1469,-1,1396,1470,1462,-1,1392,1471,1395,-1,1442,1441,1472,-1,1395,1473,1396,-1,1392,1474,1475,-1,1411,1447,1416,-1,1465,1464,1469,-1,1392,1476,1474,-1,1477,1478,1479,-1,1479,1480,1417,-1,1392,1481,1476,-1,1443,1477,1482,-1,1439,1428,1427,-1,1468,1464,1461,-1,1433,1461,1483,-1,1484,1485,1416,-1,1483,1454,1433,-1,1454,1484,1416,-1,1480,1486,1417,-1,1479,1478,1480,-1,1417,1486,1425,-1,1453,1417,1422,-1,1479,1482,1477,-1,1482,1444,1443,-1,1437,1445,1438,-1,1444,1438,1445,-1,1439,1427,1437,-1,1392,1428,1487,-1,1392,1487,1481,-1,1476,1488,1474,-1,1488,1489,1490,-1,1490,1474,1488,-1,1475,1471,1392,-1,1395,1393,1392,-1,1396,1473,1470,-1,1491,1492,1493,-1,1494,1396,1495,-1,1396,1463,1495,-1,1459,1458,1496,-1,1396,1494,1458,-1,1491,1497,1492,-1,1497,1491,1459,-1,1459,1496,1497,-1,1458,1457,1396,-1,1396,1498,1499,-1,1396,1457,1498,-1,1500,1501,1502,-1,1499,1405,1396,-1,1503,1504,1505,-1,1506,1507,1508,-1,1509,1510,1511,-1,1512,1513,1505,-1,1514,1515,1516,-1,1517,1518,1519,-1,1520,1521,1522,-1,1523,1521,1520,-1,1524,1403,1525,-1,1522,1526,1520,-1,1527,1528,1529,-1,1529,1530,1527,-1,1531,1529,1532,-1,1533,1534,1535,-1,1403,1536,1392,-1,1399,1398,1517,-1,1537,1509,1511,-1,1509,1537,1538,-1,1539,1540,1541,-1,1539,1542,1543,-1,1400,1544,1545,-1,1546,1539,1541,-1,1547,1548,1524,-1,1401,1400,1545,-1,1520,1549,1523,-1,1550,1551,1552,-1,1419,1426,1429,-1,1401,1525,1403,-1,1553,1554,1555,-1,1430,1427,1419,-1,1398,1556,1557,-1,1509,1516,1510,-1,1558,1557,1508,-1,1559,1560,1561,-1,1562,1563,1564,-1,1435,1434,1556,-1,1552,1565,1566,-1,1561,1560,1551,-1,1538,1537,1542,-1,1405,1567,1400,-1,1540,1539,1543,-1,1544,1538,1545,-1,1509,1514,1516,-1,1568,1569,1516,-1,1516,1570,1510,-1,1571,1544,1400,-1,1503,1513,1399,-1,1572,1557,1556,-1,1573,1574,1575,-1,1576,1556,1434,-1,1577,1568,1578,-1,1556,1576,1572,-1,1400,1567,1573,-1,1513,1503,1505,-1,1579,1575,1502,-1,1573,1575,1400,-1,1575,1579,1580,-1,1581,1582,1579,-1,1579,1583,1580,-1,1500,1502,1574,-1,1557,1584,1508,-1,1579,1582,1583,-1,1406,1585,1407,-1,1399,1420,1397,-1,1399,1586,1420,-1,1558,1398,1557,-1,1558,1587,1398,-1,1588,1589,1590,-1,1591,1586,1399,-1,1513,1591,1399,-1,1592,1593,1594,-1,1593,1592,1595,-1,1593,1595,1596,-1,1503,1405,1597,-1,1598,1599,1600,-1,1601,1599,1598,-1,1567,1407,1573,-1,1593,1405,1503,-1,1407,1567,1602,-1,1601,1603,1406,-1,1407,1602,1408,-1,1406,1603,1604,-1,1585,1406,1604,-1,1599,1601,1406,-1,1605,1588,1585,-1,1585,1588,1606,-1,1585,1604,1605,-1,1590,1606,1588,-1,1585,1507,1506,-1,1407,1585,1506,-1,1518,1607,1519,-1,1594,1608,1607,-1,1398,1587,1517,-1,1518,1517,1587,-1,1519,1607,1608,-1,1597,1504,1503,-1,1596,1567,1593,-1,1405,1593,1567,-1,1593,1608,1594,-1,1578,1568,1609,-1,1568,1610,1609,-1,1577,1611,1568,-1,1612,1613,1614,-1,1615,1616,1611,-1,1617,1614,1618,-1,1614,1580,1583,-1,1619,1620,1621,-1,1502,1575,1574,-1,1575,1622,1400,-1,1400,1623,1571,-1,1400,1624,1623,-1,1400,1622,1624,-1,1625,1571,1626,-1,1571,1623,1626,-1,1627,1571,1628,-1,1571,1625,1628,-1,1629,1630,1568,-1,1568,1571,1629,-1,1571,1627,1629,-1,1610,1568,1630,-1,1631,1561,1632,-1,1561,1633,1632,-1,1634,1635,1636,-1,1584,1557,1637,-1,1562,1621,1620,-1,1637,1620,1619,-1,1506,1584,1618,-1,1631,1638,1639,-1,1428,1640,1419,-1,1641,1533,1642,-1,1643,1563,1644,-1,1645,1646,1640,-1,1633,1551,1550,-1,1645,1647,1648,-1,1555,1649,1650,-1,1648,1646,1645,-1,1565,1651,1566,-1,1565,1646,1651,-1,1565,1552,1551,-1,1551,1633,1561,-1,1635,1638,1652,-1,1434,1561,1631,-1,1634,1639,1635,-1,1576,1434,1631,-1,1635,1639,1638,-1,1638,1631,1632,-1,1653,1535,1534,-1,1533,1535,1642,-1,1644,1654,1643,-1,1535,1653,1655,-1,1644,1640,1656,-1,1657,1658,1659,-1,1643,1535,1655,-1,1612,1614,1617,-1,1643,1660,1661,-1,1655,1660,1643,-1,1563,1643,1661,-1,1662,1663,1664,-1,1563,1661,1564,-1,1665,1666,1663,-1,1620,1563,1562,-1,1667,1666,1665,-1,1584,1506,1508,-1,1668,1669,1665,-1,1584,1637,1619,-1,1669,1667,1665,-1,1618,1614,1506,-1,1666,1664,1663,-1,1612,1670,1662,-1,1580,1611,1671,-1,1614,1611,1580,-1,1659,1612,1662,-1,1672,1671,1611,-1,1662,1673,1674,-1,1662,1674,1675,-1,1676,1662,1677,-1,1662,1664,1677,-1,1662,1676,1673,-1,1662,1675,1659,-1,1678,1659,1658,-1,1675,1657,1659,-1,1650,1659,1678,-1,1640,1644,1645,-1,1554,1640,1555,-1,1656,1640,1554,-1,1654,1644,1656,-1,1679,1613,1680,-1,1681,1672,1611,-1,1682,1683,1684,-1,1681,1611,1577,-1,1530,1529,1531,-1,1527,1685,1528,-1,1565,1640,1646,-1,1526,1532,1529,-1,1555,1678,1553,-1,1403,1529,1686,-1,1686,1536,1403,-1,1649,1555,1687,-1,1392,1640,1428,-1,1536,1640,1392,-1,1565,1419,1640,-1,1688,1649,1687,-1,1650,1678,1555,-1,1615,1613,1679,-1,1617,1670,1612,-1,1613,1615,1611,-1,1613,1611,1614,-1,1680,1689,1690,-1,1689,1691,1690,-1,1680,1690,1679,-1,1692,1570,1682,-1,1528,1685,1693,-1,1530,1694,1527,-1,1616,1693,1685,-1,1685,1611,1616,-1,1611,1569,1568,-1,1570,1569,1695,-1,1569,1570,1516,-1,1695,1682,1570,-1,1696,1697,1692,-1,1530,1570,1692,-1,1683,1682,1695,-1,1530,1692,1694,-1,1692,1697,1694,-1,1520,1539,1546,-1,1698,1549,1520,-1,1401,1403,1402,-1,1698,1520,1546,-1,1529,1403,1524,-1,1525,1547,1524,-1,1520,1529,1524,-1,1526,1529,1520,-1,1545,1538,1539,-1,1542,1539,1538,-1,1699,1700,1701,-1,1700,1699,1702,-1,1702,1703,1700,-1,1703,1702,1704,-1,1704,1705,1703,-1,1705,1704,1706,-1,1706,1707,1705,-1,1707,1706,1708,-1,1708,1709,1707,-1,1709,1708,1710,-1,1711,1712,1709,-1,1711,1709,1710,-1,1713,1714,1712,-1,1713,1712,1711,-1,1715,1716,1714,-1,1715,1714,1713,-1,1717,1718,1716,-1,1717,1716,1715,-1,1719,1718,1717,-1,1719,1717,1720,-1,1721,1719,1720,-1,1721,1720,1722,-1,1723,1721,1722,-1,1723,1722,1724,-1,1725,1723,1724,-1,1725,1724,1726,-1,1727,1725,1726,-1,1727,1726,1728,-1,1729,1730,1727,-1,1729,1727,1728,-1,1731,1730,1729,-1,1731,1729,1732,-1,1733,1731,1732,-1,1733,1732,1734,-1,1735,1733,1734,-1,1735,1734,1736,-1,1737,1735,1736,-1,1737,1736,1738,-1,1739,1740,1737,-1,1739,1737,1738,-1,1741,1742,1740,-1,1741,1740,1739,-1,1743,1744,1742,-1,1743,1742,1741,-1,1743,1745,1744,-1,1745,1743,1746,-1,1746,1747,1745,-1,1747,1746,1748,-1,1748,1749,1747,-1,1749,1748,1750,-1,1750,1751,1749,-1,1751,1750,1752,-1,1752,1753,1751,-1,1753,1752,1754,-1,1755,1753,1754,-1,1755,1754,1756,-1,1757,1755,1756,-1,1757,1756,1758,-1,1759,1757,1758,-1,1759,1758,1760,-1,1761,1759,1760,-1,1761,1760,1762,-1,1763,1764,1761,-1,1763,1761,1762,-1,1763,1765,1764,-1,1765,1763,1766,-1,1766,1767,1765,-1,1767,1766,1768,-1,1768,1769,1767,-1,1769,1768,1770,-1,1770,1771,1769,-1,1771,1770,1772,-1,1773,1771,1772,-1,1771,1773,1774,-1,1773,1775,1774,-1,1775,1773,1776,-1,1776,1777,1775,-1,1777,1776,1778,-1,1778,1779,1777,-1,1779,1778,1780,-1,1780,1781,1779,-1,1781,1780,1782,-1,1782,1783,1781,-1,1783,1782,1784,-1,1784,1785,1783,-1,1785,1784,1786,-1,1786,1787,1785,-1,1787,1786,1788,-1,1788,1789,1787,-1,1789,1788,1790,-1,1791,1789,1790,-1,1789,1791,1792,-1,1791,1793,1792,-1,1793,1791,1794,-1,1794,1795,1793,-1,1795,1794,1796,-1,1796,1797,1795,-1,1797,1796,1798,-1,1799,1800,1797,-1,1799,1797,1798,-1,1801,1800,1799,-1,1801,1799,1802,-1,1803,1801,1802,-1,1803,1802,1804,-1,1805,1803,1804,-1,1805,1804,1806,-1,1699,1701,1805,-1,1699,1805,1806,-1,1807,1808,1809,-1,1807,1809,1810,-1,1811,1812,1807,-1,1811,1807,1810,-1,1813,1812,1811,-1,1813,1811,1814,-1,1815,1816,1813,-1,1815,1813,1814,-1,1817,1816,1815,-1,1816,1817,1818,-1,1819,1820,1818,-1,1819,1818,1817,-1,1821,1820,1819,-1,1820,1821,1822,-1,1821,1808,1822,-1,1808,1821,1809,-1,1823,1824,1825,-1,1824,1823,1826,-1,1827,1828,1824,-1,1827,1824,1826,-1,1829,1828,1827,-1,1829,1827,1830,-1,1831,1829,1830,-1,1831,1830,1832,-1,1833,1831,1832,-1,1833,1832,1834,-1,1835,1833,1834,-1,1835,1834,1836,-1,1837,1835,1836,-1,1837,1836,1838,-1,1839,1840,1837,-1,1839,1837,1838,-1,1841,1842,1840,-1,1841,1840,1839,-1,1843,1844,1842,-1,1843,1842,1841,-1,1845,1846,1844,-1,1845,1844,1843,-1,1845,1847,1846,-1,1847,1845,1848,-1,1848,1849,1847,-1,1849,1848,1850,-1,1850,1851,1849,-1,1851,1850,1852,-1,1852,1853,1851,-1,1853,1852,1854,-1,1854,1855,1853,-1,1855,1854,1856,-1,1857,1855,1856,-1,1857,1856,1858,-1,1859,1857,1858,-1,1859,1858,1860,-1,1861,1859,1860,-1,1861,1860,1862,-1,1863,1861,1862,-1,1863,1862,1864,-1,1865,1866,1863,-1,1865,1863,1864,-1,1865,1867,1866,-1,1867,1865,1868,-1,1868,1869,1867,-1,1869,1868,1870,-1,1870,1871,1869,-1,1871,1870,1872,-1,1872,1873,1871,-1,1873,1872,1874,-1,1875,1873,1874,-1,1873,1875,1876,-1,1875,1877,1876,-1,1877,1875,1878,-1,1878,1879,1877,-1,1879,1878,1880,-1,1880,1881,1879,-1,1881,1880,1882,-1,1882,1883,1881,-1,1883,1882,1884,-1,1884,1885,1883,-1,1885,1884,1886,-1,1887,1888,1885,-1,1887,1885,1886,-1,1889,1890,1888,-1,1889,1888,1887,-1,1891,1890,1889,-1,1890,1891,1892,-1,1893,1894,1892,-1,1893,1892,1891,-1,1895,1894,1893,-1,1894,1895,1896,-1,1895,1897,1896,-1,1897,1895,1898,-1,1899,1897,1898,-1,1899,1898,1900,-1,1901,1902,1899,-1,1901,1899,1900,-1,1901,1825,1902,-1,1825,1901,1823,-1,1779,1730,1731,-1,1783,1727,1781,-1,1787,1723,1785,-1,1723,1725,1785,-1,1719,1789,1792,-1,1787,1789,1721,-1,1719,1792,1718,-1,1759,1745,1747,-1,1783,1785,1725,-1,1727,1783,1725,-1,1757,1747,1749,-1,1751,1753,1755,-1,1781,1730,1779,-1,1730,1781,1727,-1,1800,1707,1797,-1,1703,1705,1801,-1,1731,1777,1779,-1,1733,1775,1777,-1,1737,1769,1771,-1,1735,1774,1775,-1,1769,1737,1740,-1,1742,1767,1740,-1,1744,1765,1742,-1,1745,1761,1744,-1,1751,1755,1749,-1,1757,1749,1755,-1,1747,1757,1759,-1,1759,1761,1745,-1,1761,1764,1744,-1,1764,1765,1744,-1,1765,1767,1742,-1,1767,1769,1740,-1,1737,1771,1774,-1,1735,1775,1733,-1,1774,1735,1737,-1,1733,1777,1731,-1,1803,1700,1703,-1,1705,1800,1801,-1,1712,1797,1709,-1,1793,1716,1792,-1,1787,1721,1723,-1,1721,1789,1719,-1,1718,1792,1716,-1,1716,1793,1714,-1,1714,1795,1712,-1,1793,1795,1714,-1,1795,1797,1712,-1,1709,1797,1707,-1,1707,1800,1705,-1,1801,1803,1703,-1,1803,1805,1700,-1,1700,1805,1701,-1,1808,1807,1812,-1,1816,1818,1813,-1,1818,1822,1812,-1,1813,1818,1812,-1,1820,1822,1818,-1,1822,1808,1812,-1,1859,1861,1851,-1,1828,1883,1824,-1,1840,1869,1871,-1,1828,1829,1881,-1,1883,1828,1881,-1,1879,1881,1831,-1,1877,1879,1833,-1,1873,1876,1837,-1,1876,1877,1835,-1,1871,1873,1837,-1,1842,1869,1840,-1,1869,1842,1867,-1,1849,1861,1847,-1,1846,1867,1844,-1,1847,1863,1846,-1,1853,1857,1851,-1,1859,1851,1857,-1,1857,1853,1855,-1,1825,1890,1902,-1,1825,1824,1888,-1,1861,1849,1851,-1,1861,1863,1847,-1,1863,1866,1846,-1,1866,1867,1846,-1,1844,1867,1842,-1,1837,1840,1871,-1,1876,1835,1837,-1,1877,1833,1835,-1,1879,1831,1833,-1,1896,1897,1892,-1,1881,1829,1831,-1,1824,1883,1885,-1,1888,1824,1885,-1,1888,1890,1825,-1,1892,1897,1899,-1,1899,1890,1892,-1,1892,1894,1896,-1,1899,1902,1890,-1,1903,1904,1905,-1,1906,1907,1903,-1,1908,1906,1903,-1,1903,1909,1904,-1,1908,1903,1905,-1,1910,1904,1911,-1,1904,1910,1905,-1,1910,1908,1905,-1,1908,1910,1912,-1,1913,1906,1908,-1,1913,1908,1912,-1,1907,1906,1913,-1,1907,1913,1914,-1,1914,1903,1907,-1,1903,1914,1915,-1,1909,1903,1915,-1,1909,1915,1916,-1,1911,1904,1909,-1,1911,1909,1916,-1,1917,1918,1919,-1,1917,1920,1918,-1,1921,1922,1923,-1,1924,1925,1926,-1,1927,1928,1929,-1,1920,1930,1931,-1,1932,1931,1930,-1,1917,1930,1920,-1,1932,1925,1924,-1,1932,1924,1931,-1,1926,1928,1927,-1,1925,1928,1926,-1,1923,1929,1921,-1,1927,1929,1923,-1,1922,1921,1933,-1,1934,1935,1936,-1,1937,1938,1939,-1,1940,1941,1942,-1,1943,1944,1945,-1,1946,1942,1947,-1,1941,1947,1942,-1,1944,1943,1940,-1,1940,1943,1941,-1,1945,1935,1934,-1,1944,1935,1945,-1,1938,1936,1939,-1,1934,1936,1938,-1,1937,1939,1948,-1,1947,1949,1950,-1,1947,1950,1946,-1,1951,1952,1953,-1,1949,1954,1955,-1,1956,1957,1958,-1,1959,1960,1961,-1,1962,1958,1963,-1,1957,1963,1958,-1,1960,1959,1956,-1,1956,1959,1957,-1,1961,1952,1951,-1,1960,1952,1961,-1,1954,1953,1955,-1,1951,1953,1954,-1,1949,1955,1950,-1,1964,1965,1966,-1,1967,1968,1969,-1,1970,1971,1972,-1,1973,1974,1975,-1,1976,1975,1974,-1,1977,1974,1973,-1,1976,1968,1967,-1,1976,1967,1975,-1,1969,1971,1970,-1,1968,1971,1969,-1,1966,1972,1964,-1,1970,1972,1966,-1,1965,1964,1978,-1,1973,1979,1980,-1,1980,1977,1973,-1,1981,1982,1983,-1,1983,1982,1984,-1,1985,1986,1987,-1,1981,1985,1982,-1,1987,1988,1989,-1,1988,1987,1986,-1,1981,1986,1985,-1,1990,1983,1984,-1,1990,1991,1992,-1,1991,1990,1984,-1,1993,1979,1992,-1,1992,1991,1993,-1,1993,1980,1979,-1,1994,1988,1995,-1,1994,1989,1988,-1,1996,1997,1998,-1,1998,1997,1999,-1,2000,2001,2002,-1,1996,2000,1997,-1,2002,2003,2004,-1,2003,2002,2001,-1,1996,2001,2000,-1,2005,1998,1999,-1,2005,2006,2007,-1,2006,2005,1999,-1,2008,1995,2007,-1,2007,2006,2008,-1,2008,1994,1995,-1,2004,2003,2009,-1,2009,2010,2004,-1,2011,2010,2009,-1,2012,2013,2014,-1,2015,2016,2017,-1,2018,2019,2020,-1,2021,2020,2019,-1,2022,2019,2018,-1,2021,2013,2012,-1,2021,2012,2020,-1,2014,2016,2015,-1,2013,2016,2014,-1,2011,2017,2010,-1,2015,2017,2011,-1,2023,2024,2025,-1,2023,2022,2026,-1,2026,2024,2023,-1,2022,2027,2026,-1,2028,2025,2024,-1,2029,2028,2030,-1,2028,2029,2025,-1,2029,2030,2031,-1,2032,2033,2034,-1,2035,2036,2017,-1,2037,2013,2038,-1,2010,2017,2036,-1,2039,2019,2022,-1,2040,2041,2042,-1,2043,2023,2025,-1,2042,2044,2045,-1,2023,2039,2022,-1,2046,2038,2021,-1,2039,2043,2047,-1,2041,2048,2047,-1,2049,2032,2050,-1,2029,2031,2045,-1,2035,2034,2051,-1,2035,2016,2037,-1,2052,2033,2053,-1,2052,2051,2034,-1,2036,2035,2051,-1,2017,2016,2035,-1,2033,2049,2054,-1,2052,2034,2033,-1,2034,2037,2032,-1,2053,2033,2054,-1,2035,2037,2034,-1,2016,2013,2037,-1,2054,2049,2055,-1,2055,2049,2048,-1,2032,2038,2050,-1,2033,2032,2049,-1,2037,2038,2032,-1,2013,2021,2038,-1,2048,2041,2040,-1,2049,2050,2048,-1,2046,2047,2050,-1,2055,2048,2040,-1,2038,2046,2050,-1,2021,2019,2046,-1,2041,2043,2044,-1,2050,2047,2048,-1,2041,2047,2043,-1,2042,2041,2044,-1,2046,2019,2039,-1,2047,2046,2039,-1,2044,2025,2029,-1,2023,2043,2039,-1,2029,2045,2044,-1,2025,2044,2043,-1,2056,2051,2057,-1,2056,2004,2036,-1,2036,2051,2056,-1,2004,2010,2036,-1,2052,2057,2051,-1,2058,2052,2053,-1,2052,2058,2057,-1,2058,2053,2059,-1,1999,2060,2006,-1,1994,2061,2062,-1,2063,2064,2065,-1,2008,2061,1994,-1,2066,2067,2068,-1,2060,1999,2066,-1,2056,2057,2069,-1,2070,2071,2072,-1,2002,2004,2056,-1,2056,2069,2002,-1,2071,2073,2072,-1,2069,2074,2067,-1,2075,2076,2059,-1,2000,2067,1997,-1,2071,2064,2077,-1,2061,2008,2078,-1,2079,2065,2080,-1,2079,2080,2081,-1,2081,2080,2082,-1,2083,2082,2084,-1,2061,2079,2062,-1,2006,2078,2008,-1,2080,2085,2084,-1,2062,2079,2081,-1,2079,2063,2065,-1,2084,2082,2080,-1,2063,2061,2078,-1,1997,2066,1999,-1,2065,2086,2085,-1,2061,2063,2079,-1,2063,2077,2064,-1,2085,2080,2065,-1,2078,2060,2077,-1,2060,2078,2006,-1,2064,2087,2086,-1,2078,2077,2063,-1,2077,2073,2071,-1,2086,2065,2064,-1,2073,2060,2066,-1,2076,2072,2068,-1,2064,2071,2087,-1,2060,2073,2077,-1,2073,2068,2072,-1,2070,2087,2071,-1,1997,2067,2066,-1,2000,2002,2069,-1,2072,2076,2075,-1,2066,2068,2073,-1,2068,2074,2076,-1,2075,2070,2072,-1,2000,2069,2067,-1,2067,2074,2068,-1,2057,2058,2074,-1,2069,2057,2074,-1,2059,2076,2058,-1,2074,2058,2076,-1,2088,2081,2089,-1,2088,1989,2062,-1,2062,2081,2088,-1,1989,1994,2062,-1,2082,2089,2081,-1,2090,2082,2083,-1,2082,2090,2089,-1,2090,2083,2091,-1,1984,2092,1991,-1,1980,1993,2093,-1,1980,2093,2094,-1,2095,2096,2097,-1,2098,2099,2100,-1,1984,2098,2092,-1,2088,2089,2101,-1,2102,2103,2104,-1,1987,1989,2088,-1,2088,2101,1987,-1,2103,2105,2104,-1,2101,2106,2099,-1,2107,2108,2091,-1,1985,2099,1982,-1,2103,2097,2109,-1,2093,1993,2110,-1,2111,2095,2112,-1,2111,2112,2113,-1,2113,2112,2114,-1,2115,2114,2116,-1,2093,2111,2094,-1,1991,2110,1993,-1,2112,2117,2116,-1,2094,2111,2113,-1,2111,2096,2095,-1,2116,2114,2112,-1,2096,2093,2110,-1,1982,2098,1984,-1,2095,2118,2117,-1,2093,2096,2111,-1,2096,2109,2097,-1,2117,2112,2095,-1,2110,2092,2109,-1,2092,2110,1991,-1,2097,2119,2118,-1,2110,2109,2096,-1,2109,2105,2103,-1,2118,2095,2097,-1,2105,2092,2098,-1,2108,2104,2100,-1,2097,2103,2119,-1,2092,2105,2109,-1,2105,2100,2104,-1,2102,2119,2103,-1,1982,2099,2098,-1,1985,1987,2101,-1,2104,2108,2107,-1,2098,2100,2105,-1,2100,2106,2108,-1,2107,2102,2104,-1,1985,2101,2099,-1,2099,2106,2100,-1,2089,2090,2106,-1,2101,2089,2106,-1,2091,2108,2090,-1,2106,2090,2108,-1,2120,2113,2121,-1,2120,1977,2094,-1,2094,2113,2120,-1,1977,1980,2094,-1,2114,2121,2113,-1,2122,2114,2115,-1,2114,2122,2121,-1,2122,2115,2123,-1,1971,2124,2125,-1,1972,2126,1964,-1,2126,2127,1964,-1,2127,1978,1964,-1,2128,2129,2130,-1,2124,1968,2131,-1,2129,2131,2130,-1,2132,2128,2133,-1,1977,2120,2130,-1,2120,2121,2128,-1,2132,2134,2129,-1,2135,2136,2132,-1,2134,2137,2138,-1,2136,2137,2134,-1,2122,2123,2139,-1,2125,2126,1972,-1,2138,2140,2141,-1,2142,2141,2143,-1,2144,2145,2126,-1,2127,2126,2145,-1,1971,2125,1972,-1,2141,2142,2144,-1,2145,2144,2142,-1,2144,2125,2146,-1,2143,2141,2140,-1,2126,2125,2144,-1,1968,2124,1971,-1,2138,2141,2146,-1,2144,2146,2141,-1,2124,2147,2146,-1,2140,2138,2137,-1,2125,2124,2146,-1,1976,2131,1968,-1,2138,2147,2134,-1,2146,2147,2138,-1,2147,2131,2129,-1,2136,2134,2132,-1,2124,2131,2147,-1,2130,1976,1974,-1,2139,2135,2133,-1,2147,2129,2134,-1,2132,2129,2128,-1,2135,2132,2133,-1,1976,2130,2131,-1,1977,2130,1974,-1,2133,2121,2122,-1,2120,2128,2130,-1,2121,2133,2128,-1,2122,2139,2133,-1,2148,2145,2149,-1,2148,2150,2127,-1,2127,2145,2148,-1,2150,1978,2127,-1,2142,2149,2145,-1,2151,2142,2143,-1,2142,2151,2149,-1,2151,2143,2152,-1,2027,2022,2018,-1,2027,2018,2153,-1,2154,2153,2018,-1,2150,2154,1965,-1,2154,2018,1965,-1,1978,2150,1965,-1,2155,2156,2157,-1,2158,2159,2160,-1,2160,2161,2158,-1,2162,2158,2163,-1,2161,2163,2158,-1,2164,2165,2166,-1,2167,2168,2169,-1,2165,2170,2171,-1,2170,2165,2164,-1,2153,2171,2027,-1,2170,2027,2171,-1,2164,2166,2168,-1,2168,2166,2169,-1,2172,2155,2167,-1,2169,2172,2167,-1,2173,2157,2156,-1,2156,2155,2172,-1,2159,2158,2173,-1,2173,2158,2157,-1,2159,2173,2174,-1,2175,2154,2176,-1,2177,2178,2179,-1,2180,2181,2154,-1,2180,2154,2175,-1,2182,2183,2184,-1,2183,2181,2185,-1,2154,2181,2183,-1,2184,2183,2185,-1,1360,2174,1358,-1,2186,2187,2188,-1,2177,2189,2190,-1,2189,2177,2179,-1,2191,2190,2192,-1,2189,2192,2190,-1,1396,2193,2191,-1,2191,2192,1396,-1,1330,2154,1364,-1,1333,1334,2183,-1,2194,2195,1400,-1,2196,2197,1400,-1,2196,1400,2195,-1,2198,2187,2197,-1,2187,2198,2199,-1,2200,2187,2199,-1,1400,2197,2187,-1,1365,2154,1368,-1,2173,2153,2174,-1,1357,1363,2174,-1,2166,2172,2169,-1,2156,2165,2171,-1,2172,2165,2156,-1,2165,2172,2166,-1,2153,2173,2171,-1,2173,2156,2171,-1,2183,2193,1333,-1,2201,1396,2202,-1,2183,1389,1387,-1,1334,1389,2183,-1,2183,1386,1383,-1,1387,1386,2183,-1,2183,1381,1380,-1,1383,1381,2183,-1,2154,2183,1377,-1,1380,1377,2183,-1,1374,2154,1375,-1,2154,1377,1375,-1,1369,2154,1371,-1,2154,1374,1371,-1,2154,1369,1368,-1,1365,1364,2154,-1,2153,1330,1336,-1,1330,2153,2154,-1,2153,1335,1339,-1,1336,1335,2153,-1,2153,1341,1344,-1,1339,1341,2153,-1,2153,1347,1346,-1,1344,1347,2153,-1,1349,2174,1346,-1,2153,1346,2174,-1,1353,2174,1351,-1,2174,1349,1351,-1,2174,1362,1358,-1,2174,1353,1362,-1,1360,1357,2174,-1,2187,1363,2203,-1,1363,2187,2174,-1,1400,2204,2205,-1,2203,2188,2187,-1,2187,2206,2207,-1,2186,2206,2187,-1,2187,2208,2209,-1,2207,2208,2187,-1,1400,2187,2210,-1,2209,2210,2187,-1,2211,1400,2212,-1,1400,2210,2212,-1,2213,1400,2214,-1,1400,2211,2214,-1,1400,2213,2204,-1,1400,2215,2202,-1,2205,2215,1400,-1,2201,2216,1396,-1,1400,2202,1396,-1,1396,2217,2218,-1,2216,2217,1396,-1,1396,2219,2220,-1,2218,2219,1396,-1,2193,1396,2221,-1,2220,2221,1396,-1,2222,2193,2223,-1,2193,2221,2223,-1,2224,2193,2225,-1,2193,2222,2225,-1,2226,2193,2227,-1,2193,2224,2227,-1,1333,2193,2228,-1,2193,2226,2228,-1,2229,2190,2230,-1,2231,2232,2233,-1,2233,2234,2231,-1,2235,2231,2236,-1,2234,2236,2231,-1,2237,2189,2179,-1,2238,2239,2178,-1,2189,2240,2192,-1,2240,2189,2237,-1,1396,2192,1393,-1,2240,1393,2192,-1,2237,2179,2239,-1,2239,2179,2178,-1,2177,2229,2238,-1,2178,2177,2238,-1,2191,2230,2190,-1,2190,2229,2177,-1,2232,2231,2191,-1,2191,2231,2230,-1,2232,2191,2193,-1,2241,2242,2243,-1,2200,2244,2187,-1,2245,2242,2241,-1,2246,2247,2197,-1,2198,2248,2199,-1,2249,2195,2194,-1,2196,2195,2250,-1,1400,2251,2194,-1,2249,2194,2251,-1,1402,2251,1400,-1,2249,2250,2195,-1,2250,2246,2196,-1,2198,2197,2247,-1,2197,2196,2246,-1,2242,2199,2248,-1,2248,2198,2247,-1,2244,2200,2242,-1,2242,2200,2199,-1,2242,2252,2243,-1,2242,2245,2244,-1,2253,2254,2255,-1,2242,2256,2257,-1,2258,2248,2247,-1,2257,2252,2242,-1,2258,2247,2259,-1,2260,2249,2251,-1,2261,2262,2263,-1,2264,2265,2266,-1,2267,2262,2268,-1,2269,2270,2267,-1,2269,2268,1402,-1,2271,2263,2267,-1,2272,2263,2271,-1,1402,2268,2251,-1,2273,2274,2275,-1,2276,2264,2277,-1,2265,2278,2254,-1,2246,2279,2259,-1,2256,2248,2258,-1,2253,2255,2280,-1,2281,2280,2282,-1,2283,2284,2256,-1,2257,2256,2284,-1,2242,2248,2256,-1,2280,2281,2283,-1,2284,2283,2281,-1,2283,2258,2285,-1,2282,2280,2255,-1,2258,2283,2256,-1,2259,2247,2246,-1,2280,2285,2253,-1,2283,2285,2280,-1,2285,2259,2266,-1,2254,2253,2265,-1,2258,2259,2285,-1,2279,2246,2250,-1,2253,2266,2265,-1,2285,2266,2253,-1,2266,2279,2264,-1,2278,2265,2276,-1,2259,2279,2266,-1,2286,2250,2249,-1,2276,2261,2287,-1,2265,2264,2276,-1,2264,2286,2277,-1,2278,2276,2287,-1,2264,2279,2286,-1,2250,2286,2279,-1,2261,2263,2288,-1,2276,2277,2261,-1,2260,2262,2277,-1,2287,2261,2288,-1,2277,2286,2260,-1,2249,2260,2286,-1,2271,2273,2275,-1,2277,2262,2261,-1,2262,2267,2263,-1,2288,2263,2272,-1,2260,2251,2268,-1,2262,2260,2268,-1,2271,2270,2273,-1,2269,2267,2268,-1,2271,2267,2270,-1,2272,2271,2275,-1,2257,2284,2289,-1,2257,1962,2252,-1,2257,2289,1962,-1,2290,2289,2284,-1,2281,2290,2284,-1,2291,2281,2282,-1,2281,2291,2290,-1,2291,2282,2292,-1,2293,2294,2295,-1,2296,1960,2297,-1,2298,2299,2300,-1,1953,2301,2302,-1,1950,1955,2302,-1,2296,2303,2301,-1,2300,2294,2298,-1,2304,2305,2295,-1,2296,2301,1952,-1,2306,2307,2308,-1,2307,2300,2299,-1,2309,2308,2310,-1,2311,2289,2290,-1,2297,2311,2312,-1,2289,1958,1962,-1,2290,2312,2311,-1,2312,2291,2310,-1,2309,2310,2292,-1,2291,2292,2310,-1,2306,2308,2309,-1,2313,2300,2314,-1,2311,1958,2289,-1,2291,2312,2290,-1,2312,2315,2297,-1,1956,1958,2311,-1,2308,2315,2310,-1,2314,2307,2306,-1,2297,1956,2311,-1,2310,2315,2312,-1,2315,2303,2296,-1,1960,1956,2297,-1,2307,2303,2308,-1,2316,1950,2302,-1,2315,2296,2297,-1,2308,2303,2315,-1,2303,2299,2301,-1,1960,2296,1952,-1,2314,2300,2307,-1,2294,2313,2304,-1,2301,2299,2302,-1,2307,2299,2303,-1,2298,2302,2299,-1,1952,2301,1953,-1,2313,2294,2300,-1,2304,2295,2294,-1,2293,2316,2298,-1,2294,2293,2298,-1,2316,2302,2298,-1,1953,2302,1955,-1,2316,2293,2317,-1,2316,1946,1950,-1,2316,2317,1946,-1,2318,2317,2293,-1,2295,2318,2293,-1,2319,2295,2305,-1,2295,2319,2318,-1,2319,2305,2320,-1,2321,2322,1936,-1,2323,1944,2324,-1,2325,2326,2327,-1,2328,2329,2330,-1,1948,1939,2322,-1,2331,2321,2323,-1,2328,2326,2329,-1,2332,2333,2327,-1,2323,2321,1935,-1,2334,2335,2336,-1,2335,2328,2330,-1,2337,2336,2338,-1,2339,2317,2318,-1,2324,2339,2340,-1,2317,1942,1946,-1,2318,2340,2339,-1,2340,2319,2338,-1,2337,2338,2320,-1,2319,2320,2338,-1,2334,2336,2337,-1,2341,2328,2342,-1,2339,1942,2317,-1,2319,2340,2318,-1,2340,2343,2324,-1,1940,1942,2339,-1,2336,2343,2338,-1,2342,2335,2334,-1,2324,1940,2339,-1,2338,2343,2340,-1,2343,2331,2323,-1,1944,1940,2324,-1,2335,2331,2336,-1,2344,1948,2322,-1,2343,2323,2324,-1,2336,2331,2343,-1,2331,2330,2321,-1,1944,2323,1935,-1,2342,2328,2335,-1,2326,2341,2332,-1,2321,2330,2322,-1,2335,2330,2331,-1,2329,2322,2330,-1,1935,2321,1936,-1,2341,2326,2328,-1,2332,2327,2326,-1,2325,2344,2329,-1,2326,2325,2329,-1,2344,2322,2329,-1,1936,2322,1939,-1,2345,2325,2346,-1,2345,2235,2344,-1,2344,2325,2345,-1,2235,1948,2344,-1,2327,2346,2325,-1,2347,2327,2333,-1,2327,2347,2346,-1,2347,2333,2348,-1,2349,2350,2351,-1,2240,2352,2353,-1,2354,2237,2239,-1,2353,1393,2240,-1,2354,2239,2355,-1,2356,2230,2231,-1,2357,2358,2359,-1,2360,2361,2362,-1,2363,2358,2364,-1,2345,2346,2363,-1,2345,2364,2235,-1,2365,2359,2363,-1,2366,2359,2365,-1,2235,2364,2231,-1,2347,2348,2367,-1,2368,2360,2369,-1,2361,2370,2350,-1,2238,2371,2355,-1,2352,2237,2354,-1,2349,2351,2372,-1,2373,2372,2374,-1,2375,2376,2352,-1,2353,2352,2376,-1,2240,2237,2352,-1,2372,2373,2375,-1,2376,2375,2373,-1,2375,2354,2377,-1,2374,2372,2351,-1,2354,2375,2352,-1,2355,2239,2238,-1,2372,2377,2349,-1,2375,2377,2372,-1,2377,2355,2362,-1,2350,2349,2361,-1,2354,2355,2377,-1,2371,2238,2229,-1,2349,2362,2361,-1,2377,2362,2349,-1,2362,2371,2360,-1,2370,2361,2368,-1,2355,2371,2362,-1,2378,2229,2230,-1,2368,2357,2379,-1,2361,2360,2368,-1,2360,2378,2369,-1,2370,2368,2379,-1,2360,2371,2378,-1,2229,2378,2371,-1,2357,2359,2380,-1,2368,2369,2357,-1,2356,2358,2369,-1,2379,2357,2380,-1,2369,2378,2356,-1,2230,2356,2378,-1,2365,2347,2367,-1,2369,2358,2357,-1,2358,2363,2359,-1,2380,2359,2366,-1,2356,2231,2364,-1,2358,2356,2364,-1,2365,2346,2347,-1,2345,2363,2364,-1,2365,2363,2346,-1,2366,2365,2367,-1,2381,2376,2382,-1,2381,1394,2353,-1,2353,2376,2381,-1,1394,1393,2353,-1,2373,2382,2376,-1,2383,2373,2374,-1,2373,2383,2382,-1,2383,2374,2384,-1,2385,1394,2381,-1,2386,2387,2388,-1,2389,2390,2391,-1,2392,2388,2393,-1,2394,2395,2396,-1,2387,2394,2397,-1,2398,2399,2390,-1,2383,2384,2398,-1,2382,2400,2381,-1,2401,2400,2382,-1,2383,2398,2401,-1,2399,2398,2384,-1,2401,2396,2400,-1,2389,2402,2403,-1,2402,2404,2405,-1,2387,2406,2394,-1,2407,2404,2408,-1,2409,2408,2410,-1,2403,2402,2405,-1,2391,2390,2399,-1,2411,2402,2412,-1,2400,2385,2381,-1,2383,2401,2382,-1,2401,2413,2396,-1,2414,2385,2400,-1,2390,2413,2398,-1,2412,2389,2391,-1,2396,2414,2400,-1,2398,2413,2401,-1,2413,2397,2394,-1,2395,2414,2396,-1,2389,2397,2390,-1,2415,2393,2388,-1,2413,2394,2396,-1,2390,2397,2413,-1,2397,2403,2387,-1,2395,2394,2406,-1,2412,2402,2389,-1,2404,2411,2410,-1,2387,2403,2388,-1,2389,2403,2397,-1,2405,2388,2403,-1,2406,2387,2386,-1,2411,2404,2402,-1,2410,2408,2404,-1,2407,2415,2405,-1,2404,2407,2405,-1,2415,2388,2405,-1,2386,2388,2392,-1,2416,2406,2386,-1,2417,2418,2392,-1,2414,2419,2385,-1,2420,2395,2421,-1,1394,2385,1392,-1,2419,1392,2385,-1,2386,2418,2416,-1,2414,2420,2419,-1,2395,2406,2421,-1,2414,2395,2420,-1,2421,2406,2416,-1,2417,2392,2393,-1,2418,2386,2392,-1,2269,2422,2270,-1,2269,1402,2423,-1,2423,2422,2269,-1,1402,1404,2423,-1,2424,2270,2422,-1,2273,2424,2425,-1,2424,2273,2270,-1,2273,2425,2274,-1,2422,2426,2424,-1,2427,2428,2429,-1,2430,2431,2432,-1,2433,2434,2435,-1,1404,2436,2435,-1,2427,2437,2434,-1,2432,2426,2430,-1,2438,2425,2424,-1,2427,2434,2439,-1,2440,2441,2442,-1,2441,2432,2431,-1,2443,2442,2444,-1,2445,2446,2447,-1,2429,2445,2448,-1,2446,2449,2450,-1,2447,2448,2445,-1,2448,2451,2444,-1,2443,2444,2452,-1,2451,2452,2444,-1,2440,2442,2443,-1,2453,2432,2454,-1,2445,2449,2446,-1,2451,2448,2447,-1,2448,2455,2429,-1,2456,2449,2445,-1,2442,2455,2444,-1,2454,2441,2440,-1,2429,2456,2445,-1,2444,2455,2448,-1,2455,2437,2427,-1,2428,2456,2429,-1,2441,2437,2442,-1,2423,1404,2435,-1,2455,2427,2429,-1,2442,2437,2455,-1,2437,2431,2434,-1,2428,2427,2439,-1,2454,2432,2441,-1,2426,2453,2438,-1,2434,2431,2435,-1,2441,2431,2437,-1,2430,2435,2431,-1,2439,2434,2433,-1,2453,2426,2432,-1,2438,2424,2426,-1,2422,2423,2430,-1,2426,2422,2430,-1,2423,2435,2430,-1,2433,2435,2436,-1,2457,2439,2433,-1,1403,2458,2436,-1,2456,2459,2449,-1,2460,2428,2461,-1,2450,2449,2462,-1,2459,2462,2449,-1,2428,2460,2456,-1,2456,2460,2459,-1,2461,2439,2457,-1,2428,2439,2461,-1,2458,2433,2436,-1,2457,2433,2458,-1,1403,2436,1404,-1,2450,2462,2463,-1,2450,2463,2464,-1,2465,2466,2467,-1,2468,2469,2467,-1,2467,2466,2468,-1,2470,2469,2471,-1,2468,2471,2469,-1,2470,2472,2473,-1,2472,2470,2471,-1,2465,2474,2466,-1,2474,2475,2476,-1,2475,2474,2465,-1,2477,2463,2476,-1,2476,2475,2477,-1,2477,2464,2463,-1,2473,2478,2479,-1,2478,2473,2472,-1,2480,2481,2482,-1,2483,2484,2482,-1,2482,2481,2483,-1,2485,2484,2486,-1,2483,2486,2484,-1,2485,2487,2488,-1,2487,2485,2486,-1,2480,2489,2481,-1,2489,2490,2491,-1,2490,2489,2480,-1,2492,2478,2491,-1,2491,2490,2492,-1,2492,2479,2478,-1,2488,2493,2494,-1,2495,2496,2490,-1,2495,2497,2496,-1,2498,2479,2492,-1,2499,2500,2501,-1,2494,2502,2503,-1,2504,2495,2505,-1,2493,2506,2502,-1,2507,2508,2509,-1,2510,2511,2512,-1,2512,2502,2506,-1,2494,2493,2502,-1,2511,2513,2512,-1,2514,2497,2515,-1,2509,2516,2517,-1,2510,2518,2511,-1,2519,2497,2504,-1,2517,2520,2521,-1,2522,2503,2501,-1,2519,2523,2515,-1,2521,2520,2524,-1,2510,2512,2506,-1,2513,2507,2512,-1,2502,2507,2503,-1,2485,2494,2522,-1,2494,2485,2488,-1,2512,2507,2502,-1,2513,2508,2507,-1,2522,2494,2503,-1,2522,2500,2484,-1,2503,2509,2501,-1,2485,2522,2484,-1,2507,2509,2503,-1,2508,2516,2509,-1,2500,2505,2482,-1,2522,2501,2500,-1,2501,2517,2499,-1,2484,2500,2482,-1,2509,2517,2501,-1,2516,2520,2517,-1,2505,2500,2499,-1,2505,2495,2480,-1,2521,2504,2499,-1,2482,2505,2480,-1,2521,2499,2517,-1,2523,2519,2524,-1,2498,2492,2496,-1,2499,2504,2505,-1,2504,2497,2495,-1,2480,2495,2490,-1,2521,2524,2519,-1,2504,2521,2519,-1,2496,2514,2498,-1,2515,2497,2519,-1,2496,2497,2514,-1,2490,2496,2492,-1,2498,2514,2525,-1,2498,2473,2479,-1,2498,2525,2473,-1,2526,2525,2514,-1,2515,2526,2514,-1,2527,2515,2523,-1,2515,2527,2526,-1,2527,2523,2528,-1,2473,2525,2529,-1,2530,2531,2475,-1,2530,2532,2531,-1,2533,2464,2477,-1,2534,2535,2536,-1,2529,2537,2538,-1,2539,2530,2540,-1,2525,2526,2537,-1,2541,2542,2543,-1,2527,2544,2545,-1,2545,2537,2526,-1,2529,2525,2537,-1,2544,2546,2545,-1,2543,2547,2548,-1,2527,2528,2544,-1,2549,2548,2550,-1,2551,2538,2536,-1,2552,2532,2553,-1,2553,2554,2555,-1,2539,2554,2532,-1,2549,2550,2556,-1,2527,2545,2526,-1,2546,2541,2545,-1,2537,2541,2538,-1,2470,2529,2551,-1,2529,2470,2473,-1,2545,2541,2537,-1,2546,2542,2541,-1,2551,2529,2538,-1,2551,2535,2469,-1,2538,2543,2536,-1,2470,2551,2469,-1,2541,2543,2538,-1,2542,2547,2543,-1,2535,2540,2467,-1,2551,2536,2535,-1,2536,2548,2534,-1,2469,2535,2467,-1,2543,2548,2536,-1,2547,2550,2548,-1,2540,2535,2534,-1,2540,2530,2465,-1,2549,2539,2534,-1,2467,2540,2465,-1,2549,2534,2548,-1,2555,2554,2556,-1,2533,2477,2531,-1,2534,2539,2540,-1,2539,2532,2530,-1,2465,2530,2475,-1,2549,2556,2554,-1,2539,2549,2554,-1,2531,2552,2533,-1,2553,2532,2554,-1,2531,2532,2552,-1,2475,2531,2477,-1,2533,2552,2446,-1,2533,2450,2464,-1,2533,2446,2450,-1,2447,2446,2552,-1,2553,2447,2552,-1,2451,2553,2555,-1,2553,2451,2447,-1,2451,2555,2452,-1,2320,2342,2334,-1,2292,2544,2528,-1,2425,2454,2440,-1,2366,2409,2380,-1,2292,2305,2309,-1,2528,2305,2292,-1,2313,2314,2305,-1,2305,2314,2306,-1,2305,2304,2313,-1,2342,2320,2341,-1,2320,2334,2337,-1,2333,2524,2520,-1,2523,2524,2333,-1,2508,2333,2516,-1,2374,2370,2379,-1,2380,2374,2379,-1,2391,2399,2384,-1,2374,2350,2370,-1,2555,2556,2282,-1,2391,2384,2412,-1,2411,2384,2410,-1,2411,2412,2384,-1,2288,2274,2287,-1,2272,2275,2274,-1,2374,2409,2384,-1,2410,2384,2409,-1,2274,2288,2272,-1,2274,2452,2287,-1,2350,2374,2351,-1,2440,2443,2425,-1,2409,2366,2367,-1,2409,2374,2380,-1,2348,2409,2367,-1,2511,2518,2348,-1,2348,2518,2409,-1,2333,2513,2511,-1,2511,2348,2333,-1,2333,2508,2513,-1,2332,2341,2320,-1,2516,2333,2520,-1,2523,2333,2320,-1,2320,2333,2332,-1,2320,2305,2528,-1,2528,2523,2320,-1,2309,2305,2306,-1,2546,2292,2542,-1,2546,2544,2292,-1,2292,2550,2547,-1,2542,2292,2547,-1,2292,2556,2550,-1,2292,2282,2556,-1,2425,2438,2453,-1,2454,2425,2453,-1,2452,2274,2425,-1,2452,2425,2443,-1,2254,2278,2452,-1,2278,2287,2452,-1,2255,2452,2282,-1,2255,2254,2452,-1,2555,2282,2452,-1,2493,2407,2506,-1,2493,2488,2415,-1,2415,2407,2493,-1,2488,2393,2415,-1,2408,2506,2407,-1,2510,2408,2409,-1,2408,2510,2506,-1,2510,2409,2518,-1,2393,2487,2417,-1,2487,2393,2488,-1,1954,1931,1951,-1,1957,1959,1927,-1,1963,1923,1922,-1,1954,1920,1931,-1,1924,1926,1961,-1,1949,1920,1954,-1,2557,2558,1945,-1,1945,1934,2557,-1,1945,2558,1943,-1,1938,2559,1934,-1,2557,1934,2559,-1,2560,1938,1937,-1,1938,2560,2559,-1,1943,2561,1941,-1,2561,1943,2558,-1,2562,1947,1941,-1,1941,2561,2562,-1,2562,1918,1947,-1,1947,1918,1949,-1,1931,1924,1951,-1,1918,1920,1949,-1,1961,1926,1959,-1,1951,1924,1961,-1,1927,1923,1957,-1,1926,1927,1959,-1,1963,1957,1923,-1,1981,1988,1986,-1,1970,1966,1708,-1,1965,2020,1966,-1,1973,1706,1704,-1,1809,2020,2012,-1,1809,2014,2015,-1,1995,1998,2005,-1,1702,1699,1973,-1,1983,1990,1988,-1,1983,1988,1981,-1,1988,1763,1762,-1,1763,1988,1766,-1,1815,1814,1995,-1,1996,1998,1995,-1,2007,1995,2005,-1,2001,1996,1814,-1,1995,1814,1996,-1,2001,1814,2003,-1,1814,1811,1810,-1,1809,2012,2014,-1,1810,1809,2009,-1,1969,1708,1706,-1,1975,1967,1706,-1,1821,1966,2020,-1,1821,2020,1809,-1,1965,2018,2020,-1,2011,1809,2015,-1,1819,1817,1717,-1,2011,2009,1809,-1,2003,1810,2009,-1,1717,1715,1819,-1,1814,1810,2003,-1,1995,1988,1815,-1,1748,1739,1750,-1,1722,1817,1754,-1,1773,1772,1979,-1,1791,1806,1794,-1,1702,1973,1704,-1,1713,1711,1821,-1,1706,1973,1975,-1,1967,1969,1706,-1,1966,1710,1708,-1,1969,1970,1708,-1,1821,1710,1966,-1,1821,1711,1710,-1,1799,1796,1802,-1,1821,1819,1713,-1,1713,1819,1715,-1,1817,1720,1717,-1,1817,1722,1720,-1,1729,1728,1732,-1,1782,1780,1699,-1,1724,1754,1726,-1,1734,1728,1752,-1,1741,1739,1748,-1,1732,1728,1734,-1,1738,1736,1752,-1,1979,1973,1776,-1,1990,1768,1988,-1,1746,1741,1748,-1,1772,1770,1979,-1,1741,1746,1743,-1,1738,1750,1739,-1,1758,1756,1815,-1,1817,1815,1754,-1,1766,1988,1768,-1,1738,1752,1750,-1,1736,1734,1752,-1,1752,1728,1726,-1,1752,1726,1754,-1,1815,1756,1754,-1,1724,1722,1754,-1,1988,1762,1815,-1,1815,1760,1758,-1,1815,1762,1760,-1,1768,1990,1992,-1,1992,1979,1768,-1,1979,1770,1768,-1,1979,1776,1773,-1,1776,1973,1778,-1,1973,1699,1778,-1,1699,1780,1778,-1,1782,1786,1784,-1,1786,1782,1788,-1,1790,1788,1806,-1,1806,1788,1782,-1,1804,1796,1794,-1,1804,1802,1796,-1,1798,1796,1799,-1,1804,1794,1806,-1,1791,1790,1806,-1,1782,1699,1806,-1,2476,1912,2472,-1,2457,1916,2461,-1,1860,1911,1862,-1,1916,2457,2458,-1,2419,2458,1403,-1,1864,1911,2458,-1,2419,1403,1392,-1,2460,1916,2459,-1,1843,1850,1848,-1,2461,1916,2460,-1,2476,2463,1912,-1,1843,1848,1845,-1,1891,1884,1893,-1,2471,2468,2472,-1,2466,2474,2472,-1,2466,2472,2468,-1,1912,1910,2472,-1,2474,2476,2472,-1,1898,2478,2472,-1,2489,2491,2478,-1,2487,2486,1895,-1,2478,2483,2481,-1,2489,2478,2481,-1,1895,1893,2487,-1,2486,2483,1895,-1,2462,1916,1914,-1,1887,1886,1891,-1,1914,1913,2463,-1,2463,1913,1912,-1,1914,1916,1915,-1,2463,2462,1914,-1,2458,1911,1916,-1,2459,1916,2462,-1,1823,1830,1827,-1,1854,1900,1856,-1,2472,1910,1898,-1,1823,1827,1826,-1,1823,1832,1830,-1,2417,1878,1875,-1,1834,1832,1901,-1,1854,1836,1901,-1,2416,2418,1868,-1,1854,1852,1839,-1,1850,1843,1841,-1,1852,1850,1841,-1,2421,1868,2420,-1,2420,1868,1865,-1,1841,1839,1852,-1,2419,2420,1865,-1,1838,1854,1839,-1,1911,1860,1858,-1,1854,1838,1836,-1,1901,1900,1854,-1,1910,1911,1900,-1,1911,1858,1856,-1,1865,1864,2419,-1,2458,2419,1864,-1,1911,1864,1862,-1,1868,2421,2416,-1,1868,2418,1870,-1,2418,2417,1870,-1,2417,1872,1870,-1,2417,1874,1872,-1,2417,1875,1874,-1,2417,2487,1878,-1,2487,1880,1878,-1,1880,1893,1882,-1,1891,1889,1887,-1,1910,1900,1898,-1,1886,1884,1891,-1,1880,2487,1893,-1,1884,1882,1893,-1,1895,2483,2478,-1,2478,1898,1895,-1,1911,1856,1900,-1,1832,1823,1901,-1,1901,1836,1834,-1,2562,1919,1918,-1,2557,2563,2558,-1,2561,2564,2565,-1,2560,2566,2559,-1,2567,2559,2566,-1,2568,2566,2560,-1,2567,2563,2557,-1,2567,2557,2559,-1,2558,2564,2561,-1,2563,2564,2558,-1,2562,2565,1919,-1,2561,2565,2562,-1,2569,2570,2571,-1,2569,2568,2572,-1,2572,2570,2569,-1,2568,2573,2572,-1,2574,2571,2570,-1,2575,2574,2576,-1,2574,2575,2571,-1,2575,2576,2577,-1,2578,2579,2580,-1,2581,2582,2565,-1,2583,2563,2584,-1,1919,2565,2582,-1,2585,2566,2568,-1,2586,2587,2588,-1,2589,2569,2571,-1,2588,2590,2591,-1,2569,2585,2568,-1,2592,2584,2567,-1,2585,2589,2593,-1,2587,2594,2593,-1,2595,2578,2596,-1,2575,2577,2591,-1,2581,2580,2597,-1,2581,2564,2583,-1,2598,2579,2599,-1,2598,2597,2580,-1,2582,2581,2597,-1,2565,2564,2581,-1,2579,2595,2600,-1,2598,2580,2579,-1,2580,2583,2578,-1,2599,2579,2600,-1,2581,2583,2580,-1,2564,2563,2583,-1,2600,2595,2601,-1,2601,2595,2594,-1,2578,2584,2596,-1,2579,2578,2595,-1,2583,2584,2578,-1,2563,2567,2584,-1,2594,2587,2586,-1,2595,2596,2594,-1,2592,2593,2596,-1,2601,2594,2586,-1,2584,2592,2596,-1,2567,2566,2592,-1,2587,2589,2590,-1,2596,2593,2594,-1,2587,2593,2589,-1,2588,2587,2590,-1,2592,2566,2585,-1,2593,2592,2585,-1,2590,2571,2575,-1,2569,2589,2585,-1,2575,2591,2590,-1,2571,2590,2589,-1,2602,2597,2603,-1,2602,1917,2582,-1,2582,2597,2602,-1,1917,1919,2582,-1,2598,2603,2597,-1,2604,2598,2599,-1,2598,2604,2603,-1,2604,2599,2605,-1,1928,2606,2607,-1,1929,2608,1921,-1,2608,2609,1921,-1,2609,1933,1921,-1,2610,2611,2612,-1,2606,1925,2613,-1,2611,2613,2612,-1,2614,2610,2615,-1,1917,2602,2612,-1,2602,2603,2610,-1,2614,2616,2611,-1,2617,2618,2614,-1,2616,2619,2620,-1,2618,2619,2616,-1,2604,2605,2621,-1,2607,2608,1929,-1,2620,2622,2623,-1,2624,2623,2625,-1,2626,2627,2608,-1,2609,2608,2627,-1,1928,2607,1929,-1,2623,2624,2626,-1,2627,2626,2624,-1,2626,2607,2628,-1,2625,2623,2622,-1,2608,2607,2626,-1,1925,2606,1928,-1,2620,2623,2628,-1,2626,2628,2623,-1,2606,2629,2628,-1,2622,2620,2619,-1,2607,2606,2628,-1,1932,2613,1925,-1,2620,2629,2616,-1,2628,2629,2620,-1,2629,2613,2611,-1,2618,2616,2614,-1,2606,2613,2629,-1,2612,1932,1930,-1,2621,2617,2615,-1,2629,2611,2616,-1,2614,2611,2610,-1,2617,2614,2615,-1,1932,2612,2613,-1,1917,2612,1930,-1,2615,2603,2604,-1,2602,2610,2612,-1,2603,2615,2610,-1,2604,2621,2615,-1,2630,2627,2631,-1,2630,2162,2609,-1,2609,2627,2630,-1,2162,1933,2609,-1,2624,2631,2627,-1,2632,2624,2625,-1,2624,2632,2631,-1,2632,2625,2633,-1,2634,2635,2636,-1,2170,2637,2026,-1,2638,2164,2168,-1,2026,2027,2170,-1,2638,2168,2639,-1,2640,2157,2158,-1,2641,2642,2643,-1,2644,2645,2646,-1,2647,2642,2648,-1,2630,2631,2647,-1,2630,2648,2162,-1,2649,2643,2647,-1,2650,2643,2649,-1,2162,2648,2158,-1,2632,2633,2651,-1,2652,2644,2653,-1,2645,2654,2635,-1,2167,2655,2639,-1,2637,2164,2638,-1,2634,2636,2656,-1,2028,2656,2030,-1,2657,2024,2637,-1,2026,2637,2024,-1,2170,2164,2637,-1,2656,2028,2657,-1,2024,2657,2028,-1,2657,2638,2658,-1,2030,2656,2636,-1,2638,2657,2637,-1,2639,2168,2167,-1,2656,2658,2634,-1,2657,2658,2656,-1,2658,2639,2646,-1,2635,2634,2645,-1,2638,2639,2658,-1,2655,2167,2155,-1,2634,2646,2645,-1,2658,2646,2634,-1,2646,2655,2644,-1,2654,2645,2652,-1,2639,2655,2646,-1,2659,2155,2157,-1,2652,2641,2660,-1,2645,2644,2652,-1,2644,2659,2653,-1,2654,2652,2660,-1,2644,2655,2659,-1,2155,2659,2655,-1,2641,2643,2661,-1,2652,2653,2641,-1,2640,2642,2653,-1,2660,2641,2661,-1,2653,2659,2640,-1,2157,2640,2659,-1,2649,2632,2651,-1,2653,2642,2641,-1,2642,2647,2643,-1,2661,2643,2650,-1,2640,2158,2648,-1,2642,2640,2648,-1,2649,2631,2632,-1,2630,2647,2648,-1,2649,2647,2631,-1,2650,2649,2651,-1,2635,2030,2636,-1,2633,2075,2059,-1,2660,2030,2654,-1,2030,2635,2654,-1,2040,2031,2055,-1,2660,2053,2030,-1,2055,2031,2054,-1,2040,2042,2031,-1,2042,2045,2031,-1,2053,2031,2030,-1,2054,2031,2053,-1,2118,2119,2577,-1,2650,2053,2661,-1,2661,2053,2660,-1,2651,2633,2053,-1,2651,2053,2650,-1,2053,2633,2059,-1,2083,2625,2605,-1,2618,2605,2619,-1,2625,2622,2605,-1,2625,2083,2084,-1,2617,2605,2618,-1,2621,2605,2617,-1,2599,2601,2586,-1,2619,2605,2622,-1,2601,2599,2600,-1,2107,2577,2102,-1,2091,2577,2107,-1,2152,2123,2662,-1,2663,2664,2123,-1,2665,2666,2152,-1,2665,2152,2662,-1,2139,2143,2135,-1,2143,2140,2137,-1,2136,2135,2143,-1,2136,2143,2137,-1,2152,2143,2123,-1,2143,2139,2123,-1,2666,2667,2152,-1,2123,2668,2663,-1,2664,2662,2123,-1,2576,2123,2115,-1,2123,2576,2668,-1,2116,2577,2576,-1,2576,2115,2116,-1,2577,2117,2118,-1,2116,2117,2577,-1,2102,2577,2119,-1,2588,2591,2599,-1,2588,2599,2586,-1,2599,2577,2091,-1,2591,2577,2599,-1,2605,2599,2091,-1,2605,2091,2083,-1,2625,2084,2085,-1,2087,2625,2086,-1,2625,2085,2086,-1,2070,2075,2625,-1,2070,2625,2087,-1,2075,2633,2625,-1,2669,2663,2668,-1,2670,2671,2572,-1,2672,2673,2674,-1,2572,2573,2670,-1,2672,2674,2675,-1,2676,2677,2678,-1,2679,2680,2681,-1,2682,2683,2684,-1,2685,2680,2686,-1,2148,2149,2685,-1,2148,2686,2150,-1,2687,2681,2685,-1,2666,2681,2687,-1,2150,2686,2678,-1,2151,2152,2667,-1,2688,2682,2689,-1,2683,2664,2663,-1,2690,2691,2675,-1,2671,2673,2672,-1,2669,2668,2692,-1,2574,2692,2576,-1,2693,2570,2671,-1,2572,2671,2570,-1,2670,2673,2671,-1,2692,2574,2693,-1,2570,2693,2574,-1,2693,2672,2694,-1,2576,2692,2668,-1,2672,2693,2671,-1,2675,2674,2690,-1,2692,2694,2669,-1,2693,2694,2692,-1,2694,2675,2684,-1,2663,2669,2683,-1,2672,2675,2694,-1,2691,2690,2695,-1,2669,2684,2683,-1,2694,2684,2669,-1,2684,2691,2682,-1,2664,2683,2688,-1,2675,2691,2684,-1,2696,2695,2677,-1,2688,2679,2662,-1,2683,2682,2688,-1,2682,2696,2689,-1,2664,2688,2662,-1,2682,2691,2696,-1,2695,2696,2691,-1,2679,2681,2665,-1,2688,2689,2679,-1,2676,2680,2689,-1,2662,2679,2665,-1,2689,2696,2676,-1,2677,2676,2696,-1,2687,2151,2667,-1,2689,2680,2679,-1,2680,2685,2681,-1,2665,2681,2666,-1,2676,2678,2686,-1,2680,2676,2686,-1,2687,2149,2151,-1,2148,2685,2686,-1,2687,2685,2149,-1,2666,2687,2667,-1,2697,2670,2698,-1,2182,2699,2183,-1,2700,2670,2697,-1,2690,2674,2181,-1,2185,2673,2184,-1,2677,2175,2176,-1,2180,2175,2695,-1,2154,2678,2176,-1,2677,2176,2678,-1,2150,2678,2154,-1,2677,2695,2175,-1,2695,2690,2180,-1,2185,2181,2674,-1,2181,2180,2690,-1,2670,2184,2673,-1,2673,2185,2674,-1,2699,2182,2670,-1,2670,2182,2184,-1,2670,2573,2698,-1,2670,2700,2699,-1,2701,2700,2697,-1,2698,2560,2701,-1,2183,2702,2193,-1,2698,2573,2568,-1,2697,2698,2701,-1,2568,2560,2698,-1,1948,2235,2236,-1,2702,2703,1937,-1,2234,2704,2236,-1,2704,2234,2233,-1,1948,2236,1937,-1,1937,2236,2704,-1,1937,2704,2702,-1,2560,1937,2703,-1,2183,2699,2703,-1,2232,2193,2702,-1,2560,2703,2701,-1,2702,2183,2703,-1,1963,2705,2706,-1,2705,2174,2187,-1,2706,2241,2243,-1,2159,2174,2707,-1,2705,2187,2244,-1,2174,2705,2707,-1,2706,2245,2241,-1,1962,2243,2252,-1,1963,2706,2243,-1,1963,2243,1962,-1,1922,2707,1963,-1,2705,1963,2707,-1,1933,2162,2163,-1,2163,1922,1933,-1,2163,2708,1922,-1,2163,2161,2708,-1,2160,2708,2161,-1,2707,1922,2708,-1,1145,1147,2203,-1,2186,2188,1321,-1,2208,2207,1129,-1,2206,1313,1136,-1,2210,1298,2212,-1,1308,1303,2209,-1,1283,2213,2214,-1,1288,2211,1293,-1,2215,2205,1268,-1,2204,1278,1273,-1,2201,1169,2216,-1,1205,1206,2202,-1,1246,2219,2218,-1,1251,2217,1256,-1,2223,2221,1231,-1,2220,1241,1236,-1,1226,2222,2223,-1,2223,1231,1226,-1,2222,1221,2225,-1,1221,2222,1226,-1,2224,2225,1216,-1,1221,1216,2225,-1,1211,2227,2224,-1,2224,1216,1211,-1,2227,1203,2226,-1,1203,2227,1211,-1,2228,2226,1200,-1,1203,1200,2226,-1,1199,1333,2228,-1,2228,1200,1199,-1,1202,1333,1199,-1,2221,1236,1231,-1,2220,2219,1241,-1,2221,2220,1236,-1,1246,2218,1251,-1,1241,2219,1246,-1,1256,2217,2216,-1,1251,2218,2217,-1,1206,1169,2201,-1,1169,1256,2216,-1,2215,1205,2202,-1,2202,1206,2201,-1,2205,1273,1268,-1,2215,1268,1205,-1,2204,2213,1278,-1,2205,2204,1273,-1,1283,2214,1288,-1,1278,2213,1283,-1,1293,2211,2212,-1,1288,2214,2211,-1,1303,1298,2210,-1,1298,1293,2212,-1,2208,1308,2209,-1,2209,1303,2210,-1,2207,1136,1129,-1,2208,1129,1308,-1,2206,2186,1313,-1,2207,2206,1136,-1,1321,2188,1147,-1,1313,2186,1321,-1,1145,2203,1363,-1,1147,2188,2203,-1,1296,2709,1292,-1,1234,1245,1249,-1,1234,1239,1245,-1,1254,1229,1249,-1,1234,1249,1229,-1,1254,1258,1225,-1,1225,1229,1254,-1,1220,1258,1262,-1,1258,1220,1225,-1,1266,1214,1262,-1,1220,1262,1214,-1,1266,1271,1209,-1,1209,1214,1266,-1,1195,1271,1277,-1,1271,1195,1209,-1,1286,2710,2711,-1,1281,2712,1277,-1,1306,1311,2713,-1,2714,2715,1301,-1,1133,2716,1319,-1,2717,2718,1315,-1,2719,2720,1126,-1,2721,2722,1123,-1,2723,1125,1121,-1,2724,2725,2726,-1,2727,2728,2729,-1,2730,2731,2732,-1,2733,2734,2735,-1,2733,2730,2732,-1,2736,2731,2730,-1,2726,2735,2734,-1,2734,2733,2732,-1,2724,2728,2725,-1,2726,2725,2735,-1,2729,2721,2727,-1,2724,2729,2728,-1,1123,2727,2721,-1,2722,2723,1121,-1,1123,2722,1121,-1,1125,2719,1126,-1,1125,2723,2719,-1,1133,2720,2716,-1,1133,1126,2720,-1,1315,1319,2717,-1,2717,1319,2716,-1,2713,1311,2718,-1,2718,1311,1315,-1,2714,1301,1306,-1,2713,2714,1306,-1,2715,2709,1296,-1,1301,2715,1296,-1,1292,2710,1286,-1,1292,2709,2710,-1,1281,2711,2712,-1,1281,1286,2711,-1,2712,1195,1277,-1,2737,2738,2739,-1,2740,1150,2741,-1,2740,2742,1327,-1,1356,2741,1146,-1,1331,2743,1332,-1,1146,1145,1356,-1,1356,1355,2741,-1,2741,1355,2744,-1,2745,2746,2747,-1,2748,2749,2750,-1,2751,2752,2747,-1,2749,2753,2754,-1,2749,2755,2756,-1,2757,1337,2743,-1,2755,2754,2758,-1,2759,2760,2761,-1,2759,2762,2763,-1,2764,2765,2766,-1,2761,2767,2768,-1,2769,2770,2771,-1,2764,2772,2773,-1,2774,2775,2776,-1,2777,2778,2771,-1,2779,2780,2781,-1,2779,2782,2775,-1,2783,2784,2780,-1,2785,2783,2779,-1,2712,2711,2786,-1,2787,2711,2710,-1,2788,2789,2780,-1,2709,2790,2710,-1,2791,2792,1385,-1,2793,1384,2792,-1,2794,1201,1198,-1,2795,2796,2797,-1,1202,1201,2798,-1,2798,1391,1202,-1,1195,2712,1192,-1,2799,2800,2801,-1,2775,2802,2785,-1,2788,2803,2804,-1,2805,2778,2806,-1,2806,2802,2774,-1,2807,2771,2805,-1,2805,2774,2808,-1,2809,2773,2810,-1,2770,2810,2777,-1,2811,2764,2809,-1,2812,2809,2770,-1,2767,2813,2814,-1,2813,2772,2766,-1,2814,2815,2768,-1,2766,2816,2814,-1,2763,2817,2760,-1,2768,2818,2759,-1,2819,2763,2820,-1,2817,2819,2821,-1,2758,2821,2822,-1,2822,2819,2823,-1,2753,2748,2752,-1,2824,2755,2822,-1,2751,2746,2739,-1,2825,2747,2748,-1,2738,2826,2742,-1,2827,2737,2746,-1,1327,2742,1328,-1,2828,2826,2737,-1,2826,1328,2742,-1,2826,1329,1328,-1,2826,2828,1329,-1,1329,2828,1122,-1,1122,2829,1123,-1,1146,2741,1150,-1,1359,2744,1355,-1,2744,1359,2830,-1,1150,2740,1327,-1,2831,2740,2744,-1,2828,2827,2829,-1,2738,2742,2831,-1,2727,1123,2829,-1,2738,2737,2826,-1,1122,2828,2829,-1,2827,2828,2737,-1,2727,2829,2832,-1,2741,2744,2740,-1,1361,2830,1359,-1,2830,1361,2833,-1,2740,2831,2742,-1,2834,2831,2830,-1,2745,2832,2827,-1,2739,2738,2834,-1,2728,2727,2832,-1,2739,2746,2737,-1,2829,2827,2832,-1,2827,2746,2745,-1,2728,2832,2835,-1,2744,2830,2831,-1,1354,2833,1361,-1,2833,1354,2836,-1,2831,2834,2738,-1,2837,2834,2833,-1,2825,2835,2745,-1,2751,2739,2837,-1,2745,2747,2825,-1,2746,2751,2747,-1,2835,2838,2725,-1,2728,2835,2725,-1,2832,2745,2835,-1,2830,2833,2834,-1,1352,2836,1354,-1,2836,1352,2839,-1,2834,2837,2739,-1,2840,2837,2836,-1,2825,2750,2838,-1,2752,2751,2840,-1,2750,2825,2748,-1,2752,2748,2747,-1,2838,2841,2735,-1,2725,2838,2735,-1,2835,2825,2838,-1,2833,2836,2837,-1,1348,2839,1352,-1,2839,1348,2842,-1,2837,2840,2751,-1,2843,2840,2839,-1,2756,2841,2750,-1,2753,2752,2843,-1,2733,2735,2841,-1,2753,2749,2748,-1,2838,2750,2841,-1,2756,2750,2749,-1,2733,2841,2844,-1,2836,2839,2840,-1,1350,2842,1348,-1,2842,1350,2845,-1,2840,2843,2752,-1,2846,2843,2842,-1,2824,2844,2756,-1,2754,2753,2846,-1,2730,2733,2844,-1,2754,2755,2749,-1,2841,2756,2844,-1,2756,2755,2824,-1,2730,2844,2847,-1,2839,2842,2843,-1,1345,2845,1350,-1,2845,1345,2848,-1,2843,2846,2753,-1,2849,2846,2845,-1,2823,2847,2824,-1,2758,2754,2849,-1,2847,2844,2824,-1,2758,2822,2755,-1,2824,2822,2823,-1,2736,2847,2850,-1,2847,2736,2730,-1,2842,2845,2846,-1,1343,2848,1345,-1,2851,2848,1343,-1,2846,2849,2754,-1,2852,2849,2848,-1,2820,2850,2823,-1,2821,2758,2852,-1,2820,2823,2819,-1,2821,2819,2822,-1,2850,2853,2731,-1,2736,2850,2731,-1,2847,2823,2850,-1,2845,2848,2849,-1,1342,2851,1343,-1,2854,2851,1342,-1,2849,2852,2758,-1,2855,2852,2851,-1,2853,2820,2762,-1,2817,2821,2855,-1,2732,2731,2853,-1,2817,2763,2819,-1,2850,2820,2853,-1,2820,2763,2762,-1,2732,2853,2856,-1,2848,2851,2852,-1,1340,2854,1342,-1,1340,2857,2854,-1,2852,2855,2821,-1,2858,2855,2854,-1,2762,2818,2856,-1,2817,2858,2760,-1,2856,2853,2762,-1,2760,2759,2763,-1,2762,2759,2818,-1,2734,2856,2859,-1,2856,2734,2732,-1,2851,2854,2855,-1,1338,2857,1340,-1,1338,2757,2857,-1,2855,2858,2817,-1,2860,2858,2857,-1,2815,2859,2818,-1,2760,2860,2761,-1,2726,2859,2861,-1,2761,2768,2759,-1,2768,2815,2818,-1,2734,2859,2726,-1,2856,2818,2859,-1,2854,2857,2858,-1,1337,2757,1338,-1,2794,2862,2798,-1,2858,2860,2760,-1,2863,2860,2757,-1,2816,2861,2815,-1,2767,2761,2863,-1,2724,2726,2861,-1,2767,2814,2768,-1,2859,2815,2861,-1,2815,2814,2816,-1,2724,2861,2864,-1,2857,2757,2860,-1,1332,2743,1337,-1,2743,1331,2865,-1,2860,2863,2761,-1,2743,2866,2863,-1,2816,2765,2864,-1,2813,2767,2866,-1,2864,2861,2816,-1,2813,2766,2814,-1,2816,2766,2765,-1,2729,2864,2867,-1,2864,2729,2724,-1,2743,2863,2757,-1,1366,2865,1331,-1,2865,1366,2868,-1,2863,2866,2767,-1,2865,2869,2866,-1,2867,2765,2811,-1,2772,2813,2869,-1,2721,2867,2870,-1,2772,2764,2766,-1,2764,2811,2765,-1,2729,2867,2721,-1,2864,2765,2867,-1,2743,2865,2866,-1,1367,2868,1366,-1,2868,1367,2871,-1,2866,2869,2813,-1,2872,2869,2868,-1,2811,2812,2870,-1,2773,2772,2872,-1,2812,2811,2809,-1,2773,2809,2764,-1,2870,2873,2722,-1,2721,2870,2722,-1,2867,2811,2870,-1,2865,2868,2869,-1,1370,2871,1367,-1,2871,1370,2874,-1,2869,2872,2772,-1,2875,2872,2871,-1,2873,2812,2769,-1,2810,2773,2875,-1,2723,2722,2873,-1,2810,2770,2809,-1,2870,2812,2873,-1,2812,2770,2769,-1,2723,2873,2876,-1,2868,2871,2872,-1,1372,2874,1370,-1,2874,1372,2877,-1,2872,2875,2773,-1,2878,2875,2874,-1,2807,2876,2769,-1,2777,2810,2878,-1,2876,2873,2769,-1,2777,2771,2770,-1,2771,2807,2769,-1,2719,2876,2879,-1,2876,2719,2723,-1,2871,2874,2875,-1,1373,2877,1372,-1,2877,1373,2880,-1,2875,2878,2810,-1,2881,2878,2877,-1,2808,2879,2807,-1,2778,2777,2881,-1,2807,2805,2808,-1,2778,2805,2771,-1,2879,2882,2720,-1,2719,2879,2720,-1,2876,2807,2879,-1,2874,2877,2878,-1,1376,2880,1373,-1,2880,1376,2883,-1,2878,2881,2777,-1,2884,2881,2880,-1,2776,2882,2808,-1,2806,2778,2884,-1,2716,2720,2882,-1,2806,2774,2805,-1,2879,2808,2882,-1,2776,2808,2774,-1,2716,2882,2885,-1,2877,2880,2881,-1,1378,2883,1376,-1,2883,1378,2886,-1,2881,2884,2778,-1,2887,2884,2883,-1,2782,2885,2776,-1,2802,2806,2887,-1,2717,2716,2885,-1,2802,2775,2774,-1,2882,2776,2885,-1,2776,2775,2782,-1,2717,2885,2888,-1,2880,2883,2884,-1,1379,2886,1378,-1,2886,1379,2889,-1,2884,2887,2806,-1,2890,2887,2886,-1,2781,2888,2782,-1,2785,2802,2890,-1,2888,2885,2782,-1,2785,2779,2775,-1,2779,2781,2782,-1,2718,2888,2891,-1,2888,2718,2717,-1,2883,2886,2887,-1,1382,2889,1379,-1,2889,1382,2793,-1,2887,2890,2802,-1,2892,2890,2889,-1,2789,2891,2781,-1,2783,2785,2892,-1,2781,2780,2789,-1,2783,2780,2779,-1,2891,2893,2713,-1,2718,2891,2713,-1,2888,2781,2891,-1,2886,2889,2890,-1,1384,2793,1382,-1,2894,2791,1388,-1,2890,2892,2785,-1,2793,2895,2892,-1,2893,2789,2804,-1,2783,2895,2784,-1,2714,2713,2893,-1,2784,2788,2780,-1,2891,2789,2893,-1,2789,2788,2804,-1,2714,2893,2896,-1,2889,2793,2892,-1,1385,2792,1384,-1,2784,2897,2788,-1,2892,2895,2783,-1,2895,2792,2898,-1,2801,2896,2804,-1,2897,2784,2898,-1,2896,2893,2804,-1,2897,2803,2788,-1,2803,2801,2804,-1,2715,2896,2800,-1,2896,2715,2714,-1,2793,2792,2895,-1,1388,2791,1385,-1,2897,2797,2803,-1,2895,2898,2784,-1,2791,2899,2898,-1,2801,2803,2796,-1,2897,2899,2797,-1,2801,2796,2799,-1,2796,2803,2797,-1,2800,2790,2709,-1,2715,2800,2709,-1,2896,2801,2800,-1,2792,2791,2898,-1,1390,2894,1388,-1,2900,2799,2796,-1,2898,2899,2897,-1,2894,2862,2899,-1,2901,2790,2799,-1,2862,2795,2797,-1,2790,2901,2787,-1,2900,2796,2795,-1,2800,2799,2790,-1,2799,2900,2901,-1,2710,2790,2787,-1,2791,2894,2899,-1,2798,1390,1391,-1,2794,2902,2795,-1,2899,2862,2797,-1,2794,2795,2862,-1,2902,2903,2900,-1,2902,2900,2795,-1,2903,2904,2901,-1,2903,2901,2900,-1,2786,2787,2904,-1,2787,2901,2904,-1,2711,2787,2786,-1,1390,2798,2894,-1,2862,2894,2798,-1,2902,1198,1193,-1,1201,2794,2798,-1,2903,1193,1190,-1,1198,2902,2794,-1,2904,1190,1191,-1,1193,2903,2902,-1,2786,1191,1192,-1,1190,2904,2903,-1,1192,2712,2786,-1,1191,2786,2904,-1,2905,2906,2907,-1,2908,2909,2910,-1,2909,2906,2910,-1,2911,2912,2908,-1,2908,2910,2911,-1,2909,2907,2906,-1,2907,2913,2905,-1,2913,2914,2915,-1,2915,2905,2913,-1,2914,2916,2915,-1,2914,2917,2918,-1,2919,2916,2918,-1,2914,2918,2916,-1,2920,2921,2922,-1,2923,2924,2921,-1,2923,2925,2924,-1,2920,2922,2926,-1,2924,2922,2921,-1,2927,2928,2929,-1,2928,2930,2931,-1,2928,2927,2930,-1,2932,2933,2934,-1,2934,2935,2932,-1,2934,2933,2930,-1,2928,2931,2936,-1,2930,2933,2931,-1,2928,2936,2937,-1,2938,2937,2939,-1,2937,2938,2928,-1,2938,2939,2940,-1,2941,2942,2943,-1,2944,2945,2946,-1,2945,2942,2946,-1,2947,2948,2944,-1,2944,2946,2947,-1,2945,2943,2942,-1,2943,2949,2941,-1,2949,2950,2951,-1,2951,2941,2949,-1,2950,2952,2951,-1,2950,2953,2954,-1,2955,2952,2954,-1,2950,2954,2952,-1,2956,2957,2958,-1,2959,2960,2957,-1,2959,2961,2960,-1,2956,2958,2962,-1,2960,2958,2957,-1,2963,2964,2965,-1,2966,2967,2968,-1,2969,2970,2965,-1,2965,2964,2971,-1,2965,2970,2963,-1,2971,2966,2968,-1,2966,2971,2964,-1,2967,2972,2968,-1,2967,2973,2974,-1,2967,2974,2972,-1,
        ]
    }
}
Shape{
    appearance Appearance {
        material  Material 	{
            diffuseColor 1.0 1.0 1.0
            specularColor 0.7529411764705882 0.7529411764705882 0.7529411764705882
            ambientIntensity 1.0
            transparency 1.0
            shininess 0.5
        }
    }
    geometry IndexedFaceSet {
        ccw TRUE
        solid FALSE
        coord DEF co Coordinate {
            point [
                1.0236 -1.1813 1.3583, -1.0236 -1.1813 1.3583, -1.0236 -1.1813 1.2598, 1.0236 -1.1813 1.2598, 1.1691 -1.0841 1.3583, 1.1691 -1.0841 1.2598, 1.1781 -1.0545 1.2598, 1.1811 -1.0238 1.2598, 1.1811 -1.0238 1.3583, 1.1781 -1.0545 1.3583, 1.135 -1.1352 1.2598, 1.1111 -1.1548 1.3583, 1.1111 -1.1548 1.2598, 1.135 -1.1352 1.3583, 1.1546 -1.1113 1.2598, 1.1546 -1.1113 1.3583, 1.0839 -1.1693 1.2598, 1.0543 -1.1783 1.3583, 1.0543 -1.1783 1.2598, 1.0839 -1.1693 1.3583, 1.1811 1.0234 1.2598, 1.1811 1.0234 1.3583, 1.0839 1.1689 1.3583, 1.0839 1.1689 1.2598, 1.0543 1.1779 1.2598, 1.0236 1.1809 1.2598, 1.0236 1.1809 1.3583, 1.0543 1.1779 1.3583, 1.135 1.1348 1.2598, 1.1546 1.1109 1.3583, 1.1546 1.1109 1.2598, 1.135 1.1348 1.3583, 1.1111 1.1544 1.2598, 1.1111 1.1544 1.3583, 1.1691 1.0837 1.2598, 1.1781 1.0541 1.3583, 1.1781 1.0541 1.2598, 1.1691 1.0837 1.3583, -1.0236 1.1809 1.2598, -1.0236 1.1809 1.3583, -1.1691 1.0837 1.3583, -1.1691 1.0837 1.2598, -1.1781 1.0541 1.2598, -1.1811 1.0234 1.2598, -1.1811 1.0234 1.3583, -1.1781 1.0541 1.3583, -1.135 1.1348 1.2598, -1.1111 1.1544 1.3583, -1.1111 1.1544 1.2598, -1.135 1.1348 1.3583, -1.1546 1.1109 1.2598, -1.1546 1.1109 1.3583, -1.0839 1.1689 1.2598, -1.0543 1.1779 1.3583, -1.0543 1.1779 1.2598, -1.0839 1.1689 1.3583, -1.1811 -1.0238 1.3583, -1.1811 -1.0238 1.2598, -1.0839 -1.1693 1.3583, -1.0839 -1.1693 1.2598, -1.0543 -1.1783 1.2598, -1.0543 -1.1783 1.3583, -1.135 -1.1352 1.2598, -1.1546 -1.1113 1.3583, -1.1546 -1.1113 1.2598, -1.135 -1.1352 1.3583, -1.1111 -1.1548 1.2598, -1.1111 -1.1548 1.3583, -1.1691 -1.0841 1.2598, -1.1781 -1.0545 1.3583, -1.1781 -1.0545 1.2598, -1.1691 -1.0841 1.3583, 0.0359 0.7076 1.3583, -0.0359 0.7076 1.3583, -0.0359 0.7076 1.2598, -0.1073 0.7003 1.3583, -0.1073 0.7003 1.2598, -0.1776 0.6858 1.2598, -0.1776 0.6858 1.3583, -0.2461 0.6644 1.3583, -0.2461 0.6644 1.2598, -0.3121 0.636 1.3583, -0.3121 0.636 1.2598, -0.3749 0.6012 1.2598, -0.3749 0.6012 1.3583, -0.4338 0.5602 1.3583, -0.4338 0.5602 1.2598, -0.4882 0.5134 1.3583, -0.4882 0.5134 1.2598, -0.5377 0.4614 1.2598, -0.5377 0.4614 1.3583, -0.5816 0.4046 1.3583, -0.5816 0.4046 1.2598, -0.6196 0.3437 1.3583, -0.6196 0.3437 1.2598, -0.6512 0.2793 1.2598, -0.6512 0.2793 1.3583, -0.6762 0.212 1.3583, -0.6762 0.212 1.2598, -0.6942 0.1425 1.3583, -0.6942 0.1425 1.2598, -0.705 0.0715 1.2598, -0.705 0.0715 1.3583, -0.7087 -0.0002 1.2598, -0.7087 -0.0002 1.3583, 0.0359 0.7076 1.2598, 0.1073 0.7003 1.3583, 0.1073 0.7003 1.2598, 0.1776 0.6858 1.2598, 0.1776 0.6858 1.3583, 0.2461 0.6644 1.2598, 0.2461 0.6644 1.3583, 0.3121 0.636 1.3583, 0.3121 0.636 1.2598, 0.3749 0.6012 1.2598, 0.3749 0.6012 1.3583, 0.4338 0.5602 1.2598, 0.4338 0.5602 1.3583, 0.4882 0.5134 1.3583, 0.4882 0.5134 1.2598, 0.5377 0.4614 1.2598, 0.5377 0.4614 1.3583, 0.5816 0.4046 1.2598, 0.5816 0.4046 1.3583, 0.6196 0.3437 1.3583, 0.6196 0.3437 1.2598, 0.6512 0.2793 1.2598, 0.6512 0.2793 1.3583, 0.6762 0.212 1.2598, 0.6762 0.212 1.3583, 0.6942 0.1425 1.3583, 0.6942 0.1425 1.2598, 0.705 0.0715 1.2598, 0.705 0.0715 1.3583, 0.7087 -0.0002 1.3583, 0.7087 -0.0002 1.2598, -0.1073 -0.7007 1.2598, -0.0359 -0.7079 1.2598, 0.6942 -0.1428 1.2598, 0.705 -0.0719 1.2598, 0.1073 -0.7007 1.2598, 0.1776 -0.6862 1.2598, 0.6512 -0.2797 1.2598, 0.6762 -0.2123 1.2598, 0.5816 -0.405 1.2598, 0.6196 -0.3441 1.2598, 0.4882 -0.5138 1.2598, 0.5377 -0.4618 1.2598, 0.4338 -0.5606 1.2598, 0.3121 -0.6364 1.2598, 0.3749 -0.6016 1.2598, 0.2461 -0.6648 1.2598, 0.0359 -0.7079 1.2598, -0.1776 -0.6862 1.2598, -0.3121 -0.6364 1.2598, -0.2461 -0.6648 1.2598, -0.4338 -0.5606 1.2598, -0.3749 -0.6016 1.2598, -0.4882 -0.5138 1.2598, -0.5816 -0.405 1.2598, -0.5377 -0.4618 1.2598, -0.6512 -0.2797 1.2598, -0.6196 -0.3441 1.2598, -0.6942 -0.1428 1.2598, -0.6762 -0.2123 1.2598, -0.705 -0.0719 1.2598, -0.0359 -0.7079 1.3583, 0.0359 -0.7079 1.3583, 0.1073 -0.7007 1.3583, 0.1776 -0.6862 1.3583, 0.2461 -0.6647 1.3583, 0.3121 -0.6364 1.3583, 0.3749 -0.6016 1.3583, 0.4338 -0.5606 1.3583, 0.4882 -0.5138 1.3583, 0.5377 -0.4618 1.3583, 0.5816 -0.405 1.3583, 0.6196 -0.3441 1.3583, 0.6512 -0.2797 1.3583, 0.6762 -0.2123 1.3583, 0.6942 -0.1428 1.3583, 0.705 -0.0719 1.3583, -0.1073 -0.7007 1.3583, -0.1776 -0.6862 1.3583, -0.2461 -0.6647 1.3583, -0.3121 -0.6364 1.3583, -0.3749 -0.6016 1.3583, -0.4338 -0.5606 1.3583, -0.4882 -0.5138 1.3583, -0.5377 -0.4618 1.3583, -0.5816 -0.405 1.3583, -0.6196 -0.3441 1.3583, -0.6512 -0.2797 1.3583, -0.6762 -0.2123 1.3583, -0.6942 -0.1428 1.3583, -0.705 -0.0719 1.3583, 0.9919 -0.9793 1.3583, 0.9651 1.0034 1.3583, 1.04 -0.8828 1.3583, 1.03 -0.9178 1.3583, 1.0138 -0.9503 1.3583, -0.9919 -0.714 1.3583, -0.9919 0.7136 1.3583, -0.8646 0.6503 1.3583, 0.9919 0.9789 1.3583, 0.9342 1.0225 1.3583, 0.9003 1.0356 1.3583, -0.6791 -0.9503 1.3583, 0.9342 -0.6704 1.3583, -0.9919 0.9789 1.3583, -1.0138 0.9499 1.3583, -1.03 0.9174 1.3583, -1.04 0.8824 1.3583, 0.701 -0.9793 1.3583, -0.701 -0.9793 1.3583, -0.9919 -0.9793 1.3583, -0.9651 0.6892 1.3583, -0.9651 -1.0037 1.3583, -0.9342 -1.0229 1.3583, -0.9003 -1.036 1.3583, 0.6629 0.9174 1.3583, 0.8646 -0.6506 1.3583, 0.8283 -0.6506 1.3583, 0.9003 -0.6573 1.3583, 0.7278 -0.6896 1.3583, 0.7587 -0.6704 1.3583, 0.7926 -0.6573 1.3583, 0.6791 -0.743 1.3583, 0.6629 -0.7755 1.3583, 0.701 -0.714 1.3583, 0.6496 -0.8467 1.3583, 0.653 -0.8105 1.3583, 0.6791 -0.9503 1.3583, 0.6629 -0.9178 1.3583, 0.653 -0.8828 1.3583, -0.6629 -0.9178 1.3583, -0.653 -0.8105 1.3583, -0.6496 -0.8467 1.3583, -0.653 -0.8828 1.3583, -0.7278 -0.6896 1.3583, -0.6791 -0.743 1.3583, -0.6629 -0.7755 1.3583, -0.7926 -0.6573 1.3583, -0.7587 -0.6704 1.3583, -0.8283 -0.6506 1.3583, -0.9342 -0.6704 1.3583, -0.9003 -0.6573 1.3583, -0.8646 -0.6506 1.3583, -0.9651 -0.6896 1.3583, -0.7587 -1.0229 1.3583, -0.7926 -1.036 1.3583, -1.0138 0.7426 1.3583, -0.9342 0.67 1.3583, -0.9342 1.0225 1.3583, -0.9003 1.0356 1.3583, -0.9003 0.6569 1.3583, -0.7926 0.6569 1.3583, -0.8283 0.6503 1.3583, -0.653 0.8101 1.3583, -0.6629 0.7751 1.3583, -1.0433 0.8463 1.3583, -0.653 0.8824 1.3583, -0.6496 0.8463 1.3583, -0.6629 0.9174 1.3583, -0.9651 1.0034 1.3583, -0.8283 1.0423 1.3583, -0.7926 1.0356 1.3583, 0.653 0.8824 1.3583, -0.8646 1.0423 1.3583, 0.6496 0.8463 1.3583, 0.653 0.8101 1.3583, 0.7587 1.0225 1.3583, 0.7926 1.0356 1.3583, 0.7926 0.6569 1.3583, 0.9342 0.67 1.3583, 0.9003 0.6569 1.3583, 0.8646 0.6502 1.3583, 1.0138 0.9499 1.3583, 1.04 0.8101 1.3583, 1.03 0.7751 1.3583, 1.03 0.9174 1.3583, 1.04 0.8824 1.3583, -0.7587 0.67 1.3583, -0.701 0.7136 1.3583, -0.7278 0.6892 1.3583, -0.6791 0.9499 1.3583, -0.701 0.9789 1.3583, 0.701 0.9789 1.3583, 0.6791 0.9499 1.3583, -0.7587 1.0225 1.3583, -0.7278 1.0034 1.3583, -0.6791 0.7426 1.3583, -1.03 -0.7755 1.3583, -1.0433 -0.8467 1.3583, -1.04 -0.8105 1.3583, -1.03 0.7751 1.3583, -1.04 0.8101 1.3583, -0.8646 -1.0427 1.3583, -1.0138 -0.743 1.3583, -0.701 -0.714 1.3583, 0.7587 -1.0229 1.3583, -0.7278 -1.0037 1.3583, 0.7278 -1.0037 1.3583, 0.8283 -1.0427 1.3583, 0.7926 -1.036 1.3583, 0.8646 -1.0427 1.3583, -0.8283 -1.0427 1.3583, -1.0138 -0.9503 1.3583, -1.04 -0.8828 1.3583, -1.03 -0.9178 1.3583, 0.6791 0.7426 1.3583, 0.6629 0.7751 1.3583, 0.7278 0.6892 1.3583, 0.7278 1.0034 1.3583, 0.8646 1.0423 1.3583, 0.8283 1.0423 1.3583, 0.8283 0.6502 1.3583, 0.9651 0.6892 1.3583, 0.9919 0.7136 1.3583, 0.9651 -0.6896 1.3583, 0.9919 -0.714 1.3583, 1.0433 0.8463 1.3583, 1.0138 0.7426 1.3583, 1.0138 -0.743 1.3583, 1.03 -0.7755 1.3583, 0.7587 0.67 1.3583, 0.701 0.7136 1.3583, 1.04 -0.8105 1.3583, 1.0433 -0.8467 1.3583, 0.9651 -1.0037 1.3583, 0.9003 -1.036 1.3583, 0.9342 -1.0229 1.3583, 1.3373 0.7478 0.365, 1.3277 0.7478 0.3891, 1.2399 0.7478 0.3444, 1.3132 0.7478 0.4105, 1.2323 0.7478 0.3517, 1.2431 0.7478 0.3344, 1.3414 0.7478 0.3395, 1.353 0.7478 0.1172, 1.3295 0.7478 0.0, 1.3728 0.7478 0.0984, 1.3632 0.7478 0.1009, 1.288 0.7478 0.013, 1.3078 0.7478 0.0033, 1.6929 0.7478 0.0, 1.2721 0.7478 0.0281, 1.6929 0.7478 0.0984, 1.2614 0.7478 0.0473, 1.356 0.7478 0.1078, 1.257 0.7478 0.0688, 1.2723 0.7478 0.4417, 1.2945 0.7478 0.4283, 1.2221 0.7478 0.3543, 1.2478 0.7478 0.45, 1.2221 0.7478 0.4528, 1.1811 0.7478 0.3543, 1.1811 0.7478 0.4528, -1.2323 0.7478 0.3517, -1.3132 0.7478 0.4105, -1.2399 0.7478 0.3444, -1.3277 0.7478 0.3891, -1.2945 0.7478 0.4283, -1.3373 0.7478 0.365, -1.2431 0.7478 0.3344, -1.3295 0.7478 0.0, -1.3728 0.7478 0.0984, -1.6929 0.7478 0.0, -1.3414 0.7478 0.3395, -1.2723 0.7478 0.4417, -1.356 0.7478 0.1078, -1.3632 0.7478 0.1009, -1.257 0.7478 0.0688, -1.288 0.7478 0.013, -1.2721 0.7478 0.0281, -1.3078 0.7478 0.0033, -1.6929 0.7478 0.0984, -1.2614 0.7478 0.0473, -1.353 0.7478 0.1172, -1.2478 0.7478 0.45, -1.2221 0.7478 0.3543, -1.2221 0.7478 0.4528, -1.1811 0.7478 0.4528, -1.1811 0.7478 0.3543, 1.2221 1.0234 0.4528, 1.2221 1.0234 0.3543, 1.1811 1.0234 0.3543, 1.2431 1.0234 0.3344, 1.2399 1.0234 0.3444, 1.3373 1.0234 0.365, 1.3132 1.0234 0.4105, 1.2323 1.0234 0.3517, 1.2945 1.0234 0.4283, 1.3414 1.0234 0.3395, 1.353 1.0234 0.1172, 1.3295 1.0234 0.0, 1.3632 1.0234 0.1009, 1.3728 1.0234 0.0984, 1.3078 1.0234 0.0033, 1.288 1.0234 0.013, 1.6929 1.0234 0.0, 1.2721 1.0234 0.0281, 1.6929 1.0234 0.0984, 1.2723 1.0234 0.4417, 1.3277 1.0234 0.3891, 1.2614 1.0234 0.0473, 1.356 1.0234 0.1078, 1.257 1.0234 0.0688, 1.2478 1.0234 0.45, 1.1811 1.0234 0.4528, -1.1811 1.0234 0.4528, -1.2221 1.0234 0.3543, -1.2221 1.0234 0.4528, -1.2431 1.0234 0.3344, -1.257 1.0234 0.0688, -1.353 1.0234 0.1172, -1.2323 1.0234 0.3517, -1.2723 1.0234 0.4417, -1.2399 1.0234 0.3444, -1.3132 1.0234 0.4105, -1.2945 1.0234 0.4283, -1.3277 1.0234 0.3891, -1.3373 1.0234 0.365, -1.3414 1.0234 0.3395, -1.288 1.0234 0.013, -1.3078 1.0234 0.0033, -1.3632 1.0234 0.1009, -1.3295 1.0234 0.0, -1.2721 1.0234 0.0281, -1.3728 1.0234 0.0984, -1.6929 1.0234 0.0, -1.6929 1.0234 0.0984, -1.2614 1.0234 0.0473, -1.356 1.0234 0.1078, -1.2478 1.0234 0.45, -1.1811 1.0234 0.3543, 0.0221 1.1809 0.7446, -0.0097 1.1809 0.7352, -0.0098 1.1809 0.7444, 0.032 1.1809 0.8156, 0.0216 1.1809 0.8155, 0.0325 1.1809 0.7355, -0.0729 1.1809 0.7381, -0.073 1.1809 0.748, -0.0634 1.1813 0.7441, -0.0318 1.1809 0.7514, -0.0233 1.1809 0.7447, -0.0353 1.1813 0.7364, -0.026 1.1813 0.7614, -0.0629 1.1813 0.7347, -0.065 1.1813 0.8154, -0.0545 1.1809 0.8163, -0.0546 1.1809 0.807, -0.0523 1.1809 0.7428, -0.0382 1.1813 0.8135, -0.0424 1.1813 0.8049, -0.0507 1.1809 0.7336, -0.0408 1.1813 0.745, -0.0157 1.1813 0.7575, -0.0241 1.1809 0.7743, -0.0162 1.1813 0.7912, -0.0132 1.1809 0.7737, -0.0327 1.1809 0.7983, -0.025 1.1809 0.8048, -0.0263 1.1813 0.7878, -0.0644 1.1813 0.8058, -0.0735 1.1809 0.8129, -0.0734 1.1809 0.8021, -0.1307 1.1809 0.8144, -0.0998 1.1809 0.8055, -0.1307 1.1809 0.8052, -0.0895 1.1809 0.8147, -0.0996 1.1809 0.7798, -0.0995 1.1809 0.7707, -0.1282 1.1809 0.7705, -0.1282 1.1809 0.7796, -0.0889 1.1809 0.7347, -0.132 1.1809 0.7344, -0.0993 1.1809 0.7437, -0.1321 1.1809 0.7435, -0.1802 1.1809 0.8038, -0.1847 1.1809 0.8122, -0.1757 1.1809 0.8139, -0.2017 1.1813 0.7746, -0.2097 1.1813 0.7909, -0.1996 1.1809 0.7878, -0.187 1.1809 0.8013, -0.1932 1.1809 0.8087, -0.1931 1.1813 0.7973, -0.2007 1.1809 0.8034, -0.1729 1.1809 0.8049, -0.2003 1.1813 0.7451, -0.2095 1.1813 0.7581, -0.1995 1.1809 0.7613, -0.1662 1.1809 0.8142, -0.1653 1.1809 0.805, -0.1867 1.1809 0.7369, -0.187 1.1809 0.7471, -0.1801 1.1809 0.7444, -0.158 1.1813 0.805, -0.165 1.1809 0.7433, -0.163 1.1809 0.7341, -0.1711 1.1809 0.7341, -0.1569 1.1809 0.8143, -0.1477 1.1813 0.8143, -0.1575 1.1813 0.7433, -0.1551 1.1809 0.7342, -0.1471 1.1809 0.7343, -0.1727 1.1809 0.7433, -0.1793 1.1809 0.7349, -0.193 1.1813 0.7514, -0.1939 1.1809 0.7403, -0.2126 1.1809 0.7749, -0.2662 1.1813 0.7644, -0.2694 1.1809 0.7553, -0.2888 1.1809 0.7333, -0.2478 1.1809 0.8136, -0.2488 1.1809 0.7903, -0.2529 1.1813 0.8034, -0.2774 1.1809 0.7333, -0.236 1.1809 0.7555, -0.2394 1.1813 0.7646, -0.2168 1.1809 0.7338, -0.2441 1.1809 0.7774, -0.2282 1.1809 0.7337, -0.2589 1.1809 0.8135, -0.257 1.1809 0.7902, -0.2616 1.1809 0.7773, -0.0084 1.1809 0.6883, 0.0226 1.1809 0.6793, -0.0083 1.1809 0.6791, 0.0329 1.1809 0.6886, 0.0228 1.1809 0.6537, 0.0228 1.1809 0.6445, -0.0058 1.1809 0.6443, -0.0059 1.1809 0.6535, 0.0334 1.1809 0.6085, -0.0096 1.1809 0.6082, 0.023 1.1809 0.6176, -0.0097 1.1809 0.6173, -0.0449 1.1809 0.6665, -0.0439 1.1809 0.6583, -0.0503 1.1813 0.6567, -0.0252 1.1809 0.6613, -0.0251 1.1809 0.6515, -0.0341 1.1813 0.6566, -0.0344 1.1813 0.6652, -0.0475 1.1813 0.6091, -0.04 1.1813 0.6149, -0.0374 1.1809 0.6067, -0.0632 1.1813 0.6567, -0.0542 1.1813 0.652, -0.0554 1.1809 0.6442, -0.0654 1.1809 0.6446, -0.0553 1.1813 0.6366, -0.0553 1.1809 0.6305, -0.0564 1.1813 0.664, -0.0205 1.1813 0.6166, -0.0242 1.1809 0.6113, -0.0302 1.1809 0.6205, -0.0295 1.1813 0.6242, -0.0193 1.1809 0.6235, -0.0324 1.1813 0.6175, -0.0299 1.1813 0.6079, -0.0357 1.1809 0.6156, -0.046 1.1809 0.616, -0.0509 1.1813 0.6195, -0.0384 1.1809 0.642, -0.0393 1.1809 0.6344, -0.0474 1.1809 0.6356, -0.0542 1.1809 0.6246, -0.0549 1.1809 0.6167, -0.0551 1.1809 0.6079, -0.0652 1.1809 0.6078, -0.0279 1.1813 0.6388, -0.0322 1.1813 0.6314, -0.0215 1.1813 0.6326, -0.0302 1.1809 0.6283, -0.0943 1.1809 0.6063, -0.1036 1.1813 0.6073, -0.0953 1.1809 0.6144, -0.0868 1.1813 0.6159, -0.0788 1.1809 0.6097, -0.086 1.1813 0.6072, -0.1072 1.1809 0.6221, -0.1167 1.1813 0.6282, -0.1142 1.1809 0.6325, -0.1042 1.1813 0.6163, -0.111 1.1809 0.6107, -0.1082 1.1813 0.6568, -0.115 1.1809 0.6537, -0.115 1.1809 0.6634, -0.1015 1.1809 0.6661, -0.1005 1.1809 0.6579, -0.1085 1.1813 0.6654, -0.0808 1.1813 0.6563, -0.0895 1.1809 0.6503, -0.0856 1.1809 0.6616, -0.0791 1.1809 0.6495, -0.0789 1.1809 0.6201, -0.0903 1.1813 0.6534, -0.0926 1.1809 0.6558, -0.0928 1.1813 0.665, -0.0961 1.1813 0.6574, -0.0992 1.1809 0.6409, -0.0969 1.1809 0.6316, -0.1047 1.1813 0.6276, -0.1066 1.1813 0.6251, -0.1074 1.1809 0.6373, -0.0916 1.1813 0.645, -0.09 1.1813 0.6473, -0.0819 1.1809 0.6404, -0.0886 1.1809 0.6353, -0.0798 1.1813 0.6446, -0.1175 1.1809 0.623, -0.1158 1.1813 0.616, -0.1558 1.1809 0.6327, -0.1501 1.1813 0.6167, -0.1515 1.1809 0.5986, -0.1779 1.1809 0.6642, -0.1675 1.1809 0.6643, -0.1616 1.1809 0.6485, -0.145 1.1809 0.6074, -0.1396 1.1809 0.6486, -0.123 1.1809 0.6646, -0.145 1.1809 0.6327, -0.1459 1.1813 0.5884, -0.1406 1.1809 0.597, -0.1363 1.1813 0.591, -0.1342 1.1813 0.6645, -0.1274 1.1813 0.5893, -0.1245 1.1809 0.5813, -0.1274 1.1813 0.5807, -0.1309 1.1809 0.5804, -0.1391 1.1813 0.5824, -0.1302 1.1809 0.589, -0.1246 1.1809 0.5902, -0.2301 1.1809 0.6867, -0.1991 1.1809 0.6777, -0.23 1.1809 0.6775, -0.1889 1.1809 0.687, -0.199 1.1809 0.6521, -0.1989 1.1809 0.6429, -0.2275 1.1809 0.6427, -0.2276 1.1809 0.6519, -0.1883 1.1809 0.6069, -0.2314 1.1809 0.6066, -0.1987 1.1809 0.616, -0.2314 1.1809 0.6158, -0.2796 1.1809 0.6761, -0.2841 1.1809 0.6845, -0.2751 1.1809 0.6862, -0.3011 1.1813 0.6469, -0.3091 1.1813 0.6631, -0.299 1.1809 0.6601, -0.2864 1.1809 0.6736, -0.2925 1.1809 0.681, -0.2925 1.1813 0.6695, -0.3001 1.1809 0.6756, -0.2722 1.1809 0.6771, -0.2997 1.1809 0.6174, -0.3088 1.1813 0.6304, -0.2989 1.1809 0.6336, -0.2656 1.1809 0.6865, -0.2647 1.1809 0.6773, -0.2861 1.1813 0.6091, -0.2864 1.1809 0.6193, -0.2795 1.1809 0.6167, -0.2573 1.1813 0.6773, -0.2644 1.1809 0.6155, -0.2624 1.1813 0.6064, -0.2705 1.1813 0.6064, -0.2563 1.1809 0.6865, -0.2471 1.1813 0.6866, -0.2569 1.1813 0.6156, -0.2545 1.1813 0.6065, -0.2465 1.1809 0.6065, -0.2721 1.1809 0.6156, -0.2786 1.1813 0.6072, -0.2924 1.1813 0.6237, -0.2933 1.1813 0.6126, -0.312 1.1809 0.6471, -0.3656 1.1813 0.6366, -0.3687 1.1809 0.6276, -0.3882 1.1809 0.6055, -0.3472 1.1809 0.6859, -0.3482 1.1809 0.6626, -0.3523 1.1813 0.6756, -0.3767 1.1809 0.6056, -0.3354 1.1809 0.6278, -0.3387 1.1813 0.6368, -0.3161 1.1809 0.606, -0.3435 1.1809 0.6497, -0.3275 1.1809 0.606, -0.3582 1.1809 0.6858, -0.3564 1.1809 0.6625, -0.361 1.1809 0.6496, 0.213 1.1813 0.6424, 0.2007 1.1809 0.6442, 0.2041 1.1809 0.6447, 0.2055 1.1809 0.6095, 0.1719 1.1809 0.6092, 0.2194 1.1813 0.6361, 0.2218 1.1809 0.6272, 0.2197 1.1813 0.6187, 0.2138 1.1813 0.6123, 0.3503 1.1809 0.61, 0.3848 1.1813 0.5962, 0.3725 1.1813 0.5839, 0.137 1.1813 0.6716, 0.1082 1.1813 0.6506, 0.101 1.1813 0.6688, 0.175 1.1809 0.644, 0.4249 1.1813 0.7746, 0.402 1.1813 0.7484, 0.3863 1.1813 0.7564, 0.3073 1.1813 0.678, 0.3218 1.1813 0.6848, 0.339 1.1813 0.6514, 0.1457 1.1813 0.6579, 0.1199 1.1809 0.6345, 0.1588 1.1813 0.6482, 0.1526 1.1813 0.6132, 0.1351 1.1813 0.6217, 0.2016 1.1809 0.6766, 0.219 1.1809 0.7069, 0.2956 1.1809 0.6676, 0.1337 1.1809 0.6881, 0.1013 1.1813 0.7083, 0.1371 1.1813 0.7054, 0.0984 1.1809 0.6884, 0.2003 1.1813 0.7752, 0.1667 1.1813 0.7877, 0.1847 1.1809 0.8086, 0.1207 1.1813 0.7423, 0.1606 1.1813 0.7292, 0.1465 1.1813 0.7196, 0.1778 1.1809 0.7328, 0.1883 1.1813 0.7556, 0.1824 1.1809 0.7328, 0.2172 1.1813 0.7907, 0.1543 1.1809 0.7634, 0.3279 1.1809 0.6483, 0.2079 1.1813 0.8248, 0.234 1.1813 0.835, 0.238 1.1813 0.8008, 0.2619 1.1809 0.8387, 0.2616 1.1809 0.8046, 0.3093 1.1813 0.8289, 0.2823 1.1813 0.8021, 0.2863 1.1813 0.8363, 0.4038 1.1813 0.7867, 0.4148 1.1813 0.7813, 0.3684 1.1809 0.7592, 0.3921 1.1813 0.7905, 0.3199 1.1809 0.6404, 0.3556 1.1809 0.7921, 0.3678 1.1813 0.7933, 0.4344 1.1809 0.7665, 0.4144 1.1813 0.7362, 0.3295 1.1813 0.7683, 0.3524 1.1813 0.7567, 0.3383 1.1809 0.7504, 0.449 1.1813 0.7476, 0.4226 1.1813 0.7206, 0.4257 1.1809 0.7027, 0.4583 1.1813 0.7257, 0.4616 1.1809 0.7018, 0.4589 1.1813 0.6794, 0.4163 1.1813 0.6711, 0.4233 1.1813 0.6859, 0.4096 1.1813 0.6181, 0.3919 1.1809 0.6501, 0.4247 1.1813 0.6273, 0.451 1.1813 0.6583, 0.4056 1.1813 0.6589, 0.3389 1.1809 0.5728, 0.3393 1.1813 0.607, 0.3569 1.1813 0.5758, 0.3613 1.1809 0.6294, 0.3927 1.1809 0.6119, 0.3583 1.1809 0.618, 0.35 1.1809 0.6485, 0.3835 1.1813 0.665, 0.3581 1.1809 0.6407, 0.3169 1.1809 0.629, 0.2816 1.1809 0.635, 0.3381 1.1809 0.6873, 0.3557 1.1813 0.6846, 0.3712 1.1813 0.6768, 0.2847 1.1813 0.6114, 0.2816 1.1809 0.6294, 0.32 1.1809 0.618, 0.321 1.1813 0.5756, 0.3053 1.1813 0.5836, 0.4381 1.1809 0.6396, 0.3802 1.1813 0.7927, 0.3438 1.1813 0.8056, 0.3009 1.1813 0.7948, 0.3304 1.1809 0.817, 0.3168 1.1813 0.7833, 0.1361 1.1813 0.7548, 0.1089 1.1813 0.7265, 0.2929 1.1813 0.5959, 0.3279 1.1809 0.61
            ]
        }
        coordIndex [
            0,1,2,-1,0,2,3,-1,4,5,6,-1,7,8,9,-1,10,11,12,-1,13,14,15,-1,16,17,18,-1,17,16,19,-1,3,18,0,-1,17,0,18,-1,19,12,11,-1,12,19,16,-1,10,14,13,-1,10,13,11,-1,15,5,4,-1,14,5,15,-1,9,6,7,-1,4,6,9,-1,20,21,8,-1,20,8,7,-1,22,23,24,-1,25,26,27,-1,28,29,30,-1,31,32,33,-1,34,35,36,-1,35,34,37,-1,20,36,21,-1,35,21,36,-1,37,30,29,-1,30,37,34,-1,28,32,31,-1,28,31,29,-1,33,23,22,-1,32,23,33,-1,27,24,25,-1,22,24,27,-1,38,26,25,-1,26,38,39,-1,40,41,42,-1,43,44,45,-1,46,47,48,-1,49,50,51,-1,52,53,54,-1,53,52,55,-1,38,54,39,-1,53,39,54,-1,55,48,47,-1,48,55,52,-1,46,50,49,-1,46,49,47,-1,51,41,40,-1,50,41,51,-1,45,42,43,-1,40,42,45,-1,43,56,44,-1,56,43,57,-1,58,59,60,-1,2,1,61,-1,62,63,64,-1,65,66,67,-1,68,69,70,-1,69,68,71,-1,57,70,56,-1,69,56,70,-1,71,64,63,-1,64,71,68,-1,62,66,65,-1,62,65,63,-1,67,59,58,-1,66,59,67,-1,61,60,2,-1,58,60,61,-1,72,73,74,-1,75,76,73,-1,74,73,76,-1,77,75,78,-1,75,77,76,-1,78,79,80,-1,80,77,78,-1,81,82,79,-1,80,79,82,-1,83,81,84,-1,81,83,82,-1,84,85,86,-1,86,83,84,-1,87,88,85,-1,86,85,88,-1,89,87,90,-1,87,89,88,-1,90,91,92,-1,92,89,90,-1,93,94,91,-1,92,91,94,-1,95,93,96,-1,93,95,94,-1,96,97,98,-1,98,95,96,-1,99,100,97,-1,98,97,100,-1,101,99,102,-1,99,101,100,-1,103,101,102,-1,103,102,104,-1,74,105,72,-1,106,105,107,-1,105,106,72,-1,107,108,109,-1,109,106,107,-1,110,111,108,-1,109,108,111,-1,112,110,113,-1,110,112,111,-1,113,114,115,-1,115,112,113,-1,116,117,114,-1,115,114,117,-1,118,116,119,-1,116,118,117,-1,119,120,121,-1,121,118,119,-1,122,123,120,-1,121,120,123,-1,124,122,125,-1,122,124,123,-1,125,126,127,-1,127,124,125,-1,128,129,126,-1,127,126,129,-1,130,128,131,-1,128,130,129,-1,131,132,133,-1,133,130,131,-1,133,132,134,-1,132,135,134,-1,64,66,62,-1,30,32,28,-1,64,68,59,-1,59,66,64,-1,70,60,68,-1,59,68,60,-1,2,60,70,-1,2,70,57,-1,16,3,12,-1,18,3,16,-1,14,10,7,-1,10,12,3,-1,14,7,5,-1,7,6,5,-1,103,43,101,-1,10,3,7,-1,101,43,100,-1,30,34,23,-1,23,32,30,-1,36,24,34,-1,23,34,24,-1,25,36,20,-1,36,25,24,-1,76,77,38,-1,105,74,38,-1,54,38,52,-1,48,38,46,-1,48,52,38,-1,50,46,43,-1,43,41,50,-1,42,41,43,-1,38,43,46,-1,43,103,57,-1,136,137,2,-1,128,20,131,-1,135,20,7,-1,43,95,98,-1,100,43,98,-1,43,92,94,-1,95,43,94,-1,43,88,89,-1,92,43,89,-1,86,88,38,-1,43,38,88,-1,82,83,38,-1,38,83,86,-1,38,77,80,-1,38,80,82,-1,76,38,74,-1,25,107,105,-1,105,38,25,-1,25,110,108,-1,107,25,108,-1,25,114,113,-1,110,25,113,-1,25,119,116,-1,114,25,116,-1,120,119,20,-1,25,20,119,-1,125,122,20,-1,20,122,120,-1,20,128,126,-1,20,126,125,-1,132,20,135,-1,131,20,132,-1,7,138,139,-1,135,7,139,-1,3,140,141,-1,7,142,143,-1,138,7,143,-1,7,144,145,-1,142,7,145,-1,7,146,147,-1,144,7,147,-1,148,146,3,-1,7,3,146,-1,149,150,3,-1,3,150,148,-1,3,141,151,-1,3,151,149,-1,3,137,152,-1,140,3,152,-1,136,2,153,-1,3,2,137,-1,2,154,155,-1,153,2,155,-1,2,156,157,-1,154,2,157,-1,57,158,2,-1,156,2,158,-1,159,160,57,-1,57,160,158,-1,161,162,57,-1,57,162,159,-1,163,164,57,-1,57,164,161,-1,103,165,57,-1,57,165,163,-1,166,167,152,-1,168,140,167,-1,152,167,140,-1,141,168,169,-1,168,141,140,-1,169,170,151,-1,151,141,169,-1,171,149,170,-1,151,170,149,-1,150,171,172,-1,171,150,149,-1,172,173,148,-1,148,150,172,-1,174,146,173,-1,148,173,146,-1,147,174,175,-1,174,147,146,-1,175,176,144,-1,144,147,175,-1,177,145,176,-1,144,176,145,-1,142,177,178,-1,177,142,145,-1,178,179,143,-1,143,142,178,-1,180,138,179,-1,143,179,138,-1,139,180,181,-1,180,139,138,-1,135,139,181,-1,135,181,134,-1,152,137,166,-1,182,137,136,-1,137,182,166,-1,136,153,183,-1,183,182,136,-1,155,184,153,-1,183,153,184,-1,185,155,154,-1,155,185,184,-1,154,157,186,-1,186,185,154,-1,156,187,157,-1,186,157,187,-1,188,156,158,-1,156,188,187,-1,158,160,189,-1,189,188,158,-1,159,190,160,-1,189,160,190,-1,191,159,162,-1,159,191,190,-1,162,161,192,-1,192,191,162,-1,164,193,161,-1,192,161,193,-1,194,164,163,-1,164,194,193,-1,163,165,195,-1,195,194,163,-1,195,165,104,-1,165,103,104,-1,196,13,15,-1,197,22,27,-1,9,196,4,-1,196,15,4,-1,198,199,8,-1,196,8,200,-1,8,196,9,-1,8,199,200,-1,201,104,202,-1,203,96,93,-1,197,33,22,-1,26,197,27,-1,197,204,33,-1,197,26,205,-1,33,204,31,-1,26,206,205,-1,183,207,182,-1,180,179,208,-1,51,209,49,-1,45,209,40,-1,209,51,40,-1,210,209,44,-1,211,210,44,-1,212,211,44,-1,44,209,45,-1,213,166,214,-1,65,67,215,-1,216,202,102,-1,61,217,58,-1,218,217,1,-1,217,67,58,-1,1,217,61,-1,218,1,219,-1,217,215,67,-1,111,220,109,-1,221,177,222,-1,179,178,223,-1,175,174,224,-1,176,225,226,-1,227,173,228,-1,173,227,174,-1,229,174,227,-1,173,172,228,-1,230,231,171,-1,231,228,172,-1,169,232,233,-1,170,234,171,-1,167,166,213,-1,235,183,184,-1,214,182,207,-1,236,185,186,-1,185,237,238,-1,188,189,239,-1,187,240,241,-1,191,242,190,-1,242,243,190,-1,192,244,191,-1,239,189,243,-1,245,246,193,-1,192,246,247,-1,201,248,195,-1,194,195,248,-1,249,250,1,-1,201,202,251,-1,216,99,252,-1,253,254,39,-1,97,255,252,-1,93,256,257,-1,81,258,84,-1,259,85,84,-1,260,212,44,-1,81,261,262,-1,209,47,49,-1,261,79,263,-1,53,264,39,-1,47,264,55,-1,39,265,266,-1,220,111,267,-1,265,39,268,-1,112,269,267,-1,267,111,112,-1,31,204,29,-1,270,112,115,-1,26,271,272,-1,273,123,124,-1,274,275,129,-1,127,275,276,-1,37,204,35,-1,204,277,21,-1,21,278,279,-1,280,281,21,-1,91,90,282,-1,283,284,87,-1,78,285,263,-1,47,209,264,-1,285,78,75,-1,264,53,55,-1,286,75,73,-1,286,73,72,-1,39,264,253,-1,72,106,287,-1,106,109,288,-1,39,254,268,-1,39,289,271,-1,266,289,39,-1,286,287,290,-1,286,285,75,-1,263,79,78,-1,261,81,79,-1,258,81,262,-1,259,84,258,-1,291,87,85,-1,85,259,291,-1,90,87,284,-1,283,87,291,-1,256,91,282,-1,282,90,284,-1,203,93,257,-1,256,93,91,-1,255,96,203,-1,252,99,97,-1,255,97,96,-1,216,102,99,-1,202,104,102,-1,56,292,44,-1,293,294,56,-1,292,56,294,-1,295,44,292,-1,260,44,296,-1,44,295,296,-1,219,1,297,-1,193,194,245,-1,295,298,251,-1,295,292,298,-1,298,201,251,-1,104,201,195,-1,248,245,194,-1,246,192,193,-1,244,192,247,-1,242,191,244,-1,189,190,243,-1,188,239,299,-1,240,187,188,-1,188,299,240,-1,186,187,241,-1,237,185,236,-1,236,186,241,-1,184,185,238,-1,207,183,235,-1,235,184,238,-1,166,182,214,-1,249,300,301,-1,213,214,302,-1,303,304,0,-1,303,0,305,-1,1,0,249,-1,297,1,306,-1,1,250,306,-1,215,63,65,-1,71,215,69,-1,71,63,215,-1,307,56,215,-1,69,215,56,-1,308,56,309,-1,56,307,309,-1,293,56,308,-1,310,311,117,-1,118,121,312,-1,287,106,288,-1,288,109,220,-1,287,313,290,-1,286,72,287,-1,271,289,313,-1,290,313,289,-1,39,271,26,-1,314,26,315,-1,26,272,315,-1,26,314,206,-1,316,124,127,-1,37,29,204,-1,129,130,274,-1,130,133,317,-1,35,204,21,-1,317,133,318,-1,208,319,180,-1,21,277,280,-1,319,320,181,-1,21,321,278,-1,21,281,321,-1,322,323,324,-1,21,279,8,-1,134,318,133,-1,317,274,130,-1,275,127,129,-1,316,127,276,-1,325,123,273,-1,273,124,316,-1,121,325,312,-1,325,121,123,-1,312,326,118,-1,117,118,310,-1,326,310,118,-1,117,311,115,-1,112,270,269,-1,115,311,270,-1,324,8,279,-1,171,231,172,-1,11,13,196,-1,175,224,225,-1,174,229,224,-1,177,176,226,-1,176,175,225,-1,178,177,221,-1,222,177,226,-1,208,179,223,-1,223,178,221,-1,180,319,181,-1,134,181,320,-1,318,320,323,-1,320,318,134,-1,324,279,322,-1,318,323,322,-1,8,324,327,-1,8,328,198,-1,8,327,328,-1,329,19,11,-1,11,196,329,-1,0,17,329,-1,329,17,19,-1,330,0,331,-1,0,329,331,-1,213,168,167,-1,249,0,300,-1,0,330,305,-1,300,0,304,-1,300,302,301,-1,301,302,214,-1,169,168,232,-1,213,232,168,-1,169,233,170,-1,171,234,230,-1,170,233,234,-1,332,333,334,-1,335,336,334,-1,337,338,332,-1,337,339,338,-1,340,341,342,-1,342,343,344,-1,340,342,344,-1,341,340,345,-1,342,346,343,-1,347,341,345,-1,348,346,342,-1,349,350,342,-1,348,342,350,-1,350,349,339,-1,350,339,337,-1,334,333,335,-1,332,334,337,-1,351,336,352,-1,335,352,336,-1,351,353,336,-1,353,354,355,-1,351,354,353,-1,353,355,356,-1,356,355,357,-1,358,359,360,-1,361,360,359,-1,358,362,359,-1,360,363,364,-1,363,360,361,-1,365,366,367,-1,364,363,368,-1,362,358,369,-1,370,371,372,-1,371,373,374,-1,373,371,375,-1,371,365,375,-1,365,371,366,-1,366,376,367,-1,372,371,377,-1,371,374,377,-1,372,364,378,-1,370,372,378,-1,379,380,381,-1,378,364,368,-1,380,379,369,-1,380,369,358,-1,381,380,382,-1,380,383,382,-1,384,385,386,-1,387,388,389,-1,390,391,392,-1,387,393,394,-1,395,396,397,-1,396,398,399,-1,395,398,396,-1,397,400,395,-1,396,399,401,-1,402,400,397,-1,403,392,391,-1,388,390,404,-1,405,396,401,-1,406,396,407,-1,405,407,396,-1,407,394,406,-1,407,387,394,-1,404,389,388,-1,393,387,389,-1,390,388,391,-1,403,391,385,-1,385,384,408,-1,403,385,408,-1,384,386,409,-1,410,411,412,-1,413,414,415,-1,411,416,417,-1,418,419,416,-1,420,416,419,-1,418,421,419,-1,418,413,422,-1,422,421,418,-1,422,413,423,-1,424,425,426,-1,426,425,427,-1,424,426,428,-1,427,429,426,-1,430,429,427,-1,429,430,431,-1,414,432,426,-1,426,432,428,-1,433,414,426,-1,433,415,414,-1,420,417,416,-1,423,413,415,-1,411,417,434,-1,410,435,411,-1,434,412,411,-1,436,437,438,-1,439,436,440,-1,437,436,441,-1,439,441,436,-1,442,443,444,-1,445,446,447,-1,446,445,448,-1,442,444,449,-1,450,451,452,-1,444,453,449,-1,451,454,455,-1,456,453,457,-1,449,453,456,-1,458,446,448,-1,459,458,448,-1,459,460,461,-1,462,454,463,-1,464,463,460,-1,450,452,465,-1,465,466,450,-1,455,452,451,-1,465,467,466,-1,455,454,462,-1,464,460,459,-1,462,463,464,-1,461,458,459,-1,456,457,447,-1,457,445,447,-1,468,469,470,-1,471,472,469,-1,468,471,469,-1,473,474,472,-1,472,471,473,-1,472,474,475,-1,471,476,473,-1,477,478,476,-1,476,478,473,-1,477,479,478,-1,480,481,482,-1,483,484,485,-1,481,486,487,-1,488,485,489,-1,490,480,482,-1,491,492,493,-1,494,490,482,-1,494,495,490,-1,496,497,498,-1,499,495,494,-1,500,501,502,-1,503,504,499,-1,501,505,506,-1,499,504,507,-1,498,508,509,-1,494,503,499,-1,491,510,511,-1,496,498,509,-1,480,486,481,-1,487,488,489,-1,486,488,487,-1,489,485,484,-1,484,483,512,-1,492,483,493,-1,512,483,492,-1,491,493,510,-1,511,497,496,-1,510,497,511,-1,508,502,509,-1,500,505,501,-1,508,500,502,-1,507,505,499,-1,506,505,507,-1,513,514,515,-1,516,517,518,-1,515,514,519,-1,520,521,522,-1,522,523,516,-1,520,522,524,-1,515,525,513,-1,521,520,514,-1,526,527,525,-1,525,527,513,-1,516,518,525,-1,525,518,526,-1,517,516,523,-1,521,523,522,-1,514,513,521,-1,528,529,530,-1,531,532,529,-1,528,531,529,-1,533,534,532,-1,532,531,533,-1,532,534,535,-1,531,536,533,-1,537,538,536,-1,536,538,533,-1,537,539,538,-1,540,541,542,-1,543,544,545,-1,546,543,545,-1,545,541,546,-1,547,548,549,-1,550,551,552,-1,546,541,540,-1,553,554,555,-1,551,550,556,-1,557,558,559,-1,557,560,561,-1,562,558,563,-1,564,562,563,-1,565,547,566,-1,549,548,564,-1,567,568,569,-1,570,566,571,-1,571,572,573,-1,553,555,573,-1,556,542,551,-1,553,550,552,-1,542,556,540,-1,567,574,575,-1,576,577,574,-1,567,569,552,-1,567,575,568,-1,566,547,571,-1,553,552,554,-1,569,554,552,-1,571,573,570,-1,570,573,555,-1,565,548,547,-1,549,564,563,-1,559,560,557,-1,562,559,558,-1,577,576,560,-1,561,560,576,-1,574,577,575,-1,578,579,580,-1,581,582,583,-1,584,585,586,-1,584,587,588,-1,589,590,591,-1,592,593,589,-1,594,592,589,-1,595,596,597,-1,596,595,598,-1,599,582,581,-1,600,601,597,-1,581,583,578,-1,596,600,597,-1,602,601,603,-1,594,589,591,-1,604,605,606,-1,606,607,608,-1,586,608,607,-1,604,606,608,-1,593,592,603,-1,605,604,609,-1,610,611,612,-1,592,602,603,-1,602,597,601,-1,596,598,613,-1,611,610,596,-1,613,611,596,-1,612,609,610,-1,612,605,609,-1,614,585,584,-1,586,607,584,-1,584,588,615,-1,614,584,615,-1,580,579,587,-1,588,587,579,-1,578,580,581,-1,616,617,618,-1,619,620,621,-1,622,618,617,-1,621,616,619,-1,623,624,622,-1,625,622,617,-1,626,627,628,-1,629,624,623,-1,623,622,625,-1,618,627,626,-1,627,618,622,-1,630,631,632,-1,628,633,634,-1,630,632,635,-1,636,631,630,-1,632,633,635,-1,634,626,628,-1,635,633,628,-1,619,616,618,-1,637,638,639,-1,640,641,638,-1,637,640,638,-1,642,643,641,-1,641,640,642,-1,641,643,644,-1,640,645,642,-1,646,647,645,-1,645,647,642,-1,646,648,647,-1,649,650,651,-1,652,653,654,-1,650,655,656,-1,657,654,658,-1,659,649,651,-1,660,661,662,-1,663,659,651,-1,663,664,659,-1,665,666,667,-1,668,664,663,-1,669,670,671,-1,672,673,668,-1,670,674,675,-1,668,673,676,-1,667,677,678,-1,663,672,668,-1,660,679,680,-1,665,667,678,-1,649,655,650,-1,656,657,658,-1,655,657,656,-1,658,654,653,-1,653,652,681,-1,661,652,662,-1,681,652,661,-1,660,662,679,-1,680,666,665,-1,679,666,680,-1,677,671,678,-1,669,674,670,-1,677,669,671,-1,676,674,668,-1,675,674,676,-1,682,683,684,-1,685,686,687,-1,684,683,688,-1,689,690,691,-1,691,692,685,-1,689,691,693,-1,684,694,682,-1,690,689,683,-1,695,696,694,-1,694,696,682,-1,685,687,694,-1,694,687,695,-1,686,685,692,-1,690,692,691,-1,683,682,690,-1,697,698,699,-1,700,701,698,-1,698,697,702,-1,703,704,700,-1,705,700,704,-1,698,702,703,-1,700,698,703,-1,706,707,708,-1,709,710,711,-1,698,701,712,-1,713,714,715,-1,716,717,718,-1,719,710,709,-1,720,719,721,-1,712,722,721,-1,712,701,722,-1,723,720,721,-1,721,722,723,-1,720,710,719,-1,724,725,726,-1,709,711,727,-1,727,728,729,-1,727,711,730,-1,731,732,733,-1,734,735,736,-1,737,738,739,-1,740,731,733,-1,737,741,738,-1,726,716,742,-1,741,732,731,-1,743,744,745,-1,745,740,743,-1,746,747,744,-1,748,749,750,-1,751,752,715,-1,753,754,715,-1,726,742,755,-1,753,756,757,-1,758,759,714,-1,760,761,762,-1,752,713,715,-1,758,763,759,-1,759,763,764,-1,765,766,767,-1,766,764,763,-1,768,769,770,-1,771,772,773,-1,774,775,769,-1,776,777,778,-1,779,780,781,-1,782,783,784,-1,755,785,786,-1,717,787,718,-1,718,788,789,-1,785,790,791,-1,724,726,786,-1,785,792,790,-1,777,708,778,-1,793,794,777,-1,793,777,776,-1,782,718,789,-1,772,779,784,-1,771,780,772,-1,773,775,795,-1,775,773,772,-1,774,795,775,-1,767,768,770,-1,768,774,769,-1,767,770,765,-1,714,713,758,-1,766,765,764,-1,715,754,751,-1,753,757,796,-1,796,754,753,-1,760,756,761,-1,761,756,753,-1,797,798,799,-1,799,798,748,-1,797,800,798,-1,800,797,756,-1,760,800,756,-1,750,749,747,-1,748,798,749,-1,750,747,746,-1,733,743,740,-1,744,747,745,-1,741,731,738,-1,735,801,741,-1,737,735,741,-1,736,802,734,-1,801,735,734,-1,729,728,802,-1,802,736,729,-1,728,727,730,-1,794,803,804,-1,804,777,794,-1,803,790,792,-1,804,803,792,-1,791,786,785,-1,786,726,755,-1,742,716,718,-1,787,788,718,-1,789,783,782,-1,783,772,784,-1,780,707,781,-1,772,780,779,-1,708,777,706,-1,707,706,781,-1,
        ]
    }
}
Shape{
    appearance Appearance {
        material  Material 	{
            diffuseColor 0.9647058823529412 0.9647058823529412 0.9647058823529412
            specularColor 0.7529411764705882 0.7529411764705882 0.7529411764705882
            ambientIntensity 1.0
            transparency 1.0
            shininess 0.5
        }
    }
    geometry IndexedFaceSet {
        ccw TRUE
        solid FALSE
        coord DEF co Coordinate {
            point [
                1.1811 1.0234 0.3543, 1.2221 0.7478 0.3543, 1.1811 0.7478 0.3543, 1.2221 1.0234 0.3543, 1.2323 1.0234 0.3517, 1.2399 0.7478 0.3444, 1.2323 0.7478 0.3517, 1.2399 1.0234 0.3444, 1.2431 0.7478 0.3344, 1.2431 1.0234 0.3344, 1.257 1.0234 0.0688, 1.257 0.7478 0.0688, 1.288 0.7478 0.013, 1.288 1.0234 0.013, 1.3078 1.0234 0.0033, 1.3295 1.0234 0.0, 1.3295 0.7478 0.0, 1.3078 0.7478 0.0033, 1.2614 1.0234 0.0473, 1.2614 0.7478 0.0473, 1.2721 1.0234 0.0281, 1.2721 0.7478 0.0281, 1.6929 0.7478 0.0, 1.6929 1.0234 0.0, 1.6929 0.7478 0.0984, 1.6929 1.0234 0.0984, 1.3728 1.0234 0.0984, 1.3728 0.7478 0.0984, 1.3632 1.0234 0.1009, 1.356 0.7478 0.1078, 1.3632 0.7478 0.1009, 1.356 1.0234 0.1078, 1.353 0.7478 0.1172, 1.353 1.0234 0.1172, 1.3414 0.7478 0.3395, 1.3414 1.0234 0.3395, 1.2723 0.7478 0.4417, 1.2723 1.0234 0.4417, 1.2478 1.0234 0.45, 1.2221 1.0234 0.4528, 1.2221 0.7478 0.4528, 1.2478 0.7478 0.45, 1.3132 1.0234 0.4105, 1.3277 0.7478 0.3891, 1.3277 1.0234 0.3891, 1.3132 0.7478 0.4105, 1.2945 1.0234 0.4283, 1.2945 0.7478 0.4283, 1.3373 1.0234 0.365, 1.3373 0.7478 0.365, 1.1811 1.0234 0.4528, 1.1811 0.7478 0.4528, -1.3277 0.7478 0.3891, -1.3277 1.0234 0.3891, -1.3373 1.0234 0.365, -1.3414 1.0234 0.3395, -1.3414 0.7478 0.3395, -1.3373 0.7478 0.365, -1.2945 1.0234 0.4283, -1.2723 0.7478 0.4417, -1.2723 1.0234 0.4417, -1.2945 0.7478 0.4283, -1.3132 1.0234 0.4105, -1.3132 0.7478 0.4105, -1.2478 1.0234 0.45, -1.2478 0.7478 0.45, -1.2221 0.7478 0.4528, -1.2221 1.0234 0.4528, -1.353 0.7478 0.1172, -1.353 1.0234 0.1172, -1.356 1.0234 0.1078, -1.3632 0.7478 0.1009, -1.356 0.7478 0.1078, -1.3632 1.0234 0.1009, -1.3728 0.7478 0.0984, -1.3728 1.0234 0.0984, -1.6929 1.0234 0.0984, -1.6929 0.7478 0.0984, -1.6929 1.0234 0.0, -1.6929 0.7478 0.0, -1.3295 0.7478 0.0, -1.3295 1.0234 0.0, -1.2721 0.7478 0.0281, -1.2721 1.0234 0.0281, -1.2614 1.0234 0.0473, -1.257 1.0234 0.0688, -1.257 0.7478 0.0688, -1.2614 0.7478 0.0473, -1.3078 1.0234 0.0033, -1.3078 0.7478 0.0033, -1.288 1.0234 0.013, -1.288 0.7478 0.013, -1.2431 0.7478 0.3344, -1.2431 1.0234 0.3344, -1.2399 1.0234 0.3444, -1.2323 0.7478 0.3517, -1.2399 0.7478 0.3444, -1.2323 1.0234 0.3517, -1.2221 0.7478 0.3543, -1.2221 1.0234 0.3543, -1.1811 0.7478 0.3543, -1.1811 1.0234 0.3543, -1.1811 0.7478 0.4528, -1.1811 1.0234 0.4528, 1.2221 -1.0238 0.4528, 1.1811 -0.7482 0.4528, 1.1811 -1.0238 0.4528, 1.2221 -0.7482 0.4528, 1.3373 -0.7482 0.365, 1.3414 -1.0238 0.3395, 1.3414 -0.7482 0.3395, 1.2945 -0.7482 0.4283, 1.3132 -1.0238 0.4105, 1.3132 -0.7482 0.4105, 1.3277 -0.7482 0.3891, 1.3277 -1.0238 0.3891, 1.3373 -1.0238 0.365, 1.2478 -1.0238 0.45, 1.2723 -1.0238 0.4417, 1.2478 -0.7482 0.45, 1.2945 -1.0238 0.4283, 1.2723 -0.7482 0.4417, 1.353 -0.7482 0.1172, 1.353 -1.0238 0.1172, 1.356 -0.7482 0.1078, 1.356 -1.0238 0.1078, 1.3632 -0.7482 0.1009, 1.3632 -1.0238 0.1009, 1.3728 -0.7482 0.0984, 1.3728 -1.0238 0.0984, 1.6929 -1.0238 0.0984, 1.6929 -0.7482 0.0984, 1.6929 -0.7482 0.0, 1.6929 -1.0238 0.0, 1.3295 -0.7482 0.0, 1.3295 -1.0238 0.0, 1.2614 -0.7482 0.0473, 1.257 -1.0238 0.0688, 1.257 -0.7482 0.0688, 1.3078 -0.7482 0.0033, 1.288 -1.0238 0.013, 1.288 -0.7482 0.013, 1.2721 -0.7482 0.0281, 1.2721 -1.0238 0.0281, 1.2614 -1.0238 0.0473, 1.3078 -1.0238 0.0033, 1.2431 -1.0238 0.3344, 1.2431 -0.7482 0.3344, 1.2399 -0.7482 0.3444, 1.2399 -1.0238 0.3444, 1.2323 -0.7482 0.3517, 1.2323 -1.0238 0.3517, 1.2221 -0.7482 0.3543, 1.2221 -1.0238 0.3543, 1.1811 -0.7482 0.3543, 1.1811 -1.0238 0.3543, -1.2323 -0.7482 0.3517, -1.2323 -1.0238 0.3517, -1.2399 -0.7482 0.3444, -1.2221 -1.0238 0.3543, -1.2221 -0.7482 0.3543, -1.2399 -1.0238 0.3444, -1.2431 -0.7482 0.3344, -1.2431 -1.0238 0.3344, -1.257 -1.0238 0.0688, -1.257 -0.7482 0.0688, -1.6929 -0.7482 0.0, -1.3295 -0.7482 0.0, -1.3295 -1.0238 0.0, -1.6929 -1.0238 0.0, -1.6929 -1.0238 0.0984, -1.6929 -0.7482 0.0984, -1.3728 -1.0238 0.0984, -1.3728 -0.7482 0.0984, -1.3632 -0.7482 0.1009, -1.3632 -1.0238 0.1009, -1.356 -0.7482 0.1078, -1.356 -1.0238 0.1078, -1.353 -0.7482 0.1172, -1.353 -1.0238 0.1172, -1.3414 -1.0238 0.3395, -1.3414 -0.7482 0.3395, -1.2478 -0.7482 0.45, -1.2221 -1.0238 0.4528, -1.2221 -0.7482 0.4528, -1.3132 -0.7482 0.4105, -1.2945 -1.0238 0.4283, -1.2945 -0.7482 0.4283, -1.2723 -0.7482 0.4417, -1.2723 -1.0238 0.4417, -1.2478 -1.0238 0.45, -1.3373 -1.0238 0.365, -1.3277 -1.0238 0.3891, -1.3373 -0.7482 0.365, -1.3132 -1.0238 0.4105, -1.3277 -0.7482 0.3891, -1.1811 -1.0238 0.4528, -1.1811 -0.7482 0.4528, -1.1811 -0.7482 0.3543, -1.288 -0.7482 0.013, -1.3078 -0.7482 0.0033, -1.2721 -0.7482 0.0281, -1.2614 -0.7482 0.0473, -1.1811 -1.0238 0.3543, -1.288 -1.0238 0.013, -1.3078 -1.0238 0.0033, -1.2721 -1.0238 0.0281, -1.2614 -1.0238 0.0473
            ]
        }
        coordIndex [
            0,1,2,-1,1,0,3,-1,4,5,6,-1,3,4,6,-1,3,6,1,-1,4,7,5,-1,5,7,8,-1,7,9,8,-1,10,8,9,-1,8,10,11,-1,12,13,14,-1,15,16,17,-1,18,19,11,-1,19,20,21,-1,20,13,21,-1,18,11,10,-1,18,20,19,-1,12,14,17,-1,21,13,12,-1,15,17,14,-1,15,22,16,-1,22,15,23,-1,24,22,23,-1,24,23,25,-1,26,24,25,-1,24,26,27,-1,28,29,30,-1,26,28,30,-1,26,30,27,-1,28,31,29,-1,29,31,32,-1,31,33,32,-1,33,34,32,-1,34,33,35,-1,36,37,38,-1,39,40,41,-1,42,43,44,-1,45,46,47,-1,48,49,34,-1,49,48,44,-1,45,43,42,-1,48,34,35,-1,44,43,49,-1,46,37,47,-1,42,46,45,-1,36,38,41,-1,47,37,36,-1,39,41,38,-1,50,40,39,-1,40,50,51,-1,52,53,54,-1,55,56,57,-1,58,59,60,-1,61,62,63,-1,64,65,66,-1,65,64,60,-1,61,59,58,-1,64,66,67,-1,60,59,65,-1,62,53,63,-1,58,62,61,-1,52,54,57,-1,63,53,52,-1,55,57,54,-1,68,56,55,-1,68,55,69,-1,70,71,72,-1,69,70,72,-1,69,72,68,-1,70,73,71,-1,71,73,74,-1,73,75,74,-1,76,74,75,-1,74,76,77,-1,78,77,76,-1,77,78,79,-1,78,80,79,-1,80,78,81,-1,82,83,84,-1,85,86,87,-1,88,89,80,-1,89,90,91,-1,90,83,91,-1,88,80,81,-1,88,90,89,-1,82,84,87,-1,91,83,82,-1,85,87,84,-1,85,92,86,-1,92,85,93,-1,94,95,96,-1,93,94,96,-1,93,96,92,-1,94,97,95,-1,95,97,98,-1,97,99,98,-1,100,98,99,-1,100,99,101,-1,67,66,102,-1,67,102,103,-1,104,105,106,-1,104,107,105,-1,108,109,110,-1,111,112,113,-1,114,115,116,-1,117,118,119,-1,120,121,118,-1,107,104,117,-1,117,119,107,-1,111,121,120,-1,118,121,119,-1,112,115,113,-1,120,112,111,-1,114,116,108,-1,113,115,114,-1,109,108,116,-1,122,110,109,-1,109,123,122,-1,124,125,126,-1,123,124,122,-1,124,123,125,-1,125,127,126,-1,126,127,128,-1,127,129,128,-1,130,128,129,-1,130,131,128,-1,132,131,130,-1,130,133,132,-1,134,132,133,-1,133,135,134,-1,136,137,138,-1,139,140,141,-1,142,143,144,-1,134,135,145,-1,145,139,134,-1,140,143,141,-1,145,140,139,-1,142,144,136,-1,141,143,142,-1,137,136,144,-1,146,138,137,-1,146,147,138,-1,148,149,150,-1,146,148,147,-1,148,146,149,-1,149,151,150,-1,150,151,152,-1,151,153,152,-1,154,152,153,-1,153,155,154,-1,156,157,158,-1,159,156,160,-1,156,159,157,-1,157,161,158,-1,158,161,162,-1,161,163,162,-1,164,165,162,-1,162,163,164,-1,166,167,168,-1,168,169,166,-1,170,171,166,-1,166,169,170,-1,172,171,170,-1,172,173,171,-1,174,175,176,-1,172,174,173,-1,174,172,175,-1,175,177,176,-1,176,177,178,-1,177,179,178,-1,180,178,179,-1,180,181,178,-1,182,183,184,-1,185,186,187,-1,188,189,190,-1,191,192,193,-1,194,195,192,-1,181,180,191,-1,191,193,181,-1,185,195,194,-1,192,195,193,-1,186,189,187,-1,194,186,185,-1,188,190,182,-1,187,189,188,-1,183,182,190,-1,196,184,183,-1,196,197,184,-1,108,148,114,-1,113,148,150,-1,147,108,110,-1,147,110,122,-1,134,126,128,-1,126,139,141,-1,134,139,126,-1,128,132,134,-1,126,141,142,-1,131,132,128,-1,136,126,142,-1,124,126,138,-1,136,138,126,-1,138,122,124,-1,138,147,122,-1,148,113,114,-1,108,147,148,-1,121,111,150,-1,113,150,111,-1,121,150,152,-1,152,107,119,-1,121,152,119,-1,152,154,107,-1,154,105,107,-1,160,184,197,-1,160,197,198,-1,165,178,162,-1,184,160,182,-1,188,156,187,-1,182,160,188,-1,158,185,156,-1,158,162,193,-1,193,195,158,-1,193,162,181,-1,199,200,174,-1,174,200,167,-1,199,174,201,-1,167,173,174,-1,166,173,167,-1,173,166,171,-1,165,202,174,-1,174,202,201,-1,176,165,174,-1,176,178,165,-1,185,158,195,-1,181,162,178,-1,185,187,156,-1,188,160,156,-1,160,198,203,-1,203,159,160,-1,109,146,123,-1,116,115,149,-1,104,155,153,-1,109,116,146,-1,135,129,127,-1,127,140,145,-1,135,127,145,-1,129,135,133,-1,127,143,140,-1,130,129,133,-1,144,143,127,-1,125,137,127,-1,144,127,137,-1,137,125,123,-1,137,123,146,-1,149,115,112,-1,116,149,146,-1,112,120,151,-1,151,149,112,-1,120,118,151,-1,117,153,118,-1,151,118,153,-1,153,117,104,-1,104,106,155,-1,196,183,159,-1,163,179,164,-1,159,189,157,-1,161,157,194,-1,186,194,157,-1,161,194,192,-1,161,191,163,-1,191,161,192,-1,191,180,163,-1,204,175,205,-1,175,168,205,-1,204,206,175,-1,168,175,172,-1,169,168,172,-1,172,170,169,-1,164,175,207,-1,175,206,207,-1,177,175,164,-1,177,164,179,-1,186,157,189,-1,180,179,163,-1,159,190,189,-1,196,159,203,-1,190,159,183,-1,200,168,167,-1,202,206,201,-1,199,204,205,-1,165,164,207,-1,207,202,165,-1,206,204,201,-1,207,206,202,-1,199,205,200,-1,201,204,199,-1,168,200,205,-1,
        ]
    }
}