#VRML V2.0 utf8
# 3D model generated by easyeda2kicad.py (https://github.com/uPesy/easyeda2kicad.py)

Shape{
    appearance Appearance {
        material  Material 	{
            diffuseColor 0.25098039215686274 0.25098039215686274 0.25098039215686274
            specularColor 0.12549019607843137 0.12549019607843137 0.12549019607843137
            ambientIntensity 0.2
            transparency 0
            shininess 0.5
        }
    }
    geometry IndexedFaceSet {
        ccw TRUE
        solid FALSE
        coord DEF co Coordinate {
            point [
                0.1555 0.1555 0.0079, 0.1555 -0.1555 0.0079, 0.1555 0.1555 0.0, 0.1555 -0.1555 0.0, -0.1555 0.1555 0.0079, -0.1555 0.1555 0.0, -0.1555 -0.1555 0.0079, -0.1555 -0.1555 0.0, -0.1155 0.1016 0.0079, -0.1135 0.1063 0.0079, -0.0825 0.1104 0.0079, -0.0794 0.1063 0.0079, -0.0774 0.0914 0.0079, -0.0794 0.0866 0.0079, -0.0825 0.0825 0.0079, -0.0866 0.0794 0.0079, -0.0914 0.0774 0.0079, -0.0965 0.0768 0.0079, -0.1104 0.1104 0.0079, -0.1063 0.1135 0.0079, -0.1016 0.1155 0.0079, -0.0774 0.1016 0.0079, -0.0768 0.0965 0.0079, -0.1016 0.0774 0.0079, -0.1063 0.0794 0.0079, -0.1104 0.0825 0.0079, -0.0965 0.1161 0.0079, -0.0914 0.1155 0.0079, -0.0866 0.1135 0.0079, -0.1135 0.0866 0.0079, -0.1155 0.0914 0.0079, -0.1161 0.0965 0.0079, -0.1161 0.0965 0.0079
            ]
        }
        coordIndex [
            0,1,2,-1,2,1,3,-1,4,0,5,-1,5,0,2,-1,6,4,7,-1,7,4,5,-1,1,6,3,-1,3,6,7,-1,8,9,4,-1,0,10,11,-1,0,12,1,-1,1,12,13,-1,13,14,1,-1,1,14,15,-1,1,15,6,-1,6,15,16,-1,6,16,17,-1,9,18,4,-1,4,18,19,-1,4,19,20,-1,11,21,0,-1,0,21,22,-1,0,22,12,-1,17,23,6,-1,6,23,24,-1,6,24,25,-1,20,26,4,-1,4,26,27,-1,4,27,0,-1,0,27,28,-1,0,28,10,-1,25,29,6,-1,6,29,30,-1,6,30,4,-1,4,30,31,-1,4,31,8,-1,
        ]
    }
}
Shape{
    appearance Appearance {
        material  Material 	{
            diffuseColor 0.8980392156862745 0.8980392156862745 0.8980392156862745
            specularColor 0.7176470588235294 0.7176470588235294 0.7176470588235294
            ambientIntensity 0.2
            transparency 0
            shininess 0.5
        }
    }
    geometry IndexedFaceSet {
        ccw TRUE
        solid FALSE
        coord DEF co Coordinate {
            point [
                -0.1555 -0.1555 0.0, -0.1555 0.1555 0.0, 0.1555 -0.1555 0.0, 0.1555 0.1555 0.0, 0.1555 0.1555 0.0
            ]
        }
        coordIndex [
            0,1,2,-1,2,1,3,-1,
        ]
    }
}
Shape{
    appearance Appearance {
        material  Material 	{
            diffuseColor 0.5019607843137255 0.5019607843137255 0.5019607843137255
            specularColor 0.25098039215686274 0.25098039215686274 0.25098039215686274
            ambientIntensity 0.2
            transparency 0
            shininess 0.5
        }
    }
    geometry IndexedFaceSet {
        ccw TRUE
        solid FALSE
        coord DEF co Coordinate {
            point [
                -0.0768 0.0965 0.0039, -0.0768 0.0965 0.0079, -0.0774 0.1016 0.0039, -0.0774 0.1016 0.0079, -0.0794 0.1063 0.0039, -0.0794 0.1063 0.0079, -0.0825 0.1104 0.0039, -0.0825 0.1104 0.0079, -0.0866 0.1135 0.0039, -0.0866 0.1135 0.0079, -0.0914 0.1155 0.0039, -0.0914 0.1155 0.0079, -0.0965 0.1161 0.0039, -0.0965 0.1161 0.0079, -0.1016 0.1155 0.0039, -0.1016 0.1155 0.0079, -0.1063 0.1135 0.0039, -0.1063 0.1135 0.0079, -0.1104 0.1104 0.0039, -0.1104 0.1104 0.0079, -0.1135 0.1063 0.0039, -0.1135 0.1063 0.0079, -0.1155 0.1016 0.0039, -0.1155 0.1016 0.0079, -0.1161 0.0965 0.0039, -0.1161 0.0965 0.0079, -0.1155 0.0914 0.0039, -0.1155 0.0914 0.0079, -0.1135 0.0866 0.0039, -0.1135 0.0866 0.0079, -0.1104 0.0825 0.0039, -0.1104 0.0825 0.0079, -0.1063 0.0794 0.0039, -0.1063 0.0794 0.0079, -0.1016 0.0774 0.0039, -0.1016 0.0774 0.0079, -0.0965 0.0768 0.0039, -0.0965 0.0768 0.0079, -0.0914 0.0774 0.0039, -0.0914 0.0774 0.0079, -0.0866 0.0794 0.0039, -0.0866 0.0794 0.0079, -0.0825 0.0825 0.0039, -0.0825 0.0825 0.0079, -0.0794 0.0866 0.0039, -0.0794 0.0866 0.0079, -0.0774 0.0914 0.0039, -0.0774 0.0914 0.0079, -0.0965 0.0965 0.0039, -0.0965 0.0965 0.0039
            ]
        }
        coordIndex [
            0,1,2,-1,2,1,3,-1,2,3,4,-1,4,3,5,-1,4,5,6,-1,6,5,7,-1,6,7,8,-1,8,7,9,-1,8,9,10,-1,10,9,11,-1,10,11,12,-1,12,11,13,-1,12,13,14,-1,14,13,15,-1,14,15,16,-1,16,15,17,-1,16,17,18,-1,18,17,19,-1,18,19,20,-1,20,19,21,-1,20,21,22,-1,22,21,23,-1,22,23,24,-1,24,23,25,-1,24,25,26,-1,26,25,27,-1,26,27,28,-1,28,27,29,-1,28,29,30,-1,30,29,31,-1,30,31,32,-1,32,31,33,-1,32,33,34,-1,34,33,35,-1,34,35,36,-1,36,35,37,-1,36,37,38,-1,38,37,39,-1,38,39,40,-1,40,39,41,-1,40,41,42,-1,42,41,43,-1,42,43,44,-1,44,43,45,-1,44,45,46,-1,46,45,47,-1,46,47,0,-1,0,47,1,-1,44,46,48,-1,48,46,0,-1,48,0,2,-1,38,40,48,-1,48,40,42,-1,48,42,44,-1,32,34,48,-1,48,34,36,-1,48,36,38,-1,26,28,48,-1,48,28,30,-1,48,30,32,-1,20,22,48,-1,48,22,24,-1,48,24,26,-1,14,16,48,-1,48,16,18,-1,48,18,20,-1,8,10,48,-1,48,10,12,-1,48,12,14,-1,2,4,48,-1,48,4,6,-1,48,6,8,-1,
        ]
    }
}
Shape{
    appearance Appearance {
        material  Material 	{
            diffuseColor 0.8980392156862745 0.8980392156862745 0.8980392156862745
            specularColor 0.7176470588235294 0.7176470588235294 0.7176470588235294
            ambientIntensity 0.2
            transparency 0
            shininess 0.5
        }
    }
    geometry IndexedFaceSet {
        ccw TRUE
        solid FALSE
        coord DEF co Coordinate {
            point [
                -0.0743 -0.0779 -0.2085, -0.0742 -0.0783 -0.2085, -0.0787 -0.0787 -0.2087, -0.0743 -0.0775 -0.2085, -0.0745 -0.0772 -0.2085, -0.0746 -0.0768 -0.2085, -0.0748 -0.0764 -0.2085, -0.075 -0.0761 -0.2085, -0.0753 -0.0758 -0.2085, -0.0756 -0.0755 -0.2085, -0.0759 -0.0752 -0.2085, -0.0762 -0.075 -0.2085, -0.0765 -0.0748 -0.2085, -0.0769 -0.0746 -0.2085, -0.0773 -0.0744 -0.2085, -0.0776 -0.0743 -0.2085, -0.078 -0.0742 -0.2085, -0.0784 -0.0742 -0.2085, -0.0788 -0.0742 -0.2085, -0.0792 -0.0742 -0.2085, -0.0796 -0.0743 -0.2085, -0.08 -0.0744 -0.2085, -0.0804 -0.0745 -0.2085, -0.0808 -0.0747 -0.2085, -0.0811 -0.0749 -0.2085, -0.0815 -0.0751 -0.2085, -0.0818 -0.0753 -0.2085, -0.0821 -0.0756 -0.2085, -0.0823 -0.0759 -0.2085, -0.0826 -0.0763 -0.2085, -0.0828 -0.0766 -0.2085, -0.0829 -0.077 -0.2085, -0.0831 -0.0774 -0.2085, -0.0832 -0.0777 -0.2085, -0.0833 -0.0781 -0.2085, -0.0833 -0.0785 -0.2085, -0.0833 -0.0789 -0.2085, -0.0833 -0.0793 -0.2085, -0.0832 -0.0797 -0.2085, -0.0831 -0.0801 -0.2085, -0.0829 -0.0805 -0.2085, -0.0828 -0.0809 -0.2085, -0.0826 -0.0812 -0.2085, -0.0823 -0.0815 -0.2085, -0.0821 -0.0819 -0.2085, -0.0818 -0.0821 -0.2085, -0.0815 -0.0824 -0.2085, -0.0811 -0.0826 -0.2085, -0.0808 -0.0828 -0.2085, -0.0804 -0.083 -0.2085, -0.08 -0.0831 -0.2085, -0.0796 -0.0832 -0.2085, -0.0792 -0.0833 -0.2085, -0.0788 -0.0833 -0.2085, -0.0784 -0.0833 -0.2085, -0.078 -0.0832 -0.2085, -0.0776 -0.0832 -0.2085, -0.0773 -0.083 -0.2085, -0.0769 -0.0829 -0.2085, -0.0765 -0.0827 -0.2085, -0.0762 -0.0825 -0.2085, -0.0759 -0.0823 -0.2085, -0.0756 -0.082 -0.2085, -0.0753 -0.0817 -0.2085, -0.075 -0.0814 -0.2085, -0.0748 -0.081 -0.2085, -0.0746 -0.0807 -0.2085, -0.0745 -0.0803 -0.2085, -0.0743 -0.0799 -0.2085, -0.0743 -0.0795 -0.2085, -0.0742 -0.0791 -0.2085, -0.0742 -0.0787 -0.2085, -0.0356 -0.0787 -0.1299, -0.0335 -0.0747 -0.1339, -0.0358 -0.0749 -0.1299, -0.034 -0.0707 -0.1339, -0.0363 -0.0711 -0.1299, -0.0349 -0.0668 -0.1339, -0.0371 -0.0674 -0.1299, -0.0361 -0.063 -0.1339, -0.0383 -0.0638 -0.1299, -0.0377 -0.0593 -0.1339, -0.0398 -0.0603 -0.1299, -0.0396 -0.0557 -0.1339, -0.0416 -0.0569 -0.1299, -0.0418 -0.0524 -0.1339, -0.0436 -0.0537 -0.1299, -0.0442 -0.0492 -0.1339, -0.046 -0.0507 -0.1299, -0.047 -0.0463 -0.1339, -0.0486 -0.0479 -0.1299, -0.05 -0.0436 -0.1339, -0.0514 -0.0454 -0.1299, -0.0532 -0.0412 -0.1339, -0.0545 -0.0431 -0.1299, -0.0566 -0.0391 -0.1339, -0.0577 -0.0411 -0.1299, -0.0602 -0.0373 -0.1339, -0.0611 -0.0394 -0.1299, -0.0639 -0.0358 -0.1339, -0.0647 -0.038 -0.1299, -0.0678 -0.0347 -0.1339, -0.0683 -0.0369 -0.1299, -0.0717 -0.0339 -0.1339, -0.0721 -0.0361 -0.1299, -0.0757 -0.0334 -0.1339, -0.0759 -0.0357 -0.1299, -0.0797 -0.0333 -0.1339, -0.0797 -0.0356 -0.1299, -0.0838 -0.0336 -0.1339, -0.0835 -0.0359 -0.1299, -0.0877 -0.0342 -0.1339, -0.0873 -0.0365 -0.1299, -0.0916 -0.0352 -0.1339, -0.091 -0.0374 -0.1299, -0.0954 -0.0365 -0.1339, -0.0946 -0.0386 -0.1299, -0.0991 -0.0381 -0.1339, -0.0981 -0.0402 -0.1299, -0.1026 -0.0401 -0.1339, -0.1014 -0.042 -0.1299, -0.1059 -0.0424 -0.1339, -0.1046 -0.0442 -0.1299, -0.109 -0.0449 -0.1339, -0.1075 -0.0466 -0.1299, -0.1119 -0.0477 -0.1339, -0.1102 -0.0493 -0.1299, -0.1145 -0.0508 -0.1339, -0.1127 -0.0522 -0.1299, -0.1168 -0.054 -0.1339, -0.1149 -0.0553 -0.1299, -0.1189 -0.0575 -0.1339, -0.1169 -0.0586 -0.1299, -0.1206 -0.0611 -0.1339, -0.1185 -0.062 -0.1299, -0.122 -0.0649 -0.1339, -0.1198 -0.0656 -0.1299, -0.123 -0.0688 -0.1339, -0.1208 -0.0693 -0.1299, -0.1238 -0.0727 -0.1339, -0.1215 -0.073 -0.1299, -0.1241 -0.0767 -0.1339, -0.1218 -0.0768 -0.1299, -0.1241 -0.0807 -0.1339, -0.1218 -0.0806 -0.1299, -0.1238 -0.0848 -0.1339, -0.1215 -0.0844 -0.1299, -0.123 -0.0887 -0.1339, -0.1208 -0.0882 -0.1299, -0.122 -0.0926 -0.1339, -0.1198 -0.0919 -0.1299, -0.1206 -0.0963 -0.1339, -0.1185 -0.0955 -0.1299, -0.1189 -0.1 -0.1339, -0.1169 -0.0989 -0.1299, -0.1168 -0.1034 -0.1339, -0.1149 -0.1022 -0.1299, -0.1145 -0.1067 -0.1339, -0.1127 -0.1053 -0.1299, -0.1119 -0.1098 -0.1339, -0.1102 -0.1082 -0.1299, -0.109 -0.1126 -0.1339, -0.1075 -0.1109 -0.1299, -0.1059 -0.1151 -0.1339, -0.1046 -0.1133 -0.1299, -0.1026 -0.1174 -0.1339, -0.1014 -0.1154 -0.1299, -0.0991 -0.1193 -0.1339, -0.0981 -0.1173 -0.1299, -0.0954 -0.121 -0.1339, -0.0946 -0.1189 -0.1299, -0.0916 -0.1223 -0.1339, -0.091 -0.1201 -0.1299, -0.0877 -0.1233 -0.1339, -0.0873 -0.121 -0.1299, -0.0838 -0.1239 -0.1339, -0.0835 -0.1216 -0.1299, -0.0797 -0.1241 -0.1339, -0.0797 -0.1219 -0.1299, -0.0757 -0.1241 -0.1339, -0.0759 -0.1218 -0.1299, -0.0717 -0.1236 -0.1339, -0.0721 -0.1214 -0.1299, -0.0678 -0.1228 -0.1339, -0.0683 -0.1206 -0.1299, -0.0639 -0.1217 -0.1339, -0.0647 -0.1195 -0.1299, -0.0602 -0.1202 -0.1339, -0.0611 -0.1181 -0.1299, -0.0566 -0.1184 -0.1339, -0.0577 -0.1164 -0.1299, -0.0532 -0.1163 -0.1339, -0.0545 -0.1144 -0.1299, -0.05 -0.1139 -0.1339, -0.0514 -0.1121 -0.1299, -0.047 -0.1112 -0.1339, -0.0486 -0.1096 -0.1299, -0.0442 -0.1083 -0.1339, -0.046 -0.1068 -0.1299, -0.0418 -0.1051 -0.1339, -0.0436 -0.1038 -0.1299, -0.0396 -0.1017 -0.1339, -0.0416 -0.1006 -0.1299, -0.0377 -0.0982 -0.1339, -0.0398 -0.0972 -0.1299, -0.0361 -0.0945 -0.1339, -0.0383 -0.0937 -0.1299, -0.0349 -0.0907 -0.1339, -0.0371 -0.0901 -0.1299, -0.034 -0.0867 -0.1339, -0.0363 -0.0863 -0.1299, -0.0335 -0.0828 -0.1339, -0.0358 -0.0826 -0.1299, -0.0333 -0.0787 -0.1339, -0.0316 -0.0746 -0.138, -0.0321 -0.0704 -0.138, -0.0331 -0.0663 -0.138, -0.0343 -0.0623 -0.138, -0.036 -0.0585 -0.138, -0.0379 -0.0548 -0.138, -0.0402 -0.0513 -0.138, -0.0428 -0.048 -0.138, -0.0456 -0.0449 -0.138, -0.0488 -0.0421 -0.138, -0.0521 -0.0396 -0.138, -0.0557 -0.0374 -0.138, -0.0594 -0.0355 -0.138, -0.0633 -0.034 -0.138, -0.0673 -0.0328 -0.138, -0.0714 -0.032 -0.138, -0.0756 -0.0315 -0.138, -0.0798 -0.0314 -0.138, -0.084 -0.0317 -0.138, -0.0881 -0.0323 -0.138, -0.0922 -0.0334 -0.138, -0.0961 -0.0347 -0.138, -0.0999 -0.0364 -0.138, -0.1036 -0.0385 -0.138, -0.1071 -0.0408 -0.138, -0.1103 -0.0435 -0.138, -0.1133 -0.0464 -0.138, -0.116 -0.0496 -0.138, -0.1185 -0.053 -0.138, -0.1206 -0.0566 -0.138, -0.1224 -0.0604 -0.138, -0.1238 -0.0643 -0.138, -0.1249 -0.0684 -0.138, -0.1257 -0.0725 -0.138, -0.126 -0.0766 -0.138, -0.126 -0.0808 -0.138, -0.1257 -0.085 -0.138, -0.1249 -0.0891 -0.138, -0.1238 -0.0932 -0.138, -0.1224 -0.0971 -0.138, -0.1206 -0.1009 -0.138, -0.1185 -0.1045 -0.138, -0.116 -0.1079 -0.138, -0.1133 -0.1111 -0.138, -0.1103 -0.114 -0.138, -0.1071 -0.1167 -0.138, -0.1036 -0.119 -0.138, -0.0999 -0.1211 -0.138, -0.0961 -0.1228 -0.138, -0.0922 -0.1241 -0.138, -0.0881 -0.1251 -0.138, -0.084 -0.1258 -0.138, -0.0798 -0.1261 -0.138, -0.0756 -0.126 -0.138, -0.0714 -0.1255 -0.138, -0.0673 -0.1247 -0.138, -0.0633 -0.1235 -0.138, -0.0594 -0.122 -0.138, -0.0557 -0.1201 -0.138, -0.0521 -0.1179 -0.138, -0.0488 -0.1154 -0.138, -0.0456 -0.1126 -0.138, -0.0428 -0.1095 -0.138, -0.0402 -0.1062 -0.138, -0.0379 -0.1027 -0.138, -0.036 -0.099 -0.138, -0.0343 -0.0951 -0.138, -0.0331 -0.0912 -0.138, -0.0321 -0.0871 -0.138, -0.0316 -0.0829 -0.138, -0.0314 -0.0787 -0.138, -0.0301 -0.0744 -0.1423, -0.0306 -0.0701 -0.1423, -0.0316 -0.0659 -0.1423, -0.0329 -0.0618 -0.1423, -0.0346 -0.0578 -0.1423, -0.0366 -0.054 -0.1423, -0.0389 -0.0504 -0.1423, -0.0416 -0.047 -0.1423, -0.0446 -0.0438 -0.1423, -0.0478 -0.0409 -0.1423, -0.0512 -0.0383 -0.1423, -0.0549 -0.0361 -0.1423, -0.0588 -0.0341 -0.1423, -0.0628 -0.0325 -0.1423, -0.067 -0.0313 -0.1423, -0.0712 -0.0304 -0.1423, -0.0755 -0.03 -0.1423, -0.0798 -0.0299 -0.1423, -0.0841 -0.0302 -0.1423, -0.0884 -0.0308 -0.1423, -0.0926 -0.0319 -0.1423, -0.0967 -0.0333 -0.1423, -0.1006 -0.035 -0.1423, -0.1044 -0.0372 -0.1423, -0.108 -0.0396 -0.1423, -0.1113 -0.0423 -0.1423, -0.1144 -0.0453 -0.1423, -0.1172 -0.0486 -0.1423, -0.1198 -0.0521 -0.1423, -0.1219 -0.0559 -0.1423, -0.1238 -0.0598 -0.1423, -0.1253 -0.0638 -0.1423, -0.1264 -0.068 -0.1423, -0.1272 -0.0723 -0.1423, -0.1276 -0.0766 -0.1423, -0.1276 -0.0809 -0.1423, -0.1272 -0.0852 -0.1423, -0.1264 -0.0895 -0.1423, -0.1253 -0.0936 -0.1423, -0.1238 -0.0977 -0.1423, -0.1219 -0.1016 -0.1423, -0.1198 -0.1053 -0.1423, -0.1172 -0.1089 -0.1423, -0.1144 -0.1121 -0.1423, -0.1113 -0.1152 -0.1423, -0.108 -0.1179 -0.1423, -0.1044 -0.1203 -0.1423, -0.1006 -0.1224 -0.1423, -0.0967 -0.1242 -0.1423, -0.0926 -0.1256 -0.1423, -0.0884 -0.1267 -0.1423, -0.0841 -0.1273 -0.1423, -0.0798 -0.1276 -0.1423, -0.0755 -0.1275 -0.1423, -0.0712 -0.127 -0.1423, -0.067 -0.1262 -0.1423, -0.0628 -0.125 -0.1423, -0.0588 -0.1234 -0.1423, -0.0549 -0.1214 -0.1423, -0.0512 -0.1192 -0.1423, -0.0478 -0.1166 -0.1423, -0.0446 -0.1137 -0.1423, -0.0416 -0.1105 -0.1423, -0.0389 -0.1071 -0.1423, -0.0366 -0.1035 -0.1423, -0.0346 -0.0997 -0.1423, -0.0329 -0.0957 -0.1423, -0.0316 -0.0916 -0.1423, -0.0306 -0.0873 -0.1423, -0.0301 -0.0831 -0.1423, -0.0299 -0.0787 -0.1423, -0.0289 -0.0743 -0.1467, -0.0295 -0.0699 -0.1467, -0.0305 -0.0656 -0.1467, -0.0318 -0.0614 -0.1467, -0.0335 -0.0573 -0.1467, -0.0356 -0.0534 -0.1467, -0.038 -0.0497 -0.1467, -0.0407 -0.0462 -0.1467, -0.0438 -0.043 -0.1467, -0.0471 -0.04 -0.1467, -0.0506 -0.0374 -0.1467, -0.0544 -0.035 -0.1467, -0.0583 -0.0331 -0.1467, -0.0624 -0.0314 -0.1467, -0.0667 -0.0302 -0.1467, -0.071 -0.0293 -0.1467, -0.0754 -0.0288 -0.1467, -0.0798 -0.0287 -0.1467, -0.0843 -0.029 -0.1467, -0.0886 -0.0297 -0.1467, -0.0929 -0.0308 -0.1467, -0.0971 -0.0322 -0.1467, -0.1012 -0.034 -0.1467, -0.105 -0.0362 -0.1467, -0.1087 -0.0387 -0.1467, -0.1121 -0.0415 -0.1467, -0.1153 -0.0446 -0.1467, -0.1182 -0.0479 -0.1467, -0.1207 -0.0515 -0.1467, -0.123 -0.0553 -0.1467, -0.1249 -0.0593 -0.1467, -0.1264 -0.0635 -0.1467, -0.1276 -0.0678 -0.1467, -0.1283 -0.0721 -0.1467, -0.1287 -0.0765 -0.1467, -0.1287 -0.081 -0.1467, -0.1283 -0.0854 -0.1467, -0.1276 -0.0897 -0.1467, -0.1264 -0.094 -0.1467, -0.1249 -0.0981 -0.1467, -0.123 -0.1021 -0.1467, -0.1207 -0.106 -0.1467, -0.1182 -0.1096 -0.1467, -0.1153 -0.1129 -0.1467, -0.1121 -0.116 -0.1467, -0.1087 -0.1188 -0.1467, -0.105 -0.1213 -0.1467, -0.1012 -0.1235 -0.1467, -0.0971 -0.1253 -0.1467, -0.0929 -0.1267 -0.1467, -0.0886 -0.1278 -0.1467, -0.0843 -0.1285 -0.1467, -0.0798 -0.1288 -0.1467, -0.0754 -0.1287 -0.1467, -0.071 -0.1282 -0.1467, -0.0667 -0.1273 -0.1467, -0.0624 -0.126 -0.1467, -0.0583 -0.1244 -0.1467, -0.0544 -0.1224 -0.1467, -0.0506 -0.1201 -0.1467, -0.0471 -0.1175 -0.1467, -0.0438 -0.1145 -0.1467, -0.0407 -0.1113 -0.1467, -0.038 -0.1078 -0.1467, -0.0356 -0.1041 -0.1467, -0.0335 -0.1002 -0.1467, -0.0318 -0.0961 -0.1467, -0.0305 -0.0919 -0.1467, -0.0295 -0.0875 -0.1467, -0.0289 -0.0832 -0.1467, -0.0287 -0.0787 -0.1467, -0.0281 -0.0743 -0.1512, -0.0287 -0.0698 -0.1512, -0.0297 -0.0654 -0.1512, -0.0311 -0.0611 -0.1512, -0.0328 -0.057 -0.1512, -0.0349 -0.053 -0.1512, -0.0374 -0.0492 -0.1512, -0.0402 -0.0457 -0.1512, -0.0432 -0.0424 -0.1512, -0.0466 -0.0394 -0.1512, -0.0502 -0.0367 -0.1512, -0.054 -0.0344 -0.1512, -0.058 -0.0324 -0.1512, -0.0622 -0.0307 -0.1512, -0.0665 -0.0294 -0.1512, -0.0709 -0.0286 -0.1512, -0.0754 -0.0281 -0.1512, -0.0799 -0.028 -0.1512, -0.0843 -0.0283 -0.1512, -0.0888 -0.0289 -0.1512, -0.0931 -0.03 -0.1512, -0.0974 -0.0315 -0.1512, -0.1015 -0.0333 -0.1512, -0.1054 -0.0355 -0.1512, -0.1091 -0.038 -0.1512, -0.1126 -0.0409 -0.1512, -0.1158 -0.044 -0.1512, -0.1188 -0.0474 -0.1512, -0.1214 -0.0511 -0.1512, -0.1236 -0.055 -0.1512, -0.1256 -0.059 -0.1512, -0.1271 -0.0633 -0.1512, -0.1283 -0.0676 -0.1512, -0.1291 -0.072 -0.1512, -0.1295 -0.0765 -0.1512, -0.1295 -0.081 -0.1512, -0.1291 -0.0855 -0.1512, -0.1283 -0.0899 -0.1512, -0.1271 -0.0942 -0.1512, -0.1256 -0.0984 -0.1512, -0.1236 -0.1025 -0.1512, -0.1214 -0.1064 -0.1512, -0.1188 -0.11 -0.1512, -0.1158 -0.1134 -0.1512, -0.1126 -0.1166 -0.1512, -0.1091 -0.1194 -0.1512, -0.1054 -0.122 -0.1512, -0.1015 -0.1242 -0.1512, -0.0974 -0.126 -0.1512, -0.0931 -0.1274 -0.1512, -0.0888 -0.1285 -0.1512, -0.0843 -0.1292 -0.1512, -0.0799 -0.1295 -0.1512, -0.0754 -0.1294 -0.1512, -0.0709 -0.1289 -0.1512, -0.0665 -0.128 -0.1512, -0.0622 -0.1268 -0.1512, -0.058 -0.1251 -0.1512, -0.054 -0.1231 -0.1512, -0.0502 -0.1207 -0.1512, -0.0466 -0.118 -0.1512, -0.0432 -0.1151 -0.1512, -0.0402 -0.1118 -0.1512, -0.0374 -0.1082 -0.1512, -0.0349 -0.1045 -0.1512, -0.0328 -0.1005 -0.1512, -0.0311 -0.0963 -0.1512, -0.0297 -0.0921 -0.1512, -0.0287 -0.0877 -0.1512, -0.0281 -0.0832 -0.1512, -0.0279 -0.0787 -0.1512, -0.0278 -0.0742 -0.1558, -0.0284 -0.0697 -0.1558, -0.0294 -0.0653 -0.1558, -0.0308 -0.061 -0.1558, -0.0325 -0.0568 -0.1558, -0.0346 -0.0528 -0.1558, -0.0371 -0.049 -0.1558, -0.0399 -0.0455 -0.1558, -0.043 -0.0422 -0.1558, -0.0463 -0.0392 -0.1558, -0.05 -0.0364 -0.1558, -0.0538 -0.0341 -0.1558, -0.0579 -0.032 -0.1558, -0.0621 -0.0304 -0.1558, -0.0664 -0.0291 -0.1558, -0.0708 -0.0282 -0.1558, -0.0753 -0.0277 -0.1558, -0.0799 -0.0276 -0.1558, -0.0844 -0.0279 -0.1558, -0.0889 -0.0286 -0.1558, -0.0932 -0.0297 -0.1558, -0.0975 -0.0312 -0.1558, -0.1017 -0.033 -0.1558, -0.1056 -0.0352 -0.1558, -0.1094 -0.0378 -0.1558, -0.1129 -0.0406 -0.1558, -0.1161 -0.0438 -0.1558, -0.119 -0.0472 -0.1558, -0.1217 -0.0509 -0.1558, -0.124 -0.0548 -0.1558, -0.1259 -0.0589 -0.1558, -0.1275 -0.0631 -0.1558, -0.1286 -0.0675 -0.1558, -0.1294 -0.072 -0.1558, -0.1298 -0.0765 -0.1558, -0.1298 -0.081 -0.1558, -0.1294 -0.0855 -0.1558, -0.1286 -0.09 -0.1558, -0.1275 -0.0943 -0.1558, -0.1259 -0.0986 -0.1558, -0.124 -0.1027 -0.1558, -0.1217 -0.1066 -0.1558, -0.119 -0.1103 -0.1558, -0.1161 -0.1137 -0.1558, -0.1129 -0.1169 -0.1558, -0.1094 -0.1197 -0.1558, -0.1056 -0.1223 -0.1558, -0.1017 -0.1245 -0.1558, -0.0975 -0.1263 -0.1558, -0.0932 -0.1278 -0.1558, -0.0889 -0.1289 -0.1558, -0.0844 -0.1296 -0.1558, -0.0799 -0.1299 -0.1558, -0.0753 -0.1298 -0.1558, -0.0708 -0.1293 -0.1558, -0.0664 -0.1284 -0.1558, -0.0621 -0.1271 -0.1558, -0.0579 -0.1254 -0.1558, -0.0538 -0.1234 -0.1558, -0.05 -0.121 -0.1558, -0.0463 -0.1183 -0.1558, -0.043 -0.1153 -0.1558, -0.0399 -0.112 -0.1558, -0.0371 -0.1084 -0.1558, -0.0346 -0.1046 -0.1558, -0.0325 -0.1006 -0.1558, -0.0308 -0.0965 -0.1558, -0.0294 -0.0922 -0.1558, -0.0284 -0.0877 -0.1558, -0.0278 -0.0833 -0.1558, -0.0276 -0.0787 -0.1558, -0.0278 -0.0742 -0.1603, -0.0284 -0.0697 -0.1603, -0.0294 -0.0653 -0.1603, -0.0308 -0.061 -0.1603, -0.0326 -0.0569 -0.1603, -0.0347 -0.0529 -0.1603, -0.0371 -0.0491 -0.1603, -0.0399 -0.0455 -0.1603, -0.043 -0.0422 -0.1603, -0.0464 -0.0392 -0.1603, -0.05 -0.0365 -0.1603, -0.0538 -0.0341 -0.1603, -0.0579 -0.0321 -0.1603, -0.0621 -0.0304 -0.1603, -0.0664 -0.0291 -0.1603, -0.0709 -0.0282 -0.1603, -0.0754 -0.0278 -0.1603, -0.0799 -0.0277 -0.1603, -0.0844 -0.0279 -0.1603, -0.0888 -0.0286 -0.1603, -0.0932 -0.0297 -0.1603, -0.0975 -0.0312 -0.1603, -0.1016 -0.0331 -0.1603, -0.1056 -0.0353 -0.1603, -0.1093 -0.0378 -0.1603, -0.1128 -0.0407 -0.1603, -0.1161 -0.0438 -0.1603, -0.119 -0.0473 -0.1603, -0.1216 -0.0509 -0.1603, -0.1239 -0.0548 -0.1603, -0.1258 -0.0589 -0.1603, -0.1274 -0.0632 -0.1603, -0.1286 -0.0675 -0.1603, -0.1294 -0.072 -0.1603, -0.1298 -0.0765 -0.1603, -0.1298 -0.081 -0.1603, -0.1294 -0.0855 -0.1603, -0.1286 -0.09 -0.1603, -0.1274 -0.0943 -0.1603, -0.1258 -0.0986 -0.1603, -0.1239 -0.1026 -0.1603, -0.1216 -0.1065 -0.1603, -0.119 -0.1102 -0.1603, -0.1161 -0.1137 -0.1603, -0.1128 -0.1168 -0.1603, -0.1093 -0.1197 -0.1603, -0.1056 -0.1222 -0.1603, -0.1016 -0.1244 -0.1603, -0.0975 -0.1263 -0.1603, -0.0932 -0.1277 -0.1603, -0.0888 -0.1288 -0.1603, -0.0844 -0.1295 -0.1603, -0.0799 -0.1298 -0.1603, -0.0754 -0.1297 -0.1603, -0.0709 -0.1292 -0.1603, -0.0664 -0.1283 -0.1603, -0.0621 -0.1271 -0.1603, -0.0579 -0.1254 -0.1603, -0.0538 -0.1234 -0.1603, -0.05 -0.121 -0.1603, -0.0464 -0.1183 -0.1603, -0.043 -0.1153 -0.1603, -0.0399 -0.112 -0.1603, -0.0371 -0.1084 -0.1603, -0.0347 -0.1046 -0.1603, -0.0326 -0.1006 -0.1603, -0.0308 -0.0965 -0.1603, -0.0294 -0.0921 -0.1603, -0.0284 -0.0877 -0.1603, -0.0278 -0.0833 -0.1603, -0.0276 -0.0787 -0.1603, -0.0283 -0.0743 -0.1649, -0.0289 -0.0698 -0.1649, -0.0299 -0.0655 -0.1649, -0.0312 -0.0612 -0.1649, -0.033 -0.0571 -0.1649, -0.0351 -0.0531 -0.1649, -0.0375 -0.0493 -0.1649, -0.0403 -0.0458 -0.1649, -0.0433 -0.0425 -0.1649, -0.0467 -0.0395 -0.1649, -0.0503 -0.0369 -0.1649, -0.0541 -0.0345 -0.1649, -0.0581 -0.0325 -0.1649, -0.0622 -0.0309 -0.1649, -0.0665 -0.0296 -0.1649, -0.0709 -0.0287 -0.1649, -0.0754 -0.0282 -0.1649, -0.0799 -0.0281 -0.1649, -0.0843 -0.0284 -0.1649, -0.0888 -0.0291 -0.1649, -0.0931 -0.0302 -0.1649, -0.0973 -0.0316 -0.1649, -0.1014 -0.0335 -0.1649, -0.1053 -0.0356 -0.1649, -0.1091 -0.0382 -0.1649, -0.1125 -0.041 -0.1649, -0.1157 -0.0441 -0.1649, -0.1186 -0.0475 -0.1649, -0.1212 -0.0512 -0.1649, -0.1235 -0.0551 -0.1649, -0.1254 -0.0591 -0.1649, -0.127 -0.0633 -0.1649, -0.1282 -0.0676 -0.1649, -0.1289 -0.072 -0.1649, -0.1293 -0.0765 -0.1649, -0.1293 -0.081 -0.1649, -0.1289 -0.0854 -0.1649, -0.1282 -0.0899 -0.1649, -0.127 -0.0942 -0.1649, -0.1254 -0.0984 -0.1649, -0.1235 -0.1024 -0.1649, -0.1212 -0.1063 -0.1649, -0.1186 -0.1099 -0.1649, -0.1157 -0.1133 -0.1649, -0.1125 -0.1165 -0.1649, -0.1091 -0.1193 -0.1649, -0.1053 -0.1218 -0.1649, -0.1014 -0.124 -0.1649, -0.0973 -0.1258 -0.1649, -0.0931 -0.1273 -0.1649, -0.0888 -0.1284 -0.1649, -0.0843 -0.1291 -0.1649, -0.0799 -0.1294 -0.1649, -0.0754 -0.1293 -0.1649, -0.0709 -0.1288 -0.1649, -0.0665 -0.1279 -0.1649, -0.0622 -0.1266 -0.1649, -0.0581 -0.125 -0.1649, -0.0541 -0.123 -0.1649, -0.0503 -0.1206 -0.1649, -0.0467 -0.1179 -0.1649, -0.0433 -0.1149 -0.1649, -0.0403 -0.1117 -0.1649, -0.0375 -0.1081 -0.1649, -0.0351 -0.1044 -0.1649, -0.033 -0.1004 -0.1649, -0.0312 -0.0963 -0.1649, -0.0299 -0.092 -0.1649, -0.0289 -0.0877 -0.1649, -0.0283 -0.0832 -0.1649, -0.0281 -0.0787 -0.1649, -0.0291 -0.0743 -0.1693, -0.0297 -0.07 -0.1693, -0.0307 -0.0657 -0.1693, -0.032 -0.0615 -0.1693, -0.0337 -0.0574 -0.1693, -0.0358 -0.0535 -0.1693, -0.0382 -0.0498 -0.1693, -0.0409 -0.0464 -0.1693, -0.0439 -0.0431 -0.1693, -0.0472 -0.0402 -0.1693, -0.0507 -0.0376 -0.1693, -0.0545 -0.0353 -0.1693, -0.0584 -0.0333 -0.1693, -0.0625 -0.0317 -0.1693, -0.0667 -0.0304 -0.1693, -0.0711 -0.0295 -0.1693, -0.0754 -0.0291 -0.1693, -0.0798 -0.029 -0.1693, -0.0842 -0.0293 -0.1693, -0.0886 -0.0299 -0.1693, -0.0929 -0.031 -0.1693, -0.097 -0.0324 -0.1693, -0.101 -0.0342 -0.1693, -0.1049 -0.0364 -0.1693, -0.1085 -0.0389 -0.1693, -0.1119 -0.0416 -0.1693, -0.1151 -0.0447 -0.1693, -0.118 -0.0481 -0.1693, -0.1205 -0.0517 -0.1693, -0.1227 -0.0555 -0.1693, -0.1246 -0.0594 -0.1693, -0.1262 -0.0636 -0.1693, -0.1273 -0.0678 -0.1693, -0.1281 -0.0722 -0.1693, -0.1285 -0.0765 -0.1693, -0.1285 -0.0809 -0.1693, -0.1281 -0.0853 -0.1693, -0.1273 -0.0897 -0.1693, -0.1262 -0.0939 -0.1693, -0.1246 -0.098 -0.1693, -0.1227 -0.102 -0.1693, -0.1205 -0.1058 -0.1693, -0.118 -0.1094 -0.1693, -0.1151 -0.1128 -0.1693, -0.1119 -0.1158 -0.1693, -0.1085 -0.1186 -0.1693, -0.1049 -0.1211 -0.1693, -0.101 -0.1233 -0.1693, -0.097 -0.125 -0.1693, -0.0929 -0.1265 -0.1693, -0.0886 -0.1275 -0.1693, -0.0842 -0.1282 -0.1693, -0.0798 -0.1285 -0.1693, -0.0754 -0.1284 -0.1693, -0.0711 -0.1279 -0.1693, -0.0667 -0.1271 -0.1693, -0.0625 -0.1258 -0.1693, -0.0584 -0.1242 -0.1693, -0.0545 -0.1222 -0.1693, -0.0507 -0.1199 -0.1693, -0.0472 -0.1173 -0.1693, -0.0439 -0.1143 -0.1693, -0.0409 -0.1111 -0.1693, -0.0382 -0.1076 -0.1693, -0.0358 -0.104 -0.1693, -0.0337 -0.1001 -0.1693, -0.032 -0.096 -0.1693, -0.0307 -0.0918 -0.1693, -0.0297 -0.0875 -0.1693, -0.0291 -0.0831 -0.1693, -0.029 -0.0787 -0.1693, -0.0304 -0.0745 -0.1737, -0.031 -0.0702 -0.1737, -0.0319 -0.066 -0.1737, -0.0332 -0.0619 -0.1737, -0.0349 -0.058 -0.1737, -0.0369 -0.0542 -0.1737, -0.0392 -0.0506 -0.1737, -0.0419 -0.0472 -0.1737, -0.0448 -0.044 -0.1737, -0.048 -0.0412 -0.1737, -0.0514 -0.0386 -0.1737, -0.0551 -0.0364 -0.1737, -0.0589 -0.0344 -0.1737, -0.0629 -0.0329 -0.1737, -0.067 -0.0316 -0.1737, -0.0713 -0.0308 -0.1737, -0.0755 -0.0303 -0.1737, -0.0798 -0.0302 -0.1737, -0.0841 -0.0305 -0.1737, -0.0883 -0.0312 -0.1737, -0.0925 -0.0322 -0.1737, -0.0966 -0.0336 -0.1737, -0.1005 -0.0353 -0.1737, -0.1042 -0.0374 -0.1737, -0.1078 -0.0399 -0.1737, -0.1111 -0.0426 -0.1737, -0.1142 -0.0456 -0.1737, -0.117 -0.0488 -0.1737, -0.1195 -0.0523 -0.1737, -0.1216 -0.056 -0.1737, -0.1235 -0.0599 -0.1737, -0.125 -0.0639 -0.1737, -0.1261 -0.0681 -0.1737, -0.1269 -0.0723 -0.1737, -0.1272 -0.0766 -0.1737, -0.1272 -0.0809 -0.1737, -0.1269 -0.0852 -0.1737, -0.1261 -0.0894 -0.1737, -0.125 -0.0935 -0.1737, -0.1235 -0.0976 -0.1737, -0.1216 -0.1014 -0.1737, -0.1195 -0.1051 -0.1737, -0.117 -0.1086 -0.1737, -0.1142 -0.1119 -0.1737, -0.1111 -0.1149 -0.1737, -0.1078 -0.1176 -0.1737, -0.1042 -0.12 -0.1737, -0.1005 -0.1221 -0.1737, -0.0966 -0.1239 -0.1737, -0.0925 -0.1253 -0.1737, -0.0883 -0.1263 -0.1737, -0.0841 -0.127 -0.1737, -0.0798 -0.1273 -0.1737, -0.0755 -0.1272 -0.1737, -0.0713 -0.1267 -0.1737, -0.067 -0.1258 -0.1737, -0.0629 -0.1246 -0.1737, -0.0589 -0.1231 -0.1737, -0.0551 -0.1211 -0.1737, -0.0514 -0.1189 -0.1737, -0.048 -0.1163 -0.1737, -0.0448 -0.1134 -0.1737, -0.0419 -0.1103 -0.1737, -0.0392 -0.1069 -0.1737, -0.0369 -0.1033 -0.1737, -0.0349 -0.0995 -0.1737, -0.0332 -0.0956 -0.1737, -0.0319 -0.0915 -0.1737, -0.031 -0.0873 -0.1737, -0.0304 -0.083 -0.1737, -0.0302 -0.0787 -0.1737, -0.032 -0.0746 -0.178, -0.0326 -0.0705 -0.178, -0.0335 -0.0664 -0.178, -0.0347 -0.0625 -0.178, -0.0364 -0.0587 -0.178, -0.0383 -0.055 -0.178, -0.0406 -0.0515 -0.178, -0.0431 -0.0482 -0.178, -0.0459 -0.0452 -0.178, -0.049 -0.0424 -0.178, -0.0524 -0.04 -0.178, -0.0559 -0.0378 -0.178, -0.0596 -0.0359 -0.178, -0.0635 -0.0344 -0.178, -0.0674 -0.0332 -0.178, -0.0715 -0.0324 -0.178, -0.0756 -0.0319 -0.178, -0.0798 -0.0319 -0.178, -0.0839 -0.0321 -0.178, -0.088 -0.0328 -0.178, -0.092 -0.0338 -0.178, -0.096 -0.0351 -0.178, -0.0998 -0.0368 -0.178, -0.1034 -0.0388 -0.178, -0.1068 -0.0412 -0.178, -0.11 -0.0438 -0.178, -0.113 -0.0467 -0.178, -0.1157 -0.0498 -0.178, -0.1181 -0.0532 -0.178, -0.1202 -0.0568 -0.178, -0.122 -0.0606 -0.178, -0.1234 -0.0644 -0.178, -0.1245 -0.0684 -0.178, -0.1252 -0.0725 -0.178, -0.1256 -0.0767 -0.178, -0.1256 -0.0808 -0.178, -0.1252 -0.0849 -0.178, -0.1245 -0.089 -0.178, -0.1234 -0.093 -0.178, -0.122 -0.0969 -0.178, -0.1202 -0.1007 -0.178, -0.1181 -0.1043 -0.178, -0.1157 -0.1076 -0.178, -0.113 -0.1108 -0.178, -0.11 -0.1137 -0.178, -0.1068 -0.1163 -0.178, -0.1034 -0.1186 -0.178, -0.0998 -0.1207 -0.178, -0.096 -0.1224 -0.178, -0.092 -0.1237 -0.178, -0.088 -0.1247 -0.178, -0.0839 -0.1254 -0.178, -0.0798 -0.1256 -0.178, -0.0756 -0.1255 -0.178, -0.0715 -0.1251 -0.178, -0.0674 -0.1243 -0.178, -0.0635 -0.1231 -0.178, -0.0596 -0.1216 -0.178, -0.0559 -0.1197 -0.178, -0.0524 -0.1175 -0.178, -0.049 -0.115 -0.178, -0.0459 -0.1123 -0.178, -0.0431 -0.1092 -0.178, -0.0406 -0.106 -0.178, -0.0383 -0.1025 -0.178, -0.0364 -0.0988 -0.178, -0.0347 -0.095 -0.178, -0.0335 -0.091 -0.178, -0.0326 -0.087 -0.178, -0.032 -0.0829 -0.178, -0.0318 -0.0787 -0.178, -0.034 -0.0748 -0.1821, -0.0346 -0.0708 -0.1821, -0.0354 -0.067 -0.1821, -0.0366 -0.0632 -0.1821, -0.0382 -0.0595 -0.1821, -0.04 -0.056 -0.1821, -0.0422 -0.0527 -0.1821, -0.0446 -0.0495 -0.1821, -0.0474 -0.0466 -0.1821, -0.0503 -0.044 -0.1821, -0.0535 -0.0416 -0.1821, -0.0569 -0.0395 -0.1821, -0.0604 -0.0378 -0.1821, -0.0641 -0.0363 -0.1821, -0.0679 -0.0352 -0.1821, -0.0718 -0.0344 -0.1821, -0.0758 -0.034 -0.1821, -0.0797 -0.0339 -0.1821, -0.0837 -0.0341 -0.1821, -0.0876 -0.0347 -0.1821, -0.0915 -0.0357 -0.1821, -0.0952 -0.037 -0.1821, -0.0989 -0.0386 -0.1821, -0.1023 -0.0405 -0.1821, -0.1056 -0.0428 -0.1821, -0.1087 -0.0453 -0.1821, -0.1115 -0.0481 -0.1821, -0.1141 -0.0511 -0.1821, -0.1164 -0.0543 -0.1821, -0.1184 -0.0577 -0.1821, -0.1201 -0.0613 -0.1821, -0.1215 -0.0651 -0.1821, -0.1225 -0.0689 -0.1821, -0.1232 -0.0728 -0.1821, -0.1236 -0.0768 -0.1821, -0.1236 -0.0807 -0.1821, -0.1232 -0.0847 -0.1821, -0.1225 -0.0886 -0.1821, -0.1215 -0.0924 -0.1821, -0.1201 -0.0961 -0.1821, -0.1184 -0.0997 -0.1821, -0.1164 -0.1032 -0.1821, -0.1141 -0.1064 -0.1821, -0.1115 -0.1094 -0.1821, -0.1087 -0.1122 -0.1821, -0.1056 -0.1147 -0.1821, -0.1023 -0.1169 -0.1821, -0.0989 -0.1189 -0.1821, -0.0952 -0.1205 -0.1821, -0.0915 -0.1218 -0.1821, -0.0876 -0.1227 -0.1821, -0.0837 -0.1234 -0.1821, -0.0797 -0.1236 -0.1821, -0.0758 -0.1235 -0.1821, -0.0718 -0.1231 -0.1821, -0.0679 -0.1223 -0.1821, -0.0641 -0.1212 -0.1821, -0.0604 -0.1197 -0.1821, -0.0569 -0.1179 -0.1821, -0.0535 -0.1159 -0.1821, -0.0503 -0.1135 -0.1821, -0.0474 -0.1108 -0.1821, -0.0446 -0.1079 -0.1821, -0.0422 -0.1048 -0.1821, -0.04 -0.1015 -0.1821, -0.0382 -0.098 -0.1821, -0.0366 -0.0943 -0.1821, -0.0354 -0.0905 -0.1821, -0.0346 -0.0866 -0.1821, -0.034 -0.0827 -0.1821, -0.0339 -0.0787 -0.1821, -0.0364 -0.075 -0.186, -0.0369 -0.0713 -0.186, -0.0377 -0.0676 -0.186, -0.0389 -0.064 -0.186, -0.0403 -0.0605 -0.186, -0.0421 -0.0572 -0.186, -0.0441 -0.0541 -0.186, -0.0464 -0.0511 -0.186, -0.049 -0.0483 -0.186, -0.0518 -0.0458 -0.186, -0.0548 -0.0436 -0.186, -0.058 -0.0416 -0.186, -0.0614 -0.0399 -0.186, -0.0649 -0.0385 -0.186, -0.0685 -0.0375 -0.186, -0.0722 -0.0367 -0.186, -0.0759 -0.0363 -0.186, -0.0797 -0.0362 -0.186, -0.0834 -0.0365 -0.186, -0.0872 -0.0371 -0.186, -0.0908 -0.038 -0.186, -0.0944 -0.0392 -0.186, -0.0978 -0.0407 -0.186, -0.1011 -0.0426 -0.186, -0.1042 -0.0447 -0.186, -0.1071 -0.0471 -0.186, -0.1098 -0.0497 -0.186, -0.1122 -0.0525 -0.186, -0.1144 -0.0556 -0.186, -0.1163 -0.0589 -0.186, -0.1179 -0.0623 -0.186, -0.1192 -0.0658 -0.186, -0.1202 -0.0694 -0.186, -0.1209 -0.0731 -0.186, -0.1212 -0.0769 -0.186, -0.1212 -0.0806 -0.186, -0.1209 -0.0844 -0.186, -0.1202 -0.0881 -0.186, -0.1192 -0.0917 -0.186, -0.1179 -0.0952 -0.186, -0.1163 -0.0986 -0.186, -0.1144 -0.1019 -0.186, -0.1122 -0.1049 -0.186, -0.1098 -0.1078 -0.186, -0.1071 -0.1104 -0.186, -0.1042 -0.1128 -0.186, -0.1011 -0.1149 -0.186, -0.0978 -0.1168 -0.186, -0.0944 -0.1183 -0.186, -0.0908 -0.1195 -0.186, -0.0872 -0.1204 -0.186, -0.0834 -0.121 -0.186, -0.0797 -0.1213 -0.186, -0.0759 -0.1212 -0.186, -0.0722 -0.1208 -0.186, -0.0685 -0.12 -0.186, -0.0649 -0.1189 -0.186, -0.0614 -0.1176 -0.186, -0.058 -0.1159 -0.186, -0.0548 -0.1139 -0.186, -0.0518 -0.1116 -0.186, -0.049 -0.1091 -0.186, -0.0464 -0.1064 -0.186, -0.0441 -0.1034 -0.186, -0.0421 -0.1003 -0.186, -0.0403 -0.0969 -0.186, -0.0389 -0.0935 -0.186, -0.0377 -0.0899 -0.186, -0.0369 -0.0862 -0.186, -0.0364 -0.0825 -0.186, -0.0362 -0.0787 -0.186, -0.0391 -0.0752 -0.1896, -0.0395 -0.0717 -0.1896, -0.0403 -0.0683 -0.1896, -0.0414 -0.0649 -0.1896, -0.0428 -0.0617 -0.1896, -0.0444 -0.0586 -0.1896, -0.0463 -0.0556 -0.1896, -0.0485 -0.0528 -0.1896, -0.0509 -0.0503 -0.1896, -0.0535 -0.0479 -0.1896, -0.0563 -0.0458 -0.1896, -0.0593 -0.044 -0.1896, -0.0625 -0.0424 -0.1896, -0.0658 -0.0411 -0.1896, -0.0691 -0.0401 -0.1896, -0.0726 -0.0394 -0.1896, -0.0761 -0.039 -0.1896, -0.0796 -0.0389 -0.1896, -0.0831 -0.0392 -0.1896, -0.0866 -0.0397 -0.1896, -0.09 -0.0406 -0.1896, -0.0934 -0.0417 -0.1896, -0.0966 -0.0431 -0.1896, -0.0997 -0.0449 -0.1896, -0.1026 -0.0468 -0.1896, -0.1053 -0.0491 -0.1896, -0.1078 -0.0515 -0.1896, -0.1101 -0.0542 -0.1896, -0.1121 -0.0571 -0.1896, -0.1139 -0.0601 -0.1896, -0.1154 -0.0633 -0.1896, -0.1167 -0.0666 -0.1896, -0.1176 -0.07 -0.1896, -0.1182 -0.0735 -0.1896, -0.1185 -0.077 -0.1896, -0.1185 -0.0805 -0.1896, -0.1182 -0.084 -0.1896, -0.1176 -0.0875 -0.1896, -0.1167 -0.0909 -0.1896, -0.1154 -0.0942 -0.1896, -0.1139 -0.0974 -0.1896, -0.1121 -0.1004 -0.1896, -0.1101 -0.1033 -0.1896, -0.1078 -0.1059 -0.1896, -0.1053 -0.1084 -0.1896, -0.1026 -0.1106 -0.1896, -0.0997 -0.1126 -0.1896, -0.0966 -0.1143 -0.1896, -0.0934 -0.1158 -0.1896, -0.09 -0.1169 -0.1896, -0.0866 -0.1178 -0.1896, -0.0831 -0.1183 -0.1896, -0.0796 -0.1185 -0.1896, -0.0761 -0.1185 -0.1896, -0.0726 -0.1181 -0.1896, -0.0691 -0.1174 -0.1896, -0.0658 -0.1164 -0.1896, -0.0625 -0.1151 -0.1896, -0.0593 -0.1135 -0.1896, -0.0563 -0.1117 -0.1896, -0.0535 -0.1096 -0.1896, -0.0509 -0.1072 -0.1896, -0.0485 -0.1046 -0.1896, -0.0463 -0.1019 -0.1896, -0.0444 -0.0989 -0.1896, -0.0428 -0.0958 -0.1896, -0.0414 -0.0925 -0.1896, -0.0403 -0.0892 -0.1896, -0.0395 -0.0858 -0.1896, -0.0391 -0.0823 -0.1896, -0.0389 -0.0787 -0.1896, -0.0421 -0.0755 -0.1931, -0.0425 -0.0723 -0.1931, -0.0432 -0.0691 -0.1931, -0.0442 -0.066 -0.1931, -0.0455 -0.063 -0.1931, -0.047 -0.0601 -0.1931, -0.0488 -0.0574 -0.1931, -0.0508 -0.0548 -0.1931, -0.053 -0.0524 -0.1931, -0.0554 -0.0503 -0.1931, -0.058 -0.0483 -0.1931, -0.0608 -0.0466 -0.1931, -0.0637 -0.0451 -0.1931, -0.0668 -0.044 -0.1931, -0.0699 -0.043 -0.1931, -0.0731 -0.0424 -0.1931, -0.0763 -0.042 -0.1931, -0.0796 -0.042 -0.1931, -0.0828 -0.0422 -0.1931, -0.086 -0.0427 -0.1931, -0.0892 -0.0435 -0.1931, -0.0923 -0.0445 -0.1931, -0.0952 -0.0458 -0.1931, -0.0981 -0.0474 -0.1931, -0.1008 -0.0493 -0.1931, -0.1033 -0.0513 -0.1931, -0.1056 -0.0536 -0.1931, -0.1077 -0.0561 -0.1931, -0.1096 -0.0587 -0.1931, -0.1113 -0.0615 -0.1931, -0.1127 -0.0645 -0.1931, -0.1138 -0.0675 -0.1931, -0.1146 -0.0707 -0.1931, -0.1152 -0.0739 -0.1931, -0.1155 -0.0771 -0.1931, -0.1155 -0.0804 -0.1931, -0.1152 -0.0836 -0.1931, -0.1146 -0.0868 -0.1931, -0.1138 -0.09 -0.1931, -0.1127 -0.093 -0.1931, -0.1113 -0.096 -0.1931, -0.1096 -0.0988 -0.1931, -0.1077 -0.1014 -0.1931, -0.1056 -0.1039 -0.1931, -0.1033 -0.1062 -0.1931, -0.1008 -0.1082 -0.1931, -0.0981 -0.1101 -0.1931, -0.0952 -0.1116 -0.1931, -0.0923 -0.113 -0.1931, -0.0892 -0.114 -0.1931, -0.086 -0.1148 -0.1931, -0.0828 -0.1153 -0.1931, -0.0796 -0.1155 -0.1931, -0.0763 -0.1155 -0.1931, -0.0731 -0.1151 -0.1931, -0.0699 -0.1145 -0.1931, -0.0668 -0.1135 -0.1931, -0.0637 -0.1123 -0.1931, -0.0608 -0.1109 -0.1931, -0.058 -0.1092 -0.1931, -0.0554 -0.1072 -0.1931, -0.053 -0.105 -0.1931, -0.0508 -0.1027 -0.1931, -0.0488 -0.1001 -0.1931, -0.047 -0.0974 -0.1931, -0.0455 -0.0945 -0.1931, -0.0442 -0.0915 -0.1931, -0.0432 -0.0884 -0.1931, -0.0425 -0.0852 -0.1931, -0.0421 -0.082 -0.1931, -0.0419 -0.0787 -0.1931, -0.0454 -0.0758 -0.1962, -0.0458 -0.0728 -0.1962, -0.0464 -0.07 -0.1962, -0.0473 -0.0671 -0.1962, -0.0485 -0.0644 -0.1962, -0.0499 -0.0618 -0.1962, -0.0515 -0.0593 -0.1962, -0.0533 -0.057 -0.1962, -0.0553 -0.0548 -0.1962, -0.0575 -0.0528 -0.1962, -0.0599 -0.0511 -0.1962, -0.0624 -0.0495 -0.1962, -0.0651 -0.0482 -0.1962, -0.0678 -0.0471 -0.1962, -0.0707 -0.0462 -0.1962, -0.0736 -0.0457 -0.1962, -0.0765 -0.0453 -0.1962, -0.0795 -0.0453 -0.1962, -0.0824 -0.0455 -0.1962, -0.0854 -0.0459 -0.1962, -0.0882 -0.0466 -0.1962, -0.091 -0.0476 -0.1962, -0.0937 -0.0488 -0.1962, -0.0963 -0.0502 -0.1962, -0.0988 -0.0519 -0.1962, -0.1011 -0.0538 -0.1962, -0.1032 -0.0559 -0.1962, -0.1051 -0.0581 -0.1962, -0.1068 -0.0605 -0.1962, -0.1083 -0.0631 -0.1962, -0.1096 -0.0658 -0.1962, -0.1106 -0.0685 -0.1962, -0.1114 -0.0714 -0.1962, -0.1119 -0.0743 -0.1962, -0.1122 -0.0773 -0.1962, -0.1122 -0.0802 -0.1962, -0.1119 -0.0832 -0.1962, -0.1114 -0.0861 -0.1962, -0.1106 -0.0889 -0.1962, -0.1096 -0.0917 -0.1962, -0.1083 -0.0944 -0.1962, -0.1068 -0.097 -0.1962, -0.1051 -0.0994 -0.1962, -0.1032 -0.1016 -0.1962, -0.1011 -0.1037 -0.1962, -0.0988 -0.1056 -0.1962, -0.0963 -0.1072 -0.1962, -0.0937 -0.1087 -0.1962, -0.091 -0.1099 -0.1962, -0.0882 -0.1108 -0.1962, -0.0854 -0.1116 -0.1962, -0.0824 -0.112 -0.1962, -0.0795 -0.1122 -0.1962, -0.0765 -0.1121 -0.1962, -0.0736 -0.1118 -0.1962, -0.0707 -0.1112 -0.1962, -0.0678 -0.1104 -0.1962, -0.0651 -0.1093 -0.1962, -0.0624 -0.108 -0.1962, -0.0599 -0.1064 -0.1962, -0.0575 -0.1047 -0.1962, -0.0553 -0.1027 -0.1962, -0.0533 -0.1005 -0.1962, -0.0515 -0.0982 -0.1962, -0.0499 -0.0957 -0.1962, -0.0485 -0.0931 -0.1962, -0.0473 -0.0903 -0.1962, -0.0464 -0.0875 -0.1962, -0.0458 -0.0846 -0.1962, -0.0454 -0.0817 -0.1962, -0.0453 -0.0787 -0.1962, -0.049 -0.0761 -0.199, -0.0493 -0.0735 -0.199, -0.0499 -0.0709 -0.199, -0.0507 -0.0684 -0.199, -0.0517 -0.0659 -0.199, -0.053 -0.0636 -0.199, -0.0544 -0.0614 -0.199, -0.056 -0.0593 -0.199, -0.0578 -0.0574 -0.199, -0.0598 -0.0556 -0.199, -0.0619 -0.054 -0.199, -0.0642 -0.0526 -0.199, -0.0665 -0.0514 -0.199, -0.069 -0.0505 -0.199, -0.0715 -0.0497 -0.199, -0.0741 -0.0492 -0.199, -0.0768 -0.0489 -0.199, -0.0794 -0.0488 -0.199, -0.082 -0.049 -0.199, -0.0847 -0.0494 -0.199, -0.0872 -0.0501 -0.199, -0.0897 -0.0509 -0.199, -0.0921 -0.052 -0.199, -0.0944 -0.0533 -0.199, -0.0966 -0.0548 -0.199, -0.0987 -0.0565 -0.199, -0.1006 -0.0583 -0.199, -0.1023 -0.0603 -0.199, -0.1038 -0.0625 -0.199, -0.1052 -0.0648 -0.199, -0.1063 -0.0671 -0.199, -0.1072 -0.0696 -0.199, -0.1079 -0.0722 -0.199, -0.1084 -0.0748 -0.199, -0.1086 -0.0774 -0.199, -0.1086 -0.0801 -0.199, -0.1084 -0.0827 -0.199, -0.1079 -0.0853 -0.199, -0.1072 -0.0879 -0.199, -0.1063 -0.0903 -0.199, -0.1052 -0.0927 -0.199, -0.1038 -0.095 -0.199, -0.1023 -0.0972 -0.199, -0.1006 -0.0992 -0.199, -0.0987 -0.101 -0.199, -0.0966 -0.1027 -0.199, -0.0944 -0.1042 -0.199, -0.0921 -0.1055 -0.199, -0.0897 -0.1066 -0.199, -0.0872 -0.1074 -0.199, -0.0847 -0.1081 -0.199, -0.082 -0.1085 -0.199, -0.0794 -0.1086 -0.199, -0.0768 -0.1086 -0.199, -0.0741 -0.1083 -0.199, -0.0715 -0.1078 -0.199, -0.069 -0.107 -0.199, -0.0665 -0.106 -0.199, -0.0642 -0.1049 -0.199, -0.0619 -0.1035 -0.199, -0.0598 -0.1019 -0.199, -0.0578 -0.1001 -0.199, -0.056 -0.0982 -0.199, -0.0544 -0.0961 -0.199, -0.053 -0.0939 -0.199, -0.0517 -0.0915 -0.199, -0.0507 -0.0891 -0.199, -0.0499 -0.0866 -0.199, -0.0493 -0.084 -0.199, -0.049 -0.0814 -0.199, -0.0488 -0.0787 -0.199, -0.0528 -0.0764 -0.2015, -0.0531 -0.0741 -0.2015, -0.0536 -0.0719 -0.2015, -0.0543 -0.0697 -0.2015, -0.0552 -0.0676 -0.2015, -0.0562 -0.0655 -0.2015, -0.0575 -0.0636 -0.2015, -0.0589 -0.0618 -0.2015, -0.0605 -0.0601 -0.2015, -0.0622 -0.0586 -0.2015, -0.0641 -0.0572 -0.2015, -0.066 -0.056 -0.2015, -0.0681 -0.0549 -0.2015, -0.0702 -0.0541 -0.2015, -0.0725 -0.0534 -0.2015, -0.0747 -0.053 -0.2015, -0.077 -0.0527 -0.2015, -0.0793 -0.0527 -0.2015, -0.0816 -0.0528 -0.2015, -0.0839 -0.0532 -0.2015, -0.0861 -0.0537 -0.2015, -0.0883 -0.0545 -0.2015, -0.0904 -0.0554 -0.2015, -0.0924 -0.0565 -0.2015, -0.0944 -0.0578 -0.2015, -0.0961 -0.0593 -0.2015, -0.0978 -0.0609 -0.2015, -0.0993 -0.0627 -0.2015, -0.1006 -0.0645 -0.2015, -0.1018 -0.0665 -0.2015, -0.1028 -0.0686 -0.2015, -0.1036 -0.0708 -0.2015, -0.1042 -0.073 -0.2015, -0.1046 -0.0753 -0.2015, -0.1048 -0.0776 -0.2015, -0.1048 -0.0799 -0.2015, -0.1046 -0.0822 -0.2015, -0.1042 -0.0845 -0.2015, -0.1036 -0.0867 -0.2015, -0.1028 -0.0889 -0.2015, -0.1018 -0.0909 -0.2015, -0.1006 -0.0929 -0.2015, -0.0993 -0.0948 -0.2015, -0.0978 -0.0966 -0.2015, -0.0961 -0.0982 -0.2015, -0.0944 -0.0996 -0.2015, -0.0924 -0.1009 -0.2015, -0.0904 -0.1021 -0.2015, -0.0883 -0.103 -0.2015, -0.0861 -0.1038 -0.2015, -0.0839 -0.1043 -0.2015, -0.0816 -0.1047 -0.2015, -0.0793 -0.1048 -0.2015, -0.077 -0.1048 -0.2015, -0.0747 -0.1045 -0.2015, -0.0725 -0.1041 -0.2015, -0.0702 -0.1034 -0.2015, -0.0681 -0.1026 -0.2015, -0.066 -0.1015 -0.2015, -0.0641 -0.1003 -0.2015, -0.0622 -0.0989 -0.2015, -0.0605 -0.0974 -0.2015, -0.0589 -0.0957 -0.2015, -0.0575 -0.0939 -0.2015, -0.0562 -0.092 -0.2015, -0.0552 -0.0899 -0.2015, -0.0543 -0.0878 -0.2015, -0.0536 -0.0856 -0.2015, -0.0531 -0.0833 -0.2015, -0.0528 -0.081 -0.2015, -0.0527 -0.0787 -0.2015, -0.0568 -0.0768 -0.2037, -0.057 -0.0749 -0.2037, -0.0574 -0.073 -0.2037, -0.058 -0.0711 -0.2037, -0.0588 -0.0693 -0.2037, -0.0597 -0.0676 -0.2037, -0.0608 -0.0659 -0.2037, -0.062 -0.0644 -0.2037, -0.0633 -0.063 -0.2037, -0.0648 -0.0617 -0.2037, -0.0663 -0.0605 -0.2037, -0.068 -0.0595 -0.2037, -0.0697 -0.0586 -0.2037, -0.0716 -0.0579 -0.2037, -0.0734 -0.0573 -0.2037, -0.0753 -0.0569 -0.2037, -0.0773 -0.0567 -0.2037, -0.0792 -0.0567 -0.2037, -0.0812 -0.0568 -0.2037, -0.0831 -0.0571 -0.2037, -0.085 -0.0576 -0.2037, -0.0868 -0.0582 -0.2037, -0.0886 -0.059 -0.2037, -0.0903 -0.06 -0.2037, -0.0919 -0.0611 -0.2037, -0.0935 -0.0623 -0.2037, -0.0949 -0.0637 -0.2037, -0.0961 -0.0651 -0.2037, -0.0973 -0.0667 -0.2037, -0.0982 -0.0684 -0.2037, -0.0991 -0.0702 -0.2037, -0.0998 -0.072 -0.2037, -0.1003 -0.0739 -0.2037, -0.1006 -0.0758 -0.2037, -0.1008 -0.0778 -0.2037, -0.1008 -0.0797 -0.2037, -0.1006 -0.0817 -0.2037, -0.1003 -0.0836 -0.2037, -0.0998 -0.0855 -0.2037, -0.0991 -0.0873 -0.2037, -0.0982 -0.0891 -0.2037, -0.0973 -0.0907 -0.2037, -0.0961 -0.0923 -0.2037, -0.0949 -0.0938 -0.2037, -0.0935 -0.0952 -0.2037, -0.0919 -0.0964 -0.2037, -0.0903 -0.0975 -0.2037, -0.0886 -0.0985 -0.2037, -0.0868 -0.0993 -0.2037, -0.085 -0.0999 -0.2037, -0.0831 -0.1004 -0.2037, -0.0812 -0.1007 -0.2037, -0.0792 -0.1008 -0.2037, -0.0773 -0.1008 -0.2037, -0.0753 -0.1005 -0.2037, -0.0734 -0.1002 -0.2037, -0.0716 -0.0996 -0.2037, -0.0697 -0.0989 -0.2037, -0.068 -0.098 -0.2037, -0.0663 -0.097 -0.2037, -0.0648 -0.0958 -0.2037, -0.0633 -0.0945 -0.2037, -0.062 -0.0931 -0.2037, -0.0608 -0.0916 -0.2037, -0.0597 -0.0899 -0.2037, -0.0588 -0.0882 -0.2037, -0.058 -0.0864 -0.2037, -0.0574 -0.0845 -0.2037, -0.057 -0.0826 -0.2037, -0.0568 -0.0807 -0.2037, -0.0567 -0.0787 -0.2037, -0.0609 -0.0772 -0.2054, -0.0612 -0.0756 -0.2054, -0.0615 -0.0741 -0.2054, -0.062 -0.0725 -0.2054, -0.0626 -0.0711 -0.2054, -0.0633 -0.0697 -0.2054, -0.0642 -0.0684 -0.2054, -0.0652 -0.0671 -0.2054, -0.0662 -0.066 -0.2054, -0.0674 -0.0649 -0.2054, -0.0687 -0.064 -0.2054, -0.07 -0.0631 -0.2054, -0.0714 -0.0624 -0.2054, -0.0729 -0.0618 -0.2054, -0.0744 -0.0614 -0.2054, -0.076 -0.0611 -0.2054, -0.0776 -0.0609 -0.2054, -0.0791 -0.0609 -0.2054, -0.0807 -0.061 -0.2054, -0.0823 -0.0612 -0.2054, -0.0838 -0.0616 -0.2054, -0.0853 -0.0621 -0.2054, -0.0867 -0.0628 -0.2054, -0.0881 -0.0635 -0.2054, -0.0894 -0.0644 -0.2054, -0.0907 -0.0654 -0.2054, -0.0918 -0.0665 -0.2054, -0.0928 -0.0677 -0.2054, -0.0937 -0.069 -0.2054, -0.0945 -0.0704 -0.2054, -0.0952 -0.0718 -0.2054, -0.0958 -0.0733 -0.2054, -0.0962 -0.0748 -0.2054, -0.0964 -0.0764 -0.2054, -0.0966 -0.078 -0.2054, -0.0966 -0.0795 -0.2054, -0.0964 -0.0811 -0.2054, -0.0962 -0.0827 -0.2054, -0.0958 -0.0842 -0.2054, -0.0952 -0.0857 -0.2054, -0.0945 -0.0871 -0.2054, -0.0937 -0.0885 -0.2054, -0.0928 -0.0897 -0.2054, -0.0918 -0.0909 -0.2054, -0.0907 -0.0921 -0.2054, -0.0894 -0.0931 -0.2054, -0.0881 -0.0939 -0.2054, -0.0867 -0.0947 -0.2054, -0.0853 -0.0954 -0.2054, -0.0838 -0.0959 -0.2054, -0.0823 -0.0963 -0.2054, -0.0807 -0.0965 -0.2054, -0.0791 -0.0966 -0.2054, -0.0776 -0.0966 -0.2054, -0.076 -0.0964 -0.2054, -0.0744 -0.0961 -0.2054, -0.0729 -0.0956 -0.2054, -0.0714 -0.095 -0.2054, -0.07 -0.0943 -0.2054, -0.0687 -0.0935 -0.2054, -0.0674 -0.0926 -0.2054, -0.0662 -0.0915 -0.2054, -0.0652 -0.0904 -0.2054, -0.0642 -0.0891 -0.2054, -0.0633 -0.0878 -0.2054, -0.0626 -0.0864 -0.2054, -0.062 -0.0849 -0.2054, -0.0615 -0.0834 -0.2054, -0.0612 -0.0819 -0.2054, -0.0609 -0.0803 -0.2054, -0.0609 -0.0787 -0.2054, -0.0653 -0.0775 -0.2068, -0.0654 -0.0764 -0.2068, -0.0657 -0.0752 -0.2068, -0.0661 -0.0741 -0.2068, -0.0665 -0.0729 -0.2068, -0.0671 -0.0719 -0.2068, -0.0677 -0.0709 -0.2068, -0.0685 -0.0699 -0.2068, -0.0693 -0.0691 -0.2068, -0.0702 -0.0683 -0.2068, -0.0711 -0.0676 -0.2068, -0.0722 -0.0669 -0.2068, -0.0732 -0.0664 -0.2068, -0.0743 -0.066 -0.2068, -0.0755 -0.0656 -0.2068, -0.0767 -0.0654 -0.2068, -0.0778 -0.0652 -0.2068, -0.079 -0.0652 -0.2068, -0.0802 -0.0653 -0.2068, -0.0814 -0.0655 -0.2068, -0.0826 -0.0658 -0.2068, -0.0837 -0.0662 -0.2068, -0.0848 -0.0666 -0.2068, -0.0858 -0.0672 -0.2068, -0.0868 -0.0679 -0.2068, -0.0878 -0.0687 -0.2068, -0.0886 -0.0695 -0.2068, -0.0894 -0.0704 -0.2068, -0.0901 -0.0714 -0.2068, -0.0907 -0.0724 -0.2068, -0.0912 -0.0735 -0.2068, -0.0916 -0.0746 -0.2068, -0.0919 -0.0758 -0.2068, -0.0921 -0.0769 -0.2068, -0.0923 -0.0781 -0.2068, -0.0923 -0.0793 -0.2068, -0.0921 -0.0805 -0.2068, -0.0919 -0.0817 -0.2068, -0.0916 -0.0829 -0.2068, -0.0912 -0.084 -0.2068, -0.0907 -0.0851 -0.2068, -0.0901 -0.0861 -0.2068, -0.0894 -0.0871 -0.2068, -0.0886 -0.088 -0.2068, -0.0878 -0.0888 -0.2068, -0.0868 -0.0896 -0.2068, -0.0858 -0.0902 -0.2068, -0.0848 -0.0908 -0.2068, -0.0837 -0.0913 -0.2068, -0.0826 -0.0917 -0.2068, -0.0814 -0.092 -0.2068, -0.0802 -0.0922 -0.2068, -0.079 -0.0923 -0.2068, -0.0778 -0.0922 -0.2068, -0.0767 -0.0921 -0.2068, -0.0755 -0.0919 -0.2068, -0.0743 -0.0915 -0.2068, -0.0732 -0.0911 -0.2068, -0.0722 -0.0906 -0.2068, -0.0711 -0.0899 -0.2068, -0.0702 -0.0892 -0.2068, -0.0693 -0.0884 -0.2068, -0.0685 -0.0875 -0.2068, -0.0677 -0.0866 -0.2068, -0.0671 -0.0856 -0.2068, -0.0665 -0.0845 -0.2068, -0.0661 -0.0834 -0.2068, -0.0657 -0.0823 -0.2068, -0.0654 -0.0811 -0.2068, -0.0653 -0.0799 -0.2068, -0.0652 -0.0787 -0.2068, -0.0697 -0.0779 -0.2079, -0.0698 -0.0771 -0.2079, -0.07 -0.0764 -0.2079, -0.0702 -0.0756 -0.2079, -0.0705 -0.0749 -0.2079, -0.0709 -0.0741 -0.2079, -0.0713 -0.0735 -0.2079, -0.0718 -0.0728 -0.2079, -0.0724 -0.0723 -0.2079, -0.073 -0.0717 -0.2079, -0.0736 -0.0712 -0.2079, -0.0743 -0.0708 -0.2079, -0.075 -0.0705 -0.2079, -0.0758 -0.0702 -0.2079, -0.0766 -0.0699 -0.2079, -0.0773 -0.0698 -0.2079, -0.0781 -0.0697 -0.2079, -0.0789 -0.0697 -0.2079, -0.0797 -0.0697 -0.2079, -0.0805 -0.0698 -0.2079, -0.0813 -0.07 -0.2079, -0.0821 -0.0703 -0.2079, -0.0828 -0.0706 -0.2079, -0.0835 -0.071 -0.2079, -0.0842 -0.0715 -0.2079, -0.0848 -0.072 -0.2079, -0.0854 -0.0725 -0.2079, -0.0859 -0.0731 -0.2079, -0.0864 -0.0738 -0.2079, -0.0868 -0.0745 -0.2079, -0.0871 -0.0752 -0.2079, -0.0874 -0.076 -0.2079, -0.0876 -0.0767 -0.2079, -0.0877 -0.0775 -0.2079, -0.0878 -0.0783 -0.2079, -0.0878 -0.0791 -0.2079, -0.0877 -0.0799 -0.2079, -0.0876 -0.0807 -0.2079, -0.0874 -0.0815 -0.2079, -0.0871 -0.0823 -0.2079, -0.0868 -0.083 -0.2079, -0.0864 -0.0837 -0.2079, -0.0859 -0.0843 -0.2079, -0.0854 -0.0849 -0.2079, -0.0848 -0.0855 -0.2079, -0.0842 -0.086 -0.2079, -0.0835 -0.0865 -0.2079, -0.0828 -0.0869 -0.2079, -0.0821 -0.0872 -0.2079, -0.0813 -0.0874 -0.2079, -0.0805 -0.0876 -0.2079, -0.0797 -0.0878 -0.2079, -0.0789 -0.0878 -0.2079, -0.0781 -0.0878 -0.2079, -0.0773 -0.0877 -0.2079, -0.0766 -0.0875 -0.2079, -0.0758 -0.0873 -0.2079, -0.075 -0.087 -0.2079, -0.0743 -0.0867 -0.2079, -0.0736 -0.0862 -0.2079, -0.073 -0.0858 -0.2079, -0.0724 -0.0852 -0.2079, -0.0718 -0.0846 -0.2079, -0.0713 -0.084 -0.2079, -0.0709 -0.0833 -0.2079, -0.0705 -0.0826 -0.2079, -0.0702 -0.0819 -0.2079, -0.07 -0.0811 -0.2079, -0.0698 -0.0803 -0.2079, -0.0697 -0.0795 -0.2079, -0.0697 -0.0787 -0.2079, -0.0787 -0.0787 -0.1299, -0.0787 -0.0787 -0.1299
            ]
        }
        coordIndex [
            0,1,2,-1,0,2,3,-1,4,3,2,-1,5,4,2,-1,6,5,2,-1,7,6,2,-1,8,7,2,-1,9,8,2,-1,10,9,2,-1,11,10,2,-1,12,11,2,-1,13,12,2,-1,14,13,2,-1,15,14,2,-1,16,15,2,-1,17,16,2,-1,18,17,2,-1,19,18,2,-1,20,19,2,-1,21,20,2,-1,22,21,2,-1,23,22,2,-1,24,23,2,-1,25,24,2,-1,26,25,2,-1,27,26,2,-1,28,27,2,-1,29,28,2,-1,30,29,2,-1,31,30,2,-1,32,31,2,-1,33,32,2,-1,34,33,2,-1,35,34,2,-1,36,35,2,-1,37,36,2,-1,38,37,2,-1,39,38,2,-1,40,39,2,-1,41,40,2,-1,42,41,2,-1,43,42,2,-1,44,43,2,-1,45,44,2,-1,46,45,2,-1,47,46,2,-1,48,47,2,-1,49,48,2,-1,50,49,2,-1,51,50,2,-1,52,51,2,-1,53,52,2,-1,54,53,2,-1,55,54,2,-1,56,55,2,-1,57,56,2,-1,58,57,2,-1,59,58,2,-1,60,59,2,-1,61,60,2,-1,62,61,2,-1,63,62,2,-1,64,63,2,-1,65,64,2,-1,66,65,2,-1,67,66,2,-1,68,67,2,-1,69,68,2,-1,70,69,2,-1,71,70,2,-1,1,71,2,-1,72,73,74,-1,74,73,75,-1,74,75,76,-1,76,75,77,-1,76,77,78,-1,78,77,79,-1,78,79,80,-1,80,79,81,-1,80,81,82,-1,82,81,83,-1,82,83,84,-1,84,83,85,-1,84,85,86,-1,86,85,87,-1,86,87,88,-1,88,87,89,-1,88,89,90,-1,90,89,91,-1,90,91,92,-1,92,91,93,-1,92,93,94,-1,94,93,95,-1,94,95,96,-1,96,95,97,-1,96,97,98,-1,98,97,99,-1,98,99,100,-1,100,99,101,-1,100,101,102,-1,102,101,103,-1,102,103,104,-1,104,103,105,-1,104,105,106,-1,106,105,107,-1,106,107,108,-1,108,107,109,-1,108,109,110,-1,110,109,111,-1,110,111,112,-1,112,111,113,-1,112,113,114,-1,114,113,115,-1,114,115,116,-1,116,115,117,-1,116,117,118,-1,118,117,119,-1,118,119,120,-1,120,119,121,-1,120,121,122,-1,122,121,123,-1,122,123,124,-1,124,123,125,-1,124,125,126,-1,126,125,127,-1,126,127,128,-1,128,127,129,-1,128,129,130,-1,130,129,131,-1,130,131,132,-1,132,131,133,-1,132,133,134,-1,134,133,135,-1,134,135,136,-1,136,135,137,-1,136,137,138,-1,138,137,139,-1,138,139,140,-1,140,139,141,-1,140,141,142,-1,142,141,143,-1,142,143,144,-1,144,143,145,-1,144,145,146,-1,146,145,147,-1,146,147,148,-1,148,147,149,-1,148,149,150,-1,150,149,151,-1,150,151,152,-1,152,151,153,-1,152,153,154,-1,154,153,155,-1,154,155,156,-1,156,155,157,-1,156,157,158,-1,158,157,159,-1,158,159,160,-1,160,159,161,-1,160,161,162,-1,162,161,163,-1,162,163,164,-1,164,163,165,-1,164,165,166,-1,166,165,167,-1,166,167,168,-1,168,167,169,-1,168,169,170,-1,170,169,171,-1,170,171,172,-1,172,171,173,-1,172,173,174,-1,174,173,175,-1,174,175,176,-1,176,175,177,-1,176,177,178,-1,178,177,179,-1,178,179,180,-1,180,179,181,-1,180,181,182,-1,182,181,183,-1,182,183,184,-1,184,183,185,-1,184,185,186,-1,186,185,187,-1,186,187,188,-1,188,187,189,-1,188,189,190,-1,190,189,191,-1,190,191,192,-1,192,191,193,-1,192,193,194,-1,194,193,195,-1,194,195,196,-1,196,195,197,-1,196,197,198,-1,198,197,199,-1,198,199,200,-1,200,199,201,-1,200,201,202,-1,202,201,203,-1,202,203,204,-1,204,203,205,-1,204,205,206,-1,206,205,207,-1,206,207,208,-1,208,207,209,-1,208,209,210,-1,210,209,211,-1,210,211,212,-1,212,211,213,-1,212,213,72,-1,72,213,73,-1,213,214,73,-1,73,214,215,-1,73,215,75,-1,75,215,216,-1,75,216,77,-1,77,216,217,-1,77,217,79,-1,79,217,218,-1,79,218,81,-1,81,218,219,-1,81,219,83,-1,83,219,220,-1,83,220,85,-1,85,220,221,-1,85,221,87,-1,87,221,222,-1,87,222,89,-1,89,222,223,-1,89,223,91,-1,91,223,224,-1,91,224,93,-1,93,224,225,-1,93,225,95,-1,95,225,226,-1,95,226,97,-1,97,226,227,-1,97,227,99,-1,99,227,228,-1,99,228,101,-1,101,228,229,-1,101,229,103,-1,103,229,230,-1,103,230,105,-1,105,230,231,-1,105,231,107,-1,107,231,232,-1,107,232,109,-1,109,232,233,-1,109,233,111,-1,111,233,234,-1,111,234,113,-1,113,234,235,-1,113,235,115,-1,115,235,236,-1,115,236,117,-1,117,236,237,-1,117,237,119,-1,119,237,238,-1,119,238,121,-1,121,238,239,-1,121,239,123,-1,123,239,240,-1,123,240,125,-1,125,240,241,-1,125,241,127,-1,127,241,242,-1,127,242,129,-1,129,242,243,-1,129,243,131,-1,131,243,244,-1,131,244,133,-1,133,244,245,-1,133,245,135,-1,135,245,246,-1,135,246,137,-1,137,246,247,-1,137,247,139,-1,139,247,248,-1,139,248,141,-1,141,248,249,-1,141,249,143,-1,143,249,250,-1,143,250,145,-1,145,250,251,-1,145,251,147,-1,147,251,252,-1,147,252,149,-1,149,252,253,-1,149,253,151,-1,151,253,254,-1,151,254,153,-1,153,254,255,-1,153,255,155,-1,155,255,256,-1,155,256,157,-1,157,256,257,-1,157,257,159,-1,159,257,258,-1,159,258,161,-1,161,258,259,-1,161,259,163,-1,163,259,260,-1,163,260,165,-1,165,260,261,-1,165,261,167,-1,167,261,262,-1,167,262,169,-1,169,262,263,-1,169,263,171,-1,171,263,264,-1,171,264,173,-1,173,264,265,-1,173,265,175,-1,175,265,266,-1,175,266,177,-1,177,266,267,-1,177,267,179,-1,179,267,268,-1,179,268,181,-1,181,268,269,-1,181,269,183,-1,183,269,270,-1,183,270,185,-1,185,270,271,-1,185,271,187,-1,187,271,272,-1,187,272,189,-1,189,272,273,-1,189,273,191,-1,191,273,274,-1,191,274,193,-1,193,274,275,-1,193,275,195,-1,195,275,276,-1,195,276,197,-1,197,276,277,-1,197,277,199,-1,199,277,278,-1,199,278,201,-1,201,278,279,-1,201,279,203,-1,203,279,280,-1,203,280,205,-1,205,280,281,-1,205,281,207,-1,207,281,282,-1,207,282,209,-1,209,282,283,-1,209,283,211,-1,211,283,284,-1,211,284,213,-1,213,284,214,-1,284,285,214,-1,214,285,286,-1,214,286,215,-1,215,286,287,-1,215,287,216,-1,216,287,288,-1,216,288,217,-1,217,288,289,-1,217,289,218,-1,218,289,290,-1,218,290,219,-1,219,290,291,-1,219,291,220,-1,220,291,292,-1,220,292,221,-1,221,292,293,-1,221,293,222,-1,222,293,294,-1,222,294,223,-1,223,294,295,-1,223,295,224,-1,224,295,296,-1,224,296,225,-1,225,296,297,-1,225,297,226,-1,226,297,298,-1,226,298,227,-1,227,298,299,-1,227,299,228,-1,228,299,300,-1,228,300,229,-1,229,300,301,-1,229,301,230,-1,230,301,302,-1,230,302,231,-1,231,302,303,-1,231,303,232,-1,232,303,304,-1,232,304,233,-1,233,304,305,-1,233,305,234,-1,234,305,306,-1,234,306,235,-1,235,306,307,-1,235,307,236,-1,236,307,308,-1,236,308,237,-1,237,308,309,-1,237,309,238,-1,238,309,310,-1,238,310,239,-1,239,310,311,-1,239,311,240,-1,240,311,312,-1,240,312,241,-1,241,312,313,-1,241,313,242,-1,242,313,314,-1,242,314,243,-1,243,314,315,-1,243,315,244,-1,244,315,316,-1,244,316,245,-1,245,316,317,-1,245,317,246,-1,246,317,318,-1,246,318,247,-1,247,318,319,-1,247,319,248,-1,248,319,320,-1,248,320,249,-1,249,320,321,-1,249,321,250,-1,250,321,322,-1,250,322,251,-1,251,322,323,-1,251,323,252,-1,252,323,324,-1,252,324,253,-1,253,324,325,-1,253,325,254,-1,254,325,326,-1,254,326,255,-1,255,326,327,-1,255,327,256,-1,256,327,328,-1,256,328,257,-1,257,328,329,-1,257,329,258,-1,258,329,330,-1,258,330,259,-1,259,330,331,-1,259,331,260,-1,260,331,332,-1,260,332,261,-1,261,332,333,-1,261,333,262,-1,262,333,334,-1,262,334,263,-1,263,334,335,-1,263,335,264,-1,264,335,336,-1,264,336,265,-1,265,336,337,-1,265,337,266,-1,266,337,338,-1,266,338,267,-1,267,338,339,-1,267,339,268,-1,268,339,340,-1,268,340,269,-1,269,340,341,-1,269,341,270,-1,270,341,342,-1,270,342,271,-1,271,342,343,-1,271,343,272,-1,272,343,344,-1,272,344,273,-1,273,344,345,-1,273,345,274,-1,274,345,346,-1,274,346,275,-1,275,346,347,-1,275,347,276,-1,276,347,348,-1,276,348,277,-1,277,348,349,-1,277,349,278,-1,278,349,350,-1,278,350,279,-1,279,350,351,-1,279,351,280,-1,280,351,352,-1,280,352,281,-1,281,352,353,-1,281,353,282,-1,282,353,354,-1,282,354,283,-1,283,354,355,-1,283,355,284,-1,284,355,285,-1,355,356,285,-1,285,356,357,-1,285,357,286,-1,286,357,358,-1,286,358,287,-1,287,358,359,-1,287,359,288,-1,288,359,360,-1,288,360,289,-1,289,360,361,-1,289,361,290,-1,290,361,362,-1,290,362,291,-1,291,362,363,-1,291,363,292,-1,292,363,364,-1,292,364,293,-1,293,364,365,-1,293,365,294,-1,294,365,366,-1,294,366,295,-1,295,366,367,-1,295,367,296,-1,296,367,368,-1,296,368,297,-1,297,368,369,-1,297,369,298,-1,298,369,370,-1,298,370,299,-1,299,370,371,-1,299,371,300,-1,300,371,372,-1,300,372,301,-1,301,372,373,-1,301,373,302,-1,302,373,374,-1,302,374,303,-1,303,374,375,-1,303,375,304,-1,304,375,376,-1,304,376,305,-1,305,376,377,-1,305,377,306,-1,306,377,378,-1,306,378,307,-1,307,378,379,-1,307,379,308,-1,308,379,380,-1,308,380,309,-1,309,380,381,-1,309,381,310,-1,310,381,382,-1,310,382,311,-1,311,382,383,-1,311,383,312,-1,312,383,384,-1,312,384,313,-1,313,384,385,-1,313,385,314,-1,314,385,386,-1,314,386,315,-1,315,386,387,-1,315,387,316,-1,316,387,388,-1,316,388,317,-1,317,388,389,-1,317,389,318,-1,318,389,390,-1,318,390,319,-1,319,390,391,-1,319,391,320,-1,320,391,392,-1,320,392,321,-1,321,392,393,-1,321,393,322,-1,322,393,394,-1,322,394,323,-1,323,394,395,-1,323,395,324,-1,324,395,396,-1,324,396,325,-1,325,396,397,-1,325,397,326,-1,326,397,398,-1,326,398,327,-1,327,398,399,-1,327,399,328,-1,328,399,400,-1,328,400,329,-1,329,400,401,-1,329,401,330,-1,330,401,402,-1,330,402,331,-1,331,402,403,-1,331,403,332,-1,332,403,404,-1,332,404,333,-1,333,404,405,-1,333,405,334,-1,334,405,406,-1,334,406,335,-1,335,406,407,-1,335,407,336,-1,336,407,408,-1,336,408,337,-1,337,408,409,-1,337,409,338,-1,338,409,410,-1,338,410,339,-1,339,410,411,-1,339,411,340,-1,340,411,412,-1,340,412,341,-1,341,412,413,-1,341,413,342,-1,342,413,414,-1,342,414,343,-1,343,414,415,-1,343,415,344,-1,344,415,416,-1,344,416,345,-1,345,416,417,-1,345,417,346,-1,346,417,418,-1,346,418,347,-1,347,418,419,-1,347,419,348,-1,348,419,420,-1,348,420,349,-1,349,420,421,-1,349,421,350,-1,350,421,422,-1,350,422,351,-1,351,422,423,-1,351,423,352,-1,352,423,424,-1,352,424,353,-1,353,424,425,-1,353,425,354,-1,354,425,426,-1,354,426,355,-1,355,426,356,-1,426,427,356,-1,356,427,428,-1,356,428,357,-1,357,428,429,-1,357,429,358,-1,358,429,430,-1,358,430,359,-1,359,430,431,-1,359,431,360,-1,360,431,432,-1,360,432,361,-1,361,432,433,-1,361,433,362,-1,362,433,434,-1,362,434,363,-1,363,434,435,-1,363,435,364,-1,364,435,436,-1,364,436,365,-1,365,436,437,-1,365,437,366,-1,366,437,438,-1,366,438,367,-1,367,438,439,-1,367,439,368,-1,368,439,440,-1,368,440,369,-1,369,440,441,-1,369,441,370,-1,370,441,442,-1,370,442,371,-1,371,442,443,-1,371,443,372,-1,372,443,444,-1,372,444,373,-1,373,444,445,-1,373,445,374,-1,374,445,446,-1,374,446,375,-1,375,446,447,-1,375,447,376,-1,376,447,448,-1,376,448,377,-1,377,448,449,-1,377,449,378,-1,378,449,450,-1,378,450,379,-1,379,450,451,-1,379,451,380,-1,380,451,452,-1,380,452,381,-1,381,452,453,-1,381,453,382,-1,382,453,454,-1,382,454,383,-1,383,454,455,-1,383,455,384,-1,384,455,456,-1,384,456,385,-1,385,456,457,-1,385,457,386,-1,386,457,458,-1,386,458,387,-1,387,458,459,-1,387,459,388,-1,388,459,460,-1,388,460,389,-1,389,460,461,-1,389,461,390,-1,390,461,462,-1,390,462,391,-1,391,462,463,-1,391,463,392,-1,392,463,464,-1,392,464,393,-1,393,464,465,-1,393,465,394,-1,394,465,466,-1,394,466,395,-1,395,466,467,-1,395,467,396,-1,396,467,468,-1,396,468,397,-1,397,468,469,-1,397,469,398,-1,398,469,470,-1,398,470,399,-1,399,470,471,-1,399,471,400,-1,400,471,472,-1,400,472,401,-1,401,472,473,-1,401,473,402,-1,402,473,474,-1,402,474,403,-1,403,474,475,-1,403,475,404,-1,404,475,476,-1,404,476,405,-1,405,476,477,-1,405,477,406,-1,406,477,478,-1,406,478,407,-1,407,478,479,-1,407,479,408,-1,408,479,480,-1,408,480,409,-1,409,480,481,-1,409,481,410,-1,410,481,482,-1,410,482,411,-1,411,482,483,-1,411,483,412,-1,412,483,484,-1,412,484,413,-1,413,484,485,-1,413,485,414,-1,414,485,486,-1,414,486,415,-1,415,486,487,-1,415,487,416,-1,416,487,488,-1,416,488,417,-1,417,488,489,-1,417,489,418,-1,418,489,490,-1,418,490,419,-1,419,490,491,-1,419,491,420,-1,420,491,492,-1,420,492,421,-1,421,492,493,-1,421,493,422,-1,422,493,494,-1,422,494,423,-1,423,494,495,-1,423,495,424,-1,424,495,496,-1,424,496,425,-1,425,496,497,-1,425,497,426,-1,426,497,427,-1,497,498,427,-1,427,498,499,-1,427,499,428,-1,428,499,500,-1,428,500,429,-1,429,500,501,-1,429,501,430,-1,430,501,502,-1,430,502,431,-1,431,502,503,-1,431,503,432,-1,432,503,504,-1,432,504,433,-1,433,504,505,-1,433,505,434,-1,434,505,506,-1,434,506,435,-1,435,506,507,-1,435,507,436,-1,436,507,508,-1,436,508,437,-1,437,508,509,-1,437,509,438,-1,438,509,510,-1,438,510,439,-1,439,510,511,-1,439,511,440,-1,440,511,512,-1,440,512,441,-1,441,512,513,-1,441,513,442,-1,442,513,514,-1,442,514,443,-1,443,514,515,-1,443,515,444,-1,444,515,516,-1,444,516,445,-1,445,516,517,-1,445,517,446,-1,446,517,518,-1,446,518,447,-1,447,518,519,-1,447,519,448,-1,448,519,520,-1,448,520,449,-1,449,520,521,-1,449,521,450,-1,450,521,522,-1,450,522,451,-1,451,522,523,-1,451,523,452,-1,452,523,524,-1,452,524,453,-1,453,524,525,-1,453,525,454,-1,454,525,526,-1,454,526,455,-1,455,526,527,-1,455,527,456,-1,456,527,528,-1,456,528,457,-1,457,528,529,-1,457,529,458,-1,458,529,530,-1,458,530,459,-1,459,530,531,-1,459,531,460,-1,460,531,532,-1,460,532,461,-1,461,532,533,-1,461,533,462,-1,462,533,534,-1,462,534,463,-1,463,534,535,-1,463,535,464,-1,464,535,536,-1,464,536,465,-1,465,536,537,-1,465,537,466,-1,466,537,538,-1,466,538,467,-1,467,538,539,-1,467,539,468,-1,468,539,540,-1,468,540,469,-1,469,540,541,-1,469,541,470,-1,470,541,542,-1,470,542,471,-1,471,542,543,-1,471,543,472,-1,472,543,544,-1,472,544,473,-1,473,544,545,-1,473,545,474,-1,474,545,546,-1,474,546,475,-1,475,546,547,-1,475,547,476,-1,476,547,548,-1,476,548,477,-1,477,548,549,-1,477,549,478,-1,478,549,550,-1,478,550,479,-1,479,550,551,-1,479,551,480,-1,480,551,552,-1,480,552,481,-1,481,552,553,-1,481,553,482,-1,482,553,554,-1,482,554,483,-1,483,554,555,-1,483,555,484,-1,484,555,556,-1,484,556,485,-1,485,556,557,-1,485,557,486,-1,486,557,558,-1,486,558,487,-1,487,558,559,-1,487,559,488,-1,488,559,560,-1,488,560,489,-1,489,560,561,-1,489,561,490,-1,490,561,562,-1,490,562,491,-1,491,562,563,-1,491,563,492,-1,492,563,564,-1,492,564,493,-1,493,564,565,-1,493,565,494,-1,494,565,566,-1,494,566,495,-1,495,566,567,-1,495,567,496,-1,496,567,568,-1,496,568,497,-1,497,568,498,-1,568,569,498,-1,498,569,570,-1,498,570,499,-1,499,570,571,-1,499,571,500,-1,500,571,572,-1,500,572,501,-1,501,572,573,-1,501,573,502,-1,502,573,574,-1,502,574,503,-1,503,574,575,-1,503,575,504,-1,504,575,576,-1,504,576,505,-1,505,576,577,-1,505,577,506,-1,506,577,578,-1,506,578,507,-1,507,578,579,-1,507,579,508,-1,508,579,580,-1,508,580,509,-1,509,580,581,-1,509,581,510,-1,510,581,582,-1,510,582,511,-1,511,582,583,-1,511,583,512,-1,512,583,584,-1,512,584,513,-1,513,584,585,-1,513,585,514,-1,514,585,586,-1,514,586,515,-1,515,586,587,-1,515,587,516,-1,516,587,588,-1,516,588,517,-1,517,588,589,-1,517,589,518,-1,518,589,590,-1,518,590,519,-1,519,590,591,-1,519,591,520,-1,520,591,592,-1,520,592,521,-1,521,592,593,-1,521,593,522,-1,522,593,594,-1,522,594,523,-1,523,594,595,-1,523,595,524,-1,524,595,596,-1,524,596,525,-1,525,596,597,-1,525,597,526,-1,526,597,598,-1,526,598,527,-1,527,598,599,-1,527,599,528,-1,528,599,600,-1,528,600,529,-1,529,600,601,-1,529,601,530,-1,530,601,602,-1,530,602,531,-1,531,602,603,-1,531,603,532,-1,532,603,604,-1,532,604,533,-1,533,604,605,-1,533,605,534,-1,534,605,606,-1,534,606,535,-1,535,606,607,-1,535,607,536,-1,536,607,608,-1,536,608,537,-1,537,608,609,-1,537,609,538,-1,538,609,610,-1,538,610,539,-1,539,610,611,-1,539,611,540,-1,540,611,612,-1,540,612,541,-1,541,612,613,-1,541,613,542,-1,542,613,614,-1,542,614,543,-1,543,614,615,-1,543,615,544,-1,544,615,616,-1,544,616,545,-1,545,616,617,-1,545,617,546,-1,546,617,618,-1,546,618,547,-1,547,618,619,-1,547,619,548,-1,548,619,620,-1,548,620,549,-1,549,620,621,-1,549,621,550,-1,550,621,622,-1,550,622,551,-1,551,622,623,-1,551,623,552,-1,552,623,624,-1,552,624,553,-1,553,624,625,-1,553,625,554,-1,554,625,626,-1,554,626,555,-1,555,626,627,-1,555,627,556,-1,556,627,628,-1,556,628,557,-1,557,628,629,-1,557,629,558,-1,558,629,630,-1,558,630,559,-1,559,630,631,-1,559,631,560,-1,560,631,632,-1,560,632,561,-1,561,632,633,-1,561,633,562,-1,562,633,634,-1,562,634,563,-1,563,634,635,-1,563,635,564,-1,564,635,636,-1,564,636,565,-1,565,636,637,-1,565,637,566,-1,566,637,638,-1,566,638,567,-1,567,638,639,-1,567,639,568,-1,568,639,569,-1,639,640,569,-1,569,640,641,-1,569,641,570,-1,570,641,642,-1,570,642,571,-1,571,642,643,-1,571,643,572,-1,572,643,644,-1,572,644,573,-1,573,644,645,-1,573,645,574,-1,574,645,646,-1,574,646,575,-1,575,646,647,-1,575,647,576,-1,576,647,648,-1,576,648,577,-1,577,648,649,-1,577,649,578,-1,578,649,650,-1,578,650,579,-1,579,650,651,-1,579,651,580,-1,580,651,652,-1,580,652,581,-1,581,652,653,-1,581,653,582,-1,582,653,654,-1,582,654,583,-1,583,654,655,-1,583,655,584,-1,584,655,656,-1,584,656,585,-1,585,656,657,-1,585,657,586,-1,586,657,658,-1,586,658,587,-1,587,658,659,-1,587,659,588,-1,588,659,660,-1,588,660,589,-1,589,660,661,-1,589,661,590,-1,590,661,662,-1,590,662,591,-1,591,662,663,-1,591,663,592,-1,592,663,664,-1,592,664,593,-1,593,664,665,-1,593,665,594,-1,594,665,666,-1,594,666,595,-1,595,666,667,-1,595,667,596,-1,596,667,668,-1,596,668,597,-1,597,668,669,-1,597,669,598,-1,598,669,670,-1,598,670,599,-1,599,670,671,-1,599,671,600,-1,600,671,672,-1,600,672,601,-1,601,672,673,-1,601,673,602,-1,602,673,674,-1,602,674,603,-1,603,674,675,-1,603,675,604,-1,604,675,676,-1,604,676,605,-1,605,676,677,-1,605,677,606,-1,606,677,678,-1,606,678,607,-1,607,678,679,-1,607,679,608,-1,608,679,680,-1,608,680,609,-1,609,680,681,-1,609,681,610,-1,610,681,682,-1,610,682,611,-1,611,682,683,-1,611,683,612,-1,612,683,684,-1,612,684,613,-1,613,684,685,-1,613,685,614,-1,614,685,686,-1,614,686,615,-1,615,686,687,-1,615,687,616,-1,616,687,688,-1,616,688,617,-1,617,688,689,-1,617,689,618,-1,618,689,690,-1,618,690,619,-1,619,690,691,-1,619,691,620,-1,620,691,692,-1,620,692,621,-1,621,692,693,-1,621,693,622,-1,622,693,694,-1,622,694,623,-1,623,694,695,-1,623,695,624,-1,624,695,696,-1,624,696,625,-1,625,696,697,-1,625,697,626,-1,626,697,698,-1,626,698,627,-1,627,698,699,-1,627,699,628,-1,628,699,700,-1,628,700,629,-1,629,700,701,-1,629,701,630,-1,630,701,702,-1,630,702,631,-1,631,702,703,-1,631,703,632,-1,632,703,704,-1,632,704,633,-1,633,704,705,-1,633,705,634,-1,634,705,706,-1,634,706,635,-1,635,706,707,-1,635,707,636,-1,636,707,708,-1,636,708,637,-1,637,708,709,-1,637,709,638,-1,638,709,710,-1,638,710,639,-1,639,710,640,-1,710,711,640,-1,640,711,712,-1,640,712,641,-1,641,712,713,-1,641,713,642,-1,642,713,714,-1,642,714,643,-1,643,714,715,-1,643,715,644,-1,644,715,716,-1,644,716,645,-1,645,716,717,-1,645,717,646,-1,646,717,718,-1,646,718,647,-1,647,718,719,-1,647,719,648,-1,648,719,720,-1,648,720,649,-1,649,720,721,-1,649,721,650,-1,650,721,722,-1,650,722,651,-1,651,722,723,-1,651,723,652,-1,652,723,724,-1,652,724,653,-1,653,724,725,-1,653,725,654,-1,654,725,726,-1,654,726,655,-1,655,726,727,-1,655,727,656,-1,656,727,728,-1,656,728,657,-1,657,728,729,-1,657,729,658,-1,658,729,730,-1,658,730,659,-1,659,730,731,-1,659,731,660,-1,660,731,732,-1,660,732,661,-1,661,732,733,-1,661,733,662,-1,662,733,734,-1,662,734,663,-1,663,734,735,-1,663,735,664,-1,664,735,736,-1,664,736,665,-1,665,736,737,-1,665,737,666,-1,666,737,738,-1,666,738,667,-1,667,738,739,-1,667,739,668,-1,668,739,740,-1,668,740,669,-1,669,740,741,-1,669,741,670,-1,670,741,742,-1,670,742,671,-1,671,742,743,-1,671,743,672,-1,672,743,744,-1,672,744,673,-1,673,744,745,-1,673,745,674,-1,674,745,746,-1,674,746,675,-1,675,746,747,-1,675,747,676,-1,676,747,748,-1,676,748,677,-1,677,748,749,-1,677,749,678,-1,678,749,750,-1,678,750,679,-1,679,750,751,-1,679,751,680,-1,680,751,752,-1,680,752,681,-1,681,752,753,-1,681,753,682,-1,682,753,754,-1,682,754,683,-1,683,754,755,-1,683,755,684,-1,684,755,756,-1,684,756,685,-1,685,756,757,-1,685,757,686,-1,686,757,758,-1,686,758,687,-1,687,758,759,-1,687,759,688,-1,688,759,760,-1,688,760,689,-1,689,760,761,-1,689,761,690,-1,690,761,762,-1,690,762,691,-1,691,762,763,-1,691,763,692,-1,692,763,764,-1,692,764,693,-1,693,764,765,-1,693,765,694,-1,694,765,766,-1,694,766,695,-1,695,766,767,-1,695,767,696,-1,696,767,768,-1,696,768,697,-1,697,768,769,-1,697,769,698,-1,698,769,770,-1,698,770,699,-1,699,770,771,-1,699,771,700,-1,700,771,772,-1,700,772,701,-1,701,772,773,-1,701,773,702,-1,702,773,774,-1,702,774,703,-1,703,774,775,-1,703,775,704,-1,704,775,776,-1,704,776,705,-1,705,776,777,-1,705,777,706,-1,706,777,778,-1,706,778,707,-1,707,778,779,-1,707,779,708,-1,708,779,780,-1,708,780,709,-1,709,780,781,-1,709,781,710,-1,710,781,711,-1,781,782,711,-1,711,782,783,-1,711,783,712,-1,712,783,784,-1,712,784,713,-1,713,784,785,-1,713,785,714,-1,714,785,786,-1,714,786,715,-1,715,786,787,-1,715,787,716,-1,716,787,788,-1,716,788,717,-1,717,788,789,-1,717,789,718,-1,718,789,790,-1,718,790,719,-1,719,790,791,-1,719,791,720,-1,720,791,792,-1,720,792,721,-1,721,792,793,-1,721,793,722,-1,722,793,794,-1,722,794,723,-1,723,794,795,-1,723,795,724,-1,724,795,796,-1,724,796,725,-1,725,796,797,-1,725,797,726,-1,726,797,798,-1,726,798,727,-1,727,798,799,-1,727,799,728,-1,728,799,800,-1,728,800,729,-1,729,800,801,-1,729,801,730,-1,730,801,802,-1,730,802,731,-1,731,802,803,-1,731,803,732,-1,732,803,804,-1,732,804,733,-1,733,804,805,-1,733,805,734,-1,734,805,806,-1,734,806,735,-1,735,806,807,-1,735,807,736,-1,736,807,808,-1,736,808,737,-1,737,808,809,-1,737,809,738,-1,738,809,810,-1,738,810,739,-1,739,810,811,-1,739,811,740,-1,740,811,812,-1,740,812,741,-1,741,812,813,-1,741,813,742,-1,742,813,814,-1,742,814,743,-1,743,814,815,-1,743,815,744,-1,744,815,816,-1,744,816,745,-1,745,816,817,-1,745,817,746,-1,746,817,818,-1,746,818,747,-1,747,818,819,-1,747,819,748,-1,748,819,820,-1,748,820,749,-1,749,820,821,-1,749,821,750,-1,750,821,822,-1,750,822,751,-1,751,822,823,-1,751,823,752,-1,752,823,824,-1,752,824,753,-1,753,824,825,-1,753,825,754,-1,754,825,826,-1,754,826,755,-1,755,826,827,-1,755,827,756,-1,756,827,828,-1,756,828,757,-1,757,828,829,-1,757,829,758,-1,758,829,830,-1,758,830,759,-1,759,830,831,-1,759,831,760,-1,760,831,832,-1,760,832,761,-1,761,832,833,-1,761,833,762,-1,762,833,834,-1,762,834,763,-1,763,834,835,-1,763,835,764,-1,764,835,836,-1,764,836,765,-1,765,836,837,-1,765,837,766,-1,766,837,838,-1,766,838,767,-1,767,838,839,-1,767,839,768,-1,768,839,840,-1,768,840,769,-1,769,840,841,-1,769,841,770,-1,770,841,842,-1,770,842,771,-1,771,842,843,-1,771,843,772,-1,772,843,844,-1,772,844,773,-1,773,844,845,-1,773,845,774,-1,774,845,846,-1,774,846,775,-1,775,846,847,-1,775,847,776,-1,776,847,848,-1,776,848,777,-1,777,848,849,-1,777,849,778,-1,778,849,850,-1,778,850,779,-1,779,850,851,-1,779,851,780,-1,780,851,852,-1,780,852,781,-1,781,852,782,-1,852,853,782,-1,782,853,854,-1,782,854,783,-1,783,854,855,-1,783,855,784,-1,784,855,856,-1,784,856,785,-1,785,856,857,-1,785,857,786,-1,786,857,858,-1,786,858,787,-1,787,858,859,-1,787,859,788,-1,788,859,860,-1,788,860,789,-1,789,860,861,-1,789,861,790,-1,790,861,862,-1,790,862,791,-1,791,862,863,-1,791,863,792,-1,792,863,864,-1,792,864,793,-1,793,864,865,-1,793,865,794,-1,794,865,866,-1,794,866,795,-1,795,866,867,-1,795,867,796,-1,796,867,868,-1,796,868,797,-1,797,868,869,-1,797,869,798,-1,798,869,870,-1,798,870,799,-1,799,870,871,-1,799,871,800,-1,800,871,872,-1,800,872,801,-1,801,872,873,-1,801,873,802,-1,802,873,874,-1,802,874,803,-1,803,874,875,-1,803,875,804,-1,804,875,876,-1,804,876,805,-1,805,876,877,-1,805,877,806,-1,806,877,878,-1,806,878,807,-1,807,878,879,-1,807,879,808,-1,808,879,880,-1,808,880,809,-1,809,880,881,-1,809,881,810,-1,810,881,882,-1,810,882,811,-1,811,882,883,-1,811,883,812,-1,812,883,884,-1,812,884,813,-1,813,884,885,-1,813,885,814,-1,814,885,886,-1,814,886,815,-1,815,886,887,-1,815,887,816,-1,816,887,888,-1,816,888,817,-1,817,888,889,-1,817,889,818,-1,818,889,890,-1,818,890,819,-1,819,890,891,-1,819,891,820,-1,820,891,892,-1,820,892,821,-1,821,892,893,-1,821,893,822,-1,822,893,894,-1,822,894,823,-1,823,894,895,-1,823,895,824,-1,824,895,896,-1,824,896,825,-1,825,896,897,-1,825,897,826,-1,826,897,898,-1,826,898,827,-1,827,898,899,-1,827,899,828,-1,828,899,900,-1,828,900,829,-1,829,900,901,-1,829,901,830,-1,830,901,902,-1,830,902,831,-1,831,902,903,-1,831,903,832,-1,832,903,904,-1,832,904,833,-1,833,904,905,-1,833,905,834,-1,834,905,906,-1,834,906,835,-1,835,906,907,-1,835,907,836,-1,836,907,908,-1,836,908,837,-1,837,908,909,-1,837,909,838,-1,838,909,910,-1,838,910,839,-1,839,910,911,-1,839,911,840,-1,840,911,912,-1,840,912,841,-1,841,912,913,-1,841,913,842,-1,842,913,914,-1,842,914,843,-1,843,914,915,-1,843,915,844,-1,844,915,916,-1,844,916,845,-1,845,916,917,-1,845,917,846,-1,846,917,918,-1,846,918,847,-1,847,918,919,-1,847,919,848,-1,848,919,920,-1,848,920,849,-1,849,920,921,-1,849,921,850,-1,850,921,922,-1,850,922,851,-1,851,922,923,-1,851,923,852,-1,852,923,853,-1,923,924,853,-1,853,924,925,-1,853,925,854,-1,854,925,926,-1,854,926,855,-1,855,926,927,-1,855,927,856,-1,856,927,928,-1,856,928,857,-1,857,928,929,-1,857,929,858,-1,858,929,930,-1,858,930,859,-1,859,930,931,-1,859,931,860,-1,860,931,932,-1,860,932,861,-1,861,932,933,-1,861,933,862,-1,862,933,934,-1,862,934,863,-1,863,934,935,-1,863,935,864,-1,864,935,936,-1,864,936,865,-1,865,936,937,-1,865,937,866,-1,866,937,938,-1,866,938,867,-1,867,938,939,-1,867,939,868,-1,868,939,940,-1,868,940,869,-1,869,940,941,-1,869,941,870,-1,870,941,942,-1,870,942,871,-1,871,942,943,-1,871,943,872,-1,872,943,944,-1,872,944,873,-1,873,944,945,-1,873,945,874,-1,874,945,946,-1,874,946,875,-1,875,946,947,-1,875,947,876,-1,876,947,948,-1,876,948,877,-1,877,948,949,-1,877,949,878,-1,878,949,950,-1,878,950,879,-1,879,950,951,-1,879,951,880,-1,880,951,952,-1,880,952,881,-1,881,952,953,-1,881,953,882,-1,882,953,954,-1,882,954,883,-1,883,954,955,-1,883,955,884,-1,884,955,956,-1,884,956,885,-1,885,956,957,-1,885,957,886,-1,886,957,958,-1,886,958,887,-1,887,958,959,-1,887,959,888,-1,888,959,960,-1,888,960,889,-1,889,960,961,-1,889,961,890,-1,890,961,962,-1,890,962,891,-1,891,962,963,-1,891,963,892,-1,892,963,964,-1,892,964,893,-1,893,964,965,-1,893,965,894,-1,894,965,966,-1,894,966,895,-1,895,966,967,-1,895,967,896,-1,896,967,968,-1,896,968,897,-1,897,968,969,-1,897,969,898,-1,898,969,970,-1,898,970,899,-1,899,970,971,-1,899,971,900,-1,900,971,972,-1,900,972,901,-1,901,972,973,-1,901,973,902,-1,902,973,974,-1,902,974,903,-1,903,974,975,-1,903,975,904,-1,904,975,976,-1,904,976,905,-1,905,976,977,-1,905,977,906,-1,906,977,978,-1,906,978,907,-1,907,978,979,-1,907,979,908,-1,908,979,980,-1,908,980,909,-1,909,980,981,-1,909,981,910,-1,910,981,982,-1,910,982,911,-1,911,982,983,-1,911,983,912,-1,912,983,984,-1,912,984,913,-1,913,984,985,-1,913,985,914,-1,914,985,986,-1,914,986,915,-1,915,986,987,-1,915,987,916,-1,916,987,988,-1,916,988,917,-1,917,988,989,-1,917,989,918,-1,918,989,990,-1,918,990,919,-1,919,990,991,-1,919,991,920,-1,920,991,992,-1,920,992,921,-1,921,992,993,-1,921,993,922,-1,922,993,994,-1,922,994,923,-1,923,994,924,-1,994,995,924,-1,924,995,996,-1,924,996,925,-1,925,996,997,-1,925,997,926,-1,926,997,998,-1,926,998,927,-1,927,998,999,-1,927,999,928,-1,928,999,1000,-1,928,1000,929,-1,929,1000,1001,-1,929,1001,930,-1,930,1001,1002,-1,930,1002,931,-1,931,1002,1003,-1,931,1003,932,-1,932,1003,1004,-1,932,1004,933,-1,933,1004,1005,-1,933,1005,934,-1,934,1005,1006,-1,934,1006,935,-1,935,1006,1007,-1,935,1007,936,-1,936,1007,1008,-1,936,1008,937,-1,937,1008,1009,-1,937,1009,938,-1,938,1009,1010,-1,938,1010,939,-1,939,1010,1011,-1,939,1011,940,-1,940,1011,1012,-1,940,1012,941,-1,941,1012,1013,-1,941,1013,942,-1,942,1013,1014,-1,942,1014,943,-1,943,1014,1015,-1,943,1015,944,-1,944,1015,1016,-1,944,1016,945,-1,945,1016,1017,-1,945,1017,946,-1,946,1017,1018,-1,946,1018,947,-1,947,1018,1019,-1,947,1019,948,-1,948,1019,1020,-1,948,1020,949,-1,949,1020,1021,-1,949,1021,950,-1,950,1021,1022,-1,950,1022,951,-1,951,1022,1023,-1,951,1023,952,-1,952,1023,1024,-1,952,1024,953,-1,953,1024,1025,-1,953,1025,954,-1,954,1025,1026,-1,954,1026,955,-1,955,1026,1027,-1,955,1027,956,-1,956,1027,1028,-1,956,1028,957,-1,957,1028,1029,-1,957,1029,958,-1,958,1029,1030,-1,958,1030,959,-1,959,1030,1031,-1,959,1031,960,-1,960,1031,1032,-1,960,1032,961,-1,961,1032,1033,-1,961,1033,962,-1,962,1033,1034,-1,962,1034,963,-1,963,1034,1035,-1,963,1035,964,-1,964,1035,1036,-1,964,1036,965,-1,965,1036,1037,-1,965,1037,966,-1,966,1037,1038,-1,966,1038,967,-1,967,1038,1039,-1,967,1039,968,-1,968,1039,1040,-1,968,1040,969,-1,969,1040,1041,-1,969,1041,970,-1,970,1041,1042,-1,970,1042,971,-1,971,1042,1043,-1,971,1043,972,-1,972,1043,1044,-1,972,1044,973,-1,973,1044,1045,-1,973,1045,974,-1,974,1045,1046,-1,974,1046,975,-1,975,1046,1047,-1,975,1047,976,-1,976,1047,1048,-1,976,1048,977,-1,977,1048,1049,-1,977,1049,978,-1,978,1049,1050,-1,978,1050,979,-1,979,1050,1051,-1,979,1051,980,-1,980,1051,1052,-1,980,1052,981,-1,981,1052,1053,-1,981,1053,982,-1,982,1053,1054,-1,982,1054,983,-1,983,1054,1055,-1,983,1055,984,-1,984,1055,1056,-1,984,1056,985,-1,985,1056,1057,-1,985,1057,986,-1,986,1057,1058,-1,986,1058,987,-1,987,1058,1059,-1,987,1059,988,-1,988,1059,1060,-1,988,1060,989,-1,989,1060,1061,-1,989,1061,990,-1,990,1061,1062,-1,990,1062,991,-1,991,1062,1063,-1,991,1063,992,-1,992,1063,1064,-1,992,1064,993,-1,993,1064,1065,-1,993,1065,994,-1,994,1065,995,-1,1065,1066,995,-1,995,1066,1067,-1,995,1067,996,-1,996,1067,1068,-1,996,1068,997,-1,997,1068,1069,-1,997,1069,998,-1,998,1069,1070,-1,998,1070,999,-1,999,1070,1071,-1,999,1071,1000,-1,1000,1071,1072,-1,1000,1072,1001,-1,1001,1072,1073,-1,1001,1073,1002,-1,1002,1073,1074,-1,1002,1074,1003,-1,1003,1074,1075,-1,1003,1075,1004,-1,1004,1075,1076,-1,1004,1076,1005,-1,1005,1076,1077,-1,1005,1077,1006,-1,1006,1077,1078,-1,1006,1078,1007,-1,1007,1078,1079,-1,1007,1079,1008,-1,1008,1079,1080,-1,1008,1080,1009,-1,1009,1080,1081,-1,1009,1081,1010,-1,1010,1081,1082,-1,1010,1082,1011,-1,1011,1082,1083,-1,1011,1083,1012,-1,1012,1083,1084,-1,1012,1084,1013,-1,1013,1084,1085,-1,1013,1085,1014,-1,1014,1085,1086,-1,1014,1086,1015,-1,1015,1086,1087,-1,1015,1087,1016,-1,1016,1087,1088,-1,1016,1088,1017,-1,1017,1088,1089,-1,1017,1089,1018,-1,1018,1089,1090,-1,1018,1090,1019,-1,1019,1090,1091,-1,1019,1091,1020,-1,1020,1091,1092,-1,1020,1092,1021,-1,1021,1092,1093,-1,1021,1093,1022,-1,1022,1093,1094,-1,1022,1094,1023,-1,1023,1094,1095,-1,1023,1095,1024,-1,1024,1095,1096,-1,1024,1096,1025,-1,1025,1096,1097,-1,1025,1097,1026,-1,1026,1097,1098,-1,1026,1098,1027,-1,1027,1098,1099,-1,1027,1099,1028,-1,1028,1099,1100,-1,1028,1100,1029,-1,1029,1100,1101,-1,1029,1101,1030,-1,1030,1101,1102,-1,1030,1102,1031,-1,1031,1102,1103,-1,1031,1103,1032,-1,1032,1103,1104,-1,1032,1104,1033,-1,1033,1104,1105,-1,1033,1105,1034,-1,1034,1105,1106,-1,1034,1106,1035,-1,1035,1106,1107,-1,1035,1107,1036,-1,1036,1107,1108,-1,1036,1108,1037,-1,1037,1108,1109,-1,1037,1109,1038,-1,1038,1109,1110,-1,1038,1110,1039,-1,1039,1110,1111,-1,1039,1111,1040,-1,1040,1111,1112,-1,1040,1112,1041,-1,1041,1112,1113,-1,1041,1113,1042,-1,1042,1113,1114,-1,1042,1114,1043,-1,1043,1114,1115,-1,1043,1115,1044,-1,1044,1115,1116,-1,1044,1116,1045,-1,1045,1116,1117,-1,1045,1117,1046,-1,1046,1117,1118,-1,1046,1118,1047,-1,1047,1118,1119,-1,1047,1119,1048,-1,1048,1119,1120,-1,1048,1120,1049,-1,1049,1120,1121,-1,1049,1121,1050,-1,1050,1121,1122,-1,1050,1122,1051,-1,1051,1122,1123,-1,1051,1123,1052,-1,1052,1123,1124,-1,1052,1124,1053,-1,1053,1124,1125,-1,1053,1125,1054,-1,1054,1125,1126,-1,1054,1126,1055,-1,1055,1126,1127,-1,1055,1127,1056,-1,1056,1127,1128,-1,1056,1128,1057,-1,1057,1128,1129,-1,1057,1129,1058,-1,1058,1129,1130,-1,1058,1130,1059,-1,1059,1130,1131,-1,1059,1131,1060,-1,1060,1131,1132,-1,1060,1132,1061,-1,1061,1132,1133,-1,1061,1133,1062,-1,1062,1133,1134,-1,1062,1134,1063,-1,1063,1134,1135,-1,1063,1135,1064,-1,1064,1135,1136,-1,1064,1136,1065,-1,1065,1136,1066,-1,1136,1137,1066,-1,1066,1137,1138,-1,1066,1138,1067,-1,1067,1138,1139,-1,1067,1139,1068,-1,1068,1139,1140,-1,1068,1140,1069,-1,1069,1140,1141,-1,1069,1141,1070,-1,1070,1141,1142,-1,1070,1142,1071,-1,1071,1142,1143,-1,1071,1143,1072,-1,1072,1143,1144,-1,1072,1144,1073,-1,1073,1144,1145,-1,1073,1145,1074,-1,1074,1145,1146,-1,1074,1146,1075,-1,1075,1146,1147,-1,1075,1147,1076,-1,1076,1147,1148,-1,1076,1148,1077,-1,1077,1148,1149,-1,1077,1149,1078,-1,1078,1149,1150,-1,1078,1150,1079,-1,1079,1150,1151,-1,1079,1151,1080,-1,1080,1151,1152,-1,1080,1152,1081,-1,1081,1152,1153,-1,1081,1153,1082,-1,1082,1153,1154,-1,1082,1154,1083,-1,1083,1154,1155,-1,1083,1155,1084,-1,1084,1155,1156,-1,1084,1156,1085,-1,1085,1156,1157,-1,1085,1157,1086,-1,1086,1157,1158,-1,1086,1158,1087,-1,1087,1158,1159,-1,1087,1159,1088,-1,1088,1159,1160,-1,1088,1160,1089,-1,1089,1160,1161,-1,1089,1161,1090,-1,1090,1161,1162,-1,1090,1162,1091,-1,1091,1162,1163,-1,1091,1163,1092,-1,1092,1163,1164,-1,1092,1164,1093,-1,1093,1164,1165,-1,1093,1165,1094,-1,1094,1165,1166,-1,1094,1166,1095,-1,1095,1166,1167,-1,1095,1167,1096,-1,1096,1167,1168,-1,1096,1168,1097,-1,1097,1168,1169,-1,1097,1169,1098,-1,1098,1169,1170,-1,1098,1170,1099,-1,1099,1170,1171,-1,1099,1171,1100,-1,1100,1171,1172,-1,1100,1172,1101,-1,1101,1172,1173,-1,1101,1173,1102,-1,1102,1173,1174,-1,1102,1174,1103,-1,1103,1174,1175,-1,1103,1175,1104,-1,1104,1175,1176,-1,1104,1176,1105,-1,1105,1176,1177,-1,1105,1177,1106,-1,1106,1177,1178,-1,1106,1178,1107,-1,1107,1178,1179,-1,1107,1179,1108,-1,1108,1179,1180,-1,1108,1180,1109,-1,1109,1180,1181,-1,1109,1181,1110,-1,1110,1181,1182,-1,1110,1182,1111,-1,1111,1182,1183,-1,1111,1183,1112,-1,1112,1183,1184,-1,1112,1184,1113,-1,1113,1184,1185,-1,1113,1185,1114,-1,1114,1185,1186,-1,1114,1186,1115,-1,1115,1186,1187,-1,1115,1187,1116,-1,1116,1187,1188,-1,1116,1188,1117,-1,1117,1188,1189,-1,1117,1189,1118,-1,1118,1189,1190,-1,1118,1190,1119,-1,1119,1190,1191,-1,1119,1191,1120,-1,1120,1191,1192,-1,1120,1192,1121,-1,1121,1192,1193,-1,1121,1193,1122,-1,1122,1193,1194,-1,1122,1194,1123,-1,1123,1194,1195,-1,1123,1195,1124,-1,1124,1195,1196,-1,1124,1196,1125,-1,1125,1196,1197,-1,1125,1197,1126,-1,1126,1197,1198,-1,1126,1198,1127,-1,1127,1198,1199,-1,1127,1199,1128,-1,1128,1199,1200,-1,1128,1200,1129,-1,1129,1200,1201,-1,1129,1201,1130,-1,1130,1201,1202,-1,1130,1202,1131,-1,1131,1202,1203,-1,1131,1203,1132,-1,1132,1203,1204,-1,1132,1204,1133,-1,1133,1204,1205,-1,1133,1205,1134,-1,1134,1205,1206,-1,1134,1206,1135,-1,1135,1206,1207,-1,1135,1207,1136,-1,1136,1207,1137,-1,1207,1208,1137,-1,1137,1208,1209,-1,1137,1209,1138,-1,1138,1209,1210,-1,1138,1210,1139,-1,1139,1210,1211,-1,1139,1211,1140,-1,1140,1211,1212,-1,1140,1212,1141,-1,1141,1212,1213,-1,1141,1213,1142,-1,1142,1213,1214,-1,1142,1214,1143,-1,1143,1214,1215,-1,1143,1215,1144,-1,1144,1215,1216,-1,1144,1216,1145,-1,1145,1216,1217,-1,1145,1217,1146,-1,1146,1217,1218,-1,1146,1218,1147,-1,1147,1218,1219,-1,1147,1219,1148,-1,1148,1219,1220,-1,1148,1220,1149,-1,1149,1220,1221,-1,1149,1221,1150,-1,1150,1221,1222,-1,1150,1222,1151,-1,1151,1222,1223,-1,1151,1223,1152,-1,1152,1223,1224,-1,1152,1224,1153,-1,1153,1224,1225,-1,1153,1225,1154,-1,1154,1225,1226,-1,1154,1226,1155,-1,1155,1226,1227,-1,1155,1227,1156,-1,1156,1227,1228,-1,1156,1228,1157,-1,1157,1228,1229,-1,1157,1229,1158,-1,1158,1229,1230,-1,1158,1230,1159,-1,1159,1230,1231,-1,1159,1231,1160,-1,1160,1231,1232,-1,1160,1232,1161,-1,1161,1232,1233,-1,1161,1233,1162,-1,1162,1233,1234,-1,1162,1234,1163,-1,1163,1234,1235,-1,1163,1235,1164,-1,1164,1235,1236,-1,1164,1236,1165,-1,1165,1236,1237,-1,1165,1237,1166,-1,1166,1237,1238,-1,1166,1238,1167,-1,1167,1238,1239,-1,1167,1239,1168,-1,1168,1239,1240,-1,1168,1240,1169,-1,1169,1240,1241,-1,1169,1241,1170,-1,1170,1241,1242,-1,1170,1242,1171,-1,1171,1242,1243,-1,1171,1243,1172,-1,1172,1243,1244,-1,1172,1244,1173,-1,1173,1244,1245,-1,1173,1245,1174,-1,1174,1245,1246,-1,1174,1246,1175,-1,1175,1246,1247,-1,1175,1247,1176,-1,1176,1247,1248,-1,1176,1248,1177,-1,1177,1248,1249,-1,1177,1249,1178,-1,1178,1249,1250,-1,1178,1250,1179,-1,1179,1250,1251,-1,1179,1251,1180,-1,1180,1251,1252,-1,1180,1252,1181,-1,1181,1252,1253,-1,1181,1253,1182,-1,1182,1253,1254,-1,1182,1254,1183,-1,1183,1254,1255,-1,1183,1255,1184,-1,1184,1255,1256,-1,1184,1256,1185,-1,1185,1256,1257,-1,1185,1257,1186,-1,1186,1257,1258,-1,1186,1258,1187,-1,1187,1258,1259,-1,1187,1259,1188,-1,1188,1259,1260,-1,1188,1260,1189,-1,1189,1260,1261,-1,1189,1261,1190,-1,1190,1261,1262,-1,1190,1262,1191,-1,1191,1262,1263,-1,1191,1263,1192,-1,1192,1263,1264,-1,1192,1264,1193,-1,1193,1264,1265,-1,1193,1265,1194,-1,1194,1265,1266,-1,1194,1266,1195,-1,1195,1266,1267,-1,1195,1267,1196,-1,1196,1267,1268,-1,1196,1268,1197,-1,1197,1268,1269,-1,1197,1269,1198,-1,1198,1269,1270,-1,1198,1270,1199,-1,1199,1270,1271,-1,1199,1271,1200,-1,1200,1271,1272,-1,1200,1272,1201,-1,1201,1272,1273,-1,1201,1273,1202,-1,1202,1273,1274,-1,1202,1274,1203,-1,1203,1274,1275,-1,1203,1275,1204,-1,1204,1275,1276,-1,1204,1276,1205,-1,1205,1276,1277,-1,1205,1277,1206,-1,1206,1277,1278,-1,1206,1278,1207,-1,1207,1278,1208,-1,1278,1279,1208,-1,1208,1279,1280,-1,1208,1280,1209,-1,1209,1280,1281,-1,1209,1281,1210,-1,1210,1281,1282,-1,1210,1282,1211,-1,1211,1282,1283,-1,1211,1283,1212,-1,1212,1283,1284,-1,1212,1284,1213,-1,1213,1284,1285,-1,1213,1285,1214,-1,1214,1285,1286,-1,1214,1286,1215,-1,1215,1286,1287,-1,1215,1287,1216,-1,1216,1287,1288,-1,1216,1288,1217,-1,1217,1288,1289,-1,1217,1289,1218,-1,1218,1289,1290,-1,1218,1290,1219,-1,1219,1290,1291,-1,1219,1291,1220,-1,1220,1291,1292,-1,1220,1292,1221,-1,1221,1292,1293,-1,1221,1293,1222,-1,1222,1293,1294,-1,1222,1294,1223,-1,1223,1294,1295,-1,1223,1295,1224,-1,1224,1295,1296,-1,1224,1296,1225,-1,1225,1296,1297,-1,1225,1297,1226,-1,1226,1297,1298,-1,1226,1298,1227,-1,1227,1298,1299,-1,1227,1299,1228,-1,1228,1299,1300,-1,1228,1300,1229,-1,1229,1300,1301,-1,1229,1301,1230,-1,1230,1301,1302,-1,1230,1302,1231,-1,1231,1302,1303,-1,1231,1303,1232,-1,1232,1303,1304,-1,1232,1304,1233,-1,1233,1304,1305,-1,1233,1305,1234,-1,1234,1305,1306,-1,1234,1306,1235,-1,1235,1306,1307,-1,1235,1307,1236,-1,1236,1307,1308,-1,1236,1308,1237,-1,1237,1308,1309,-1,1237,1309,1238,-1,1238,1309,1310,-1,1238,1310,1239,-1,1239,1310,1311,-1,1239,1311,1240,-1,1240,1311,1312,-1,1240,1312,1241,-1,1241,1312,1313,-1,1241,1313,1242,-1,1242,1313,1314,-1,1242,1314,1243,-1,1243,1314,1315,-1,1243,1315,1244,-1,1244,1315,1316,-1,1244,1316,1245,-1,1245,1316,1317,-1,1245,1317,1246,-1,1246,1317,1318,-1,1246,1318,1247,-1,1247,1318,1319,-1,1247,1319,1248,-1,1248,1319,1320,-1,1248,1320,1249,-1,1249,1320,1321,-1,1249,1321,1250,-1,1250,1321,1322,-1,1250,1322,1251,-1,1251,1322,1323,-1,1251,1323,1252,-1,1252,1323,1324,-1,1252,1324,1253,-1,1253,1324,1325,-1,1253,1325,1254,-1,1254,1325,1326,-1,1254,1326,1255,-1,1255,1326,1327,-1,1255,1327,1256,-1,1256,1327,1328,-1,1256,1328,1257,-1,1257,1328,1329,-1,1257,1329,1258,-1,1258,1329,1330,-1,1258,1330,1259,-1,1259,1330,1331,-1,1259,1331,1260,-1,1260,1331,1332,-1,1260,1332,1261,-1,1261,1332,1333,-1,1261,1333,1262,-1,1262,1333,1334,-1,1262,1334,1263,-1,1263,1334,1335,-1,1263,1335,1264,-1,1264,1335,1336,-1,1264,1336,1265,-1,1265,1336,1337,-1,1265,1337,1266,-1,1266,1337,1338,-1,1266,1338,1267,-1,1267,1338,1339,-1,1267,1339,1268,-1,1268,1339,1340,-1,1268,1340,1269,-1,1269,1340,1341,-1,1269,1341,1270,-1,1270,1341,1342,-1,1270,1342,1271,-1,1271,1342,1343,-1,1271,1343,1272,-1,1272,1343,1344,-1,1272,1344,1273,-1,1273,1344,1345,-1,1273,1345,1274,-1,1274,1345,1346,-1,1274,1346,1275,-1,1275,1346,1347,-1,1275,1347,1276,-1,1276,1347,1348,-1,1276,1348,1277,-1,1277,1348,1349,-1,1277,1349,1278,-1,1278,1349,1279,-1,1349,1350,1279,-1,1279,1350,1351,-1,1279,1351,1280,-1,1280,1351,1352,-1,1280,1352,1281,-1,1281,1352,1353,-1,1281,1353,1282,-1,1282,1353,1354,-1,1282,1354,1283,-1,1283,1354,1355,-1,1283,1355,1284,-1,1284,1355,1356,-1,1284,1356,1285,-1,1285,1356,1357,-1,1285,1357,1286,-1,1286,1357,1358,-1,1286,1358,1287,-1,1287,1358,1359,-1,1287,1359,1288,-1,1288,1359,1360,-1,1288,1360,1289,-1,1289,1360,1361,-1,1289,1361,1290,-1,1290,1361,1362,-1,1290,1362,1291,-1,1291,1362,1363,-1,1291,1363,1292,-1,1292,1363,1364,-1,1292,1364,1293,-1,1293,1364,1365,-1,1293,1365,1294,-1,1294,1365,1366,-1,1294,1366,1295,-1,1295,1366,1367,-1,1295,1367,1296,-1,1296,1367,1368,-1,1296,1368,1297,-1,1297,1368,1369,-1,1297,1369,1298,-1,1298,1369,1370,-1,1298,1370,1299,-1,1299,1370,1371,-1,1299,1371,1300,-1,1300,1371,1372,-1,1300,1372,1301,-1,1301,1372,1373,-1,1301,1373,1302,-1,1302,1373,1374,-1,1302,1374,1303,-1,1303,1374,1375,-1,1303,1375,1304,-1,1304,1375,1376,-1,1304,1376,1305,-1,1305,1376,1377,-1,1305,1377,1306,-1,1306,1377,1378,-1,1306,1378,1307,-1,1307,1378,1379,-1,1307,1379,1308,-1,1308,1379,1380,-1,1308,1380,1309,-1,1309,1380,1381,-1,1309,1381,1310,-1,1310,1381,1382,-1,1310,1382,1311,-1,1311,1382,1383,-1,1311,1383,1312,-1,1312,1383,1384,-1,1312,1384,1313,-1,1313,1384,1385,-1,1313,1385,1314,-1,1314,1385,1386,-1,1314,1386,1315,-1,1315,1386,1387,-1,1315,1387,1316,-1,1316,1387,1388,-1,1316,1388,1317,-1,1317,1388,1389,-1,1317,1389,1318,-1,1318,1389,1390,-1,1318,1390,1319,-1,1319,1390,1391,-1,1319,1391,1320,-1,1320,1391,1392,-1,1320,1392,1321,-1,1321,1392,1393,-1,1321,1393,1322,-1,1322,1393,1394,-1,1322,1394,1323,-1,1323,1394,1395,-1,1323,1395,1324,-1,1324,1395,1396,-1,1324,1396,1325,-1,1325,1396,1397,-1,1325,1397,1326,-1,1326,1397,1398,-1,1326,1398,1327,-1,1327,1398,1399,-1,1327,1399,1328,-1,1328,1399,1400,-1,1328,1400,1329,-1,1329,1400,1401,-1,1329,1401,1330,-1,1330,1401,1402,-1,1330,1402,1331,-1,1331,1402,1403,-1,1331,1403,1332,-1,1332,1403,1404,-1,1332,1404,1333,-1,1333,1404,1405,-1,1333,1405,1334,-1,1334,1405,1406,-1,1334,1406,1335,-1,1335,1406,1407,-1,1335,1407,1336,-1,1336,1407,1408,-1,1336,1408,1337,-1,1337,1408,1409,-1,1337,1409,1338,-1,1338,1409,1410,-1,1338,1410,1339,-1,1339,1410,1411,-1,1339,1411,1340,-1,1340,1411,1412,-1,1340,1412,1341,-1,1341,1412,1413,-1,1341,1413,1342,-1,1342,1413,1414,-1,1342,1414,1343,-1,1343,1414,1415,-1,1343,1415,1344,-1,1344,1415,1416,-1,1344,1416,1345,-1,1345,1416,1417,-1,1345,1417,1346,-1,1346,1417,1418,-1,1346,1418,1347,-1,1347,1418,1419,-1,1347,1419,1348,-1,1348,1419,1420,-1,1348,1420,1349,-1,1349,1420,1350,-1,1420,1421,1350,-1,1350,1421,1422,-1,1350,1422,1351,-1,1351,1422,1423,-1,1351,1423,1352,-1,1352,1423,1424,-1,1352,1424,1353,-1,1353,1424,1425,-1,1353,1425,1354,-1,1354,1425,1426,-1,1354,1426,1355,-1,1355,1426,1427,-1,1355,1427,1356,-1,1356,1427,1428,-1,1356,1428,1357,-1,1357,1428,1429,-1,1357,1429,1358,-1,1358,1429,1430,-1,1358,1430,1359,-1,1359,1430,1431,-1,1359,1431,1360,-1,1360,1431,1432,-1,1360,1432,1361,-1,1361,1432,1433,-1,1361,1433,1362,-1,1362,1433,1434,-1,1362,1434,1363,-1,1363,1434,1435,-1,1363,1435,1364,-1,1364,1435,1436,-1,1364,1436,1365,-1,1365,1436,1437,-1,1365,1437,1366,-1,1366,1437,1438,-1,1366,1438,1367,-1,1367,1438,1439,-1,1367,1439,1368,-1,1368,1439,1440,-1,1368,1440,1369,-1,1369,1440,1441,-1,1369,1441,1370,-1,1370,1441,1442,-1,1370,1442,1371,-1,1371,1442,1443,-1,1371,1443,1372,-1,1372,1443,1444,-1,1372,1444,1373,-1,1373,1444,1445,-1,1373,1445,1374,-1,1374,1445,1446,-1,1374,1446,1375,-1,1375,1446,1447,-1,1375,1447,1376,-1,1376,1447,1448,-1,1376,1448,1377,-1,1377,1448,1449,-1,1377,1449,1378,-1,1378,1449,1450,-1,1378,1450,1379,-1,1379,1450,1451,-1,1379,1451,1380,-1,1380,1451,1452,-1,1380,1452,1381,-1,1381,1452,1453,-1,1381,1453,1382,-1,1382,1453,1454,-1,1382,1454,1383,-1,1383,1454,1455,-1,1383,1455,1384,-1,1384,1455,1456,-1,1384,1456,1385,-1,1385,1456,1457,-1,1385,1457,1386,-1,1386,1457,1458,-1,1386,1458,1387,-1,1387,1458,1459,-1,1387,1459,1388,-1,1388,1459,1460,-1,1388,1460,1389,-1,1389,1460,1461,-1,1389,1461,1390,-1,1390,1461,1462,-1,1390,1462,1391,-1,1391,1462,1463,-1,1391,1463,1392,-1,1392,1463,1464,-1,1392,1464,1393,-1,1393,1464,1465,-1,1393,1465,1394,-1,1394,1465,1466,-1,1394,1466,1395,-1,1395,1466,1467,-1,1395,1467,1396,-1,1396,1467,1468,-1,1396,1468,1397,-1,1397,1468,1469,-1,1397,1469,1398,-1,1398,1469,1470,-1,1398,1470,1399,-1,1399,1470,1471,-1,1399,1471,1400,-1,1400,1471,1472,-1,1400,1472,1401,-1,1401,1472,1473,-1,1401,1473,1402,-1,1402,1473,1474,-1,1402,1474,1403,-1,1403,1474,1475,-1,1403,1475,1404,-1,1404,1475,1476,-1,1404,1476,1405,-1,1405,1476,1477,-1,1405,1477,1406,-1,1406,1477,1478,-1,1406,1478,1407,-1,1407,1478,1479,-1,1407,1479,1408,-1,1408,1479,1480,-1,1408,1480,1409,-1,1409,1480,1481,-1,1409,1481,1410,-1,1410,1481,1482,-1,1410,1482,1411,-1,1411,1482,1483,-1,1411,1483,1412,-1,1412,1483,1484,-1,1412,1484,1413,-1,1413,1484,1485,-1,1413,1485,1414,-1,1414,1485,1486,-1,1414,1486,1415,-1,1415,1486,1487,-1,1415,1487,1416,-1,1416,1487,1488,-1,1416,1488,1417,-1,1417,1488,1489,-1,1417,1489,1418,-1,1418,1489,1490,-1,1418,1490,1419,-1,1419,1490,1491,-1,1419,1491,1420,-1,1420,1491,1421,-1,1491,1492,1421,-1,1421,1492,1493,-1,1421,1493,1422,-1,1422,1493,1494,-1,1422,1494,1423,-1,1423,1494,1495,-1,1423,1495,1424,-1,1424,1495,1496,-1,1424,1496,1425,-1,1425,1496,1497,-1,1425,1497,1426,-1,1426,1497,1498,-1,1426,1498,1427,-1,1427,1498,1499,-1,1427,1499,1428,-1,1428,1499,1500,-1,1428,1500,1429,-1,1429,1500,1501,-1,1429,1501,1430,-1,1430,1501,1502,-1,1430,1502,1431,-1,1431,1502,1503,-1,1431,1503,1432,-1,1432,1503,1504,-1,1432,1504,1433,-1,1433,1504,1505,-1,1433,1505,1434,-1,1434,1505,1506,-1,1434,1506,1435,-1,1435,1506,1507,-1,1435,1507,1436,-1,1436,1507,1508,-1,1436,1508,1437,-1,1437,1508,1509,-1,1437,1509,1438,-1,1438,1509,1510,-1,1438,1510,1439,-1,1439,1510,1511,-1,1439,1511,1440,-1,1440,1511,1512,-1,1440,1512,1441,-1,1441,1512,1513,-1,1441,1513,1442,-1,1442,1513,1514,-1,1442,1514,1443,-1,1443,1514,1515,-1,1443,1515,1444,-1,1444,1515,1516,-1,1444,1516,1445,-1,1445,1516,1517,-1,1445,1517,1446,-1,1446,1517,1518,-1,1446,1518,1447,-1,1447,1518,1519,-1,1447,1519,1448,-1,1448,1519,1520,-1,1448,1520,1449,-1,1449,1520,1521,-1,1449,1521,1450,-1,1450,1521,1522,-1,1450,1522,1451,-1,1451,1522,1523,-1,1451,1523,1452,-1,1452,1523,1524,-1,1452,1524,1453,-1,1453,1524,1525,-1,1453,1525,1454,-1,1454,1525,1526,-1,1454,1526,1455,-1,1455,1526,1527,-1,1455,1527,1456,-1,1456,1527,1528,-1,1456,1528,1457,-1,1457,1528,1529,-1,1457,1529,1458,-1,1458,1529,1530,-1,1458,1530,1459,-1,1459,1530,1531,-1,1459,1531,1460,-1,1460,1531,1532,-1,1460,1532,1461,-1,1461,1532,1533,-1,1461,1533,1462,-1,1462,1533,1534,-1,1462,1534,1463,-1,1463,1534,1535,-1,1463,1535,1464,-1,1464,1535,1536,-1,1464,1536,1465,-1,1465,1536,1537,-1,1465,1537,1466,-1,1466,1537,1538,-1,1466,1538,1467,-1,1467,1538,1539,-1,1467,1539,1468,-1,1468,1539,1540,-1,1468,1540,1469,-1,1469,1540,1541,-1,1469,1541,1470,-1,1470,1541,1542,-1,1470,1542,1471,-1,1471,1542,1543,-1,1471,1543,1472,-1,1472,1543,1544,-1,1472,1544,1473,-1,1473,1544,1545,-1,1473,1545,1474,-1,1474,1545,1546,-1,1474,1546,1475,-1,1475,1546,1547,-1,1475,1547,1476,-1,1476,1547,1548,-1,1476,1548,1477,-1,1477,1548,1549,-1,1477,1549,1478,-1,1478,1549,1550,-1,1478,1550,1479,-1,1479,1550,1551,-1,1479,1551,1480,-1,1480,1551,1552,-1,1480,1552,1481,-1,1481,1552,1553,-1,1481,1553,1482,-1,1482,1553,1554,-1,1482,1554,1483,-1,1483,1554,1555,-1,1483,1555,1484,-1,1484,1555,1556,-1,1484,1556,1485,-1,1485,1556,1557,-1,1485,1557,1486,-1,1486,1557,1558,-1,1486,1558,1487,-1,1487,1558,1559,-1,1487,1559,1488,-1,1488,1559,1560,-1,1488,1560,1489,-1,1489,1560,1561,-1,1489,1561,1490,-1,1490,1561,1562,-1,1490,1562,1491,-1,1491,1562,1492,-1,1562,1563,1492,-1,1492,1563,1564,-1,1492,1564,1493,-1,1493,1564,1565,-1,1493,1565,1494,-1,1494,1565,1566,-1,1494,1566,1495,-1,1495,1566,1567,-1,1495,1567,1496,-1,1496,1567,1568,-1,1496,1568,1497,-1,1497,1568,1569,-1,1497,1569,1498,-1,1498,1569,1570,-1,1498,1570,1499,-1,1499,1570,1571,-1,1499,1571,1500,-1,1500,1571,1572,-1,1500,1572,1501,-1,1501,1572,1573,-1,1501,1573,1502,-1,1502,1573,1574,-1,1502,1574,1503,-1,1503,1574,1575,-1,1503,1575,1504,-1,1504,1575,1576,-1,1504,1576,1505,-1,1505,1576,1577,-1,1505,1577,1506,-1,1506,1577,1578,-1,1506,1578,1507,-1,1507,1578,1579,-1,1507,1579,1508,-1,1508,1579,1580,-1,1508,1580,1509,-1,1509,1580,1581,-1,1509,1581,1510,-1,1510,1581,1582,-1,1510,1582,1511,-1,1511,1582,1583,-1,1511,1583,1512,-1,1512,1583,1584,-1,1512,1584,1513,-1,1513,1584,1585,-1,1513,1585,1514,-1,1514,1585,1586,-1,1514,1586,1515,-1,1515,1586,1587,-1,1515,1587,1516,-1,1516,1587,1588,-1,1516,1588,1517,-1,1517,1588,1589,-1,1517,1589,1518,-1,1518,1589,1590,-1,1518,1590,1519,-1,1519,1590,1591,-1,1519,1591,1520,-1,1520,1591,1592,-1,1520,1592,1521,-1,1521,1592,1593,-1,1521,1593,1522,-1,1522,1593,1594,-1,1522,1594,1523,-1,1523,1594,1595,-1,1523,1595,1524,-1,1524,1595,1596,-1,1524,1596,1525,-1,1525,1596,1597,-1,1525,1597,1526,-1,1526,1597,1598,-1,1526,1598,1527,-1,1527,1598,1599,-1,1527,1599,1528,-1,1528,1599,1600,-1,1528,1600,1529,-1,1529,1600,1601,-1,1529,1601,1530,-1,1530,1601,1602,-1,1530,1602,1531,-1,1531,1602,1603,-1,1531,1603,1532,-1,1532,1603,1604,-1,1532,1604,1533,-1,1533,1604,1605,-1,1533,1605,1534,-1,1534,1605,1606,-1,1534,1606,1535,-1,1535,1606,1607,-1,1535,1607,1536,-1,1536,1607,1608,-1,1536,1608,1537,-1,1537,1608,1609,-1,1537,1609,1538,-1,1538,1609,1610,-1,1538,1610,1539,-1,1539,1610,1611,-1,1539,1611,1540,-1,1540,1611,1612,-1,1540,1612,1541,-1,1541,1612,1613,-1,1541,1613,1542,-1,1542,1613,1614,-1,1542,1614,1543,-1,1543,1614,1615,-1,1543,1615,1544,-1,1544,1615,1616,-1,1544,1616,1545,-1,1545,1616,1617,-1,1545,1617,1546,-1,1546,1617,1618,-1,1546,1618,1547,-1,1547,1618,1619,-1,1547,1619,1548,-1,1548,1619,1620,-1,1548,1620,1549,-1,1549,1620,1621,-1,1549,1621,1550,-1,1550,1621,1622,-1,1550,1622,1551,-1,1551,1622,1623,-1,1551,1623,1552,-1,1552,1623,1624,-1,1552,1624,1553,-1,1553,1624,1625,-1,1553,1625,1554,-1,1554,1625,1626,-1,1554,1626,1555,-1,1555,1626,1627,-1,1555,1627,1556,-1,1556,1627,1628,-1,1556,1628,1557,-1,1557,1628,1629,-1,1557,1629,1558,-1,1558,1629,1630,-1,1558,1630,1559,-1,1559,1630,1631,-1,1559,1631,1560,-1,1560,1631,1632,-1,1560,1632,1561,-1,1561,1632,1633,-1,1561,1633,1562,-1,1562,1633,1563,-1,1633,1634,1563,-1,1563,1634,1635,-1,1563,1635,1564,-1,1564,1635,1636,-1,1564,1636,1565,-1,1565,1636,1637,-1,1565,1637,1566,-1,1566,1637,1638,-1,1566,1638,1567,-1,1567,1638,1639,-1,1567,1639,1568,-1,1568,1639,1640,-1,1568,1640,1569,-1,1569,1640,1641,-1,1569,1641,1570,-1,1570,1641,1642,-1,1570,1642,1571,-1,1571,1642,1643,-1,1571,1643,1572,-1,1572,1643,1644,-1,1572,1644,1573,-1,1573,1644,1645,-1,1573,1645,1574,-1,1574,1645,1646,-1,1574,1646,1575,-1,1575,1646,1647,-1,1575,1647,1576,-1,1576,1647,1648,-1,1576,1648,1577,-1,1577,1648,1649,-1,1577,1649,1578,-1,1578,1649,1650,-1,1578,1650,1579,-1,1579,1650,1651,-1,1579,1651,1580,-1,1580,1651,1652,-1,1580,1652,1581,-1,1581,1652,1653,-1,1581,1653,1582,-1,1582,1653,1654,-1,1582,1654,1583,-1,1583,1654,1655,-1,1583,1655,1584,-1,1584,1655,1656,-1,1584,1656,1585,-1,1585,1656,1657,-1,1585,1657,1586,-1,1586,1657,1658,-1,1586,1658,1587,-1,1587,1658,1659,-1,1587,1659,1588,-1,1588,1659,1660,-1,1588,1660,1589,-1,1589,1660,1661,-1,1589,1661,1590,-1,1590,1661,1662,-1,1590,1662,1591,-1,1591,1662,1663,-1,1591,1663,1592,-1,1592,1663,1664,-1,1592,1664,1593,-1,1593,1664,1665,-1,1593,1665,1594,-1,1594,1665,1666,-1,1594,1666,1595,-1,1595,1666,1667,-1,1595,1667,1596,-1,1596,1667,1668,-1,1596,1668,1597,-1,1597,1668,1669,-1,1597,1669,1598,-1,1598,1669,1670,-1,1598,1670,1599,-1,1599,1670,1671,-1,1599,1671,1600,-1,1600,1671,1672,-1,1600,1672,1601,-1,1601,1672,1673,-1,1601,1673,1602,-1,1602,1673,1674,-1,1602,1674,1603,-1,1603,1674,1675,-1,1603,1675,1604,-1,1604,1675,1676,-1,1604,1676,1605,-1,1605,1676,1677,-1,1605,1677,1606,-1,1606,1677,1678,-1,1606,1678,1607,-1,1607,1678,1679,-1,1607,1679,1608,-1,1608,1679,1680,-1,1608,1680,1609,-1,1609,1680,1681,-1,1609,1681,1610,-1,1610,1681,1682,-1,1610,1682,1611,-1,1611,1682,1683,-1,1611,1683,1612,-1,1612,1683,1684,-1,1612,1684,1613,-1,1613,1684,1685,-1,1613,1685,1614,-1,1614,1685,1686,-1,1614,1686,1615,-1,1615,1686,1687,-1,1615,1687,1616,-1,1616,1687,1688,-1,1616,1688,1617,-1,1617,1688,1689,-1,1617,1689,1618,-1,1618,1689,1690,-1,1618,1690,1619,-1,1619,1690,1691,-1,1619,1691,1620,-1,1620,1691,1692,-1,1620,1692,1621,-1,1621,1692,1693,-1,1621,1693,1622,-1,1622,1693,1694,-1,1622,1694,1623,-1,1623,1694,1695,-1,1623,1695,1624,-1,1624,1695,1696,-1,1624,1696,1625,-1,1625,1696,1697,-1,1625,1697,1626,-1,1626,1697,1698,-1,1626,1698,1627,-1,1627,1698,1699,-1,1627,1699,1628,-1,1628,1699,1700,-1,1628,1700,1629,-1,1629,1700,1701,-1,1629,1701,1630,-1,1630,1701,1702,-1,1630,1702,1631,-1,1631,1702,1703,-1,1631,1703,1632,-1,1632,1703,1704,-1,1632,1704,1633,-1,1633,1704,1634,-1,1704,1,1634,-1,1634,1,0,-1,1634,0,1635,-1,1635,0,3,-1,1635,3,1636,-1,1636,3,4,-1,1636,4,1637,-1,1637,4,5,-1,1637,5,1638,-1,1638,5,6,-1,1638,6,1639,-1,1639,6,7,-1,1639,7,1640,-1,1640,7,8,-1,1640,8,1641,-1,1641,8,9,-1,1641,9,1642,-1,1642,9,10,-1,1642,10,1643,-1,1643,10,11,-1,1643,11,1644,-1,1644,11,12,-1,1644,12,1645,-1,1645,12,13,-1,1645,13,1646,-1,1646,13,14,-1,1646,14,1647,-1,1647,14,15,-1,1647,15,1648,-1,1648,15,16,-1,1648,16,1649,-1,1649,16,17,-1,1649,17,1650,-1,1650,17,18,-1,1650,18,1651,-1,1651,18,19,-1,1651,19,1652,-1,1652,19,20,-1,1652,20,1653,-1,1653,20,21,-1,1653,21,1654,-1,1654,21,22,-1,1654,22,1655,-1,1655,22,23,-1,1655,23,1656,-1,1656,23,24,-1,1656,24,1657,-1,1657,24,25,-1,1657,25,1658,-1,1658,25,26,-1,1658,26,1659,-1,1659,26,27,-1,1659,27,1660,-1,1660,27,28,-1,1660,28,1661,-1,1661,28,29,-1,1661,29,1662,-1,1662,29,30,-1,1662,30,1663,-1,1663,30,31,-1,1663,31,1664,-1,1664,31,32,-1,1664,32,1665,-1,1665,32,33,-1,1665,33,1666,-1,1666,33,34,-1,1666,34,1667,-1,1667,34,35,-1,1667,35,1668,-1,1668,35,36,-1,1668,36,1669,-1,1669,36,37,-1,1669,37,1670,-1,1670,37,38,-1,1670,38,1671,-1,1671,38,39,-1,1671,39,1672,-1,1672,39,40,-1,1672,40,1673,-1,1673,40,41,-1,1673,41,1674,-1,1674,41,42,-1,1674,42,1675,-1,1675,42,43,-1,1675,43,1676,-1,1676,43,44,-1,1676,44,1677,-1,1677,44,45,-1,1677,45,1678,-1,1678,45,46,-1,1678,46,1679,-1,1679,46,47,-1,1679,47,1680,-1,1680,47,48,-1,1680,48,1681,-1,1681,48,49,-1,1681,49,1682,-1,1682,49,50,-1,1682,50,1683,-1,1683,50,51,-1,1683,51,1684,-1,1684,51,52,-1,1684,52,1685,-1,1685,52,53,-1,1685,53,1686,-1,1686,53,54,-1,1686,54,1687,-1,1687,54,55,-1,1687,55,1688,-1,1688,55,56,-1,1688,56,1689,-1,1689,56,57,-1,1689,57,1690,-1,1690,57,58,-1,1690,58,1691,-1,1691,58,59,-1,1691,59,1692,-1,1692,59,60,-1,1692,60,1693,-1,1693,60,61,-1,1693,61,1694,-1,1694,61,62,-1,1694,62,1695,-1,1695,62,63,-1,1695,63,1696,-1,1696,63,64,-1,1696,64,1697,-1,1697,64,65,-1,1697,65,1698,-1,1698,65,66,-1,1698,66,1699,-1,1699,66,67,-1,1699,67,1700,-1,1700,67,68,-1,1700,68,1701,-1,1701,68,69,-1,1701,69,1702,-1,1702,69,70,-1,1702,70,1703,-1,1703,70,71,-1,1703,71,1704,-1,1704,71,1,-1,72,74,1705,-1,72,1705,212,-1,206,208,1705,-1,1705,208,210,-1,1705,210,212,-1,200,202,1705,-1,1705,202,204,-1,1705,204,206,-1,194,196,1705,-1,1705,196,198,-1,1705,198,200,-1,188,190,1705,-1,1705,190,192,-1,1705,192,194,-1,182,184,1705,-1,1705,184,186,-1,1705,186,188,-1,176,178,1705,-1,1705,178,180,-1,1705,180,182,-1,170,172,1705,-1,1705,172,174,-1,1705,174,176,-1,164,166,1705,-1,1705,166,168,-1,1705,168,170,-1,158,160,1705,-1,1705,160,162,-1,1705,162,164,-1,152,154,1705,-1,1705,154,156,-1,1705,156,158,-1,146,148,1705,-1,1705,148,150,-1,1705,150,152,-1,140,142,1705,-1,1705,142,144,-1,1705,144,146,-1,134,136,1705,-1,1705,136,138,-1,1705,138,140,-1,128,130,1705,-1,1705,130,132,-1,1705,132,134,-1,122,124,1705,-1,1705,124,126,-1,1705,126,128,-1,116,118,1705,-1,1705,118,120,-1,1705,120,122,-1,110,112,1705,-1,1705,112,114,-1,1705,114,116,-1,104,106,1705,-1,1705,106,108,-1,1705,108,110,-1,98,100,1705,-1,1705,100,102,-1,1705,102,104,-1,92,94,1705,-1,1705,94,96,-1,1705,96,98,-1,86,88,1705,-1,1705,88,90,-1,1705,90,92,-1,80,82,1705,-1,1705,82,84,-1,1705,84,86,-1,74,76,1705,-1,1705,76,78,-1,1705,78,80,-1,
        ]
    }
}
Shape{
    appearance Appearance {
        material  Material 	{
            diffuseColor 0.3176470588235294 0.24705882352941178 0.20784313725490197
            specularColor 0.1607843137254902 0.12156862745098039 0.10588235294117647
            ambientIntensity 0.2
            transparency 0
            shininess 0.5
        }
    }
    geometry IndexedFaceSet {
        ccw TRUE
        solid FALSE
        coord DEF co Coordinate {
            point [
                0.0337 0.0156 -0.1299, 0.0376 0.0152 -0.1299, 0.0252 -0.0139 -0.1299, 0.0773 -0.0199 -0.1299, 0.0376 -0.0202 -0.1299, 0.0571 -0.0199 -0.1299, 0.0402 -0.0199 -0.1299, 0.044 -0.0186 -0.1299, 0.0518 0.0089 -0.1299, 0.0495 0.0126 -0.1299, 0.072 0.0195 -0.1299, 0.0289 0.015 -0.1299, 0.0245 -0.0136 -0.1299, 0.0245 0.0131 -0.1299, 0.0206 0.1555 -0.1299, 0.0245 0.0184 -0.1299, 0.0405 0.0141 -0.1299, 0.0433 0.0123 -0.1299, 0.0456 0.0097 -0.1299, 0.0485 -0.0006 -0.1299, 0.0481 -0.0049 -0.1299, 0.047 -0.0083 -0.1299, 0.0383 -0.0157 -0.1299, 0.0346 -0.0161 -0.1299, 0.0412 -0.0146 -0.1299, 0.0436 -0.0129 -0.1299, 0.0454 -0.011 -0.1299, 0.0294 -0.0155 -0.1299, 0.0473 0.0066 -0.1299, 0.0483 0.0024 -0.1299, 0.0472 -0.0165 -0.1299, 0.0501 -0.0134 -0.1299, 0.0571 -0.0156 -0.1299, 0.0522 -0.0097 -0.1299, 0.072 -0.0156 -0.1299, 0.046 0.016 -0.1299, 0.0423 0.0182 -0.1299, 0.0379 0.0196 -0.1299, 0.0534 -0.0055 -0.1299, 0.0538 -0.001 -0.1299, 0.0533 0.0043 -0.1299, 0.0338 0.0199 -0.1299, 0.029 0.0196 -0.1299, 0.0245 -0.0179 -0.1299, 0.0287 -0.0196 -0.1299, 0.0206 -0.0202 -0.1299, 0.0327 -0.0202 -0.1299, 0.0206 -0.1555 -0.1299, 0.0342 -0.0204 -0.1299, 0.0353 -0.0204 -0.1299, 0.0773 0.0195 -0.1299, 0.1555 0.1555 -0.1299, 0.1555 -0.0202 -0.1299, 0.1555 -0.1555 -0.1299, -0.012 -0.0199 -0.1299, -0.0043 -0.0156 -0.1299, -0.0043 -0.0199 -0.1299, 0.0168 -0.0199 -0.1299, 0.0168 0.0195 -0.1299, -0.0034 0.0195 -0.1299, -0.1555 0.1555 -0.1299, -0.0432 -0.0048 -0.1299, -0.0418 -0.009 -0.1299, -0.0466 -0.0199 -0.1299, -0.0396 -0.0125 -0.1299, -0.0437 0.0003 -0.1299, -0.0615 0.0195 -0.1299, -0.0431 0.0055 -0.1299, -0.0821 -0.0199 -0.1299, -0.1555 -0.0202 -0.1299, -0.0667 0.0195 -0.1299, 0.0115 0.0151 -0.1299, 0.0115 0.0022 -0.1299, -0.0034 0.0151 -0.1299, -0.0024 0.0022 -0.1299, -0.0024 -0.0021 -0.1299, 0.0115 -0.0021 -0.1299, 0.0115 -0.0156 -0.1299, -0.0363 -0.0157 -0.1299, -0.0323 -0.0181 -0.1299, -0.0278 -0.0195 -0.1299, -0.012 0.0195 -0.1299, -0.0285 0.0189 -0.1299, -0.0331 0.0174 -0.1299, -0.0227 -0.0199 -0.1299, -0.0231 0.0195 -0.1299, -0.0371 0.0149 -0.1299, -0.0395 0.0126 -0.1299, -0.0416 0.0094 -0.1299, -0.0724 -0.0089 -0.1299, -0.0561 -0.0089 -0.1299, -0.0763 -0.0199 -0.1299, -0.0523 -0.0199 -0.1299, -0.1555 -0.1555 -0.1299, -0.1555 -0.1555 -0.1299
            ]
        }
        coordIndex [
            0,1,2,-1,3,4,5,-1,5,4,6,-1,5,6,7,-1,8,9,10,-1,0,2,11,-1,11,2,12,-1,11,12,13,-1,13,12,14,-1,13,14,15,-1,1,16,2,-1,2,16,17,-1,2,17,18,-1,19,20,2,-1,2,20,21,-1,22,23,24,-1,24,23,25,-1,21,26,2,-1,2,26,25,-1,2,25,27,-1,27,25,23,-1,18,28,2,-1,2,28,29,-1,2,29,19,-1,7,30,5,-1,5,30,31,-1,5,31,32,-1,32,31,33,-1,32,33,34,-1,35,36,14,-1,14,36,37,-1,33,38,34,-1,34,38,39,-1,34,39,10,-1,10,39,40,-1,10,40,8,-1,37,41,14,-1,14,41,42,-1,14,42,15,-1,43,44,45,-1,45,44,46,-1,45,46,47,-1,46,48,47,-1,47,48,49,-1,47,49,4,-1,9,35,10,-1,10,35,14,-1,10,14,50,-1,50,14,51,-1,50,51,3,-1,3,51,52,-1,3,52,4,-1,4,52,53,-1,4,53,47,-1,54,55,56,-1,45,57,58,-1,59,60,58,-1,58,60,14,-1,58,14,45,-1,45,14,12,-1,45,12,43,-1,61,62,63,-1,63,62,64,-1,61,63,65,-1,65,63,66,-1,65,66,67,-1,68,69,70,-1,70,69,60,-1,70,60,66,-1,71,72,73,-1,73,72,74,-1,75,76,77,-1,64,78,63,-1,63,78,79,-1,63,79,80,-1,59,73,81,-1,81,73,74,-1,81,74,54,-1,54,74,75,-1,54,75,55,-1,55,75,77,-1,82,83,60,-1,84,54,45,-1,45,54,56,-1,45,56,57,-1,59,81,60,-1,60,81,85,-1,60,85,82,-1,83,86,60,-1,60,86,87,-1,60,87,66,-1,66,87,88,-1,66,88,67,-1,89,90,91,-1,91,90,92,-1,91,92,45,-1,45,92,63,-1,45,63,84,-1,84,63,80,-1,68,91,69,-1,69,91,45,-1,69,45,93,-1,93,45,47,-1,
        ]
    }
}
Shape{
    appearance Appearance {
        material  Material 	{
            diffuseColor 0.6745098039215687 0.6745098039215687 0.6745098039215687
            specularColor 0.6078431372549019 0.6078431372549019 0.6078431372549019
            ambientIntensity 0.2
            transparency 0
            shininess 0.5
        }
    }
    geometry IndexedFaceSet {
        ccw TRUE
        solid FALSE
        coord DEF co Coordinate {
            point [
                -0.1555 0.1555 -0.1299, -0.1555 0.1555 0.0, 0.0206 0.1555 -0.1299, 0.1555 0.1555 0.0, 0.1555 0.1555 -0.1299, 0.1555 -0.0202 -0.1299, 0.1555 -0.1555 0.0, 0.1555 -0.1555 -0.1299, -0.1555 -0.1555 0.0, -0.1555 -0.1555 -0.1299, 0.0206 -0.1555 -0.1299, -0.1555 -0.0202 -0.1299, -0.1555 -0.0202 -0.1299
            ]
        }
        coordIndex [
            0,1,2,-1,2,1,3,-1,2,3,4,-1,4,3,5,-1,5,3,6,-1,5,6,7,-1,8,9,6,-1,6,9,10,-1,6,10,7,-1,1,0,8,-1,8,0,11,-1,8,11,9,-1,8,6,1,-1,1,6,3,-1,
        ]
    }
}
Shape{
    appearance Appearance {
        material  Material 	{
            diffuseColor 0.25098039215686274 0.25098039215686274 0.25098039215686274
            specularColor 0.12549019607843137 0.12549019607843137 0.12549019607843137
            ambientIntensity 0.2
            transparency 0
            shininess 0.5
        }
    }
    geometry IndexedFaceSet {
        ccw TRUE
        solid FALSE
        coord DEF co Coordinate {
            point [
                -0.0667 0.0195 -0.126, -0.0821 -0.0199 -0.126, -0.0667 0.0195 -0.1299, -0.0821 -0.0199 -0.1299, -0.0763 -0.0199 -0.126, -0.0763 -0.0199 -0.1299, -0.0763 -0.0199 -0.1299
            ]
        }
        coordIndex [
            0,1,2,-1,2,1,3,-1,1,4,3,-1,3,4,5,-1,
        ]
    }
}
Shape{
    appearance Appearance {
        material  Material 	{
            diffuseColor 1.0 1.0 1.0
            specularColor 0.8784313725490196 0.8784313725490196 0.8784313725490196
            ambientIntensity 0.2
            transparency 0
            shininess 0.5
        }
    }
    geometry IndexedFaceSet {
        ccw TRUE
        solid FALSE
        coord DEF co Coordinate {
            point [
                -0.0763 -0.0199 -0.126, -0.0724 -0.0089 -0.126, -0.0763 -0.0199 -0.1299, -0.0724 -0.0089 -0.1299, -0.0561 -0.0089 -0.126, -0.0561 -0.0089 -0.1299, -0.0523 -0.0199 -0.126, -0.0523 -0.0199 -0.1299, -0.0466 -0.0199 -0.126, -0.0466 -0.0199 -0.1299, -0.0615 0.0195 -0.126, -0.0615 0.0195 -0.1299, -0.0667 0.0195 -0.126, -0.0667 0.0195 -0.1299, -0.0574 -0.0045 -0.126, -0.0706 -0.0045 -0.126, -0.0633 0.0119 -0.126, -0.0637 0.0133 -0.126, -0.0639 0.0147 -0.126, -0.0641 0.0147 -0.126, -0.0643 0.0133 -0.126, -0.0647 0.0119 -0.126, -0.0821 -0.0199 -0.126, -0.0574 -0.0045 -0.1299, -0.0706 -0.0045 -0.1299, -0.0633 0.0119 -0.1299, -0.0637 0.0133 -0.1299, -0.0639 0.0147 -0.1299, -0.0641 0.0147 -0.1299, -0.0643 0.0133 -0.1299, -0.0647 0.0119 -0.1299, -0.0227 -0.0199 -0.126, -0.012 -0.0199 -0.126, -0.0227 -0.0199 -0.1299, -0.012 -0.0199 -0.1299, -0.012 0.0195 -0.126, -0.012 0.0195 -0.1299, -0.0231 0.0195 -0.126, -0.0231 0.0195 -0.1299, -0.0437 0.0003 -0.126, -0.0437 0.0003 -0.1299, -0.0431 0.0055 -0.1299, -0.0431 0.0055 -0.126, -0.0416 0.0094 -0.1299, -0.0416 0.0094 -0.126, -0.0395 0.0126 -0.1299, -0.0395 0.0126 -0.126, -0.0371 0.0149 -0.1299, -0.0371 0.0149 -0.126, -0.0331 0.0174 -0.1299, -0.0331 0.0174 -0.126, -0.0285 0.0189 -0.1299, -0.0285 0.0189 -0.126, -0.0278 -0.0195 -0.1299, -0.0278 -0.0195 -0.126, -0.0323 -0.0181 -0.1299, -0.0323 -0.0181 -0.126, -0.0363 -0.0157 -0.1299, -0.0363 -0.0157 -0.126, -0.0396 -0.0125 -0.1299, -0.0396 -0.0125 -0.126, -0.0418 -0.009 -0.1299, -0.0418 -0.009 -0.126, -0.0432 -0.0048 -0.1299, -0.0432 -0.0048 -0.126, -0.0384 0.0002 -0.126, -0.0381 0.0041 -0.126, -0.0371 0.0072 -0.126, -0.0358 0.0096 -0.126, -0.0339 0.0117 -0.126, -0.031 0.0135 -0.126, -0.0277 0.0146 -0.126, -0.0231 0.0151 -0.126, -0.0173 0.0151 -0.126, -0.0173 -0.0156 -0.126, -0.0229 -0.0156 -0.126, -0.027 -0.0152 -0.126, -0.0304 -0.0142 -0.126, -0.033 -0.0126 -0.126, -0.0352 -0.0104 -0.126, -0.0369 -0.0077 -0.126, -0.0381 -0.004 -0.126, -0.0231 0.0151 -0.1299, -0.0173 0.0151 -0.1299, -0.0277 0.0146 -0.1299, -0.031 0.0135 -0.1299, -0.0339 0.0117 -0.1299, -0.0358 0.0096 -0.1299, -0.0371 0.0072 -0.1299, -0.0381 0.0041 -0.1299, -0.0384 0.0002 -0.1299, -0.0381 -0.004 -0.1299, -0.0369 -0.0077 -0.1299, -0.0352 -0.0104 -0.1299, -0.033 -0.0126 -0.1299, -0.0304 -0.0142 -0.1299, -0.027 -0.0152 -0.1299, -0.0229 -0.0156 -0.1299, -0.0173 -0.0156 -0.1299, -0.0043 -0.0156 -0.126, -0.0043 -0.0199 -0.126, -0.0043 -0.0156 -0.1299, -0.0043 -0.0199 -0.1299, 0.0168 -0.0199 -0.126, 0.0168 -0.0199 -0.1299, 0.0168 0.0195 -0.126, 0.0168 0.0195 -0.1299, -0.0034 0.0195 -0.126, -0.0034 0.0195 -0.1299, -0.0034 0.0151 -0.126, -0.0034 0.0151 -0.1299, 0.0115 0.0151 -0.126, 0.0115 0.0151 -0.1299, 0.0115 0.0022 -0.126, 0.0115 0.0022 -0.1299, -0.0024 0.0022 -0.126, -0.0024 0.0022 -0.1299, -0.0024 -0.0021 -0.126, -0.0024 -0.0021 -0.1299, 0.0115 -0.0021 -0.126, 0.0115 -0.0021 -0.1299, 0.0115 -0.0156 -0.126, 0.0115 -0.0156 -0.1299, 0.0245 -0.0136 -0.126, 0.0245 -0.0179 -0.126, 0.0245 -0.0136 -0.1299, 0.0245 -0.0179 -0.1299, 0.0287 -0.0196 -0.126, 0.0353 -0.0204 -0.126, 0.0353 -0.0204 -0.1299, 0.0342 -0.0204 -0.1299, 0.0342 -0.0204 -0.126, 0.0327 -0.0202 -0.1299, 0.0287 -0.0196 -0.1299, 0.0538 -0.001 -0.126, 0.0538 -0.001 -0.1299, 0.0534 -0.0055 -0.1299, 0.0534 -0.0055 -0.126, 0.0522 -0.0097 -0.1299, 0.0522 -0.0097 -0.126, 0.0501 -0.0134 -0.1299, 0.0501 -0.0134 -0.126, 0.0472 -0.0165 -0.1299, 0.0472 -0.0165 -0.126, 0.044 -0.0186 -0.1299, 0.044 -0.0186 -0.126, 0.0402 -0.0199 -0.1299, 0.0402 -0.0199 -0.126, 0.0376 -0.0202 -0.1299, 0.0338 0.0199 -0.126, 0.0338 0.0199 -0.1299, 0.0379 0.0196 -0.1299, 0.0379 0.0196 -0.126, 0.0423 0.0182 -0.1299, 0.0423 0.0182 -0.126, 0.046 0.016 -0.1299, 0.046 0.016 -0.126, 0.0495 0.0126 -0.1299, 0.0495 0.0126 -0.126, 0.0518 0.0089 -0.1299, 0.0518 0.0089 -0.126, 0.0533 0.0043 -0.1299, 0.0533 0.0043 -0.126, 0.0245 0.0184 -0.126, 0.0245 0.0184 -0.1299, 0.029 0.0196 -0.1299, 0.029 0.0196 -0.126, 0.0245 0.0131 -0.126, 0.0245 0.0131 -0.1299, 0.0337 0.0156 -0.126, 0.0337 0.0156 -0.1299, 0.0289 0.015 -0.1299, 0.0289 0.015 -0.126, 0.0485 -0.0006 -0.126, 0.0485 -0.0006 -0.1299, 0.0483 0.0024 -0.1299, 0.0483 0.0024 -0.126, 0.0473 0.0066 -0.1299, 0.0473 0.0066 -0.126, 0.0456 0.0097 -0.1299, 0.0456 0.0097 -0.126, 0.0433 0.0123 -0.1299, 0.0433 0.0123 -0.126, 0.0405 0.0141 -0.1299, 0.0405 0.0141 -0.126, 0.0376 0.0152 -0.1299, 0.0376 0.0152 -0.126, 0.0346 -0.0161 -0.126, 0.0346 -0.0161 -0.1299, 0.0383 -0.0157 -0.1299, 0.0383 -0.0157 -0.126, 0.0412 -0.0146 -0.1299, 0.0412 -0.0146 -0.126, 0.0436 -0.0129 -0.1299, 0.0436 -0.0129 -0.126, 0.0454 -0.011 -0.1299, 0.0454 -0.011 -0.126, 0.047 -0.0083 -0.1299, 0.047 -0.0083 -0.126, 0.0481 -0.0049 -0.1299, 0.0481 -0.0049 -0.126, 0.0252 -0.0139 -0.1299, 0.0252 -0.0139 -0.126, 0.0294 -0.0155 -0.1299, 0.0294 -0.0155 -0.126, 0.0571 -0.0156 -0.126, 0.0571 -0.0199 -0.126, 0.0571 -0.0156 -0.1299, 0.0571 -0.0199 -0.1299, 0.0773 -0.0199 -0.126, 0.0773 -0.0199 -0.1299, 0.0773 0.0195 -0.126, 0.0773 0.0195 -0.1299, 0.072 0.0195 -0.126, 0.072 0.0195 -0.1299, 0.072 -0.0156 -0.126, 0.072 -0.0156 -0.1299, 0.072 -0.0156 -0.1299
            ]
        }
        coordIndex [
            0,1,2,-1,2,1,3,-1,1,4,3,-1,3,4,5,-1,4,6,5,-1,5,6,7,-1,6,8,7,-1,7,8,9,-1,8,10,9,-1,9,10,11,-1,10,12,11,-1,11,12,13,-1,14,4,15,-1,15,4,1,-1,16,10,14,-1,14,10,8,-1,14,8,4,-1,4,8,6,-1,16,17,10,-1,10,17,18,-1,10,18,12,-1,12,18,19,-1,12,19,20,-1,20,21,12,-1,12,21,15,-1,12,15,22,-1,22,15,1,-1,22,1,0,-1,14,15,23,-1,23,15,24,-1,16,14,25,-1,25,14,23,-1,16,25,26,-1,16,26,17,-1,17,26,27,-1,17,27,18,-1,19,18,28,-1,28,18,27,-1,19,28,29,-1,19,29,20,-1,20,29,30,-1,20,30,21,-1,15,21,24,-1,24,21,30,-1,31,32,33,-1,33,32,34,-1,32,35,34,-1,34,35,36,-1,35,37,36,-1,36,37,38,-1,39,40,41,-1,39,41,42,-1,42,41,43,-1,42,43,44,-1,44,43,45,-1,44,45,46,-1,46,45,47,-1,46,47,48,-1,48,47,49,-1,48,49,50,-1,50,49,51,-1,50,51,52,-1,52,51,38,-1,52,38,37,-1,31,33,53,-1,31,53,54,-1,54,53,55,-1,54,55,56,-1,56,55,57,-1,56,57,58,-1,58,57,59,-1,58,59,60,-1,60,59,61,-1,60,61,62,-1,62,61,63,-1,62,63,64,-1,64,63,40,-1,64,40,39,-1,65,39,66,-1,66,39,42,-1,66,42,67,-1,67,42,44,-1,67,44,68,-1,68,44,46,-1,68,46,69,-1,69,46,48,-1,69,48,70,-1,70,48,50,-1,70,50,71,-1,71,50,52,-1,71,52,72,-1,72,52,37,-1,72,37,73,-1,73,37,35,-1,73,35,74,-1,74,35,32,-1,74,32,75,-1,75,32,31,-1,75,31,76,-1,76,31,54,-1,76,54,77,-1,77,54,56,-1,77,56,78,-1,78,56,58,-1,78,58,79,-1,79,58,60,-1,79,60,80,-1,80,60,62,-1,80,62,81,-1,81,62,64,-1,81,64,65,-1,65,64,39,-1,72,73,82,-1,82,73,83,-1,72,82,84,-1,72,84,71,-1,71,84,85,-1,71,85,70,-1,70,85,86,-1,70,86,69,-1,69,86,87,-1,69,87,68,-1,68,87,88,-1,68,88,67,-1,67,88,89,-1,67,89,66,-1,66,89,90,-1,66,90,65,-1,65,90,91,-1,65,91,81,-1,81,91,92,-1,81,92,80,-1,80,92,93,-1,80,93,79,-1,79,93,94,-1,79,94,78,-1,78,94,95,-1,78,95,77,-1,77,95,96,-1,77,96,76,-1,76,96,97,-1,76,97,75,-1,74,75,98,-1,98,75,97,-1,73,74,83,-1,83,74,98,-1,99,100,101,-1,101,100,102,-1,100,103,102,-1,102,103,104,-1,103,105,104,-1,104,105,106,-1,105,107,106,-1,106,107,108,-1,107,109,108,-1,108,109,110,-1,109,111,110,-1,110,111,112,-1,111,113,112,-1,112,113,114,-1,113,115,114,-1,114,115,116,-1,115,117,116,-1,116,117,118,-1,117,119,118,-1,118,119,120,-1,119,121,120,-1,120,121,122,-1,121,99,122,-1,122,99,101,-1,103,100,99,-1,99,121,103,-1,103,121,119,-1,103,119,105,-1,109,107,111,-1,111,107,105,-1,111,105,113,-1,113,105,119,-1,113,119,115,-1,115,119,117,-1,123,124,125,-1,125,124,126,-1,126,124,127,-1,128,129,130,-1,128,130,131,-1,131,130,132,-1,131,132,127,-1,127,132,133,-1,127,133,126,-1,134,135,136,-1,134,136,137,-1,137,136,138,-1,137,138,139,-1,139,138,140,-1,139,140,141,-1,141,140,142,-1,141,142,143,-1,143,142,144,-1,143,144,145,-1,145,144,146,-1,145,146,147,-1,147,146,128,-1,128,146,148,-1,128,148,129,-1,149,150,151,-1,149,151,152,-1,152,151,153,-1,152,153,154,-1,154,153,155,-1,154,155,156,-1,156,155,157,-1,156,157,158,-1,158,157,159,-1,158,159,160,-1,160,159,161,-1,160,161,162,-1,162,161,135,-1,162,135,134,-1,163,164,165,-1,163,165,166,-1,166,165,150,-1,166,150,149,-1,163,167,164,-1,164,167,168,-1,169,170,171,-1,169,171,172,-1,172,171,168,-1,172,168,167,-1,173,174,175,-1,173,175,176,-1,176,175,177,-1,176,177,178,-1,178,177,179,-1,178,179,180,-1,180,179,181,-1,180,181,182,-1,182,181,183,-1,182,183,184,-1,184,183,185,-1,184,185,186,-1,186,185,170,-1,186,170,169,-1,187,188,189,-1,187,189,190,-1,190,189,191,-1,190,191,192,-1,192,191,193,-1,192,193,194,-1,194,193,195,-1,194,195,196,-1,196,195,197,-1,196,197,198,-1,198,197,199,-1,198,199,200,-1,200,199,174,-1,200,174,173,-1,123,125,201,-1,123,201,202,-1,202,201,203,-1,202,203,204,-1,204,203,188,-1,204,188,187,-1,190,128,187,-1,187,128,131,-1,187,131,204,-1,204,131,127,-1,204,127,202,-1,202,127,124,-1,202,124,123,-1,167,163,172,-1,172,163,166,-1,172,166,169,-1,169,166,149,-1,169,149,186,-1,186,149,152,-1,186,152,184,-1,184,152,154,-1,184,154,182,-1,182,154,156,-1,182,156,180,-1,180,156,158,-1,180,158,178,-1,178,158,160,-1,178,160,176,-1,176,160,162,-1,176,162,173,-1,173,162,134,-1,173,134,200,-1,200,134,137,-1,200,137,198,-1,198,137,139,-1,198,139,196,-1,196,139,141,-1,196,141,194,-1,194,141,143,-1,194,143,192,-1,192,143,145,-1,192,145,190,-1,190,145,147,-1,190,147,128,-1,205,206,207,-1,207,206,208,-1,206,209,208,-1,208,209,210,-1,209,211,210,-1,210,211,212,-1,211,213,212,-1,212,213,214,-1,213,215,214,-1,214,215,216,-1,215,205,216,-1,216,205,207,-1,213,211,215,-1,215,211,209,-1,215,209,205,-1,205,209,206,-1,
        ]
    }
}
Shape{
    appearance Appearance {
        material  Material 	{
            diffuseColor 0.6745098039215687 0.6745098039215687 0.6745098039215687
            specularColor 0.6078431372549019 0.6078431372549019 0.6078431372549019
            ambientIntensity 0.2
            transparency 0
            shininess 0.5
        }
    }
    geometry IndexedFaceSet {
        ccw TRUE
        solid FALSE
        coord DEF co Coordinate {
            point [
                -0.0574 -0.0045 -0.1299, -0.0706 -0.0045 -0.1299, -0.0633 0.0119 -0.1299, -0.0647 0.0119 -0.1299, -0.0637 0.0133 -0.1299, -0.0643 0.0133 -0.1299, -0.0639 0.0147 -0.1299, -0.0641 0.0147 -0.1299, -0.0641 0.0147 -0.1299
            ]
        }
        coordIndex [
            0,1,2,-1,2,1,3,-1,2,3,4,-1,4,3,5,-1,4,5,6,-1,6,5,7,-1,
        ]
    }
}
Shape{
    appearance Appearance {
        material  Material 	{
            diffuseColor 0.3176470588235294 0.24705882352941178 0.20784313725490197
            specularColor 0.1607843137254902 0.12156862745098039 0.10588235294117647
            ambientIntensity 0.2
            transparency 0
            shininess 0.5
        }
    }
    geometry IndexedFaceSet {
        ccw TRUE
        solid FALSE
        coord DEF co Coordinate {
            point [
                -0.0173 0.0151 -0.1299, -0.0173 -0.0156 -0.1299, -0.0231 0.0151 -0.1299, -0.0229 -0.0156 -0.1299, -0.027 -0.0152 -0.1299, -0.0384 0.0002 -0.1299, -0.0381 0.0041 -0.1299, -0.0371 0.0072 -0.1299, -0.0277 0.0146 -0.1299, -0.0304 -0.0142 -0.1299, -0.033 -0.0126 -0.1299, -0.0352 -0.0104 -0.1299, -0.0369 -0.0077 -0.1299, -0.0381 -0.004 -0.1299, -0.0358 0.0096 -0.1299, -0.0339 0.0117 -0.1299, -0.031 0.0135 -0.1299, -0.031 0.0135 -0.1299
            ]
        }
        coordIndex [
            0,1,2,-1,2,1,3,-1,2,3,4,-1,5,6,2,-1,2,6,7,-1,2,7,8,-1,4,9,2,-1,2,9,10,-1,2,10,11,-1,11,12,2,-1,2,12,13,-1,2,13,5,-1,14,15,7,-1,7,15,16,-1,7,16,8,-1,
        ]
    }
}
Shape{
    appearance Appearance {
        material  Material 	{
            diffuseColor 0.8980392156862745 0.8980392156862745 0.8980392156862745
            specularColor 0.7176470588235294 0.7176470588235294 0.7176470588235294
            ambientIntensity 0.2
            transparency 0
            shininess 0.5
        }
    }
    geometry IndexedFaceSet {
        ccw TRUE
        solid FALSE
        coord DEF co Coordinate {
            point [
                0.0832 -0.0779 -0.2085, 0.0833 -0.0783 -0.2085, 0.0787 -0.0787 -0.2087, 0.0831 -0.0775 -0.2085, 0.083 -0.0772 -0.2085, 0.0829 -0.0768 -0.2085, 0.0827 -0.0764 -0.2085, 0.0824 -0.0761 -0.2085, 0.0822 -0.0758 -0.2085, 0.0819 -0.0755 -0.2085, 0.0816 -0.0752 -0.2085, 0.0813 -0.075 -0.2085, 0.081 -0.0748 -0.2085, 0.0806 -0.0746 -0.2085, 0.0802 -0.0744 -0.2085, 0.0798 -0.0743 -0.2085, 0.0794 -0.0742 -0.2085, 0.079 -0.0742 -0.2085, 0.0786 -0.0742 -0.2085, 0.0782 -0.0742 -0.2085, 0.0778 -0.0743 -0.2085, 0.0774 -0.0744 -0.2085, 0.0771 -0.0745 -0.2085, 0.0767 -0.0747 -0.2085, 0.0763 -0.0749 -0.2085, 0.076 -0.0751 -0.2085, 0.0757 -0.0753 -0.2085, 0.0754 -0.0756 -0.2085, 0.0752 -0.0759 -0.2085, 0.0749 -0.0763 -0.2085, 0.0747 -0.0766 -0.2085, 0.0745 -0.077 -0.2085, 0.0744 -0.0774 -0.2085, 0.0743 -0.0777 -0.2085, 0.0742 -0.0781 -0.2085, 0.0742 -0.0785 -0.2085, 0.0742 -0.0789 -0.2085, 0.0742 -0.0793 -0.2085, 0.0743 -0.0797 -0.2085, 0.0744 -0.0801 -0.2085, 0.0745 -0.0805 -0.2085, 0.0747 -0.0809 -0.2085, 0.0749 -0.0812 -0.2085, 0.0752 -0.0815 -0.2085, 0.0754 -0.0819 -0.2085, 0.0757 -0.0821 -0.2085, 0.076 -0.0824 -0.2085, 0.0763 -0.0826 -0.2085, 0.0767 -0.0828 -0.2085, 0.0771 -0.083 -0.2085, 0.0774 -0.0831 -0.2085, 0.0778 -0.0832 -0.2085, 0.0782 -0.0833 -0.2085, 0.0786 -0.0833 -0.2085, 0.079 -0.0833 -0.2085, 0.0794 -0.0832 -0.2085, 0.0798 -0.0832 -0.2085, 0.0802 -0.083 -0.2085, 0.0806 -0.0829 -0.2085, 0.081 -0.0827 -0.2085, 0.0813 -0.0825 -0.2085, 0.0816 -0.0823 -0.2085, 0.0819 -0.082 -0.2085, 0.0822 -0.0817 -0.2085, 0.0824 -0.0814 -0.2085, 0.0827 -0.081 -0.2085, 0.0829 -0.0807 -0.2085, 0.083 -0.0803 -0.2085, 0.0831 -0.0799 -0.2085, 0.0832 -0.0795 -0.2085, 0.0833 -0.0791 -0.2085, 0.0833 -0.0787 -0.2085, 0.1219 -0.0787 -0.1299, 0.124 -0.0747 -0.1339, 0.1217 -0.0749 -0.1299, 0.1234 -0.0707 -0.1339, 0.1212 -0.0711 -0.1299, 0.1226 -0.0668 -0.1339, 0.1204 -0.0674 -0.1299, 0.1213 -0.063 -0.1339, 0.1192 -0.0638 -0.1299, 0.1198 -0.0593 -0.1339, 0.1177 -0.0603 -0.1299, 0.1179 -0.0557 -0.1339, 0.1159 -0.0569 -0.1299, 0.1157 -0.0524 -0.1339, 0.1139 -0.0537 -0.1299, 0.1132 -0.0492 -0.1339, 0.1115 -0.0507 -0.1299, 0.1105 -0.0463 -0.1339, 0.1089 -0.0479 -0.1299, 0.1075 -0.0436 -0.1339, 0.1061 -0.0454 -0.1299, 0.1043 -0.0412 -0.1339, 0.103 -0.0431 -0.1299, 0.1009 -0.0391 -0.1339, 0.0998 -0.0411 -0.1299, 0.0973 -0.0373 -0.1339, 0.0963 -0.0394 -0.1299, 0.0935 -0.0358 -0.1339, 0.0928 -0.038 -0.1299, 0.0897 -0.0347 -0.1339, 0.0891 -0.0369 -0.1299, 0.0857 -0.0339 -0.1339, 0.0854 -0.0361 -0.1299, 0.0818 -0.0334 -0.1339, 0.0816 -0.0357 -0.1299, 0.0777 -0.0333 -0.1339, 0.0778 -0.0356 -0.1299, 0.0737 -0.0336 -0.1339, 0.074 -0.0359 -0.1299, 0.0698 -0.0342 -0.1339, 0.0702 -0.0365 -0.1299, 0.0659 -0.0352 -0.1339, 0.0665 -0.0374 -0.1299, 0.0621 -0.0365 -0.1339, 0.0629 -0.0386 -0.1299, 0.0584 -0.0381 -0.1339, 0.0594 -0.0402 -0.1299, 0.0549 -0.0401 -0.1339, 0.0561 -0.042 -0.1299, 0.0516 -0.0424 -0.1339, 0.0529 -0.0442 -0.1299, 0.0485 -0.0449 -0.1339, 0.05 -0.0466 -0.1299, 0.0456 -0.0477 -0.1339, 0.0472 -0.0493 -0.1299, 0.043 -0.0508 -0.1339, 0.0448 -0.0522 -0.1299, 0.0406 -0.054 -0.1339, 0.0426 -0.0553 -0.1299, 0.0386 -0.0575 -0.1339, 0.0406 -0.0586 -0.1299, 0.0369 -0.0611 -0.1339, 0.039 -0.062 -0.1299, 0.0355 -0.0649 -0.1339, 0.0377 -0.0656 -0.1299, 0.0344 -0.0688 -0.1339, 0.0367 -0.0693 -0.1299, 0.0337 -0.0727 -0.1339, 0.036 -0.073 -0.1299, 0.0334 -0.0767 -0.1339, 0.0357 -0.0768 -0.1299, 0.0334 -0.0807 -0.1339, 0.0357 -0.0806 -0.1299, 0.0337 -0.0848 -0.1339, 0.036 -0.0844 -0.1299, 0.0344 -0.0887 -0.1339, 0.0367 -0.0882 -0.1299, 0.0355 -0.0926 -0.1339, 0.0377 -0.0919 -0.1299, 0.0369 -0.0963 -0.1339, 0.039 -0.0955 -0.1299, 0.0386 -0.1 -0.1339, 0.0406 -0.0989 -0.1299, 0.0406 -0.1034 -0.1339, 0.0426 -0.1022 -0.1299, 0.043 -0.1067 -0.1339, 0.0448 -0.1053 -0.1299, 0.0456 -0.1098 -0.1339, 0.0472 -0.1082 -0.1299, 0.0485 -0.1126 -0.1339, 0.05 -0.1109 -0.1299, 0.0516 -0.1151 -0.1339, 0.0529 -0.1133 -0.1299, 0.0549 -0.1174 -0.1339, 0.0561 -0.1154 -0.1299, 0.0584 -0.1193 -0.1339, 0.0594 -0.1173 -0.1299, 0.0621 -0.121 -0.1339, 0.0629 -0.1189 -0.1299, 0.0659 -0.1223 -0.1339, 0.0665 -0.1201 -0.1299, 0.0698 -0.1233 -0.1339, 0.0702 -0.121 -0.1299, 0.0737 -0.1239 -0.1339, 0.074 -0.1216 -0.1299, 0.0777 -0.1241 -0.1339, 0.0778 -0.1219 -0.1299, 0.0818 -0.1241 -0.1339, 0.0816 -0.1218 -0.1299, 0.0857 -0.1236 -0.1339, 0.0854 -0.1214 -0.1299, 0.0897 -0.1228 -0.1339, 0.0891 -0.1206 -0.1299, 0.0935 -0.1217 -0.1339, 0.0928 -0.1195 -0.1299, 0.0973 -0.1202 -0.1339, 0.0963 -0.1181 -0.1299, 0.1009 -0.1184 -0.1339, 0.0998 -0.1164 -0.1299, 0.1043 -0.1163 -0.1339, 0.103 -0.1144 -0.1299, 0.1075 -0.1139 -0.1339, 0.1061 -0.1121 -0.1299, 0.1105 -0.1112 -0.1339, 0.1089 -0.1096 -0.1299, 0.1132 -0.1083 -0.1339, 0.1115 -0.1068 -0.1299, 0.1157 -0.1051 -0.1339, 0.1139 -0.1038 -0.1299, 0.1179 -0.1017 -0.1339, 0.1159 -0.1006 -0.1299, 0.1198 -0.0982 -0.1339, 0.1177 -0.0972 -0.1299, 0.1213 -0.0945 -0.1339, 0.1192 -0.0937 -0.1299, 0.1226 -0.0907 -0.1339, 0.1204 -0.0901 -0.1299, 0.1234 -0.0867 -0.1339, 0.1212 -0.0863 -0.1299, 0.124 -0.0828 -0.1339, 0.1217 -0.0826 -0.1299, 0.1241 -0.0787 -0.1339, 0.1259 -0.0746 -0.138, 0.1253 -0.0704 -0.138, 0.1244 -0.0663 -0.138, 0.1231 -0.0623 -0.138, 0.1215 -0.0585 -0.138, 0.1196 -0.0548 -0.138, 0.1173 -0.0513 -0.138, 0.1147 -0.048 -0.138, 0.1118 -0.0449 -0.138, 0.1087 -0.0421 -0.138, 0.1054 -0.0396 -0.138, 0.1018 -0.0374 -0.138, 0.0981 -0.0355 -0.138, 0.0942 -0.034 -0.138, 0.0901 -0.0328 -0.138, 0.086 -0.032 -0.138, 0.0819 -0.0315 -0.138, 0.0777 -0.0314 -0.138, 0.0735 -0.0317 -0.138, 0.0694 -0.0323 -0.138, 0.0653 -0.0334 -0.138, 0.0614 -0.0347 -0.138, 0.0575 -0.0364 -0.138, 0.0539 -0.0385 -0.138, 0.0504 -0.0408 -0.138, 0.0472 -0.0435 -0.138, 0.0442 -0.0464 -0.138, 0.0415 -0.0496 -0.138, 0.039 -0.053 -0.138, 0.0369 -0.0566 -0.138, 0.0351 -0.0604 -0.138, 0.0337 -0.0643 -0.138, 0.0326 -0.0684 -0.138, 0.0318 -0.0725 -0.138, 0.0315 -0.0766 -0.138, 0.0315 -0.0808 -0.138, 0.0318 -0.085 -0.138, 0.0326 -0.0891 -0.138, 0.0337 -0.0932 -0.138, 0.0351 -0.0971 -0.138, 0.0369 -0.1009 -0.138, 0.039 -0.1045 -0.138, 0.0415 -0.1079 -0.138, 0.0442 -0.1111 -0.138, 0.0472 -0.114 -0.138, 0.0504 -0.1167 -0.138, 0.0539 -0.119 -0.138, 0.0575 -0.1211 -0.138, 0.0614 -0.1228 -0.138, 0.0653 -0.1241 -0.138, 0.0694 -0.1251 -0.138, 0.0735 -0.1258 -0.138, 0.0777 -0.1261 -0.138, 0.0819 -0.126 -0.138, 0.086 -0.1255 -0.138, 0.0901 -0.1247 -0.138, 0.0942 -0.1235 -0.138, 0.0981 -0.122 -0.138, 0.1018 -0.1201 -0.138, 0.1054 -0.1179 -0.138, 0.1087 -0.1154 -0.138, 0.1118 -0.1126 -0.138, 0.1147 -0.1095 -0.138, 0.1173 -0.1062 -0.138, 0.1196 -0.1027 -0.138, 0.1215 -0.099 -0.138, 0.1231 -0.0951 -0.138, 0.1244 -0.0912 -0.138, 0.1253 -0.0871 -0.138, 0.1259 -0.0829 -0.138, 0.1261 -0.0787 -0.138, 0.1274 -0.0744 -0.1423, 0.1269 -0.0701 -0.1423, 0.1259 -0.0659 -0.1423, 0.1246 -0.0618 -0.1423, 0.1229 -0.0578 -0.1423, 0.1209 -0.054 -0.1423, 0.1185 -0.0504 -0.1423, 0.1159 -0.047 -0.1423, 0.1129 -0.0438 -0.1423, 0.1097 -0.0409 -0.1423, 0.1062 -0.0383 -0.1423, 0.1026 -0.0361 -0.1423, 0.0987 -0.0341 -0.1423, 0.0947 -0.0325 -0.1423, 0.0905 -0.0313 -0.1423, 0.0863 -0.0304 -0.1423, 0.082 -0.03 -0.1423, 0.0777 -0.0299 -0.1423, 0.0733 -0.0302 -0.1423, 0.0691 -0.0308 -0.1423, 0.0649 -0.0319 -0.1423, 0.0608 -0.0333 -0.1423, 0.0568 -0.035 -0.1423, 0.0531 -0.0372 -0.1423, 0.0495 -0.0396 -0.1423, 0.0461 -0.0423 -0.1423, 0.0431 -0.0453 -0.1423, 0.0402 -0.0486 -0.1423, 0.0377 -0.0521 -0.1423, 0.0355 -0.0559 -0.1423, 0.0337 -0.0598 -0.1423, 0.0322 -0.0638 -0.1423, 0.0311 -0.068 -0.1423, 0.0303 -0.0723 -0.1423, 0.0299 -0.0766 -0.1423, 0.0299 -0.0809 -0.1423, 0.0303 -0.0852 -0.1423, 0.0311 -0.0895 -0.1423, 0.0322 -0.0936 -0.1423, 0.0337 -0.0977 -0.1423, 0.0355 -0.1016 -0.1423, 0.0377 -0.1053 -0.1423, 0.0402 -0.1089 -0.1423, 0.0431 -0.1121 -0.1423, 0.0461 -0.1152 -0.1423, 0.0495 -0.1179 -0.1423, 0.0531 -0.1203 -0.1423, 0.0568 -0.1224 -0.1423, 0.0608 -0.1242 -0.1423, 0.0649 -0.1256 -0.1423, 0.0691 -0.1267 -0.1423, 0.0733 -0.1273 -0.1423, 0.0777 -0.1276 -0.1423, 0.082 -0.1275 -0.1423, 0.0863 -0.127 -0.1423, 0.0905 -0.1262 -0.1423, 0.0947 -0.125 -0.1423, 0.0987 -0.1234 -0.1423, 0.1026 -0.1214 -0.1423, 0.1062 -0.1192 -0.1423, 0.1097 -0.1166 -0.1423, 0.1129 -0.1137 -0.1423, 0.1159 -0.1105 -0.1423, 0.1185 -0.1071 -0.1423, 0.1209 -0.1035 -0.1423, 0.1229 -0.0997 -0.1423, 0.1246 -0.0957 -0.1423, 0.1259 -0.0916 -0.1423, 0.1269 -0.0873 -0.1423, 0.1274 -0.0831 -0.1423, 0.1276 -0.0787 -0.1423, 0.1286 -0.0743 -0.1467, 0.128 -0.0699 -0.1467, 0.127 -0.0656 -0.1467, 0.1257 -0.0614 -0.1467, 0.124 -0.0573 -0.1467, 0.1219 -0.0534 -0.1467, 0.1195 -0.0497 -0.1467, 0.1168 -0.0462 -0.1467, 0.1137 -0.043 -0.1467, 0.1104 -0.04 -0.1467, 0.1069 -0.0374 -0.1467, 0.1031 -0.035 -0.1467, 0.0992 -0.0331 -0.1467, 0.095 -0.0314 -0.1467, 0.0908 -0.0302 -0.1467, 0.0865 -0.0293 -0.1467, 0.0821 -0.0288 -0.1467, 0.0776 -0.0287 -0.1467, 0.0732 -0.029 -0.1467, 0.0688 -0.0297 -0.1467, 0.0645 -0.0308 -0.1467, 0.0604 -0.0322 -0.1467, 0.0563 -0.034 -0.1467, 0.0525 -0.0362 -0.1467, 0.0488 -0.0387 -0.1467, 0.0454 -0.0415 -0.1467, 0.0422 -0.0446 -0.1467, 0.0393 -0.0479 -0.1467, 0.0368 -0.0515 -0.1467, 0.0345 -0.0553 -0.1467, 0.0326 -0.0593 -0.1467, 0.0311 -0.0635 -0.1467, 0.0299 -0.0678 -0.1467, 0.0291 -0.0721 -0.1467, 0.0288 -0.0765 -0.1467, 0.0288 -0.081 -0.1467, 0.0291 -0.0854 -0.1467, 0.0299 -0.0897 -0.1467, 0.0311 -0.094 -0.1467, 0.0326 -0.0981 -0.1467, 0.0345 -0.1021 -0.1467, 0.0368 -0.106 -0.1467, 0.0393 -0.1096 -0.1467, 0.0422 -0.1129 -0.1467, 0.0454 -0.116 -0.1467, 0.0488 -0.1188 -0.1467, 0.0525 -0.1213 -0.1467, 0.0563 -0.1235 -0.1467, 0.0604 -0.1253 -0.1467, 0.0645 -0.1267 -0.1467, 0.0688 -0.1278 -0.1467, 0.0732 -0.1285 -0.1467, 0.0776 -0.1288 -0.1467, 0.0821 -0.1287 -0.1467, 0.0865 -0.1282 -0.1467, 0.0908 -0.1273 -0.1467, 0.095 -0.126 -0.1467, 0.0992 -0.1244 -0.1467, 0.1031 -0.1224 -0.1467, 0.1069 -0.1201 -0.1467, 0.1104 -0.1175 -0.1467, 0.1137 -0.1145 -0.1467, 0.1168 -0.1113 -0.1467, 0.1195 -0.1078 -0.1467, 0.1219 -0.1041 -0.1467, 0.124 -0.1002 -0.1467, 0.1257 -0.0961 -0.1467, 0.127 -0.0919 -0.1467, 0.128 -0.0875 -0.1467, 0.1286 -0.0832 -0.1467, 0.1288 -0.0787 -0.1467, 0.1293 -0.0743 -0.1512, 0.1287 -0.0698 -0.1512, 0.1278 -0.0654 -0.1512, 0.1264 -0.0611 -0.1512, 0.1246 -0.057 -0.1512, 0.1225 -0.053 -0.1512, 0.1201 -0.0492 -0.1512, 0.1173 -0.0457 -0.1512, 0.1143 -0.0424 -0.1512, 0.1109 -0.0394 -0.1512, 0.1073 -0.0367 -0.1512, 0.1035 -0.0344 -0.1512, 0.0995 -0.0324 -0.1512, 0.0953 -0.0307 -0.1512, 0.091 -0.0294 -0.1512, 0.0866 -0.0286 -0.1512, 0.0821 -0.0281 -0.1512, 0.0776 -0.028 -0.1512, 0.0731 -0.0283 -0.1512, 0.0687 -0.0289 -0.1512, 0.0643 -0.03 -0.1512, 0.0601 -0.0315 -0.1512, 0.056 -0.0333 -0.1512, 0.0521 -0.0355 -0.1512, 0.0483 -0.038 -0.1512, 0.0449 -0.0409 -0.1512, 0.0417 -0.044 -0.1512, 0.0387 -0.0474 -0.1512, 0.0361 -0.0511 -0.1512, 0.0338 -0.055 -0.1512, 0.0319 -0.059 -0.1512, 0.0304 -0.0633 -0.1512, 0.0292 -0.0676 -0.1512, 0.0284 -0.072 -0.1512, 0.028 -0.0765 -0.1512, 0.028 -0.081 -0.1512, 0.0284 -0.0855 -0.1512, 0.0292 -0.0899 -0.1512, 0.0304 -0.0942 -0.1512, 0.0319 -0.0984 -0.1512, 0.0338 -0.1025 -0.1512, 0.0361 -0.1064 -0.1512, 0.0387 -0.11 -0.1512, 0.0417 -0.1134 -0.1512, 0.0449 -0.1166 -0.1512, 0.0483 -0.1194 -0.1512, 0.0521 -0.122 -0.1512, 0.056 -0.1242 -0.1512, 0.0601 -0.126 -0.1512, 0.0643 -0.1274 -0.1512, 0.0687 -0.1285 -0.1512, 0.0731 -0.1292 -0.1512, 0.0776 -0.1295 -0.1512, 0.0821 -0.1294 -0.1512, 0.0866 -0.1289 -0.1512, 0.091 -0.128 -0.1512, 0.0953 -0.1268 -0.1512, 0.0995 -0.1251 -0.1512, 0.1035 -0.1231 -0.1512, 0.1073 -0.1207 -0.1512, 0.1109 -0.118 -0.1512, 0.1143 -0.1151 -0.1512, 0.1173 -0.1118 -0.1512, 0.1201 -0.1082 -0.1512, 0.1225 -0.1045 -0.1512, 0.1246 -0.1005 -0.1512, 0.1264 -0.0963 -0.1512, 0.1278 -0.0921 -0.1512, 0.1287 -0.0877 -0.1512, 0.1293 -0.0832 -0.1512, 0.1295 -0.0787 -0.1512, 0.1297 -0.0742 -0.1558, 0.1291 -0.0697 -0.1558, 0.1281 -0.0653 -0.1558, 0.1267 -0.061 -0.1558, 0.125 -0.0568 -0.1558, 0.1228 -0.0528 -0.1558, 0.1204 -0.049 -0.1558, 0.1176 -0.0455 -0.1558, 0.1145 -0.0422 -0.1558, 0.1111 -0.0392 -0.1558, 0.1075 -0.0364 -0.1558, 0.1037 -0.0341 -0.1558, 0.0996 -0.032 -0.1558, 0.0954 -0.0304 -0.1558, 0.0911 -0.0291 -0.1558, 0.0866 -0.0282 -0.1558, 0.0821 -0.0277 -0.1558, 0.0776 -0.0276 -0.1558, 0.0731 -0.0279 -0.1558, 0.0686 -0.0286 -0.1558, 0.0642 -0.0297 -0.1558, 0.06 -0.0312 -0.1558, 0.0558 -0.033 -0.1558, 0.0519 -0.0352 -0.1558, 0.0481 -0.0378 -0.1558, 0.0446 -0.0406 -0.1558, 0.0414 -0.0438 -0.1558, 0.0384 -0.0472 -0.1558, 0.0358 -0.0509 -0.1558, 0.0335 -0.0548 -0.1558, 0.0316 -0.0589 -0.1558, 0.03 -0.0631 -0.1558, 0.0288 -0.0675 -0.1558, 0.028 -0.072 -0.1558, 0.0276 -0.0765 -0.1558, 0.0276 -0.081 -0.1558, 0.028 -0.0855 -0.1558, 0.0288 -0.09 -0.1558, 0.03 -0.0943 -0.1558, 0.0316 -0.0986 -0.1558, 0.0335 -0.1027 -0.1558, 0.0358 -0.1066 -0.1558, 0.0384 -0.1103 -0.1558, 0.0414 -0.1137 -0.1558, 0.0446 -0.1169 -0.1558, 0.0481 -0.1197 -0.1558, 0.0519 -0.1223 -0.1558, 0.0558 -0.1245 -0.1558, 0.06 -0.1263 -0.1558, 0.0642 -0.1278 -0.1558, 0.0686 -0.1289 -0.1558, 0.0731 -0.1296 -0.1558, 0.0776 -0.1299 -0.1558, 0.0821 -0.1298 -0.1558, 0.0866 -0.1293 -0.1558, 0.0911 -0.1284 -0.1558, 0.0954 -0.1271 -0.1558, 0.0996 -0.1254 -0.1558, 0.1037 -0.1234 -0.1558, 0.1075 -0.121 -0.1558, 0.1111 -0.1183 -0.1558, 0.1145 -0.1153 -0.1558, 0.1176 -0.112 -0.1558, 0.1204 -0.1084 -0.1558, 0.1228 -0.1046 -0.1558, 0.125 -0.1006 -0.1558, 0.1267 -0.0965 -0.1558, 0.1281 -0.0922 -0.1558, 0.1291 -0.0877 -0.1558, 0.1297 -0.0833 -0.1558, 0.1299 -0.0787 -0.1558, 0.1296 -0.0742 -0.1603, 0.129 -0.0697 -0.1603, 0.1281 -0.0653 -0.1603, 0.1267 -0.061 -0.1603, 0.1249 -0.0569 -0.1603, 0.1228 -0.0529 -0.1603, 0.1203 -0.0491 -0.1603, 0.1176 -0.0455 -0.1603, 0.1145 -0.0422 -0.1603, 0.1111 -0.0392 -0.1603, 0.1075 -0.0365 -0.1603, 0.1036 -0.0341 -0.1603, 0.0996 -0.0321 -0.1603, 0.0954 -0.0304 -0.1603, 0.0911 -0.0291 -0.1603, 0.0866 -0.0282 -0.1603, 0.0821 -0.0278 -0.1603, 0.0776 -0.0277 -0.1603, 0.0731 -0.0279 -0.1603, 0.0686 -0.0286 -0.1603, 0.0642 -0.0297 -0.1603, 0.06 -0.0312 -0.1603, 0.0558 -0.0331 -0.1603, 0.0519 -0.0353 -0.1603, 0.0482 -0.0378 -0.1603, 0.0447 -0.0407 -0.1603, 0.0414 -0.0438 -0.1603, 0.0385 -0.0473 -0.1603, 0.0359 -0.0509 -0.1603, 0.0336 -0.0548 -0.1603, 0.0316 -0.0589 -0.1603, 0.0301 -0.0632 -0.1603, 0.0289 -0.0675 -0.1603, 0.0281 -0.072 -0.1603, 0.0277 -0.0765 -0.1603, 0.0277 -0.081 -0.1603, 0.0281 -0.0855 -0.1603, 0.0289 -0.09 -0.1603, 0.0301 -0.0943 -0.1603, 0.0316 -0.0986 -0.1603, 0.0336 -0.1026 -0.1603, 0.0359 -0.1065 -0.1603, 0.0385 -0.1102 -0.1603, 0.0414 -0.1137 -0.1603, 0.0447 -0.1168 -0.1603, 0.0482 -0.1197 -0.1603, 0.0519 -0.1222 -0.1603, 0.0558 -0.1244 -0.1603, 0.06 -0.1263 -0.1603, 0.0642 -0.1277 -0.1603, 0.0686 -0.1288 -0.1603, 0.0731 -0.1295 -0.1603, 0.0776 -0.1298 -0.1603, 0.0821 -0.1297 -0.1603, 0.0866 -0.1292 -0.1603, 0.0911 -0.1283 -0.1603, 0.0954 -0.1271 -0.1603, 0.0996 -0.1254 -0.1603, 0.1036 -0.1234 -0.1603, 0.1075 -0.121 -0.1603, 0.1111 -0.1183 -0.1603, 0.1145 -0.1153 -0.1603, 0.1176 -0.112 -0.1603, 0.1203 -0.1084 -0.1603, 0.1228 -0.1046 -0.1603, 0.1249 -0.1006 -0.1603, 0.1267 -0.0965 -0.1603, 0.1281 -0.0921 -0.1603, 0.129 -0.0877 -0.1603, 0.1296 -0.0833 -0.1603, 0.1298 -0.0787 -0.1603, 0.1292 -0.0743 -0.1649, 0.1286 -0.0698 -0.1649, 0.1276 -0.0655 -0.1649, 0.1262 -0.0612 -0.1649, 0.1245 -0.0571 -0.1649, 0.1224 -0.0531 -0.1649, 0.12 -0.0493 -0.1649, 0.1172 -0.0458 -0.1649, 0.1142 -0.0425 -0.1649, 0.1108 -0.0395 -0.1649, 0.1072 -0.0369 -0.1649, 0.1034 -0.0345 -0.1649, 0.0994 -0.0325 -0.1649, 0.0952 -0.0309 -0.1649, 0.0909 -0.0296 -0.1649, 0.0866 -0.0287 -0.1649, 0.0821 -0.0282 -0.1649, 0.0776 -0.0281 -0.1649, 0.0731 -0.0284 -0.1649, 0.0687 -0.0291 -0.1649, 0.0644 -0.0302 -0.1649, 0.0601 -0.0316 -0.1649, 0.056 -0.0335 -0.1649, 0.0521 -0.0356 -0.1649, 0.0484 -0.0382 -0.1649, 0.045 -0.041 -0.1649, 0.0418 -0.0441 -0.1649, 0.0388 -0.0475 -0.1649, 0.0362 -0.0512 -0.1649, 0.034 -0.0551 -0.1649, 0.0321 -0.0591 -0.1649, 0.0305 -0.0633 -0.1649, 0.0293 -0.0676 -0.1649, 0.0285 -0.072 -0.1649, 0.0281 -0.0765 -0.1649, 0.0281 -0.081 -0.1649, 0.0285 -0.0854 -0.1649, 0.0293 -0.0899 -0.1649, 0.0305 -0.0942 -0.1649, 0.0321 -0.0984 -0.1649, 0.034 -0.1024 -0.1649, 0.0362 -0.1063 -0.1649, 0.0388 -0.1099 -0.1649, 0.0418 -0.1133 -0.1649, 0.045 -0.1165 -0.1649, 0.0484 -0.1193 -0.1649, 0.0521 -0.1218 -0.1649, 0.056 -0.124 -0.1649, 0.0601 -0.1258 -0.1649, 0.0644 -0.1273 -0.1649, 0.0687 -0.1284 -0.1649, 0.0731 -0.1291 -0.1649, 0.0776 -0.1294 -0.1649, 0.0821 -0.1293 -0.1649, 0.0866 -0.1288 -0.1649, 0.0909 -0.1279 -0.1649, 0.0952 -0.1266 -0.1649, 0.0994 -0.125 -0.1649, 0.1034 -0.123 -0.1649, 0.1072 -0.1206 -0.1649, 0.1108 -0.1179 -0.1649, 0.1142 -0.1149 -0.1649, 0.1172 -0.1117 -0.1649, 0.12 -0.1081 -0.1649, 0.1224 -0.1044 -0.1649, 0.1245 -0.1004 -0.1649, 0.1262 -0.0963 -0.1649, 0.1276 -0.092 -0.1649, 0.1286 -0.0877 -0.1649, 0.1292 -0.0832 -0.1649, 0.1294 -0.0787 -0.1649, 0.1283 -0.0743 -0.1693, 0.1278 -0.07 -0.1693, 0.1268 -0.0657 -0.1693, 0.1254 -0.0615 -0.1693, 0.1237 -0.0574 -0.1693, 0.1217 -0.0535 -0.1693, 0.1193 -0.0498 -0.1693, 0.1166 -0.0464 -0.1693, 0.1136 -0.0431 -0.1693, 0.1103 -0.0402 -0.1693, 0.1067 -0.0376 -0.1693, 0.103 -0.0353 -0.1693, 0.0991 -0.0333 -0.1693, 0.095 -0.0317 -0.1693, 0.0907 -0.0304 -0.1693, 0.0864 -0.0295 -0.1693, 0.082 -0.0291 -0.1693, 0.0776 -0.029 -0.1693, 0.0732 -0.0293 -0.1693, 0.0689 -0.0299 -0.1693, 0.0646 -0.031 -0.1693, 0.0605 -0.0324 -0.1693, 0.0564 -0.0342 -0.1693, 0.0526 -0.0364 -0.1693, 0.0489 -0.0389 -0.1693, 0.0455 -0.0416 -0.1693, 0.0424 -0.0447 -0.1693, 0.0395 -0.0481 -0.1693, 0.037 -0.0517 -0.1693, 0.0347 -0.0555 -0.1693, 0.0328 -0.0594 -0.1693, 0.0313 -0.0636 -0.1693, 0.0302 -0.0678 -0.1693, 0.0294 -0.0722 -0.1693, 0.029 -0.0765 -0.1693, 0.029 -0.0809 -0.1693, 0.0294 -0.0853 -0.1693, 0.0302 -0.0897 -0.1693, 0.0313 -0.0939 -0.1693, 0.0328 -0.098 -0.1693, 0.0347 -0.102 -0.1693, 0.037 -0.1058 -0.1693, 0.0395 -0.1094 -0.1693, 0.0424 -0.1128 -0.1693, 0.0455 -0.1158 -0.1693, 0.0489 -0.1186 -0.1693, 0.0526 -0.1211 -0.1693, 0.0564 -0.1233 -0.1693, 0.0605 -0.125 -0.1693, 0.0646 -0.1265 -0.1693, 0.0689 -0.1275 -0.1693, 0.0732 -0.1282 -0.1693, 0.0776 -0.1285 -0.1693, 0.082 -0.1284 -0.1693, 0.0864 -0.1279 -0.1693, 0.0907 -0.1271 -0.1693, 0.095 -0.1258 -0.1693, 0.0991 -0.1242 -0.1693, 0.103 -0.1222 -0.1693, 0.1067 -0.1199 -0.1693, 0.1103 -0.1173 -0.1693, 0.1136 -0.1143 -0.1693, 0.1166 -0.1111 -0.1693, 0.1193 -0.1076 -0.1693, 0.1217 -0.104 -0.1693, 0.1237 -0.1001 -0.1693, 0.1254 -0.096 -0.1693, 0.1268 -0.0918 -0.1693, 0.1278 -0.0875 -0.1693, 0.1283 -0.0831 -0.1693, 0.1285 -0.0787 -0.1693, 0.1271 -0.0745 -0.1737, 0.1265 -0.0702 -0.1737, 0.1256 -0.066 -0.1737, 0.1243 -0.0619 -0.1737, 0.1226 -0.058 -0.1737, 0.1206 -0.0542 -0.1737, 0.1183 -0.0506 -0.1737, 0.1156 -0.0472 -0.1737, 0.1127 -0.044 -0.1737, 0.1095 -0.0412 -0.1737, 0.106 -0.0386 -0.1737, 0.1024 -0.0364 -0.1737, 0.0985 -0.0344 -0.1737, 0.0946 -0.0329 -0.1737, 0.0904 -0.0316 -0.1737, 0.0862 -0.0308 -0.1737, 0.082 -0.0303 -0.1737, 0.0777 -0.0302 -0.1737, 0.0734 -0.0305 -0.1737, 0.0691 -0.0312 -0.1737, 0.065 -0.0322 -0.1737, 0.0609 -0.0336 -0.1737, 0.057 -0.0353 -0.1737, 0.0532 -0.0374 -0.1737, 0.0497 -0.0399 -0.1737, 0.0464 -0.0426 -0.1737, 0.0433 -0.0456 -0.1737, 0.0405 -0.0488 -0.1737, 0.038 -0.0523 -0.1737, 0.0358 -0.056 -0.1737, 0.034 -0.0599 -0.1737, 0.0325 -0.0639 -0.1737, 0.0314 -0.0681 -0.1737, 0.0306 -0.0723 -0.1737, 0.0302 -0.0766 -0.1737, 0.0302 -0.0809 -0.1737, 0.0306 -0.0852 -0.1737, 0.0314 -0.0894 -0.1737, 0.0325 -0.0935 -0.1737, 0.034 -0.0976 -0.1737, 0.0358 -0.1014 -0.1737, 0.038 -0.1051 -0.1737, 0.0405 -0.1086 -0.1737, 0.0433 -0.1119 -0.1737, 0.0464 -0.1149 -0.1737, 0.0497 -0.1176 -0.1737, 0.0532 -0.12 -0.1737, 0.057 -0.1221 -0.1737, 0.0609 -0.1239 -0.1737, 0.065 -0.1253 -0.1737, 0.0691 -0.1263 -0.1737, 0.0734 -0.127 -0.1737, 0.0777 -0.1273 -0.1737, 0.082 -0.1272 -0.1737, 0.0862 -0.1267 -0.1737, 0.0904 -0.1258 -0.1737, 0.0946 -0.1246 -0.1737, 0.0985 -0.1231 -0.1737, 0.1024 -0.1211 -0.1737, 0.106 -0.1189 -0.1737, 0.1095 -0.1163 -0.1737, 0.1127 -0.1134 -0.1737, 0.1156 -0.1103 -0.1737, 0.1183 -0.1069 -0.1737, 0.1206 -0.1033 -0.1737, 0.1226 -0.0995 -0.1737, 0.1243 -0.0956 -0.1737, 0.1256 -0.0915 -0.1737, 0.1265 -0.0873 -0.1737, 0.1271 -0.083 -0.1737, 0.1273 -0.0787 -0.1737, 0.1255 -0.0746 -0.178, 0.1249 -0.0705 -0.178, 0.124 -0.0664 -0.178, 0.1227 -0.0625 -0.178, 0.1211 -0.0587 -0.178, 0.1192 -0.055 -0.178, 0.1169 -0.0515 -0.178, 0.1144 -0.0482 -0.178, 0.1115 -0.0452 -0.178, 0.1084 -0.0424 -0.178, 0.1051 -0.04 -0.178, 0.1016 -0.0378 -0.178, 0.0979 -0.0359 -0.178, 0.094 -0.0344 -0.178, 0.09 -0.0332 -0.178, 0.086 -0.0324 -0.178, 0.0819 -0.0319 -0.178, 0.0777 -0.0319 -0.178, 0.0736 -0.0321 -0.178, 0.0695 -0.0328 -0.178, 0.0654 -0.0338 -0.178, 0.0615 -0.0351 -0.178, 0.0577 -0.0368 -0.178, 0.0541 -0.0388 -0.178, 0.0507 -0.0412 -0.178, 0.0475 -0.0438 -0.178, 0.0445 -0.0467 -0.178, 0.0418 -0.0498 -0.178, 0.0394 -0.0532 -0.178, 0.0373 -0.0568 -0.178, 0.0355 -0.0606 -0.178, 0.0341 -0.0644 -0.178, 0.033 -0.0684 -0.178, 0.0323 -0.0725 -0.178, 0.0319 -0.0767 -0.178, 0.0319 -0.0808 -0.178, 0.0323 -0.0849 -0.178, 0.033 -0.089 -0.178, 0.0341 -0.093 -0.178, 0.0355 -0.0969 -0.178, 0.0373 -0.1007 -0.178, 0.0394 -0.1043 -0.178, 0.0418 -0.1076 -0.178, 0.0445 -0.1108 -0.178, 0.0475 -0.1137 -0.178, 0.0507 -0.1163 -0.178, 0.0541 -0.1186 -0.178, 0.0577 -0.1207 -0.178, 0.0615 -0.1224 -0.178, 0.0654 -0.1237 -0.178, 0.0695 -0.1247 -0.178, 0.0736 -0.1254 -0.178, 0.0777 -0.1256 -0.178, 0.0819 -0.1255 -0.178, 0.086 -0.1251 -0.178, 0.09 -0.1243 -0.178, 0.094 -0.1231 -0.178, 0.0979 -0.1216 -0.178, 0.1016 -0.1197 -0.178, 0.1051 -0.1175 -0.178, 0.1084 -0.115 -0.178, 0.1115 -0.1123 -0.178, 0.1144 -0.1092 -0.178, 0.1169 -0.106 -0.178, 0.1192 -0.1025 -0.178, 0.1211 -0.0988 -0.178, 0.1227 -0.095 -0.178, 0.124 -0.091 -0.178, 0.1249 -0.087 -0.178, 0.1255 -0.0829 -0.178, 0.1256 -0.0787 -0.178, 0.1235 -0.0748 -0.1821, 0.1229 -0.0708 -0.1821, 0.1221 -0.067 -0.1821, 0.1208 -0.0632 -0.1821, 0.1193 -0.0595 -0.1821, 0.1174 -0.056 -0.1821, 0.1153 -0.0527 -0.1821, 0.1128 -0.0495 -0.1821, 0.1101 -0.0466 -0.1821, 0.1072 -0.044 -0.1821, 0.104 -0.0416 -0.1821, 0.1006 -0.0395 -0.1821, 0.0971 -0.0378 -0.1821, 0.0934 -0.0363 -0.1821, 0.0896 -0.0352 -0.1821, 0.0857 -0.0344 -0.1821, 0.0817 -0.034 -0.1821, 0.0777 -0.0339 -0.1821, 0.0738 -0.0341 -0.1821, 0.0699 -0.0347 -0.1821, 0.066 -0.0357 -0.1821, 0.0623 -0.037 -0.1821, 0.0586 -0.0386 -0.1821, 0.0552 -0.0405 -0.1821, 0.0519 -0.0428 -0.1821, 0.0488 -0.0453 -0.1821, 0.046 -0.0481 -0.1821, 0.0434 -0.0511 -0.1821, 0.0411 -0.0543 -0.1821, 0.0391 -0.0577 -0.1821, 0.0374 -0.0613 -0.1821, 0.036 -0.0651 -0.1821, 0.0349 -0.0689 -0.1821, 0.0342 -0.0728 -0.1821, 0.0339 -0.0768 -0.1821, 0.0339 -0.0807 -0.1821, 0.0342 -0.0847 -0.1821, 0.0349 -0.0886 -0.1821, 0.036 -0.0924 -0.1821, 0.0374 -0.0961 -0.1821, 0.0391 -0.0997 -0.1821, 0.0411 -0.1032 -0.1821, 0.0434 -0.1064 -0.1821, 0.046 -0.1094 -0.1821, 0.0488 -0.1122 -0.1821, 0.0519 -0.1147 -0.1821, 0.0552 -0.1169 -0.1821, 0.0586 -0.1189 -0.1821, 0.0623 -0.1205 -0.1821, 0.066 -0.1218 -0.1821, 0.0699 -0.1227 -0.1821, 0.0738 -0.1234 -0.1821, 0.0777 -0.1236 -0.1821, 0.0817 -0.1235 -0.1821, 0.0857 -0.1231 -0.1821, 0.0896 -0.1223 -0.1821, 0.0934 -0.1212 -0.1821, 0.0971 -0.1197 -0.1821, 0.1006 -0.1179 -0.1821, 0.104 -0.1159 -0.1821, 0.1072 -0.1135 -0.1821, 0.1101 -0.1108 -0.1821, 0.1128 -0.1079 -0.1821, 0.1153 -0.1048 -0.1821, 0.1174 -0.1015 -0.1821, 0.1193 -0.098 -0.1821, 0.1208 -0.0943 -0.1821, 0.1221 -0.0905 -0.1821, 0.1229 -0.0866 -0.1821, 0.1235 -0.0827 -0.1821, 0.1236 -0.0787 -0.1821, 0.1211 -0.075 -0.186, 0.1206 -0.0713 -0.186, 0.1198 -0.0676 -0.186, 0.1186 -0.064 -0.186, 0.1172 -0.0605 -0.186, 0.1154 -0.0572 -0.186, 0.1134 -0.0541 -0.186, 0.111 -0.0511 -0.186, 0.1085 -0.0483 -0.186, 0.1057 -0.0458 -0.186, 0.1027 -0.0436 -0.186, 0.0995 -0.0416 -0.186, 0.0961 -0.0399 -0.186, 0.0926 -0.0385 -0.186, 0.089 -0.0375 -0.186, 0.0853 -0.0367 -0.186, 0.0816 -0.0363 -0.186, 0.0778 -0.0362 -0.186, 0.074 -0.0365 -0.186, 0.0703 -0.0371 -0.186, 0.0667 -0.038 -0.186, 0.0631 -0.0392 -0.186, 0.0597 -0.0407 -0.186, 0.0564 -0.0426 -0.186, 0.0533 -0.0447 -0.186, 0.0504 -0.0471 -0.186, 0.0477 -0.0497 -0.186, 0.0452 -0.0525 -0.186, 0.0431 -0.0556 -0.186, 0.0412 -0.0589 -0.186, 0.0395 -0.0623 -0.186, 0.0382 -0.0658 -0.186, 0.0373 -0.0694 -0.186, 0.0366 -0.0731 -0.186, 0.0363 -0.0769 -0.186, 0.0363 -0.0806 -0.186, 0.0366 -0.0844 -0.186, 0.0373 -0.0881 -0.186, 0.0382 -0.0917 -0.186, 0.0395 -0.0952 -0.186, 0.0412 -0.0986 -0.186, 0.0431 -0.1019 -0.186, 0.0452 -0.1049 -0.186, 0.0477 -0.1078 -0.186, 0.0504 -0.1104 -0.186, 0.0533 -0.1128 -0.186, 0.0564 -0.1149 -0.186, 0.0597 -0.1168 -0.186, 0.0631 -0.1183 -0.186, 0.0667 -0.1195 -0.186, 0.0703 -0.1204 -0.186, 0.074 -0.121 -0.186, 0.0778 -0.1213 -0.186, 0.0816 -0.1212 -0.186, 0.0853 -0.1208 -0.186, 0.089 -0.12 -0.186, 0.0926 -0.1189 -0.186, 0.0961 -0.1176 -0.186, 0.0995 -0.1159 -0.186, 0.1027 -0.1139 -0.186, 0.1057 -0.1116 -0.186, 0.1085 -0.1091 -0.186, 0.111 -0.1064 -0.186, 0.1134 -0.1034 -0.186, 0.1154 -0.1003 -0.186, 0.1172 -0.0969 -0.186, 0.1186 -0.0935 -0.186, 0.1198 -0.0899 -0.186, 0.1206 -0.0862 -0.186, 0.1211 -0.0825 -0.186, 0.1213 -0.0787 -0.186, 0.1184 -0.0752 -0.1896, 0.1179 -0.0717 -0.1896, 0.1172 -0.0683 -0.1896, 0.1161 -0.0649 -0.1896, 0.1147 -0.0617 -0.1896, 0.1131 -0.0586 -0.1896, 0.1112 -0.0556 -0.1896, 0.109 -0.0528 -0.1896, 0.1066 -0.0503 -0.1896, 0.104 -0.0479 -0.1896, 0.1011 -0.0458 -0.1896, 0.0981 -0.044 -0.1896, 0.095 -0.0424 -0.1896, 0.0917 -0.0411 -0.1896, 0.0883 -0.0401 -0.1896, 0.0849 -0.0394 -0.1896, 0.0814 -0.039 -0.1896, 0.0779 -0.0389 -0.1896, 0.0743 -0.0392 -0.1896, 0.0709 -0.0397 -0.1896, 0.0674 -0.0406 -0.1896, 0.0641 -0.0417 -0.1896, 0.0609 -0.0431 -0.1896, 0.0578 -0.0449 -0.1896, 0.0549 -0.0468 -0.1896, 0.0522 -0.0491 -0.1896, 0.0497 -0.0515 -0.1896, 0.0474 -0.0542 -0.1896, 0.0453 -0.0571 -0.1896, 0.0435 -0.0601 -0.1896, 0.042 -0.0633 -0.1896, 0.0408 -0.0666 -0.1896, 0.0399 -0.07 -0.1896, 0.0393 -0.0735 -0.1896, 0.039 -0.077 -0.1896, 0.039 -0.0805 -0.1896, 0.0393 -0.084 -0.1896, 0.0399 -0.0875 -0.1896, 0.0408 -0.0909 -0.1896, 0.042 -0.0942 -0.1896, 0.0435 -0.0974 -0.1896, 0.0453 -0.1004 -0.1896, 0.0474 -0.1033 -0.1896, 0.0497 -0.1059 -0.1896, 0.0522 -0.1084 -0.1896, 0.0549 -0.1106 -0.1896, 0.0578 -0.1126 -0.1896, 0.0609 -0.1143 -0.1896, 0.0641 -0.1158 -0.1896, 0.0674 -0.1169 -0.1896, 0.0709 -0.1178 -0.1896, 0.0743 -0.1183 -0.1896, 0.0779 -0.1185 -0.1896, 0.0814 -0.1185 -0.1896, 0.0849 -0.1181 -0.1896, 0.0883 -0.1174 -0.1896, 0.0917 -0.1164 -0.1896, 0.095 -0.1151 -0.1896, 0.0981 -0.1135 -0.1896, 0.1011 -0.1117 -0.1896, 0.104 -0.1096 -0.1896, 0.1066 -0.1072 -0.1896, 0.109 -0.1046 -0.1896, 0.1112 -0.1019 -0.1896, 0.1131 -0.0989 -0.1896, 0.1147 -0.0958 -0.1896, 0.1161 -0.0925 -0.1896, 0.1172 -0.0892 -0.1896, 0.1179 -0.0858 -0.1896, 0.1184 -0.0823 -0.1896, 0.1186 -0.0787 -0.1896, 0.1154 -0.0755 -0.1931, 0.115 -0.0723 -0.1931, 0.1142 -0.0691 -0.1931, 0.1133 -0.066 -0.1931, 0.112 -0.063 -0.1931, 0.1105 -0.0601 -0.1931, 0.1087 -0.0574 -0.1931, 0.1067 -0.0548 -0.1931, 0.1045 -0.0524 -0.1931, 0.102 -0.0503 -0.1931, 0.0994 -0.0483 -0.1931, 0.0967 -0.0466 -0.1931, 0.0938 -0.0451 -0.1931, 0.0907 -0.044 -0.1931, 0.0876 -0.043 -0.1931, 0.0844 -0.0424 -0.1931, 0.0812 -0.042 -0.1931, 0.0779 -0.042 -0.1931, 0.0747 -0.0422 -0.1931, 0.0715 -0.0427 -0.1931, 0.0683 -0.0435 -0.1931, 0.0652 -0.0445 -0.1931, 0.0623 -0.0458 -0.1931, 0.0594 -0.0474 -0.1931, 0.0567 -0.0493 -0.1931, 0.0542 -0.0513 -0.1931, 0.0519 -0.0536 -0.1931, 0.0498 -0.0561 -0.1931, 0.0479 -0.0587 -0.1931, 0.0462 -0.0615 -0.1931, 0.0448 -0.0645 -0.1931, 0.0437 -0.0675 -0.1931, 0.0428 -0.0707 -0.1931, 0.0423 -0.0739 -0.1931, 0.042 -0.0771 -0.1931, 0.042 -0.0804 -0.1931, 0.0423 -0.0836 -0.1931, 0.0428 -0.0868 -0.1931, 0.0437 -0.09 -0.1931, 0.0448 -0.093 -0.1931, 0.0462 -0.096 -0.1931, 0.0479 -0.0988 -0.1931, 0.0498 -0.1014 -0.1931, 0.0519 -0.1039 -0.1931, 0.0542 -0.1062 -0.1931, 0.0567 -0.1082 -0.1931, 0.0594 -0.1101 -0.1931, 0.0623 -0.1116 -0.1931, 0.0652 -0.113 -0.1931, 0.0683 -0.114 -0.1931, 0.0715 -0.1148 -0.1931, 0.0747 -0.1153 -0.1931, 0.0779 -0.1155 -0.1931, 0.0812 -0.1155 -0.1931, 0.0844 -0.1151 -0.1931, 0.0876 -0.1145 -0.1931, 0.0907 -0.1135 -0.1931, 0.0938 -0.1123 -0.1931, 0.0967 -0.1109 -0.1931, 0.0994 -0.1092 -0.1931, 0.102 -0.1072 -0.1931, 0.1045 -0.105 -0.1931, 0.1067 -0.1027 -0.1931, 0.1087 -0.1001 -0.1931, 0.1105 -0.0974 -0.1931, 0.112 -0.0945 -0.1931, 0.1133 -0.0915 -0.1931, 0.1142 -0.0884 -0.1931, 0.115 -0.0852 -0.1931, 0.1154 -0.082 -0.1931, 0.1155 -0.0787 -0.1931, 0.1121 -0.0758 -0.1962, 0.1117 -0.0728 -0.1962, 0.1111 -0.07 -0.1962, 0.1101 -0.0671 -0.1962, 0.109 -0.0644 -0.1962, 0.1076 -0.0618 -0.1962, 0.106 -0.0593 -0.1962, 0.1042 -0.057 -0.1962, 0.1022 -0.0548 -0.1962, 0.0999 -0.0528 -0.1962, 0.0976 -0.0511 -0.1962, 0.0951 -0.0495 -0.1962, 0.0924 -0.0482 -0.1962, 0.0896 -0.0471 -0.1962, 0.0868 -0.0462 -0.1962, 0.0839 -0.0457 -0.1962, 0.081 -0.0453 -0.1962, 0.078 -0.0453 -0.1962, 0.075 -0.0455 -0.1962, 0.0721 -0.0459 -0.1962, 0.0692 -0.0466 -0.1962, 0.0664 -0.0476 -0.1962, 0.0637 -0.0488 -0.1962, 0.0612 -0.0502 -0.1962, 0.0587 -0.0519 -0.1962, 0.0564 -0.0538 -0.1962, 0.0543 -0.0559 -0.1962, 0.0524 -0.0581 -0.1962, 0.0506 -0.0605 -0.1962, 0.0491 -0.0631 -0.1962, 0.0479 -0.0658 -0.1962, 0.0469 -0.0685 -0.1962, 0.0461 -0.0714 -0.1962, 0.0456 -0.0743 -0.1962, 0.0453 -0.0773 -0.1962, 0.0453 -0.0802 -0.1962, 0.0456 -0.0832 -0.1962, 0.0461 -0.0861 -0.1962, 0.0469 -0.0889 -0.1962, 0.0479 -0.0917 -0.1962, 0.0491 -0.0944 -0.1962, 0.0506 -0.097 -0.1962, 0.0524 -0.0994 -0.1962, 0.0543 -0.1016 -0.1962, 0.0564 -0.1037 -0.1962, 0.0587 -0.1056 -0.1962, 0.0612 -0.1072 -0.1962, 0.0637 -0.1087 -0.1962, 0.0664 -0.1099 -0.1962, 0.0692 -0.1108 -0.1962, 0.0721 -0.1116 -0.1962, 0.075 -0.112 -0.1962, 0.078 -0.1122 -0.1962, 0.081 -0.1121 -0.1962, 0.0839 -0.1118 -0.1962, 0.0868 -0.1112 -0.1962, 0.0896 -0.1104 -0.1962, 0.0924 -0.1093 -0.1962, 0.0951 -0.108 -0.1962, 0.0976 -0.1064 -0.1962, 0.0999 -0.1047 -0.1962, 0.1022 -0.1027 -0.1962, 0.1042 -0.1005 -0.1962, 0.106 -0.0982 -0.1962, 0.1076 -0.0957 -0.1962, 0.109 -0.0931 -0.1962, 0.1101 -0.0903 -0.1962, 0.1111 -0.0875 -0.1962, 0.1117 -0.0846 -0.1962, 0.1121 -0.0817 -0.1962, 0.1122 -0.0787 -0.1962, 0.1085 -0.0761 -0.199, 0.1082 -0.0735 -0.199, 0.1076 -0.0709 -0.199, 0.1068 -0.0684 -0.199, 0.1058 -0.0659 -0.199, 0.1045 -0.0636 -0.199, 0.1031 -0.0614 -0.199, 0.1015 -0.0593 -0.199, 0.0997 -0.0574 -0.199, 0.0977 -0.0556 -0.199, 0.0956 -0.054 -0.199, 0.0933 -0.0526 -0.199, 0.0909 -0.0514 -0.199, 0.0885 -0.0505 -0.199, 0.0859 -0.0497 -0.199, 0.0834 -0.0492 -0.199, 0.0807 -0.0489 -0.199, 0.0781 -0.0488 -0.199, 0.0754 -0.049 -0.199, 0.0728 -0.0494 -0.199, 0.0703 -0.0501 -0.199, 0.0678 -0.0509 -0.199, 0.0653 -0.052 -0.199, 0.063 -0.0533 -0.199, 0.0608 -0.0548 -0.199, 0.0588 -0.0565 -0.199, 0.0569 -0.0583 -0.199, 0.0552 -0.0603 -0.199, 0.0536 -0.0625 -0.199, 0.0523 -0.0648 -0.199, 0.0512 -0.0671 -0.199, 0.0503 -0.0696 -0.199, 0.0496 -0.0722 -0.199, 0.0491 -0.0748 -0.199, 0.0489 -0.0774 -0.199, 0.0489 -0.0801 -0.199, 0.0491 -0.0827 -0.199, 0.0496 -0.0853 -0.199, 0.0503 -0.0879 -0.199, 0.0512 -0.0903 -0.199, 0.0523 -0.0927 -0.199, 0.0536 -0.095 -0.199, 0.0552 -0.0972 -0.199, 0.0569 -0.0992 -0.199, 0.0588 -0.101 -0.199, 0.0608 -0.1027 -0.199, 0.063 -0.1042 -0.199, 0.0653 -0.1055 -0.199, 0.0678 -0.1066 -0.199, 0.0703 -0.1074 -0.199, 0.0728 -0.1081 -0.199, 0.0754 -0.1085 -0.199, 0.0781 -0.1086 -0.199, 0.0807 -0.1086 -0.199, 0.0834 -0.1083 -0.199, 0.0859 -0.1078 -0.199, 0.0885 -0.107 -0.199, 0.0909 -0.106 -0.199, 0.0933 -0.1049 -0.199, 0.0956 -0.1035 -0.199, 0.0977 -0.1019 -0.199, 0.0997 -0.1001 -0.199, 0.1015 -0.0982 -0.199, 0.1031 -0.0961 -0.199, 0.1045 -0.0939 -0.199, 0.1058 -0.0915 -0.199, 0.1068 -0.0891 -0.199, 0.1076 -0.0866 -0.199, 0.1082 -0.084 -0.199, 0.1085 -0.0814 -0.199, 0.1086 -0.0787 -0.199, 0.1047 -0.0764 -0.2015, 0.1044 -0.0741 -0.2015, 0.1039 -0.0719 -0.2015, 0.1032 -0.0697 -0.2015, 0.1023 -0.0676 -0.2015, 0.1012 -0.0655 -0.2015, 0.1 -0.0636 -0.2015, 0.0986 -0.0618 -0.2015, 0.097 -0.0601 -0.2015, 0.0953 -0.0586 -0.2015, 0.0934 -0.0572 -0.2015, 0.0914 -0.056 -0.2015, 0.0894 -0.0549 -0.2015, 0.0872 -0.0541 -0.2015, 0.085 -0.0534 -0.2015, 0.0828 -0.053 -0.2015, 0.0805 -0.0527 -0.2015, 0.0782 -0.0527 -0.2015, 0.0759 -0.0528 -0.2015, 0.0736 -0.0532 -0.2015, 0.0713 -0.0537 -0.2015, 0.0692 -0.0545 -0.2015, 0.0671 -0.0554 -0.2015, 0.065 -0.0565 -0.2015, 0.0631 -0.0578 -0.2015, 0.0613 -0.0593 -0.2015, 0.0597 -0.0609 -0.2015, 0.0582 -0.0627 -0.2015, 0.0569 -0.0645 -0.2015, 0.0557 -0.0665 -0.2015, 0.0547 -0.0686 -0.2015, 0.0539 -0.0708 -0.2015, 0.0533 -0.073 -0.2015, 0.0529 -0.0753 -0.2015, 0.0527 -0.0776 -0.2015, 0.0527 -0.0799 -0.2015, 0.0529 -0.0822 -0.2015, 0.0533 -0.0845 -0.2015, 0.0539 -0.0867 -0.2015, 0.0547 -0.0889 -0.2015, 0.0557 -0.0909 -0.2015, 0.0569 -0.0929 -0.2015, 0.0582 -0.0948 -0.2015, 0.0597 -0.0966 -0.2015, 0.0613 -0.0982 -0.2015, 0.0631 -0.0996 -0.2015, 0.065 -0.1009 -0.2015, 0.0671 -0.1021 -0.2015, 0.0692 -0.103 -0.2015, 0.0713 -0.1038 -0.2015, 0.0736 -0.1043 -0.2015, 0.0759 -0.1047 -0.2015, 0.0782 -0.1048 -0.2015, 0.0805 -0.1048 -0.2015, 0.0828 -0.1045 -0.2015, 0.085 -0.1041 -0.2015, 0.0872 -0.1034 -0.2015, 0.0894 -0.1026 -0.2015, 0.0914 -0.1015 -0.2015, 0.0934 -0.1003 -0.2015, 0.0953 -0.0989 -0.2015, 0.097 -0.0974 -0.2015, 0.0986 -0.0957 -0.2015, 0.1 -0.0939 -0.2015, 0.1012 -0.092 -0.2015, 0.1023 -0.0899 -0.2015, 0.1032 -0.0878 -0.2015, 0.1039 -0.0856 -0.2015, 0.1044 -0.0833 -0.2015, 0.1047 -0.081 -0.2015, 0.1048 -0.0787 -0.2015, 0.1007 -0.0768 -0.2037, 0.1005 -0.0749 -0.2037, 0.1 -0.073 -0.2037, 0.0994 -0.0711 -0.2037, 0.0987 -0.0693 -0.2037, 0.0978 -0.0676 -0.2037, 0.0967 -0.0659 -0.2037, 0.0955 -0.0644 -0.2037, 0.0942 -0.063 -0.2037, 0.0927 -0.0617 -0.2037, 0.0911 -0.0605 -0.2037, 0.0895 -0.0595 -0.2037, 0.0877 -0.0586 -0.2037, 0.0859 -0.0579 -0.2037, 0.0841 -0.0573 -0.2037, 0.0821 -0.0569 -0.2037, 0.0802 -0.0567 -0.2037, 0.0783 -0.0567 -0.2037, 0.0763 -0.0568 -0.2037, 0.0744 -0.0571 -0.2037, 0.0725 -0.0576 -0.2037, 0.0706 -0.0582 -0.2037, 0.0689 -0.059 -0.2037, 0.0671 -0.06 -0.2037, 0.0655 -0.0611 -0.2037, 0.064 -0.0623 -0.2037, 0.0626 -0.0637 -0.2037, 0.0614 -0.0651 -0.2037, 0.0602 -0.0667 -0.2037, 0.0592 -0.0684 -0.2037, 0.0584 -0.0702 -0.2037, 0.0577 -0.072 -0.2037, 0.0572 -0.0739 -0.2037, 0.0569 -0.0758 -0.2037, 0.0567 -0.0778 -0.2037, 0.0567 -0.0797 -0.2037, 0.0569 -0.0817 -0.2037, 0.0572 -0.0836 -0.2037, 0.0577 -0.0855 -0.2037, 0.0584 -0.0873 -0.2037, 0.0592 -0.0891 -0.2037, 0.0602 -0.0907 -0.2037, 0.0614 -0.0923 -0.2037, 0.0626 -0.0938 -0.2037, 0.064 -0.0952 -0.2037, 0.0655 -0.0964 -0.2037, 0.0671 -0.0975 -0.2037, 0.0689 -0.0985 -0.2037, 0.0706 -0.0993 -0.2037, 0.0725 -0.0999 -0.2037, 0.0744 -0.1004 -0.2037, 0.0763 -0.1007 -0.2037, 0.0783 -0.1008 -0.2037, 0.0802 -0.1008 -0.2037, 0.0821 -0.1005 -0.2037, 0.0841 -0.1002 -0.2037, 0.0859 -0.0996 -0.2037, 0.0877 -0.0989 -0.2037, 0.0895 -0.098 -0.2037, 0.0911 -0.097 -0.2037, 0.0927 -0.0958 -0.2037, 0.0942 -0.0945 -0.2037, 0.0955 -0.0931 -0.2037, 0.0967 -0.0916 -0.2037, 0.0978 -0.0899 -0.2037, 0.0987 -0.0882 -0.2037, 0.0994 -0.0864 -0.2037, 0.1 -0.0845 -0.2037, 0.1005 -0.0826 -0.2037, 0.1007 -0.0807 -0.2037, 0.1008 -0.0787 -0.2037, 0.0965 -0.0772 -0.2054, 0.0963 -0.0756 -0.2054, 0.096 -0.0741 -0.2054, 0.0955 -0.0725 -0.2054, 0.0949 -0.0711 -0.2054, 0.0941 -0.0697 -0.2054, 0.0933 -0.0684 -0.2054, 0.0923 -0.0671 -0.2054, 0.0912 -0.066 -0.2054, 0.0901 -0.0649 -0.2054, 0.0888 -0.064 -0.2054, 0.0874 -0.0631 -0.2054, 0.086 -0.0624 -0.2054, 0.0846 -0.0618 -0.2054, 0.083 -0.0614 -0.2054, 0.0815 -0.0611 -0.2054, 0.0799 -0.0609 -0.2054, 0.0783 -0.0609 -0.2054, 0.0768 -0.061 -0.2054, 0.0752 -0.0612 -0.2054, 0.0737 -0.0616 -0.2054, 0.0722 -0.0621 -0.2054, 0.0707 -0.0628 -0.2054, 0.0694 -0.0635 -0.2054, 0.068 -0.0644 -0.2054, 0.0668 -0.0654 -0.2054, 0.0657 -0.0665 -0.2054, 0.0647 -0.0677 -0.2054, 0.0638 -0.069 -0.2054, 0.0629 -0.0704 -0.2054, 0.0623 -0.0718 -0.2054, 0.0617 -0.0733 -0.2054, 0.0613 -0.0748 -0.2054, 0.061 -0.0764 -0.2054, 0.0609 -0.078 -0.2054, 0.0609 -0.0795 -0.2054, 0.061 -0.0811 -0.2054, 0.0613 -0.0827 -0.2054, 0.0617 -0.0842 -0.2054, 0.0623 -0.0857 -0.2054, 0.0629 -0.0871 -0.2054, 0.0638 -0.0885 -0.2054, 0.0647 -0.0897 -0.2054, 0.0657 -0.0909 -0.2054, 0.0668 -0.0921 -0.2054, 0.068 -0.0931 -0.2054, 0.0694 -0.0939 -0.2054, 0.0707 -0.0947 -0.2054, 0.0722 -0.0954 -0.2054, 0.0737 -0.0959 -0.2054, 0.0752 -0.0963 -0.2054, 0.0768 -0.0965 -0.2054, 0.0783 -0.0966 -0.2054, 0.0799 -0.0966 -0.2054, 0.0815 -0.0964 -0.2054, 0.083 -0.0961 -0.2054, 0.0846 -0.0956 -0.2054, 0.086 -0.095 -0.2054, 0.0874 -0.0943 -0.2054, 0.0888 -0.0935 -0.2054, 0.0901 -0.0926 -0.2054, 0.0912 -0.0915 -0.2054, 0.0923 -0.0904 -0.2054, 0.0933 -0.0891 -0.2054, 0.0941 -0.0878 -0.2054, 0.0949 -0.0864 -0.2054, 0.0955 -0.0849 -0.2054, 0.096 -0.0834 -0.2054, 0.0963 -0.0819 -0.2054, 0.0965 -0.0803 -0.2054, 0.0966 -0.0787 -0.2054, 0.0922 -0.0775 -0.2068, 0.0921 -0.0764 -0.2068, 0.0918 -0.0752 -0.2068, 0.0914 -0.0741 -0.2068, 0.091 -0.0729 -0.2068, 0.0904 -0.0719 -0.2068, 0.0898 -0.0709 -0.2068, 0.089 -0.0699 -0.2068, 0.0882 -0.0691 -0.2068, 0.0873 -0.0683 -0.2068, 0.0863 -0.0676 -0.2068, 0.0853 -0.0669 -0.2068, 0.0843 -0.0664 -0.2068, 0.0831 -0.066 -0.2068, 0.082 -0.0656 -0.2068, 0.0808 -0.0654 -0.2068, 0.0796 -0.0652 -0.2068, 0.0784 -0.0652 -0.2068, 0.0772 -0.0653 -0.2068, 0.0761 -0.0655 -0.2068, 0.0749 -0.0658 -0.2068, 0.0738 -0.0662 -0.2068, 0.0727 -0.0666 -0.2068, 0.0716 -0.0672 -0.2068, 0.0706 -0.0679 -0.2068, 0.0697 -0.0687 -0.2068, 0.0689 -0.0695 -0.2068, 0.0681 -0.0704 -0.2068, 0.0674 -0.0714 -0.2068, 0.0668 -0.0724 -0.2068, 0.0663 -0.0735 -0.2068, 0.0659 -0.0746 -0.2068, 0.0655 -0.0758 -0.2068, 0.0653 -0.0769 -0.2068, 0.0652 -0.0781 -0.2068, 0.0652 -0.0793 -0.2068, 0.0653 -0.0805 -0.2068, 0.0655 -0.0817 -0.2068, 0.0659 -0.0829 -0.2068, 0.0663 -0.084 -0.2068, 0.0668 -0.0851 -0.2068, 0.0674 -0.0861 -0.2068, 0.0681 -0.0871 -0.2068, 0.0689 -0.088 -0.2068, 0.0697 -0.0888 -0.2068, 0.0706 -0.0896 -0.2068, 0.0716 -0.0902 -0.2068, 0.0727 -0.0908 -0.2068, 0.0738 -0.0913 -0.2068, 0.0749 -0.0917 -0.2068, 0.0761 -0.092 -0.2068, 0.0772 -0.0922 -0.2068, 0.0784 -0.0923 -0.2068, 0.0796 -0.0922 -0.2068, 0.0808 -0.0921 -0.2068, 0.082 -0.0919 -0.2068, 0.0831 -0.0915 -0.2068, 0.0843 -0.0911 -0.2068, 0.0853 -0.0906 -0.2068, 0.0863 -0.0899 -0.2068, 0.0873 -0.0892 -0.2068, 0.0882 -0.0884 -0.2068, 0.089 -0.0875 -0.2068, 0.0898 -0.0866 -0.2068, 0.0904 -0.0856 -0.2068, 0.091 -0.0845 -0.2068, 0.0914 -0.0834 -0.2068, 0.0918 -0.0823 -0.2068, 0.0921 -0.0811 -0.2068, 0.0922 -0.0799 -0.2068, 0.0923 -0.0787 -0.2068, 0.0878 -0.0779 -0.2079, 0.0877 -0.0771 -0.2079, 0.0875 -0.0764 -0.2079, 0.0873 -0.0756 -0.2079, 0.0869 -0.0749 -0.2079, 0.0866 -0.0741 -0.2079, 0.0861 -0.0735 -0.2079, 0.0856 -0.0728 -0.2079, 0.0851 -0.0723 -0.2079, 0.0845 -0.0717 -0.2079, 0.0838 -0.0712 -0.2079, 0.0832 -0.0708 -0.2079, 0.0824 -0.0705 -0.2079, 0.0817 -0.0702 -0.2079, 0.0809 -0.0699 -0.2079, 0.0801 -0.0698 -0.2079, 0.0793 -0.0697 -0.2079, 0.0785 -0.0697 -0.2079, 0.0777 -0.0697 -0.2079, 0.0769 -0.0698 -0.2079, 0.0762 -0.07 -0.2079, 0.0754 -0.0703 -0.2079, 0.0747 -0.0706 -0.2079, 0.074 -0.071 -0.2079, 0.0733 -0.0715 -0.2079, 0.0727 -0.072 -0.2079, 0.0721 -0.0725 -0.2079, 0.0716 -0.0731 -0.2079, 0.0711 -0.0738 -0.2079, 0.0707 -0.0745 -0.2079, 0.0704 -0.0752 -0.2079, 0.0701 -0.076 -0.2079, 0.0699 -0.0767 -0.2079, 0.0697 -0.0775 -0.2079, 0.0697 -0.0783 -0.2079, 0.0697 -0.0791 -0.2079, 0.0697 -0.0799 -0.2079, 0.0699 -0.0807 -0.2079, 0.0701 -0.0815 -0.2079, 0.0704 -0.0823 -0.2079, 0.0707 -0.083 -0.2079, 0.0711 -0.0837 -0.2079, 0.0716 -0.0843 -0.2079, 0.0721 -0.0849 -0.2079, 0.0727 -0.0855 -0.2079, 0.0733 -0.086 -0.2079, 0.074 -0.0865 -0.2079, 0.0747 -0.0869 -0.2079, 0.0754 -0.0872 -0.2079, 0.0762 -0.0874 -0.2079, 0.0769 -0.0876 -0.2079, 0.0777 -0.0878 -0.2079, 0.0785 -0.0878 -0.2079, 0.0793 -0.0878 -0.2079, 0.0801 -0.0877 -0.2079, 0.0809 -0.0875 -0.2079, 0.0817 -0.0873 -0.2079, 0.0824 -0.087 -0.2079, 0.0832 -0.0867 -0.2079, 0.0838 -0.0862 -0.2079, 0.0845 -0.0858 -0.2079, 0.0851 -0.0852 -0.2079, 0.0856 -0.0846 -0.2079, 0.0861 -0.084 -0.2079, 0.0866 -0.0833 -0.2079, 0.0869 -0.0826 -0.2079, 0.0873 -0.0819 -0.2079, 0.0875 -0.0811 -0.2079, 0.0877 -0.0803 -0.2079, 0.0878 -0.0795 -0.2079, 0.0878 -0.0787 -0.2079, 0.0787 -0.0787 -0.1299, -0.0743 0.0795 -0.2085, -0.0742 0.0791 -0.2085, -0.0787 0.0787 -0.2087, -0.0743 0.0799 -0.2085, -0.0745 0.0803 -0.2085, -0.0746 0.0807 -0.2085, -0.0748 0.081 -0.2085, -0.075 0.0814 -0.2085, -0.0753 0.0817 -0.2085, -0.0756 0.082 -0.2085, -0.0759 0.0823 -0.2085, -0.0762 0.0825 -0.2085, -0.0765 0.0827 -0.2085, -0.0769 0.0829 -0.2085, -0.0773 0.083 -0.2085, -0.0776 0.0832 -0.2085, -0.078 0.0832 -0.2085, -0.0784 0.0833 -0.2085, -0.0788 0.0833 -0.2085, -0.0792 0.0833 -0.2085, -0.0796 0.0832 -0.2085, -0.08 0.0831 -0.2085, -0.0804 0.083 -0.2085, -0.0808 0.0828 -0.2085, -0.0811 0.0826 -0.2085, -0.0815 0.0824 -0.2085, -0.0818 0.0821 -0.2085, -0.0821 0.0819 -0.2085, -0.0823 0.0815 -0.2085, -0.0826 0.0812 -0.2085, -0.0828 0.0809 -0.2085, -0.0829 0.0805 -0.2085, -0.0831 0.0801 -0.2085, -0.0832 0.0797 -0.2085, -0.0833 0.0793 -0.2085, -0.0833 0.0789 -0.2085, -0.0833 0.0785 -0.2085, -0.0833 0.0781 -0.2085, -0.0832 0.0777 -0.2085, -0.0831 0.0774 -0.2085, -0.0829 0.077 -0.2085, -0.0828 0.0766 -0.2085, -0.0826 0.0763 -0.2085, -0.0823 0.0759 -0.2085, -0.0821 0.0756 -0.2085, -0.0818 0.0753 -0.2085, -0.0815 0.0751 -0.2085, -0.0811 0.0749 -0.2085, -0.0808 0.0747 -0.2085, -0.0804 0.0745 -0.2085, -0.08 0.0744 -0.2085, -0.0796 0.0743 -0.2085, -0.0792 0.0742 -0.2085, -0.0788 0.0742 -0.2085, -0.0784 0.0742 -0.2085, -0.078 0.0742 -0.2085, -0.0776 0.0743 -0.2085, -0.0773 0.0744 -0.2085, -0.0769 0.0746 -0.2085, -0.0765 0.0748 -0.2085, -0.0762 0.075 -0.2085, -0.0759 0.0752 -0.2085, -0.0756 0.0755 -0.2085, -0.0753 0.0758 -0.2085, -0.075 0.0761 -0.2085, -0.0748 0.0764 -0.2085, -0.0746 0.0768 -0.2085, -0.0745 0.0772 -0.2085, -0.0743 0.0775 -0.2085, -0.0743 0.0779 -0.2085, -0.0742 0.0783 -0.2085, -0.0742 0.0787 -0.2085, -0.0356 0.0787 -0.1299, -0.0335 0.0828 -0.1339, -0.0358 0.0826 -0.1299, -0.034 0.0867 -0.1339, -0.0363 0.0863 -0.1299, -0.0349 0.0907 -0.1339, -0.0371 0.0901 -0.1299, -0.0361 0.0945 -0.1339, -0.0383 0.0937 -0.1299, -0.0377 0.0982 -0.1339, -0.0398 0.0972 -0.1299, -0.0396 0.1017 -0.1339, -0.0416 0.1006 -0.1299, -0.0418 0.1051 -0.1339, -0.0436 0.1038 -0.1299, -0.0442 0.1083 -0.1339, -0.046 0.1068 -0.1299, -0.047 0.1112 -0.1339, -0.0486 0.1096 -0.1299, -0.05 0.1139 -0.1339, -0.0514 0.1121 -0.1299, -0.0532 0.1163 -0.1339, -0.0545 0.1144 -0.1299, -0.0566 0.1184 -0.1339, -0.0577 0.1164 -0.1299, -0.0602 0.1202 -0.1339, -0.0611 0.1181 -0.1299, -0.0639 0.1217 -0.1339, -0.0647 0.1195 -0.1299, -0.0678 0.1228 -0.1339, -0.0683 0.1206 -0.1299, -0.0717 0.1236 -0.1339, -0.0721 0.1214 -0.1299, -0.0757 0.1241 -0.1339, -0.0759 0.1218 -0.1299, -0.0797 0.1241 -0.1339, -0.0797 0.1219 -0.1299, -0.0838 0.1239 -0.1339, -0.0835 0.1216 -0.1299, -0.0877 0.1233 -0.1339, -0.0873 0.121 -0.1299, -0.0916 0.1223 -0.1339, -0.091 0.1201 -0.1299, -0.0954 0.121 -0.1339, -0.0946 0.1189 -0.1299, -0.0991 0.1193 -0.1339, -0.0981 0.1173 -0.1299, -0.1026 0.1174 -0.1339, -0.1014 0.1154 -0.1299, -0.1059 0.1151 -0.1339, -0.1046 0.1133 -0.1299, -0.109 0.1126 -0.1339, -0.1075 0.1109 -0.1299, -0.1119 0.1098 -0.1339, -0.1102 0.1082 -0.1299, -0.1145 0.1067 -0.1339, -0.1127 0.1053 -0.1299, -0.1168 0.1034 -0.1339, -0.1149 0.1022 -0.1299, -0.1189 0.1 -0.1339, -0.1169 0.0989 -0.1299, -0.1206 0.0963 -0.1339, -0.1185 0.0955 -0.1299, -0.122 0.0926 -0.1339, -0.1198 0.0919 -0.1299, -0.123 0.0887 -0.1339, -0.1208 0.0882 -0.1299, -0.1238 0.0848 -0.1339, -0.1215 0.0844 -0.1299, -0.1241 0.0807 -0.1339, -0.1218 0.0806 -0.1299, -0.1241 0.0767 -0.1339, -0.1218 0.0768 -0.1299, -0.1238 0.0727 -0.1339, -0.1215 0.073 -0.1299, -0.123 0.0688 -0.1339, -0.1208 0.0693 -0.1299, -0.122 0.0649 -0.1339, -0.1198 0.0656 -0.1299, -0.1206 0.0611 -0.1339, -0.1185 0.062 -0.1299, -0.1189 0.0575 -0.1339, -0.1169 0.0586 -0.1299, -0.1168 0.054 -0.1339, -0.1149 0.0553 -0.1299, -0.1145 0.0508 -0.1339, -0.1127 0.0522 -0.1299, -0.1119 0.0477 -0.1339, -0.1102 0.0493 -0.1299, -0.109 0.0449 -0.1339, -0.1075 0.0466 -0.1299, -0.1059 0.0424 -0.1339, -0.1046 0.0442 -0.1299, -0.1026 0.0401 -0.1339, -0.1014 0.042 -0.1299, -0.0991 0.0381 -0.1339, -0.0981 0.0402 -0.1299, -0.0954 0.0365 -0.1339, -0.0946 0.0386 -0.1299, -0.0916 0.0352 -0.1339, -0.091 0.0374 -0.1299, -0.0877 0.0342 -0.1339, -0.0873 0.0365 -0.1299, -0.0838 0.0336 -0.1339, -0.0835 0.0359 -0.1299, -0.0797 0.0333 -0.1339, -0.0797 0.0356 -0.1299, -0.0757 0.0334 -0.1339, -0.0759 0.0357 -0.1299, -0.0717 0.0339 -0.1339, -0.0721 0.0361 -0.1299, -0.0678 0.0347 -0.1339, -0.0683 0.0369 -0.1299, -0.0639 0.0358 -0.1339, -0.0647 0.038 -0.1299, -0.0602 0.0373 -0.1339, -0.0611 0.0394 -0.1299, -0.0566 0.0391 -0.1339, -0.0577 0.0411 -0.1299, -0.0532 0.0412 -0.1339, -0.0545 0.0431 -0.1299, -0.05 0.0436 -0.1339, -0.0514 0.0454 -0.1299, -0.047 0.0463 -0.1339, -0.0486 0.0479 -0.1299, -0.0442 0.0492 -0.1339, -0.046 0.0507 -0.1299, -0.0418 0.0524 -0.1339, -0.0436 0.0537 -0.1299, -0.0396 0.0557 -0.1339, -0.0416 0.0569 -0.1299, -0.0377 0.0593 -0.1339, -0.0398 0.0603 -0.1299, -0.0361 0.063 -0.1339, -0.0383 0.0638 -0.1299, -0.0349 0.0668 -0.1339, -0.0371 0.0674 -0.1299, -0.034 0.0707 -0.1339, -0.0363 0.0711 -0.1299, -0.0335 0.0747 -0.1339, -0.0358 0.0749 -0.1299, -0.0333 0.0787 -0.1339, -0.0316 0.0829 -0.138, -0.0321 0.0871 -0.138, -0.0331 0.0912 -0.138, -0.0343 0.0951 -0.138, -0.036 0.099 -0.138, -0.0379 0.1027 -0.138, -0.0402 0.1062 -0.138, -0.0428 0.1095 -0.138, -0.0456 0.1126 -0.138, -0.0488 0.1154 -0.138, -0.0521 0.1179 -0.138, -0.0557 0.1201 -0.138, -0.0594 0.122 -0.138, -0.0633 0.1235 -0.138, -0.0673 0.1247 -0.138, -0.0714 0.1255 -0.138, -0.0756 0.126 -0.138, -0.0798 0.1261 -0.138, -0.084 0.1258 -0.138, -0.0881 0.1251 -0.138, -0.0922 0.1241 -0.138, -0.0961 0.1228 -0.138, -0.0999 0.1211 -0.138, -0.1036 0.119 -0.138, -0.1071 0.1167 -0.138, -0.1103 0.114 -0.138, -0.1133 0.1111 -0.138, -0.116 0.1079 -0.138, -0.1185 0.1045 -0.138, -0.1206 0.1009 -0.138, -0.1224 0.0971 -0.138, -0.1238 0.0932 -0.138, -0.1249 0.0891 -0.138, -0.1257 0.085 -0.138, -0.126 0.0808 -0.138, -0.126 0.0766 -0.138, -0.1257 0.0725 -0.138, -0.1249 0.0684 -0.138, -0.1238 0.0643 -0.138, -0.1224 0.0604 -0.138, -0.1206 0.0566 -0.138, -0.1185 0.053 -0.138, -0.116 0.0496 -0.138, -0.1133 0.0464 -0.138, -0.1103 0.0435 -0.138, -0.1071 0.0408 -0.138, -0.1036 0.0385 -0.138, -0.0999 0.0364 -0.138, -0.0961 0.0347 -0.138, -0.0922 0.0334 -0.138, -0.0881 0.0323 -0.138, -0.084 0.0317 -0.138, -0.0798 0.0314 -0.138, -0.0756 0.0315 -0.138, -0.0714 0.032 -0.138, -0.0673 0.0328 -0.138, -0.0633 0.034 -0.138, -0.0594 0.0355 -0.138, -0.0557 0.0374 -0.138, -0.0521 0.0396 -0.138, -0.0488 0.0421 -0.138, -0.0456 0.0449 -0.138, -0.0428 0.048 -0.138, -0.0402 0.0513 -0.138, -0.0379 0.0548 -0.138, -0.036 0.0585 -0.138, -0.0343 0.0623 -0.138, -0.0331 0.0663 -0.138, -0.0321 0.0704 -0.138, -0.0316 0.0746 -0.138, -0.0314 0.0787 -0.138, -0.0301 0.0831 -0.1423, -0.0306 0.0873 -0.1423, -0.0316 0.0916 -0.1423, -0.0329 0.0957 -0.1423, -0.0346 0.0997 -0.1423, -0.0366 0.1035 -0.1423, -0.0389 0.1071 -0.1423, -0.0416 0.1105 -0.1423, -0.0446 0.1137 -0.1423, -0.0478 0.1166 -0.1423, -0.0512 0.1192 -0.1423, -0.0549 0.1214 -0.1423, -0.0588 0.1234 -0.1423, -0.0628 0.125 -0.1423, -0.067 0.1262 -0.1423, -0.0712 0.127 -0.1423, -0.0755 0.1275 -0.1423, -0.0798 0.1276 -0.1423, -0.0841 0.1273 -0.1423, -0.0884 0.1267 -0.1423, -0.0926 0.1256 -0.1423, -0.0967 0.1242 -0.1423, -0.1006 0.1224 -0.1423, -0.1044 0.1203 -0.1423, -0.108 0.1179 -0.1423, -0.1113 0.1152 -0.1423, -0.1144 0.1121 -0.1423, -0.1172 0.1089 -0.1423, -0.1198 0.1053 -0.1423, -0.1219 0.1016 -0.1423, -0.1238 0.0977 -0.1423, -0.1253 0.0936 -0.1423, -0.1264 0.0895 -0.1423, -0.1272 0.0852 -0.1423, -0.1276 0.0809 -0.1423, -0.1276 0.0766 -0.1423, -0.1272 0.0723 -0.1423, -0.1264 0.068 -0.1423, -0.1253 0.0638 -0.1423, -0.1238 0.0598 -0.1423, -0.1219 0.0559 -0.1423, -0.1198 0.0521 -0.1423, -0.1172 0.0486 -0.1423, -0.1144 0.0453 -0.1423, -0.1113 0.0423 -0.1423, -0.108 0.0396 -0.1423, -0.1044 0.0372 -0.1423, -0.1006 0.035 -0.1423, -0.0967 0.0333 -0.1423, -0.0926 0.0319 -0.1423, -0.0884 0.0308 -0.1423, -0.0841 0.0302 -0.1423, -0.0798 0.0299 -0.1423, -0.0755 0.03 -0.1423, -0.0712 0.0304 -0.1423, -0.067 0.0313 -0.1423, -0.0628 0.0325 -0.1423, -0.0588 0.0341 -0.1423, -0.0549 0.0361 -0.1423, -0.0512 0.0383 -0.1423, -0.0478 0.0409 -0.1423, -0.0446 0.0438 -0.1423, -0.0416 0.047 -0.1423, -0.0389 0.0504 -0.1423, -0.0366 0.054 -0.1423, -0.0346 0.0578 -0.1423, -0.0329 0.0618 -0.1423, -0.0316 0.0659 -0.1423, -0.0306 0.0701 -0.1423, -0.0301 0.0744 -0.1423, -0.0299 0.0787 -0.1423, -0.0289 0.0832 -0.1467, -0.0295 0.0875 -0.1467, -0.0305 0.0919 -0.1467, -0.0318 0.0961 -0.1467, -0.0335 0.1002 -0.1467, -0.0356 0.1041 -0.1467, -0.038 0.1078 -0.1467, -0.0407 0.1113 -0.1467, -0.0438 0.1145 -0.1467, -0.0471 0.1175 -0.1467, -0.0506 0.1201 -0.1467, -0.0544 0.1224 -0.1467, -0.0583 0.1244 -0.1467, -0.0624 0.126 -0.1467, -0.0667 0.1273 -0.1467, -0.071 0.1282 -0.1467, -0.0754 0.1287 -0.1467, -0.0798 0.1288 -0.1467, -0.0843 0.1285 -0.1467, -0.0886 0.1278 -0.1467, -0.0929 0.1267 -0.1467, -0.0971 0.1253 -0.1467, -0.1012 0.1235 -0.1467, -0.105 0.1213 -0.1467, -0.1087 0.1188 -0.1467, -0.1121 0.116 -0.1467, -0.1153 0.1129 -0.1467, -0.1182 0.1096 -0.1467, -0.1207 0.106 -0.1467, -0.123 0.1021 -0.1467, -0.1249 0.0981 -0.1467, -0.1264 0.094 -0.1467, -0.1276 0.0897 -0.1467, -0.1283 0.0854 -0.1467, -0.1287 0.081 -0.1467, -0.1287 0.0765 -0.1467, -0.1283 0.0721 -0.1467, -0.1276 0.0678 -0.1467, -0.1264 0.0635 -0.1467, -0.1249 0.0593 -0.1467, -0.123 0.0553 -0.1467, -0.1207 0.0515 -0.1467, -0.1182 0.0479 -0.1467, -0.1153 0.0446 -0.1467, -0.1121 0.0415 -0.1467, -0.1087 0.0387 -0.1467, -0.105 0.0362 -0.1467, -0.1012 0.034 -0.1467, -0.0971 0.0322 -0.1467, -0.0929 0.0308 -0.1467, -0.0886 0.0297 -0.1467, -0.0843 0.029 -0.1467, -0.0798 0.0287 -0.1467, -0.0754 0.0288 -0.1467, -0.071 0.0293 -0.1467, -0.0667 0.0302 -0.1467, -0.0624 0.0314 -0.1467, -0.0583 0.0331 -0.1467, -0.0544 0.035 -0.1467, -0.0506 0.0374 -0.1467, -0.0471 0.04 -0.1467, -0.0438 0.043 -0.1467, -0.0407 0.0462 -0.1467, -0.038 0.0497 -0.1467, -0.0356 0.0534 -0.1467, -0.0335 0.0573 -0.1467, -0.0318 0.0614 -0.1467, -0.0305 0.0656 -0.1467, -0.0295 0.0699 -0.1467, -0.0289 0.0743 -0.1467, -0.0287 0.0787 -0.1467, -0.0281 0.0832 -0.1512, -0.0287 0.0877 -0.1512, -0.0297 0.0921 -0.1512, -0.0311 0.0963 -0.1512, -0.0328 0.1005 -0.1512, -0.0349 0.1045 -0.1512, -0.0374 0.1082 -0.1512, -0.0402 0.1118 -0.1512, -0.0432 0.1151 -0.1512, -0.0466 0.118 -0.1512, -0.0502 0.1207 -0.1512, -0.054 0.1231 -0.1512, -0.058 0.1251 -0.1512, -0.0622 0.1268 -0.1512, -0.0665 0.128 -0.1512, -0.0709 0.1289 -0.1512, -0.0754 0.1294 -0.1512, -0.0799 0.1295 -0.1512, -0.0843 0.1292 -0.1512, -0.0888 0.1285 -0.1512, -0.0931 0.1274 -0.1512, -0.0974 0.126 -0.1512, -0.1015 0.1242 -0.1512, -0.1054 0.122 -0.1512, -0.1091 0.1194 -0.1512, -0.1126 0.1166 -0.1512, -0.1158 0.1134 -0.1512, -0.1188 0.11 -0.1512, -0.1214 0.1064 -0.1512, -0.1236 0.1025 -0.1512, -0.1256 0.0984 -0.1512, -0.1271 0.0942 -0.1512, -0.1283 0.0899 -0.1512, -0.1291 0.0855 -0.1512, -0.1295 0.081 -0.1512, -0.1295 0.0765 -0.1512, -0.1291 0.072 -0.1512, -0.1283 0.0676 -0.1512, -0.1271 0.0633 -0.1512, -0.1256 0.059 -0.1512, -0.1236 0.055 -0.1512, -0.1214 0.0511 -0.1512, -0.1188 0.0474 -0.1512, -0.1158 0.044 -0.1512, -0.1126 0.0409 -0.1512, -0.1091 0.038 -0.1512, -0.1054 0.0355 -0.1512, -0.1015 0.0333 -0.1512, -0.0974 0.0315 -0.1512, -0.0931 0.03 -0.1512, -0.0888 0.0289 -0.1512, -0.0843 0.0283 -0.1512, -0.0799 0.028 -0.1512, -0.0754 0.0281 -0.1512, -0.0709 0.0286 -0.1512, -0.0665 0.0294 -0.1512, -0.0622 0.0307 -0.1512, -0.058 0.0324 -0.1512, -0.054 0.0344 -0.1512, -0.0502 0.0367 -0.1512, -0.0466 0.0394 -0.1512, -0.0432 0.0424 -0.1512, -0.0402 0.0457 -0.1512, -0.0374 0.0492 -0.1512, -0.0349 0.053 -0.1512, -0.0328 0.057 -0.1512, -0.0311 0.0611 -0.1512, -0.0297 0.0654 -0.1512, -0.0287 0.0698 -0.1512, -0.0281 0.0743 -0.1512, -0.0279 0.0787 -0.1512, -0.0278 0.0833 -0.1558, -0.0284 0.0877 -0.1558, -0.0294 0.0922 -0.1558, -0.0308 0.0965 -0.1558, -0.0325 0.1006 -0.1558, -0.0346 0.1046 -0.1558, -0.0371 0.1084 -0.1558, -0.0399 0.112 -0.1558, -0.043 0.1153 -0.1558, -0.0463 0.1183 -0.1558, -0.05 0.121 -0.1558, -0.0538 0.1234 -0.1558, -0.0579 0.1254 -0.1558, -0.0621 0.1271 -0.1558, -0.0664 0.1284 -0.1558, -0.0708 0.1293 -0.1558, -0.0753 0.1298 -0.1558, -0.0799 0.1299 -0.1558, -0.0844 0.1296 -0.1558, -0.0889 0.1289 -0.1558, -0.0932 0.1278 -0.1558, -0.0975 0.1263 -0.1558, -0.1017 0.1245 -0.1558, -0.1056 0.1223 -0.1558, -0.1094 0.1197 -0.1558, -0.1129 0.1169 -0.1558, -0.1161 0.1137 -0.1558, -0.119 0.1103 -0.1558, -0.1217 0.1066 -0.1558, -0.124 0.1027 -0.1558, -0.1259 0.0986 -0.1558, -0.1275 0.0943 -0.1558, -0.1286 0.09 -0.1558, -0.1294 0.0855 -0.1558, -0.1298 0.081 -0.1558, -0.1298 0.0765 -0.1558, -0.1294 0.072 -0.1558, -0.1286 0.0675 -0.1558, -0.1275 0.0631 -0.1558, -0.1259 0.0589 -0.1558, -0.124 0.0548 -0.1558, -0.1217 0.0509 -0.1558, -0.119 0.0472 -0.1558, -0.1161 0.0438 -0.1558, -0.1129 0.0406 -0.1558, -0.1094 0.0378 -0.1558, -0.1056 0.0352 -0.1558, -0.1017 0.033 -0.1558, -0.0975 0.0312 -0.1558, -0.0932 0.0297 -0.1558, -0.0889 0.0286 -0.1558, -0.0844 0.0279 -0.1558, -0.0799 0.0276 -0.1558, -0.0753 0.0277 -0.1558, -0.0708 0.0282 -0.1558, -0.0664 0.0291 -0.1558, -0.0621 0.0304 -0.1558, -0.0579 0.032 -0.1558, -0.0538 0.0341 -0.1558, -0.05 0.0364 -0.1558, -0.0463 0.0392 -0.1558, -0.043 0.0422 -0.1558, -0.0399 0.0455 -0.1558, -0.0371 0.049 -0.1558, -0.0346 0.0528 -0.1558, -0.0325 0.0568 -0.1558, -0.0308 0.061 -0.1558, -0.0294 0.0653 -0.1558, -0.0284 0.0697 -0.1558, -0.0278 0.0742 -0.1558, -0.0276 0.0787 -0.1558, -0.0278 0.0833 -0.1603, -0.0284 0.0877 -0.1603, -0.0294 0.0921 -0.1603, -0.0308 0.0965 -0.1603, -0.0326 0.1006 -0.1603, -0.0347 0.1046 -0.1603, -0.0371 0.1084 -0.1603, -0.0399 0.112 -0.1603, -0.043 0.1153 -0.1603, -0.0464 0.1183 -0.1603, -0.05 0.121 -0.1603, -0.0538 0.1234 -0.1603, -0.0579 0.1254 -0.1603, -0.0621 0.1271 -0.1603, -0.0664 0.1283 -0.1603, -0.0709 0.1292 -0.1603, -0.0754 0.1297 -0.1603, -0.0799 0.1298 -0.1603, -0.0844 0.1295 -0.1603, -0.0888 0.1288 -0.1603, -0.0932 0.1277 -0.1603, -0.0975 0.1263 -0.1603, -0.1016 0.1244 -0.1603, -0.1056 0.1222 -0.1603, -0.1093 0.1197 -0.1603, -0.1128 0.1168 -0.1603, -0.1161 0.1137 -0.1603, -0.119 0.1102 -0.1603, -0.1216 0.1065 -0.1603, -0.1239 0.1026 -0.1603, -0.1258 0.0986 -0.1603, -0.1274 0.0943 -0.1603, -0.1286 0.09 -0.1603, -0.1294 0.0855 -0.1603, -0.1298 0.081 -0.1603, -0.1298 0.0765 -0.1603, -0.1294 0.072 -0.1603, -0.1286 0.0675 -0.1603, -0.1274 0.0632 -0.1603, -0.1258 0.0589 -0.1603, -0.1239 0.0548 -0.1603, -0.1216 0.0509 -0.1603, -0.119 0.0473 -0.1603, -0.1161 0.0438 -0.1603, -0.1128 0.0407 -0.1603, -0.1093 0.0378 -0.1603, -0.1056 0.0353 -0.1603, -0.1016 0.0331 -0.1603, -0.0975 0.0312 -0.1603, -0.0932 0.0297 -0.1603, -0.0888 0.0286 -0.1603, -0.0844 0.0279 -0.1603, -0.0799 0.0277 -0.1603, -0.0754 0.0278 -0.1603, -0.0709 0.0282 -0.1603, -0.0664 0.0291 -0.1603, -0.0621 0.0304 -0.1603, -0.0579 0.0321 -0.1603, -0.0538 0.0341 -0.1603, -0.05 0.0365 -0.1603, -0.0464 0.0392 -0.1603, -0.043 0.0422 -0.1603, -0.0399 0.0455 -0.1603, -0.0371 0.0491 -0.1603, -0.0347 0.0529 -0.1603, -0.0326 0.0569 -0.1603, -0.0308 0.061 -0.1603, -0.0294 0.0653 -0.1603, -0.0284 0.0697 -0.1603, -0.0278 0.0742 -0.1603, -0.0276 0.0787 -0.1603, -0.0283 0.0832 -0.1649, -0.0289 0.0877 -0.1649, -0.0299 0.092 -0.1649, -0.0312 0.0963 -0.1649, -0.033 0.1004 -0.1649, -0.0351 0.1044 -0.1649, -0.0375 0.1081 -0.1649, -0.0403 0.1117 -0.1649, -0.0433 0.1149 -0.1649, -0.0467 0.1179 -0.1649, -0.0503 0.1206 -0.1649, -0.0541 0.123 -0.1649, -0.0581 0.125 -0.1649, -0.0622 0.1266 -0.1649, -0.0665 0.1279 -0.1649, -0.0709 0.1288 -0.1649, -0.0754 0.1293 -0.1649, -0.0799 0.1294 -0.1649, -0.0843 0.1291 -0.1649, -0.0888 0.1284 -0.1649, -0.0931 0.1273 -0.1649, -0.0973 0.1258 -0.1649, -0.1014 0.124 -0.1649, -0.1053 0.1218 -0.1649, -0.1091 0.1193 -0.1649, -0.1125 0.1165 -0.1649, -0.1157 0.1133 -0.1649, -0.1186 0.1099 -0.1649, -0.1212 0.1063 -0.1649, -0.1235 0.1024 -0.1649, -0.1254 0.0984 -0.1649, -0.127 0.0942 -0.1649, -0.1282 0.0899 -0.1649, -0.1289 0.0854 -0.1649, -0.1293 0.081 -0.1649, -0.1293 0.0765 -0.1649, -0.1289 0.072 -0.1649, -0.1282 0.0676 -0.1649, -0.127 0.0633 -0.1649, -0.1254 0.0591 -0.1649, -0.1235 0.0551 -0.1649, -0.1212 0.0512 -0.1649, -0.1186 0.0475 -0.1649, -0.1157 0.0441 -0.1649, -0.1125 0.041 -0.1649, -0.1091 0.0382 -0.1649, -0.1053 0.0356 -0.1649, -0.1014 0.0335 -0.1649, -0.0973 0.0316 -0.1649, -0.0931 0.0302 -0.1649, -0.0888 0.0291 -0.1649, -0.0843 0.0284 -0.1649, -0.0799 0.0281 -0.1649, -0.0754 0.0282 -0.1649, -0.0709 0.0287 -0.1649, -0.0665 0.0296 -0.1649, -0.0622 0.0309 -0.1649, -0.0581 0.0325 -0.1649, -0.0541 0.0345 -0.1649, -0.0503 0.0369 -0.1649, -0.0467 0.0395 -0.1649, -0.0433 0.0425 -0.1649, -0.0403 0.0458 -0.1649, -0.0375 0.0493 -0.1649, -0.0351 0.0531 -0.1649, -0.033 0.0571 -0.1649, -0.0312 0.0612 -0.1649, -0.0299 0.0655 -0.1649, -0.0289 0.0698 -0.1649, -0.0283 0.0743 -0.1649, -0.0281 0.0787 -0.1649, -0.0291 0.0831 -0.1693, -0.0297 0.0875 -0.1693, -0.0307 0.0918 -0.1693, -0.032 0.096 -0.1693, -0.0337 0.1001 -0.1693, -0.0358 0.104 -0.1693, -0.0382 0.1076 -0.1693, -0.0409 0.1111 -0.1693, -0.0439 0.1143 -0.1693, -0.0472 0.1173 -0.1693, -0.0507 0.1199 -0.1693, -0.0545 0.1222 -0.1693, -0.0584 0.1242 -0.1693, -0.0625 0.1258 -0.1693, -0.0667 0.1271 -0.1693, -0.0711 0.1279 -0.1693, -0.0754 0.1284 -0.1693, -0.0798 0.1285 -0.1693, -0.0842 0.1282 -0.1693, -0.0886 0.1275 -0.1693, -0.0929 0.1265 -0.1693, -0.097 0.125 -0.1693, -0.101 0.1233 -0.1693, -0.1049 0.1211 -0.1693, -0.1085 0.1186 -0.1693, -0.1119 0.1158 -0.1693, -0.1151 0.1128 -0.1693, -0.118 0.1094 -0.1693, -0.1205 0.1058 -0.1693, -0.1227 0.102 -0.1693, -0.1246 0.098 -0.1693, -0.1262 0.0939 -0.1693, -0.1273 0.0897 -0.1693, -0.1281 0.0853 -0.1693, -0.1285 0.0809 -0.1693, -0.1285 0.0765 -0.1693, -0.1281 0.0722 -0.1693, -0.1273 0.0678 -0.1693, -0.1262 0.0636 -0.1693, -0.1246 0.0594 -0.1693, -0.1227 0.0555 -0.1693, -0.1205 0.0517 -0.1693, -0.118 0.0481 -0.1693, -0.1151 0.0447 -0.1693, -0.1119 0.0416 -0.1693, -0.1085 0.0389 -0.1693, -0.1049 0.0364 -0.1693, -0.101 0.0342 -0.1693, -0.097 0.0324 -0.1693, -0.0929 0.031 -0.1693, -0.0886 0.0299 -0.1693, -0.0842 0.0293 -0.1693, -0.0798 0.029 -0.1693, -0.0754 0.0291 -0.1693, -0.0711 0.0295 -0.1693, -0.0667 0.0304 -0.1693, -0.0625 0.0317 -0.1693, -0.0584 0.0333 -0.1693, -0.0545 0.0353 -0.1693, -0.0507 0.0376 -0.1693, -0.0472 0.0402 -0.1693, -0.0439 0.0431 -0.1693, -0.0409 0.0464 -0.1693, -0.0382 0.0498 -0.1693, -0.0358 0.0535 -0.1693, -0.0337 0.0574 -0.1693, -0.032 0.0615 -0.1693, -0.0307 0.0657 -0.1693, -0.0297 0.07 -0.1693, -0.0291 0.0743 -0.1693, -0.029 0.0787 -0.1693, -0.0304 0.083 -0.1737, -0.031 0.0873 -0.1737, -0.0319 0.0915 -0.1737, -0.0332 0.0956 -0.1737, -0.0349 0.0995 -0.1737, -0.0369 0.1033 -0.1737, -0.0392 0.1069 -0.1737, -0.0419 0.1103 -0.1737, -0.0448 0.1134 -0.1737, -0.048 0.1163 -0.1737, -0.0514 0.1189 -0.1737, -0.0551 0.1211 -0.1737, -0.0589 0.1231 -0.1737, -0.0629 0.1246 -0.1737, -0.067 0.1258 -0.1737, -0.0713 0.1267 -0.1737, -0.0755 0.1272 -0.1737, -0.0798 0.1273 -0.1737, -0.0841 0.127 -0.1737, -0.0883 0.1263 -0.1737, -0.0925 0.1253 -0.1737, -0.0966 0.1239 -0.1737, -0.1005 0.1221 -0.1737, -0.1042 0.12 -0.1737, -0.1078 0.1176 -0.1737, -0.1111 0.1149 -0.1737, -0.1142 0.1119 -0.1737, -0.117 0.1086 -0.1737, -0.1195 0.1051 -0.1737, -0.1216 0.1014 -0.1737, -0.1235 0.0976 -0.1737, -0.125 0.0935 -0.1737, -0.1261 0.0894 -0.1737, -0.1269 0.0852 -0.1737, -0.1272 0.0809 -0.1737, -0.1272 0.0766 -0.1737, -0.1269 0.0723 -0.1737, -0.1261 0.0681 -0.1737, -0.125 0.0639 -0.1737, -0.1235 0.0599 -0.1737, -0.1216 0.056 -0.1737, -0.1195 0.0523 -0.1737, -0.117 0.0488 -0.1737, -0.1142 0.0456 -0.1737, -0.1111 0.0426 -0.1737, -0.1078 0.0399 -0.1737, -0.1042 0.0374 -0.1737, -0.1005 0.0353 -0.1737, -0.0966 0.0336 -0.1737, -0.0925 0.0322 -0.1737, -0.0883 0.0312 -0.1737, -0.0841 0.0305 -0.1737, -0.0798 0.0302 -0.1737, -0.0755 0.0303 -0.1737, -0.0713 0.0308 -0.1737, -0.067 0.0316 -0.1737, -0.0629 0.0329 -0.1737, -0.0589 0.0344 -0.1737, -0.0551 0.0364 -0.1737, -0.0514 0.0386 -0.1737, -0.048 0.0412 -0.1737, -0.0448 0.044 -0.1737, -0.0419 0.0472 -0.1737, -0.0392 0.0506 -0.1737, -0.0369 0.0542 -0.1737, -0.0349 0.058 -0.1737, -0.0332 0.0619 -0.1737, -0.0319 0.066 -0.1737, -0.031 0.0702 -0.1737, -0.0304 0.0745 -0.1737, -0.0302 0.0787 -0.1737, -0.032 0.0829 -0.178, -0.0326 0.087 -0.178, -0.0335 0.091 -0.178, -0.0347 0.095 -0.178, -0.0364 0.0988 -0.178, -0.0383 0.1025 -0.178, -0.0406 0.106 -0.178, -0.0431 0.1092 -0.178, -0.0459 0.1123 -0.178, -0.049 0.115 -0.178, -0.0524 0.1175 -0.178, -0.0559 0.1197 -0.178, -0.0596 0.1216 -0.178, -0.0635 0.1231 -0.178, -0.0674 0.1243 -0.178, -0.0715 0.1251 -0.178, -0.0756 0.1255 -0.178, -0.0798 0.1256 -0.178, -0.0839 0.1254 -0.178, -0.088 0.1247 -0.178, -0.092 0.1237 -0.178, -0.096 0.1224 -0.178, -0.0998 0.1207 -0.178, -0.1034 0.1186 -0.178, -0.1068 0.1163 -0.178, -0.11 0.1137 -0.178, -0.113 0.1108 -0.178, -0.1157 0.1076 -0.178, -0.1181 0.1043 -0.178, -0.1202 0.1007 -0.178, -0.122 0.0969 -0.178, -0.1234 0.093 -0.178, -0.1245 0.089 -0.178, -0.1252 0.0849 -0.178, -0.1256 0.0808 -0.178, -0.1256 0.0767 -0.178, -0.1252 0.0725 -0.178, -0.1245 0.0684 -0.178, -0.1234 0.0644 -0.178, -0.122 0.0606 -0.178, -0.1202 0.0568 -0.178, -0.1181 0.0532 -0.178, -0.1157 0.0498 -0.178, -0.113 0.0467 -0.178, -0.11 0.0438 -0.178, -0.1068 0.0412 -0.178, -0.1034 0.0388 -0.178, -0.0998 0.0368 -0.178, -0.096 0.0351 -0.178, -0.092 0.0338 -0.178, -0.088 0.0328 -0.178, -0.0839 0.0321 -0.178, -0.0798 0.0319 -0.178, -0.0756 0.0319 -0.178, -0.0715 0.0324 -0.178, -0.0674 0.0332 -0.178, -0.0635 0.0344 -0.178, -0.0596 0.0359 -0.178, -0.0559 0.0378 -0.178, -0.0524 0.04 -0.178, -0.049 0.0424 -0.178, -0.0459 0.0452 -0.178, -0.0431 0.0482 -0.178, -0.0406 0.0515 -0.178, -0.0383 0.055 -0.178, -0.0364 0.0587 -0.178, -0.0347 0.0625 -0.178, -0.0335 0.0664 -0.178, -0.0326 0.0705 -0.178, -0.032 0.0746 -0.178, -0.0318 0.0787 -0.178, -0.034 0.0827 -0.1821, -0.0346 0.0866 -0.1821, -0.0354 0.0905 -0.1821, -0.0366 0.0943 -0.1821, -0.0382 0.098 -0.1821, -0.04 0.1015 -0.1821, -0.0422 0.1048 -0.1821, -0.0446 0.1079 -0.1821, -0.0474 0.1108 -0.1821, -0.0503 0.1135 -0.1821, -0.0535 0.1159 -0.1821, -0.0569 0.1179 -0.1821, -0.0604 0.1197 -0.1821, -0.0641 0.1212 -0.1821, -0.0679 0.1223 -0.1821, -0.0718 0.1231 -0.1821, -0.0758 0.1235 -0.1821, -0.0797 0.1236 -0.1821, -0.0837 0.1234 -0.1821, -0.0876 0.1227 -0.1821, -0.0915 0.1218 -0.1821, -0.0952 0.1205 -0.1821, -0.0989 0.1189 -0.1821, -0.1023 0.1169 -0.1821, -0.1056 0.1147 -0.1821, -0.1087 0.1122 -0.1821, -0.1115 0.1094 -0.1821, -0.1141 0.1064 -0.1821, -0.1164 0.1032 -0.1821, -0.1184 0.0997 -0.1821, -0.1201 0.0961 -0.1821, -0.1215 0.0924 -0.1821, -0.1225 0.0886 -0.1821, -0.1232 0.0847 -0.1821, -0.1236 0.0807 -0.1821, -0.1236 0.0768 -0.1821, -0.1232 0.0728 -0.1821, -0.1225 0.0689 -0.1821, -0.1215 0.0651 -0.1821, -0.1201 0.0613 -0.1821, -0.1184 0.0577 -0.1821, -0.1164 0.0543 -0.1821, -0.1141 0.0511 -0.1821, -0.1115 0.0481 -0.1821, -0.1087 0.0453 -0.1821, -0.1056 0.0428 -0.1821, -0.1023 0.0405 -0.1821, -0.0989 0.0386 -0.1821, -0.0952 0.037 -0.1821, -0.0915 0.0357 -0.1821, -0.0876 0.0347 -0.1821, -0.0837 0.0341 -0.1821, -0.0797 0.0339 -0.1821, -0.0758 0.034 -0.1821, -0.0718 0.0344 -0.1821, -0.0679 0.0352 -0.1821, -0.0641 0.0363 -0.1821, -0.0604 0.0378 -0.1821, -0.0569 0.0395 -0.1821, -0.0535 0.0416 -0.1821, -0.0503 0.044 -0.1821, -0.0474 0.0466 -0.1821, -0.0446 0.0495 -0.1821, -0.0422 0.0527 -0.1821, -0.04 0.056 -0.1821, -0.0382 0.0595 -0.1821, -0.0366 0.0632 -0.1821, -0.0354 0.067 -0.1821, -0.0346 0.0708 -0.1821, -0.034 0.0748 -0.1821, -0.0339 0.0787 -0.1821, -0.0364 0.0825 -0.186, -0.0369 0.0862 -0.186, -0.0377 0.0899 -0.186, -0.0389 0.0935 -0.186, -0.0403 0.0969 -0.186, -0.0421 0.1003 -0.186, -0.0441 0.1034 -0.186, -0.0464 0.1064 -0.186, -0.049 0.1091 -0.186, -0.0518 0.1116 -0.186, -0.0548 0.1139 -0.186, -0.058 0.1159 -0.186, -0.0614 0.1176 -0.186, -0.0649 0.1189 -0.186, -0.0685 0.12 -0.186, -0.0722 0.1208 -0.186, -0.0759 0.1212 -0.186, -0.0797 0.1213 -0.186, -0.0834 0.121 -0.186, -0.0872 0.1204 -0.186, -0.0908 0.1195 -0.186, -0.0944 0.1183 -0.186, -0.0978 0.1168 -0.186, -0.1011 0.1149 -0.186, -0.1042 0.1128 -0.186, -0.1071 0.1104 -0.186, -0.1098 0.1078 -0.186, -0.1122 0.1049 -0.186, -0.1144 0.1019 -0.186, -0.1163 0.0986 -0.186, -0.1179 0.0952 -0.186, -0.1192 0.0917 -0.186, -0.1202 0.0881 -0.186, -0.1209 0.0844 -0.186, -0.1212 0.0806 -0.186, -0.1212 0.0769 -0.186, -0.1209 0.0731 -0.186, -0.1202 0.0694 -0.186, -0.1192 0.0658 -0.186, -0.1179 0.0623 -0.186, -0.1163 0.0589 -0.186, -0.1144 0.0556 -0.186, -0.1122 0.0525 -0.186, -0.1098 0.0497 -0.186, -0.1071 0.0471 -0.186, -0.1042 0.0447 -0.186, -0.1011 0.0426 -0.186, -0.0978 0.0407 -0.186, -0.0944 0.0392 -0.186, -0.0908 0.038 -0.186, -0.0872 0.0371 -0.186, -0.0834 0.0365 -0.186, -0.0797 0.0362 -0.186, -0.0759 0.0363 -0.186, -0.0722 0.0367 -0.186, -0.0685 0.0375 -0.186, -0.0649 0.0385 -0.186, -0.0614 0.0399 -0.186, -0.058 0.0416 -0.186, -0.0548 0.0436 -0.186, -0.0518 0.0458 -0.186, -0.049 0.0483 -0.186, -0.0464 0.0511 -0.186, -0.0441 0.0541 -0.186, -0.0421 0.0572 -0.186, -0.0403 0.0605 -0.186, -0.0389 0.064 -0.186, -0.0377 0.0676 -0.186, -0.0369 0.0713 -0.186, -0.0364 0.075 -0.186, -0.0362 0.0787 -0.186, -0.0391 0.0823 -0.1896, -0.0395 0.0858 -0.1896, -0.0403 0.0892 -0.1896, -0.0414 0.0925 -0.1896, -0.0428 0.0958 -0.1896, -0.0444 0.0989 -0.1896, -0.0463 0.1019 -0.1896, -0.0485 0.1046 -0.1896, -0.0509 0.1072 -0.1896, -0.0535 0.1096 -0.1896, -0.0563 0.1117 -0.1896, -0.0593 0.1135 -0.1896, -0.0625 0.1151 -0.1896, -0.0658 0.1164 -0.1896, -0.0691 0.1174 -0.1896, -0.0726 0.1181 -0.1896, -0.0761 0.1185 -0.1896, -0.0796 0.1185 -0.1896, -0.0831 0.1183 -0.1896, -0.0866 0.1178 -0.1896, -0.09 0.1169 -0.1896, -0.0934 0.1158 -0.1896, -0.0966 0.1143 -0.1896, -0.0997 0.1126 -0.1896, -0.1026 0.1106 -0.1896, -0.1053 0.1084 -0.1896, -0.1078 0.1059 -0.1896, -0.1101 0.1033 -0.1896, -0.1121 0.1004 -0.1896, -0.1139 0.0974 -0.1896, -0.1154 0.0942 -0.1896, -0.1167 0.0909 -0.1896, -0.1176 0.0875 -0.1896, -0.1182 0.084 -0.1896, -0.1185 0.0805 -0.1896, -0.1185 0.077 -0.1896, -0.1182 0.0735 -0.1896, -0.1176 0.07 -0.1896, -0.1167 0.0666 -0.1896, -0.1154 0.0633 -0.1896, -0.1139 0.0601 -0.1896, -0.1121 0.0571 -0.1896, -0.1101 0.0542 -0.1896, -0.1078 0.0515 -0.1896, -0.1053 0.0491 -0.1896, -0.1026 0.0468 -0.1896, -0.0997 0.0449 -0.1896, -0.0966 0.0431 -0.1896, -0.0934 0.0417 -0.1896, -0.09 0.0406 -0.1896, -0.0866 0.0397 -0.1896, -0.0831 0.0392 -0.1896, -0.0796 0.0389 -0.1896, -0.0761 0.039 -0.1896, -0.0726 0.0394 -0.1896, -0.0691 0.0401 -0.1896, -0.0658 0.0411 -0.1896, -0.0625 0.0424 -0.1896, -0.0593 0.044 -0.1896, -0.0563 0.0458 -0.1896, -0.0535 0.0479 -0.1896, -0.0509 0.0503 -0.1896, -0.0485 0.0528 -0.1896, -0.0463 0.0556 -0.1896, -0.0444 0.0586 -0.1896, -0.0428 0.0617 -0.1896, -0.0414 0.0649 -0.1896, -0.0403 0.0683 -0.1896, -0.0395 0.0717 -0.1896, -0.0391 0.0752 -0.1896, -0.0389 0.0787 -0.1896, -0.0421 0.082 -0.1931, -0.0425 0.0852 -0.1931, -0.0432 0.0884 -0.1931, -0.0442 0.0915 -0.1931, -0.0455 0.0945 -0.1931, -0.047 0.0974 -0.1931, -0.0488 0.1001 -0.1931, -0.0508 0.1027 -0.1931, -0.053 0.105 -0.1931, -0.0554 0.1072 -0.1931, -0.058 0.1092 -0.1931, -0.0608 0.1109 -0.1931, -0.0637 0.1123 -0.1931, -0.0668 0.1135 -0.1931, -0.0699 0.1145 -0.1931, -0.0731 0.1151 -0.1931, -0.0763 0.1155 -0.1931, -0.0796 0.1155 -0.1931, -0.0828 0.1153 -0.1931, -0.086 0.1148 -0.1931, -0.0892 0.114 -0.1931, -0.0923 0.113 -0.1931, -0.0952 0.1116 -0.1931, -0.0981 0.1101 -0.1931, -0.1008 0.1082 -0.1931, -0.1033 0.1062 -0.1931, -0.1056 0.1039 -0.1931, -0.1077 0.1014 -0.1931, -0.1096 0.0988 -0.1931, -0.1113 0.096 -0.1931, -0.1127 0.093 -0.1931, -0.1138 0.09 -0.1931, -0.1146 0.0868 -0.1931, -0.1152 0.0836 -0.1931, -0.1155 0.0804 -0.1931, -0.1155 0.0771 -0.1931, -0.1152 0.0739 -0.1931, -0.1146 0.0707 -0.1931, -0.1138 0.0675 -0.1931, -0.1127 0.0645 -0.1931, -0.1113 0.0615 -0.1931, -0.1096 0.0587 -0.1931, -0.1077 0.0561 -0.1931, -0.1056 0.0536 -0.1931, -0.1033 0.0513 -0.1931, -0.1008 0.0493 -0.1931, -0.0981 0.0474 -0.1931, -0.0952 0.0458 -0.1931, -0.0923 0.0445 -0.1931, -0.0892 0.0435 -0.1931, -0.086 0.0427 -0.1931, -0.0828 0.0422 -0.1931, -0.0796 0.042 -0.1931, -0.0763 0.042 -0.1931, -0.0731 0.0424 -0.1931, -0.0699 0.043 -0.1931, -0.0668 0.044 -0.1931, -0.0637 0.0451 -0.1931, -0.0608 0.0466 -0.1931, -0.058 0.0483 -0.1931, -0.0554 0.0503 -0.1931, -0.053 0.0524 -0.1931, -0.0508 0.0548 -0.1931, -0.0488 0.0574 -0.1931, -0.047 0.0601 -0.1931, -0.0455 0.063 -0.1931, -0.0442 0.066 -0.1931, -0.0432 0.0691 -0.1931, -0.0425 0.0723 -0.1931, -0.0421 0.0755 -0.1931, -0.0419 0.0787 -0.1931, -0.0454 0.0817 -0.1962, -0.0458 0.0846 -0.1962, -0.0464 0.0875 -0.1962, -0.0473 0.0903 -0.1962, -0.0485 0.0931 -0.1962, -0.0499 0.0957 -0.1962, -0.0515 0.0982 -0.1962, -0.0533 0.1005 -0.1962, -0.0553 0.1027 -0.1962, -0.0575 0.1047 -0.1962, -0.0599 0.1064 -0.1962, -0.0624 0.108 -0.1962, -0.0651 0.1093 -0.1962, -0.0678 0.1104 -0.1962, -0.0707 0.1112 -0.1962, -0.0736 0.1118 -0.1962, -0.0765 0.1121 -0.1962, -0.0795 0.1122 -0.1962, -0.0824 0.112 -0.1962, -0.0854 0.1116 -0.1962, -0.0882 0.1108 -0.1962, -0.091 0.1099 -0.1962, -0.0937 0.1087 -0.1962, -0.0963 0.1072 -0.1962, -0.0988 0.1056 -0.1962, -0.1011 0.1037 -0.1962, -0.1032 0.1016 -0.1962, -0.1051 0.0994 -0.1962, -0.1068 0.097 -0.1962, -0.1083 0.0944 -0.1962, -0.1096 0.0917 -0.1962, -0.1106 0.0889 -0.1962, -0.1114 0.0861 -0.1962, -0.1119 0.0832 -0.1962, -0.1122 0.0802 -0.1962, -0.1122 0.0773 -0.1962, -0.1119 0.0743 -0.1962, -0.1114 0.0714 -0.1962, -0.1106 0.0685 -0.1962, -0.1096 0.0658 -0.1962, -0.1083 0.0631 -0.1962, -0.1068 0.0605 -0.1962, -0.1051 0.0581 -0.1962, -0.1032 0.0559 -0.1962, -0.1011 0.0538 -0.1962, -0.0988 0.0519 -0.1962, -0.0963 0.0502 -0.1962, -0.0937 0.0488 -0.1962, -0.091 0.0476 -0.1962, -0.0882 0.0466 -0.1962, -0.0854 0.0459 -0.1962, -0.0824 0.0455 -0.1962, -0.0795 0.0453 -0.1962, -0.0765 0.0453 -0.1962, -0.0736 0.0457 -0.1962, -0.0707 0.0462 -0.1962, -0.0678 0.0471 -0.1962, -0.0651 0.0482 -0.1962, -0.0624 0.0495 -0.1962, -0.0599 0.0511 -0.1962, -0.0575 0.0528 -0.1962, -0.0553 0.0548 -0.1962, -0.0533 0.057 -0.1962, -0.0515 0.0593 -0.1962, -0.0499 0.0618 -0.1962, -0.0485 0.0644 -0.1962, -0.0473 0.0671 -0.1962, -0.0464 0.07 -0.1962, -0.0458 0.0728 -0.1962, -0.0454 0.0758 -0.1962, -0.0453 0.0787 -0.1962, -0.049 0.0814 -0.199, -0.0493 0.084 -0.199, -0.0499 0.0866 -0.199, -0.0507 0.0891 -0.199, -0.0517 0.0915 -0.199, -0.053 0.0939 -0.199, -0.0544 0.0961 -0.199, -0.056 0.0982 -0.199, -0.0578 0.1001 -0.199, -0.0598 0.1019 -0.199, -0.0619 0.1035 -0.199, -0.0642 0.1049 -0.199, -0.0665 0.106 -0.199, -0.069 0.107 -0.199, -0.0715 0.1078 -0.199, -0.0741 0.1083 -0.199, -0.0768 0.1086 -0.199, -0.0794 0.1086 -0.199, -0.082 0.1085 -0.199, -0.0847 0.1081 -0.199, -0.0872 0.1074 -0.199, -0.0897 0.1066 -0.199, -0.0921 0.1055 -0.199, -0.0944 0.1042 -0.199, -0.0966 0.1027 -0.199, -0.0987 0.101 -0.199, -0.1006 0.0992 -0.199, -0.1023 0.0972 -0.199, -0.1038 0.095 -0.199, -0.1052 0.0927 -0.199, -0.1063 0.0903 -0.199, -0.1072 0.0879 -0.199, -0.1079 0.0853 -0.199, -0.1084 0.0827 -0.199, -0.1086 0.0801 -0.199, -0.1086 0.0774 -0.199, -0.1084 0.0748 -0.199, -0.1079 0.0722 -0.199, -0.1072 0.0696 -0.199, -0.1063 0.0671 -0.199, -0.1052 0.0648 -0.199, -0.1038 0.0625 -0.199, -0.1023 0.0603 -0.199, -0.1006 0.0583 -0.199, -0.0987 0.0565 -0.199, -0.0966 0.0548 -0.199, -0.0944 0.0533 -0.199, -0.0921 0.052 -0.199, -0.0897 0.0509 -0.199, -0.0872 0.0501 -0.199, -0.0847 0.0494 -0.199, -0.082 0.049 -0.199, -0.0794 0.0488 -0.199, -0.0768 0.0489 -0.199, -0.0741 0.0492 -0.199, -0.0715 0.0497 -0.199, -0.069 0.0505 -0.199, -0.0665 0.0514 -0.199, -0.0642 0.0526 -0.199, -0.0619 0.054 -0.199, -0.0598 0.0556 -0.199, -0.0578 0.0574 -0.199, -0.056 0.0593 -0.199, -0.0544 0.0614 -0.199, -0.053 0.0636 -0.199, -0.0517 0.0659 -0.199, -0.0507 0.0684 -0.199, -0.0499 0.0709 -0.199, -0.0493 0.0735 -0.199, -0.049 0.0761 -0.199, -0.0488 0.0787 -0.199, -0.0528 0.081 -0.2015, -0.0531 0.0833 -0.2015, -0.0536 0.0856 -0.2015, -0.0543 0.0878 -0.2015, -0.0552 0.0899 -0.2015, -0.0562 0.092 -0.2015, -0.0575 0.0939 -0.2015, -0.0589 0.0957 -0.2015, -0.0605 0.0974 -0.2015, -0.0622 0.0989 -0.2015, -0.0641 0.1003 -0.2015, -0.066 0.1015 -0.2015, -0.0681 0.1026 -0.2015, -0.0702 0.1034 -0.2015, -0.0725 0.1041 -0.2015, -0.0747 0.1045 -0.2015, -0.077 0.1048 -0.2015, -0.0793 0.1048 -0.2015, -0.0816 0.1047 -0.2015, -0.0839 0.1043 -0.2015, -0.0861 0.1038 -0.2015, -0.0883 0.103 -0.2015, -0.0904 0.1021 -0.2015, -0.0924 0.1009 -0.2015, -0.0944 0.0996 -0.2015, -0.0961 0.0982 -0.2015, -0.0978 0.0966 -0.2015, -0.0993 0.0948 -0.2015, -0.1006 0.0929 -0.2015, -0.1018 0.0909 -0.2015, -0.1028 0.0889 -0.2015, -0.1036 0.0867 -0.2015, -0.1042 0.0845 -0.2015, -0.1046 0.0822 -0.2015, -0.1048 0.0799 -0.2015, -0.1048 0.0776 -0.2015, -0.1046 0.0753 -0.2015, -0.1042 0.073 -0.2015, -0.1036 0.0708 -0.2015, -0.1028 0.0686 -0.2015, -0.1018 0.0665 -0.2015, -0.1006 0.0645 -0.2015, -0.0993 0.0627 -0.2015, -0.0978 0.0609 -0.2015, -0.0961 0.0593 -0.2015, -0.0944 0.0578 -0.2015, -0.0924 0.0565 -0.2015, -0.0904 0.0554 -0.2015, -0.0883 0.0545 -0.2015, -0.0861 0.0537 -0.2015, -0.0839 0.0532 -0.2015, -0.0816 0.0528 -0.2015, -0.0793 0.0527 -0.2015, -0.077 0.0527 -0.2015, -0.0747 0.053 -0.2015, -0.0725 0.0534 -0.2015, -0.0702 0.0541 -0.2015, -0.0681 0.0549 -0.2015, -0.066 0.056 -0.2015, -0.0641 0.0572 -0.2015, -0.0622 0.0586 -0.2015, -0.0605 0.0601 -0.2015, -0.0589 0.0618 -0.2015, -0.0575 0.0636 -0.2015, -0.0562 0.0655 -0.2015, -0.0552 0.0676 -0.2015, -0.0543 0.0697 -0.2015, -0.0536 0.0719 -0.2015, -0.0531 0.0741 -0.2015, -0.0528 0.0764 -0.2015, -0.0527 0.0787 -0.2015, -0.0568 0.0807 -0.2037, -0.057 0.0826 -0.2037, -0.0574 0.0845 -0.2037, -0.058 0.0864 -0.2037, -0.0588 0.0882 -0.2037, -0.0597 0.0899 -0.2037, -0.0608 0.0916 -0.2037, -0.062 0.0931 -0.2037, -0.0633 0.0945 -0.2037, -0.0648 0.0958 -0.2037, -0.0663 0.097 -0.2037, -0.068 0.098 -0.2037, -0.0697 0.0989 -0.2037, -0.0716 0.0996 -0.2037, -0.0734 0.1002 -0.2037, -0.0753 0.1005 -0.2037, -0.0773 0.1008 -0.2037, -0.0792 0.1008 -0.2037, -0.0812 0.1007 -0.2037, -0.0831 0.1004 -0.2037, -0.085 0.0999 -0.2037, -0.0868 0.0993 -0.2037, -0.0886 0.0985 -0.2037, -0.0903 0.0975 -0.2037, -0.0919 0.0964 -0.2037, -0.0935 0.0952 -0.2037, -0.0949 0.0938 -0.2037, -0.0961 0.0923 -0.2037, -0.0973 0.0907 -0.2037, -0.0982 0.0891 -0.2037, -0.0991 0.0873 -0.2037, -0.0998 0.0855 -0.2037, -0.1003 0.0836 -0.2037, -0.1006 0.0817 -0.2037, -0.1008 0.0797 -0.2037, -0.1008 0.0778 -0.2037, -0.1006 0.0758 -0.2037, -0.1003 0.0739 -0.2037, -0.0998 0.072 -0.2037, -0.0991 0.0702 -0.2037, -0.0982 0.0684 -0.2037, -0.0973 0.0667 -0.2037, -0.0961 0.0651 -0.2037, -0.0949 0.0637 -0.2037, -0.0935 0.0623 -0.2037, -0.0919 0.0611 -0.2037, -0.0903 0.06 -0.2037, -0.0886 0.059 -0.2037, -0.0868 0.0582 -0.2037, -0.085 0.0576 -0.2037, -0.0831 0.0571 -0.2037, -0.0812 0.0568 -0.2037, -0.0792 0.0567 -0.2037, -0.0773 0.0567 -0.2037, -0.0753 0.0569 -0.2037, -0.0734 0.0573 -0.2037, -0.0716 0.0579 -0.2037, -0.0697 0.0586 -0.2037, -0.068 0.0595 -0.2037, -0.0663 0.0605 -0.2037, -0.0648 0.0617 -0.2037, -0.0633 0.063 -0.2037, -0.062 0.0644 -0.2037, -0.0608 0.0659 -0.2037, -0.0597 0.0676 -0.2037, -0.0588 0.0693 -0.2037, -0.058 0.0711 -0.2037, -0.0574 0.073 -0.2037, -0.057 0.0749 -0.2037, -0.0568 0.0768 -0.2037, -0.0567 0.0787 -0.2037, -0.0609 0.0803 -0.2054, -0.0612 0.0819 -0.2054, -0.0615 0.0834 -0.2054, -0.062 0.0849 -0.2054, -0.0626 0.0864 -0.2054, -0.0633 0.0878 -0.2054, -0.0642 0.0891 -0.2054, -0.0652 0.0904 -0.2054, -0.0662 0.0915 -0.2054, -0.0674 0.0926 -0.2054, -0.0687 0.0935 -0.2054, -0.07 0.0943 -0.2054, -0.0714 0.095 -0.2054, -0.0729 0.0956 -0.2054, -0.0744 0.0961 -0.2054, -0.076 0.0964 -0.2054, -0.0776 0.0966 -0.2054, -0.0791 0.0966 -0.2054, -0.0807 0.0965 -0.2054, -0.0823 0.0963 -0.2054, -0.0838 0.0959 -0.2054, -0.0853 0.0954 -0.2054, -0.0867 0.0947 -0.2054, -0.0881 0.0939 -0.2054, -0.0894 0.0931 -0.2054, -0.0907 0.0921 -0.2054, -0.0918 0.0909 -0.2054, -0.0928 0.0897 -0.2054, -0.0937 0.0885 -0.2054, -0.0945 0.0871 -0.2054, -0.0952 0.0857 -0.2054, -0.0958 0.0842 -0.2054, -0.0962 0.0827 -0.2054, -0.0964 0.0811 -0.2054, -0.0966 0.0795 -0.2054, -0.0966 0.078 -0.2054, -0.0964 0.0764 -0.2054, -0.0962 0.0748 -0.2054, -0.0958 0.0733 -0.2054, -0.0952 0.0718 -0.2054, -0.0945 0.0704 -0.2054, -0.0937 0.069 -0.2054, -0.0928 0.0677 -0.2054, -0.0918 0.0665 -0.2054, -0.0907 0.0654 -0.2054, -0.0894 0.0644 -0.2054, -0.0881 0.0635 -0.2054, -0.0867 0.0628 -0.2054, -0.0853 0.0621 -0.2054, -0.0838 0.0616 -0.2054, -0.0823 0.0612 -0.2054, -0.0807 0.061 -0.2054, -0.0791 0.0609 -0.2054, -0.0776 0.0609 -0.2054, -0.076 0.0611 -0.2054, -0.0744 0.0614 -0.2054, -0.0729 0.0618 -0.2054, -0.0714 0.0624 -0.2054, -0.07 0.0631 -0.2054, -0.0687 0.064 -0.2054, -0.0674 0.0649 -0.2054, -0.0662 0.066 -0.2054, -0.0652 0.0671 -0.2054, -0.0642 0.0684 -0.2054, -0.0633 0.0697 -0.2054, -0.0626 0.0711 -0.2054, -0.062 0.0725 -0.2054, -0.0615 0.0741 -0.2054, -0.0612 0.0756 -0.2054, -0.0609 0.0772 -0.2054, -0.0609 0.0787 -0.2054, -0.0653 0.0799 -0.2068, -0.0654 0.0811 -0.2068, -0.0657 0.0823 -0.2068, -0.0661 0.0834 -0.2068, -0.0665 0.0845 -0.2068, -0.0671 0.0856 -0.2068, -0.0677 0.0866 -0.2068, -0.0685 0.0875 -0.2068, -0.0693 0.0884 -0.2068, -0.0702 0.0892 -0.2068, -0.0711 0.0899 -0.2068, -0.0722 0.0906 -0.2068, -0.0732 0.0911 -0.2068, -0.0743 0.0915 -0.2068, -0.0755 0.0919 -0.2068, -0.0767 0.0921 -0.2068, -0.0778 0.0922 -0.2068, -0.079 0.0923 -0.2068, -0.0802 0.0922 -0.2068, -0.0814 0.092 -0.2068, -0.0826 0.0917 -0.2068, -0.0837 0.0913 -0.2068, -0.0848 0.0908 -0.2068, -0.0858 0.0902 -0.2068, -0.0868 0.0896 -0.2068, -0.0878 0.0888 -0.2068, -0.0886 0.088 -0.2068, -0.0894 0.0871 -0.2068, -0.0901 0.0861 -0.2068, -0.0907 0.0851 -0.2068, -0.0912 0.084 -0.2068, -0.0916 0.0829 -0.2068, -0.0919 0.0817 -0.2068, -0.0921 0.0805 -0.2068, -0.0923 0.0793 -0.2068, -0.0923 0.0781 -0.2068, -0.0921 0.0769 -0.2068, -0.0919 0.0758 -0.2068, -0.0916 0.0746 -0.2068, -0.0912 0.0735 -0.2068, -0.0907 0.0724 -0.2068, -0.0901 0.0714 -0.2068, -0.0894 0.0704 -0.2068, -0.0886 0.0695 -0.2068, -0.0878 0.0687 -0.2068, -0.0868 0.0679 -0.2068, -0.0858 0.0672 -0.2068, -0.0848 0.0666 -0.2068, -0.0837 0.0662 -0.2068, -0.0826 0.0658 -0.2068, -0.0814 0.0655 -0.2068, -0.0802 0.0653 -0.2068, -0.079 0.0652 -0.2068, -0.0778 0.0652 -0.2068, -0.0767 0.0654 -0.2068, -0.0755 0.0656 -0.2068, -0.0743 0.066 -0.2068, -0.0732 0.0664 -0.2068, -0.0722 0.0669 -0.2068, -0.0711 0.0676 -0.2068, -0.0702 0.0683 -0.2068, -0.0693 0.0691 -0.2068, -0.0685 0.0699 -0.2068, -0.0677 0.0709 -0.2068, -0.0671 0.0719 -0.2068, -0.0665 0.0729 -0.2068, -0.0661 0.0741 -0.2068, -0.0657 0.0752 -0.2068, -0.0654 0.0764 -0.2068, -0.0653 0.0775 -0.2068, -0.0652 0.0787 -0.2068, -0.0697 0.0795 -0.2079, -0.0698 0.0803 -0.2079, -0.07 0.0811 -0.2079, -0.0702 0.0819 -0.2079, -0.0705 0.0826 -0.2079, -0.0709 0.0833 -0.2079, -0.0713 0.084 -0.2079, -0.0718 0.0846 -0.2079, -0.0724 0.0852 -0.2079, -0.073 0.0858 -0.2079, -0.0736 0.0862 -0.2079, -0.0743 0.0867 -0.2079, -0.075 0.087 -0.2079, -0.0758 0.0873 -0.2079, -0.0766 0.0875 -0.2079, -0.0773 0.0877 -0.2079, -0.0781 0.0878 -0.2079, -0.0789 0.0878 -0.2079, -0.0797 0.0878 -0.2079, -0.0805 0.0876 -0.2079, -0.0813 0.0874 -0.2079, -0.0821 0.0872 -0.2079, -0.0828 0.0869 -0.2079, -0.0835 0.0865 -0.2079, -0.0842 0.086 -0.2079, -0.0848 0.0855 -0.2079, -0.0854 0.0849 -0.2079, -0.0859 0.0843 -0.2079, -0.0864 0.0837 -0.2079, -0.0868 0.083 -0.2079, -0.0871 0.0823 -0.2079, -0.0874 0.0815 -0.2079, -0.0876 0.0807 -0.2079, -0.0877 0.0799 -0.2079, -0.0878 0.0791 -0.2079, -0.0878 0.0783 -0.2079, -0.0877 0.0775 -0.2079, -0.0876 0.0767 -0.2079, -0.0874 0.076 -0.2079, -0.0871 0.0752 -0.2079, -0.0868 0.0745 -0.2079, -0.0864 0.0738 -0.2079, -0.0859 0.0731 -0.2079, -0.0854 0.0725 -0.2079, -0.0848 0.072 -0.2079, -0.0842 0.0715 -0.2079, -0.0835 0.071 -0.2079, -0.0828 0.0706 -0.2079, -0.0821 0.0703 -0.2079, -0.0813 0.07 -0.2079, -0.0805 0.0698 -0.2079, -0.0797 0.0697 -0.2079, -0.0789 0.0697 -0.2079, -0.0781 0.0697 -0.2079, -0.0773 0.0698 -0.2079, -0.0766 0.0699 -0.2079, -0.0758 0.0702 -0.2079, -0.075 0.0705 -0.2079, -0.0743 0.0708 -0.2079, -0.0736 0.0712 -0.2079, -0.073 0.0717 -0.2079, -0.0724 0.0723 -0.2079, -0.0718 0.0728 -0.2079, -0.0713 0.0735 -0.2079, -0.0709 0.0741 -0.2079, -0.0705 0.0749 -0.2079, -0.0702 0.0756 -0.2079, -0.07 0.0764 -0.2079, -0.0698 0.0771 -0.2079, -0.0697 0.0779 -0.2079, -0.0697 0.0787 -0.2079, -0.0787 0.0787 -0.1299, 0.0832 0.0795 -0.2085, 0.0833 0.0791 -0.2085, 0.0787 0.0787 -0.2087, 0.0831 0.0799 -0.2085, 0.083 0.0803 -0.2085, 0.0829 0.0807 -0.2085, 0.0827 0.081 -0.2085, 0.0824 0.0814 -0.2085, 0.0822 0.0817 -0.2085, 0.0819 0.082 -0.2085, 0.0816 0.0823 -0.2085, 0.0813 0.0825 -0.2085, 0.081 0.0827 -0.2085, 0.0806 0.0829 -0.2085, 0.0802 0.083 -0.2085, 0.0798 0.0832 -0.2085, 0.0794 0.0832 -0.2085, 0.079 0.0833 -0.2085, 0.0786 0.0833 -0.2085, 0.0782 0.0833 -0.2085, 0.0778 0.0832 -0.2085, 0.0774 0.0831 -0.2085, 0.0771 0.083 -0.2085, 0.0767 0.0828 -0.2085, 0.0763 0.0826 -0.2085, 0.076 0.0824 -0.2085, 0.0757 0.0821 -0.2085, 0.0754 0.0819 -0.2085, 0.0752 0.0815 -0.2085, 0.0749 0.0812 -0.2085, 0.0747 0.0809 -0.2085, 0.0745 0.0805 -0.2085, 0.0744 0.0801 -0.2085, 0.0743 0.0797 -0.2085, 0.0742 0.0793 -0.2085, 0.0742 0.0789 -0.2085, 0.0742 0.0785 -0.2085, 0.0742 0.0781 -0.2085, 0.0743 0.0777 -0.2085, 0.0744 0.0774 -0.2085, 0.0745 0.077 -0.2085, 0.0747 0.0766 -0.2085, 0.0749 0.0763 -0.2085, 0.0752 0.0759 -0.2085, 0.0754 0.0756 -0.2085, 0.0757 0.0753 -0.2085, 0.076 0.0751 -0.2085, 0.0763 0.0749 -0.2085, 0.0767 0.0747 -0.2085, 0.0771 0.0745 -0.2085, 0.0774 0.0744 -0.2085, 0.0778 0.0743 -0.2085, 0.0782 0.0742 -0.2085, 0.0786 0.0742 -0.2085, 0.079 0.0742 -0.2085, 0.0794 0.0742 -0.2085, 0.0798 0.0743 -0.2085, 0.0802 0.0744 -0.2085, 0.0806 0.0746 -0.2085, 0.081 0.0748 -0.2085, 0.0813 0.075 -0.2085, 0.0816 0.0752 -0.2085, 0.0819 0.0755 -0.2085, 0.0822 0.0758 -0.2085, 0.0824 0.0761 -0.2085, 0.0827 0.0764 -0.2085, 0.0829 0.0768 -0.2085, 0.083 0.0772 -0.2085, 0.0831 0.0775 -0.2085, 0.0832 0.0779 -0.2085, 0.0833 0.0783 -0.2085, 0.0833 0.0787 -0.2085, 0.1219 0.0787 -0.1299, 0.124 0.0828 -0.1339, 0.1217 0.0826 -0.1299, 0.1234 0.0867 -0.1339, 0.1212 0.0863 -0.1299, 0.1226 0.0907 -0.1339, 0.1204 0.0901 -0.1299, 0.1213 0.0945 -0.1339, 0.1192 0.0937 -0.1299, 0.1198 0.0982 -0.1339, 0.1177 0.0972 -0.1299, 0.1179 0.1017 -0.1339, 0.1159 0.1006 -0.1299, 0.1157 0.1051 -0.1339, 0.1139 0.1038 -0.1299, 0.1132 0.1083 -0.1339, 0.1115 0.1068 -0.1299, 0.1105 0.1112 -0.1339, 0.1089 0.1096 -0.1299, 0.1075 0.1139 -0.1339, 0.1061 0.1121 -0.1299, 0.1043 0.1163 -0.1339, 0.103 0.1144 -0.1299, 0.1009 0.1184 -0.1339, 0.0998 0.1164 -0.1299, 0.0973 0.1202 -0.1339, 0.0963 0.1181 -0.1299, 0.0935 0.1217 -0.1339, 0.0928 0.1195 -0.1299, 0.0897 0.1228 -0.1339, 0.0891 0.1206 -0.1299, 0.0857 0.1236 -0.1339, 0.0854 0.1214 -0.1299, 0.0818 0.1241 -0.1339, 0.0816 0.1218 -0.1299, 0.0777 0.1241 -0.1339, 0.0778 0.1219 -0.1299, 0.0737 0.1239 -0.1339, 0.074 0.1216 -0.1299, 0.0698 0.1233 -0.1339, 0.0702 0.121 -0.1299, 0.0659 0.1223 -0.1339, 0.0665 0.1201 -0.1299, 0.0621 0.121 -0.1339, 0.0629 0.1189 -0.1299, 0.0584 0.1193 -0.1339, 0.0594 0.1173 -0.1299, 0.0549 0.1174 -0.1339, 0.0561 0.1154 -0.1299, 0.0516 0.1151 -0.1339, 0.0529 0.1133 -0.1299, 0.0485 0.1126 -0.1339, 0.05 0.1109 -0.1299, 0.0456 0.1098 -0.1339, 0.0472 0.1082 -0.1299, 0.043 0.1067 -0.1339, 0.0448 0.1053 -0.1299, 0.0406 0.1034 -0.1339, 0.0426 0.1022 -0.1299, 0.0386 0.1 -0.1339, 0.0406 0.0989 -0.1299, 0.0369 0.0963 -0.1339, 0.039 0.0955 -0.1299, 0.0355 0.0926 -0.1339, 0.0377 0.0919 -0.1299, 0.0344 0.0887 -0.1339, 0.0367 0.0882 -0.1299, 0.0337 0.0848 -0.1339, 0.036 0.0844 -0.1299, 0.0334 0.0807 -0.1339, 0.0357 0.0806 -0.1299, 0.0334 0.0767 -0.1339, 0.0357 0.0768 -0.1299, 0.0337 0.0727 -0.1339, 0.036 0.073 -0.1299, 0.0344 0.0688 -0.1339, 0.0367 0.0693 -0.1299, 0.0355 0.0649 -0.1339, 0.0377 0.0656 -0.1299, 0.0369 0.0611 -0.1339, 0.039 0.062 -0.1299, 0.0386 0.0575 -0.1339, 0.0406 0.0586 -0.1299, 0.0406 0.054 -0.1339, 0.0426 0.0553 -0.1299, 0.043 0.0508 -0.1339, 0.0448 0.0522 -0.1299, 0.0456 0.0477 -0.1339, 0.0472 0.0493 -0.1299, 0.0485 0.0449 -0.1339, 0.05 0.0466 -0.1299, 0.0516 0.0424 -0.1339, 0.0529 0.0442 -0.1299, 0.0549 0.0401 -0.1339, 0.0561 0.042 -0.1299, 0.0584 0.0381 -0.1339, 0.0594 0.0402 -0.1299, 0.0621 0.0365 -0.1339, 0.0629 0.0386 -0.1299, 0.0659 0.0352 -0.1339, 0.0665 0.0374 -0.1299, 0.0698 0.0342 -0.1339, 0.0702 0.0365 -0.1299, 0.0737 0.0336 -0.1339, 0.074 0.0359 -0.1299, 0.0777 0.0333 -0.1339, 0.0778 0.0356 -0.1299, 0.0818 0.0334 -0.1339, 0.0816 0.0357 -0.1299, 0.0857 0.0339 -0.1339, 0.0854 0.0361 -0.1299, 0.0897 0.0347 -0.1339, 0.0891 0.0369 -0.1299, 0.0935 0.0358 -0.1339, 0.0928 0.038 -0.1299, 0.0973 0.0373 -0.1339, 0.0963 0.0394 -0.1299, 0.1009 0.0391 -0.1339, 0.0998 0.0411 -0.1299, 0.1043 0.0412 -0.1339, 0.103 0.0431 -0.1299, 0.1075 0.0436 -0.1339, 0.1061 0.0454 -0.1299, 0.1105 0.0463 -0.1339, 0.1089 0.0479 -0.1299, 0.1132 0.0492 -0.1339, 0.1115 0.0507 -0.1299, 0.1157 0.0524 -0.1339, 0.1139 0.0537 -0.1299, 0.1179 0.0557 -0.1339, 0.1159 0.0569 -0.1299, 0.1198 0.0593 -0.1339, 0.1177 0.0603 -0.1299, 0.1213 0.063 -0.1339, 0.1192 0.0638 -0.1299, 0.1226 0.0668 -0.1339, 0.1204 0.0674 -0.1299, 0.1234 0.0707 -0.1339, 0.1212 0.0711 -0.1299, 0.124 0.0747 -0.1339, 0.1217 0.0749 -0.1299, 0.1241 0.0787 -0.1339, 0.1259 0.0829 -0.138, 0.1253 0.0871 -0.138, 0.1244 0.0912 -0.138, 0.1231 0.0951 -0.138, 0.1215 0.099 -0.138, 0.1196 0.1027 -0.138, 0.1173 0.1062 -0.138, 0.1147 0.1095 -0.138, 0.1118 0.1126 -0.138, 0.1087 0.1154 -0.138, 0.1054 0.1179 -0.138, 0.1018 0.1201 -0.138, 0.0981 0.122 -0.138, 0.0942 0.1235 -0.138, 0.0901 0.1247 -0.138, 0.086 0.1255 -0.138, 0.0819 0.126 -0.138, 0.0777 0.1261 -0.138, 0.0735 0.1258 -0.138, 0.0694 0.1251 -0.138, 0.0653 0.1241 -0.138, 0.0614 0.1228 -0.138, 0.0575 0.1211 -0.138, 0.0539 0.119 -0.138, 0.0504 0.1167 -0.138, 0.0472 0.114 -0.138, 0.0442 0.1111 -0.138, 0.0415 0.1079 -0.138, 0.039 0.1045 -0.138, 0.0369 0.1009 -0.138, 0.0351 0.0971 -0.138, 0.0337 0.0932 -0.138, 0.0326 0.0891 -0.138, 0.0318 0.085 -0.138, 0.0315 0.0808 -0.138, 0.0315 0.0766 -0.138, 0.0318 0.0725 -0.138, 0.0326 0.0684 -0.138, 0.0337 0.0643 -0.138, 0.0351 0.0604 -0.138, 0.0369 0.0566 -0.138, 0.039 0.053 -0.138, 0.0415 0.0496 -0.138, 0.0442 0.0464 -0.138, 0.0472 0.0435 -0.138, 0.0504 0.0408 -0.138, 0.0539 0.0385 -0.138, 0.0575 0.0364 -0.138, 0.0614 0.0347 -0.138, 0.0653 0.0334 -0.138, 0.0694 0.0323 -0.138, 0.0735 0.0317 -0.138, 0.0777 0.0314 -0.138, 0.0819 0.0315 -0.138, 0.086 0.032 -0.138, 0.0901 0.0328 -0.138, 0.0942 0.034 -0.138, 0.0981 0.0355 -0.138, 0.1018 0.0374 -0.138, 0.1054 0.0396 -0.138, 0.1087 0.0421 -0.138, 0.1118 0.0449 -0.138, 0.1147 0.048 -0.138, 0.1173 0.0513 -0.138, 0.1196 0.0548 -0.138, 0.1215 0.0585 -0.138, 0.1231 0.0623 -0.138, 0.1244 0.0663 -0.138, 0.1253 0.0704 -0.138, 0.1259 0.0746 -0.138, 0.1261 0.0787 -0.138, 0.1274 0.0831 -0.1423, 0.1269 0.0873 -0.1423, 0.1259 0.0916 -0.1423, 0.1246 0.0957 -0.1423, 0.1229 0.0997 -0.1423, 0.1209 0.1035 -0.1423, 0.1185 0.1071 -0.1423, 0.1159 0.1105 -0.1423, 0.1129 0.1137 -0.1423, 0.1097 0.1166 -0.1423, 0.1062 0.1192 -0.1423, 0.1026 0.1214 -0.1423, 0.0987 0.1234 -0.1423, 0.0947 0.125 -0.1423, 0.0905 0.1262 -0.1423, 0.0863 0.127 -0.1423, 0.082 0.1275 -0.1423, 0.0777 0.1276 -0.1423, 0.0733 0.1273 -0.1423, 0.0691 0.1267 -0.1423, 0.0649 0.1256 -0.1423, 0.0608 0.1242 -0.1423, 0.0568 0.1224 -0.1423, 0.0531 0.1203 -0.1423, 0.0495 0.1179 -0.1423, 0.0461 0.1152 -0.1423, 0.0431 0.1121 -0.1423, 0.0402 0.1089 -0.1423, 0.0377 0.1053 -0.1423, 0.0355 0.1016 -0.1423, 0.0337 0.0977 -0.1423, 0.0322 0.0936 -0.1423, 0.0311 0.0895 -0.1423, 0.0303 0.0852 -0.1423, 0.0299 0.0809 -0.1423, 0.0299 0.0766 -0.1423, 0.0303 0.0723 -0.1423, 0.0311 0.068 -0.1423, 0.0322 0.0638 -0.1423, 0.0337 0.0598 -0.1423, 0.0355 0.0559 -0.1423, 0.0377 0.0521 -0.1423, 0.0402 0.0486 -0.1423, 0.0431 0.0453 -0.1423, 0.0461 0.0423 -0.1423, 0.0495 0.0396 -0.1423, 0.0531 0.0372 -0.1423, 0.0568 0.035 -0.1423, 0.0608 0.0333 -0.1423, 0.0649 0.0319 -0.1423, 0.0691 0.0308 -0.1423, 0.0733 0.0302 -0.1423, 0.0777 0.0299 -0.1423, 0.082 0.03 -0.1423, 0.0863 0.0304 -0.1423, 0.0905 0.0313 -0.1423, 0.0947 0.0325 -0.1423, 0.0987 0.0341 -0.1423, 0.1026 0.0361 -0.1423, 0.1062 0.0383 -0.1423, 0.1097 0.0409 -0.1423, 0.1129 0.0438 -0.1423, 0.1159 0.047 -0.1423, 0.1185 0.0504 -0.1423, 0.1209 0.054 -0.1423, 0.1229 0.0578 -0.1423, 0.1246 0.0618 -0.1423, 0.1259 0.0659 -0.1423, 0.1269 0.0701 -0.1423, 0.1274 0.0744 -0.1423, 0.1276 0.0787 -0.1423, 0.1286 0.0832 -0.1467, 0.128 0.0875 -0.1467, 0.127 0.0919 -0.1467, 0.1257 0.0961 -0.1467, 0.124 0.1002 -0.1467, 0.1219 0.1041 -0.1467, 0.1195 0.1078 -0.1467, 0.1168 0.1113 -0.1467, 0.1137 0.1145 -0.1467, 0.1104 0.1175 -0.1467, 0.1069 0.1201 -0.1467, 0.1031 0.1224 -0.1467, 0.0992 0.1244 -0.1467, 0.095 0.126 -0.1467, 0.0908 0.1273 -0.1467, 0.0865 0.1282 -0.1467, 0.0821 0.1287 -0.1467, 0.0776 0.1288 -0.1467, 0.0732 0.1285 -0.1467, 0.0688 0.1278 -0.1467, 0.0645 0.1267 -0.1467, 0.0604 0.1253 -0.1467, 0.0563 0.1235 -0.1467, 0.0525 0.1213 -0.1467, 0.0488 0.1188 -0.1467, 0.0454 0.116 -0.1467, 0.0422 0.1129 -0.1467, 0.0393 0.1096 -0.1467, 0.0368 0.106 -0.1467, 0.0345 0.1021 -0.1467, 0.0326 0.0981 -0.1467, 0.0311 0.094 -0.1467, 0.0299 0.0897 -0.1467, 0.0291 0.0854 -0.1467, 0.0288 0.081 -0.1467, 0.0288 0.0765 -0.1467, 0.0291 0.0721 -0.1467, 0.0299 0.0678 -0.1467, 0.0311 0.0635 -0.1467, 0.0326 0.0593 -0.1467, 0.0345 0.0553 -0.1467, 0.0368 0.0515 -0.1467, 0.0393 0.0479 -0.1467, 0.0422 0.0446 -0.1467, 0.0454 0.0415 -0.1467, 0.0488 0.0387 -0.1467, 0.0525 0.0362 -0.1467, 0.0563 0.034 -0.1467, 0.0604 0.0322 -0.1467, 0.0645 0.0308 -0.1467, 0.0688 0.0297 -0.1467, 0.0732 0.029 -0.1467, 0.0776 0.0287 -0.1467, 0.0821 0.0288 -0.1467, 0.0865 0.0293 -0.1467, 0.0908 0.0302 -0.1467, 0.095 0.0314 -0.1467, 0.0992 0.0331 -0.1467, 0.1031 0.035 -0.1467, 0.1069 0.0374 -0.1467, 0.1104 0.04 -0.1467, 0.1137 0.043 -0.1467, 0.1168 0.0462 -0.1467, 0.1195 0.0497 -0.1467, 0.1219 0.0534 -0.1467, 0.124 0.0573 -0.1467, 0.1257 0.0614 -0.1467, 0.127 0.0656 -0.1467, 0.128 0.0699 -0.1467, 0.1286 0.0743 -0.1467, 0.1288 0.0787 -0.1467, 0.1293 0.0832 -0.1512, 0.1287 0.0877 -0.1512, 0.1278 0.0921 -0.1512, 0.1264 0.0963 -0.1512, 0.1246 0.1005 -0.1512, 0.1225 0.1045 -0.1512, 0.1201 0.1082 -0.1512, 0.1173 0.1118 -0.1512, 0.1143 0.1151 -0.1512, 0.1109 0.118 -0.1512, 0.1073 0.1207 -0.1512, 0.1035 0.1231 -0.1512, 0.0995 0.1251 -0.1512, 0.0953 0.1268 -0.1512, 0.091 0.128 -0.1512, 0.0866 0.1289 -0.1512, 0.0821 0.1294 -0.1512, 0.0776 0.1295 -0.1512, 0.0731 0.1292 -0.1512, 0.0687 0.1285 -0.1512, 0.0643 0.1274 -0.1512, 0.0601 0.126 -0.1512, 0.056 0.1242 -0.1512, 0.0521 0.122 -0.1512, 0.0483 0.1194 -0.1512, 0.0449 0.1166 -0.1512, 0.0417 0.1134 -0.1512, 0.0387 0.11 -0.1512, 0.0361 0.1064 -0.1512, 0.0338 0.1025 -0.1512, 0.0319 0.0984 -0.1512, 0.0304 0.0942 -0.1512, 0.0292 0.0899 -0.1512, 0.0284 0.0855 -0.1512, 0.028 0.081 -0.1512, 0.028 0.0765 -0.1512, 0.0284 0.072 -0.1512, 0.0292 0.0676 -0.1512, 0.0304 0.0633 -0.1512, 0.0319 0.059 -0.1512, 0.0338 0.055 -0.1512, 0.0361 0.0511 -0.1512, 0.0387 0.0474 -0.1512, 0.0417 0.044 -0.1512, 0.0449 0.0409 -0.1512, 0.0483 0.038 -0.1512, 0.0521 0.0355 -0.1512, 0.056 0.0333 -0.1512, 0.0601 0.0315 -0.1512, 0.0643 0.03 -0.1512, 0.0687 0.0289 -0.1512, 0.0731 0.0283 -0.1512, 0.0776 0.028 -0.1512, 0.0821 0.0281 -0.1512, 0.0866 0.0286 -0.1512, 0.091 0.0294 -0.1512, 0.0953 0.0307 -0.1512, 0.0995 0.0324 -0.1512, 0.1035 0.0344 -0.1512, 0.1073 0.0367 -0.1512, 0.1109 0.0394 -0.1512, 0.1143 0.0424 -0.1512, 0.1173 0.0457 -0.1512, 0.1201 0.0492 -0.1512, 0.1225 0.053 -0.1512, 0.1246 0.057 -0.1512, 0.1264 0.0611 -0.1512, 0.1278 0.0654 -0.1512, 0.1287 0.0698 -0.1512, 0.1293 0.0743 -0.1512, 0.1295 0.0787 -0.1512, 0.1297 0.0833 -0.1558, 0.1291 0.0877 -0.1558, 0.1281 0.0922 -0.1558, 0.1267 0.0965 -0.1558, 0.125 0.1006 -0.1558, 0.1228 0.1046 -0.1558, 0.1204 0.1084 -0.1558, 0.1176 0.112 -0.1558, 0.1145 0.1153 -0.1558, 0.1111 0.1183 -0.1558, 0.1075 0.121 -0.1558, 0.1037 0.1234 -0.1558, 0.0996 0.1254 -0.1558, 0.0954 0.1271 -0.1558, 0.0911 0.1284 -0.1558, 0.0866 0.1293 -0.1558, 0.0821 0.1298 -0.1558, 0.0776 0.1299 -0.1558, 0.0731 0.1296 -0.1558, 0.0686 0.1289 -0.1558, 0.0642 0.1278 -0.1558, 0.06 0.1263 -0.1558, 0.0558 0.1245 -0.1558, 0.0519 0.1223 -0.1558, 0.0481 0.1197 -0.1558, 0.0446 0.1169 -0.1558, 0.0414 0.1137 -0.1558, 0.0384 0.1103 -0.1558, 0.0358 0.1066 -0.1558, 0.0335 0.1027 -0.1558, 0.0316 0.0986 -0.1558, 0.03 0.0943 -0.1558, 0.0288 0.09 -0.1558, 0.028 0.0855 -0.1558, 0.0276 0.081 -0.1558, 0.0276 0.0765 -0.1558, 0.028 0.072 -0.1558, 0.0288 0.0675 -0.1558, 0.03 0.0631 -0.1558, 0.0316 0.0589 -0.1558, 0.0335 0.0548 -0.1558, 0.0358 0.0509 -0.1558, 0.0384 0.0472 -0.1558, 0.0414 0.0438 -0.1558, 0.0446 0.0406 -0.1558, 0.0481 0.0378 -0.1558, 0.0519 0.0352 -0.1558, 0.0558 0.033 -0.1558, 0.06 0.0312 -0.1558, 0.0642 0.0297 -0.1558, 0.0686 0.0286 -0.1558, 0.0731 0.0279 -0.1558, 0.0776 0.0276 -0.1558, 0.0821 0.0277 -0.1558, 0.0866 0.0282 -0.1558, 0.0911 0.0291 -0.1558, 0.0954 0.0304 -0.1558, 0.0996 0.032 -0.1558, 0.1037 0.0341 -0.1558, 0.1075 0.0364 -0.1558, 0.1111 0.0392 -0.1558, 0.1145 0.0422 -0.1558, 0.1176 0.0455 -0.1558, 0.1204 0.049 -0.1558, 0.1228 0.0528 -0.1558, 0.125 0.0568 -0.1558, 0.1267 0.061 -0.1558, 0.1281 0.0653 -0.1558, 0.1291 0.0697 -0.1558, 0.1297 0.0742 -0.1558, 0.1299 0.0787 -0.1558, 0.1296 0.0833 -0.1603, 0.129 0.0877 -0.1603, 0.1281 0.0921 -0.1603, 0.1267 0.0965 -0.1603, 0.1249 0.1006 -0.1603, 0.1228 0.1046 -0.1603, 0.1203 0.1084 -0.1603, 0.1176 0.112 -0.1603, 0.1145 0.1153 -0.1603, 0.1111 0.1183 -0.1603, 0.1075 0.121 -0.1603, 0.1036 0.1234 -0.1603, 0.0996 0.1254 -0.1603, 0.0954 0.1271 -0.1603, 0.0911 0.1283 -0.1603, 0.0866 0.1292 -0.1603, 0.0821 0.1297 -0.1603, 0.0776 0.1298 -0.1603, 0.0731 0.1295 -0.1603, 0.0686 0.1288 -0.1603, 0.0642 0.1277 -0.1603, 0.06 0.1263 -0.1603, 0.0558 0.1244 -0.1603, 0.0519 0.1222 -0.1603, 0.0482 0.1197 -0.1603, 0.0447 0.1168 -0.1603, 0.0414 0.1137 -0.1603, 0.0385 0.1102 -0.1603, 0.0359 0.1065 -0.1603, 0.0336 0.1026 -0.1603, 0.0316 0.0986 -0.1603, 0.0301 0.0943 -0.1603, 0.0289 0.09 -0.1603, 0.0281 0.0855 -0.1603, 0.0277 0.081 -0.1603, 0.0277 0.0765 -0.1603, 0.0281 0.072 -0.1603, 0.0289 0.0675 -0.1603, 0.0301 0.0632 -0.1603, 0.0316 0.0589 -0.1603, 0.0336 0.0548 -0.1603, 0.0359 0.0509 -0.1603, 0.0385 0.0473 -0.1603, 0.0414 0.0438 -0.1603, 0.0447 0.0407 -0.1603, 0.0482 0.0378 -0.1603, 0.0519 0.0353 -0.1603, 0.0558 0.0331 -0.1603, 0.06 0.0312 -0.1603, 0.0642 0.0297 -0.1603, 0.0686 0.0286 -0.1603, 0.0731 0.0279 -0.1603, 0.0776 0.0277 -0.1603, 0.0821 0.0278 -0.1603, 0.0866 0.0282 -0.1603, 0.0911 0.0291 -0.1603, 0.0954 0.0304 -0.1603, 0.0996 0.0321 -0.1603, 0.1036 0.0341 -0.1603, 0.1075 0.0365 -0.1603, 0.1111 0.0392 -0.1603, 0.1145 0.0422 -0.1603, 0.1176 0.0455 -0.1603, 0.1203 0.0491 -0.1603, 0.1228 0.0529 -0.1603, 0.1249 0.0569 -0.1603, 0.1267 0.061 -0.1603, 0.1281 0.0653 -0.1603, 0.129 0.0697 -0.1603, 0.1296 0.0742 -0.1603, 0.1298 0.0787 -0.1603, 0.1292 0.0832 -0.1649, 0.1286 0.0877 -0.1649, 0.1276 0.092 -0.1649, 0.1262 0.0963 -0.1649, 0.1245 0.1004 -0.1649, 0.1224 0.1044 -0.1649, 0.12 0.1081 -0.1649, 0.1172 0.1117 -0.1649, 0.1142 0.1149 -0.1649, 0.1108 0.1179 -0.1649, 0.1072 0.1206 -0.1649, 0.1034 0.123 -0.1649, 0.0994 0.125 -0.1649, 0.0952 0.1266 -0.1649, 0.0909 0.1279 -0.1649, 0.0866 0.1288 -0.1649, 0.0821 0.1293 -0.1649, 0.0776 0.1294 -0.1649, 0.0731 0.1291 -0.1649, 0.0687 0.1284 -0.1649, 0.0644 0.1273 -0.1649, 0.0601 0.1258 -0.1649, 0.056 0.124 -0.1649, 0.0521 0.1218 -0.1649, 0.0484 0.1193 -0.1649, 0.045 0.1165 -0.1649, 0.0418 0.1133 -0.1649, 0.0388 0.1099 -0.1649, 0.0362 0.1063 -0.1649, 0.034 0.1024 -0.1649, 0.0321 0.0984 -0.1649, 0.0305 0.0942 -0.1649, 0.0293 0.0899 -0.1649, 0.0285 0.0854 -0.1649, 0.0281 0.081 -0.1649, 0.0281 0.0765 -0.1649, 0.0285 0.072 -0.1649, 0.0293 0.0676 -0.1649, 0.0305 0.0633 -0.1649, 0.0321 0.0591 -0.1649, 0.034 0.0551 -0.1649, 0.0362 0.0512 -0.1649, 0.0388 0.0475 -0.1649, 0.0418 0.0441 -0.1649, 0.045 0.041 -0.1649, 0.0484 0.0382 -0.1649, 0.0521 0.0356 -0.1649, 0.056 0.0335 -0.1649, 0.0601 0.0316 -0.1649, 0.0644 0.0302 -0.1649, 0.0687 0.0291 -0.1649, 0.0731 0.0284 -0.1649, 0.0776 0.0281 -0.1649, 0.0821 0.0282 -0.1649, 0.0866 0.0287 -0.1649, 0.0909 0.0296 -0.1649, 0.0952 0.0309 -0.1649, 0.0994 0.0325 -0.1649, 0.1034 0.0345 -0.1649, 0.1072 0.0369 -0.1649, 0.1108 0.0395 -0.1649, 0.1142 0.0425 -0.1649, 0.1172 0.0458 -0.1649, 0.12 0.0493 -0.1649, 0.1224 0.0531 -0.1649, 0.1245 0.0571 -0.1649, 0.1262 0.0612 -0.1649, 0.1276 0.0655 -0.1649, 0.1286 0.0698 -0.1649, 0.1292 0.0743 -0.1649, 0.1294 0.0787 -0.1649, 0.1283 0.0831 -0.1693, 0.1278 0.0875 -0.1693, 0.1268 0.0918 -0.1693, 0.1254 0.096 -0.1693, 0.1237 0.1001 -0.1693, 0.1217 0.104 -0.1693, 0.1193 0.1076 -0.1693, 0.1166 0.1111 -0.1693, 0.1136 0.1143 -0.1693, 0.1103 0.1173 -0.1693, 0.1067 0.1199 -0.1693, 0.103 0.1222 -0.1693, 0.0991 0.1242 -0.1693, 0.095 0.1258 -0.1693, 0.0907 0.1271 -0.1693, 0.0864 0.1279 -0.1693, 0.082 0.1284 -0.1693, 0.0776 0.1285 -0.1693, 0.0732 0.1282 -0.1693, 0.0689 0.1275 -0.1693, 0.0646 0.1265 -0.1693, 0.0605 0.125 -0.1693, 0.0564 0.1233 -0.1693, 0.0526 0.1211 -0.1693, 0.0489 0.1186 -0.1693, 0.0455 0.1158 -0.1693, 0.0424 0.1128 -0.1693, 0.0395 0.1094 -0.1693, 0.037 0.1058 -0.1693, 0.0347 0.102 -0.1693, 0.0328 0.098 -0.1693, 0.0313 0.0939 -0.1693, 0.0302 0.0897 -0.1693, 0.0294 0.0853 -0.1693, 0.029 0.0809 -0.1693, 0.029 0.0765 -0.1693, 0.0294 0.0722 -0.1693, 0.0302 0.0678 -0.1693, 0.0313 0.0636 -0.1693, 0.0328 0.0594 -0.1693, 0.0347 0.0555 -0.1693, 0.037 0.0517 -0.1693, 0.0395 0.0481 -0.1693, 0.0424 0.0447 -0.1693, 0.0455 0.0416 -0.1693, 0.0489 0.0389 -0.1693, 0.0526 0.0364 -0.1693, 0.0564 0.0342 -0.1693, 0.0605 0.0324 -0.1693, 0.0646 0.031 -0.1693, 0.0689 0.0299 -0.1693, 0.0732 0.0293 -0.1693, 0.0776 0.029 -0.1693, 0.082 0.0291 -0.1693, 0.0864 0.0295 -0.1693, 0.0907 0.0304 -0.1693, 0.095 0.0317 -0.1693, 0.0991 0.0333 -0.1693, 0.103 0.0353 -0.1693, 0.1067 0.0376 -0.1693, 0.1103 0.0402 -0.1693, 0.1136 0.0431 -0.1693, 0.1166 0.0464 -0.1693, 0.1193 0.0498 -0.1693, 0.1217 0.0535 -0.1693, 0.1237 0.0574 -0.1693, 0.1254 0.0615 -0.1693, 0.1268 0.0657 -0.1693, 0.1278 0.07 -0.1693, 0.1283 0.0743 -0.1693, 0.1285 0.0787 -0.1693, 0.1271 0.083 -0.1737, 0.1265 0.0873 -0.1737, 0.1256 0.0915 -0.1737, 0.1243 0.0956 -0.1737, 0.1226 0.0995 -0.1737, 0.1206 0.1033 -0.1737, 0.1183 0.1069 -0.1737, 0.1156 0.1103 -0.1737, 0.1127 0.1134 -0.1737, 0.1095 0.1163 -0.1737, 0.106 0.1189 -0.1737, 0.1024 0.1211 -0.1737, 0.0985 0.1231 -0.1737, 0.0946 0.1246 -0.1737, 0.0904 0.1258 -0.1737, 0.0862 0.1267 -0.1737, 0.082 0.1272 -0.1737, 0.0777 0.1273 -0.1737, 0.0734 0.127 -0.1737, 0.0691 0.1263 -0.1737, 0.065 0.1253 -0.1737, 0.0609 0.1239 -0.1737, 0.057 0.1221 -0.1737, 0.0532 0.12 -0.1737, 0.0497 0.1176 -0.1737, 0.0464 0.1149 -0.1737, 0.0433 0.1119 -0.1737, 0.0405 0.1086 -0.1737, 0.038 0.1051 -0.1737, 0.0358 0.1014 -0.1737, 0.034 0.0976 -0.1737, 0.0325 0.0935 -0.1737, 0.0314 0.0894 -0.1737, 0.0306 0.0852 -0.1737, 0.0302 0.0809 -0.1737, 0.0302 0.0766 -0.1737, 0.0306 0.0723 -0.1737, 0.0314 0.0681 -0.1737, 0.0325 0.0639 -0.1737, 0.034 0.0599 -0.1737, 0.0358 0.056 -0.1737, 0.038 0.0523 -0.1737, 0.0405 0.0488 -0.1737, 0.0433 0.0456 -0.1737, 0.0464 0.0426 -0.1737, 0.0497 0.0399 -0.1737, 0.0532 0.0374 -0.1737, 0.057 0.0353 -0.1737, 0.0609 0.0336 -0.1737, 0.065 0.0322 -0.1737, 0.0691 0.0312 -0.1737, 0.0734 0.0305 -0.1737, 0.0777 0.0302 -0.1737, 0.082 0.0303 -0.1737, 0.0862 0.0308 -0.1737, 0.0904 0.0316 -0.1737, 0.0946 0.0329 -0.1737, 0.0985 0.0344 -0.1737, 0.1024 0.0364 -0.1737, 0.106 0.0386 -0.1737, 0.1095 0.0412 -0.1737, 0.1127 0.044 -0.1737, 0.1156 0.0472 -0.1737, 0.1183 0.0506 -0.1737, 0.1206 0.0542 -0.1737, 0.1226 0.058 -0.1737, 0.1243 0.0619 -0.1737, 0.1256 0.066 -0.1737, 0.1265 0.0702 -0.1737, 0.1271 0.0745 -0.1737, 0.1273 0.0787 -0.1737, 0.1255 0.0829 -0.178, 0.1249 0.087 -0.178, 0.124 0.091 -0.178, 0.1227 0.095 -0.178, 0.1211 0.0988 -0.178, 0.1192 0.1025 -0.178, 0.1169 0.106 -0.178, 0.1144 0.1092 -0.178, 0.1115 0.1123 -0.178, 0.1084 0.115 -0.178, 0.1051 0.1175 -0.178, 0.1016 0.1197 -0.178, 0.0979 0.1216 -0.178, 0.094 0.1231 -0.178, 0.09 0.1243 -0.178, 0.086 0.1251 -0.178, 0.0819 0.1255 -0.178, 0.0777 0.1256 -0.178, 0.0736 0.1254 -0.178, 0.0695 0.1247 -0.178, 0.0654 0.1237 -0.178, 0.0615 0.1224 -0.178, 0.0577 0.1207 -0.178, 0.0541 0.1186 -0.178, 0.0507 0.1163 -0.178, 0.0475 0.1137 -0.178, 0.0445 0.1108 -0.178, 0.0418 0.1076 -0.178, 0.0394 0.1043 -0.178, 0.0373 0.1007 -0.178, 0.0355 0.0969 -0.178, 0.0341 0.093 -0.178, 0.033 0.089 -0.178, 0.0323 0.0849 -0.178, 0.0319 0.0808 -0.178, 0.0319 0.0767 -0.178, 0.0323 0.0725 -0.178, 0.033 0.0684 -0.178, 0.0341 0.0644 -0.178, 0.0355 0.0606 -0.178, 0.0373 0.0568 -0.178, 0.0394 0.0532 -0.178, 0.0418 0.0498 -0.178, 0.0445 0.0467 -0.178, 0.0475 0.0438 -0.178, 0.0507 0.0412 -0.178, 0.0541 0.0388 -0.178, 0.0577 0.0368 -0.178, 0.0615 0.0351 -0.178, 0.0654 0.0338 -0.178, 0.0695 0.0328 -0.178, 0.0736 0.0321 -0.178, 0.0777 0.0319 -0.178, 0.0819 0.0319 -0.178, 0.086 0.0324 -0.178, 0.09 0.0332 -0.178, 0.094 0.0344 -0.178, 0.0979 0.0359 -0.178, 0.1016 0.0378 -0.178, 0.1051 0.04 -0.178, 0.1084 0.0424 -0.178, 0.1115 0.0452 -0.178, 0.1144 0.0482 -0.178, 0.1169 0.0515 -0.178, 0.1192 0.055 -0.178, 0.1211 0.0587 -0.178, 0.1227 0.0625 -0.178, 0.124 0.0664 -0.178, 0.1249 0.0705 -0.178, 0.1255 0.0746 -0.178, 0.1256 0.0787 -0.178, 0.1235 0.0827 -0.1821, 0.1229 0.0866 -0.1821, 0.1221 0.0905 -0.1821, 0.1208 0.0943 -0.1821, 0.1193 0.098 -0.1821, 0.1174 0.1015 -0.1821, 0.1153 0.1048 -0.1821, 0.1128 0.1079 -0.1821, 0.1101 0.1108 -0.1821, 0.1072 0.1135 -0.1821, 0.104 0.1159 -0.1821, 0.1006 0.1179 -0.1821, 0.0971 0.1197 -0.1821, 0.0934 0.1212 -0.1821, 0.0896 0.1223 -0.1821, 0.0857 0.1231 -0.1821, 0.0817 0.1235 -0.1821, 0.0777 0.1236 -0.1821, 0.0738 0.1234 -0.1821, 0.0699 0.1227 -0.1821, 0.066 0.1218 -0.1821, 0.0623 0.1205 -0.1821, 0.0586 0.1189 -0.1821, 0.0552 0.1169 -0.1821, 0.0519 0.1147 -0.1821, 0.0488 0.1122 -0.1821, 0.046 0.1094 -0.1821, 0.0434 0.1064 -0.1821, 0.0411 0.1032 -0.1821, 0.0391 0.0997 -0.1821, 0.0374 0.0961 -0.1821, 0.036 0.0924 -0.1821, 0.0349 0.0886 -0.1821, 0.0342 0.0847 -0.1821, 0.0339 0.0807 -0.1821, 0.0339 0.0768 -0.1821, 0.0342 0.0728 -0.1821, 0.0349 0.0689 -0.1821, 0.036 0.0651 -0.1821, 0.0374 0.0613 -0.1821, 0.0391 0.0577 -0.1821, 0.0411 0.0543 -0.1821, 0.0434 0.0511 -0.1821, 0.046 0.0481 -0.1821, 0.0488 0.0453 -0.1821, 0.0519 0.0428 -0.1821, 0.0552 0.0405 -0.1821, 0.0586 0.0386 -0.1821, 0.0623 0.037 -0.1821, 0.066 0.0357 -0.1821, 0.0699 0.0347 -0.1821, 0.0738 0.0341 -0.1821, 0.0777 0.0339 -0.1821, 0.0817 0.034 -0.1821, 0.0857 0.0344 -0.1821, 0.0896 0.0352 -0.1821, 0.0934 0.0363 -0.1821, 0.0971 0.0378 -0.1821, 0.1006 0.0395 -0.1821, 0.104 0.0416 -0.1821, 0.1072 0.044 -0.1821, 0.1101 0.0466 -0.1821, 0.1128 0.0495 -0.1821, 0.1153 0.0527 -0.1821, 0.1174 0.056 -0.1821, 0.1193 0.0595 -0.1821, 0.1208 0.0632 -0.1821, 0.1221 0.067 -0.1821, 0.1229 0.0708 -0.1821, 0.1235 0.0748 -0.1821, 0.1236 0.0787 -0.1821, 0.1211 0.0825 -0.186, 0.1206 0.0862 -0.186, 0.1198 0.0899 -0.186, 0.1186 0.0935 -0.186, 0.1172 0.0969 -0.186, 0.1154 0.1003 -0.186, 0.1134 0.1034 -0.186, 0.111 0.1064 -0.186, 0.1085 0.1091 -0.186, 0.1057 0.1116 -0.186, 0.1027 0.1139 -0.186, 0.0995 0.1159 -0.186, 0.0961 0.1176 -0.186, 0.0926 0.1189 -0.186, 0.089 0.12 -0.186, 0.0853 0.1208 -0.186, 0.0816 0.1212 -0.186, 0.0778 0.1213 -0.186, 0.074 0.121 -0.186, 0.0703 0.1204 -0.186, 0.0667 0.1195 -0.186, 0.0631 0.1183 -0.186, 0.0597 0.1168 -0.186, 0.0564 0.1149 -0.186, 0.0533 0.1128 -0.186, 0.0504 0.1104 -0.186, 0.0477 0.1078 -0.186, 0.0452 0.1049 -0.186, 0.0431 0.1019 -0.186, 0.0412 0.0986 -0.186, 0.0395 0.0952 -0.186, 0.0382 0.0917 -0.186, 0.0373 0.0881 -0.186, 0.0366 0.0844 -0.186, 0.0363 0.0806 -0.186, 0.0363 0.0769 -0.186, 0.0366 0.0731 -0.186, 0.0373 0.0694 -0.186, 0.0382 0.0658 -0.186, 0.0395 0.0623 -0.186, 0.0412 0.0589 -0.186, 0.0431 0.0556 -0.186, 0.0452 0.0525 -0.186, 0.0477 0.0497 -0.186, 0.0504 0.0471 -0.186, 0.0533 0.0447 -0.186, 0.0564 0.0426 -0.186, 0.0597 0.0407 -0.186, 0.0631 0.0392 -0.186, 0.0667 0.038 -0.186, 0.0703 0.0371 -0.186, 0.074 0.0365 -0.186, 0.0778 0.0362 -0.186, 0.0816 0.0363 -0.186, 0.0853 0.0367 -0.186, 0.089 0.0375 -0.186, 0.0926 0.0385 -0.186, 0.0961 0.0399 -0.186, 0.0995 0.0416 -0.186, 0.1027 0.0436 -0.186, 0.1057 0.0458 -0.186, 0.1085 0.0483 -0.186, 0.111 0.0511 -0.186, 0.1134 0.0541 -0.186, 0.1154 0.0572 -0.186, 0.1172 0.0605 -0.186, 0.1186 0.064 -0.186, 0.1198 0.0676 -0.186, 0.1206 0.0713 -0.186, 0.1211 0.075 -0.186, 0.1213 0.0787 -0.186, 0.1184 0.0823 -0.1896, 0.1179 0.0858 -0.1896, 0.1172 0.0892 -0.1896, 0.1161 0.0925 -0.1896, 0.1147 0.0958 -0.1896, 0.1131 0.0989 -0.1896, 0.1112 0.1019 -0.1896, 0.109 0.1046 -0.1896, 0.1066 0.1072 -0.1896, 0.104 0.1096 -0.1896, 0.1011 0.1117 -0.1896, 0.0981 0.1135 -0.1896, 0.095 0.1151 -0.1896, 0.0917 0.1164 -0.1896, 0.0883 0.1174 -0.1896, 0.0849 0.1181 -0.1896, 0.0814 0.1185 -0.1896, 0.0779 0.1185 -0.1896, 0.0743 0.1183 -0.1896, 0.0709 0.1178 -0.1896, 0.0674 0.1169 -0.1896, 0.0641 0.1158 -0.1896, 0.0609 0.1143 -0.1896, 0.0578 0.1126 -0.1896, 0.0549 0.1106 -0.1896, 0.0522 0.1084 -0.1896, 0.0497 0.1059 -0.1896, 0.0474 0.1033 -0.1896, 0.0453 0.1004 -0.1896, 0.0435 0.0974 -0.1896, 0.042 0.0942 -0.1896, 0.0408 0.0909 -0.1896, 0.0399 0.0875 -0.1896, 0.0393 0.084 -0.1896, 0.039 0.0805 -0.1896, 0.039 0.077 -0.1896, 0.0393 0.0735 -0.1896, 0.0399 0.07 -0.1896, 0.0408 0.0666 -0.1896, 0.042 0.0633 -0.1896, 0.0435 0.0601 -0.1896, 0.0453 0.0571 -0.1896, 0.0474 0.0542 -0.1896, 0.0497 0.0515 -0.1896, 0.0522 0.0491 -0.1896, 0.0549 0.0468 -0.1896, 0.0578 0.0449 -0.1896, 0.0609 0.0431 -0.1896, 0.0641 0.0417 -0.1896, 0.0674 0.0406 -0.1896, 0.0709 0.0397 -0.1896, 0.0743 0.0392 -0.1896, 0.0779 0.0389 -0.1896, 0.0814 0.039 -0.1896, 0.0849 0.0394 -0.1896, 0.0883 0.0401 -0.1896, 0.0917 0.0411 -0.1896, 0.095 0.0424 -0.1896, 0.0981 0.044 -0.1896, 0.1011 0.0458 -0.1896, 0.104 0.0479 -0.1896, 0.1066 0.0503 -0.1896, 0.109 0.0528 -0.1896, 0.1112 0.0556 -0.1896, 0.1131 0.0586 -0.1896, 0.1147 0.0617 -0.1896, 0.1161 0.0649 -0.1896, 0.1172 0.0683 -0.1896, 0.1179 0.0717 -0.1896, 0.1184 0.0752 -0.1896, 0.1186 0.0787 -0.1896, 0.1154 0.082 -0.1931, 0.115 0.0852 -0.1931, 0.1142 0.0884 -0.1931, 0.1133 0.0915 -0.1931, 0.112 0.0945 -0.1931, 0.1105 0.0974 -0.1931, 0.1087 0.1001 -0.1931, 0.1067 0.1027 -0.1931, 0.1045 0.105 -0.1931, 0.102 0.1072 -0.1931, 0.0994 0.1092 -0.1931, 0.0967 0.1109 -0.1931, 0.0938 0.1123 -0.1931, 0.0907 0.1135 -0.1931, 0.0876 0.1145 -0.1931, 0.0844 0.1151 -0.1931, 0.0812 0.1155 -0.1931, 0.0779 0.1155 -0.1931, 0.0747 0.1153 -0.1931, 0.0715 0.1148 -0.1931, 0.0683 0.114 -0.1931, 0.0652 0.113 -0.1931, 0.0623 0.1116 -0.1931, 0.0594 0.1101 -0.1931, 0.0567 0.1082 -0.1931, 0.0542 0.1062 -0.1931, 0.0519 0.1039 -0.1931, 0.0498 0.1014 -0.1931, 0.0479 0.0988 -0.1931, 0.0462 0.096 -0.1931, 0.0448 0.093 -0.1931, 0.0437 0.09 -0.1931, 0.0428 0.0868 -0.1931, 0.0423 0.0836 -0.1931, 0.042 0.0804 -0.1931, 0.042 0.0771 -0.1931, 0.0423 0.0739 -0.1931, 0.0428 0.0707 -0.1931, 0.0437 0.0675 -0.1931, 0.0448 0.0645 -0.1931, 0.0462 0.0615 -0.1931, 0.0479 0.0587 -0.1931, 0.0498 0.0561 -0.1931, 0.0519 0.0536 -0.1931, 0.0542 0.0513 -0.1931, 0.0567 0.0493 -0.1931, 0.0594 0.0474 -0.1931, 0.0623 0.0458 -0.1931, 0.0652 0.0445 -0.1931, 0.0683 0.0435 -0.1931, 0.0715 0.0427 -0.1931, 0.0747 0.0422 -0.1931, 0.0779 0.042 -0.1931, 0.0812 0.042 -0.1931, 0.0844 0.0424 -0.1931, 0.0876 0.043 -0.1931, 0.0907 0.044 -0.1931, 0.0938 0.0451 -0.1931, 0.0967 0.0466 -0.1931, 0.0994 0.0483 -0.1931, 0.102 0.0503 -0.1931, 0.1045 0.0524 -0.1931, 0.1067 0.0548 -0.1931, 0.1087 0.0574 -0.1931, 0.1105 0.0601 -0.1931, 0.112 0.063 -0.1931, 0.1133 0.066 -0.1931, 0.1142 0.0691 -0.1931, 0.115 0.0723 -0.1931, 0.1154 0.0755 -0.1931, 0.1155 0.0787 -0.1931, 0.1121 0.0817 -0.1962, 0.1117 0.0846 -0.1962, 0.1111 0.0875 -0.1962, 0.1101 0.0903 -0.1962, 0.109 0.0931 -0.1962, 0.1076 0.0957 -0.1962, 0.106 0.0982 -0.1962, 0.1042 0.1005 -0.1962, 0.1022 0.1027 -0.1962, 0.0999 0.1047 -0.1962, 0.0976 0.1064 -0.1962, 0.0951 0.108 -0.1962, 0.0924 0.1093 -0.1962, 0.0896 0.1104 -0.1962, 0.0868 0.1112 -0.1962, 0.0839 0.1118 -0.1962, 0.081 0.1121 -0.1962, 0.078 0.1122 -0.1962, 0.075 0.112 -0.1962, 0.0721 0.1116 -0.1962, 0.0692 0.1108 -0.1962, 0.0664 0.1099 -0.1962, 0.0637 0.1087 -0.1962, 0.0612 0.1072 -0.1962, 0.0587 0.1056 -0.1962, 0.0564 0.1037 -0.1962, 0.0543 0.1016 -0.1962, 0.0524 0.0994 -0.1962, 0.0506 0.097 -0.1962, 0.0491 0.0944 -0.1962, 0.0479 0.0917 -0.1962, 0.0469 0.0889 -0.1962, 0.0461 0.0861 -0.1962, 0.0456 0.0832 -0.1962, 0.0453 0.0802 -0.1962, 0.0453 0.0773 -0.1962, 0.0456 0.0743 -0.1962, 0.0461 0.0714 -0.1962, 0.0469 0.0685 -0.1962, 0.0479 0.0658 -0.1962, 0.0491 0.0631 -0.1962, 0.0506 0.0605 -0.1962, 0.0524 0.0581 -0.1962, 0.0543 0.0559 -0.1962, 0.0564 0.0538 -0.1962, 0.0587 0.0519 -0.1962, 0.0612 0.0502 -0.1962, 0.0637 0.0488 -0.1962, 0.0664 0.0476 -0.1962, 0.0692 0.0466 -0.1962, 0.0721 0.0459 -0.1962, 0.075 0.0455 -0.1962, 0.078 0.0453 -0.1962, 0.081 0.0453 -0.1962, 0.0839 0.0457 -0.1962, 0.0868 0.0462 -0.1962, 0.0896 0.0471 -0.1962, 0.0924 0.0482 -0.1962, 0.0951 0.0495 -0.1962, 0.0976 0.0511 -0.1962, 0.0999 0.0528 -0.1962, 0.1022 0.0548 -0.1962, 0.1042 0.057 -0.1962, 0.106 0.0593 -0.1962, 0.1076 0.0618 -0.1962, 0.109 0.0644 -0.1962, 0.1101 0.0671 -0.1962, 0.1111 0.07 -0.1962, 0.1117 0.0728 -0.1962, 0.1121 0.0758 -0.1962, 0.1122 0.0787 -0.1962, 0.1085 0.0814 -0.199, 0.1082 0.084 -0.199, 0.1076 0.0866 -0.199, 0.1068 0.0891 -0.199, 0.1058 0.0915 -0.199, 0.1045 0.0939 -0.199, 0.1031 0.0961 -0.199, 0.1015 0.0982 -0.199, 0.0997 0.1001 -0.199, 0.0977 0.1019 -0.199, 0.0956 0.1035 -0.199, 0.0933 0.1049 -0.199, 0.0909 0.106 -0.199, 0.0885 0.107 -0.199, 0.0859 0.1078 -0.199, 0.0834 0.1083 -0.199, 0.0807 0.1086 -0.199, 0.0781 0.1086 -0.199, 0.0754 0.1085 -0.199, 0.0728 0.1081 -0.199, 0.0703 0.1074 -0.199, 0.0678 0.1066 -0.199, 0.0653 0.1055 -0.199, 0.063 0.1042 -0.199, 0.0608 0.1027 -0.199, 0.0588 0.101 -0.199, 0.0569 0.0992 -0.199, 0.0552 0.0972 -0.199, 0.0536 0.095 -0.199, 0.0523 0.0927 -0.199, 0.0512 0.0903 -0.199, 0.0503 0.0879 -0.199, 0.0496 0.0853 -0.199, 0.0491 0.0827 -0.199, 0.0489 0.0801 -0.199, 0.0489 0.0774 -0.199, 0.0491 0.0748 -0.199, 0.0496 0.0722 -0.199, 0.0503 0.0696 -0.199, 0.0512 0.0671 -0.199, 0.0523 0.0648 -0.199, 0.0536 0.0625 -0.199, 0.0552 0.0603 -0.199, 0.0569 0.0583 -0.199, 0.0588 0.0565 -0.199, 0.0608 0.0548 -0.199, 0.063 0.0533 -0.199, 0.0653 0.052 -0.199, 0.0678 0.0509 -0.199, 0.0703 0.0501 -0.199, 0.0728 0.0494 -0.199, 0.0754 0.049 -0.199, 0.0781 0.0488 -0.199, 0.0807 0.0489 -0.199, 0.0834 0.0492 -0.199, 0.0859 0.0497 -0.199, 0.0885 0.0505 -0.199, 0.0909 0.0514 -0.199, 0.0933 0.0526 -0.199, 0.0956 0.054 -0.199, 0.0977 0.0556 -0.199, 0.0997 0.0574 -0.199, 0.1015 0.0593 -0.199, 0.1031 0.0614 -0.199, 0.1045 0.0636 -0.199, 0.1058 0.0659 -0.199, 0.1068 0.0684 -0.199, 0.1076 0.0709 -0.199, 0.1082 0.0735 -0.199, 0.1085 0.0761 -0.199, 0.1086 0.0787 -0.199, 0.1047 0.081 -0.2015, 0.1044 0.0833 -0.2015, 0.1039 0.0856 -0.2015, 0.1032 0.0878 -0.2015, 0.1023 0.0899 -0.2015, 0.1012 0.092 -0.2015, 0.1 0.0939 -0.2015, 0.0986 0.0957 -0.2015, 0.097 0.0974 -0.2015, 0.0953 0.0989 -0.2015, 0.0934 0.1003 -0.2015, 0.0914 0.1015 -0.2015, 0.0894 0.1026 -0.2015, 0.0872 0.1034 -0.2015, 0.085 0.1041 -0.2015, 0.0828 0.1045 -0.2015, 0.0805 0.1048 -0.2015, 0.0782 0.1048 -0.2015, 0.0759 0.1047 -0.2015, 0.0736 0.1043 -0.2015, 0.0713 0.1038 -0.2015, 0.0692 0.103 -0.2015, 0.0671 0.1021 -0.2015, 0.065 0.1009 -0.2015, 0.0631 0.0996 -0.2015, 0.0613 0.0982 -0.2015, 0.0597 0.0966 -0.2015, 0.0582 0.0948 -0.2015, 0.0569 0.0929 -0.2015, 0.0557 0.0909 -0.2015, 0.0547 0.0889 -0.2015, 0.0539 0.0867 -0.2015, 0.0533 0.0845 -0.2015, 0.0529 0.0822 -0.2015, 0.0527 0.0799 -0.2015, 0.0527 0.0776 -0.2015, 0.0529 0.0753 -0.2015, 0.0533 0.073 -0.2015, 0.0539 0.0708 -0.2015, 0.0547 0.0686 -0.2015, 0.0557 0.0665 -0.2015, 0.0569 0.0645 -0.2015, 0.0582 0.0627 -0.2015, 0.0597 0.0609 -0.2015, 0.0613 0.0593 -0.2015, 0.0631 0.0578 -0.2015, 0.065 0.0565 -0.2015, 0.0671 0.0554 -0.2015, 0.0692 0.0545 -0.2015, 0.0713 0.0537 -0.2015, 0.0736 0.0532 -0.2015, 0.0759 0.0528 -0.2015, 0.0782 0.0527 -0.2015, 0.0805 0.0527 -0.2015, 0.0828 0.053 -0.2015, 0.085 0.0534 -0.2015, 0.0872 0.0541 -0.2015, 0.0894 0.0549 -0.2015, 0.0914 0.056 -0.2015, 0.0934 0.0572 -0.2015, 0.0953 0.0586 -0.2015, 0.097 0.0601 -0.2015, 0.0986 0.0618 -0.2015, 0.1 0.0636 -0.2015, 0.1012 0.0655 -0.2015, 0.1023 0.0676 -0.2015, 0.1032 0.0697 -0.2015, 0.1039 0.0719 -0.2015, 0.1044 0.0741 -0.2015, 0.1047 0.0764 -0.2015, 0.1048 0.0787 -0.2015, 0.1007 0.0807 -0.2037, 0.1005 0.0826 -0.2037, 0.1 0.0845 -0.2037, 0.0994 0.0864 -0.2037, 0.0987 0.0882 -0.2037, 0.0978 0.0899 -0.2037, 0.0967 0.0916 -0.2037, 0.0955 0.0931 -0.2037, 0.0942 0.0945 -0.2037, 0.0927 0.0958 -0.2037, 0.0911 0.097 -0.2037, 0.0895 0.098 -0.2037, 0.0877 0.0989 -0.2037, 0.0859 0.0996 -0.2037, 0.0841 0.1002 -0.2037, 0.0821 0.1005 -0.2037, 0.0802 0.1008 -0.2037, 0.0783 0.1008 -0.2037, 0.0763 0.1007 -0.2037, 0.0744 0.1004 -0.2037, 0.0725 0.0999 -0.2037, 0.0706 0.0993 -0.2037, 0.0689 0.0985 -0.2037, 0.0671 0.0975 -0.2037, 0.0655 0.0964 -0.2037, 0.064 0.0952 -0.2037, 0.0626 0.0938 -0.2037, 0.0614 0.0923 -0.2037, 0.0602 0.0907 -0.2037, 0.0592 0.0891 -0.2037, 0.0584 0.0873 -0.2037, 0.0577 0.0855 -0.2037, 0.0572 0.0836 -0.2037, 0.0569 0.0817 -0.2037, 0.0567 0.0797 -0.2037, 0.0567 0.0778 -0.2037, 0.0569 0.0758 -0.2037, 0.0572 0.0739 -0.2037, 0.0577 0.072 -0.2037, 0.0584 0.0702 -0.2037, 0.0592 0.0684 -0.2037, 0.0602 0.0667 -0.2037, 0.0614 0.0651 -0.2037, 0.0626 0.0637 -0.2037, 0.064 0.0623 -0.2037, 0.0655 0.0611 -0.2037, 0.0671 0.06 -0.2037, 0.0689 0.059 -0.2037, 0.0706 0.0582 -0.2037, 0.0725 0.0576 -0.2037, 0.0744 0.0571 -0.2037, 0.0763 0.0568 -0.2037, 0.0783 0.0567 -0.2037, 0.0802 0.0567 -0.2037, 0.0821 0.0569 -0.2037, 0.0841 0.0573 -0.2037, 0.0859 0.0579 -0.2037, 0.0877 0.0586 -0.2037, 0.0895 0.0595 -0.2037, 0.0911 0.0605 -0.2037, 0.0927 0.0617 -0.2037, 0.0942 0.063 -0.2037, 0.0955 0.0644 -0.2037, 0.0967 0.0659 -0.2037, 0.0978 0.0676 -0.2037, 0.0987 0.0693 -0.2037, 0.0994 0.0711 -0.2037, 0.1 0.073 -0.2037, 0.1005 0.0749 -0.2037, 0.1007 0.0768 -0.2037, 0.1008 0.0787 -0.2037, 0.0965 0.0803 -0.2054, 0.0963 0.0819 -0.2054, 0.096 0.0834 -0.2054, 0.0955 0.0849 -0.2054, 0.0949 0.0864 -0.2054, 0.0941 0.0878 -0.2054, 0.0933 0.0891 -0.2054, 0.0923 0.0904 -0.2054, 0.0912 0.0915 -0.2054, 0.0901 0.0926 -0.2054, 0.0888 0.0935 -0.2054, 0.0874 0.0943 -0.2054, 0.086 0.095 -0.2054, 0.0846 0.0956 -0.2054, 0.083 0.0961 -0.2054, 0.0815 0.0964 -0.2054, 0.0799 0.0966 -0.2054, 0.0783 0.0966 -0.2054, 0.0768 0.0965 -0.2054, 0.0752 0.0963 -0.2054, 0.0737 0.0959 -0.2054, 0.0722 0.0954 -0.2054, 0.0707 0.0947 -0.2054, 0.0694 0.0939 -0.2054, 0.068 0.0931 -0.2054, 0.0668 0.0921 -0.2054, 0.0657 0.0909 -0.2054, 0.0647 0.0897 -0.2054, 0.0638 0.0885 -0.2054, 0.0629 0.0871 -0.2054, 0.0623 0.0857 -0.2054, 0.0617 0.0842 -0.2054, 0.0613 0.0827 -0.2054, 0.061 0.0811 -0.2054, 0.0609 0.0795 -0.2054, 0.0609 0.078 -0.2054, 0.061 0.0764 -0.2054, 0.0613 0.0748 -0.2054, 0.0617 0.0733 -0.2054, 0.0623 0.0718 -0.2054, 0.0629 0.0704 -0.2054, 0.0638 0.069 -0.2054, 0.0647 0.0677 -0.2054, 0.0657 0.0665 -0.2054, 0.0668 0.0654 -0.2054, 0.068 0.0644 -0.2054, 0.0694 0.0635 -0.2054, 0.0707 0.0628 -0.2054, 0.0722 0.0621 -0.2054, 0.0737 0.0616 -0.2054, 0.0752 0.0612 -0.2054, 0.0768 0.061 -0.2054, 0.0783 0.0609 -0.2054, 0.0799 0.0609 -0.2054, 0.0815 0.0611 -0.2054, 0.083 0.0614 -0.2054, 0.0846 0.0618 -0.2054, 0.086 0.0624 -0.2054, 0.0874 0.0631 -0.2054, 0.0888 0.064 -0.2054, 0.0901 0.0649 -0.2054, 0.0912 0.066 -0.2054, 0.0923 0.0671 -0.2054, 0.0933 0.0684 -0.2054, 0.0941 0.0697 -0.2054, 0.0949 0.0711 -0.2054, 0.0955 0.0725 -0.2054, 0.096 0.0741 -0.2054, 0.0963 0.0756 -0.2054, 0.0965 0.0772 -0.2054, 0.0966 0.0787 -0.2054, 0.0922 0.0799 -0.2068, 0.0921 0.0811 -0.2068, 0.0918 0.0823 -0.2068, 0.0914 0.0834 -0.2068, 0.091 0.0845 -0.2068, 0.0904 0.0856 -0.2068, 0.0898 0.0866 -0.2068, 0.089 0.0875 -0.2068, 0.0882 0.0884 -0.2068, 0.0873 0.0892 -0.2068, 0.0863 0.0899 -0.2068, 0.0853 0.0906 -0.2068, 0.0843 0.0911 -0.2068, 0.0831 0.0915 -0.2068, 0.082 0.0919 -0.2068, 0.0808 0.0921 -0.2068, 0.0796 0.0922 -0.2068, 0.0784 0.0923 -0.2068, 0.0772 0.0922 -0.2068, 0.0761 0.092 -0.2068, 0.0749 0.0917 -0.2068, 0.0738 0.0913 -0.2068, 0.0727 0.0908 -0.2068, 0.0716 0.0902 -0.2068, 0.0706 0.0896 -0.2068, 0.0697 0.0888 -0.2068, 0.0689 0.088 -0.2068, 0.0681 0.0871 -0.2068, 0.0674 0.0861 -0.2068, 0.0668 0.0851 -0.2068, 0.0663 0.084 -0.2068, 0.0659 0.0829 -0.2068, 0.0655 0.0817 -0.2068, 0.0653 0.0805 -0.2068, 0.0652 0.0793 -0.2068, 0.0652 0.0781 -0.2068, 0.0653 0.0769 -0.2068, 0.0655 0.0758 -0.2068, 0.0659 0.0746 -0.2068, 0.0663 0.0735 -0.2068, 0.0668 0.0724 -0.2068, 0.0674 0.0714 -0.2068, 0.0681 0.0704 -0.2068, 0.0689 0.0695 -0.2068, 0.0697 0.0687 -0.2068, 0.0706 0.0679 -0.2068, 0.0716 0.0672 -0.2068, 0.0727 0.0666 -0.2068, 0.0738 0.0662 -0.2068, 0.0749 0.0658 -0.2068, 0.0761 0.0655 -0.2068, 0.0772 0.0653 -0.2068, 0.0784 0.0652 -0.2068, 0.0796 0.0652 -0.2068, 0.0808 0.0654 -0.2068, 0.082 0.0656 -0.2068, 0.0831 0.066 -0.2068, 0.0843 0.0664 -0.2068, 0.0853 0.0669 -0.2068, 0.0863 0.0676 -0.2068, 0.0873 0.0683 -0.2068, 0.0882 0.0691 -0.2068, 0.089 0.0699 -0.2068, 0.0898 0.0709 -0.2068, 0.0904 0.0719 -0.2068, 0.091 0.0729 -0.2068, 0.0914 0.0741 -0.2068, 0.0918 0.0752 -0.2068, 0.0921 0.0764 -0.2068, 0.0922 0.0775 -0.2068, 0.0923 0.0787 -0.2068, 0.0878 0.0795 -0.2079, 0.0877 0.0803 -0.2079, 0.0875 0.0811 -0.2079, 0.0873 0.0819 -0.2079, 0.0869 0.0826 -0.2079, 0.0866 0.0833 -0.2079, 0.0861 0.084 -0.2079, 0.0856 0.0846 -0.2079, 0.0851 0.0852 -0.2079, 0.0845 0.0858 -0.2079, 0.0838 0.0862 -0.2079, 0.0832 0.0867 -0.2079, 0.0824 0.087 -0.2079, 0.0817 0.0873 -0.2079, 0.0809 0.0875 -0.2079, 0.0801 0.0877 -0.2079, 0.0793 0.0878 -0.2079, 0.0785 0.0878 -0.2079, 0.0777 0.0878 -0.2079, 0.0769 0.0876 -0.2079, 0.0762 0.0874 -0.2079, 0.0754 0.0872 -0.2079, 0.0747 0.0869 -0.2079, 0.074 0.0865 -0.2079, 0.0733 0.086 -0.2079, 0.0727 0.0855 -0.2079, 0.0721 0.0849 -0.2079, 0.0716 0.0843 -0.2079, 0.0711 0.0837 -0.2079, 0.0707 0.083 -0.2079, 0.0704 0.0823 -0.2079, 0.0701 0.0815 -0.2079, 0.0699 0.0807 -0.2079, 0.0697 0.0799 -0.2079, 0.0697 0.0791 -0.2079, 0.0697 0.0783 -0.2079, 0.0697 0.0775 -0.2079, 0.0699 0.0767 -0.2079, 0.0701 0.076 -0.2079, 0.0704 0.0752 -0.2079, 0.0707 0.0745 -0.2079, 0.0711 0.0738 -0.2079, 0.0716 0.0731 -0.2079, 0.0721 0.0725 -0.2079, 0.0727 0.072 -0.2079, 0.0733 0.0715 -0.2079, 0.074 0.071 -0.2079, 0.0747 0.0706 -0.2079, 0.0754 0.0703 -0.2079, 0.0762 0.07 -0.2079, 0.0769 0.0698 -0.2079, 0.0777 0.0697 -0.2079, 0.0785 0.0697 -0.2079, 0.0793 0.0697 -0.2079, 0.0801 0.0698 -0.2079, 0.0809 0.0699 -0.2079, 0.0817 0.0702 -0.2079, 0.0824 0.0705 -0.2079, 0.0832 0.0708 -0.2079, 0.0838 0.0712 -0.2079, 0.0845 0.0717 -0.2079, 0.0851 0.0723 -0.2079, 0.0856 0.0728 -0.2079, 0.0861 0.0735 -0.2079, 0.0866 0.0741 -0.2079, 0.0869 0.0749 -0.2079, 0.0873 0.0756 -0.2079, 0.0875 0.0764 -0.2079, 0.0877 0.0771 -0.2079, 0.0878 0.0779 -0.2079, 0.0878 0.0787 -0.2079, 0.0787 0.0787 -0.1299, 0.0787 0.0787 -0.1299
            ]
        }
        coordIndex [
            0,1,2,-1,0,2,3,-1,4,3,2,-1,5,4,2,-1,6,5,2,-1,7,6,2,-1,8,7,2,-1,9,8,2,-1,10,9,2,-1,11,10,2,-1,12,11,2,-1,13,12,2,-1,14,13,2,-1,15,14,2,-1,16,15,2,-1,17,16,2,-1,18,17,2,-1,19,18,2,-1,20,19,2,-1,21,20,2,-1,22,21,2,-1,23,22,2,-1,24,23,2,-1,25,24,2,-1,26,25,2,-1,27,26,2,-1,28,27,2,-1,29,28,2,-1,30,29,2,-1,31,30,2,-1,32,31,2,-1,33,32,2,-1,34,33,2,-1,35,34,2,-1,36,35,2,-1,37,36,2,-1,38,37,2,-1,39,38,2,-1,40,39,2,-1,41,40,2,-1,42,41,2,-1,43,42,2,-1,44,43,2,-1,45,44,2,-1,46,45,2,-1,47,46,2,-1,48,47,2,-1,49,48,2,-1,50,49,2,-1,51,50,2,-1,52,51,2,-1,53,52,2,-1,54,53,2,-1,55,54,2,-1,56,55,2,-1,57,56,2,-1,58,57,2,-1,59,58,2,-1,60,59,2,-1,61,60,2,-1,62,61,2,-1,63,62,2,-1,64,63,2,-1,65,64,2,-1,66,65,2,-1,67,66,2,-1,68,67,2,-1,69,68,2,-1,70,69,2,-1,71,70,2,-1,1,71,2,-1,72,73,74,-1,74,73,75,-1,74,75,76,-1,76,75,77,-1,76,77,78,-1,78,77,79,-1,78,79,80,-1,80,79,81,-1,80,81,82,-1,82,81,83,-1,82,83,84,-1,84,83,85,-1,84,85,86,-1,86,85,87,-1,86,87,88,-1,88,87,89,-1,88,89,90,-1,90,89,91,-1,90,91,92,-1,92,91,93,-1,92,93,94,-1,94,93,95,-1,94,95,96,-1,96,95,97,-1,96,97,98,-1,98,97,99,-1,98,99,100,-1,100,99,101,-1,100,101,102,-1,102,101,103,-1,102,103,104,-1,104,103,105,-1,104,105,106,-1,106,105,107,-1,106,107,108,-1,108,107,109,-1,108,109,110,-1,110,109,111,-1,110,111,112,-1,112,111,113,-1,112,113,114,-1,114,113,115,-1,114,115,116,-1,116,115,117,-1,116,117,118,-1,118,117,119,-1,118,119,120,-1,120,119,121,-1,120,121,122,-1,122,121,123,-1,122,123,124,-1,124,123,125,-1,124,125,126,-1,126,125,127,-1,126,127,128,-1,128,127,129,-1,128,129,130,-1,130,129,131,-1,130,131,132,-1,132,131,133,-1,132,133,134,-1,134,133,135,-1,134,135,136,-1,136,135,137,-1,136,137,138,-1,138,137,139,-1,138,139,140,-1,140,139,141,-1,140,141,142,-1,142,141,143,-1,142,143,144,-1,144,143,145,-1,144,145,146,-1,146,145,147,-1,146,147,148,-1,148,147,149,-1,148,149,150,-1,150,149,151,-1,150,151,152,-1,152,151,153,-1,152,153,154,-1,154,153,155,-1,154,155,156,-1,156,155,157,-1,156,157,158,-1,158,157,159,-1,158,159,160,-1,160,159,161,-1,160,161,162,-1,162,161,163,-1,162,163,164,-1,164,163,165,-1,164,165,166,-1,166,165,167,-1,166,167,168,-1,168,167,169,-1,168,169,170,-1,170,169,171,-1,170,171,172,-1,172,171,173,-1,172,173,174,-1,174,173,175,-1,174,175,176,-1,176,175,177,-1,176,177,178,-1,178,177,179,-1,178,179,180,-1,180,179,181,-1,180,181,182,-1,182,181,183,-1,182,183,184,-1,184,183,185,-1,184,185,186,-1,186,185,187,-1,186,187,188,-1,188,187,189,-1,188,189,190,-1,190,189,191,-1,190,191,192,-1,192,191,193,-1,192,193,194,-1,194,193,195,-1,194,195,196,-1,196,195,197,-1,196,197,198,-1,198,197,199,-1,198,199,200,-1,200,199,201,-1,200,201,202,-1,202,201,203,-1,202,203,204,-1,204,203,205,-1,204,205,206,-1,206,205,207,-1,206,207,208,-1,208,207,209,-1,208,209,210,-1,210,209,211,-1,210,211,212,-1,212,211,213,-1,212,213,72,-1,72,213,73,-1,213,214,73,-1,73,214,215,-1,73,215,75,-1,75,215,216,-1,75,216,77,-1,77,216,217,-1,77,217,79,-1,79,217,218,-1,79,218,81,-1,81,218,219,-1,81,219,83,-1,83,219,220,-1,83,220,85,-1,85,220,221,-1,85,221,87,-1,87,221,222,-1,87,222,89,-1,89,222,223,-1,89,223,91,-1,91,223,224,-1,91,224,93,-1,93,224,225,-1,93,225,95,-1,95,225,226,-1,95,226,97,-1,97,226,227,-1,97,227,99,-1,99,227,228,-1,99,228,101,-1,101,228,229,-1,101,229,103,-1,103,229,230,-1,103,230,105,-1,105,230,231,-1,105,231,107,-1,107,231,232,-1,107,232,109,-1,109,232,233,-1,109,233,111,-1,111,233,234,-1,111,234,113,-1,113,234,235,-1,113,235,115,-1,115,235,236,-1,115,236,117,-1,117,236,237,-1,117,237,119,-1,119,237,238,-1,119,238,121,-1,121,238,239,-1,121,239,123,-1,123,239,240,-1,123,240,125,-1,125,240,241,-1,125,241,127,-1,127,241,242,-1,127,242,129,-1,129,242,243,-1,129,243,131,-1,131,243,244,-1,131,244,133,-1,133,244,245,-1,133,245,135,-1,135,245,246,-1,135,246,137,-1,137,246,247,-1,137,247,139,-1,139,247,248,-1,139,248,141,-1,141,248,249,-1,141,249,143,-1,143,249,250,-1,143,250,145,-1,145,250,251,-1,145,251,147,-1,147,251,252,-1,147,252,149,-1,149,252,253,-1,149,253,151,-1,151,253,254,-1,151,254,153,-1,153,254,255,-1,153,255,155,-1,155,255,256,-1,155,256,157,-1,157,256,257,-1,157,257,159,-1,159,257,258,-1,159,258,161,-1,161,258,259,-1,161,259,163,-1,163,259,260,-1,163,260,165,-1,165,260,261,-1,165,261,167,-1,167,261,262,-1,167,262,169,-1,169,262,263,-1,169,263,171,-1,171,263,264,-1,171,264,173,-1,173,264,265,-1,173,265,175,-1,175,265,266,-1,175,266,177,-1,177,266,267,-1,177,267,179,-1,179,267,268,-1,179,268,181,-1,181,268,269,-1,181,269,183,-1,183,269,270,-1,183,270,185,-1,185,270,271,-1,185,271,187,-1,187,271,272,-1,187,272,189,-1,189,272,273,-1,189,273,191,-1,191,273,274,-1,191,274,193,-1,193,274,275,-1,193,275,195,-1,195,275,276,-1,195,276,197,-1,197,276,277,-1,197,277,199,-1,199,277,278,-1,199,278,201,-1,201,278,279,-1,201,279,203,-1,203,279,280,-1,203,280,205,-1,205,280,281,-1,205,281,207,-1,207,281,282,-1,207,282,209,-1,209,282,283,-1,209,283,211,-1,211,283,284,-1,211,284,213,-1,213,284,214,-1,284,285,214,-1,214,285,286,-1,214,286,215,-1,215,286,287,-1,215,287,216,-1,216,287,288,-1,216,288,217,-1,217,288,289,-1,217,289,218,-1,218,289,290,-1,218,290,219,-1,219,290,291,-1,219,291,220,-1,220,291,292,-1,220,292,221,-1,221,292,293,-1,221,293,222,-1,222,293,294,-1,222,294,223,-1,223,294,295,-1,223,295,224,-1,224,295,296,-1,224,296,225,-1,225,296,297,-1,225,297,226,-1,226,297,298,-1,226,298,227,-1,227,298,299,-1,227,299,228,-1,228,299,300,-1,228,300,229,-1,229,300,301,-1,229,301,230,-1,230,301,302,-1,230,302,231,-1,231,302,303,-1,231,303,232,-1,232,303,304,-1,232,304,233,-1,233,304,305,-1,233,305,234,-1,234,305,306,-1,234,306,235,-1,235,306,307,-1,235,307,236,-1,236,307,308,-1,236,308,237,-1,237,308,309,-1,237,309,238,-1,238,309,310,-1,238,310,239,-1,239,310,311,-1,239,311,240,-1,240,311,312,-1,240,312,241,-1,241,312,313,-1,241,313,242,-1,242,313,314,-1,242,314,243,-1,243,314,315,-1,243,315,244,-1,244,315,316,-1,244,316,245,-1,245,316,317,-1,245,317,246,-1,246,317,318,-1,246,318,247,-1,247,318,319,-1,247,319,248,-1,248,319,320,-1,248,320,249,-1,249,320,321,-1,249,321,250,-1,250,321,322,-1,250,322,251,-1,251,322,323,-1,251,323,252,-1,252,323,324,-1,252,324,253,-1,253,324,325,-1,253,325,254,-1,254,325,326,-1,254,326,255,-1,255,326,327,-1,255,327,256,-1,256,327,328,-1,256,328,257,-1,257,328,329,-1,257,329,258,-1,258,329,330,-1,258,330,259,-1,259,330,331,-1,259,331,260,-1,260,331,332,-1,260,332,261,-1,261,332,333,-1,261,333,262,-1,262,333,334,-1,262,334,263,-1,263,334,335,-1,263,335,264,-1,264,335,336,-1,264,336,265,-1,265,336,337,-1,265,337,266,-1,266,337,338,-1,266,338,267,-1,267,338,339,-1,267,339,268,-1,268,339,340,-1,268,340,269,-1,269,340,341,-1,269,341,270,-1,270,341,342,-1,270,342,271,-1,271,342,343,-1,271,343,272,-1,272,343,344,-1,272,344,273,-1,273,344,345,-1,273,345,274,-1,274,345,346,-1,274,346,275,-1,275,346,347,-1,275,347,276,-1,276,347,348,-1,276,348,277,-1,277,348,349,-1,277,349,278,-1,278,349,350,-1,278,350,279,-1,279,350,351,-1,279,351,280,-1,280,351,352,-1,280,352,281,-1,281,352,353,-1,281,353,282,-1,282,353,354,-1,282,354,283,-1,283,354,355,-1,283,355,284,-1,284,355,285,-1,355,356,285,-1,285,356,357,-1,285,357,286,-1,286,357,358,-1,286,358,287,-1,287,358,359,-1,287,359,288,-1,288,359,360,-1,288,360,289,-1,289,360,361,-1,289,361,290,-1,290,361,362,-1,290,362,291,-1,291,362,363,-1,291,363,292,-1,292,363,364,-1,292,364,293,-1,293,364,365,-1,293,365,294,-1,294,365,366,-1,294,366,295,-1,295,366,367,-1,295,367,296,-1,296,367,368,-1,296,368,297,-1,297,368,369,-1,297,369,298,-1,298,369,370,-1,298,370,299,-1,299,370,371,-1,299,371,300,-1,300,371,372,-1,300,372,301,-1,301,372,373,-1,301,373,302,-1,302,373,374,-1,302,374,303,-1,303,374,375,-1,303,375,304,-1,304,375,376,-1,304,376,305,-1,305,376,377,-1,305,377,306,-1,306,377,378,-1,306,378,307,-1,307,378,379,-1,307,379,308,-1,308,379,380,-1,308,380,309,-1,309,380,381,-1,309,381,310,-1,310,381,382,-1,310,382,311,-1,311,382,383,-1,311,383,312,-1,312,383,384,-1,312,384,313,-1,313,384,385,-1,313,385,314,-1,314,385,386,-1,314,386,315,-1,315,386,387,-1,315,387,316,-1,316,387,388,-1,316,388,317,-1,317,388,389,-1,317,389,318,-1,318,389,390,-1,318,390,319,-1,319,390,391,-1,319,391,320,-1,320,391,392,-1,320,392,321,-1,321,392,393,-1,321,393,322,-1,322,393,394,-1,322,394,323,-1,323,394,395,-1,323,395,324,-1,324,395,396,-1,324,396,325,-1,325,396,397,-1,325,397,326,-1,326,397,398,-1,326,398,327,-1,327,398,399,-1,327,399,328,-1,328,399,400,-1,328,400,329,-1,329,400,401,-1,329,401,330,-1,330,401,402,-1,330,402,331,-1,331,402,403,-1,331,403,332,-1,332,403,404,-1,332,404,333,-1,333,404,405,-1,333,405,334,-1,334,405,406,-1,334,406,335,-1,335,406,407,-1,335,407,336,-1,336,407,408,-1,336,408,337,-1,337,408,409,-1,337,409,338,-1,338,409,410,-1,338,410,339,-1,339,410,411,-1,339,411,340,-1,340,411,412,-1,340,412,341,-1,341,412,413,-1,341,413,342,-1,342,413,414,-1,342,414,343,-1,343,414,415,-1,343,415,344,-1,344,415,416,-1,344,416,345,-1,345,416,417,-1,345,417,346,-1,346,417,418,-1,346,418,347,-1,347,418,419,-1,347,419,348,-1,348,419,420,-1,348,420,349,-1,349,420,421,-1,349,421,350,-1,350,421,422,-1,350,422,351,-1,351,422,423,-1,351,423,352,-1,352,423,424,-1,352,424,353,-1,353,424,425,-1,353,425,354,-1,354,425,426,-1,354,426,355,-1,355,426,356,-1,426,427,356,-1,356,427,428,-1,356,428,357,-1,357,428,429,-1,357,429,358,-1,358,429,430,-1,358,430,359,-1,359,430,431,-1,359,431,360,-1,360,431,432,-1,360,432,361,-1,361,432,433,-1,361,433,362,-1,362,433,434,-1,362,434,363,-1,363,434,435,-1,363,435,364,-1,364,435,436,-1,364,436,365,-1,365,436,437,-1,365,437,366,-1,366,437,438,-1,366,438,367,-1,367,438,439,-1,367,439,368,-1,368,439,440,-1,368,440,369,-1,369,440,441,-1,369,441,370,-1,370,441,442,-1,370,442,371,-1,371,442,443,-1,371,443,372,-1,372,443,444,-1,372,444,373,-1,373,444,445,-1,373,445,374,-1,374,445,446,-1,374,446,375,-1,375,446,447,-1,375,447,376,-1,376,447,448,-1,376,448,377,-1,377,448,449,-1,377,449,378,-1,378,449,450,-1,378,450,379,-1,379,450,451,-1,379,451,380,-1,380,451,452,-1,380,452,381,-1,381,452,453,-1,381,453,382,-1,382,453,454,-1,382,454,383,-1,383,454,455,-1,383,455,384,-1,384,455,456,-1,384,456,385,-1,385,456,457,-1,385,457,386,-1,386,457,458,-1,386,458,387,-1,387,458,459,-1,387,459,388,-1,388,459,460,-1,388,460,389,-1,389,460,461,-1,389,461,390,-1,390,461,462,-1,390,462,391,-1,391,462,463,-1,391,463,392,-1,392,463,464,-1,392,464,393,-1,393,464,465,-1,393,465,394,-1,394,465,466,-1,394,466,395,-1,395,466,467,-1,395,467,396,-1,396,467,468,-1,396,468,397,-1,397,468,469,-1,397,469,398,-1,398,469,470,-1,398,470,399,-1,399,470,471,-1,399,471,400,-1,400,471,472,-1,400,472,401,-1,401,472,473,-1,401,473,402,-1,402,473,474,-1,402,474,403,-1,403,474,475,-1,403,475,404,-1,404,475,476,-1,404,476,405,-1,405,476,477,-1,405,477,406,-1,406,477,478,-1,406,478,407,-1,407,478,479,-1,407,479,408,-1,408,479,480,-1,408,480,409,-1,409,480,481,-1,409,481,410,-1,410,481,482,-1,410,482,411,-1,411,482,483,-1,411,483,412,-1,412,483,484,-1,412,484,413,-1,413,484,485,-1,413,485,414,-1,414,485,486,-1,414,486,415,-1,415,486,487,-1,415,487,416,-1,416,487,488,-1,416,488,417,-1,417,488,489,-1,417,489,418,-1,418,489,490,-1,418,490,419,-1,419,490,491,-1,419,491,420,-1,420,491,492,-1,420,492,421,-1,421,492,493,-1,421,493,422,-1,422,493,494,-1,422,494,423,-1,423,494,495,-1,423,495,424,-1,424,495,496,-1,424,496,425,-1,425,496,497,-1,425,497,426,-1,426,497,427,-1,497,498,427,-1,427,498,499,-1,427,499,428,-1,428,499,500,-1,428,500,429,-1,429,500,501,-1,429,501,430,-1,430,501,502,-1,430,502,431,-1,431,502,503,-1,431,503,432,-1,432,503,504,-1,432,504,433,-1,433,504,505,-1,433,505,434,-1,434,505,506,-1,434,506,435,-1,435,506,507,-1,435,507,436,-1,436,507,508,-1,436,508,437,-1,437,508,509,-1,437,509,438,-1,438,509,510,-1,438,510,439,-1,439,510,511,-1,439,511,440,-1,440,511,512,-1,440,512,441,-1,441,512,513,-1,441,513,442,-1,442,513,514,-1,442,514,443,-1,443,514,515,-1,443,515,444,-1,444,515,516,-1,444,516,445,-1,445,516,517,-1,445,517,446,-1,446,517,518,-1,446,518,447,-1,447,518,519,-1,447,519,448,-1,448,519,520,-1,448,520,449,-1,449,520,521,-1,449,521,450,-1,450,521,522,-1,450,522,451,-1,451,522,523,-1,451,523,452,-1,452,523,524,-1,452,524,453,-1,453,524,525,-1,453,525,454,-1,454,525,526,-1,454,526,455,-1,455,526,527,-1,455,527,456,-1,456,527,528,-1,456,528,457,-1,457,528,529,-1,457,529,458,-1,458,529,530,-1,458,530,459,-1,459,530,531,-1,459,531,460,-1,460,531,532,-1,460,532,461,-1,461,532,533,-1,461,533,462,-1,462,533,534,-1,462,534,463,-1,463,534,535,-1,463,535,464,-1,464,535,536,-1,464,536,465,-1,465,536,537,-1,465,537,466,-1,466,537,538,-1,466,538,467,-1,467,538,539,-1,467,539,468,-1,468,539,540,-1,468,540,469,-1,469,540,541,-1,469,541,470,-1,470,541,542,-1,470,542,471,-1,471,542,543,-1,471,543,472,-1,472,543,544,-1,472,544,473,-1,473,544,545,-1,473,545,474,-1,474,545,546,-1,474,546,475,-1,475,546,547,-1,475,547,476,-1,476,547,548,-1,476,548,477,-1,477,548,549,-1,477,549,478,-1,478,549,550,-1,478,550,479,-1,479,550,551,-1,479,551,480,-1,480,551,552,-1,480,552,481,-1,481,552,553,-1,481,553,482,-1,482,553,554,-1,482,554,483,-1,483,554,555,-1,483,555,484,-1,484,555,556,-1,484,556,485,-1,485,556,557,-1,485,557,486,-1,486,557,558,-1,486,558,487,-1,487,558,559,-1,487,559,488,-1,488,559,560,-1,488,560,489,-1,489,560,561,-1,489,561,490,-1,490,561,562,-1,490,562,491,-1,491,562,563,-1,491,563,492,-1,492,563,564,-1,492,564,493,-1,493,564,565,-1,493,565,494,-1,494,565,566,-1,494,566,495,-1,495,566,567,-1,495,567,496,-1,496,567,568,-1,496,568,497,-1,497,568,498,-1,568,569,498,-1,498,569,570,-1,498,570,499,-1,499,570,571,-1,499,571,500,-1,500,571,572,-1,500,572,501,-1,501,572,573,-1,501,573,502,-1,502,573,574,-1,502,574,503,-1,503,574,575,-1,503,575,504,-1,504,575,576,-1,504,576,505,-1,505,576,577,-1,505,577,506,-1,506,577,578,-1,506,578,507,-1,507,578,579,-1,507,579,508,-1,508,579,580,-1,508,580,509,-1,509,580,581,-1,509,581,510,-1,510,581,582,-1,510,582,511,-1,511,582,583,-1,511,583,512,-1,512,583,584,-1,512,584,513,-1,513,584,585,-1,513,585,514,-1,514,585,586,-1,514,586,515,-1,515,586,587,-1,515,587,516,-1,516,587,588,-1,516,588,517,-1,517,588,589,-1,517,589,518,-1,518,589,590,-1,518,590,519,-1,519,590,591,-1,519,591,520,-1,520,591,592,-1,520,592,521,-1,521,592,593,-1,521,593,522,-1,522,593,594,-1,522,594,523,-1,523,594,595,-1,523,595,524,-1,524,595,596,-1,524,596,525,-1,525,596,597,-1,525,597,526,-1,526,597,598,-1,526,598,527,-1,527,598,599,-1,527,599,528,-1,528,599,600,-1,528,600,529,-1,529,600,601,-1,529,601,530,-1,530,601,602,-1,530,602,531,-1,531,602,603,-1,531,603,532,-1,532,603,604,-1,532,604,533,-1,533,604,605,-1,533,605,534,-1,534,605,606,-1,534,606,535,-1,535,606,607,-1,535,607,536,-1,536,607,608,-1,536,608,537,-1,537,608,609,-1,537,609,538,-1,538,609,610,-1,538,610,539,-1,539,610,611,-1,539,611,540,-1,540,611,612,-1,540,612,541,-1,541,612,613,-1,541,613,542,-1,542,613,614,-1,542,614,543,-1,543,614,615,-1,543,615,544,-1,544,615,616,-1,544,616,545,-1,545,616,617,-1,545,617,546,-1,546,617,618,-1,546,618,547,-1,547,618,619,-1,547,619,548,-1,548,619,620,-1,548,620,549,-1,549,620,621,-1,549,621,550,-1,550,621,622,-1,550,622,551,-1,551,622,623,-1,551,623,552,-1,552,623,624,-1,552,624,553,-1,553,624,625,-1,553,625,554,-1,554,625,626,-1,554,626,555,-1,555,626,627,-1,555,627,556,-1,556,627,628,-1,556,628,557,-1,557,628,629,-1,557,629,558,-1,558,629,630,-1,558,630,559,-1,559,630,631,-1,559,631,560,-1,560,631,632,-1,560,632,561,-1,561,632,633,-1,561,633,562,-1,562,633,634,-1,562,634,563,-1,563,634,635,-1,563,635,564,-1,564,635,636,-1,564,636,565,-1,565,636,637,-1,565,637,566,-1,566,637,638,-1,566,638,567,-1,567,638,639,-1,567,639,568,-1,568,639,569,-1,639,640,569,-1,569,640,641,-1,569,641,570,-1,570,641,642,-1,570,642,571,-1,571,642,643,-1,571,643,572,-1,572,643,644,-1,572,644,573,-1,573,644,645,-1,573,645,574,-1,574,645,646,-1,574,646,575,-1,575,646,647,-1,575,647,576,-1,576,647,648,-1,576,648,577,-1,577,648,649,-1,577,649,578,-1,578,649,650,-1,578,650,579,-1,579,650,651,-1,579,651,580,-1,580,651,652,-1,580,652,581,-1,581,652,653,-1,581,653,582,-1,582,653,654,-1,582,654,583,-1,583,654,655,-1,583,655,584,-1,584,655,656,-1,584,656,585,-1,585,656,657,-1,585,657,586,-1,586,657,658,-1,586,658,587,-1,587,658,659,-1,587,659,588,-1,588,659,660,-1,588,660,589,-1,589,660,661,-1,589,661,590,-1,590,661,662,-1,590,662,591,-1,591,662,663,-1,591,663,592,-1,592,663,664,-1,592,664,593,-1,593,664,665,-1,593,665,594,-1,594,665,666,-1,594,666,595,-1,595,666,667,-1,595,667,596,-1,596,667,668,-1,596,668,597,-1,597,668,669,-1,597,669,598,-1,598,669,670,-1,598,670,599,-1,599,670,671,-1,599,671,600,-1,600,671,672,-1,600,672,601,-1,601,672,673,-1,601,673,602,-1,602,673,674,-1,602,674,603,-1,603,674,675,-1,603,675,604,-1,604,675,676,-1,604,676,605,-1,605,676,677,-1,605,677,606,-1,606,677,678,-1,606,678,607,-1,607,678,679,-1,607,679,608,-1,608,679,680,-1,608,680,609,-1,609,680,681,-1,609,681,610,-1,610,681,682,-1,610,682,611,-1,611,682,683,-1,611,683,612,-1,612,683,684,-1,612,684,613,-1,613,684,685,-1,613,685,614,-1,614,685,686,-1,614,686,615,-1,615,686,687,-1,615,687,616,-1,616,687,688,-1,616,688,617,-1,617,688,689,-1,617,689,618,-1,618,689,690,-1,618,690,619,-1,619,690,691,-1,619,691,620,-1,620,691,692,-1,620,692,621,-1,621,692,693,-1,621,693,622,-1,622,693,694,-1,622,694,623,-1,623,694,695,-1,623,695,624,-1,624,695,696,-1,624,696,625,-1,625,696,697,-1,625,697,626,-1,626,697,698,-1,626,698,627,-1,627,698,699,-1,627,699,628,-1,628,699,700,-1,628,700,629,-1,629,700,701,-1,629,701,630,-1,630,701,702,-1,630,702,631,-1,631,702,703,-1,631,703,632,-1,632,703,704,-1,632,704,633,-1,633,704,705,-1,633,705,634,-1,634,705,706,-1,634,706,635,-1,635,706,707,-1,635,707,636,-1,636,707,708,-1,636,708,637,-1,637,708,709,-1,637,709,638,-1,638,709,710,-1,638,710,639,-1,639,710,640,-1,710,711,640,-1,640,711,712,-1,640,712,641,-1,641,712,713,-1,641,713,642,-1,642,713,714,-1,642,714,643,-1,643,714,715,-1,643,715,644,-1,644,715,716,-1,644,716,645,-1,645,716,717,-1,645,717,646,-1,646,717,718,-1,646,718,647,-1,647,718,719,-1,647,719,648,-1,648,719,720,-1,648,720,649,-1,649,720,721,-1,649,721,650,-1,650,721,722,-1,650,722,651,-1,651,722,723,-1,651,723,652,-1,652,723,724,-1,652,724,653,-1,653,724,725,-1,653,725,654,-1,654,725,726,-1,654,726,655,-1,655,726,727,-1,655,727,656,-1,656,727,728,-1,656,728,657,-1,657,728,729,-1,657,729,658,-1,658,729,730,-1,658,730,659,-1,659,730,731,-1,659,731,660,-1,660,731,732,-1,660,732,661,-1,661,732,733,-1,661,733,662,-1,662,733,734,-1,662,734,663,-1,663,734,735,-1,663,735,664,-1,664,735,736,-1,664,736,665,-1,665,736,737,-1,665,737,666,-1,666,737,738,-1,666,738,667,-1,667,738,739,-1,667,739,668,-1,668,739,740,-1,668,740,669,-1,669,740,741,-1,669,741,670,-1,670,741,742,-1,670,742,671,-1,671,742,743,-1,671,743,672,-1,672,743,744,-1,672,744,673,-1,673,744,745,-1,673,745,674,-1,674,745,746,-1,674,746,675,-1,675,746,747,-1,675,747,676,-1,676,747,748,-1,676,748,677,-1,677,748,749,-1,677,749,678,-1,678,749,750,-1,678,750,679,-1,679,750,751,-1,679,751,680,-1,680,751,752,-1,680,752,681,-1,681,752,753,-1,681,753,682,-1,682,753,754,-1,682,754,683,-1,683,754,755,-1,683,755,684,-1,684,755,756,-1,684,756,685,-1,685,756,757,-1,685,757,686,-1,686,757,758,-1,686,758,687,-1,687,758,759,-1,687,759,688,-1,688,759,760,-1,688,760,689,-1,689,760,761,-1,689,761,690,-1,690,761,762,-1,690,762,691,-1,691,762,763,-1,691,763,692,-1,692,763,764,-1,692,764,693,-1,693,764,765,-1,693,765,694,-1,694,765,766,-1,694,766,695,-1,695,766,767,-1,695,767,696,-1,696,767,768,-1,696,768,697,-1,697,768,769,-1,697,769,698,-1,698,769,770,-1,698,770,699,-1,699,770,771,-1,699,771,700,-1,700,771,772,-1,700,772,701,-1,701,772,773,-1,701,773,702,-1,702,773,774,-1,702,774,703,-1,703,774,775,-1,703,775,704,-1,704,775,776,-1,704,776,705,-1,705,776,777,-1,705,777,706,-1,706,777,778,-1,706,778,707,-1,707,778,779,-1,707,779,708,-1,708,779,780,-1,708,780,709,-1,709,780,781,-1,709,781,710,-1,710,781,711,-1,781,782,711,-1,711,782,783,-1,711,783,712,-1,712,783,784,-1,712,784,713,-1,713,784,785,-1,713,785,714,-1,714,785,786,-1,714,786,715,-1,715,786,787,-1,715,787,716,-1,716,787,788,-1,716,788,717,-1,717,788,789,-1,717,789,718,-1,718,789,790,-1,718,790,719,-1,719,790,791,-1,719,791,720,-1,720,791,792,-1,720,792,721,-1,721,792,793,-1,721,793,722,-1,722,793,794,-1,722,794,723,-1,723,794,795,-1,723,795,724,-1,724,795,796,-1,724,796,725,-1,725,796,797,-1,725,797,726,-1,726,797,798,-1,726,798,727,-1,727,798,799,-1,727,799,728,-1,728,799,800,-1,728,800,729,-1,729,800,801,-1,729,801,730,-1,730,801,802,-1,730,802,731,-1,731,802,803,-1,731,803,732,-1,732,803,804,-1,732,804,733,-1,733,804,805,-1,733,805,734,-1,734,805,806,-1,734,806,735,-1,735,806,807,-1,735,807,736,-1,736,807,808,-1,736,808,737,-1,737,808,809,-1,737,809,738,-1,738,809,810,-1,738,810,739,-1,739,810,811,-1,739,811,740,-1,740,811,812,-1,740,812,741,-1,741,812,813,-1,741,813,742,-1,742,813,814,-1,742,814,743,-1,743,814,815,-1,743,815,744,-1,744,815,816,-1,744,816,745,-1,745,816,817,-1,745,817,746,-1,746,817,818,-1,746,818,747,-1,747,818,819,-1,747,819,748,-1,748,819,820,-1,748,820,749,-1,749,820,821,-1,749,821,750,-1,750,821,822,-1,750,822,751,-1,751,822,823,-1,751,823,752,-1,752,823,824,-1,752,824,753,-1,753,824,825,-1,753,825,754,-1,754,825,826,-1,754,826,755,-1,755,826,827,-1,755,827,756,-1,756,827,828,-1,756,828,757,-1,757,828,829,-1,757,829,758,-1,758,829,830,-1,758,830,759,-1,759,830,831,-1,759,831,760,-1,760,831,832,-1,760,832,761,-1,761,832,833,-1,761,833,762,-1,762,833,834,-1,762,834,763,-1,763,834,835,-1,763,835,764,-1,764,835,836,-1,764,836,765,-1,765,836,837,-1,765,837,766,-1,766,837,838,-1,766,838,767,-1,767,838,839,-1,767,839,768,-1,768,839,840,-1,768,840,769,-1,769,840,841,-1,769,841,770,-1,770,841,842,-1,770,842,771,-1,771,842,843,-1,771,843,772,-1,772,843,844,-1,772,844,773,-1,773,844,845,-1,773,845,774,-1,774,845,846,-1,774,846,775,-1,775,846,847,-1,775,847,776,-1,776,847,848,-1,776,848,777,-1,777,848,849,-1,777,849,778,-1,778,849,850,-1,778,850,779,-1,779,850,851,-1,779,851,780,-1,780,851,852,-1,780,852,781,-1,781,852,782,-1,852,853,782,-1,782,853,854,-1,782,854,783,-1,783,854,855,-1,783,855,784,-1,784,855,856,-1,784,856,785,-1,785,856,857,-1,785,857,786,-1,786,857,858,-1,786,858,787,-1,787,858,859,-1,787,859,788,-1,788,859,860,-1,788,860,789,-1,789,860,861,-1,789,861,790,-1,790,861,862,-1,790,862,791,-1,791,862,863,-1,791,863,792,-1,792,863,864,-1,792,864,793,-1,793,864,865,-1,793,865,794,-1,794,865,866,-1,794,866,795,-1,795,866,867,-1,795,867,796,-1,796,867,868,-1,796,868,797,-1,797,868,869,-1,797,869,798,-1,798,869,870,-1,798,870,799,-1,799,870,871,-1,799,871,800,-1,800,871,872,-1,800,872,801,-1,801,872,873,-1,801,873,802,-1,802,873,874,-1,802,874,803,-1,803,874,875,-1,803,875,804,-1,804,875,876,-1,804,876,805,-1,805,876,877,-1,805,877,806,-1,806,877,878,-1,806,878,807,-1,807,878,879,-1,807,879,808,-1,808,879,880,-1,808,880,809,-1,809,880,881,-1,809,881,810,-1,810,881,882,-1,810,882,811,-1,811,882,883,-1,811,883,812,-1,812,883,884,-1,812,884,813,-1,813,884,885,-1,813,885,814,-1,814,885,886,-1,814,886,815,-1,815,886,887,-1,815,887,816,-1,816,887,888,-1,816,888,817,-1,817,888,889,-1,817,889,818,-1,818,889,890,-1,818,890,819,-1,819,890,891,-1,819,891,820,-1,820,891,892,-1,820,892,821,-1,821,892,893,-1,821,893,822,-1,822,893,894,-1,822,894,823,-1,823,894,895,-1,823,895,824,-1,824,895,896,-1,824,896,825,-1,825,896,897,-1,825,897,826,-1,826,897,898,-1,826,898,827,-1,827,898,899,-1,827,899,828,-1,828,899,900,-1,828,900,829,-1,829,900,901,-1,829,901,830,-1,830,901,902,-1,830,902,831,-1,831,902,903,-1,831,903,832,-1,832,903,904,-1,832,904,833,-1,833,904,905,-1,833,905,834,-1,834,905,906,-1,834,906,835,-1,835,906,907,-1,835,907,836,-1,836,907,908,-1,836,908,837,-1,837,908,909,-1,837,909,838,-1,838,909,910,-1,838,910,839,-1,839,910,911,-1,839,911,840,-1,840,911,912,-1,840,912,841,-1,841,912,913,-1,841,913,842,-1,842,913,914,-1,842,914,843,-1,843,914,915,-1,843,915,844,-1,844,915,916,-1,844,916,845,-1,845,916,917,-1,845,917,846,-1,846,917,918,-1,846,918,847,-1,847,918,919,-1,847,919,848,-1,848,919,920,-1,848,920,849,-1,849,920,921,-1,849,921,850,-1,850,921,922,-1,850,922,851,-1,851,922,923,-1,851,923,852,-1,852,923,853,-1,923,924,853,-1,853,924,925,-1,853,925,854,-1,854,925,926,-1,854,926,855,-1,855,926,927,-1,855,927,856,-1,856,927,928,-1,856,928,857,-1,857,928,929,-1,857,929,858,-1,858,929,930,-1,858,930,859,-1,859,930,931,-1,859,931,860,-1,860,931,932,-1,860,932,861,-1,861,932,933,-1,861,933,862,-1,862,933,934,-1,862,934,863,-1,863,934,935,-1,863,935,864,-1,864,935,936,-1,864,936,865,-1,865,936,937,-1,865,937,866,-1,866,937,938,-1,866,938,867,-1,867,938,939,-1,867,939,868,-1,868,939,940,-1,868,940,869,-1,869,940,941,-1,869,941,870,-1,870,941,942,-1,870,942,871,-1,871,942,943,-1,871,943,872,-1,872,943,944,-1,872,944,873,-1,873,944,945,-1,873,945,874,-1,874,945,946,-1,874,946,875,-1,875,946,947,-1,875,947,876,-1,876,947,948,-1,876,948,877,-1,877,948,949,-1,877,949,878,-1,878,949,950,-1,878,950,879,-1,879,950,951,-1,879,951,880,-1,880,951,952,-1,880,952,881,-1,881,952,953,-1,881,953,882,-1,882,953,954,-1,882,954,883,-1,883,954,955,-1,883,955,884,-1,884,955,956,-1,884,956,885,-1,885,956,957,-1,885,957,886,-1,886,957,958,-1,886,958,887,-1,887,958,959,-1,887,959,888,-1,888,959,960,-1,888,960,889,-1,889,960,961,-1,889,961,890,-1,890,961,962,-1,890,962,891,-1,891,962,963,-1,891,963,892,-1,892,963,964,-1,892,964,893,-1,893,964,965,-1,893,965,894,-1,894,965,966,-1,894,966,895,-1,895,966,967,-1,895,967,896,-1,896,967,968,-1,896,968,897,-1,897,968,969,-1,897,969,898,-1,898,969,970,-1,898,970,899,-1,899,970,971,-1,899,971,900,-1,900,971,972,-1,900,972,901,-1,901,972,973,-1,901,973,902,-1,902,973,974,-1,902,974,903,-1,903,974,975,-1,903,975,904,-1,904,975,976,-1,904,976,905,-1,905,976,977,-1,905,977,906,-1,906,977,978,-1,906,978,907,-1,907,978,979,-1,907,979,908,-1,908,979,980,-1,908,980,909,-1,909,980,981,-1,909,981,910,-1,910,981,982,-1,910,982,911,-1,911,982,983,-1,911,983,912,-1,912,983,984,-1,912,984,913,-1,913,984,985,-1,913,985,914,-1,914,985,986,-1,914,986,915,-1,915,986,987,-1,915,987,916,-1,916,987,988,-1,916,988,917,-1,917,988,989,-1,917,989,918,-1,918,989,990,-1,918,990,919,-1,919,990,991,-1,919,991,920,-1,920,991,992,-1,920,992,921,-1,921,992,993,-1,921,993,922,-1,922,993,994,-1,922,994,923,-1,923,994,924,-1,994,995,924,-1,924,995,996,-1,924,996,925,-1,925,996,997,-1,925,997,926,-1,926,997,998,-1,926,998,927,-1,927,998,999,-1,927,999,928,-1,928,999,1000,-1,928,1000,929,-1,929,1000,1001,-1,929,1001,930,-1,930,1001,1002,-1,930,1002,931,-1,931,1002,1003,-1,931,1003,932,-1,932,1003,1004,-1,932,1004,933,-1,933,1004,1005,-1,933,1005,934,-1,934,1005,1006,-1,934,1006,935,-1,935,1006,1007,-1,935,1007,936,-1,936,1007,1008,-1,936,1008,937,-1,937,1008,1009,-1,937,1009,938,-1,938,1009,1010,-1,938,1010,939,-1,939,1010,1011,-1,939,1011,940,-1,940,1011,1012,-1,940,1012,941,-1,941,1012,1013,-1,941,1013,942,-1,942,1013,1014,-1,942,1014,943,-1,943,1014,1015,-1,943,1015,944,-1,944,1015,1016,-1,944,1016,945,-1,945,1016,1017,-1,945,1017,946,-1,946,1017,1018,-1,946,1018,947,-1,947,1018,1019,-1,947,1019,948,-1,948,1019,1020,-1,948,1020,949,-1,949,1020,1021,-1,949,1021,950,-1,950,1021,1022,-1,950,1022,951,-1,951,1022,1023,-1,951,1023,952,-1,952,1023,1024,-1,952,1024,953,-1,953,1024,1025,-1,953,1025,954,-1,954,1025,1026,-1,954,1026,955,-1,955,1026,1027,-1,955,1027,956,-1,956,1027,1028,-1,956,1028,957,-1,957,1028,1029,-1,957,1029,958,-1,958,1029,1030,-1,958,1030,959,-1,959,1030,1031,-1,959,1031,960,-1,960,1031,1032,-1,960,1032,961,-1,961,1032,1033,-1,961,1033,962,-1,962,1033,1034,-1,962,1034,963,-1,963,1034,1035,-1,963,1035,964,-1,964,1035,1036,-1,964,1036,965,-1,965,1036,1037,-1,965,1037,966,-1,966,1037,1038,-1,966,1038,967,-1,967,1038,1039,-1,967,1039,968,-1,968,1039,1040,-1,968,1040,969,-1,969,1040,1041,-1,969,1041,970,-1,970,1041,1042,-1,970,1042,971,-1,971,1042,1043,-1,971,1043,972,-1,972,1043,1044,-1,972,1044,973,-1,973,1044,1045,-1,973,1045,974,-1,974,1045,1046,-1,974,1046,975,-1,975,1046,1047,-1,975,1047,976,-1,976,1047,1048,-1,976,1048,977,-1,977,1048,1049,-1,977,1049,978,-1,978,1049,1050,-1,978,1050,979,-1,979,1050,1051,-1,979,1051,980,-1,980,1051,1052,-1,980,1052,981,-1,981,1052,1053,-1,981,1053,982,-1,982,1053,1054,-1,982,1054,983,-1,983,1054,1055,-1,983,1055,984,-1,984,1055,1056,-1,984,1056,985,-1,985,1056,1057,-1,985,1057,986,-1,986,1057,1058,-1,986,1058,987,-1,987,1058,1059,-1,987,1059,988,-1,988,1059,1060,-1,988,1060,989,-1,989,1060,1061,-1,989,1061,990,-1,990,1061,1062,-1,990,1062,991,-1,991,1062,1063,-1,991,1063,992,-1,992,1063,1064,-1,992,1064,993,-1,993,1064,1065,-1,993,1065,994,-1,994,1065,995,-1,1065,1066,995,-1,995,1066,1067,-1,995,1067,996,-1,996,1067,1068,-1,996,1068,997,-1,997,1068,1069,-1,997,1069,998,-1,998,1069,1070,-1,998,1070,999,-1,999,1070,1071,-1,999,1071,1000,-1,1000,1071,1072,-1,1000,1072,1001,-1,1001,1072,1073,-1,1001,1073,1002,-1,1002,1073,1074,-1,1002,1074,1003,-1,1003,1074,1075,-1,1003,1075,1004,-1,1004,1075,1076,-1,1004,1076,1005,-1,1005,1076,1077,-1,1005,1077,1006,-1,1006,1077,1078,-1,1006,1078,1007,-1,1007,1078,1079,-1,1007,1079,1008,-1,1008,1079,1080,-1,1008,1080,1009,-1,1009,1080,1081,-1,1009,1081,1010,-1,1010,1081,1082,-1,1010,1082,1011,-1,1011,1082,1083,-1,1011,1083,1012,-1,1012,1083,1084,-1,1012,1084,1013,-1,1013,1084,1085,-1,1013,1085,1014,-1,1014,1085,1086,-1,1014,1086,1015,-1,1015,1086,1087,-1,1015,1087,1016,-1,1016,1087,1088,-1,1016,1088,1017,-1,1017,1088,1089,-1,1017,1089,1018,-1,1018,1089,1090,-1,1018,1090,1019,-1,1019,1090,1091,-1,1019,1091,1020,-1,1020,1091,1092,-1,1020,1092,1021,-1,1021,1092,1093,-1,1021,1093,1022,-1,1022,1093,1094,-1,1022,1094,1023,-1,1023,1094,1095,-1,1023,1095,1024,-1,1024,1095,1096,-1,1024,1096,1025,-1,1025,1096,1097,-1,1025,1097,1026,-1,1026,1097,1098,-1,1026,1098,1027,-1,1027,1098,1099,-1,1027,1099,1028,-1,1028,1099,1100,-1,1028,1100,1029,-1,1029,1100,1101,-1,1029,1101,1030,-1,1030,1101,1102,-1,1030,1102,1031,-1,1031,1102,1103,-1,1031,1103,1032,-1,1032,1103,1104,-1,1032,1104,1033,-1,1033,1104,1105,-1,1033,1105,1034,-1,1034,1105,1106,-1,1034,1106,1035,-1,1035,1106,1107,-1,1035,1107,1036,-1,1036,1107,1108,-1,1036,1108,1037,-1,1037,1108,1109,-1,1037,1109,1038,-1,1038,1109,1110,-1,1038,1110,1039,-1,1039,1110,1111,-1,1039,1111,1040,-1,1040,1111,1112,-1,1040,1112,1041,-1,1041,1112,1113,-1,1041,1113,1042,-1,1042,1113,1114,-1,1042,1114,1043,-1,1043,1114,1115,-1,1043,1115,1044,-1,1044,1115,1116,-1,1044,1116,1045,-1,1045,1116,1117,-1,1045,1117,1046,-1,1046,1117,1118,-1,1046,1118,1047,-1,1047,1118,1119,-1,1047,1119,1048,-1,1048,1119,1120,-1,1048,1120,1049,-1,1049,1120,1121,-1,1049,1121,1050,-1,1050,1121,1122,-1,1050,1122,1051,-1,1051,1122,1123,-1,1051,1123,1052,-1,1052,1123,1124,-1,1052,1124,1053,-1,1053,1124,1125,-1,1053,1125,1054,-1,1054,1125,1126,-1,1054,1126,1055,-1,1055,1126,1127,-1,1055,1127,1056,-1,1056,1127,1128,-1,1056,1128,1057,-1,1057,1128,1129,-1,1057,1129,1058,-1,1058,1129,1130,-1,1058,1130,1059,-1,1059,1130,1131,-1,1059,1131,1060,-1,1060,1131,1132,-1,1060,1132,1061,-1,1061,1132,1133,-1,1061,1133,1062,-1,1062,1133,1134,-1,1062,1134,1063,-1,1063,1134,1135,-1,1063,1135,1064,-1,1064,1135,1136,-1,1064,1136,1065,-1,1065,1136,1066,-1,1136,1137,1066,-1,1066,1137,1138,-1,1066,1138,1067,-1,1067,1138,1139,-1,1067,1139,1068,-1,1068,1139,1140,-1,1068,1140,1069,-1,1069,1140,1141,-1,1069,1141,1070,-1,1070,1141,1142,-1,1070,1142,1071,-1,1071,1142,1143,-1,1071,1143,1072,-1,1072,1143,1144,-1,1072,1144,1073,-1,1073,1144,1145,-1,1073,1145,1074,-1,1074,1145,1146,-1,1074,1146,1075,-1,1075,1146,1147,-1,1075,1147,1076,-1,1076,1147,1148,-1,1076,1148,1077,-1,1077,1148,1149,-1,1077,1149,1078,-1,1078,1149,1150,-1,1078,1150,1079,-1,1079,1150,1151,-1,1079,1151,1080,-1,1080,1151,1152,-1,1080,1152,1081,-1,1081,1152,1153,-1,1081,1153,1082,-1,1082,1153,1154,-1,1082,1154,1083,-1,1083,1154,1155,-1,1083,1155,1084,-1,1084,1155,1156,-1,1084,1156,1085,-1,1085,1156,1157,-1,1085,1157,1086,-1,1086,1157,1158,-1,1086,1158,1087,-1,1087,1158,1159,-1,1087,1159,1088,-1,1088,1159,1160,-1,1088,1160,1089,-1,1089,1160,1161,-1,1089,1161,1090,-1,1090,1161,1162,-1,1090,1162,1091,-1,1091,1162,1163,-1,1091,1163,1092,-1,1092,1163,1164,-1,1092,1164,1093,-1,1093,1164,1165,-1,1093,1165,1094,-1,1094,1165,1166,-1,1094,1166,1095,-1,1095,1166,1167,-1,1095,1167,1096,-1,1096,1167,1168,-1,1096,1168,1097,-1,1097,1168,1169,-1,1097,1169,1098,-1,1098,1169,1170,-1,1098,1170,1099,-1,1099,1170,1171,-1,1099,1171,1100,-1,1100,1171,1172,-1,1100,1172,1101,-1,1101,1172,1173,-1,1101,1173,1102,-1,1102,1173,1174,-1,1102,1174,1103,-1,1103,1174,1175,-1,1103,1175,1104,-1,1104,1175,1176,-1,1104,1176,1105,-1,1105,1176,1177,-1,1105,1177,1106,-1,1106,1177,1178,-1,1106,1178,1107,-1,1107,1178,1179,-1,1107,1179,1108,-1,1108,1179,1180,-1,1108,1180,1109,-1,1109,1180,1181,-1,1109,1181,1110,-1,1110,1181,1182,-1,1110,1182,1111,-1,1111,1182,1183,-1,1111,1183,1112,-1,1112,1183,1184,-1,1112,1184,1113,-1,1113,1184,1185,-1,1113,1185,1114,-1,1114,1185,1186,-1,1114,1186,1115,-1,1115,1186,1187,-1,1115,1187,1116,-1,1116,1187,1188,-1,1116,1188,1117,-1,1117,1188,1189,-1,1117,1189,1118,-1,1118,1189,1190,-1,1118,1190,1119,-1,1119,1190,1191,-1,1119,1191,1120,-1,1120,1191,1192,-1,1120,1192,1121,-1,1121,1192,1193,-1,1121,1193,1122,-1,1122,1193,1194,-1,1122,1194,1123,-1,1123,1194,1195,-1,1123,1195,1124,-1,1124,1195,1196,-1,1124,1196,1125,-1,1125,1196,1197,-1,1125,1197,1126,-1,1126,1197,1198,-1,1126,1198,1127,-1,1127,1198,1199,-1,1127,1199,1128,-1,1128,1199,1200,-1,1128,1200,1129,-1,1129,1200,1201,-1,1129,1201,1130,-1,1130,1201,1202,-1,1130,1202,1131,-1,1131,1202,1203,-1,1131,1203,1132,-1,1132,1203,1204,-1,1132,1204,1133,-1,1133,1204,1205,-1,1133,1205,1134,-1,1134,1205,1206,-1,1134,1206,1135,-1,1135,1206,1207,-1,1135,1207,1136,-1,1136,1207,1137,-1,1207,1208,1137,-1,1137,1208,1209,-1,1137,1209,1138,-1,1138,1209,1210,-1,1138,1210,1139,-1,1139,1210,1211,-1,1139,1211,1140,-1,1140,1211,1212,-1,1140,1212,1141,-1,1141,1212,1213,-1,1141,1213,1142,-1,1142,1213,1214,-1,1142,1214,1143,-1,1143,1214,1215,-1,1143,1215,1144,-1,1144,1215,1216,-1,1144,1216,1145,-1,1145,1216,1217,-1,1145,1217,1146,-1,1146,1217,1218,-1,1146,1218,1147,-1,1147,1218,1219,-1,1147,1219,1148,-1,1148,1219,1220,-1,1148,1220,1149,-1,1149,1220,1221,-1,1149,1221,1150,-1,1150,1221,1222,-1,1150,1222,1151,-1,1151,1222,1223,-1,1151,1223,1152,-1,1152,1223,1224,-1,1152,1224,1153,-1,1153,1224,1225,-1,1153,1225,1154,-1,1154,1225,1226,-1,1154,1226,1155,-1,1155,1226,1227,-1,1155,1227,1156,-1,1156,1227,1228,-1,1156,1228,1157,-1,1157,1228,1229,-1,1157,1229,1158,-1,1158,1229,1230,-1,1158,1230,1159,-1,1159,1230,1231,-1,1159,1231,1160,-1,1160,1231,1232,-1,1160,1232,1161,-1,1161,1232,1233,-1,1161,1233,1162,-1,1162,1233,1234,-1,1162,1234,1163,-1,1163,1234,1235,-1,1163,1235,1164,-1,1164,1235,1236,-1,1164,1236,1165,-1,1165,1236,1237,-1,1165,1237,1166,-1,1166,1237,1238,-1,1166,1238,1167,-1,1167,1238,1239,-1,1167,1239,1168,-1,1168,1239,1240,-1,1168,1240,1169,-1,1169,1240,1241,-1,1169,1241,1170,-1,1170,1241,1242,-1,1170,1242,1171,-1,1171,1242,1243,-1,1171,1243,1172,-1,1172,1243,1244,-1,1172,1244,1173,-1,1173,1244,1245,-1,1173,1245,1174,-1,1174,1245,1246,-1,1174,1246,1175,-1,1175,1246,1247,-1,1175,1247,1176,-1,1176,1247,1248,-1,1176,1248,1177,-1,1177,1248,1249,-1,1177,1249,1178,-1,1178,1249,1250,-1,1178,1250,1179,-1,1179,1250,1251,-1,1179,1251,1180,-1,1180,1251,1252,-1,1180,1252,1181,-1,1181,1252,1253,-1,1181,1253,1182,-1,1182,1253,1254,-1,1182,1254,1183,-1,1183,1254,1255,-1,1183,1255,1184,-1,1184,1255,1256,-1,1184,1256,1185,-1,1185,1256,1257,-1,1185,1257,1186,-1,1186,1257,1258,-1,1186,1258,1187,-1,1187,1258,1259,-1,1187,1259,1188,-1,1188,1259,1260,-1,1188,1260,1189,-1,1189,1260,1261,-1,1189,1261,1190,-1,1190,1261,1262,-1,1190,1262,1191,-1,1191,1262,1263,-1,1191,1263,1192,-1,1192,1263,1264,-1,1192,1264,1193,-1,1193,1264,1265,-1,1193,1265,1194,-1,1194,1265,1266,-1,1194,1266,1195,-1,1195,1266,1267,-1,1195,1267,1196,-1,1196,1267,1268,-1,1196,1268,1197,-1,1197,1268,1269,-1,1197,1269,1198,-1,1198,1269,1270,-1,1198,1270,1199,-1,1199,1270,1271,-1,1199,1271,1200,-1,1200,1271,1272,-1,1200,1272,1201,-1,1201,1272,1273,-1,1201,1273,1202,-1,1202,1273,1274,-1,1202,1274,1203,-1,1203,1274,1275,-1,1203,1275,1204,-1,1204,1275,1276,-1,1204,1276,1205,-1,1205,1276,1277,-1,1205,1277,1206,-1,1206,1277,1278,-1,1206,1278,1207,-1,1207,1278,1208,-1,1278,1279,1208,-1,1208,1279,1280,-1,1208,1280,1209,-1,1209,1280,1281,-1,1209,1281,1210,-1,1210,1281,1282,-1,1210,1282,1211,-1,1211,1282,1283,-1,1211,1283,1212,-1,1212,1283,1284,-1,1212,1284,1213,-1,1213,1284,1285,-1,1213,1285,1214,-1,1214,1285,1286,-1,1214,1286,1215,-1,1215,1286,1287,-1,1215,1287,1216,-1,1216,1287,1288,-1,1216,1288,1217,-1,1217,1288,1289,-1,1217,1289,1218,-1,1218,1289,1290,-1,1218,1290,1219,-1,1219,1290,1291,-1,1219,1291,1220,-1,1220,1291,1292,-1,1220,1292,1221,-1,1221,1292,1293,-1,1221,1293,1222,-1,1222,1293,1294,-1,1222,1294,1223,-1,1223,1294,1295,-1,1223,1295,1224,-1,1224,1295,1296,-1,1224,1296,1225,-1,1225,1296,1297,-1,1225,1297,1226,-1,1226,1297,1298,-1,1226,1298,1227,-1,1227,1298,1299,-1,1227,1299,1228,-1,1228,1299,1300,-1,1228,1300,1229,-1,1229,1300,1301,-1,1229,1301,1230,-1,1230,1301,1302,-1,1230,1302,1231,-1,1231,1302,1303,-1,1231,1303,1232,-1,1232,1303,1304,-1,1232,1304,1233,-1,1233,1304,1305,-1,1233,1305,1234,-1,1234,1305,1306,-1,1234,1306,1235,-1,1235,1306,1307,-1,1235,1307,1236,-1,1236,1307,1308,-1,1236,1308,1237,-1,1237,1308,1309,-1,1237,1309,1238,-1,1238,1309,1310,-1,1238,1310,1239,-1,1239,1310,1311,-1,1239,1311,1240,-1,1240,1311,1312,-1,1240,1312,1241,-1,1241,1312,1313,-1,1241,1313,1242,-1,1242,1313,1314,-1,1242,1314,1243,-1,1243,1314,1315,-1,1243,1315,1244,-1,1244,1315,1316,-1,1244,1316,1245,-1,1245,1316,1317,-1,1245,1317,1246,-1,1246,1317,1318,-1,1246,1318,1247,-1,1247,1318,1319,-1,1247,1319,1248,-1,1248,1319,1320,-1,1248,1320,1249,-1,1249,1320,1321,-1,1249,1321,1250,-1,1250,1321,1322,-1,1250,1322,1251,-1,1251,1322,1323,-1,1251,1323,1252,-1,1252,1323,1324,-1,1252,1324,1253,-1,1253,1324,1325,-1,1253,1325,1254,-1,1254,1325,1326,-1,1254,1326,1255,-1,1255,1326,1327,-1,1255,1327,1256,-1,1256,1327,1328,-1,1256,1328,1257,-1,1257,1328,1329,-1,1257,1329,1258,-1,1258,1329,1330,-1,1258,1330,1259,-1,1259,1330,1331,-1,1259,1331,1260,-1,1260,1331,1332,-1,1260,1332,1261,-1,1261,1332,1333,-1,1261,1333,1262,-1,1262,1333,1334,-1,1262,1334,1263,-1,1263,1334,1335,-1,1263,1335,1264,-1,1264,1335,1336,-1,1264,1336,1265,-1,1265,1336,1337,-1,1265,1337,1266,-1,1266,1337,1338,-1,1266,1338,1267,-1,1267,1338,1339,-1,1267,1339,1268,-1,1268,1339,1340,-1,1268,1340,1269,-1,1269,1340,1341,-1,1269,1341,1270,-1,1270,1341,1342,-1,1270,1342,1271,-1,1271,1342,1343,-1,1271,1343,1272,-1,1272,1343,1344,-1,1272,1344,1273,-1,1273,1344,1345,-1,1273,1345,1274,-1,1274,1345,1346,-1,1274,1346,1275,-1,1275,1346,1347,-1,1275,1347,1276,-1,1276,1347,1348,-1,1276,1348,1277,-1,1277,1348,1349,-1,1277,1349,1278,-1,1278,1349,1279,-1,1349,1350,1279,-1,1279,1350,1351,-1,1279,1351,1280,-1,1280,1351,1352,-1,1280,1352,1281,-1,1281,1352,1353,-1,1281,1353,1282,-1,1282,1353,1354,-1,1282,1354,1283,-1,1283,1354,1355,-1,1283,1355,1284,-1,1284,1355,1356,-1,1284,1356,1285,-1,1285,1356,1357,-1,1285,1357,1286,-1,1286,1357,1358,-1,1286,1358,1287,-1,1287,1358,1359,-1,1287,1359,1288,-1,1288,1359,1360,-1,1288,1360,1289,-1,1289,1360,1361,-1,1289,1361,1290,-1,1290,1361,1362,-1,1290,1362,1291,-1,1291,1362,1363,-1,1291,1363,1292,-1,1292,1363,1364,-1,1292,1364,1293,-1,1293,1364,1365,-1,1293,1365,1294,-1,1294,1365,1366,-1,1294,1366,1295,-1,1295,1366,1367,-1,1295,1367,1296,-1,1296,1367,1368,-1,1296,1368,1297,-1,1297,1368,1369,-1,1297,1369,1298,-1,1298,1369,1370,-1,1298,1370,1299,-1,1299,1370,1371,-1,1299,1371,1300,-1,1300,1371,1372,-1,1300,1372,1301,-1,1301,1372,1373,-1,1301,1373,1302,-1,1302,1373,1374,-1,1302,1374,1303,-1,1303,1374,1375,-1,1303,1375,1304,-1,1304,1375,1376,-1,1304,1376,1305,-1,1305,1376,1377,-1,1305,1377,1306,-1,1306,1377,1378,-1,1306,1378,1307,-1,1307,1378,1379,-1,1307,1379,1308,-1,1308,1379,1380,-1,1308,1380,1309,-1,1309,1380,1381,-1,1309,1381,1310,-1,1310,1381,1382,-1,1310,1382,1311,-1,1311,1382,1383,-1,1311,1383,1312,-1,1312,1383,1384,-1,1312,1384,1313,-1,1313,1384,1385,-1,1313,1385,1314,-1,1314,1385,1386,-1,1314,1386,1315,-1,1315,1386,1387,-1,1315,1387,1316,-1,1316,1387,1388,-1,1316,1388,1317,-1,1317,1388,1389,-1,1317,1389,1318,-1,1318,1389,1390,-1,1318,1390,1319,-1,1319,1390,1391,-1,1319,1391,1320,-1,1320,1391,1392,-1,1320,1392,1321,-1,1321,1392,1393,-1,1321,1393,1322,-1,1322,1393,1394,-1,1322,1394,1323,-1,1323,1394,1395,-1,1323,1395,1324,-1,1324,1395,1396,-1,1324,1396,1325,-1,1325,1396,1397,-1,1325,1397,1326,-1,1326,1397,1398,-1,1326,1398,1327,-1,1327,1398,1399,-1,1327,1399,1328,-1,1328,1399,1400,-1,1328,1400,1329,-1,1329,1400,1401,-1,1329,1401,1330,-1,1330,1401,1402,-1,1330,1402,1331,-1,1331,1402,1403,-1,1331,1403,1332,-1,1332,1403,1404,-1,1332,1404,1333,-1,1333,1404,1405,-1,1333,1405,1334,-1,1334,1405,1406,-1,1334,1406,1335,-1,1335,1406,1407,-1,1335,1407,1336,-1,1336,1407,1408,-1,1336,1408,1337,-1,1337,1408,1409,-1,1337,1409,1338,-1,1338,1409,1410,-1,1338,1410,1339,-1,1339,1410,1411,-1,1339,1411,1340,-1,1340,1411,1412,-1,1340,1412,1341,-1,1341,1412,1413,-1,1341,1413,1342,-1,1342,1413,1414,-1,1342,1414,1343,-1,1343,1414,1415,-1,1343,1415,1344,-1,1344,1415,1416,-1,1344,1416,1345,-1,1345,1416,1417,-1,1345,1417,1346,-1,1346,1417,1418,-1,1346,1418,1347,-1,1347,1418,1419,-1,1347,1419,1348,-1,1348,1419,1420,-1,1348,1420,1349,-1,1349,1420,1350,-1,1420,1421,1350,-1,1350,1421,1422,-1,1350,1422,1351,-1,1351,1422,1423,-1,1351,1423,1352,-1,1352,1423,1424,-1,1352,1424,1353,-1,1353,1424,1425,-1,1353,1425,1354,-1,1354,1425,1426,-1,1354,1426,1355,-1,1355,1426,1427,-1,1355,1427,1356,-1,1356,1427,1428,-1,1356,1428,1357,-1,1357,1428,1429,-1,1357,1429,1358,-1,1358,1429,1430,-1,1358,1430,1359,-1,1359,1430,1431,-1,1359,1431,1360,-1,1360,1431,1432,-1,1360,1432,1361,-1,1361,1432,1433,-1,1361,1433,1362,-1,1362,1433,1434,-1,1362,1434,1363,-1,1363,1434,1435,-1,1363,1435,1364,-1,1364,1435,1436,-1,1364,1436,1365,-1,1365,1436,1437,-1,1365,1437,1366,-1,1366,1437,1438,-1,1366,1438,1367,-1,1367,1438,1439,-1,1367,1439,1368,-1,1368,1439,1440,-1,1368,1440,1369,-1,1369,1440,1441,-1,1369,1441,1370,-1,1370,1441,1442,-1,1370,1442,1371,-1,1371,1442,1443,-1,1371,1443,1372,-1,1372,1443,1444,-1,1372,1444,1373,-1,1373,1444,1445,-1,1373,1445,1374,-1,1374,1445,1446,-1,1374,1446,1375,-1,1375,1446,1447,-1,1375,1447,1376,-1,1376,1447,1448,-1,1376,1448,1377,-1,1377,1448,1449,-1,1377,1449,1378,-1,1378,1449,1450,-1,1378,1450,1379,-1,1379,1450,1451,-1,1379,1451,1380,-1,1380,1451,1452,-1,1380,1452,1381,-1,1381,1452,1453,-1,1381,1453,1382,-1,1382,1453,1454,-1,1382,1454,1383,-1,1383,1454,1455,-1,1383,1455,1384,-1,1384,1455,1456,-1,1384,1456,1385,-1,1385,1456,1457,-1,1385,1457,1386,-1,1386,1457,1458,-1,1386,1458,1387,-1,1387,1458,1459,-1,1387,1459,1388,-1,1388,1459,1460,-1,1388,1460,1389,-1,1389,1460,1461,-1,1389,1461,1390,-1,1390,1461,1462,-1,1390,1462,1391,-1,1391,1462,1463,-1,1391,1463,1392,-1,1392,1463,1464,-1,1392,1464,1393,-1,1393,1464,1465,-1,1393,1465,1394,-1,1394,1465,1466,-1,1394,1466,1395,-1,1395,1466,1467,-1,1395,1467,1396,-1,1396,1467,1468,-1,1396,1468,1397,-1,1397,1468,1469,-1,1397,1469,1398,-1,1398,1469,1470,-1,1398,1470,1399,-1,1399,1470,1471,-1,1399,1471,1400,-1,1400,1471,1472,-1,1400,1472,1401,-1,1401,1472,1473,-1,1401,1473,1402,-1,1402,1473,1474,-1,1402,1474,1403,-1,1403,1474,1475,-1,1403,1475,1404,-1,1404,1475,1476,-1,1404,1476,1405,-1,1405,1476,1477,-1,1405,1477,1406,-1,1406,1477,1478,-1,1406,1478,1407,-1,1407,1478,1479,-1,1407,1479,1408,-1,1408,1479,1480,-1,1408,1480,1409,-1,1409,1480,1481,-1,1409,1481,1410,-1,1410,1481,1482,-1,1410,1482,1411,-1,1411,1482,1483,-1,1411,1483,1412,-1,1412,1483,1484,-1,1412,1484,1413,-1,1413,1484,1485,-1,1413,1485,1414,-1,1414,1485,1486,-1,1414,1486,1415,-1,1415,1486,1487,-1,1415,1487,1416,-1,1416,1487,1488,-1,1416,1488,1417,-1,1417,1488,1489,-1,1417,1489,1418,-1,1418,1489,1490,-1,1418,1490,1419,-1,1419,1490,1491,-1,1419,1491,1420,-1,1420,1491,1421,-1,1491,1492,1421,-1,1421,1492,1493,-1,1421,1493,1422,-1,1422,1493,1494,-1,1422,1494,1423,-1,1423,1494,1495,-1,1423,1495,1424,-1,1424,1495,1496,-1,1424,1496,1425,-1,1425,1496,1497,-1,1425,1497,1426,-1,1426,1497,1498,-1,1426,1498,1427,-1,1427,1498,1499,-1,1427,1499,1428,-1,1428,1499,1500,-1,1428,1500,1429,-1,1429,1500,1501,-1,1429,1501,1430,-1,1430,1501,1502,-1,1430,1502,1431,-1,1431,1502,1503,-1,1431,1503,1432,-1,1432,1503,1504,-1,1432,1504,1433,-1,1433,1504,1505,-1,1433,1505,1434,-1,1434,1505,1506,-1,1434,1506,1435,-1,1435,1506,1507,-1,1435,1507,1436,-1,1436,1507,1508,-1,1436,1508,1437,-1,1437,1508,1509,-1,1437,1509,1438,-1,1438,1509,1510,-1,1438,1510,1439,-1,1439,1510,1511,-1,1439,1511,1440,-1,1440,1511,1512,-1,1440,1512,1441,-1,1441,1512,1513,-1,1441,1513,1442,-1,1442,1513,1514,-1,1442,1514,1443,-1,1443,1514,1515,-1,1443,1515,1444,-1,1444,1515,1516,-1,1444,1516,1445,-1,1445,1516,1517,-1,1445,1517,1446,-1,1446,1517,1518,-1,1446,1518,1447,-1,1447,1518,1519,-1,1447,1519,1448,-1,1448,1519,1520,-1,1448,1520,1449,-1,1449,1520,1521,-1,1449,1521,1450,-1,1450,1521,1522,-1,1450,1522,1451,-1,1451,1522,1523,-1,1451,1523,1452,-1,1452,1523,1524,-1,1452,1524,1453,-1,1453,1524,1525,-1,1453,1525,1454,-1,1454,1525,1526,-1,1454,1526,1455,-1,1455,1526,1527,-1,1455,1527,1456,-1,1456,1527,1528,-1,1456,1528,1457,-1,1457,1528,1529,-1,1457,1529,1458,-1,1458,1529,1530,-1,1458,1530,1459,-1,1459,1530,1531,-1,1459,1531,1460,-1,1460,1531,1532,-1,1460,1532,1461,-1,1461,1532,1533,-1,1461,1533,1462,-1,1462,1533,1534,-1,1462,1534,1463,-1,1463,1534,1535,-1,1463,1535,1464,-1,1464,1535,1536,-1,1464,1536,1465,-1,1465,1536,1537,-1,1465,1537,1466,-1,1466,1537,1538,-1,1466,1538,1467,-1,1467,1538,1539,-1,1467,1539,1468,-1,1468,1539,1540,-1,1468,1540,1469,-1,1469,1540,1541,-1,1469,1541,1470,-1,1470,1541,1542,-1,1470,1542,1471,-1,1471,1542,1543,-1,1471,1543,1472,-1,1472,1543,1544,-1,1472,1544,1473,-1,1473,1544,1545,-1,1473,1545,1474,-1,1474,1545,1546,-1,1474,1546,1475,-1,1475,1546,1547,-1,1475,1547,1476,-1,1476,1547,1548,-1,1476,1548,1477,-1,1477,1548,1549,-1,1477,1549,1478,-1,1478,1549,1550,-1,1478,1550,1479,-1,1479,1550,1551,-1,1479,1551,1480,-1,1480,1551,1552,-1,1480,1552,1481,-1,1481,1552,1553,-1,1481,1553,1482,-1,1482,1553,1554,-1,1482,1554,1483,-1,1483,1554,1555,-1,1483,1555,1484,-1,1484,1555,1556,-1,1484,1556,1485,-1,1485,1556,1557,-1,1485,1557,1486,-1,1486,1557,1558,-1,1486,1558,1487,-1,1487,1558,1559,-1,1487,1559,1488,-1,1488,1559,1560,-1,1488,1560,1489,-1,1489,1560,1561,-1,1489,1561,1490,-1,1490,1561,1562,-1,1490,1562,1491,-1,1491,1562,1492,-1,1562,1563,1492,-1,1492,1563,1564,-1,1492,1564,1493,-1,1493,1564,1565,-1,1493,1565,1494,-1,1494,1565,1566,-1,1494,1566,1495,-1,1495,1566,1567,-1,1495,1567,1496,-1,1496,1567,1568,-1,1496,1568,1497,-1,1497,1568,1569,-1,1497,1569,1498,-1,1498,1569,1570,-1,1498,1570,1499,-1,1499,1570,1571,-1,1499,1571,1500,-1,1500,1571,1572,-1,1500,1572,1501,-1,1501,1572,1573,-1,1501,1573,1502,-1,1502,1573,1574,-1,1502,1574,1503,-1,1503,1574,1575,-1,1503,1575,1504,-1,1504,1575,1576,-1,1504,1576,1505,-1,1505,1576,1577,-1,1505,1577,1506,-1,1506,1577,1578,-1,1506,1578,1507,-1,1507,1578,1579,-1,1507,1579,1508,-1,1508,1579,1580,-1,1508,1580,1509,-1,1509,1580,1581,-1,1509,1581,1510,-1,1510,1581,1582,-1,1510,1582,1511,-1,1511,1582,1583,-1,1511,1583,1512,-1,1512,1583,1584,-1,1512,1584,1513,-1,1513,1584,1585,-1,1513,1585,1514,-1,1514,1585,1586,-1,1514,1586,1515,-1,1515,1586,1587,-1,1515,1587,1516,-1,1516,1587,1588,-1,1516,1588,1517,-1,1517,1588,1589,-1,1517,1589,1518,-1,1518,1589,1590,-1,1518,1590,1519,-1,1519,1590,1591,-1,1519,1591,1520,-1,1520,1591,1592,-1,1520,1592,1521,-1,1521,1592,1593,-1,1521,1593,1522,-1,1522,1593,1594,-1,1522,1594,1523,-1,1523,1594,1595,-1,1523,1595,1524,-1,1524,1595,1596,-1,1524,1596,1525,-1,1525,1596,1597,-1,1525,1597,1526,-1,1526,1597,1598,-1,1526,1598,1527,-1,1527,1598,1599,-1,1527,1599,1528,-1,1528,1599,1600,-1,1528,1600,1529,-1,1529,1600,1601,-1,1529,1601,1530,-1,1530,1601,1602,-1,1530,1602,1531,-1,1531,1602,1603,-1,1531,1603,1532,-1,1532,1603,1604,-1,1532,1604,1533,-1,1533,1604,1605,-1,1533,1605,1534,-1,1534,1605,1606,-1,1534,1606,1535,-1,1535,1606,1607,-1,1535,1607,1536,-1,1536,1607,1608,-1,1536,1608,1537,-1,1537,1608,1609,-1,1537,1609,1538,-1,1538,1609,1610,-1,1538,1610,1539,-1,1539,1610,1611,-1,1539,1611,1540,-1,1540,1611,1612,-1,1540,1612,1541,-1,1541,1612,1613,-1,1541,1613,1542,-1,1542,1613,1614,-1,1542,1614,1543,-1,1543,1614,1615,-1,1543,1615,1544,-1,1544,1615,1616,-1,1544,1616,1545,-1,1545,1616,1617,-1,1545,1617,1546,-1,1546,1617,1618,-1,1546,1618,1547,-1,1547,1618,1619,-1,1547,1619,1548,-1,1548,1619,1620,-1,1548,1620,1549,-1,1549,1620,1621,-1,1549,1621,1550,-1,1550,1621,1622,-1,1550,1622,1551,-1,1551,1622,1623,-1,1551,1623,1552,-1,1552,1623,1624,-1,1552,1624,1553,-1,1553,1624,1625,-1,1553,1625,1554,-1,1554,1625,1626,-1,1554,1626,1555,-1,1555,1626,1627,-1,1555,1627,1556,-1,1556,1627,1628,-1,1556,1628,1557,-1,1557,1628,1629,-1,1557,1629,1558,-1,1558,1629,1630,-1,1558,1630,1559,-1,1559,1630,1631,-1,1559,1631,1560,-1,1560,1631,1632,-1,1560,1632,1561,-1,1561,1632,1633,-1,1561,1633,1562,-1,1562,1633,1563,-1,1633,1634,1563,-1,1563,1634,1635,-1,1563,1635,1564,-1,1564,1635,1636,-1,1564,1636,1565,-1,1565,1636,1637,-1,1565,1637,1566,-1,1566,1637,1638,-1,1566,1638,1567,-1,1567,1638,1639,-1,1567,1639,1568,-1,1568,1639,1640,-1,1568,1640,1569,-1,1569,1640,1641,-1,1569,1641,1570,-1,1570,1641,1642,-1,1570,1642,1571,-1,1571,1642,1643,-1,1571,1643,1572,-1,1572,1643,1644,-1,1572,1644,1573,-1,1573,1644,1645,-1,1573,1645,1574,-1,1574,1645,1646,-1,1574,1646,1575,-1,1575,1646,1647,-1,1575,1647,1576,-1,1576,1647,1648,-1,1576,1648,1577,-1,1577,1648,1649,-1,1577,1649,1578,-1,1578,1649,1650,-1,1578,1650,1579,-1,1579,1650,1651,-1,1579,1651,1580,-1,1580,1651,1652,-1,1580,1652,1581,-1,1581,1652,1653,-1,1581,1653,1582,-1,1582,1653,1654,-1,1582,1654,1583,-1,1583,1654,1655,-1,1583,1655,1584,-1,1584,1655,1656,-1,1584,1656,1585,-1,1585,1656,1657,-1,1585,1657,1586,-1,1586,1657,1658,-1,1586,1658,1587,-1,1587,1658,1659,-1,1587,1659,1588,-1,1588,1659,1660,-1,1588,1660,1589,-1,1589,1660,1661,-1,1589,1661,1590,-1,1590,1661,1662,-1,1590,1662,1591,-1,1591,1662,1663,-1,1591,1663,1592,-1,1592,1663,1664,-1,1592,1664,1593,-1,1593,1664,1665,-1,1593,1665,1594,-1,1594,1665,1666,-1,1594,1666,1595,-1,1595,1666,1667,-1,1595,1667,1596,-1,1596,1667,1668,-1,1596,1668,1597,-1,1597,1668,1669,-1,1597,1669,1598,-1,1598,1669,1670,-1,1598,1670,1599,-1,1599,1670,1671,-1,1599,1671,1600,-1,1600,1671,1672,-1,1600,1672,1601,-1,1601,1672,1673,-1,1601,1673,1602,-1,1602,1673,1674,-1,1602,1674,1603,-1,1603,1674,1675,-1,1603,1675,1604,-1,1604,1675,1676,-1,1604,1676,1605,-1,1605,1676,1677,-1,1605,1677,1606,-1,1606,1677,1678,-1,1606,1678,1607,-1,1607,1678,1679,-1,1607,1679,1608,-1,1608,1679,1680,-1,1608,1680,1609,-1,1609,1680,1681,-1,1609,1681,1610,-1,1610,1681,1682,-1,1610,1682,1611,-1,1611,1682,1683,-1,1611,1683,1612,-1,1612,1683,1684,-1,1612,1684,1613,-1,1613,1684,1685,-1,1613,1685,1614,-1,1614,1685,1686,-1,1614,1686,1615,-1,1615,1686,1687,-1,1615,1687,1616,-1,1616,1687,1688,-1,1616,1688,1617,-1,1617,1688,1689,-1,1617,1689,1618,-1,1618,1689,1690,-1,1618,1690,1619,-1,1619,1690,1691,-1,1619,1691,1620,-1,1620,1691,1692,-1,1620,1692,1621,-1,1621,1692,1693,-1,1621,1693,1622,-1,1622,1693,1694,-1,1622,1694,1623,-1,1623,1694,1695,-1,1623,1695,1624,-1,1624,1695,1696,-1,1624,1696,1625,-1,1625,1696,1697,-1,1625,1697,1626,-1,1626,1697,1698,-1,1626,1698,1627,-1,1627,1698,1699,-1,1627,1699,1628,-1,1628,1699,1700,-1,1628,1700,1629,-1,1629,1700,1701,-1,1629,1701,1630,-1,1630,1701,1702,-1,1630,1702,1631,-1,1631,1702,1703,-1,1631,1703,1632,-1,1632,1703,1704,-1,1632,1704,1633,-1,1633,1704,1634,-1,1704,1,1634,-1,1634,1,0,-1,1634,0,1635,-1,1635,0,3,-1,1635,3,1636,-1,1636,3,4,-1,1636,4,1637,-1,1637,4,5,-1,1637,5,1638,-1,1638,5,6,-1,1638,6,1639,-1,1639,6,7,-1,1639,7,1640,-1,1640,7,8,-1,1640,8,1641,-1,1641,8,9,-1,1641,9,1642,-1,1642,9,10,-1,1642,10,1643,-1,1643,10,11,-1,1643,11,1644,-1,1644,11,12,-1,1644,12,1645,-1,1645,12,13,-1,1645,13,1646,-1,1646,13,14,-1,1646,14,1647,-1,1647,14,15,-1,1647,15,1648,-1,1648,15,16,-1,1648,16,1649,-1,1649,16,17,-1,1649,17,1650,-1,1650,17,18,-1,1650,18,1651,-1,1651,18,19,-1,1651,19,1652,-1,1652,19,20,-1,1652,20,1653,-1,1653,20,21,-1,1653,21,1654,-1,1654,21,22,-1,1654,22,1655,-1,1655,22,23,-1,1655,23,1656,-1,1656,23,24,-1,1656,24,1657,-1,1657,24,25,-1,1657,25,1658,-1,1658,25,26,-1,1658,26,1659,-1,1659,26,27,-1,1659,27,1660,-1,1660,27,28,-1,1660,28,1661,-1,1661,28,29,-1,1661,29,1662,-1,1662,29,30,-1,1662,30,1663,-1,1663,30,31,-1,1663,31,1664,-1,1664,31,32,-1,1664,32,1665,-1,1665,32,33,-1,1665,33,1666,-1,1666,33,34,-1,1666,34,1667,-1,1667,34,35,-1,1667,35,1668,-1,1668,35,36,-1,1668,36,1669,-1,1669,36,37,-1,1669,37,1670,-1,1670,37,38,-1,1670,38,1671,-1,1671,38,39,-1,1671,39,1672,-1,1672,39,40,-1,1672,40,1673,-1,1673,40,41,-1,1673,41,1674,-1,1674,41,42,-1,1674,42,1675,-1,1675,42,43,-1,1675,43,1676,-1,1676,43,44,-1,1676,44,1677,-1,1677,44,45,-1,1677,45,1678,-1,1678,45,46,-1,1678,46,1679,-1,1679,46,47,-1,1679,47,1680,-1,1680,47,48,-1,1680,48,1681,-1,1681,48,49,-1,1681,49,1682,-1,1682,49,50,-1,1682,50,1683,-1,1683,50,51,-1,1683,51,1684,-1,1684,51,52,-1,1684,52,1685,-1,1685,52,53,-1,1685,53,1686,-1,1686,53,54,-1,1686,54,1687,-1,1687,54,55,-1,1687,55,1688,-1,1688,55,56,-1,1688,56,1689,-1,1689,56,57,-1,1689,57,1690,-1,1690,57,58,-1,1690,58,1691,-1,1691,58,59,-1,1691,59,1692,-1,1692,59,60,-1,1692,60,1693,-1,1693,60,61,-1,1693,61,1694,-1,1694,61,62,-1,1694,62,1695,-1,1695,62,63,-1,1695,63,1696,-1,1696,63,64,-1,1696,64,1697,-1,1697,64,65,-1,1697,65,1698,-1,1698,65,66,-1,1698,66,1699,-1,1699,66,67,-1,1699,67,1700,-1,1700,67,68,-1,1700,68,1701,-1,1701,68,69,-1,1701,69,1702,-1,1702,69,70,-1,1702,70,1703,-1,1703,70,71,-1,1703,71,1704,-1,1704,71,1,-1,72,74,1705,-1,72,1705,212,-1,206,208,1705,-1,1705,208,210,-1,1705,210,212,-1,200,202,1705,-1,1705,202,204,-1,1705,204,206,-1,194,196,1705,-1,1705,196,198,-1,1705,198,200,-1,188,190,1705,-1,1705,190,192,-1,1705,192,194,-1,182,184,1705,-1,1705,184,186,-1,1705,186,188,-1,176,178,1705,-1,1705,178,180,-1,1705,180,182,-1,170,172,1705,-1,1705,172,174,-1,1705,174,176,-1,164,166,1705,-1,1705,166,168,-1,1705,168,170,-1,158,160,1705,-1,1705,160,162,-1,1705,162,164,-1,152,154,1705,-1,1705,154,156,-1,1705,156,158,-1,146,148,1705,-1,1705,148,150,-1,1705,150,152,-1,140,142,1705,-1,1705,142,144,-1,1705,144,146,-1,134,136,1705,-1,1705,136,138,-1,1705,138,140,-1,128,130,1705,-1,1705,130,132,-1,1705,132,134,-1,122,124,1705,-1,1705,124,126,-1,1705,126,128,-1,116,118,1705,-1,1705,118,120,-1,1705,120,122,-1,110,112,1705,-1,1705,112,114,-1,1705,114,116,-1,104,106,1705,-1,1705,106,108,-1,1705,108,110,-1,98,100,1705,-1,1705,100,102,-1,1705,102,104,-1,92,94,1705,-1,1705,94,96,-1,1705,96,98,-1,86,88,1705,-1,1705,88,90,-1,1705,90,92,-1,80,82,1705,-1,1705,82,84,-1,1705,84,86,-1,74,76,1705,-1,1705,76,78,-1,1705,78,80,-1,1706,1707,1708,-1,1706,1708,1709,-1,1710,1709,1708,-1,1711,1710,1708,-1,1712,1711,1708,-1,1713,1712,1708,-1,1714,1713,1708,-1,1715,1714,1708,-1,1716,1715,1708,-1,1717,1716,1708,-1,1718,1717,1708,-1,1719,1718,1708,-1,1720,1719,1708,-1,1721,1720,1708,-1,1722,1721,1708,-1,1723,1722,1708,-1,1724,1723,1708,-1,1725,1724,1708,-1,1726,1725,1708,-1,1727,1726,1708,-1,1728,1727,1708,-1,1729,1728,1708,-1,1730,1729,1708,-1,1731,1730,1708,-1,1732,1731,1708,-1,1733,1732,1708,-1,1734,1733,1708,-1,1735,1734,1708,-1,1736,1735,1708,-1,1737,1736,1708,-1,1738,1737,1708,-1,1739,1738,1708,-1,1740,1739,1708,-1,1741,1740,1708,-1,1742,1741,1708,-1,1743,1742,1708,-1,1744,1743,1708,-1,1745,1744,1708,-1,1746,1745,1708,-1,1747,1746,1708,-1,1748,1747,1708,-1,1749,1748,1708,-1,1750,1749,1708,-1,1751,1750,1708,-1,1752,1751,1708,-1,1753,1752,1708,-1,1754,1753,1708,-1,1755,1754,1708,-1,1756,1755,1708,-1,1757,1756,1708,-1,1758,1757,1708,-1,1759,1758,1708,-1,1760,1759,1708,-1,1761,1760,1708,-1,1762,1761,1708,-1,1763,1762,1708,-1,1764,1763,1708,-1,1765,1764,1708,-1,1766,1765,1708,-1,1767,1766,1708,-1,1768,1767,1708,-1,1769,1768,1708,-1,1770,1769,1708,-1,1771,1770,1708,-1,1772,1771,1708,-1,1773,1772,1708,-1,1774,1773,1708,-1,1775,1774,1708,-1,1776,1775,1708,-1,1777,1776,1708,-1,1707,1777,1708,-1,1778,1779,1780,-1,1780,1779,1781,-1,1780,1781,1782,-1,1782,1781,1783,-1,1782,1783,1784,-1,1784,1783,1785,-1,1784,1785,1786,-1,1786,1785,1787,-1,1786,1787,1788,-1,1788,1787,1789,-1,1788,1789,1790,-1,1790,1789,1791,-1,1790,1791,1792,-1,1792,1791,1793,-1,1792,1793,1794,-1,1794,1793,1795,-1,1794,1795,1796,-1,1796,1795,1797,-1,1796,1797,1798,-1,1798,1797,1799,-1,1798,1799,1800,-1,1800,1799,1801,-1,1800,1801,1802,-1,1802,1801,1803,-1,1802,1803,1804,-1,1804,1803,1805,-1,1804,1805,1806,-1,1806,1805,1807,-1,1806,1807,1808,-1,1808,1807,1809,-1,1808,1809,1810,-1,1810,1809,1811,-1,1810,1811,1812,-1,1812,1811,1813,-1,1812,1813,1814,-1,1814,1813,1815,-1,1814,1815,1816,-1,1816,1815,1817,-1,1816,1817,1818,-1,1818,1817,1819,-1,1818,1819,1820,-1,1820,1819,1821,-1,1820,1821,1822,-1,1822,1821,1823,-1,1822,1823,1824,-1,1824,1823,1825,-1,1824,1825,1826,-1,1826,1825,1827,-1,1826,1827,1828,-1,1828,1827,1829,-1,1828,1829,1830,-1,1830,1829,1831,-1,1830,1831,1832,-1,1832,1831,1833,-1,1832,1833,1834,-1,1834,1833,1835,-1,1834,1835,1836,-1,1836,1835,1837,-1,1836,1837,1838,-1,1838,1837,1839,-1,1838,1839,1840,-1,1840,1839,1841,-1,1840,1841,1842,-1,1842,1841,1843,-1,1842,1843,1844,-1,1844,1843,1845,-1,1844,1845,1846,-1,1846,1845,1847,-1,1846,1847,1848,-1,1848,1847,1849,-1,1848,1849,1850,-1,1850,1849,1851,-1,1850,1851,1852,-1,1852,1851,1853,-1,1852,1853,1854,-1,1854,1853,1855,-1,1854,1855,1856,-1,1856,1855,1857,-1,1856,1857,1858,-1,1858,1857,1859,-1,1858,1859,1860,-1,1860,1859,1861,-1,1860,1861,1862,-1,1862,1861,1863,-1,1862,1863,1864,-1,1864,1863,1865,-1,1864,1865,1866,-1,1866,1865,1867,-1,1866,1867,1868,-1,1868,1867,1869,-1,1868,1869,1870,-1,1870,1869,1871,-1,1870,1871,1872,-1,1872,1871,1873,-1,1872,1873,1874,-1,1874,1873,1875,-1,1874,1875,1876,-1,1876,1875,1877,-1,1876,1877,1878,-1,1878,1877,1879,-1,1878,1879,1880,-1,1880,1879,1881,-1,1880,1881,1882,-1,1882,1881,1883,-1,1882,1883,1884,-1,1884,1883,1885,-1,1884,1885,1886,-1,1886,1885,1887,-1,1886,1887,1888,-1,1888,1887,1889,-1,1888,1889,1890,-1,1890,1889,1891,-1,1890,1891,1892,-1,1892,1891,1893,-1,1892,1893,1894,-1,1894,1893,1895,-1,1894,1895,1896,-1,1896,1895,1897,-1,1896,1897,1898,-1,1898,1897,1899,-1,1898,1899,1900,-1,1900,1899,1901,-1,1900,1901,1902,-1,1902,1901,1903,-1,1902,1903,1904,-1,1904,1903,1905,-1,1904,1905,1906,-1,1906,1905,1907,-1,1906,1907,1908,-1,1908,1907,1909,-1,1908,1909,1910,-1,1910,1909,1911,-1,1910,1911,1912,-1,1912,1911,1913,-1,1912,1913,1914,-1,1914,1913,1915,-1,1914,1915,1916,-1,1916,1915,1917,-1,1916,1917,1918,-1,1918,1917,1919,-1,1918,1919,1778,-1,1778,1919,1779,-1,1919,1920,1779,-1,1779,1920,1921,-1,1779,1921,1781,-1,1781,1921,1922,-1,1781,1922,1783,-1,1783,1922,1923,-1,1783,1923,1785,-1,1785,1923,1924,-1,1785,1924,1787,-1,1787,1924,1925,-1,1787,1925,1789,-1,1789,1925,1926,-1,1789,1926,1791,-1,1791,1926,1927,-1,1791,1927,1793,-1,1793,1927,1928,-1,1793,1928,1795,-1,1795,1928,1929,-1,1795,1929,1797,-1,1797,1929,1930,-1,1797,1930,1799,-1,1799,1930,1931,-1,1799,1931,1801,-1,1801,1931,1932,-1,1801,1932,1803,-1,1803,1932,1933,-1,1803,1933,1805,-1,1805,1933,1934,-1,1805,1934,1807,-1,1807,1934,1935,-1,1807,1935,1809,-1,1809,1935,1936,-1,1809,1936,1811,-1,1811,1936,1937,-1,1811,1937,1813,-1,1813,1937,1938,-1,1813,1938,1815,-1,1815,1938,1939,-1,1815,1939,1817,-1,1817,1939,1940,-1,1817,1940,1819,-1,1819,1940,1941,-1,1819,1941,1821,-1,1821,1941,1942,-1,1821,1942,1823,-1,1823,1942,1943,-1,1823,1943,1825,-1,1825,1943,1944,-1,1825,1944,1827,-1,1827,1944,1945,-1,1827,1945,1829,-1,1829,1945,1946,-1,1829,1946,1831,-1,1831,1946,1947,-1,1831,1947,1833,-1,1833,1947,1948,-1,1833,1948,1835,-1,1835,1948,1949,-1,1835,1949,1837,-1,1837,1949,1950,-1,1837,1950,1839,-1,1839,1950,1951,-1,1839,1951,1841,-1,1841,1951,1952,-1,1841,1952,1843,-1,1843,1952,1953,-1,1843,1953,1845,-1,1845,1953,1954,-1,1845,1954,1847,-1,1847,1954,1955,-1,1847,1955,1849,-1,1849,1955,1956,-1,1849,1956,1851,-1,1851,1956,1957,-1,1851,1957,1853,-1,1853,1957,1958,-1,1853,1958,1855,-1,1855,1958,1959,-1,1855,1959,1857,-1,1857,1959,1960,-1,1857,1960,1859,-1,1859,1960,1961,-1,1859,1961,1861,-1,1861,1961,1962,-1,1861,1962,1863,-1,1863,1962,1963,-1,1863,1963,1865,-1,1865,1963,1964,-1,1865,1964,1867,-1,1867,1964,1965,-1,1867,1965,1869,-1,1869,1965,1966,-1,1869,1966,1871,-1,1871,1966,1967,-1,1871,1967,1873,-1,1873,1967,1968,-1,1873,1968,1875,-1,1875,1968,1969,-1,1875,1969,1877,-1,1877,1969,1970,-1,1877,1970,1879,-1,1879,1970,1971,-1,1879,1971,1881,-1,1881,1971,1972,-1,1881,1972,1883,-1,1883,1972,1973,-1,1883,1973,1885,-1,1885,1973,1974,-1,1885,1974,1887,-1,1887,1974,1975,-1,1887,1975,1889,-1,1889,1975,1976,-1,1889,1976,1891,-1,1891,1976,1977,-1,1891,1977,1893,-1,1893,1977,1978,-1,1893,1978,1895,-1,1895,1978,1979,-1,1895,1979,1897,-1,1897,1979,1980,-1,1897,1980,1899,-1,1899,1980,1981,-1,1899,1981,1901,-1,1901,1981,1982,-1,1901,1982,1903,-1,1903,1982,1983,-1,1903,1983,1905,-1,1905,1983,1984,-1,1905,1984,1907,-1,1907,1984,1985,-1,1907,1985,1909,-1,1909,1985,1986,-1,1909,1986,1911,-1,1911,1986,1987,-1,1911,1987,1913,-1,1913,1987,1988,-1,1913,1988,1915,-1,1915,1988,1989,-1,1915,1989,1917,-1,1917,1989,1990,-1,1917,1990,1919,-1,1919,1990,1920,-1,1990,1991,1920,-1,1920,1991,1992,-1,1920,1992,1921,-1,1921,1992,1993,-1,1921,1993,1922,-1,1922,1993,1994,-1,1922,1994,1923,-1,1923,1994,1995,-1,1923,1995,1924,-1,1924,1995,1996,-1,1924,1996,1925,-1,1925,1996,1997,-1,1925,1997,1926,-1,1926,1997,1998,-1,1926,1998,1927,-1,1927,1998,1999,-1,1927,1999,1928,-1,1928,1999,2000,-1,1928,2000,1929,-1,1929,2000,2001,-1,1929,2001,1930,-1,1930,2001,2002,-1,1930,2002,1931,-1,1931,2002,2003,-1,1931,2003,1932,-1,1932,2003,2004,-1,1932,2004,1933,-1,1933,2004,2005,-1,1933,2005,1934,-1,1934,2005,2006,-1,1934,2006,1935,-1,1935,2006,2007,-1,1935,2007,1936,-1,1936,2007,2008,-1,1936,2008,1937,-1,1937,2008,2009,-1,1937,2009,1938,-1,1938,2009,2010,-1,1938,2010,1939,-1,1939,2010,2011,-1,1939,2011,1940,-1,1940,2011,2012,-1,1940,2012,1941,-1,1941,2012,2013,-1,1941,2013,1942,-1,1942,2013,2014,-1,1942,2014,1943,-1,1943,2014,2015,-1,1943,2015,1944,-1,1944,2015,2016,-1,1944,2016,1945,-1,1945,2016,2017,-1,1945,2017,1946,-1,1946,2017,2018,-1,1946,2018,1947,-1,1947,2018,2019,-1,1947,2019,1948,-1,1948,2019,2020,-1,1948,2020,1949,-1,1949,2020,2021,-1,1949,2021,1950,-1,1950,2021,2022,-1,1950,2022,1951,-1,1951,2022,2023,-1,1951,2023,1952,-1,1952,2023,2024,-1,1952,2024,1953,-1,1953,2024,2025,-1,1953,2025,1954,-1,1954,2025,2026,-1,1954,2026,1955,-1,1955,2026,2027,-1,1955,2027,1956,-1,1956,2027,2028,-1,1956,2028,1957,-1,1957,2028,2029,-1,1957,2029,1958,-1,1958,2029,2030,-1,1958,2030,1959,-1,1959,2030,2031,-1,1959,2031,1960,-1,1960,2031,2032,-1,1960,2032,1961,-1,1961,2032,2033,-1,1961,2033,1962,-1,1962,2033,2034,-1,1962,2034,1963,-1,1963,2034,2035,-1,1963,2035,1964,-1,1964,2035,2036,-1,1964,2036,1965,-1,1965,2036,2037,-1,1965,2037,1966,-1,1966,2037,2038,-1,1966,2038,1967,-1,1967,2038,2039,-1,1967,2039,1968,-1,1968,2039,2040,-1,1968,2040,1969,-1,1969,2040,2041,-1,1969,2041,1970,-1,1970,2041,2042,-1,1970,2042,1971,-1,1971,2042,2043,-1,1971,2043,1972,-1,1972,2043,2044,-1,1972,2044,1973,-1,1973,2044,2045,-1,1973,2045,1974,-1,1974,2045,2046,-1,1974,2046,1975,-1,1975,2046,2047,-1,1975,2047,1976,-1,1976,2047,2048,-1,1976,2048,1977,-1,1977,2048,2049,-1,1977,2049,1978,-1,1978,2049,2050,-1,1978,2050,1979,-1,1979,2050,2051,-1,1979,2051,1980,-1,1980,2051,2052,-1,1980,2052,1981,-1,1981,2052,2053,-1,1981,2053,1982,-1,1982,2053,2054,-1,1982,2054,1983,-1,1983,2054,2055,-1,1983,2055,1984,-1,1984,2055,2056,-1,1984,2056,1985,-1,1985,2056,2057,-1,1985,2057,1986,-1,1986,2057,2058,-1,1986,2058,1987,-1,1987,2058,2059,-1,1987,2059,1988,-1,1988,2059,2060,-1,1988,2060,1989,-1,1989,2060,2061,-1,1989,2061,1990,-1,1990,2061,1991,-1,2061,2062,1991,-1,1991,2062,2063,-1,1991,2063,1992,-1,1992,2063,2064,-1,1992,2064,1993,-1,1993,2064,2065,-1,1993,2065,1994,-1,1994,2065,2066,-1,1994,2066,1995,-1,1995,2066,2067,-1,1995,2067,1996,-1,1996,2067,2068,-1,1996,2068,1997,-1,1997,2068,2069,-1,1997,2069,1998,-1,1998,2069,2070,-1,1998,2070,1999,-1,1999,2070,2071,-1,1999,2071,2000,-1,2000,2071,2072,-1,2000,2072,2001,-1,2001,2072,2073,-1,2001,2073,2002,-1,2002,2073,2074,-1,2002,2074,2003,-1,2003,2074,2075,-1,2003,2075,2004,-1,2004,2075,2076,-1,2004,2076,2005,-1,2005,2076,2077,-1,2005,2077,2006,-1,2006,2077,2078,-1,2006,2078,2007,-1,2007,2078,2079,-1,2007,2079,2008,-1,2008,2079,2080,-1,2008,2080,2009,-1,2009,2080,2081,-1,2009,2081,2010,-1,2010,2081,2082,-1,2010,2082,2011,-1,2011,2082,2083,-1,2011,2083,2012,-1,2012,2083,2084,-1,2012,2084,2013,-1,2013,2084,2085,-1,2013,2085,2014,-1,2014,2085,2086,-1,2014,2086,2015,-1,2015,2086,2087,-1,2015,2087,2016,-1,2016,2087,2088,-1,2016,2088,2017,-1,2017,2088,2089,-1,2017,2089,2018,-1,2018,2089,2090,-1,2018,2090,2019,-1,2019,2090,2091,-1,2019,2091,2020,-1,2020,2091,2092,-1,2020,2092,2021,-1,2021,2092,2093,-1,2021,2093,2022,-1,2022,2093,2094,-1,2022,2094,2023,-1,2023,2094,2095,-1,2023,2095,2024,-1,2024,2095,2096,-1,2024,2096,2025,-1,2025,2096,2097,-1,2025,2097,2026,-1,2026,2097,2098,-1,2026,2098,2027,-1,2027,2098,2099,-1,2027,2099,2028,-1,2028,2099,2100,-1,2028,2100,2029,-1,2029,2100,2101,-1,2029,2101,2030,-1,2030,2101,2102,-1,2030,2102,2031,-1,2031,2102,2103,-1,2031,2103,2032,-1,2032,2103,2104,-1,2032,2104,2033,-1,2033,2104,2105,-1,2033,2105,2034,-1,2034,2105,2106,-1,2034,2106,2035,-1,2035,2106,2107,-1,2035,2107,2036,-1,2036,2107,2108,-1,2036,2108,2037,-1,2037,2108,2109,-1,2037,2109,2038,-1,2038,2109,2110,-1,2038,2110,2039,-1,2039,2110,2111,-1,2039,2111,2040,-1,2040,2111,2112,-1,2040,2112,2041,-1,2041,2112,2113,-1,2041,2113,2042,-1,2042,2113,2114,-1,2042,2114,2043,-1,2043,2114,2115,-1,2043,2115,2044,-1,2044,2115,2116,-1,2044,2116,2045,-1,2045,2116,2117,-1,2045,2117,2046,-1,2046,2117,2118,-1,2046,2118,2047,-1,2047,2118,2119,-1,2047,2119,2048,-1,2048,2119,2120,-1,2048,2120,2049,-1,2049,2120,2121,-1,2049,2121,2050,-1,2050,2121,2122,-1,2050,2122,2051,-1,2051,2122,2123,-1,2051,2123,2052,-1,2052,2123,2124,-1,2052,2124,2053,-1,2053,2124,2125,-1,2053,2125,2054,-1,2054,2125,2126,-1,2054,2126,2055,-1,2055,2126,2127,-1,2055,2127,2056,-1,2056,2127,2128,-1,2056,2128,2057,-1,2057,2128,2129,-1,2057,2129,2058,-1,2058,2129,2130,-1,2058,2130,2059,-1,2059,2130,2131,-1,2059,2131,2060,-1,2060,2131,2132,-1,2060,2132,2061,-1,2061,2132,2062,-1,2132,2133,2062,-1,2062,2133,2134,-1,2062,2134,2063,-1,2063,2134,2135,-1,2063,2135,2064,-1,2064,2135,2136,-1,2064,2136,2065,-1,2065,2136,2137,-1,2065,2137,2066,-1,2066,2137,2138,-1,2066,2138,2067,-1,2067,2138,2139,-1,2067,2139,2068,-1,2068,2139,2140,-1,2068,2140,2069,-1,2069,2140,2141,-1,2069,2141,2070,-1,2070,2141,2142,-1,2070,2142,2071,-1,2071,2142,2143,-1,2071,2143,2072,-1,2072,2143,2144,-1,2072,2144,2073,-1,2073,2144,2145,-1,2073,2145,2074,-1,2074,2145,2146,-1,2074,2146,2075,-1,2075,2146,2147,-1,2075,2147,2076,-1,2076,2147,2148,-1,2076,2148,2077,-1,2077,2148,2149,-1,2077,2149,2078,-1,2078,2149,2150,-1,2078,2150,2079,-1,2079,2150,2151,-1,2079,2151,2080,-1,2080,2151,2152,-1,2080,2152,2081,-1,2081,2152,2153,-1,2081,2153,2082,-1,2082,2153,2154,-1,2082,2154,2083,-1,2083,2154,2155,-1,2083,2155,2084,-1,2084,2155,2156,-1,2084,2156,2085,-1,2085,2156,2157,-1,2085,2157,2086,-1,2086,2157,2158,-1,2086,2158,2087,-1,2087,2158,2159,-1,2087,2159,2088,-1,2088,2159,2160,-1,2088,2160,2089,-1,2089,2160,2161,-1,2089,2161,2090,-1,2090,2161,2162,-1,2090,2162,2091,-1,2091,2162,2163,-1,2091,2163,2092,-1,2092,2163,2164,-1,2092,2164,2093,-1,2093,2164,2165,-1,2093,2165,2094,-1,2094,2165,2166,-1,2094,2166,2095,-1,2095,2166,2167,-1,2095,2167,2096,-1,2096,2167,2168,-1,2096,2168,2097,-1,2097,2168,2169,-1,2097,2169,2098,-1,2098,2169,2170,-1,2098,2170,2099,-1,2099,2170,2171,-1,2099,2171,2100,-1,2100,2171,2172,-1,2100,2172,2101,-1,2101,2172,2173,-1,2101,2173,2102,-1,2102,2173,2174,-1,2102,2174,2103,-1,2103,2174,2175,-1,2103,2175,2104,-1,2104,2175,2176,-1,2104,2176,2105,-1,2105,2176,2177,-1,2105,2177,2106,-1,2106,2177,2178,-1,2106,2178,2107,-1,2107,2178,2179,-1,2107,2179,2108,-1,2108,2179,2180,-1,2108,2180,2109,-1,2109,2180,2181,-1,2109,2181,2110,-1,2110,2181,2182,-1,2110,2182,2111,-1,2111,2182,2183,-1,2111,2183,2112,-1,2112,2183,2184,-1,2112,2184,2113,-1,2113,2184,2185,-1,2113,2185,2114,-1,2114,2185,2186,-1,2114,2186,2115,-1,2115,2186,2187,-1,2115,2187,2116,-1,2116,2187,2188,-1,2116,2188,2117,-1,2117,2188,2189,-1,2117,2189,2118,-1,2118,2189,2190,-1,2118,2190,2119,-1,2119,2190,2191,-1,2119,2191,2120,-1,2120,2191,2192,-1,2120,2192,2121,-1,2121,2192,2193,-1,2121,2193,2122,-1,2122,2193,2194,-1,2122,2194,2123,-1,2123,2194,2195,-1,2123,2195,2124,-1,2124,2195,2196,-1,2124,2196,2125,-1,2125,2196,2197,-1,2125,2197,2126,-1,2126,2197,2198,-1,2126,2198,2127,-1,2127,2198,2199,-1,2127,2199,2128,-1,2128,2199,2200,-1,2128,2200,2129,-1,2129,2200,2201,-1,2129,2201,2130,-1,2130,2201,2202,-1,2130,2202,2131,-1,2131,2202,2203,-1,2131,2203,2132,-1,2132,2203,2133,-1,2203,2204,2133,-1,2133,2204,2205,-1,2133,2205,2134,-1,2134,2205,2206,-1,2134,2206,2135,-1,2135,2206,2207,-1,2135,2207,2136,-1,2136,2207,2208,-1,2136,2208,2137,-1,2137,2208,2209,-1,2137,2209,2138,-1,2138,2209,2210,-1,2138,2210,2139,-1,2139,2210,2211,-1,2139,2211,2140,-1,2140,2211,2212,-1,2140,2212,2141,-1,2141,2212,2213,-1,2141,2213,2142,-1,2142,2213,2214,-1,2142,2214,2143,-1,2143,2214,2215,-1,2143,2215,2144,-1,2144,2215,2216,-1,2144,2216,2145,-1,2145,2216,2217,-1,2145,2217,2146,-1,2146,2217,2218,-1,2146,2218,2147,-1,2147,2218,2219,-1,2147,2219,2148,-1,2148,2219,2220,-1,2148,2220,2149,-1,2149,2220,2221,-1,2149,2221,2150,-1,2150,2221,2222,-1,2150,2222,2151,-1,2151,2222,2223,-1,2151,2223,2152,-1,2152,2223,2224,-1,2152,2224,2153,-1,2153,2224,2225,-1,2153,2225,2154,-1,2154,2225,2226,-1,2154,2226,2155,-1,2155,2226,2227,-1,2155,2227,2156,-1,2156,2227,2228,-1,2156,2228,2157,-1,2157,2228,2229,-1,2157,2229,2158,-1,2158,2229,2230,-1,2158,2230,2159,-1,2159,2230,2231,-1,2159,2231,2160,-1,2160,2231,2232,-1,2160,2232,2161,-1,2161,2232,2233,-1,2161,2233,2162,-1,2162,2233,2234,-1,2162,2234,2163,-1,2163,2234,2235,-1,2163,2235,2164,-1,2164,2235,2236,-1,2164,2236,2165,-1,2165,2236,2237,-1,2165,2237,2166,-1,2166,2237,2238,-1,2166,2238,2167,-1,2167,2238,2239,-1,2167,2239,2168,-1,2168,2239,2240,-1,2168,2240,2169,-1,2169,2240,2241,-1,2169,2241,2170,-1,2170,2241,2242,-1,2170,2242,2171,-1,2171,2242,2243,-1,2171,2243,2172,-1,2172,2243,2244,-1,2172,2244,2173,-1,2173,2244,2245,-1,2173,2245,2174,-1,2174,2245,2246,-1,2174,2246,2175,-1,2175,2246,2247,-1,2175,2247,2176,-1,2176,2247,2248,-1,2176,2248,2177,-1,2177,2248,2249,-1,2177,2249,2178,-1,2178,2249,2250,-1,2178,2250,2179,-1,2179,2250,2251,-1,2179,2251,2180,-1,2180,2251,2252,-1,2180,2252,2181,-1,2181,2252,2253,-1,2181,2253,2182,-1,2182,2253,2254,-1,2182,2254,2183,-1,2183,2254,2255,-1,2183,2255,2184,-1,2184,2255,2256,-1,2184,2256,2185,-1,2185,2256,2257,-1,2185,2257,2186,-1,2186,2257,2258,-1,2186,2258,2187,-1,2187,2258,2259,-1,2187,2259,2188,-1,2188,2259,2260,-1,2188,2260,2189,-1,2189,2260,2261,-1,2189,2261,2190,-1,2190,2261,2262,-1,2190,2262,2191,-1,2191,2262,2263,-1,2191,2263,2192,-1,2192,2263,2264,-1,2192,2264,2193,-1,2193,2264,2265,-1,2193,2265,2194,-1,2194,2265,2266,-1,2194,2266,2195,-1,2195,2266,2267,-1,2195,2267,2196,-1,2196,2267,2268,-1,2196,2268,2197,-1,2197,2268,2269,-1,2197,2269,2198,-1,2198,2269,2270,-1,2198,2270,2199,-1,2199,2270,2271,-1,2199,2271,2200,-1,2200,2271,2272,-1,2200,2272,2201,-1,2201,2272,2273,-1,2201,2273,2202,-1,2202,2273,2274,-1,2202,2274,2203,-1,2203,2274,2204,-1,2274,2275,2204,-1,2204,2275,2276,-1,2204,2276,2205,-1,2205,2276,2277,-1,2205,2277,2206,-1,2206,2277,2278,-1,2206,2278,2207,-1,2207,2278,2279,-1,2207,2279,2208,-1,2208,2279,2280,-1,2208,2280,2209,-1,2209,2280,2281,-1,2209,2281,2210,-1,2210,2281,2282,-1,2210,2282,2211,-1,2211,2282,2283,-1,2211,2283,2212,-1,2212,2283,2284,-1,2212,2284,2213,-1,2213,2284,2285,-1,2213,2285,2214,-1,2214,2285,2286,-1,2214,2286,2215,-1,2215,2286,2287,-1,2215,2287,2216,-1,2216,2287,2288,-1,2216,2288,2217,-1,2217,2288,2289,-1,2217,2289,2218,-1,2218,2289,2290,-1,2218,2290,2219,-1,2219,2290,2291,-1,2219,2291,2220,-1,2220,2291,2292,-1,2220,2292,2221,-1,2221,2292,2293,-1,2221,2293,2222,-1,2222,2293,2294,-1,2222,2294,2223,-1,2223,2294,2295,-1,2223,2295,2224,-1,2224,2295,2296,-1,2224,2296,2225,-1,2225,2296,2297,-1,2225,2297,2226,-1,2226,2297,2298,-1,2226,2298,2227,-1,2227,2298,2299,-1,2227,2299,2228,-1,2228,2299,2300,-1,2228,2300,2229,-1,2229,2300,2301,-1,2229,2301,2230,-1,2230,2301,2302,-1,2230,2302,2231,-1,2231,2302,2303,-1,2231,2303,2232,-1,2232,2303,2304,-1,2232,2304,2233,-1,2233,2304,2305,-1,2233,2305,2234,-1,2234,2305,2306,-1,2234,2306,2235,-1,2235,2306,2307,-1,2235,2307,2236,-1,2236,2307,2308,-1,2236,2308,2237,-1,2237,2308,2309,-1,2237,2309,2238,-1,2238,2309,2310,-1,2238,2310,2239,-1,2239,2310,2311,-1,2239,2311,2240,-1,2240,2311,2312,-1,2240,2312,2241,-1,2241,2312,2313,-1,2241,2313,2242,-1,2242,2313,2314,-1,2242,2314,2243,-1,2243,2314,2315,-1,2243,2315,2244,-1,2244,2315,2316,-1,2244,2316,2245,-1,2245,2316,2317,-1,2245,2317,2246,-1,2246,2317,2318,-1,2246,2318,2247,-1,2247,2318,2319,-1,2247,2319,2248,-1,2248,2319,2320,-1,2248,2320,2249,-1,2249,2320,2321,-1,2249,2321,2250,-1,2250,2321,2322,-1,2250,2322,2251,-1,2251,2322,2323,-1,2251,2323,2252,-1,2252,2323,2324,-1,2252,2324,2253,-1,2253,2324,2325,-1,2253,2325,2254,-1,2254,2325,2326,-1,2254,2326,2255,-1,2255,2326,2327,-1,2255,2327,2256,-1,2256,2327,2328,-1,2256,2328,2257,-1,2257,2328,2329,-1,2257,2329,2258,-1,2258,2329,2330,-1,2258,2330,2259,-1,2259,2330,2331,-1,2259,2331,2260,-1,2260,2331,2332,-1,2260,2332,2261,-1,2261,2332,2333,-1,2261,2333,2262,-1,2262,2333,2334,-1,2262,2334,2263,-1,2263,2334,2335,-1,2263,2335,2264,-1,2264,2335,2336,-1,2264,2336,2265,-1,2265,2336,2337,-1,2265,2337,2266,-1,2266,2337,2338,-1,2266,2338,2267,-1,2267,2338,2339,-1,2267,2339,2268,-1,2268,2339,2340,-1,2268,2340,2269,-1,2269,2340,2341,-1,2269,2341,2270,-1,2270,2341,2342,-1,2270,2342,2271,-1,2271,2342,2343,-1,2271,2343,2272,-1,2272,2343,2344,-1,2272,2344,2273,-1,2273,2344,2345,-1,2273,2345,2274,-1,2274,2345,2275,-1,2345,2346,2275,-1,2275,2346,2347,-1,2275,2347,2276,-1,2276,2347,2348,-1,2276,2348,2277,-1,2277,2348,2349,-1,2277,2349,2278,-1,2278,2349,2350,-1,2278,2350,2279,-1,2279,2350,2351,-1,2279,2351,2280,-1,2280,2351,2352,-1,2280,2352,2281,-1,2281,2352,2353,-1,2281,2353,2282,-1,2282,2353,2354,-1,2282,2354,2283,-1,2283,2354,2355,-1,2283,2355,2284,-1,2284,2355,2356,-1,2284,2356,2285,-1,2285,2356,2357,-1,2285,2357,2286,-1,2286,2357,2358,-1,2286,2358,2287,-1,2287,2358,2359,-1,2287,2359,2288,-1,2288,2359,2360,-1,2288,2360,2289,-1,2289,2360,2361,-1,2289,2361,2290,-1,2290,2361,2362,-1,2290,2362,2291,-1,2291,2362,2363,-1,2291,2363,2292,-1,2292,2363,2364,-1,2292,2364,2293,-1,2293,2364,2365,-1,2293,2365,2294,-1,2294,2365,2366,-1,2294,2366,2295,-1,2295,2366,2367,-1,2295,2367,2296,-1,2296,2367,2368,-1,2296,2368,2297,-1,2297,2368,2369,-1,2297,2369,2298,-1,2298,2369,2370,-1,2298,2370,2299,-1,2299,2370,2371,-1,2299,2371,2300,-1,2300,2371,2372,-1,2300,2372,2301,-1,2301,2372,2373,-1,2301,2373,2302,-1,2302,2373,2374,-1,2302,2374,2303,-1,2303,2374,2375,-1,2303,2375,2304,-1,2304,2375,2376,-1,2304,2376,2305,-1,2305,2376,2377,-1,2305,2377,2306,-1,2306,2377,2378,-1,2306,2378,2307,-1,2307,2378,2379,-1,2307,2379,2308,-1,2308,2379,2380,-1,2308,2380,2309,-1,2309,2380,2381,-1,2309,2381,2310,-1,2310,2381,2382,-1,2310,2382,2311,-1,2311,2382,2383,-1,2311,2383,2312,-1,2312,2383,2384,-1,2312,2384,2313,-1,2313,2384,2385,-1,2313,2385,2314,-1,2314,2385,2386,-1,2314,2386,2315,-1,2315,2386,2387,-1,2315,2387,2316,-1,2316,2387,2388,-1,2316,2388,2317,-1,2317,2388,2389,-1,2317,2389,2318,-1,2318,2389,2390,-1,2318,2390,2319,-1,2319,2390,2391,-1,2319,2391,2320,-1,2320,2391,2392,-1,2320,2392,2321,-1,2321,2392,2393,-1,2321,2393,2322,-1,2322,2393,2394,-1,2322,2394,2323,-1,2323,2394,2395,-1,2323,2395,2324,-1,2324,2395,2396,-1,2324,2396,2325,-1,2325,2396,2397,-1,2325,2397,2326,-1,2326,2397,2398,-1,2326,2398,2327,-1,2327,2398,2399,-1,2327,2399,2328,-1,2328,2399,2400,-1,2328,2400,2329,-1,2329,2400,2401,-1,2329,2401,2330,-1,2330,2401,2402,-1,2330,2402,2331,-1,2331,2402,2403,-1,2331,2403,2332,-1,2332,2403,2404,-1,2332,2404,2333,-1,2333,2404,2405,-1,2333,2405,2334,-1,2334,2405,2406,-1,2334,2406,2335,-1,2335,2406,2407,-1,2335,2407,2336,-1,2336,2407,2408,-1,2336,2408,2337,-1,2337,2408,2409,-1,2337,2409,2338,-1,2338,2409,2410,-1,2338,2410,2339,-1,2339,2410,2411,-1,2339,2411,2340,-1,2340,2411,2412,-1,2340,2412,2341,-1,2341,2412,2413,-1,2341,2413,2342,-1,2342,2413,2414,-1,2342,2414,2343,-1,2343,2414,2415,-1,2343,2415,2344,-1,2344,2415,2416,-1,2344,2416,2345,-1,2345,2416,2346,-1,2416,2417,2346,-1,2346,2417,2418,-1,2346,2418,2347,-1,2347,2418,2419,-1,2347,2419,2348,-1,2348,2419,2420,-1,2348,2420,2349,-1,2349,2420,2421,-1,2349,2421,2350,-1,2350,2421,2422,-1,2350,2422,2351,-1,2351,2422,2423,-1,2351,2423,2352,-1,2352,2423,2424,-1,2352,2424,2353,-1,2353,2424,2425,-1,2353,2425,2354,-1,2354,2425,2426,-1,2354,2426,2355,-1,2355,2426,2427,-1,2355,2427,2356,-1,2356,2427,2428,-1,2356,2428,2357,-1,2357,2428,2429,-1,2357,2429,2358,-1,2358,2429,2430,-1,2358,2430,2359,-1,2359,2430,2431,-1,2359,2431,2360,-1,2360,2431,2432,-1,2360,2432,2361,-1,2361,2432,2433,-1,2361,2433,2362,-1,2362,2433,2434,-1,2362,2434,2363,-1,2363,2434,2435,-1,2363,2435,2364,-1,2364,2435,2436,-1,2364,2436,2365,-1,2365,2436,2437,-1,2365,2437,2366,-1,2366,2437,2438,-1,2366,2438,2367,-1,2367,2438,2439,-1,2367,2439,2368,-1,2368,2439,2440,-1,2368,2440,2369,-1,2369,2440,2441,-1,2369,2441,2370,-1,2370,2441,2442,-1,2370,2442,2371,-1,2371,2442,2443,-1,2371,2443,2372,-1,2372,2443,2444,-1,2372,2444,2373,-1,2373,2444,2445,-1,2373,2445,2374,-1,2374,2445,2446,-1,2374,2446,2375,-1,2375,2446,2447,-1,2375,2447,2376,-1,2376,2447,2448,-1,2376,2448,2377,-1,2377,2448,2449,-1,2377,2449,2378,-1,2378,2449,2450,-1,2378,2450,2379,-1,2379,2450,2451,-1,2379,2451,2380,-1,2380,2451,2452,-1,2380,2452,2381,-1,2381,2452,2453,-1,2381,2453,2382,-1,2382,2453,2454,-1,2382,2454,2383,-1,2383,2454,2455,-1,2383,2455,2384,-1,2384,2455,2456,-1,2384,2456,2385,-1,2385,2456,2457,-1,2385,2457,2386,-1,2386,2457,2458,-1,2386,2458,2387,-1,2387,2458,2459,-1,2387,2459,2388,-1,2388,2459,2460,-1,2388,2460,2389,-1,2389,2460,2461,-1,2389,2461,2390,-1,2390,2461,2462,-1,2390,2462,2391,-1,2391,2462,2463,-1,2391,2463,2392,-1,2392,2463,2464,-1,2392,2464,2393,-1,2393,2464,2465,-1,2393,2465,2394,-1,2394,2465,2466,-1,2394,2466,2395,-1,2395,2466,2467,-1,2395,2467,2396,-1,2396,2467,2468,-1,2396,2468,2397,-1,2397,2468,2469,-1,2397,2469,2398,-1,2398,2469,2470,-1,2398,2470,2399,-1,2399,2470,2471,-1,2399,2471,2400,-1,2400,2471,2472,-1,2400,2472,2401,-1,2401,2472,2473,-1,2401,2473,2402,-1,2402,2473,2474,-1,2402,2474,2403,-1,2403,2474,2475,-1,2403,2475,2404,-1,2404,2475,2476,-1,2404,2476,2405,-1,2405,2476,2477,-1,2405,2477,2406,-1,2406,2477,2478,-1,2406,2478,2407,-1,2407,2478,2479,-1,2407,2479,2408,-1,2408,2479,2480,-1,2408,2480,2409,-1,2409,2480,2481,-1,2409,2481,2410,-1,2410,2481,2482,-1,2410,2482,2411,-1,2411,2482,2483,-1,2411,2483,2412,-1,2412,2483,2484,-1,2412,2484,2413,-1,2413,2484,2485,-1,2413,2485,2414,-1,2414,2485,2486,-1,2414,2486,2415,-1,2415,2486,2487,-1,2415,2487,2416,-1,2416,2487,2417,-1,2487,2488,2417,-1,2417,2488,2489,-1,2417,2489,2418,-1,2418,2489,2490,-1,2418,2490,2419,-1,2419,2490,2491,-1,2419,2491,2420,-1,2420,2491,2492,-1,2420,2492,2421,-1,2421,2492,2493,-1,2421,2493,2422,-1,2422,2493,2494,-1,2422,2494,2423,-1,2423,2494,2495,-1,2423,2495,2424,-1,2424,2495,2496,-1,2424,2496,2425,-1,2425,2496,2497,-1,2425,2497,2426,-1,2426,2497,2498,-1,2426,2498,2427,-1,2427,2498,2499,-1,2427,2499,2428,-1,2428,2499,2500,-1,2428,2500,2429,-1,2429,2500,2501,-1,2429,2501,2430,-1,2430,2501,2502,-1,2430,2502,2431,-1,2431,2502,2503,-1,2431,2503,2432,-1,2432,2503,2504,-1,2432,2504,2433,-1,2433,2504,2505,-1,2433,2505,2434,-1,2434,2505,2506,-1,2434,2506,2435,-1,2435,2506,2507,-1,2435,2507,2436,-1,2436,2507,2508,-1,2436,2508,2437,-1,2437,2508,2509,-1,2437,2509,2438,-1,2438,2509,2510,-1,2438,2510,2439,-1,2439,2510,2511,-1,2439,2511,2440,-1,2440,2511,2512,-1,2440,2512,2441,-1,2441,2512,2513,-1,2441,2513,2442,-1,2442,2513,2514,-1,2442,2514,2443,-1,2443,2514,2515,-1,2443,2515,2444,-1,2444,2515,2516,-1,2444,2516,2445,-1,2445,2516,2517,-1,2445,2517,2446,-1,2446,2517,2518,-1,2446,2518,2447,-1,2447,2518,2519,-1,2447,2519,2448,-1,2448,2519,2520,-1,2448,2520,2449,-1,2449,2520,2521,-1,2449,2521,2450,-1,2450,2521,2522,-1,2450,2522,2451,-1,2451,2522,2523,-1,2451,2523,2452,-1,2452,2523,2524,-1,2452,2524,2453,-1,2453,2524,2525,-1,2453,2525,2454,-1,2454,2525,2526,-1,2454,2526,2455,-1,2455,2526,2527,-1,2455,2527,2456,-1,2456,2527,2528,-1,2456,2528,2457,-1,2457,2528,2529,-1,2457,2529,2458,-1,2458,2529,2530,-1,2458,2530,2459,-1,2459,2530,2531,-1,2459,2531,2460,-1,2460,2531,2532,-1,2460,2532,2461,-1,2461,2532,2533,-1,2461,2533,2462,-1,2462,2533,2534,-1,2462,2534,2463,-1,2463,2534,2535,-1,2463,2535,2464,-1,2464,2535,2536,-1,2464,2536,2465,-1,2465,2536,2537,-1,2465,2537,2466,-1,2466,2537,2538,-1,2466,2538,2467,-1,2467,2538,2539,-1,2467,2539,2468,-1,2468,2539,2540,-1,2468,2540,2469,-1,2469,2540,2541,-1,2469,2541,2470,-1,2470,2541,2542,-1,2470,2542,2471,-1,2471,2542,2543,-1,2471,2543,2472,-1,2472,2543,2544,-1,2472,2544,2473,-1,2473,2544,2545,-1,2473,2545,2474,-1,2474,2545,2546,-1,2474,2546,2475,-1,2475,2546,2547,-1,2475,2547,2476,-1,2476,2547,2548,-1,2476,2548,2477,-1,2477,2548,2549,-1,2477,2549,2478,-1,2478,2549,2550,-1,2478,2550,2479,-1,2479,2550,2551,-1,2479,2551,2480,-1,2480,2551,2552,-1,2480,2552,2481,-1,2481,2552,2553,-1,2481,2553,2482,-1,2482,2553,2554,-1,2482,2554,2483,-1,2483,2554,2555,-1,2483,2555,2484,-1,2484,2555,2556,-1,2484,2556,2485,-1,2485,2556,2557,-1,2485,2557,2486,-1,2486,2557,2558,-1,2486,2558,2487,-1,2487,2558,2488,-1,2558,2559,2488,-1,2488,2559,2560,-1,2488,2560,2489,-1,2489,2560,2561,-1,2489,2561,2490,-1,2490,2561,2562,-1,2490,2562,2491,-1,2491,2562,2563,-1,2491,2563,2492,-1,2492,2563,2564,-1,2492,2564,2493,-1,2493,2564,2565,-1,2493,2565,2494,-1,2494,2565,2566,-1,2494,2566,2495,-1,2495,2566,2567,-1,2495,2567,2496,-1,2496,2567,2568,-1,2496,2568,2497,-1,2497,2568,2569,-1,2497,2569,2498,-1,2498,2569,2570,-1,2498,2570,2499,-1,2499,2570,2571,-1,2499,2571,2500,-1,2500,2571,2572,-1,2500,2572,2501,-1,2501,2572,2573,-1,2501,2573,2502,-1,2502,2573,2574,-1,2502,2574,2503,-1,2503,2574,2575,-1,2503,2575,2504,-1,2504,2575,2576,-1,2504,2576,2505,-1,2505,2576,2577,-1,2505,2577,2506,-1,2506,2577,2578,-1,2506,2578,2507,-1,2507,2578,2579,-1,2507,2579,2508,-1,2508,2579,2580,-1,2508,2580,2509,-1,2509,2580,2581,-1,2509,2581,2510,-1,2510,2581,2582,-1,2510,2582,2511,-1,2511,2582,2583,-1,2511,2583,2512,-1,2512,2583,2584,-1,2512,2584,2513,-1,2513,2584,2585,-1,2513,2585,2514,-1,2514,2585,2586,-1,2514,2586,2515,-1,2515,2586,2587,-1,2515,2587,2516,-1,2516,2587,2588,-1,2516,2588,2517,-1,2517,2588,2589,-1,2517,2589,2518,-1,2518,2589,2590,-1,2518,2590,2519,-1,2519,2590,2591,-1,2519,2591,2520,-1,2520,2591,2592,-1,2520,2592,2521,-1,2521,2592,2593,-1,2521,2593,2522,-1,2522,2593,2594,-1,2522,2594,2523,-1,2523,2594,2595,-1,2523,2595,2524,-1,2524,2595,2596,-1,2524,2596,2525,-1,2525,2596,2597,-1,2525,2597,2526,-1,2526,2597,2598,-1,2526,2598,2527,-1,2527,2598,2599,-1,2527,2599,2528,-1,2528,2599,2600,-1,2528,2600,2529,-1,2529,2600,2601,-1,2529,2601,2530,-1,2530,2601,2602,-1,2530,2602,2531,-1,2531,2602,2603,-1,2531,2603,2532,-1,2532,2603,2604,-1,2532,2604,2533,-1,2533,2604,2605,-1,2533,2605,2534,-1,2534,2605,2606,-1,2534,2606,2535,-1,2535,2606,2607,-1,2535,2607,2536,-1,2536,2607,2608,-1,2536,2608,2537,-1,2537,2608,2609,-1,2537,2609,2538,-1,2538,2609,2610,-1,2538,2610,2539,-1,2539,2610,2611,-1,2539,2611,2540,-1,2540,2611,2612,-1,2540,2612,2541,-1,2541,2612,2613,-1,2541,2613,2542,-1,2542,2613,2614,-1,2542,2614,2543,-1,2543,2614,2615,-1,2543,2615,2544,-1,2544,2615,2616,-1,2544,2616,2545,-1,2545,2616,2617,-1,2545,2617,2546,-1,2546,2617,2618,-1,2546,2618,2547,-1,2547,2618,2619,-1,2547,2619,2548,-1,2548,2619,2620,-1,2548,2620,2549,-1,2549,2620,2621,-1,2549,2621,2550,-1,2550,2621,2622,-1,2550,2622,2551,-1,2551,2622,2623,-1,2551,2623,2552,-1,2552,2623,2624,-1,2552,2624,2553,-1,2553,2624,2625,-1,2553,2625,2554,-1,2554,2625,2626,-1,2554,2626,2555,-1,2555,2626,2627,-1,2555,2627,2556,-1,2556,2627,2628,-1,2556,2628,2557,-1,2557,2628,2629,-1,2557,2629,2558,-1,2558,2629,2559,-1,2629,2630,2559,-1,2559,2630,2631,-1,2559,2631,2560,-1,2560,2631,2632,-1,2560,2632,2561,-1,2561,2632,2633,-1,2561,2633,2562,-1,2562,2633,2634,-1,2562,2634,2563,-1,2563,2634,2635,-1,2563,2635,2564,-1,2564,2635,2636,-1,2564,2636,2565,-1,2565,2636,2637,-1,2565,2637,2566,-1,2566,2637,2638,-1,2566,2638,2567,-1,2567,2638,2639,-1,2567,2639,2568,-1,2568,2639,2640,-1,2568,2640,2569,-1,2569,2640,2641,-1,2569,2641,2570,-1,2570,2641,2642,-1,2570,2642,2571,-1,2571,2642,2643,-1,2571,2643,2572,-1,2572,2643,2644,-1,2572,2644,2573,-1,2573,2644,2645,-1,2573,2645,2574,-1,2574,2645,2646,-1,2574,2646,2575,-1,2575,2646,2647,-1,2575,2647,2576,-1,2576,2647,2648,-1,2576,2648,2577,-1,2577,2648,2649,-1,2577,2649,2578,-1,2578,2649,2650,-1,2578,2650,2579,-1,2579,2650,2651,-1,2579,2651,2580,-1,2580,2651,2652,-1,2580,2652,2581,-1,2581,2652,2653,-1,2581,2653,2582,-1,2582,2653,2654,-1,2582,2654,2583,-1,2583,2654,2655,-1,2583,2655,2584,-1,2584,2655,2656,-1,2584,2656,2585,-1,2585,2656,2657,-1,2585,2657,2586,-1,2586,2657,2658,-1,2586,2658,2587,-1,2587,2658,2659,-1,2587,2659,2588,-1,2588,2659,2660,-1,2588,2660,2589,-1,2589,2660,2661,-1,2589,2661,2590,-1,2590,2661,2662,-1,2590,2662,2591,-1,2591,2662,2663,-1,2591,2663,2592,-1,2592,2663,2664,-1,2592,2664,2593,-1,2593,2664,2665,-1,2593,2665,2594,-1,2594,2665,2666,-1,2594,2666,2595,-1,2595,2666,2667,-1,2595,2667,2596,-1,2596,2667,2668,-1,2596,2668,2597,-1,2597,2668,2669,-1,2597,2669,2598,-1,2598,2669,2670,-1,2598,2670,2599,-1,2599,2670,2671,-1,2599,2671,2600,-1,2600,2671,2672,-1,2600,2672,2601,-1,2601,2672,2673,-1,2601,2673,2602,-1,2602,2673,2674,-1,2602,2674,2603,-1,2603,2674,2675,-1,2603,2675,2604,-1,2604,2675,2676,-1,2604,2676,2605,-1,2605,2676,2677,-1,2605,2677,2606,-1,2606,2677,2678,-1,2606,2678,2607,-1,2607,2678,2679,-1,2607,2679,2608,-1,2608,2679,2680,-1,2608,2680,2609,-1,2609,2680,2681,-1,2609,2681,2610,-1,2610,2681,2682,-1,2610,2682,2611,-1,2611,2682,2683,-1,2611,2683,2612,-1,2612,2683,2684,-1,2612,2684,2613,-1,2613,2684,2685,-1,2613,2685,2614,-1,2614,2685,2686,-1,2614,2686,2615,-1,2615,2686,2687,-1,2615,2687,2616,-1,2616,2687,2688,-1,2616,2688,2617,-1,2617,2688,2689,-1,2617,2689,2618,-1,2618,2689,2690,-1,2618,2690,2619,-1,2619,2690,2691,-1,2619,2691,2620,-1,2620,2691,2692,-1,2620,2692,2621,-1,2621,2692,2693,-1,2621,2693,2622,-1,2622,2693,2694,-1,2622,2694,2623,-1,2623,2694,2695,-1,2623,2695,2624,-1,2624,2695,2696,-1,2624,2696,2625,-1,2625,2696,2697,-1,2625,2697,2626,-1,2626,2697,2698,-1,2626,2698,2627,-1,2627,2698,2699,-1,2627,2699,2628,-1,2628,2699,2700,-1,2628,2700,2629,-1,2629,2700,2630,-1,2700,2701,2630,-1,2630,2701,2702,-1,2630,2702,2631,-1,2631,2702,2703,-1,2631,2703,2632,-1,2632,2703,2704,-1,2632,2704,2633,-1,2633,2704,2705,-1,2633,2705,2634,-1,2634,2705,2706,-1,2634,2706,2635,-1,2635,2706,2707,-1,2635,2707,2636,-1,2636,2707,2708,-1,2636,2708,2637,-1,2637,2708,2709,-1,2637,2709,2638,-1,2638,2709,2710,-1,2638,2710,2639,-1,2639,2710,2711,-1,2639,2711,2640,-1,2640,2711,2712,-1,2640,2712,2641,-1,2641,2712,2713,-1,2641,2713,2642,-1,2642,2713,2714,-1,2642,2714,2643,-1,2643,2714,2715,-1,2643,2715,2644,-1,2644,2715,2716,-1,2644,2716,2645,-1,2645,2716,2717,-1,2645,2717,2646,-1,2646,2717,2718,-1,2646,2718,2647,-1,2647,2718,2719,-1,2647,2719,2648,-1,2648,2719,2720,-1,2648,2720,2649,-1,2649,2720,2721,-1,2649,2721,2650,-1,2650,2721,2722,-1,2650,2722,2651,-1,2651,2722,2723,-1,2651,2723,2652,-1,2652,2723,2724,-1,2652,2724,2653,-1,2653,2724,2725,-1,2653,2725,2654,-1,2654,2725,2726,-1,2654,2726,2655,-1,2655,2726,2727,-1,2655,2727,2656,-1,2656,2727,2728,-1,2656,2728,2657,-1,2657,2728,2729,-1,2657,2729,2658,-1,2658,2729,2730,-1,2658,2730,2659,-1,2659,2730,2731,-1,2659,2731,2660,-1,2660,2731,2732,-1,2660,2732,2661,-1,2661,2732,2733,-1,2661,2733,2662,-1,2662,2733,2734,-1,2662,2734,2663,-1,2663,2734,2735,-1,2663,2735,2664,-1,2664,2735,2736,-1,2664,2736,2665,-1,2665,2736,2737,-1,2665,2737,2666,-1,2666,2737,2738,-1,2666,2738,2667,-1,2667,2738,2739,-1,2667,2739,2668,-1,2668,2739,2740,-1,2668,2740,2669,-1,2669,2740,2741,-1,2669,2741,2670,-1,2670,2741,2742,-1,2670,2742,2671,-1,2671,2742,2743,-1,2671,2743,2672,-1,2672,2743,2744,-1,2672,2744,2673,-1,2673,2744,2745,-1,2673,2745,2674,-1,2674,2745,2746,-1,2674,2746,2675,-1,2675,2746,2747,-1,2675,2747,2676,-1,2676,2747,2748,-1,2676,2748,2677,-1,2677,2748,2749,-1,2677,2749,2678,-1,2678,2749,2750,-1,2678,2750,2679,-1,2679,2750,2751,-1,2679,2751,2680,-1,2680,2751,2752,-1,2680,2752,2681,-1,2681,2752,2753,-1,2681,2753,2682,-1,2682,2753,2754,-1,2682,2754,2683,-1,2683,2754,2755,-1,2683,2755,2684,-1,2684,2755,2756,-1,2684,2756,2685,-1,2685,2756,2757,-1,2685,2757,2686,-1,2686,2757,2758,-1,2686,2758,2687,-1,2687,2758,2759,-1,2687,2759,2688,-1,2688,2759,2760,-1,2688,2760,2689,-1,2689,2760,2761,-1,2689,2761,2690,-1,2690,2761,2762,-1,2690,2762,2691,-1,2691,2762,2763,-1,2691,2763,2692,-1,2692,2763,2764,-1,2692,2764,2693,-1,2693,2764,2765,-1,2693,2765,2694,-1,2694,2765,2766,-1,2694,2766,2695,-1,2695,2766,2767,-1,2695,2767,2696,-1,2696,2767,2768,-1,2696,2768,2697,-1,2697,2768,2769,-1,2697,2769,2698,-1,2698,2769,2770,-1,2698,2770,2699,-1,2699,2770,2771,-1,2699,2771,2700,-1,2700,2771,2701,-1,2771,2772,2701,-1,2701,2772,2773,-1,2701,2773,2702,-1,2702,2773,2774,-1,2702,2774,2703,-1,2703,2774,2775,-1,2703,2775,2704,-1,2704,2775,2776,-1,2704,2776,2705,-1,2705,2776,2777,-1,2705,2777,2706,-1,2706,2777,2778,-1,2706,2778,2707,-1,2707,2778,2779,-1,2707,2779,2708,-1,2708,2779,2780,-1,2708,2780,2709,-1,2709,2780,2781,-1,2709,2781,2710,-1,2710,2781,2782,-1,2710,2782,2711,-1,2711,2782,2783,-1,2711,2783,2712,-1,2712,2783,2784,-1,2712,2784,2713,-1,2713,2784,2785,-1,2713,2785,2714,-1,2714,2785,2786,-1,2714,2786,2715,-1,2715,2786,2787,-1,2715,2787,2716,-1,2716,2787,2788,-1,2716,2788,2717,-1,2717,2788,2789,-1,2717,2789,2718,-1,2718,2789,2790,-1,2718,2790,2719,-1,2719,2790,2791,-1,2719,2791,2720,-1,2720,2791,2792,-1,2720,2792,2721,-1,2721,2792,2793,-1,2721,2793,2722,-1,2722,2793,2794,-1,2722,2794,2723,-1,2723,2794,2795,-1,2723,2795,2724,-1,2724,2795,2796,-1,2724,2796,2725,-1,2725,2796,2797,-1,2725,2797,2726,-1,2726,2797,2798,-1,2726,2798,2727,-1,2727,2798,2799,-1,2727,2799,2728,-1,2728,2799,2800,-1,2728,2800,2729,-1,2729,2800,2801,-1,2729,2801,2730,-1,2730,2801,2802,-1,2730,2802,2731,-1,2731,2802,2803,-1,2731,2803,2732,-1,2732,2803,2804,-1,2732,2804,2733,-1,2733,2804,2805,-1,2733,2805,2734,-1,2734,2805,2806,-1,2734,2806,2735,-1,2735,2806,2807,-1,2735,2807,2736,-1,2736,2807,2808,-1,2736,2808,2737,-1,2737,2808,2809,-1,2737,2809,2738,-1,2738,2809,2810,-1,2738,2810,2739,-1,2739,2810,2811,-1,2739,2811,2740,-1,2740,2811,2812,-1,2740,2812,2741,-1,2741,2812,2813,-1,2741,2813,2742,-1,2742,2813,2814,-1,2742,2814,2743,-1,2743,2814,2815,-1,2743,2815,2744,-1,2744,2815,2816,-1,2744,2816,2745,-1,2745,2816,2817,-1,2745,2817,2746,-1,2746,2817,2818,-1,2746,2818,2747,-1,2747,2818,2819,-1,2747,2819,2748,-1,2748,2819,2820,-1,2748,2820,2749,-1,2749,2820,2821,-1,2749,2821,2750,-1,2750,2821,2822,-1,2750,2822,2751,-1,2751,2822,2823,-1,2751,2823,2752,-1,2752,2823,2824,-1,2752,2824,2753,-1,2753,2824,2825,-1,2753,2825,2754,-1,2754,2825,2826,-1,2754,2826,2755,-1,2755,2826,2827,-1,2755,2827,2756,-1,2756,2827,2828,-1,2756,2828,2757,-1,2757,2828,2829,-1,2757,2829,2758,-1,2758,2829,2830,-1,2758,2830,2759,-1,2759,2830,2831,-1,2759,2831,2760,-1,2760,2831,2832,-1,2760,2832,2761,-1,2761,2832,2833,-1,2761,2833,2762,-1,2762,2833,2834,-1,2762,2834,2763,-1,2763,2834,2835,-1,2763,2835,2764,-1,2764,2835,2836,-1,2764,2836,2765,-1,2765,2836,2837,-1,2765,2837,2766,-1,2766,2837,2838,-1,2766,2838,2767,-1,2767,2838,2839,-1,2767,2839,2768,-1,2768,2839,2840,-1,2768,2840,2769,-1,2769,2840,2841,-1,2769,2841,2770,-1,2770,2841,2842,-1,2770,2842,2771,-1,2771,2842,2772,-1,2842,2843,2772,-1,2772,2843,2844,-1,2772,2844,2773,-1,2773,2844,2845,-1,2773,2845,2774,-1,2774,2845,2846,-1,2774,2846,2775,-1,2775,2846,2847,-1,2775,2847,2776,-1,2776,2847,2848,-1,2776,2848,2777,-1,2777,2848,2849,-1,2777,2849,2778,-1,2778,2849,2850,-1,2778,2850,2779,-1,2779,2850,2851,-1,2779,2851,2780,-1,2780,2851,2852,-1,2780,2852,2781,-1,2781,2852,2853,-1,2781,2853,2782,-1,2782,2853,2854,-1,2782,2854,2783,-1,2783,2854,2855,-1,2783,2855,2784,-1,2784,2855,2856,-1,2784,2856,2785,-1,2785,2856,2857,-1,2785,2857,2786,-1,2786,2857,2858,-1,2786,2858,2787,-1,2787,2858,2859,-1,2787,2859,2788,-1,2788,2859,2860,-1,2788,2860,2789,-1,2789,2860,2861,-1,2789,2861,2790,-1,2790,2861,2862,-1,2790,2862,2791,-1,2791,2862,2863,-1,2791,2863,2792,-1,2792,2863,2864,-1,2792,2864,2793,-1,2793,2864,2865,-1,2793,2865,2794,-1,2794,2865,2866,-1,2794,2866,2795,-1,2795,2866,2867,-1,2795,2867,2796,-1,2796,2867,2868,-1,2796,2868,2797,-1,2797,2868,2869,-1,2797,2869,2798,-1,2798,2869,2870,-1,2798,2870,2799,-1,2799,2870,2871,-1,2799,2871,2800,-1,2800,2871,2872,-1,2800,2872,2801,-1,2801,2872,2873,-1,2801,2873,2802,-1,2802,2873,2874,-1,2802,2874,2803,-1,2803,2874,2875,-1,2803,2875,2804,-1,2804,2875,2876,-1,2804,2876,2805,-1,2805,2876,2877,-1,2805,2877,2806,-1,2806,2877,2878,-1,2806,2878,2807,-1,2807,2878,2879,-1,2807,2879,2808,-1,2808,2879,2880,-1,2808,2880,2809,-1,2809,2880,2881,-1,2809,2881,2810,-1,2810,2881,2882,-1,2810,2882,2811,-1,2811,2882,2883,-1,2811,2883,2812,-1,2812,2883,2884,-1,2812,2884,2813,-1,2813,2884,2885,-1,2813,2885,2814,-1,2814,2885,2886,-1,2814,2886,2815,-1,2815,2886,2887,-1,2815,2887,2816,-1,2816,2887,2888,-1,2816,2888,2817,-1,2817,2888,2889,-1,2817,2889,2818,-1,2818,2889,2890,-1,2818,2890,2819,-1,2819,2890,2891,-1,2819,2891,2820,-1,2820,2891,2892,-1,2820,2892,2821,-1,2821,2892,2893,-1,2821,2893,2822,-1,2822,2893,2894,-1,2822,2894,2823,-1,2823,2894,2895,-1,2823,2895,2824,-1,2824,2895,2896,-1,2824,2896,2825,-1,2825,2896,2897,-1,2825,2897,2826,-1,2826,2897,2898,-1,2826,2898,2827,-1,2827,2898,2899,-1,2827,2899,2828,-1,2828,2899,2900,-1,2828,2900,2829,-1,2829,2900,2901,-1,2829,2901,2830,-1,2830,2901,2902,-1,2830,2902,2831,-1,2831,2902,2903,-1,2831,2903,2832,-1,2832,2903,2904,-1,2832,2904,2833,-1,2833,2904,2905,-1,2833,2905,2834,-1,2834,2905,2906,-1,2834,2906,2835,-1,2835,2906,2907,-1,2835,2907,2836,-1,2836,2907,2908,-1,2836,2908,2837,-1,2837,2908,2909,-1,2837,2909,2838,-1,2838,2909,2910,-1,2838,2910,2839,-1,2839,2910,2911,-1,2839,2911,2840,-1,2840,2911,2912,-1,2840,2912,2841,-1,2841,2912,2913,-1,2841,2913,2842,-1,2842,2913,2843,-1,2913,2914,2843,-1,2843,2914,2915,-1,2843,2915,2844,-1,2844,2915,2916,-1,2844,2916,2845,-1,2845,2916,2917,-1,2845,2917,2846,-1,2846,2917,2918,-1,2846,2918,2847,-1,2847,2918,2919,-1,2847,2919,2848,-1,2848,2919,2920,-1,2848,2920,2849,-1,2849,2920,2921,-1,2849,2921,2850,-1,2850,2921,2922,-1,2850,2922,2851,-1,2851,2922,2923,-1,2851,2923,2852,-1,2852,2923,2924,-1,2852,2924,2853,-1,2853,2924,2925,-1,2853,2925,2854,-1,2854,2925,2926,-1,2854,2926,2855,-1,2855,2926,2927,-1,2855,2927,2856,-1,2856,2927,2928,-1,2856,2928,2857,-1,2857,2928,2929,-1,2857,2929,2858,-1,2858,2929,2930,-1,2858,2930,2859,-1,2859,2930,2931,-1,2859,2931,2860,-1,2860,2931,2932,-1,2860,2932,2861,-1,2861,2932,2933,-1,2861,2933,2862,-1,2862,2933,2934,-1,2862,2934,2863,-1,2863,2934,2935,-1,2863,2935,2864,-1,2864,2935,2936,-1,2864,2936,2865,-1,2865,2936,2937,-1,2865,2937,2866,-1,2866,2937,2938,-1,2866,2938,2867,-1,2867,2938,2939,-1,2867,2939,2868,-1,2868,2939,2940,-1,2868,2940,2869,-1,2869,2940,2941,-1,2869,2941,2870,-1,2870,2941,2942,-1,2870,2942,2871,-1,2871,2942,2943,-1,2871,2943,2872,-1,2872,2943,2944,-1,2872,2944,2873,-1,2873,2944,2945,-1,2873,2945,2874,-1,2874,2945,2946,-1,2874,2946,2875,-1,2875,2946,2947,-1,2875,2947,2876,-1,2876,2947,2948,-1,2876,2948,2877,-1,2877,2948,2949,-1,2877,2949,2878,-1,2878,2949,2950,-1,2878,2950,2879,-1,2879,2950,2951,-1,2879,2951,2880,-1,2880,2951,2952,-1,2880,2952,2881,-1,2881,2952,2953,-1,2881,2953,2882,-1,2882,2953,2954,-1,2882,2954,2883,-1,2883,2954,2955,-1,2883,2955,2884,-1,2884,2955,2956,-1,2884,2956,2885,-1,2885,2956,2957,-1,2885,2957,2886,-1,2886,2957,2958,-1,2886,2958,2887,-1,2887,2958,2959,-1,2887,2959,2888,-1,2888,2959,2960,-1,2888,2960,2889,-1,2889,2960,2961,-1,2889,2961,2890,-1,2890,2961,2962,-1,2890,2962,2891,-1,2891,2962,2963,-1,2891,2963,2892,-1,2892,2963,2964,-1,2892,2964,2893,-1,2893,2964,2965,-1,2893,2965,2894,-1,2894,2965,2966,-1,2894,2966,2895,-1,2895,2966,2967,-1,2895,2967,2896,-1,2896,2967,2968,-1,2896,2968,2897,-1,2897,2968,2969,-1,2897,2969,2898,-1,2898,2969,2970,-1,2898,2970,2899,-1,2899,2970,2971,-1,2899,2971,2900,-1,2900,2971,2972,-1,2900,2972,2901,-1,2901,2972,2973,-1,2901,2973,2902,-1,2902,2973,2974,-1,2902,2974,2903,-1,2903,2974,2975,-1,2903,2975,2904,-1,2904,2975,2976,-1,2904,2976,2905,-1,2905,2976,2977,-1,2905,2977,2906,-1,2906,2977,2978,-1,2906,2978,2907,-1,2907,2978,2979,-1,2907,2979,2908,-1,2908,2979,2980,-1,2908,2980,2909,-1,2909,2980,2981,-1,2909,2981,2910,-1,2910,2981,2982,-1,2910,2982,2911,-1,2911,2982,2983,-1,2911,2983,2912,-1,2912,2983,2984,-1,2912,2984,2913,-1,2913,2984,2914,-1,2984,2985,2914,-1,2914,2985,2986,-1,2914,2986,2915,-1,2915,2986,2987,-1,2915,2987,2916,-1,2916,2987,2988,-1,2916,2988,2917,-1,2917,2988,2989,-1,2917,2989,2918,-1,2918,2989,2990,-1,2918,2990,2919,-1,2919,2990,2991,-1,2919,2991,2920,-1,2920,2991,2992,-1,2920,2992,2921,-1,2921,2992,2993,-1,2921,2993,2922,-1,2922,2993,2994,-1,2922,2994,2923,-1,2923,2994,2995,-1,2923,2995,2924,-1,2924,2995,2996,-1,2924,2996,2925,-1,2925,2996,2997,-1,2925,2997,2926,-1,2926,2997,2998,-1,2926,2998,2927,-1,2927,2998,2999,-1,2927,2999,2928,-1,2928,2999,3000,-1,2928,3000,2929,-1,2929,3000,3001,-1,2929,3001,2930,-1,2930,3001,3002,-1,2930,3002,2931,-1,2931,3002,3003,-1,2931,3003,2932,-1,2932,3003,3004,-1,2932,3004,2933,-1,2933,3004,3005,-1,2933,3005,2934,-1,2934,3005,3006,-1,2934,3006,2935,-1,2935,3006,3007,-1,2935,3007,2936,-1,2936,3007,3008,-1,2936,3008,2937,-1,2937,3008,3009,-1,2937,3009,2938,-1,2938,3009,3010,-1,2938,3010,2939,-1,2939,3010,3011,-1,2939,3011,2940,-1,2940,3011,3012,-1,2940,3012,2941,-1,2941,3012,3013,-1,2941,3013,2942,-1,2942,3013,3014,-1,2942,3014,2943,-1,2943,3014,3015,-1,2943,3015,2944,-1,2944,3015,3016,-1,2944,3016,2945,-1,2945,3016,3017,-1,2945,3017,2946,-1,2946,3017,3018,-1,2946,3018,2947,-1,2947,3018,3019,-1,2947,3019,2948,-1,2948,3019,3020,-1,2948,3020,2949,-1,2949,3020,3021,-1,2949,3021,2950,-1,2950,3021,3022,-1,2950,3022,2951,-1,2951,3022,3023,-1,2951,3023,2952,-1,2952,3023,3024,-1,2952,3024,2953,-1,2953,3024,3025,-1,2953,3025,2954,-1,2954,3025,3026,-1,2954,3026,2955,-1,2955,3026,3027,-1,2955,3027,2956,-1,2956,3027,3028,-1,2956,3028,2957,-1,2957,3028,3029,-1,2957,3029,2958,-1,2958,3029,3030,-1,2958,3030,2959,-1,2959,3030,3031,-1,2959,3031,2960,-1,2960,3031,3032,-1,2960,3032,2961,-1,2961,3032,3033,-1,2961,3033,2962,-1,2962,3033,3034,-1,2962,3034,2963,-1,2963,3034,3035,-1,2963,3035,2964,-1,2964,3035,3036,-1,2964,3036,2965,-1,2965,3036,3037,-1,2965,3037,2966,-1,2966,3037,3038,-1,2966,3038,2967,-1,2967,3038,3039,-1,2967,3039,2968,-1,2968,3039,3040,-1,2968,3040,2969,-1,2969,3040,3041,-1,2969,3041,2970,-1,2970,3041,3042,-1,2970,3042,2971,-1,2971,3042,3043,-1,2971,3043,2972,-1,2972,3043,3044,-1,2972,3044,2973,-1,2973,3044,3045,-1,2973,3045,2974,-1,2974,3045,3046,-1,2974,3046,2975,-1,2975,3046,3047,-1,2975,3047,2976,-1,2976,3047,3048,-1,2976,3048,2977,-1,2977,3048,3049,-1,2977,3049,2978,-1,2978,3049,3050,-1,2978,3050,2979,-1,2979,3050,3051,-1,2979,3051,2980,-1,2980,3051,3052,-1,2980,3052,2981,-1,2981,3052,3053,-1,2981,3053,2982,-1,2982,3053,3054,-1,2982,3054,2983,-1,2983,3054,3055,-1,2983,3055,2984,-1,2984,3055,2985,-1,3055,3056,2985,-1,2985,3056,3057,-1,2985,3057,2986,-1,2986,3057,3058,-1,2986,3058,2987,-1,2987,3058,3059,-1,2987,3059,2988,-1,2988,3059,3060,-1,2988,3060,2989,-1,2989,3060,3061,-1,2989,3061,2990,-1,2990,3061,3062,-1,2990,3062,2991,-1,2991,3062,3063,-1,2991,3063,2992,-1,2992,3063,3064,-1,2992,3064,2993,-1,2993,3064,3065,-1,2993,3065,2994,-1,2994,3065,3066,-1,2994,3066,2995,-1,2995,3066,3067,-1,2995,3067,2996,-1,2996,3067,3068,-1,2996,3068,2997,-1,2997,3068,3069,-1,2997,3069,2998,-1,2998,3069,3070,-1,2998,3070,2999,-1,2999,3070,3071,-1,2999,3071,3000,-1,3000,3071,3072,-1,3000,3072,3001,-1,3001,3072,3073,-1,3001,3073,3002,-1,3002,3073,3074,-1,3002,3074,3003,-1,3003,3074,3075,-1,3003,3075,3004,-1,3004,3075,3076,-1,3004,3076,3005,-1,3005,3076,3077,-1,3005,3077,3006,-1,3006,3077,3078,-1,3006,3078,3007,-1,3007,3078,3079,-1,3007,3079,3008,-1,3008,3079,3080,-1,3008,3080,3009,-1,3009,3080,3081,-1,3009,3081,3010,-1,3010,3081,3082,-1,3010,3082,3011,-1,3011,3082,3083,-1,3011,3083,3012,-1,3012,3083,3084,-1,3012,3084,3013,-1,3013,3084,3085,-1,3013,3085,3014,-1,3014,3085,3086,-1,3014,3086,3015,-1,3015,3086,3087,-1,3015,3087,3016,-1,3016,3087,3088,-1,3016,3088,3017,-1,3017,3088,3089,-1,3017,3089,3018,-1,3018,3089,3090,-1,3018,3090,3019,-1,3019,3090,3091,-1,3019,3091,3020,-1,3020,3091,3092,-1,3020,3092,3021,-1,3021,3092,3093,-1,3021,3093,3022,-1,3022,3093,3094,-1,3022,3094,3023,-1,3023,3094,3095,-1,3023,3095,3024,-1,3024,3095,3096,-1,3024,3096,3025,-1,3025,3096,3097,-1,3025,3097,3026,-1,3026,3097,3098,-1,3026,3098,3027,-1,3027,3098,3099,-1,3027,3099,3028,-1,3028,3099,3100,-1,3028,3100,3029,-1,3029,3100,3101,-1,3029,3101,3030,-1,3030,3101,3102,-1,3030,3102,3031,-1,3031,3102,3103,-1,3031,3103,3032,-1,3032,3103,3104,-1,3032,3104,3033,-1,3033,3104,3105,-1,3033,3105,3034,-1,3034,3105,3106,-1,3034,3106,3035,-1,3035,3106,3107,-1,3035,3107,3036,-1,3036,3107,3108,-1,3036,3108,3037,-1,3037,3108,3109,-1,3037,3109,3038,-1,3038,3109,3110,-1,3038,3110,3039,-1,3039,3110,3111,-1,3039,3111,3040,-1,3040,3111,3112,-1,3040,3112,3041,-1,3041,3112,3113,-1,3041,3113,3042,-1,3042,3113,3114,-1,3042,3114,3043,-1,3043,3114,3115,-1,3043,3115,3044,-1,3044,3115,3116,-1,3044,3116,3045,-1,3045,3116,3117,-1,3045,3117,3046,-1,3046,3117,3118,-1,3046,3118,3047,-1,3047,3118,3119,-1,3047,3119,3048,-1,3048,3119,3120,-1,3048,3120,3049,-1,3049,3120,3121,-1,3049,3121,3050,-1,3050,3121,3122,-1,3050,3122,3051,-1,3051,3122,3123,-1,3051,3123,3052,-1,3052,3123,3124,-1,3052,3124,3053,-1,3053,3124,3125,-1,3053,3125,3054,-1,3054,3125,3126,-1,3054,3126,3055,-1,3055,3126,3056,-1,3126,3127,3056,-1,3056,3127,3128,-1,3056,3128,3057,-1,3057,3128,3129,-1,3057,3129,3058,-1,3058,3129,3130,-1,3058,3130,3059,-1,3059,3130,3131,-1,3059,3131,3060,-1,3060,3131,3132,-1,3060,3132,3061,-1,3061,3132,3133,-1,3061,3133,3062,-1,3062,3133,3134,-1,3062,3134,3063,-1,3063,3134,3135,-1,3063,3135,3064,-1,3064,3135,3136,-1,3064,3136,3065,-1,3065,3136,3137,-1,3065,3137,3066,-1,3066,3137,3138,-1,3066,3138,3067,-1,3067,3138,3139,-1,3067,3139,3068,-1,3068,3139,3140,-1,3068,3140,3069,-1,3069,3140,3141,-1,3069,3141,3070,-1,3070,3141,3142,-1,3070,3142,3071,-1,3071,3142,3143,-1,3071,3143,3072,-1,3072,3143,3144,-1,3072,3144,3073,-1,3073,3144,3145,-1,3073,3145,3074,-1,3074,3145,3146,-1,3074,3146,3075,-1,3075,3146,3147,-1,3075,3147,3076,-1,3076,3147,3148,-1,3076,3148,3077,-1,3077,3148,3149,-1,3077,3149,3078,-1,3078,3149,3150,-1,3078,3150,3079,-1,3079,3150,3151,-1,3079,3151,3080,-1,3080,3151,3152,-1,3080,3152,3081,-1,3081,3152,3153,-1,3081,3153,3082,-1,3082,3153,3154,-1,3082,3154,3083,-1,3083,3154,3155,-1,3083,3155,3084,-1,3084,3155,3156,-1,3084,3156,3085,-1,3085,3156,3157,-1,3085,3157,3086,-1,3086,3157,3158,-1,3086,3158,3087,-1,3087,3158,3159,-1,3087,3159,3088,-1,3088,3159,3160,-1,3088,3160,3089,-1,3089,3160,3161,-1,3089,3161,3090,-1,3090,3161,3162,-1,3090,3162,3091,-1,3091,3162,3163,-1,3091,3163,3092,-1,3092,3163,3164,-1,3092,3164,3093,-1,3093,3164,3165,-1,3093,3165,3094,-1,3094,3165,3166,-1,3094,3166,3095,-1,3095,3166,3167,-1,3095,3167,3096,-1,3096,3167,3168,-1,3096,3168,3097,-1,3097,3168,3169,-1,3097,3169,3098,-1,3098,3169,3170,-1,3098,3170,3099,-1,3099,3170,3171,-1,3099,3171,3100,-1,3100,3171,3172,-1,3100,3172,3101,-1,3101,3172,3173,-1,3101,3173,3102,-1,3102,3173,3174,-1,3102,3174,3103,-1,3103,3174,3175,-1,3103,3175,3104,-1,3104,3175,3176,-1,3104,3176,3105,-1,3105,3176,3177,-1,3105,3177,3106,-1,3106,3177,3178,-1,3106,3178,3107,-1,3107,3178,3179,-1,3107,3179,3108,-1,3108,3179,3180,-1,3108,3180,3109,-1,3109,3180,3181,-1,3109,3181,3110,-1,3110,3181,3182,-1,3110,3182,3111,-1,3111,3182,3183,-1,3111,3183,3112,-1,3112,3183,3184,-1,3112,3184,3113,-1,3113,3184,3185,-1,3113,3185,3114,-1,3114,3185,3186,-1,3114,3186,3115,-1,3115,3186,3187,-1,3115,3187,3116,-1,3116,3187,3188,-1,3116,3188,3117,-1,3117,3188,3189,-1,3117,3189,3118,-1,3118,3189,3190,-1,3118,3190,3119,-1,3119,3190,3191,-1,3119,3191,3120,-1,3120,3191,3192,-1,3120,3192,3121,-1,3121,3192,3193,-1,3121,3193,3122,-1,3122,3193,3194,-1,3122,3194,3123,-1,3123,3194,3195,-1,3123,3195,3124,-1,3124,3195,3196,-1,3124,3196,3125,-1,3125,3196,3197,-1,3125,3197,3126,-1,3126,3197,3127,-1,3197,3198,3127,-1,3127,3198,3199,-1,3127,3199,3128,-1,3128,3199,3200,-1,3128,3200,3129,-1,3129,3200,3201,-1,3129,3201,3130,-1,3130,3201,3202,-1,3130,3202,3131,-1,3131,3202,3203,-1,3131,3203,3132,-1,3132,3203,3204,-1,3132,3204,3133,-1,3133,3204,3205,-1,3133,3205,3134,-1,3134,3205,3206,-1,3134,3206,3135,-1,3135,3206,3207,-1,3135,3207,3136,-1,3136,3207,3208,-1,3136,3208,3137,-1,3137,3208,3209,-1,3137,3209,3138,-1,3138,3209,3210,-1,3138,3210,3139,-1,3139,3210,3211,-1,3139,3211,3140,-1,3140,3211,3212,-1,3140,3212,3141,-1,3141,3212,3213,-1,3141,3213,3142,-1,3142,3213,3214,-1,3142,3214,3143,-1,3143,3214,3215,-1,3143,3215,3144,-1,3144,3215,3216,-1,3144,3216,3145,-1,3145,3216,3217,-1,3145,3217,3146,-1,3146,3217,3218,-1,3146,3218,3147,-1,3147,3218,3219,-1,3147,3219,3148,-1,3148,3219,3220,-1,3148,3220,3149,-1,3149,3220,3221,-1,3149,3221,3150,-1,3150,3221,3222,-1,3150,3222,3151,-1,3151,3222,3223,-1,3151,3223,3152,-1,3152,3223,3224,-1,3152,3224,3153,-1,3153,3224,3225,-1,3153,3225,3154,-1,3154,3225,3226,-1,3154,3226,3155,-1,3155,3226,3227,-1,3155,3227,3156,-1,3156,3227,3228,-1,3156,3228,3157,-1,3157,3228,3229,-1,3157,3229,3158,-1,3158,3229,3230,-1,3158,3230,3159,-1,3159,3230,3231,-1,3159,3231,3160,-1,3160,3231,3232,-1,3160,3232,3161,-1,3161,3232,3233,-1,3161,3233,3162,-1,3162,3233,3234,-1,3162,3234,3163,-1,3163,3234,3235,-1,3163,3235,3164,-1,3164,3235,3236,-1,3164,3236,3165,-1,3165,3236,3237,-1,3165,3237,3166,-1,3166,3237,3238,-1,3166,3238,3167,-1,3167,3238,3239,-1,3167,3239,3168,-1,3168,3239,3240,-1,3168,3240,3169,-1,3169,3240,3241,-1,3169,3241,3170,-1,3170,3241,3242,-1,3170,3242,3171,-1,3171,3242,3243,-1,3171,3243,3172,-1,3172,3243,3244,-1,3172,3244,3173,-1,3173,3244,3245,-1,3173,3245,3174,-1,3174,3245,3246,-1,3174,3246,3175,-1,3175,3246,3247,-1,3175,3247,3176,-1,3176,3247,3248,-1,3176,3248,3177,-1,3177,3248,3249,-1,3177,3249,3178,-1,3178,3249,3250,-1,3178,3250,3179,-1,3179,3250,3251,-1,3179,3251,3180,-1,3180,3251,3252,-1,3180,3252,3181,-1,3181,3252,3253,-1,3181,3253,3182,-1,3182,3253,3254,-1,3182,3254,3183,-1,3183,3254,3255,-1,3183,3255,3184,-1,3184,3255,3256,-1,3184,3256,3185,-1,3185,3256,3257,-1,3185,3257,3186,-1,3186,3257,3258,-1,3186,3258,3187,-1,3187,3258,3259,-1,3187,3259,3188,-1,3188,3259,3260,-1,3188,3260,3189,-1,3189,3260,3261,-1,3189,3261,3190,-1,3190,3261,3262,-1,3190,3262,3191,-1,3191,3262,3263,-1,3191,3263,3192,-1,3192,3263,3264,-1,3192,3264,3193,-1,3193,3264,3265,-1,3193,3265,3194,-1,3194,3265,3266,-1,3194,3266,3195,-1,3195,3266,3267,-1,3195,3267,3196,-1,3196,3267,3268,-1,3196,3268,3197,-1,3197,3268,3198,-1,3268,3269,3198,-1,3198,3269,3270,-1,3198,3270,3199,-1,3199,3270,3271,-1,3199,3271,3200,-1,3200,3271,3272,-1,3200,3272,3201,-1,3201,3272,3273,-1,3201,3273,3202,-1,3202,3273,3274,-1,3202,3274,3203,-1,3203,3274,3275,-1,3203,3275,3204,-1,3204,3275,3276,-1,3204,3276,3205,-1,3205,3276,3277,-1,3205,3277,3206,-1,3206,3277,3278,-1,3206,3278,3207,-1,3207,3278,3279,-1,3207,3279,3208,-1,3208,3279,3280,-1,3208,3280,3209,-1,3209,3280,3281,-1,3209,3281,3210,-1,3210,3281,3282,-1,3210,3282,3211,-1,3211,3282,3283,-1,3211,3283,3212,-1,3212,3283,3284,-1,3212,3284,3213,-1,3213,3284,3285,-1,3213,3285,3214,-1,3214,3285,3286,-1,3214,3286,3215,-1,3215,3286,3287,-1,3215,3287,3216,-1,3216,3287,3288,-1,3216,3288,3217,-1,3217,3288,3289,-1,3217,3289,3218,-1,3218,3289,3290,-1,3218,3290,3219,-1,3219,3290,3291,-1,3219,3291,3220,-1,3220,3291,3292,-1,3220,3292,3221,-1,3221,3292,3293,-1,3221,3293,3222,-1,3222,3293,3294,-1,3222,3294,3223,-1,3223,3294,3295,-1,3223,3295,3224,-1,3224,3295,3296,-1,3224,3296,3225,-1,3225,3296,3297,-1,3225,3297,3226,-1,3226,3297,3298,-1,3226,3298,3227,-1,3227,3298,3299,-1,3227,3299,3228,-1,3228,3299,3300,-1,3228,3300,3229,-1,3229,3300,3301,-1,3229,3301,3230,-1,3230,3301,3302,-1,3230,3302,3231,-1,3231,3302,3303,-1,3231,3303,3232,-1,3232,3303,3304,-1,3232,3304,3233,-1,3233,3304,3305,-1,3233,3305,3234,-1,3234,3305,3306,-1,3234,3306,3235,-1,3235,3306,3307,-1,3235,3307,3236,-1,3236,3307,3308,-1,3236,3308,3237,-1,3237,3308,3309,-1,3237,3309,3238,-1,3238,3309,3310,-1,3238,3310,3239,-1,3239,3310,3311,-1,3239,3311,3240,-1,3240,3311,3312,-1,3240,3312,3241,-1,3241,3312,3313,-1,3241,3313,3242,-1,3242,3313,3314,-1,3242,3314,3243,-1,3243,3314,3315,-1,3243,3315,3244,-1,3244,3315,3316,-1,3244,3316,3245,-1,3245,3316,3317,-1,3245,3317,3246,-1,3246,3317,3318,-1,3246,3318,3247,-1,3247,3318,3319,-1,3247,3319,3248,-1,3248,3319,3320,-1,3248,3320,3249,-1,3249,3320,3321,-1,3249,3321,3250,-1,3250,3321,3322,-1,3250,3322,3251,-1,3251,3322,3323,-1,3251,3323,3252,-1,3252,3323,3324,-1,3252,3324,3253,-1,3253,3324,3325,-1,3253,3325,3254,-1,3254,3325,3326,-1,3254,3326,3255,-1,3255,3326,3327,-1,3255,3327,3256,-1,3256,3327,3328,-1,3256,3328,3257,-1,3257,3328,3329,-1,3257,3329,3258,-1,3258,3329,3330,-1,3258,3330,3259,-1,3259,3330,3331,-1,3259,3331,3260,-1,3260,3331,3332,-1,3260,3332,3261,-1,3261,3332,3333,-1,3261,3333,3262,-1,3262,3333,3334,-1,3262,3334,3263,-1,3263,3334,3335,-1,3263,3335,3264,-1,3264,3335,3336,-1,3264,3336,3265,-1,3265,3336,3337,-1,3265,3337,3266,-1,3266,3337,3338,-1,3266,3338,3267,-1,3267,3338,3339,-1,3267,3339,3268,-1,3268,3339,3269,-1,3339,3340,3269,-1,3269,3340,3341,-1,3269,3341,3270,-1,3270,3341,3342,-1,3270,3342,3271,-1,3271,3342,3343,-1,3271,3343,3272,-1,3272,3343,3344,-1,3272,3344,3273,-1,3273,3344,3345,-1,3273,3345,3274,-1,3274,3345,3346,-1,3274,3346,3275,-1,3275,3346,3347,-1,3275,3347,3276,-1,3276,3347,3348,-1,3276,3348,3277,-1,3277,3348,3349,-1,3277,3349,3278,-1,3278,3349,3350,-1,3278,3350,3279,-1,3279,3350,3351,-1,3279,3351,3280,-1,3280,3351,3352,-1,3280,3352,3281,-1,3281,3352,3353,-1,3281,3353,3282,-1,3282,3353,3354,-1,3282,3354,3283,-1,3283,3354,3355,-1,3283,3355,3284,-1,3284,3355,3356,-1,3284,3356,3285,-1,3285,3356,3357,-1,3285,3357,3286,-1,3286,3357,3358,-1,3286,3358,3287,-1,3287,3358,3359,-1,3287,3359,3288,-1,3288,3359,3360,-1,3288,3360,3289,-1,3289,3360,3361,-1,3289,3361,3290,-1,3290,3361,3362,-1,3290,3362,3291,-1,3291,3362,3363,-1,3291,3363,3292,-1,3292,3363,3364,-1,3292,3364,3293,-1,3293,3364,3365,-1,3293,3365,3294,-1,3294,3365,3366,-1,3294,3366,3295,-1,3295,3366,3367,-1,3295,3367,3296,-1,3296,3367,3368,-1,3296,3368,3297,-1,3297,3368,3369,-1,3297,3369,3298,-1,3298,3369,3370,-1,3298,3370,3299,-1,3299,3370,3371,-1,3299,3371,3300,-1,3300,3371,3372,-1,3300,3372,3301,-1,3301,3372,3373,-1,3301,3373,3302,-1,3302,3373,3374,-1,3302,3374,3303,-1,3303,3374,3375,-1,3303,3375,3304,-1,3304,3375,3376,-1,3304,3376,3305,-1,3305,3376,3377,-1,3305,3377,3306,-1,3306,3377,3378,-1,3306,3378,3307,-1,3307,3378,3379,-1,3307,3379,3308,-1,3308,3379,3380,-1,3308,3380,3309,-1,3309,3380,3381,-1,3309,3381,3310,-1,3310,3381,3382,-1,3310,3382,3311,-1,3311,3382,3383,-1,3311,3383,3312,-1,3312,3383,3384,-1,3312,3384,3313,-1,3313,3384,3385,-1,3313,3385,3314,-1,3314,3385,3386,-1,3314,3386,3315,-1,3315,3386,3387,-1,3315,3387,3316,-1,3316,3387,3388,-1,3316,3388,3317,-1,3317,3388,3389,-1,3317,3389,3318,-1,3318,3389,3390,-1,3318,3390,3319,-1,3319,3390,3391,-1,3319,3391,3320,-1,3320,3391,3392,-1,3320,3392,3321,-1,3321,3392,3393,-1,3321,3393,3322,-1,3322,3393,3394,-1,3322,3394,3323,-1,3323,3394,3395,-1,3323,3395,3324,-1,3324,3395,3396,-1,3324,3396,3325,-1,3325,3396,3397,-1,3325,3397,3326,-1,3326,3397,3398,-1,3326,3398,3327,-1,3327,3398,3399,-1,3327,3399,3328,-1,3328,3399,3400,-1,3328,3400,3329,-1,3329,3400,3401,-1,3329,3401,3330,-1,3330,3401,3402,-1,3330,3402,3331,-1,3331,3402,3403,-1,3331,3403,3332,-1,3332,3403,3404,-1,3332,3404,3333,-1,3333,3404,3405,-1,3333,3405,3334,-1,3334,3405,3406,-1,3334,3406,3335,-1,3335,3406,3407,-1,3335,3407,3336,-1,3336,3407,3408,-1,3336,3408,3337,-1,3337,3408,3409,-1,3337,3409,3338,-1,3338,3409,3410,-1,3338,3410,3339,-1,3339,3410,3340,-1,3410,1707,3340,-1,3340,1707,1706,-1,3340,1706,3341,-1,3341,1706,1709,-1,3341,1709,3342,-1,3342,1709,1710,-1,3342,1710,3343,-1,3343,1710,1711,-1,3343,1711,3344,-1,3344,1711,1712,-1,3344,1712,3345,-1,3345,1712,1713,-1,3345,1713,3346,-1,3346,1713,1714,-1,3346,1714,3347,-1,3347,1714,1715,-1,3347,1715,3348,-1,3348,1715,1716,-1,3348,1716,3349,-1,3349,1716,1717,-1,3349,1717,3350,-1,3350,1717,1718,-1,3350,1718,3351,-1,3351,1718,1719,-1,3351,1719,3352,-1,3352,1719,1720,-1,3352,1720,3353,-1,3353,1720,1721,-1,3353,1721,3354,-1,3354,1721,1722,-1,3354,1722,3355,-1,3355,1722,1723,-1,3355,1723,3356,-1,3356,1723,1724,-1,3356,1724,3357,-1,3357,1724,1725,-1,3357,1725,3358,-1,3358,1725,1726,-1,3358,1726,3359,-1,3359,1726,1727,-1,3359,1727,3360,-1,3360,1727,1728,-1,3360,1728,3361,-1,3361,1728,1729,-1,3361,1729,3362,-1,3362,1729,1730,-1,3362,1730,3363,-1,3363,1730,1731,-1,3363,1731,3364,-1,3364,1731,1732,-1,3364,1732,3365,-1,3365,1732,1733,-1,3365,1733,3366,-1,3366,1733,1734,-1,3366,1734,3367,-1,3367,1734,1735,-1,3367,1735,3368,-1,3368,1735,1736,-1,3368,1736,3369,-1,3369,1736,1737,-1,3369,1737,3370,-1,3370,1737,1738,-1,3370,1738,3371,-1,3371,1738,1739,-1,3371,1739,3372,-1,3372,1739,1740,-1,3372,1740,3373,-1,3373,1740,1741,-1,3373,1741,3374,-1,3374,1741,1742,-1,3374,1742,3375,-1,3375,1742,1743,-1,3375,1743,3376,-1,3376,1743,1744,-1,3376,1744,3377,-1,3377,1744,1745,-1,3377,1745,3378,-1,3378,1745,1746,-1,3378,1746,3379,-1,3379,1746,1747,-1,3379,1747,3380,-1,3380,1747,1748,-1,3380,1748,3381,-1,3381,1748,1749,-1,3381,1749,3382,-1,3382,1749,1750,-1,3382,1750,3383,-1,3383,1750,1751,-1,3383,1751,3384,-1,3384,1751,1752,-1,3384,1752,3385,-1,3385,1752,1753,-1,3385,1753,3386,-1,3386,1753,1754,-1,3386,1754,3387,-1,3387,1754,1755,-1,3387,1755,3388,-1,3388,1755,1756,-1,3388,1756,3389,-1,3389,1756,1757,-1,3389,1757,3390,-1,3390,1757,1758,-1,3390,1758,3391,-1,3391,1758,1759,-1,3391,1759,3392,-1,3392,1759,1760,-1,3392,1760,3393,-1,3393,1760,1761,-1,3393,1761,3394,-1,3394,1761,1762,-1,3394,1762,3395,-1,3395,1762,1763,-1,3395,1763,3396,-1,3396,1763,1764,-1,3396,1764,3397,-1,3397,1764,1765,-1,3397,1765,3398,-1,3398,1765,1766,-1,3398,1766,3399,-1,3399,1766,1767,-1,3399,1767,3400,-1,3400,1767,1768,-1,3400,1768,3401,-1,3401,1768,1769,-1,3401,1769,3402,-1,3402,1769,1770,-1,3402,1770,3403,-1,3403,1770,1771,-1,3403,1771,3404,-1,3404,1771,1772,-1,3404,1772,3405,-1,3405,1772,1773,-1,3405,1773,3406,-1,3406,1773,1774,-1,3406,1774,3407,-1,3407,1774,1775,-1,3407,1775,3408,-1,3408,1775,1776,-1,3408,1776,3409,-1,3409,1776,1777,-1,3409,1777,3410,-1,3410,1777,1707,-1,1778,1780,3411,-1,1778,3411,1918,-1,1912,1914,3411,-1,3411,1914,1916,-1,3411,1916,1918,-1,1906,1908,3411,-1,3411,1908,1910,-1,3411,1910,1912,-1,1900,1902,3411,-1,3411,1902,1904,-1,3411,1904,1906,-1,1894,1896,3411,-1,3411,1896,1898,-1,3411,1898,1900,-1,1888,1890,3411,-1,3411,1890,1892,-1,3411,1892,1894,-1,1882,1884,3411,-1,3411,1884,1886,-1,3411,1886,1888,-1,1876,1878,3411,-1,3411,1878,1880,-1,3411,1880,1882,-1,1870,1872,3411,-1,3411,1872,1874,-1,3411,1874,1876,-1,1864,1866,3411,-1,3411,1866,1868,-1,3411,1868,1870,-1,1858,1860,3411,-1,3411,1860,1862,-1,3411,1862,1864,-1,1852,1854,3411,-1,3411,1854,1856,-1,3411,1856,1858,-1,1846,1848,3411,-1,3411,1848,1850,-1,3411,1850,1852,-1,1840,1842,3411,-1,3411,1842,1844,-1,3411,1844,1846,-1,1834,1836,3411,-1,3411,1836,1838,-1,3411,1838,1840,-1,1828,1830,3411,-1,3411,1830,1832,-1,3411,1832,1834,-1,1822,1824,3411,-1,3411,1824,1826,-1,3411,1826,1828,-1,1816,1818,3411,-1,3411,1818,1820,-1,3411,1820,1822,-1,1810,1812,3411,-1,3411,1812,1814,-1,3411,1814,1816,-1,1804,1806,3411,-1,3411,1806,1808,-1,3411,1808,1810,-1,1798,1800,3411,-1,3411,1800,1802,-1,3411,1802,1804,-1,1792,1794,3411,-1,3411,1794,1796,-1,3411,1796,1798,-1,1786,1788,3411,-1,3411,1788,1790,-1,3411,1790,1792,-1,1780,1782,3411,-1,3411,1782,1784,-1,3411,1784,1786,-1,3412,3413,3414,-1,3412,3414,3415,-1,3416,3415,3414,-1,3417,3416,3414,-1,3418,3417,3414,-1,3419,3418,3414,-1,3420,3419,3414,-1,3421,3420,3414,-1,3422,3421,3414,-1,3423,3422,3414,-1,3424,3423,3414,-1,3425,3424,3414,-1,3426,3425,3414,-1,3427,3426,3414,-1,3428,3427,3414,-1,3429,3428,3414,-1,3430,3429,3414,-1,3431,3430,3414,-1,3432,3431,3414,-1,3433,3432,3414,-1,3434,3433,3414,-1,3435,3434,3414,-1,3436,3435,3414,-1,3437,3436,3414,-1,3438,3437,3414,-1,3439,3438,3414,-1,3440,3439,3414,-1,3441,3440,3414,-1,3442,3441,3414,-1,3443,3442,3414,-1,3444,3443,3414,-1,3445,3444,3414,-1,3446,3445,3414,-1,3447,3446,3414,-1,3448,3447,3414,-1,3449,3448,3414,-1,3450,3449,3414,-1,3451,3450,3414,-1,3452,3451,3414,-1,3453,3452,3414,-1,3454,3453,3414,-1,3455,3454,3414,-1,3456,3455,3414,-1,3457,3456,3414,-1,3458,3457,3414,-1,3459,3458,3414,-1,3460,3459,3414,-1,3461,3460,3414,-1,3462,3461,3414,-1,3463,3462,3414,-1,3464,3463,3414,-1,3465,3464,3414,-1,3466,3465,3414,-1,3467,3466,3414,-1,3468,3467,3414,-1,3469,3468,3414,-1,3470,3469,3414,-1,3471,3470,3414,-1,3472,3471,3414,-1,3473,3472,3414,-1,3474,3473,3414,-1,3475,3474,3414,-1,3476,3475,3414,-1,3477,3476,3414,-1,3478,3477,3414,-1,3479,3478,3414,-1,3480,3479,3414,-1,3481,3480,3414,-1,3482,3481,3414,-1,3483,3482,3414,-1,3413,3483,3414,-1,3484,3485,3486,-1,3486,3485,3487,-1,3486,3487,3488,-1,3488,3487,3489,-1,3488,3489,3490,-1,3490,3489,3491,-1,3490,3491,3492,-1,3492,3491,3493,-1,3492,3493,3494,-1,3494,3493,3495,-1,3494,3495,3496,-1,3496,3495,3497,-1,3496,3497,3498,-1,3498,3497,3499,-1,3498,3499,3500,-1,3500,3499,3501,-1,3500,3501,3502,-1,3502,3501,3503,-1,3502,3503,3504,-1,3504,3503,3505,-1,3504,3505,3506,-1,3506,3505,3507,-1,3506,3507,3508,-1,3508,3507,3509,-1,3508,3509,3510,-1,3510,3509,3511,-1,3510,3511,3512,-1,3512,3511,3513,-1,3512,3513,3514,-1,3514,3513,3515,-1,3514,3515,3516,-1,3516,3515,3517,-1,3516,3517,3518,-1,3518,3517,3519,-1,3518,3519,3520,-1,3520,3519,3521,-1,3520,3521,3522,-1,3522,3521,3523,-1,3522,3523,3524,-1,3524,3523,3525,-1,3524,3525,3526,-1,3526,3525,3527,-1,3526,3527,3528,-1,3528,3527,3529,-1,3528,3529,3530,-1,3530,3529,3531,-1,3530,3531,3532,-1,3532,3531,3533,-1,3532,3533,3534,-1,3534,3533,3535,-1,3534,3535,3536,-1,3536,3535,3537,-1,3536,3537,3538,-1,3538,3537,3539,-1,3538,3539,3540,-1,3540,3539,3541,-1,3540,3541,3542,-1,3542,3541,3543,-1,3542,3543,3544,-1,3544,3543,3545,-1,3544,3545,3546,-1,3546,3545,3547,-1,3546,3547,3548,-1,3548,3547,3549,-1,3548,3549,3550,-1,3550,3549,3551,-1,3550,3551,3552,-1,3552,3551,3553,-1,3552,3553,3554,-1,3554,3553,3555,-1,3554,3555,3556,-1,3556,3555,3557,-1,3556,3557,3558,-1,3558,3557,3559,-1,3558,3559,3560,-1,3560,3559,3561,-1,3560,3561,3562,-1,3562,3561,3563,-1,3562,3563,3564,-1,3564,3563,3565,-1,3564,3565,3566,-1,3566,3565,3567,-1,3566,3567,3568,-1,3568,3567,3569,-1,3568,3569,3570,-1,3570,3569,3571,-1,3570,3571,3572,-1,3572,3571,3573,-1,3572,3573,3574,-1,3574,3573,3575,-1,3574,3575,3576,-1,3576,3575,3577,-1,3576,3577,3578,-1,3578,3577,3579,-1,3578,3579,3580,-1,3580,3579,3581,-1,3580,3581,3582,-1,3582,3581,3583,-1,3582,3583,3584,-1,3584,3583,3585,-1,3584,3585,3586,-1,3586,3585,3587,-1,3586,3587,3588,-1,3588,3587,3589,-1,3588,3589,3590,-1,3590,3589,3591,-1,3590,3591,3592,-1,3592,3591,3593,-1,3592,3593,3594,-1,3594,3593,3595,-1,3594,3595,3596,-1,3596,3595,3597,-1,3596,3597,3598,-1,3598,3597,3599,-1,3598,3599,3600,-1,3600,3599,3601,-1,3600,3601,3602,-1,3602,3601,3603,-1,3602,3603,3604,-1,3604,3603,3605,-1,3604,3605,3606,-1,3606,3605,3607,-1,3606,3607,3608,-1,3608,3607,3609,-1,3608,3609,3610,-1,3610,3609,3611,-1,3610,3611,3612,-1,3612,3611,3613,-1,3612,3613,3614,-1,3614,3613,3615,-1,3614,3615,3616,-1,3616,3615,3617,-1,3616,3617,3618,-1,3618,3617,3619,-1,3618,3619,3620,-1,3620,3619,3621,-1,3620,3621,3622,-1,3622,3621,3623,-1,3622,3623,3624,-1,3624,3623,3625,-1,3624,3625,3484,-1,3484,3625,3485,-1,3625,3626,3485,-1,3485,3626,3627,-1,3485,3627,3487,-1,3487,3627,3628,-1,3487,3628,3489,-1,3489,3628,3629,-1,3489,3629,3491,-1,3491,3629,3630,-1,3491,3630,3493,-1,3493,3630,3631,-1,3493,3631,3495,-1,3495,3631,3632,-1,3495,3632,3497,-1,3497,3632,3633,-1,3497,3633,3499,-1,3499,3633,3634,-1,3499,3634,3501,-1,3501,3634,3635,-1,3501,3635,3503,-1,3503,3635,3636,-1,3503,3636,3505,-1,3505,3636,3637,-1,3505,3637,3507,-1,3507,3637,3638,-1,3507,3638,3509,-1,3509,3638,3639,-1,3509,3639,3511,-1,3511,3639,3640,-1,3511,3640,3513,-1,3513,3640,3641,-1,3513,3641,3515,-1,3515,3641,3642,-1,3515,3642,3517,-1,3517,3642,3643,-1,3517,3643,3519,-1,3519,3643,3644,-1,3519,3644,3521,-1,3521,3644,3645,-1,3521,3645,3523,-1,3523,3645,3646,-1,3523,3646,3525,-1,3525,3646,3647,-1,3525,3647,3527,-1,3527,3647,3648,-1,3527,3648,3529,-1,3529,3648,3649,-1,3529,3649,3531,-1,3531,3649,3650,-1,3531,3650,3533,-1,3533,3650,3651,-1,3533,3651,3535,-1,3535,3651,3652,-1,3535,3652,3537,-1,3537,3652,3653,-1,3537,3653,3539,-1,3539,3653,3654,-1,3539,3654,3541,-1,3541,3654,3655,-1,3541,3655,3543,-1,3543,3655,3656,-1,3543,3656,3545,-1,3545,3656,3657,-1,3545,3657,3547,-1,3547,3657,3658,-1,3547,3658,3549,-1,3549,3658,3659,-1,3549,3659,3551,-1,3551,3659,3660,-1,3551,3660,3553,-1,3553,3660,3661,-1,3553,3661,3555,-1,3555,3661,3662,-1,3555,3662,3557,-1,3557,3662,3663,-1,3557,3663,3559,-1,3559,3663,3664,-1,3559,3664,3561,-1,3561,3664,3665,-1,3561,3665,3563,-1,3563,3665,3666,-1,3563,3666,3565,-1,3565,3666,3667,-1,3565,3667,3567,-1,3567,3667,3668,-1,3567,3668,3569,-1,3569,3668,3669,-1,3569,3669,3571,-1,3571,3669,3670,-1,3571,3670,3573,-1,3573,3670,3671,-1,3573,3671,3575,-1,3575,3671,3672,-1,3575,3672,3577,-1,3577,3672,3673,-1,3577,3673,3579,-1,3579,3673,3674,-1,3579,3674,3581,-1,3581,3674,3675,-1,3581,3675,3583,-1,3583,3675,3676,-1,3583,3676,3585,-1,3585,3676,3677,-1,3585,3677,3587,-1,3587,3677,3678,-1,3587,3678,3589,-1,3589,3678,3679,-1,3589,3679,3591,-1,3591,3679,3680,-1,3591,3680,3593,-1,3593,3680,3681,-1,3593,3681,3595,-1,3595,3681,3682,-1,3595,3682,3597,-1,3597,3682,3683,-1,3597,3683,3599,-1,3599,3683,3684,-1,3599,3684,3601,-1,3601,3684,3685,-1,3601,3685,3603,-1,3603,3685,3686,-1,3603,3686,3605,-1,3605,3686,3687,-1,3605,3687,3607,-1,3607,3687,3688,-1,3607,3688,3609,-1,3609,3688,3689,-1,3609,3689,3611,-1,3611,3689,3690,-1,3611,3690,3613,-1,3613,3690,3691,-1,3613,3691,3615,-1,3615,3691,3692,-1,3615,3692,3617,-1,3617,3692,3693,-1,3617,3693,3619,-1,3619,3693,3694,-1,3619,3694,3621,-1,3621,3694,3695,-1,3621,3695,3623,-1,3623,3695,3696,-1,3623,3696,3625,-1,3625,3696,3626,-1,3696,3697,3626,-1,3626,3697,3698,-1,3626,3698,3627,-1,3627,3698,3699,-1,3627,3699,3628,-1,3628,3699,3700,-1,3628,3700,3629,-1,3629,3700,3701,-1,3629,3701,3630,-1,3630,3701,3702,-1,3630,3702,3631,-1,3631,3702,3703,-1,3631,3703,3632,-1,3632,3703,3704,-1,3632,3704,3633,-1,3633,3704,3705,-1,3633,3705,3634,-1,3634,3705,3706,-1,3634,3706,3635,-1,3635,3706,3707,-1,3635,3707,3636,-1,3636,3707,3708,-1,3636,3708,3637,-1,3637,3708,3709,-1,3637,3709,3638,-1,3638,3709,3710,-1,3638,3710,3639,-1,3639,3710,3711,-1,3639,3711,3640,-1,3640,3711,3712,-1,3640,3712,3641,-1,3641,3712,3713,-1,3641,3713,3642,-1,3642,3713,3714,-1,3642,3714,3643,-1,3643,3714,3715,-1,3643,3715,3644,-1,3644,3715,3716,-1,3644,3716,3645,-1,3645,3716,3717,-1,3645,3717,3646,-1,3646,3717,3718,-1,3646,3718,3647,-1,3647,3718,3719,-1,3647,3719,3648,-1,3648,3719,3720,-1,3648,3720,3649,-1,3649,3720,3721,-1,3649,3721,3650,-1,3650,3721,3722,-1,3650,3722,3651,-1,3651,3722,3723,-1,3651,3723,3652,-1,3652,3723,3724,-1,3652,3724,3653,-1,3653,3724,3725,-1,3653,3725,3654,-1,3654,3725,3726,-1,3654,3726,3655,-1,3655,3726,3727,-1,3655,3727,3656,-1,3656,3727,3728,-1,3656,3728,3657,-1,3657,3728,3729,-1,3657,3729,3658,-1,3658,3729,3730,-1,3658,3730,3659,-1,3659,3730,3731,-1,3659,3731,3660,-1,3660,3731,3732,-1,3660,3732,3661,-1,3661,3732,3733,-1,3661,3733,3662,-1,3662,3733,3734,-1,3662,3734,3663,-1,3663,3734,3735,-1,3663,3735,3664,-1,3664,3735,3736,-1,3664,3736,3665,-1,3665,3736,3737,-1,3665,3737,3666,-1,3666,3737,3738,-1,3666,3738,3667,-1,3667,3738,3739,-1,3667,3739,3668,-1,3668,3739,3740,-1,3668,3740,3669,-1,3669,3740,3741,-1,3669,3741,3670,-1,3670,3741,3742,-1,3670,3742,3671,-1,3671,3742,3743,-1,3671,3743,3672,-1,3672,3743,3744,-1,3672,3744,3673,-1,3673,3744,3745,-1,3673,3745,3674,-1,3674,3745,3746,-1,3674,3746,3675,-1,3675,3746,3747,-1,3675,3747,3676,-1,3676,3747,3748,-1,3676,3748,3677,-1,3677,3748,3749,-1,3677,3749,3678,-1,3678,3749,3750,-1,3678,3750,3679,-1,3679,3750,3751,-1,3679,3751,3680,-1,3680,3751,3752,-1,3680,3752,3681,-1,3681,3752,3753,-1,3681,3753,3682,-1,3682,3753,3754,-1,3682,3754,3683,-1,3683,3754,3755,-1,3683,3755,3684,-1,3684,3755,3756,-1,3684,3756,3685,-1,3685,3756,3757,-1,3685,3757,3686,-1,3686,3757,3758,-1,3686,3758,3687,-1,3687,3758,3759,-1,3687,3759,3688,-1,3688,3759,3760,-1,3688,3760,3689,-1,3689,3760,3761,-1,3689,3761,3690,-1,3690,3761,3762,-1,3690,3762,3691,-1,3691,3762,3763,-1,3691,3763,3692,-1,3692,3763,3764,-1,3692,3764,3693,-1,3693,3764,3765,-1,3693,3765,3694,-1,3694,3765,3766,-1,3694,3766,3695,-1,3695,3766,3767,-1,3695,3767,3696,-1,3696,3767,3697,-1,3767,3768,3697,-1,3697,3768,3769,-1,3697,3769,3698,-1,3698,3769,3770,-1,3698,3770,3699,-1,3699,3770,3771,-1,3699,3771,3700,-1,3700,3771,3772,-1,3700,3772,3701,-1,3701,3772,3773,-1,3701,3773,3702,-1,3702,3773,3774,-1,3702,3774,3703,-1,3703,3774,3775,-1,3703,3775,3704,-1,3704,3775,3776,-1,3704,3776,3705,-1,3705,3776,3777,-1,3705,3777,3706,-1,3706,3777,3778,-1,3706,3778,3707,-1,3707,3778,3779,-1,3707,3779,3708,-1,3708,3779,3780,-1,3708,3780,3709,-1,3709,3780,3781,-1,3709,3781,3710,-1,3710,3781,3782,-1,3710,3782,3711,-1,3711,3782,3783,-1,3711,3783,3712,-1,3712,3783,3784,-1,3712,3784,3713,-1,3713,3784,3785,-1,3713,3785,3714,-1,3714,3785,3786,-1,3714,3786,3715,-1,3715,3786,3787,-1,3715,3787,3716,-1,3716,3787,3788,-1,3716,3788,3717,-1,3717,3788,3789,-1,3717,3789,3718,-1,3718,3789,3790,-1,3718,3790,3719,-1,3719,3790,3791,-1,3719,3791,3720,-1,3720,3791,3792,-1,3720,3792,3721,-1,3721,3792,3793,-1,3721,3793,3722,-1,3722,3793,3794,-1,3722,3794,3723,-1,3723,3794,3795,-1,3723,3795,3724,-1,3724,3795,3796,-1,3724,3796,3725,-1,3725,3796,3797,-1,3725,3797,3726,-1,3726,3797,3798,-1,3726,3798,3727,-1,3727,3798,3799,-1,3727,3799,3728,-1,3728,3799,3800,-1,3728,3800,3729,-1,3729,3800,3801,-1,3729,3801,3730,-1,3730,3801,3802,-1,3730,3802,3731,-1,3731,3802,3803,-1,3731,3803,3732,-1,3732,3803,3804,-1,3732,3804,3733,-1,3733,3804,3805,-1,3733,3805,3734,-1,3734,3805,3806,-1,3734,3806,3735,-1,3735,3806,3807,-1,3735,3807,3736,-1,3736,3807,3808,-1,3736,3808,3737,-1,3737,3808,3809,-1,3737,3809,3738,-1,3738,3809,3810,-1,3738,3810,3739,-1,3739,3810,3811,-1,3739,3811,3740,-1,3740,3811,3812,-1,3740,3812,3741,-1,3741,3812,3813,-1,3741,3813,3742,-1,3742,3813,3814,-1,3742,3814,3743,-1,3743,3814,3815,-1,3743,3815,3744,-1,3744,3815,3816,-1,3744,3816,3745,-1,3745,3816,3817,-1,3745,3817,3746,-1,3746,3817,3818,-1,3746,3818,3747,-1,3747,3818,3819,-1,3747,3819,3748,-1,3748,3819,3820,-1,3748,3820,3749,-1,3749,3820,3821,-1,3749,3821,3750,-1,3750,3821,3822,-1,3750,3822,3751,-1,3751,3822,3823,-1,3751,3823,3752,-1,3752,3823,3824,-1,3752,3824,3753,-1,3753,3824,3825,-1,3753,3825,3754,-1,3754,3825,3826,-1,3754,3826,3755,-1,3755,3826,3827,-1,3755,3827,3756,-1,3756,3827,3828,-1,3756,3828,3757,-1,3757,3828,3829,-1,3757,3829,3758,-1,3758,3829,3830,-1,3758,3830,3759,-1,3759,3830,3831,-1,3759,3831,3760,-1,3760,3831,3832,-1,3760,3832,3761,-1,3761,3832,3833,-1,3761,3833,3762,-1,3762,3833,3834,-1,3762,3834,3763,-1,3763,3834,3835,-1,3763,3835,3764,-1,3764,3835,3836,-1,3764,3836,3765,-1,3765,3836,3837,-1,3765,3837,3766,-1,3766,3837,3838,-1,3766,3838,3767,-1,3767,3838,3768,-1,3838,3839,3768,-1,3768,3839,3840,-1,3768,3840,3769,-1,3769,3840,3841,-1,3769,3841,3770,-1,3770,3841,3842,-1,3770,3842,3771,-1,3771,3842,3843,-1,3771,3843,3772,-1,3772,3843,3844,-1,3772,3844,3773,-1,3773,3844,3845,-1,3773,3845,3774,-1,3774,3845,3846,-1,3774,3846,3775,-1,3775,3846,3847,-1,3775,3847,3776,-1,3776,3847,3848,-1,3776,3848,3777,-1,3777,3848,3849,-1,3777,3849,3778,-1,3778,3849,3850,-1,3778,3850,3779,-1,3779,3850,3851,-1,3779,3851,3780,-1,3780,3851,3852,-1,3780,3852,3781,-1,3781,3852,3853,-1,3781,3853,3782,-1,3782,3853,3854,-1,3782,3854,3783,-1,3783,3854,3855,-1,3783,3855,3784,-1,3784,3855,3856,-1,3784,3856,3785,-1,3785,3856,3857,-1,3785,3857,3786,-1,3786,3857,3858,-1,3786,3858,3787,-1,3787,3858,3859,-1,3787,3859,3788,-1,3788,3859,3860,-1,3788,3860,3789,-1,3789,3860,3861,-1,3789,3861,3790,-1,3790,3861,3862,-1,3790,3862,3791,-1,3791,3862,3863,-1,3791,3863,3792,-1,3792,3863,3864,-1,3792,3864,3793,-1,3793,3864,3865,-1,3793,3865,3794,-1,3794,3865,3866,-1,3794,3866,3795,-1,3795,3866,3867,-1,3795,3867,3796,-1,3796,3867,3868,-1,3796,3868,3797,-1,3797,3868,3869,-1,3797,3869,3798,-1,3798,3869,3870,-1,3798,3870,3799,-1,3799,3870,3871,-1,3799,3871,3800,-1,3800,3871,3872,-1,3800,3872,3801,-1,3801,3872,3873,-1,3801,3873,3802,-1,3802,3873,3874,-1,3802,3874,3803,-1,3803,3874,3875,-1,3803,3875,3804,-1,3804,3875,3876,-1,3804,3876,3805,-1,3805,3876,3877,-1,3805,3877,3806,-1,3806,3877,3878,-1,3806,3878,3807,-1,3807,3878,3879,-1,3807,3879,3808,-1,3808,3879,3880,-1,3808,3880,3809,-1,3809,3880,3881,-1,3809,3881,3810,-1,3810,3881,3882,-1,3810,3882,3811,-1,3811,3882,3883,-1,3811,3883,3812,-1,3812,3883,3884,-1,3812,3884,3813,-1,3813,3884,3885,-1,3813,3885,3814,-1,3814,3885,3886,-1,3814,3886,3815,-1,3815,3886,3887,-1,3815,3887,3816,-1,3816,3887,3888,-1,3816,3888,3817,-1,3817,3888,3889,-1,3817,3889,3818,-1,3818,3889,3890,-1,3818,3890,3819,-1,3819,3890,3891,-1,3819,3891,3820,-1,3820,3891,3892,-1,3820,3892,3821,-1,3821,3892,3893,-1,3821,3893,3822,-1,3822,3893,3894,-1,3822,3894,3823,-1,3823,3894,3895,-1,3823,3895,3824,-1,3824,3895,3896,-1,3824,3896,3825,-1,3825,3896,3897,-1,3825,3897,3826,-1,3826,3897,3898,-1,3826,3898,3827,-1,3827,3898,3899,-1,3827,3899,3828,-1,3828,3899,3900,-1,3828,3900,3829,-1,3829,3900,3901,-1,3829,3901,3830,-1,3830,3901,3902,-1,3830,3902,3831,-1,3831,3902,3903,-1,3831,3903,3832,-1,3832,3903,3904,-1,3832,3904,3833,-1,3833,3904,3905,-1,3833,3905,3834,-1,3834,3905,3906,-1,3834,3906,3835,-1,3835,3906,3907,-1,3835,3907,3836,-1,3836,3907,3908,-1,3836,3908,3837,-1,3837,3908,3909,-1,3837,3909,3838,-1,3838,3909,3839,-1,3909,3910,3839,-1,3839,3910,3911,-1,3839,3911,3840,-1,3840,3911,3912,-1,3840,3912,3841,-1,3841,3912,3913,-1,3841,3913,3842,-1,3842,3913,3914,-1,3842,3914,3843,-1,3843,3914,3915,-1,3843,3915,3844,-1,3844,3915,3916,-1,3844,3916,3845,-1,3845,3916,3917,-1,3845,3917,3846,-1,3846,3917,3918,-1,3846,3918,3847,-1,3847,3918,3919,-1,3847,3919,3848,-1,3848,3919,3920,-1,3848,3920,3849,-1,3849,3920,3921,-1,3849,3921,3850,-1,3850,3921,3922,-1,3850,3922,3851,-1,3851,3922,3923,-1,3851,3923,3852,-1,3852,3923,3924,-1,3852,3924,3853,-1,3853,3924,3925,-1,3853,3925,3854,-1,3854,3925,3926,-1,3854,3926,3855,-1,3855,3926,3927,-1,3855,3927,3856,-1,3856,3927,3928,-1,3856,3928,3857,-1,3857,3928,3929,-1,3857,3929,3858,-1,3858,3929,3930,-1,3858,3930,3859,-1,3859,3930,3931,-1,3859,3931,3860,-1,3860,3931,3932,-1,3860,3932,3861,-1,3861,3932,3933,-1,3861,3933,3862,-1,3862,3933,3934,-1,3862,3934,3863,-1,3863,3934,3935,-1,3863,3935,3864,-1,3864,3935,3936,-1,3864,3936,3865,-1,3865,3936,3937,-1,3865,3937,3866,-1,3866,3937,3938,-1,3866,3938,3867,-1,3867,3938,3939,-1,3867,3939,3868,-1,3868,3939,3940,-1,3868,3940,3869,-1,3869,3940,3941,-1,3869,3941,3870,-1,3870,3941,3942,-1,3870,3942,3871,-1,3871,3942,3943,-1,3871,3943,3872,-1,3872,3943,3944,-1,3872,3944,3873,-1,3873,3944,3945,-1,3873,3945,3874,-1,3874,3945,3946,-1,3874,3946,3875,-1,3875,3946,3947,-1,3875,3947,3876,-1,3876,3947,3948,-1,3876,3948,3877,-1,3877,3948,3949,-1,3877,3949,3878,-1,3878,3949,3950,-1,3878,3950,3879,-1,3879,3950,3951,-1,3879,3951,3880,-1,3880,3951,3952,-1,3880,3952,3881,-1,3881,3952,3953,-1,3881,3953,3882,-1,3882,3953,3954,-1,3882,3954,3883,-1,3883,3954,3955,-1,3883,3955,3884,-1,3884,3955,3956,-1,3884,3956,3885,-1,3885,3956,3957,-1,3885,3957,3886,-1,3886,3957,3958,-1,3886,3958,3887,-1,3887,3958,3959,-1,3887,3959,3888,-1,3888,3959,3960,-1,3888,3960,3889,-1,3889,3960,3961,-1,3889,3961,3890,-1,3890,3961,3962,-1,3890,3962,3891,-1,3891,3962,3963,-1,3891,3963,3892,-1,3892,3963,3964,-1,3892,3964,3893,-1,3893,3964,3965,-1,3893,3965,3894,-1,3894,3965,3966,-1,3894,3966,3895,-1,3895,3966,3967,-1,3895,3967,3896,-1,3896,3967,3968,-1,3896,3968,3897,-1,3897,3968,3969,-1,3897,3969,3898,-1,3898,3969,3970,-1,3898,3970,3899,-1,3899,3970,3971,-1,3899,3971,3900,-1,3900,3971,3972,-1,3900,3972,3901,-1,3901,3972,3973,-1,3901,3973,3902,-1,3902,3973,3974,-1,3902,3974,3903,-1,3903,3974,3975,-1,3903,3975,3904,-1,3904,3975,3976,-1,3904,3976,3905,-1,3905,3976,3977,-1,3905,3977,3906,-1,3906,3977,3978,-1,3906,3978,3907,-1,3907,3978,3979,-1,3907,3979,3908,-1,3908,3979,3980,-1,3908,3980,3909,-1,3909,3980,3910,-1,3980,3981,3910,-1,3910,3981,3982,-1,3910,3982,3911,-1,3911,3982,3983,-1,3911,3983,3912,-1,3912,3983,3984,-1,3912,3984,3913,-1,3913,3984,3985,-1,3913,3985,3914,-1,3914,3985,3986,-1,3914,3986,3915,-1,3915,3986,3987,-1,3915,3987,3916,-1,3916,3987,3988,-1,3916,3988,3917,-1,3917,3988,3989,-1,3917,3989,3918,-1,3918,3989,3990,-1,3918,3990,3919,-1,3919,3990,3991,-1,3919,3991,3920,-1,3920,3991,3992,-1,3920,3992,3921,-1,3921,3992,3993,-1,3921,3993,3922,-1,3922,3993,3994,-1,3922,3994,3923,-1,3923,3994,3995,-1,3923,3995,3924,-1,3924,3995,3996,-1,3924,3996,3925,-1,3925,3996,3997,-1,3925,3997,3926,-1,3926,3997,3998,-1,3926,3998,3927,-1,3927,3998,3999,-1,3927,3999,3928,-1,3928,3999,4000,-1,3928,4000,3929,-1,3929,4000,4001,-1,3929,4001,3930,-1,3930,4001,4002,-1,3930,4002,3931,-1,3931,4002,4003,-1,3931,4003,3932,-1,3932,4003,4004,-1,3932,4004,3933,-1,3933,4004,4005,-1,3933,4005,3934,-1,3934,4005,4006,-1,3934,4006,3935,-1,3935,4006,4007,-1,3935,4007,3936,-1,3936,4007,4008,-1,3936,4008,3937,-1,3937,4008,4009,-1,3937,4009,3938,-1,3938,4009,4010,-1,3938,4010,3939,-1,3939,4010,4011,-1,3939,4011,3940,-1,3940,4011,4012,-1,3940,4012,3941,-1,3941,4012,4013,-1,3941,4013,3942,-1,3942,4013,4014,-1,3942,4014,3943,-1,3943,4014,4015,-1,3943,4015,3944,-1,3944,4015,4016,-1,3944,4016,3945,-1,3945,4016,4017,-1,3945,4017,3946,-1,3946,4017,4018,-1,3946,4018,3947,-1,3947,4018,4019,-1,3947,4019,3948,-1,3948,4019,4020,-1,3948,4020,3949,-1,3949,4020,4021,-1,3949,4021,3950,-1,3950,4021,4022,-1,3950,4022,3951,-1,3951,4022,4023,-1,3951,4023,3952,-1,3952,4023,4024,-1,3952,4024,3953,-1,3953,4024,4025,-1,3953,4025,3954,-1,3954,4025,4026,-1,3954,4026,3955,-1,3955,4026,4027,-1,3955,4027,3956,-1,3956,4027,4028,-1,3956,4028,3957,-1,3957,4028,4029,-1,3957,4029,3958,-1,3958,4029,4030,-1,3958,4030,3959,-1,3959,4030,4031,-1,3959,4031,3960,-1,3960,4031,4032,-1,3960,4032,3961,-1,3961,4032,4033,-1,3961,4033,3962,-1,3962,4033,4034,-1,3962,4034,3963,-1,3963,4034,4035,-1,3963,4035,3964,-1,3964,4035,4036,-1,3964,4036,3965,-1,3965,4036,4037,-1,3965,4037,3966,-1,3966,4037,4038,-1,3966,4038,3967,-1,3967,4038,4039,-1,3967,4039,3968,-1,3968,4039,4040,-1,3968,4040,3969,-1,3969,4040,4041,-1,3969,4041,3970,-1,3970,4041,4042,-1,3970,4042,3971,-1,3971,4042,4043,-1,3971,4043,3972,-1,3972,4043,4044,-1,3972,4044,3973,-1,3973,4044,4045,-1,3973,4045,3974,-1,3974,4045,4046,-1,3974,4046,3975,-1,3975,4046,4047,-1,3975,4047,3976,-1,3976,4047,4048,-1,3976,4048,3977,-1,3977,4048,4049,-1,3977,4049,3978,-1,3978,4049,4050,-1,3978,4050,3979,-1,3979,4050,4051,-1,3979,4051,3980,-1,3980,4051,3981,-1,4051,4052,3981,-1,3981,4052,4053,-1,3981,4053,3982,-1,3982,4053,4054,-1,3982,4054,3983,-1,3983,4054,4055,-1,3983,4055,3984,-1,3984,4055,4056,-1,3984,4056,3985,-1,3985,4056,4057,-1,3985,4057,3986,-1,3986,4057,4058,-1,3986,4058,3987,-1,3987,4058,4059,-1,3987,4059,3988,-1,3988,4059,4060,-1,3988,4060,3989,-1,3989,4060,4061,-1,3989,4061,3990,-1,3990,4061,4062,-1,3990,4062,3991,-1,3991,4062,4063,-1,3991,4063,3992,-1,3992,4063,4064,-1,3992,4064,3993,-1,3993,4064,4065,-1,3993,4065,3994,-1,3994,4065,4066,-1,3994,4066,3995,-1,3995,4066,4067,-1,3995,4067,3996,-1,3996,4067,4068,-1,3996,4068,3997,-1,3997,4068,4069,-1,3997,4069,3998,-1,3998,4069,4070,-1,3998,4070,3999,-1,3999,4070,4071,-1,3999,4071,4000,-1,4000,4071,4072,-1,4000,4072,4001,-1,4001,4072,4073,-1,4001,4073,4002,-1,4002,4073,4074,-1,4002,4074,4003,-1,4003,4074,4075,-1,4003,4075,4004,-1,4004,4075,4076,-1,4004,4076,4005,-1,4005,4076,4077,-1,4005,4077,4006,-1,4006,4077,4078,-1,4006,4078,4007,-1,4007,4078,4079,-1,4007,4079,4008,-1,4008,4079,4080,-1,4008,4080,4009,-1,4009,4080,4081,-1,4009,4081,4010,-1,4010,4081,4082,-1,4010,4082,4011,-1,4011,4082,4083,-1,4011,4083,4012,-1,4012,4083,4084,-1,4012,4084,4013,-1,4013,4084,4085,-1,4013,4085,4014,-1,4014,4085,4086,-1,4014,4086,4015,-1,4015,4086,4087,-1,4015,4087,4016,-1,4016,4087,4088,-1,4016,4088,4017,-1,4017,4088,4089,-1,4017,4089,4018,-1,4018,4089,4090,-1,4018,4090,4019,-1,4019,4090,4091,-1,4019,4091,4020,-1,4020,4091,4092,-1,4020,4092,4021,-1,4021,4092,4093,-1,4021,4093,4022,-1,4022,4093,4094,-1,4022,4094,4023,-1,4023,4094,4095,-1,4023,4095,4024,-1,4024,4095,4096,-1,4024,4096,4025,-1,4025,4096,4097,-1,4025,4097,4026,-1,4026,4097,4098,-1,4026,4098,4027,-1,4027,4098,4099,-1,4027,4099,4028,-1,4028,4099,4100,-1,4028,4100,4029,-1,4029,4100,4101,-1,4029,4101,4030,-1,4030,4101,4102,-1,4030,4102,4031,-1,4031,4102,4103,-1,4031,4103,4032,-1,4032,4103,4104,-1,4032,4104,4033,-1,4033,4104,4105,-1,4033,4105,4034,-1,4034,4105,4106,-1,4034,4106,4035,-1,4035,4106,4107,-1,4035,4107,4036,-1,4036,4107,4108,-1,4036,4108,4037,-1,4037,4108,4109,-1,4037,4109,4038,-1,4038,4109,4110,-1,4038,4110,4039,-1,4039,4110,4111,-1,4039,4111,4040,-1,4040,4111,4112,-1,4040,4112,4041,-1,4041,4112,4113,-1,4041,4113,4042,-1,4042,4113,4114,-1,4042,4114,4043,-1,4043,4114,4115,-1,4043,4115,4044,-1,4044,4115,4116,-1,4044,4116,4045,-1,4045,4116,4117,-1,4045,4117,4046,-1,4046,4117,4118,-1,4046,4118,4047,-1,4047,4118,4119,-1,4047,4119,4048,-1,4048,4119,4120,-1,4048,4120,4049,-1,4049,4120,4121,-1,4049,4121,4050,-1,4050,4121,4122,-1,4050,4122,4051,-1,4051,4122,4052,-1,4122,4123,4052,-1,4052,4123,4124,-1,4052,4124,4053,-1,4053,4124,4125,-1,4053,4125,4054,-1,4054,4125,4126,-1,4054,4126,4055,-1,4055,4126,4127,-1,4055,4127,4056,-1,4056,4127,4128,-1,4056,4128,4057,-1,4057,4128,4129,-1,4057,4129,4058,-1,4058,4129,4130,-1,4058,4130,4059,-1,4059,4130,4131,-1,4059,4131,4060,-1,4060,4131,4132,-1,4060,4132,4061,-1,4061,4132,4133,-1,4061,4133,4062,-1,4062,4133,4134,-1,4062,4134,4063,-1,4063,4134,4135,-1,4063,4135,4064,-1,4064,4135,4136,-1,4064,4136,4065,-1,4065,4136,4137,-1,4065,4137,4066,-1,4066,4137,4138,-1,4066,4138,4067,-1,4067,4138,4139,-1,4067,4139,4068,-1,4068,4139,4140,-1,4068,4140,4069,-1,4069,4140,4141,-1,4069,4141,4070,-1,4070,4141,4142,-1,4070,4142,4071,-1,4071,4142,4143,-1,4071,4143,4072,-1,4072,4143,4144,-1,4072,4144,4073,-1,4073,4144,4145,-1,4073,4145,4074,-1,4074,4145,4146,-1,4074,4146,4075,-1,4075,4146,4147,-1,4075,4147,4076,-1,4076,4147,4148,-1,4076,4148,4077,-1,4077,4148,4149,-1,4077,4149,4078,-1,4078,4149,4150,-1,4078,4150,4079,-1,4079,4150,4151,-1,4079,4151,4080,-1,4080,4151,4152,-1,4080,4152,4081,-1,4081,4152,4153,-1,4081,4153,4082,-1,4082,4153,4154,-1,4082,4154,4083,-1,4083,4154,4155,-1,4083,4155,4084,-1,4084,4155,4156,-1,4084,4156,4085,-1,4085,4156,4157,-1,4085,4157,4086,-1,4086,4157,4158,-1,4086,4158,4087,-1,4087,4158,4159,-1,4087,4159,4088,-1,4088,4159,4160,-1,4088,4160,4089,-1,4089,4160,4161,-1,4089,4161,4090,-1,4090,4161,4162,-1,4090,4162,4091,-1,4091,4162,4163,-1,4091,4163,4092,-1,4092,4163,4164,-1,4092,4164,4093,-1,4093,4164,4165,-1,4093,4165,4094,-1,4094,4165,4166,-1,4094,4166,4095,-1,4095,4166,4167,-1,4095,4167,4096,-1,4096,4167,4168,-1,4096,4168,4097,-1,4097,4168,4169,-1,4097,4169,4098,-1,4098,4169,4170,-1,4098,4170,4099,-1,4099,4170,4171,-1,4099,4171,4100,-1,4100,4171,4172,-1,4100,4172,4101,-1,4101,4172,4173,-1,4101,4173,4102,-1,4102,4173,4174,-1,4102,4174,4103,-1,4103,4174,4175,-1,4103,4175,4104,-1,4104,4175,4176,-1,4104,4176,4105,-1,4105,4176,4177,-1,4105,4177,4106,-1,4106,4177,4178,-1,4106,4178,4107,-1,4107,4178,4179,-1,4107,4179,4108,-1,4108,4179,4180,-1,4108,4180,4109,-1,4109,4180,4181,-1,4109,4181,4110,-1,4110,4181,4182,-1,4110,4182,4111,-1,4111,4182,4183,-1,4111,4183,4112,-1,4112,4183,4184,-1,4112,4184,4113,-1,4113,4184,4185,-1,4113,4185,4114,-1,4114,4185,4186,-1,4114,4186,4115,-1,4115,4186,4187,-1,4115,4187,4116,-1,4116,4187,4188,-1,4116,4188,4117,-1,4117,4188,4189,-1,4117,4189,4118,-1,4118,4189,4190,-1,4118,4190,4119,-1,4119,4190,4191,-1,4119,4191,4120,-1,4120,4191,4192,-1,4120,4192,4121,-1,4121,4192,4193,-1,4121,4193,4122,-1,4122,4193,4123,-1,4193,4194,4123,-1,4123,4194,4195,-1,4123,4195,4124,-1,4124,4195,4196,-1,4124,4196,4125,-1,4125,4196,4197,-1,4125,4197,4126,-1,4126,4197,4198,-1,4126,4198,4127,-1,4127,4198,4199,-1,4127,4199,4128,-1,4128,4199,4200,-1,4128,4200,4129,-1,4129,4200,4201,-1,4129,4201,4130,-1,4130,4201,4202,-1,4130,4202,4131,-1,4131,4202,4203,-1,4131,4203,4132,-1,4132,4203,4204,-1,4132,4204,4133,-1,4133,4204,4205,-1,4133,4205,4134,-1,4134,4205,4206,-1,4134,4206,4135,-1,4135,4206,4207,-1,4135,4207,4136,-1,4136,4207,4208,-1,4136,4208,4137,-1,4137,4208,4209,-1,4137,4209,4138,-1,4138,4209,4210,-1,4138,4210,4139,-1,4139,4210,4211,-1,4139,4211,4140,-1,4140,4211,4212,-1,4140,4212,4141,-1,4141,4212,4213,-1,4141,4213,4142,-1,4142,4213,4214,-1,4142,4214,4143,-1,4143,4214,4215,-1,4143,4215,4144,-1,4144,4215,4216,-1,4144,4216,4145,-1,4145,4216,4217,-1,4145,4217,4146,-1,4146,4217,4218,-1,4146,4218,4147,-1,4147,4218,4219,-1,4147,4219,4148,-1,4148,4219,4220,-1,4148,4220,4149,-1,4149,4220,4221,-1,4149,4221,4150,-1,4150,4221,4222,-1,4150,4222,4151,-1,4151,4222,4223,-1,4151,4223,4152,-1,4152,4223,4224,-1,4152,4224,4153,-1,4153,4224,4225,-1,4153,4225,4154,-1,4154,4225,4226,-1,4154,4226,4155,-1,4155,4226,4227,-1,4155,4227,4156,-1,4156,4227,4228,-1,4156,4228,4157,-1,4157,4228,4229,-1,4157,4229,4158,-1,4158,4229,4230,-1,4158,4230,4159,-1,4159,4230,4231,-1,4159,4231,4160,-1,4160,4231,4232,-1,4160,4232,4161,-1,4161,4232,4233,-1,4161,4233,4162,-1,4162,4233,4234,-1,4162,4234,4163,-1,4163,4234,4235,-1,4163,4235,4164,-1,4164,4235,4236,-1,4164,4236,4165,-1,4165,4236,4237,-1,4165,4237,4166,-1,4166,4237,4238,-1,4166,4238,4167,-1,4167,4238,4239,-1,4167,4239,4168,-1,4168,4239,4240,-1,4168,4240,4169,-1,4169,4240,4241,-1,4169,4241,4170,-1,4170,4241,4242,-1,4170,4242,4171,-1,4171,4242,4243,-1,4171,4243,4172,-1,4172,4243,4244,-1,4172,4244,4173,-1,4173,4244,4245,-1,4173,4245,4174,-1,4174,4245,4246,-1,4174,4246,4175,-1,4175,4246,4247,-1,4175,4247,4176,-1,4176,4247,4248,-1,4176,4248,4177,-1,4177,4248,4249,-1,4177,4249,4178,-1,4178,4249,4250,-1,4178,4250,4179,-1,4179,4250,4251,-1,4179,4251,4180,-1,4180,4251,4252,-1,4180,4252,4181,-1,4181,4252,4253,-1,4181,4253,4182,-1,4182,4253,4254,-1,4182,4254,4183,-1,4183,4254,4255,-1,4183,4255,4184,-1,4184,4255,4256,-1,4184,4256,4185,-1,4185,4256,4257,-1,4185,4257,4186,-1,4186,4257,4258,-1,4186,4258,4187,-1,4187,4258,4259,-1,4187,4259,4188,-1,4188,4259,4260,-1,4188,4260,4189,-1,4189,4260,4261,-1,4189,4261,4190,-1,4190,4261,4262,-1,4190,4262,4191,-1,4191,4262,4263,-1,4191,4263,4192,-1,4192,4263,4264,-1,4192,4264,4193,-1,4193,4264,4194,-1,4264,4265,4194,-1,4194,4265,4266,-1,4194,4266,4195,-1,4195,4266,4267,-1,4195,4267,4196,-1,4196,4267,4268,-1,4196,4268,4197,-1,4197,4268,4269,-1,4197,4269,4198,-1,4198,4269,4270,-1,4198,4270,4199,-1,4199,4270,4271,-1,4199,4271,4200,-1,4200,4271,4272,-1,4200,4272,4201,-1,4201,4272,4273,-1,4201,4273,4202,-1,4202,4273,4274,-1,4202,4274,4203,-1,4203,4274,4275,-1,4203,4275,4204,-1,4204,4275,4276,-1,4204,4276,4205,-1,4205,4276,4277,-1,4205,4277,4206,-1,4206,4277,4278,-1,4206,4278,4207,-1,4207,4278,4279,-1,4207,4279,4208,-1,4208,4279,4280,-1,4208,4280,4209,-1,4209,4280,4281,-1,4209,4281,4210,-1,4210,4281,4282,-1,4210,4282,4211,-1,4211,4282,4283,-1,4211,4283,4212,-1,4212,4283,4284,-1,4212,4284,4213,-1,4213,4284,4285,-1,4213,4285,4214,-1,4214,4285,4286,-1,4214,4286,4215,-1,4215,4286,4287,-1,4215,4287,4216,-1,4216,4287,4288,-1,4216,4288,4217,-1,4217,4288,4289,-1,4217,4289,4218,-1,4218,4289,4290,-1,4218,4290,4219,-1,4219,4290,4291,-1,4219,4291,4220,-1,4220,4291,4292,-1,4220,4292,4221,-1,4221,4292,4293,-1,4221,4293,4222,-1,4222,4293,4294,-1,4222,4294,4223,-1,4223,4294,4295,-1,4223,4295,4224,-1,4224,4295,4296,-1,4224,4296,4225,-1,4225,4296,4297,-1,4225,4297,4226,-1,4226,4297,4298,-1,4226,4298,4227,-1,4227,4298,4299,-1,4227,4299,4228,-1,4228,4299,4300,-1,4228,4300,4229,-1,4229,4300,4301,-1,4229,4301,4230,-1,4230,4301,4302,-1,4230,4302,4231,-1,4231,4302,4303,-1,4231,4303,4232,-1,4232,4303,4304,-1,4232,4304,4233,-1,4233,4304,4305,-1,4233,4305,4234,-1,4234,4305,4306,-1,4234,4306,4235,-1,4235,4306,4307,-1,4235,4307,4236,-1,4236,4307,4308,-1,4236,4308,4237,-1,4237,4308,4309,-1,4237,4309,4238,-1,4238,4309,4310,-1,4238,4310,4239,-1,4239,4310,4311,-1,4239,4311,4240,-1,4240,4311,4312,-1,4240,4312,4241,-1,4241,4312,4313,-1,4241,4313,4242,-1,4242,4313,4314,-1,4242,4314,4243,-1,4243,4314,4315,-1,4243,4315,4244,-1,4244,4315,4316,-1,4244,4316,4245,-1,4245,4316,4317,-1,4245,4317,4246,-1,4246,4317,4318,-1,4246,4318,4247,-1,4247,4318,4319,-1,4247,4319,4248,-1,4248,4319,4320,-1,4248,4320,4249,-1,4249,4320,4321,-1,4249,4321,4250,-1,4250,4321,4322,-1,4250,4322,4251,-1,4251,4322,4323,-1,4251,4323,4252,-1,4252,4323,4324,-1,4252,4324,4253,-1,4253,4324,4325,-1,4253,4325,4254,-1,4254,4325,4326,-1,4254,4326,4255,-1,4255,4326,4327,-1,4255,4327,4256,-1,4256,4327,4328,-1,4256,4328,4257,-1,4257,4328,4329,-1,4257,4329,4258,-1,4258,4329,4330,-1,4258,4330,4259,-1,4259,4330,4331,-1,4259,4331,4260,-1,4260,4331,4332,-1,4260,4332,4261,-1,4261,4332,4333,-1,4261,4333,4262,-1,4262,4333,4334,-1,4262,4334,4263,-1,4263,4334,4335,-1,4263,4335,4264,-1,4264,4335,4265,-1,4335,4336,4265,-1,4265,4336,4337,-1,4265,4337,4266,-1,4266,4337,4338,-1,4266,4338,4267,-1,4267,4338,4339,-1,4267,4339,4268,-1,4268,4339,4340,-1,4268,4340,4269,-1,4269,4340,4341,-1,4269,4341,4270,-1,4270,4341,4342,-1,4270,4342,4271,-1,4271,4342,4343,-1,4271,4343,4272,-1,4272,4343,4344,-1,4272,4344,4273,-1,4273,4344,4345,-1,4273,4345,4274,-1,4274,4345,4346,-1,4274,4346,4275,-1,4275,4346,4347,-1,4275,4347,4276,-1,4276,4347,4348,-1,4276,4348,4277,-1,4277,4348,4349,-1,4277,4349,4278,-1,4278,4349,4350,-1,4278,4350,4279,-1,4279,4350,4351,-1,4279,4351,4280,-1,4280,4351,4352,-1,4280,4352,4281,-1,4281,4352,4353,-1,4281,4353,4282,-1,4282,4353,4354,-1,4282,4354,4283,-1,4283,4354,4355,-1,4283,4355,4284,-1,4284,4355,4356,-1,4284,4356,4285,-1,4285,4356,4357,-1,4285,4357,4286,-1,4286,4357,4358,-1,4286,4358,4287,-1,4287,4358,4359,-1,4287,4359,4288,-1,4288,4359,4360,-1,4288,4360,4289,-1,4289,4360,4361,-1,4289,4361,4290,-1,4290,4361,4362,-1,4290,4362,4291,-1,4291,4362,4363,-1,4291,4363,4292,-1,4292,4363,4364,-1,4292,4364,4293,-1,4293,4364,4365,-1,4293,4365,4294,-1,4294,4365,4366,-1,4294,4366,4295,-1,4295,4366,4367,-1,4295,4367,4296,-1,4296,4367,4368,-1,4296,4368,4297,-1,4297,4368,4369,-1,4297,4369,4298,-1,4298,4369,4370,-1,4298,4370,4299,-1,4299,4370,4371,-1,4299,4371,4300,-1,4300,4371,4372,-1,4300,4372,4301,-1,4301,4372,4373,-1,4301,4373,4302,-1,4302,4373,4374,-1,4302,4374,4303,-1,4303,4374,4375,-1,4303,4375,4304,-1,4304,4375,4376,-1,4304,4376,4305,-1,4305,4376,4377,-1,4305,4377,4306,-1,4306,4377,4378,-1,4306,4378,4307,-1,4307,4378,4379,-1,4307,4379,4308,-1,4308,4379,4380,-1,4308,4380,4309,-1,4309,4380,4381,-1,4309,4381,4310,-1,4310,4381,4382,-1,4310,4382,4311,-1,4311,4382,4383,-1,4311,4383,4312,-1,4312,4383,4384,-1,4312,4384,4313,-1,4313,4384,4385,-1,4313,4385,4314,-1,4314,4385,4386,-1,4314,4386,4315,-1,4315,4386,4387,-1,4315,4387,4316,-1,4316,4387,4388,-1,4316,4388,4317,-1,4317,4388,4389,-1,4317,4389,4318,-1,4318,4389,4390,-1,4318,4390,4319,-1,4319,4390,4391,-1,4319,4391,4320,-1,4320,4391,4392,-1,4320,4392,4321,-1,4321,4392,4393,-1,4321,4393,4322,-1,4322,4393,4394,-1,4322,4394,4323,-1,4323,4394,4395,-1,4323,4395,4324,-1,4324,4395,4396,-1,4324,4396,4325,-1,4325,4396,4397,-1,4325,4397,4326,-1,4326,4397,4398,-1,4326,4398,4327,-1,4327,4398,4399,-1,4327,4399,4328,-1,4328,4399,4400,-1,4328,4400,4329,-1,4329,4400,4401,-1,4329,4401,4330,-1,4330,4401,4402,-1,4330,4402,4331,-1,4331,4402,4403,-1,4331,4403,4332,-1,4332,4403,4404,-1,4332,4404,4333,-1,4333,4404,4405,-1,4333,4405,4334,-1,4334,4405,4406,-1,4334,4406,4335,-1,4335,4406,4336,-1,4406,4407,4336,-1,4336,4407,4408,-1,4336,4408,4337,-1,4337,4408,4409,-1,4337,4409,4338,-1,4338,4409,4410,-1,4338,4410,4339,-1,4339,4410,4411,-1,4339,4411,4340,-1,4340,4411,4412,-1,4340,4412,4341,-1,4341,4412,4413,-1,4341,4413,4342,-1,4342,4413,4414,-1,4342,4414,4343,-1,4343,4414,4415,-1,4343,4415,4344,-1,4344,4415,4416,-1,4344,4416,4345,-1,4345,4416,4417,-1,4345,4417,4346,-1,4346,4417,4418,-1,4346,4418,4347,-1,4347,4418,4419,-1,4347,4419,4348,-1,4348,4419,4420,-1,4348,4420,4349,-1,4349,4420,4421,-1,4349,4421,4350,-1,4350,4421,4422,-1,4350,4422,4351,-1,4351,4422,4423,-1,4351,4423,4352,-1,4352,4423,4424,-1,4352,4424,4353,-1,4353,4424,4425,-1,4353,4425,4354,-1,4354,4425,4426,-1,4354,4426,4355,-1,4355,4426,4427,-1,4355,4427,4356,-1,4356,4427,4428,-1,4356,4428,4357,-1,4357,4428,4429,-1,4357,4429,4358,-1,4358,4429,4430,-1,4358,4430,4359,-1,4359,4430,4431,-1,4359,4431,4360,-1,4360,4431,4432,-1,4360,4432,4361,-1,4361,4432,4433,-1,4361,4433,4362,-1,4362,4433,4434,-1,4362,4434,4363,-1,4363,4434,4435,-1,4363,4435,4364,-1,4364,4435,4436,-1,4364,4436,4365,-1,4365,4436,4437,-1,4365,4437,4366,-1,4366,4437,4438,-1,4366,4438,4367,-1,4367,4438,4439,-1,4367,4439,4368,-1,4368,4439,4440,-1,4368,4440,4369,-1,4369,4440,4441,-1,4369,4441,4370,-1,4370,4441,4442,-1,4370,4442,4371,-1,4371,4442,4443,-1,4371,4443,4372,-1,4372,4443,4444,-1,4372,4444,4373,-1,4373,4444,4445,-1,4373,4445,4374,-1,4374,4445,4446,-1,4374,4446,4375,-1,4375,4446,4447,-1,4375,4447,4376,-1,4376,4447,4448,-1,4376,4448,4377,-1,4377,4448,4449,-1,4377,4449,4378,-1,4378,4449,4450,-1,4378,4450,4379,-1,4379,4450,4451,-1,4379,4451,4380,-1,4380,4451,4452,-1,4380,4452,4381,-1,4381,4452,4453,-1,4381,4453,4382,-1,4382,4453,4454,-1,4382,4454,4383,-1,4383,4454,4455,-1,4383,4455,4384,-1,4384,4455,4456,-1,4384,4456,4385,-1,4385,4456,4457,-1,4385,4457,4386,-1,4386,4457,4458,-1,4386,4458,4387,-1,4387,4458,4459,-1,4387,4459,4388,-1,4388,4459,4460,-1,4388,4460,4389,-1,4389,4460,4461,-1,4389,4461,4390,-1,4390,4461,4462,-1,4390,4462,4391,-1,4391,4462,4463,-1,4391,4463,4392,-1,4392,4463,4464,-1,4392,4464,4393,-1,4393,4464,4465,-1,4393,4465,4394,-1,4394,4465,4466,-1,4394,4466,4395,-1,4395,4466,4467,-1,4395,4467,4396,-1,4396,4467,4468,-1,4396,4468,4397,-1,4397,4468,4469,-1,4397,4469,4398,-1,4398,4469,4470,-1,4398,4470,4399,-1,4399,4470,4471,-1,4399,4471,4400,-1,4400,4471,4472,-1,4400,4472,4401,-1,4401,4472,4473,-1,4401,4473,4402,-1,4402,4473,4474,-1,4402,4474,4403,-1,4403,4474,4475,-1,4403,4475,4404,-1,4404,4475,4476,-1,4404,4476,4405,-1,4405,4476,4477,-1,4405,4477,4406,-1,4406,4477,4407,-1,4477,4478,4407,-1,4407,4478,4479,-1,4407,4479,4408,-1,4408,4479,4480,-1,4408,4480,4409,-1,4409,4480,4481,-1,4409,4481,4410,-1,4410,4481,4482,-1,4410,4482,4411,-1,4411,4482,4483,-1,4411,4483,4412,-1,4412,4483,4484,-1,4412,4484,4413,-1,4413,4484,4485,-1,4413,4485,4414,-1,4414,4485,4486,-1,4414,4486,4415,-1,4415,4486,4487,-1,4415,4487,4416,-1,4416,4487,4488,-1,4416,4488,4417,-1,4417,4488,4489,-1,4417,4489,4418,-1,4418,4489,4490,-1,4418,4490,4419,-1,4419,4490,4491,-1,4419,4491,4420,-1,4420,4491,4492,-1,4420,4492,4421,-1,4421,4492,4493,-1,4421,4493,4422,-1,4422,4493,4494,-1,4422,4494,4423,-1,4423,4494,4495,-1,4423,4495,4424,-1,4424,4495,4496,-1,4424,4496,4425,-1,4425,4496,4497,-1,4425,4497,4426,-1,4426,4497,4498,-1,4426,4498,4427,-1,4427,4498,4499,-1,4427,4499,4428,-1,4428,4499,4500,-1,4428,4500,4429,-1,4429,4500,4501,-1,4429,4501,4430,-1,4430,4501,4502,-1,4430,4502,4431,-1,4431,4502,4503,-1,4431,4503,4432,-1,4432,4503,4504,-1,4432,4504,4433,-1,4433,4504,4505,-1,4433,4505,4434,-1,4434,4505,4506,-1,4434,4506,4435,-1,4435,4506,4507,-1,4435,4507,4436,-1,4436,4507,4508,-1,4436,4508,4437,-1,4437,4508,4509,-1,4437,4509,4438,-1,4438,4509,4510,-1,4438,4510,4439,-1,4439,4510,4511,-1,4439,4511,4440,-1,4440,4511,4512,-1,4440,4512,4441,-1,4441,4512,4513,-1,4441,4513,4442,-1,4442,4513,4514,-1,4442,4514,4443,-1,4443,4514,4515,-1,4443,4515,4444,-1,4444,4515,4516,-1,4444,4516,4445,-1,4445,4516,4517,-1,4445,4517,4446,-1,4446,4517,4518,-1,4446,4518,4447,-1,4447,4518,4519,-1,4447,4519,4448,-1,4448,4519,4520,-1,4448,4520,4449,-1,4449,4520,4521,-1,4449,4521,4450,-1,4450,4521,4522,-1,4450,4522,4451,-1,4451,4522,4523,-1,4451,4523,4452,-1,4452,4523,4524,-1,4452,4524,4453,-1,4453,4524,4525,-1,4453,4525,4454,-1,4454,4525,4526,-1,4454,4526,4455,-1,4455,4526,4527,-1,4455,4527,4456,-1,4456,4527,4528,-1,4456,4528,4457,-1,4457,4528,4529,-1,4457,4529,4458,-1,4458,4529,4530,-1,4458,4530,4459,-1,4459,4530,4531,-1,4459,4531,4460,-1,4460,4531,4532,-1,4460,4532,4461,-1,4461,4532,4533,-1,4461,4533,4462,-1,4462,4533,4534,-1,4462,4534,4463,-1,4463,4534,4535,-1,4463,4535,4464,-1,4464,4535,4536,-1,4464,4536,4465,-1,4465,4536,4537,-1,4465,4537,4466,-1,4466,4537,4538,-1,4466,4538,4467,-1,4467,4538,4539,-1,4467,4539,4468,-1,4468,4539,4540,-1,4468,4540,4469,-1,4469,4540,4541,-1,4469,4541,4470,-1,4470,4541,4542,-1,4470,4542,4471,-1,4471,4542,4543,-1,4471,4543,4472,-1,4472,4543,4544,-1,4472,4544,4473,-1,4473,4544,4545,-1,4473,4545,4474,-1,4474,4545,4546,-1,4474,4546,4475,-1,4475,4546,4547,-1,4475,4547,4476,-1,4476,4547,4548,-1,4476,4548,4477,-1,4477,4548,4478,-1,4548,4549,4478,-1,4478,4549,4550,-1,4478,4550,4479,-1,4479,4550,4551,-1,4479,4551,4480,-1,4480,4551,4552,-1,4480,4552,4481,-1,4481,4552,4553,-1,4481,4553,4482,-1,4482,4553,4554,-1,4482,4554,4483,-1,4483,4554,4555,-1,4483,4555,4484,-1,4484,4555,4556,-1,4484,4556,4485,-1,4485,4556,4557,-1,4485,4557,4486,-1,4486,4557,4558,-1,4486,4558,4487,-1,4487,4558,4559,-1,4487,4559,4488,-1,4488,4559,4560,-1,4488,4560,4489,-1,4489,4560,4561,-1,4489,4561,4490,-1,4490,4561,4562,-1,4490,4562,4491,-1,4491,4562,4563,-1,4491,4563,4492,-1,4492,4563,4564,-1,4492,4564,4493,-1,4493,4564,4565,-1,4493,4565,4494,-1,4494,4565,4566,-1,4494,4566,4495,-1,4495,4566,4567,-1,4495,4567,4496,-1,4496,4567,4568,-1,4496,4568,4497,-1,4497,4568,4569,-1,4497,4569,4498,-1,4498,4569,4570,-1,4498,4570,4499,-1,4499,4570,4571,-1,4499,4571,4500,-1,4500,4571,4572,-1,4500,4572,4501,-1,4501,4572,4573,-1,4501,4573,4502,-1,4502,4573,4574,-1,4502,4574,4503,-1,4503,4574,4575,-1,4503,4575,4504,-1,4504,4575,4576,-1,4504,4576,4505,-1,4505,4576,4577,-1,4505,4577,4506,-1,4506,4577,4578,-1,4506,4578,4507,-1,4507,4578,4579,-1,4507,4579,4508,-1,4508,4579,4580,-1,4508,4580,4509,-1,4509,4580,4581,-1,4509,4581,4510,-1,4510,4581,4582,-1,4510,4582,4511,-1,4511,4582,4583,-1,4511,4583,4512,-1,4512,4583,4584,-1,4512,4584,4513,-1,4513,4584,4585,-1,4513,4585,4514,-1,4514,4585,4586,-1,4514,4586,4515,-1,4515,4586,4587,-1,4515,4587,4516,-1,4516,4587,4588,-1,4516,4588,4517,-1,4517,4588,4589,-1,4517,4589,4518,-1,4518,4589,4590,-1,4518,4590,4519,-1,4519,4590,4591,-1,4519,4591,4520,-1,4520,4591,4592,-1,4520,4592,4521,-1,4521,4592,4593,-1,4521,4593,4522,-1,4522,4593,4594,-1,4522,4594,4523,-1,4523,4594,4595,-1,4523,4595,4524,-1,4524,4595,4596,-1,4524,4596,4525,-1,4525,4596,4597,-1,4525,4597,4526,-1,4526,4597,4598,-1,4526,4598,4527,-1,4527,4598,4599,-1,4527,4599,4528,-1,4528,4599,4600,-1,4528,4600,4529,-1,4529,4600,4601,-1,4529,4601,4530,-1,4530,4601,4602,-1,4530,4602,4531,-1,4531,4602,4603,-1,4531,4603,4532,-1,4532,4603,4604,-1,4532,4604,4533,-1,4533,4604,4605,-1,4533,4605,4534,-1,4534,4605,4606,-1,4534,4606,4535,-1,4535,4606,4607,-1,4535,4607,4536,-1,4536,4607,4608,-1,4536,4608,4537,-1,4537,4608,4609,-1,4537,4609,4538,-1,4538,4609,4610,-1,4538,4610,4539,-1,4539,4610,4611,-1,4539,4611,4540,-1,4540,4611,4612,-1,4540,4612,4541,-1,4541,4612,4613,-1,4541,4613,4542,-1,4542,4613,4614,-1,4542,4614,4543,-1,4543,4614,4615,-1,4543,4615,4544,-1,4544,4615,4616,-1,4544,4616,4545,-1,4545,4616,4617,-1,4545,4617,4546,-1,4546,4617,4618,-1,4546,4618,4547,-1,4547,4618,4619,-1,4547,4619,4548,-1,4548,4619,4549,-1,4619,4620,4549,-1,4549,4620,4621,-1,4549,4621,4550,-1,4550,4621,4622,-1,4550,4622,4551,-1,4551,4622,4623,-1,4551,4623,4552,-1,4552,4623,4624,-1,4552,4624,4553,-1,4553,4624,4625,-1,4553,4625,4554,-1,4554,4625,4626,-1,4554,4626,4555,-1,4555,4626,4627,-1,4555,4627,4556,-1,4556,4627,4628,-1,4556,4628,4557,-1,4557,4628,4629,-1,4557,4629,4558,-1,4558,4629,4630,-1,4558,4630,4559,-1,4559,4630,4631,-1,4559,4631,4560,-1,4560,4631,4632,-1,4560,4632,4561,-1,4561,4632,4633,-1,4561,4633,4562,-1,4562,4633,4634,-1,4562,4634,4563,-1,4563,4634,4635,-1,4563,4635,4564,-1,4564,4635,4636,-1,4564,4636,4565,-1,4565,4636,4637,-1,4565,4637,4566,-1,4566,4637,4638,-1,4566,4638,4567,-1,4567,4638,4639,-1,4567,4639,4568,-1,4568,4639,4640,-1,4568,4640,4569,-1,4569,4640,4641,-1,4569,4641,4570,-1,4570,4641,4642,-1,4570,4642,4571,-1,4571,4642,4643,-1,4571,4643,4572,-1,4572,4643,4644,-1,4572,4644,4573,-1,4573,4644,4645,-1,4573,4645,4574,-1,4574,4645,4646,-1,4574,4646,4575,-1,4575,4646,4647,-1,4575,4647,4576,-1,4576,4647,4648,-1,4576,4648,4577,-1,4577,4648,4649,-1,4577,4649,4578,-1,4578,4649,4650,-1,4578,4650,4579,-1,4579,4650,4651,-1,4579,4651,4580,-1,4580,4651,4652,-1,4580,4652,4581,-1,4581,4652,4653,-1,4581,4653,4582,-1,4582,4653,4654,-1,4582,4654,4583,-1,4583,4654,4655,-1,4583,4655,4584,-1,4584,4655,4656,-1,4584,4656,4585,-1,4585,4656,4657,-1,4585,4657,4586,-1,4586,4657,4658,-1,4586,4658,4587,-1,4587,4658,4659,-1,4587,4659,4588,-1,4588,4659,4660,-1,4588,4660,4589,-1,4589,4660,4661,-1,4589,4661,4590,-1,4590,4661,4662,-1,4590,4662,4591,-1,4591,4662,4663,-1,4591,4663,4592,-1,4592,4663,4664,-1,4592,4664,4593,-1,4593,4664,4665,-1,4593,4665,4594,-1,4594,4665,4666,-1,4594,4666,4595,-1,4595,4666,4667,-1,4595,4667,4596,-1,4596,4667,4668,-1,4596,4668,4597,-1,4597,4668,4669,-1,4597,4669,4598,-1,4598,4669,4670,-1,4598,4670,4599,-1,4599,4670,4671,-1,4599,4671,4600,-1,4600,4671,4672,-1,4600,4672,4601,-1,4601,4672,4673,-1,4601,4673,4602,-1,4602,4673,4674,-1,4602,4674,4603,-1,4603,4674,4675,-1,4603,4675,4604,-1,4604,4675,4676,-1,4604,4676,4605,-1,4605,4676,4677,-1,4605,4677,4606,-1,4606,4677,4678,-1,4606,4678,4607,-1,4607,4678,4679,-1,4607,4679,4608,-1,4608,4679,4680,-1,4608,4680,4609,-1,4609,4680,4681,-1,4609,4681,4610,-1,4610,4681,4682,-1,4610,4682,4611,-1,4611,4682,4683,-1,4611,4683,4612,-1,4612,4683,4684,-1,4612,4684,4613,-1,4613,4684,4685,-1,4613,4685,4614,-1,4614,4685,4686,-1,4614,4686,4615,-1,4615,4686,4687,-1,4615,4687,4616,-1,4616,4687,4688,-1,4616,4688,4617,-1,4617,4688,4689,-1,4617,4689,4618,-1,4618,4689,4690,-1,4618,4690,4619,-1,4619,4690,4620,-1,4690,4691,4620,-1,4620,4691,4692,-1,4620,4692,4621,-1,4621,4692,4693,-1,4621,4693,4622,-1,4622,4693,4694,-1,4622,4694,4623,-1,4623,4694,4695,-1,4623,4695,4624,-1,4624,4695,4696,-1,4624,4696,4625,-1,4625,4696,4697,-1,4625,4697,4626,-1,4626,4697,4698,-1,4626,4698,4627,-1,4627,4698,4699,-1,4627,4699,4628,-1,4628,4699,4700,-1,4628,4700,4629,-1,4629,4700,4701,-1,4629,4701,4630,-1,4630,4701,4702,-1,4630,4702,4631,-1,4631,4702,4703,-1,4631,4703,4632,-1,4632,4703,4704,-1,4632,4704,4633,-1,4633,4704,4705,-1,4633,4705,4634,-1,4634,4705,4706,-1,4634,4706,4635,-1,4635,4706,4707,-1,4635,4707,4636,-1,4636,4707,4708,-1,4636,4708,4637,-1,4637,4708,4709,-1,4637,4709,4638,-1,4638,4709,4710,-1,4638,4710,4639,-1,4639,4710,4711,-1,4639,4711,4640,-1,4640,4711,4712,-1,4640,4712,4641,-1,4641,4712,4713,-1,4641,4713,4642,-1,4642,4713,4714,-1,4642,4714,4643,-1,4643,4714,4715,-1,4643,4715,4644,-1,4644,4715,4716,-1,4644,4716,4645,-1,4645,4716,4717,-1,4645,4717,4646,-1,4646,4717,4718,-1,4646,4718,4647,-1,4647,4718,4719,-1,4647,4719,4648,-1,4648,4719,4720,-1,4648,4720,4649,-1,4649,4720,4721,-1,4649,4721,4650,-1,4650,4721,4722,-1,4650,4722,4651,-1,4651,4722,4723,-1,4651,4723,4652,-1,4652,4723,4724,-1,4652,4724,4653,-1,4653,4724,4725,-1,4653,4725,4654,-1,4654,4725,4726,-1,4654,4726,4655,-1,4655,4726,4727,-1,4655,4727,4656,-1,4656,4727,4728,-1,4656,4728,4657,-1,4657,4728,4729,-1,4657,4729,4658,-1,4658,4729,4730,-1,4658,4730,4659,-1,4659,4730,4731,-1,4659,4731,4660,-1,4660,4731,4732,-1,4660,4732,4661,-1,4661,4732,4733,-1,4661,4733,4662,-1,4662,4733,4734,-1,4662,4734,4663,-1,4663,4734,4735,-1,4663,4735,4664,-1,4664,4735,4736,-1,4664,4736,4665,-1,4665,4736,4737,-1,4665,4737,4666,-1,4666,4737,4738,-1,4666,4738,4667,-1,4667,4738,4739,-1,4667,4739,4668,-1,4668,4739,4740,-1,4668,4740,4669,-1,4669,4740,4741,-1,4669,4741,4670,-1,4670,4741,4742,-1,4670,4742,4671,-1,4671,4742,4743,-1,4671,4743,4672,-1,4672,4743,4744,-1,4672,4744,4673,-1,4673,4744,4745,-1,4673,4745,4674,-1,4674,4745,4746,-1,4674,4746,4675,-1,4675,4746,4747,-1,4675,4747,4676,-1,4676,4747,4748,-1,4676,4748,4677,-1,4677,4748,4749,-1,4677,4749,4678,-1,4678,4749,4750,-1,4678,4750,4679,-1,4679,4750,4751,-1,4679,4751,4680,-1,4680,4751,4752,-1,4680,4752,4681,-1,4681,4752,4753,-1,4681,4753,4682,-1,4682,4753,4754,-1,4682,4754,4683,-1,4683,4754,4755,-1,4683,4755,4684,-1,4684,4755,4756,-1,4684,4756,4685,-1,4685,4756,4757,-1,4685,4757,4686,-1,4686,4757,4758,-1,4686,4758,4687,-1,4687,4758,4759,-1,4687,4759,4688,-1,4688,4759,4760,-1,4688,4760,4689,-1,4689,4760,4761,-1,4689,4761,4690,-1,4690,4761,4691,-1,4761,4762,4691,-1,4691,4762,4763,-1,4691,4763,4692,-1,4692,4763,4764,-1,4692,4764,4693,-1,4693,4764,4765,-1,4693,4765,4694,-1,4694,4765,4766,-1,4694,4766,4695,-1,4695,4766,4767,-1,4695,4767,4696,-1,4696,4767,4768,-1,4696,4768,4697,-1,4697,4768,4769,-1,4697,4769,4698,-1,4698,4769,4770,-1,4698,4770,4699,-1,4699,4770,4771,-1,4699,4771,4700,-1,4700,4771,4772,-1,4700,4772,4701,-1,4701,4772,4773,-1,4701,4773,4702,-1,4702,4773,4774,-1,4702,4774,4703,-1,4703,4774,4775,-1,4703,4775,4704,-1,4704,4775,4776,-1,4704,4776,4705,-1,4705,4776,4777,-1,4705,4777,4706,-1,4706,4777,4778,-1,4706,4778,4707,-1,4707,4778,4779,-1,4707,4779,4708,-1,4708,4779,4780,-1,4708,4780,4709,-1,4709,4780,4781,-1,4709,4781,4710,-1,4710,4781,4782,-1,4710,4782,4711,-1,4711,4782,4783,-1,4711,4783,4712,-1,4712,4783,4784,-1,4712,4784,4713,-1,4713,4784,4785,-1,4713,4785,4714,-1,4714,4785,4786,-1,4714,4786,4715,-1,4715,4786,4787,-1,4715,4787,4716,-1,4716,4787,4788,-1,4716,4788,4717,-1,4717,4788,4789,-1,4717,4789,4718,-1,4718,4789,4790,-1,4718,4790,4719,-1,4719,4790,4791,-1,4719,4791,4720,-1,4720,4791,4792,-1,4720,4792,4721,-1,4721,4792,4793,-1,4721,4793,4722,-1,4722,4793,4794,-1,4722,4794,4723,-1,4723,4794,4795,-1,4723,4795,4724,-1,4724,4795,4796,-1,4724,4796,4725,-1,4725,4796,4797,-1,4725,4797,4726,-1,4726,4797,4798,-1,4726,4798,4727,-1,4727,4798,4799,-1,4727,4799,4728,-1,4728,4799,4800,-1,4728,4800,4729,-1,4729,4800,4801,-1,4729,4801,4730,-1,4730,4801,4802,-1,4730,4802,4731,-1,4731,4802,4803,-1,4731,4803,4732,-1,4732,4803,4804,-1,4732,4804,4733,-1,4733,4804,4805,-1,4733,4805,4734,-1,4734,4805,4806,-1,4734,4806,4735,-1,4735,4806,4807,-1,4735,4807,4736,-1,4736,4807,4808,-1,4736,4808,4737,-1,4737,4808,4809,-1,4737,4809,4738,-1,4738,4809,4810,-1,4738,4810,4739,-1,4739,4810,4811,-1,4739,4811,4740,-1,4740,4811,4812,-1,4740,4812,4741,-1,4741,4812,4813,-1,4741,4813,4742,-1,4742,4813,4814,-1,4742,4814,4743,-1,4743,4814,4815,-1,4743,4815,4744,-1,4744,4815,4816,-1,4744,4816,4745,-1,4745,4816,4817,-1,4745,4817,4746,-1,4746,4817,4818,-1,4746,4818,4747,-1,4747,4818,4819,-1,4747,4819,4748,-1,4748,4819,4820,-1,4748,4820,4749,-1,4749,4820,4821,-1,4749,4821,4750,-1,4750,4821,4822,-1,4750,4822,4751,-1,4751,4822,4823,-1,4751,4823,4752,-1,4752,4823,4824,-1,4752,4824,4753,-1,4753,4824,4825,-1,4753,4825,4754,-1,4754,4825,4826,-1,4754,4826,4755,-1,4755,4826,4827,-1,4755,4827,4756,-1,4756,4827,4828,-1,4756,4828,4757,-1,4757,4828,4829,-1,4757,4829,4758,-1,4758,4829,4830,-1,4758,4830,4759,-1,4759,4830,4831,-1,4759,4831,4760,-1,4760,4831,4832,-1,4760,4832,4761,-1,4761,4832,4762,-1,4832,4833,4762,-1,4762,4833,4834,-1,4762,4834,4763,-1,4763,4834,4835,-1,4763,4835,4764,-1,4764,4835,4836,-1,4764,4836,4765,-1,4765,4836,4837,-1,4765,4837,4766,-1,4766,4837,4838,-1,4766,4838,4767,-1,4767,4838,4839,-1,4767,4839,4768,-1,4768,4839,4840,-1,4768,4840,4769,-1,4769,4840,4841,-1,4769,4841,4770,-1,4770,4841,4842,-1,4770,4842,4771,-1,4771,4842,4843,-1,4771,4843,4772,-1,4772,4843,4844,-1,4772,4844,4773,-1,4773,4844,4845,-1,4773,4845,4774,-1,4774,4845,4846,-1,4774,4846,4775,-1,4775,4846,4847,-1,4775,4847,4776,-1,4776,4847,4848,-1,4776,4848,4777,-1,4777,4848,4849,-1,4777,4849,4778,-1,4778,4849,4850,-1,4778,4850,4779,-1,4779,4850,4851,-1,4779,4851,4780,-1,4780,4851,4852,-1,4780,4852,4781,-1,4781,4852,4853,-1,4781,4853,4782,-1,4782,4853,4854,-1,4782,4854,4783,-1,4783,4854,4855,-1,4783,4855,4784,-1,4784,4855,4856,-1,4784,4856,4785,-1,4785,4856,4857,-1,4785,4857,4786,-1,4786,4857,4858,-1,4786,4858,4787,-1,4787,4858,4859,-1,4787,4859,4788,-1,4788,4859,4860,-1,4788,4860,4789,-1,4789,4860,4861,-1,4789,4861,4790,-1,4790,4861,4862,-1,4790,4862,4791,-1,4791,4862,4863,-1,4791,4863,4792,-1,4792,4863,4864,-1,4792,4864,4793,-1,4793,4864,4865,-1,4793,4865,4794,-1,4794,4865,4866,-1,4794,4866,4795,-1,4795,4866,4867,-1,4795,4867,4796,-1,4796,4867,4868,-1,4796,4868,4797,-1,4797,4868,4869,-1,4797,4869,4798,-1,4798,4869,4870,-1,4798,4870,4799,-1,4799,4870,4871,-1,4799,4871,4800,-1,4800,4871,4872,-1,4800,4872,4801,-1,4801,4872,4873,-1,4801,4873,4802,-1,4802,4873,4874,-1,4802,4874,4803,-1,4803,4874,4875,-1,4803,4875,4804,-1,4804,4875,4876,-1,4804,4876,4805,-1,4805,4876,4877,-1,4805,4877,4806,-1,4806,4877,4878,-1,4806,4878,4807,-1,4807,4878,4879,-1,4807,4879,4808,-1,4808,4879,4880,-1,4808,4880,4809,-1,4809,4880,4881,-1,4809,4881,4810,-1,4810,4881,4882,-1,4810,4882,4811,-1,4811,4882,4883,-1,4811,4883,4812,-1,4812,4883,4884,-1,4812,4884,4813,-1,4813,4884,4885,-1,4813,4885,4814,-1,4814,4885,4886,-1,4814,4886,4815,-1,4815,4886,4887,-1,4815,4887,4816,-1,4816,4887,4888,-1,4816,4888,4817,-1,4817,4888,4889,-1,4817,4889,4818,-1,4818,4889,4890,-1,4818,4890,4819,-1,4819,4890,4891,-1,4819,4891,4820,-1,4820,4891,4892,-1,4820,4892,4821,-1,4821,4892,4893,-1,4821,4893,4822,-1,4822,4893,4894,-1,4822,4894,4823,-1,4823,4894,4895,-1,4823,4895,4824,-1,4824,4895,4896,-1,4824,4896,4825,-1,4825,4896,4897,-1,4825,4897,4826,-1,4826,4897,4898,-1,4826,4898,4827,-1,4827,4898,4899,-1,4827,4899,4828,-1,4828,4899,4900,-1,4828,4900,4829,-1,4829,4900,4901,-1,4829,4901,4830,-1,4830,4901,4902,-1,4830,4902,4831,-1,4831,4902,4903,-1,4831,4903,4832,-1,4832,4903,4833,-1,4903,4904,4833,-1,4833,4904,4905,-1,4833,4905,4834,-1,4834,4905,4906,-1,4834,4906,4835,-1,4835,4906,4907,-1,4835,4907,4836,-1,4836,4907,4908,-1,4836,4908,4837,-1,4837,4908,4909,-1,4837,4909,4838,-1,4838,4909,4910,-1,4838,4910,4839,-1,4839,4910,4911,-1,4839,4911,4840,-1,4840,4911,4912,-1,4840,4912,4841,-1,4841,4912,4913,-1,4841,4913,4842,-1,4842,4913,4914,-1,4842,4914,4843,-1,4843,4914,4915,-1,4843,4915,4844,-1,4844,4915,4916,-1,4844,4916,4845,-1,4845,4916,4917,-1,4845,4917,4846,-1,4846,4917,4918,-1,4846,4918,4847,-1,4847,4918,4919,-1,4847,4919,4848,-1,4848,4919,4920,-1,4848,4920,4849,-1,4849,4920,4921,-1,4849,4921,4850,-1,4850,4921,4922,-1,4850,4922,4851,-1,4851,4922,4923,-1,4851,4923,4852,-1,4852,4923,4924,-1,4852,4924,4853,-1,4853,4924,4925,-1,4853,4925,4854,-1,4854,4925,4926,-1,4854,4926,4855,-1,4855,4926,4927,-1,4855,4927,4856,-1,4856,4927,4928,-1,4856,4928,4857,-1,4857,4928,4929,-1,4857,4929,4858,-1,4858,4929,4930,-1,4858,4930,4859,-1,4859,4930,4931,-1,4859,4931,4860,-1,4860,4931,4932,-1,4860,4932,4861,-1,4861,4932,4933,-1,4861,4933,4862,-1,4862,4933,4934,-1,4862,4934,4863,-1,4863,4934,4935,-1,4863,4935,4864,-1,4864,4935,4936,-1,4864,4936,4865,-1,4865,4936,4937,-1,4865,4937,4866,-1,4866,4937,4938,-1,4866,4938,4867,-1,4867,4938,4939,-1,4867,4939,4868,-1,4868,4939,4940,-1,4868,4940,4869,-1,4869,4940,4941,-1,4869,4941,4870,-1,4870,4941,4942,-1,4870,4942,4871,-1,4871,4942,4943,-1,4871,4943,4872,-1,4872,4943,4944,-1,4872,4944,4873,-1,4873,4944,4945,-1,4873,4945,4874,-1,4874,4945,4946,-1,4874,4946,4875,-1,4875,4946,4947,-1,4875,4947,4876,-1,4876,4947,4948,-1,4876,4948,4877,-1,4877,4948,4949,-1,4877,4949,4878,-1,4878,4949,4950,-1,4878,4950,4879,-1,4879,4950,4951,-1,4879,4951,4880,-1,4880,4951,4952,-1,4880,4952,4881,-1,4881,4952,4953,-1,4881,4953,4882,-1,4882,4953,4954,-1,4882,4954,4883,-1,4883,4954,4955,-1,4883,4955,4884,-1,4884,4955,4956,-1,4884,4956,4885,-1,4885,4956,4957,-1,4885,4957,4886,-1,4886,4957,4958,-1,4886,4958,4887,-1,4887,4958,4959,-1,4887,4959,4888,-1,4888,4959,4960,-1,4888,4960,4889,-1,4889,4960,4961,-1,4889,4961,4890,-1,4890,4961,4962,-1,4890,4962,4891,-1,4891,4962,4963,-1,4891,4963,4892,-1,4892,4963,4964,-1,4892,4964,4893,-1,4893,4964,4965,-1,4893,4965,4894,-1,4894,4965,4966,-1,4894,4966,4895,-1,4895,4966,4967,-1,4895,4967,4896,-1,4896,4967,4968,-1,4896,4968,4897,-1,4897,4968,4969,-1,4897,4969,4898,-1,4898,4969,4970,-1,4898,4970,4899,-1,4899,4970,4971,-1,4899,4971,4900,-1,4900,4971,4972,-1,4900,4972,4901,-1,4901,4972,4973,-1,4901,4973,4902,-1,4902,4973,4974,-1,4902,4974,4903,-1,4903,4974,4904,-1,4974,4975,4904,-1,4904,4975,4976,-1,4904,4976,4905,-1,4905,4976,4977,-1,4905,4977,4906,-1,4906,4977,4978,-1,4906,4978,4907,-1,4907,4978,4979,-1,4907,4979,4908,-1,4908,4979,4980,-1,4908,4980,4909,-1,4909,4980,4981,-1,4909,4981,4910,-1,4910,4981,4982,-1,4910,4982,4911,-1,4911,4982,4983,-1,4911,4983,4912,-1,4912,4983,4984,-1,4912,4984,4913,-1,4913,4984,4985,-1,4913,4985,4914,-1,4914,4985,4986,-1,4914,4986,4915,-1,4915,4986,4987,-1,4915,4987,4916,-1,4916,4987,4988,-1,4916,4988,4917,-1,4917,4988,4989,-1,4917,4989,4918,-1,4918,4989,4990,-1,4918,4990,4919,-1,4919,4990,4991,-1,4919,4991,4920,-1,4920,4991,4992,-1,4920,4992,4921,-1,4921,4992,4993,-1,4921,4993,4922,-1,4922,4993,4994,-1,4922,4994,4923,-1,4923,4994,4995,-1,4923,4995,4924,-1,4924,4995,4996,-1,4924,4996,4925,-1,4925,4996,4997,-1,4925,4997,4926,-1,4926,4997,4998,-1,4926,4998,4927,-1,4927,4998,4999,-1,4927,4999,4928,-1,4928,4999,5000,-1,4928,5000,4929,-1,4929,5000,5001,-1,4929,5001,4930,-1,4930,5001,5002,-1,4930,5002,4931,-1,4931,5002,5003,-1,4931,5003,4932,-1,4932,5003,5004,-1,4932,5004,4933,-1,4933,5004,5005,-1,4933,5005,4934,-1,4934,5005,5006,-1,4934,5006,4935,-1,4935,5006,5007,-1,4935,5007,4936,-1,4936,5007,5008,-1,4936,5008,4937,-1,4937,5008,5009,-1,4937,5009,4938,-1,4938,5009,5010,-1,4938,5010,4939,-1,4939,5010,5011,-1,4939,5011,4940,-1,4940,5011,5012,-1,4940,5012,4941,-1,4941,5012,5013,-1,4941,5013,4942,-1,4942,5013,5014,-1,4942,5014,4943,-1,4943,5014,5015,-1,4943,5015,4944,-1,4944,5015,5016,-1,4944,5016,4945,-1,4945,5016,5017,-1,4945,5017,4946,-1,4946,5017,5018,-1,4946,5018,4947,-1,4947,5018,5019,-1,4947,5019,4948,-1,4948,5019,5020,-1,4948,5020,4949,-1,4949,5020,5021,-1,4949,5021,4950,-1,4950,5021,5022,-1,4950,5022,4951,-1,4951,5022,5023,-1,4951,5023,4952,-1,4952,5023,5024,-1,4952,5024,4953,-1,4953,5024,5025,-1,4953,5025,4954,-1,4954,5025,5026,-1,4954,5026,4955,-1,4955,5026,5027,-1,4955,5027,4956,-1,4956,5027,5028,-1,4956,5028,4957,-1,4957,5028,5029,-1,4957,5029,4958,-1,4958,5029,5030,-1,4958,5030,4959,-1,4959,5030,5031,-1,4959,5031,4960,-1,4960,5031,5032,-1,4960,5032,4961,-1,4961,5032,5033,-1,4961,5033,4962,-1,4962,5033,5034,-1,4962,5034,4963,-1,4963,5034,5035,-1,4963,5035,4964,-1,4964,5035,5036,-1,4964,5036,4965,-1,4965,5036,5037,-1,4965,5037,4966,-1,4966,5037,5038,-1,4966,5038,4967,-1,4967,5038,5039,-1,4967,5039,4968,-1,4968,5039,5040,-1,4968,5040,4969,-1,4969,5040,5041,-1,4969,5041,4970,-1,4970,5041,5042,-1,4970,5042,4971,-1,4971,5042,5043,-1,4971,5043,4972,-1,4972,5043,5044,-1,4972,5044,4973,-1,4973,5044,5045,-1,4973,5045,4974,-1,4974,5045,4975,-1,5045,5046,4975,-1,4975,5046,5047,-1,4975,5047,4976,-1,4976,5047,5048,-1,4976,5048,4977,-1,4977,5048,5049,-1,4977,5049,4978,-1,4978,5049,5050,-1,4978,5050,4979,-1,4979,5050,5051,-1,4979,5051,4980,-1,4980,5051,5052,-1,4980,5052,4981,-1,4981,5052,5053,-1,4981,5053,4982,-1,4982,5053,5054,-1,4982,5054,4983,-1,4983,5054,5055,-1,4983,5055,4984,-1,4984,5055,5056,-1,4984,5056,4985,-1,4985,5056,5057,-1,4985,5057,4986,-1,4986,5057,5058,-1,4986,5058,4987,-1,4987,5058,5059,-1,4987,5059,4988,-1,4988,5059,5060,-1,4988,5060,4989,-1,4989,5060,5061,-1,4989,5061,4990,-1,4990,5061,5062,-1,4990,5062,4991,-1,4991,5062,5063,-1,4991,5063,4992,-1,4992,5063,5064,-1,4992,5064,4993,-1,4993,5064,5065,-1,4993,5065,4994,-1,4994,5065,5066,-1,4994,5066,4995,-1,4995,5066,5067,-1,4995,5067,4996,-1,4996,5067,5068,-1,4996,5068,4997,-1,4997,5068,5069,-1,4997,5069,4998,-1,4998,5069,5070,-1,4998,5070,4999,-1,4999,5070,5071,-1,4999,5071,5000,-1,5000,5071,5072,-1,5000,5072,5001,-1,5001,5072,5073,-1,5001,5073,5002,-1,5002,5073,5074,-1,5002,5074,5003,-1,5003,5074,5075,-1,5003,5075,5004,-1,5004,5075,5076,-1,5004,5076,5005,-1,5005,5076,5077,-1,5005,5077,5006,-1,5006,5077,5078,-1,5006,5078,5007,-1,5007,5078,5079,-1,5007,5079,5008,-1,5008,5079,5080,-1,5008,5080,5009,-1,5009,5080,5081,-1,5009,5081,5010,-1,5010,5081,5082,-1,5010,5082,5011,-1,5011,5082,5083,-1,5011,5083,5012,-1,5012,5083,5084,-1,5012,5084,5013,-1,5013,5084,5085,-1,5013,5085,5014,-1,5014,5085,5086,-1,5014,5086,5015,-1,5015,5086,5087,-1,5015,5087,5016,-1,5016,5087,5088,-1,5016,5088,5017,-1,5017,5088,5089,-1,5017,5089,5018,-1,5018,5089,5090,-1,5018,5090,5019,-1,5019,5090,5091,-1,5019,5091,5020,-1,5020,5091,5092,-1,5020,5092,5021,-1,5021,5092,5093,-1,5021,5093,5022,-1,5022,5093,5094,-1,5022,5094,5023,-1,5023,5094,5095,-1,5023,5095,5024,-1,5024,5095,5096,-1,5024,5096,5025,-1,5025,5096,5097,-1,5025,5097,5026,-1,5026,5097,5098,-1,5026,5098,5027,-1,5027,5098,5099,-1,5027,5099,5028,-1,5028,5099,5100,-1,5028,5100,5029,-1,5029,5100,5101,-1,5029,5101,5030,-1,5030,5101,5102,-1,5030,5102,5031,-1,5031,5102,5103,-1,5031,5103,5032,-1,5032,5103,5104,-1,5032,5104,5033,-1,5033,5104,5105,-1,5033,5105,5034,-1,5034,5105,5106,-1,5034,5106,5035,-1,5035,5106,5107,-1,5035,5107,5036,-1,5036,5107,5108,-1,5036,5108,5037,-1,5037,5108,5109,-1,5037,5109,5038,-1,5038,5109,5110,-1,5038,5110,5039,-1,5039,5110,5111,-1,5039,5111,5040,-1,5040,5111,5112,-1,5040,5112,5041,-1,5041,5112,5113,-1,5041,5113,5042,-1,5042,5113,5114,-1,5042,5114,5043,-1,5043,5114,5115,-1,5043,5115,5044,-1,5044,5115,5116,-1,5044,5116,5045,-1,5045,5116,5046,-1,5116,3413,5046,-1,5046,3413,3412,-1,5046,3412,5047,-1,5047,3412,3415,-1,5047,3415,5048,-1,5048,3415,3416,-1,5048,3416,5049,-1,5049,3416,3417,-1,5049,3417,5050,-1,5050,3417,3418,-1,5050,3418,5051,-1,5051,3418,3419,-1,5051,3419,5052,-1,5052,3419,3420,-1,5052,3420,5053,-1,5053,3420,3421,-1,5053,3421,5054,-1,5054,3421,3422,-1,5054,3422,5055,-1,5055,3422,3423,-1,5055,3423,5056,-1,5056,3423,3424,-1,5056,3424,5057,-1,5057,3424,3425,-1,5057,3425,5058,-1,5058,3425,3426,-1,5058,3426,5059,-1,5059,3426,3427,-1,5059,3427,5060,-1,5060,3427,3428,-1,5060,3428,5061,-1,5061,3428,3429,-1,5061,3429,5062,-1,5062,3429,3430,-1,5062,3430,5063,-1,5063,3430,3431,-1,5063,3431,5064,-1,5064,3431,3432,-1,5064,3432,5065,-1,5065,3432,3433,-1,5065,3433,5066,-1,5066,3433,3434,-1,5066,3434,5067,-1,5067,3434,3435,-1,5067,3435,5068,-1,5068,3435,3436,-1,5068,3436,5069,-1,5069,3436,3437,-1,5069,3437,5070,-1,5070,3437,3438,-1,5070,3438,5071,-1,5071,3438,3439,-1,5071,3439,5072,-1,5072,3439,3440,-1,5072,3440,5073,-1,5073,3440,3441,-1,5073,3441,5074,-1,5074,3441,3442,-1,5074,3442,5075,-1,5075,3442,3443,-1,5075,3443,5076,-1,5076,3443,3444,-1,5076,3444,5077,-1,5077,3444,3445,-1,5077,3445,5078,-1,5078,3445,3446,-1,5078,3446,5079,-1,5079,3446,3447,-1,5079,3447,5080,-1,5080,3447,3448,-1,5080,3448,5081,-1,5081,3448,3449,-1,5081,3449,5082,-1,5082,3449,3450,-1,5082,3450,5083,-1,5083,3450,3451,-1,5083,3451,5084,-1,5084,3451,3452,-1,5084,3452,5085,-1,5085,3452,3453,-1,5085,3453,5086,-1,5086,3453,3454,-1,5086,3454,5087,-1,5087,3454,3455,-1,5087,3455,5088,-1,5088,3455,3456,-1,5088,3456,5089,-1,5089,3456,3457,-1,5089,3457,5090,-1,5090,3457,3458,-1,5090,3458,5091,-1,5091,3458,3459,-1,5091,3459,5092,-1,5092,3459,3460,-1,5092,3460,5093,-1,5093,3460,3461,-1,5093,3461,5094,-1,5094,3461,3462,-1,5094,3462,5095,-1,5095,3462,3463,-1,5095,3463,5096,-1,5096,3463,3464,-1,5096,3464,5097,-1,5097,3464,3465,-1,5097,3465,5098,-1,5098,3465,3466,-1,5098,3466,5099,-1,5099,3466,3467,-1,5099,3467,5100,-1,5100,3467,3468,-1,5100,3468,5101,-1,5101,3468,3469,-1,5101,3469,5102,-1,5102,3469,3470,-1,5102,3470,5103,-1,5103,3470,3471,-1,5103,3471,5104,-1,5104,3471,3472,-1,5104,3472,5105,-1,5105,3472,3473,-1,5105,3473,5106,-1,5106,3473,3474,-1,5106,3474,5107,-1,5107,3474,3475,-1,5107,3475,5108,-1,5108,3475,3476,-1,5108,3476,5109,-1,5109,3476,3477,-1,5109,3477,5110,-1,5110,3477,3478,-1,5110,3478,5111,-1,5111,3478,3479,-1,5111,3479,5112,-1,5112,3479,3480,-1,5112,3480,5113,-1,5113,3480,3481,-1,5113,3481,5114,-1,5114,3481,3482,-1,5114,3482,5115,-1,5115,3482,3483,-1,5115,3483,5116,-1,5116,3483,3413,-1,3484,3486,5117,-1,3484,5117,3624,-1,3618,3620,5117,-1,5117,3620,3622,-1,5117,3622,3624,-1,3612,3614,5117,-1,5117,3614,3616,-1,5117,3616,3618,-1,3606,3608,5117,-1,5117,3608,3610,-1,5117,3610,3612,-1,3600,3602,5117,-1,5117,3602,3604,-1,5117,3604,3606,-1,3594,3596,5117,-1,5117,3596,3598,-1,5117,3598,3600,-1,3588,3590,5117,-1,5117,3590,3592,-1,5117,3592,3594,-1,3582,3584,5117,-1,5117,3584,3586,-1,5117,3586,3588,-1,3576,3578,5117,-1,5117,3578,3580,-1,5117,3580,3582,-1,3570,3572,5117,-1,5117,3572,3574,-1,5117,3574,3576,-1,3564,3566,5117,-1,5117,3566,3568,-1,5117,3568,3570,-1,3558,3560,5117,-1,5117,3560,3562,-1,5117,3562,3564,-1,3552,3554,5117,-1,5117,3554,3556,-1,5117,3556,3558,-1,3546,3548,5117,-1,5117,3548,3550,-1,5117,3550,3552,-1,3540,3542,5117,-1,5117,3542,3544,-1,5117,3544,3546,-1,3534,3536,5117,-1,5117,3536,3538,-1,5117,3538,3540,-1,3528,3530,5117,-1,5117,3530,3532,-1,5117,3532,3534,-1,3522,3524,5117,-1,5117,3524,3526,-1,5117,3526,3528,-1,3516,3518,5117,-1,5117,3518,3520,-1,5117,3520,3522,-1,3510,3512,5117,-1,5117,3512,3514,-1,5117,3514,3516,-1,3504,3506,5117,-1,5117,3506,3508,-1,5117,3508,3510,-1,3498,3500,5117,-1,5117,3500,3502,-1,5117,3502,3504,-1,3492,3494,5117,-1,5117,3494,3496,-1,5117,3496,3498,-1,3486,3488,5117,-1,5117,3488,3490,-1,5117,3490,3492,-1,
        ]
    }
}