ISO-10303-21;
HEADER;
FILE_DESCRIPTION (( 'STEP AP214' ),
    '1' );
FILE_NAME ('WCSPD-4_L0.8-W0.8-R2-C2-P0.40-TL.STEP',
    '2022-06-08T02:39:50',
    ( '微软用户' ),
    ( '微软中国' ),
    'SwSTEP 2.0',
    'SolidWorks 2017',
    '' );
FILE_SCHEMA (( 'AUTOMOTIVE_DESIGN' ));
ENDSEC;

DATA;
#1 = ORIENTED_EDGE ( 'NONE', *, *, #1516, .T. ) ;
#2 = DIRECTION ( 'NONE',  ( 0.0000000000000000000, 1.000000000000000000, 7.529734720348609900E-013 ) ) ;
#3 = VERTEX_POINT ( 'NONE', #496 ) ;
#4 = ORIENTED_EDGE ( 'NONE', *, *, #743, .T. ) ;
#5 = CARTESIAN_POINT ( 'NONE',  ( 0.1999999999999999600, -0.2000000000000000100, -0.3999999999999999700 ) ) ;
#6 = VERTEX_POINT ( 'NONE', #1771 ) ;
#7 = LINE ( 'NONE', #1257, #3218 ) ;
#8 = PLANE ( 'NONE',  #2096 ) ;
#9 = DIRECTION ( 'NONE',  ( 1.000000000000000000, 0.0000000000000000000, 0.0000000000000000000 ) ) ;
#10 = ADVANCED_FACE ( 'NONE', ( #2395 ), #1060, .T. ) ;
#11 = DIRECTION ( 'NONE',  ( 0.0000000000000000000, 1.000000000000000000, 0.0000000000000000000 ) ) ;
#12 = CARTESIAN_POINT ( 'NONE',  ( -0.3949999999999999100, 0.3950000000000000700, 0.0000000000000000000 ) ) ;
#13 = LINE ( 'NONE', #1432, #538 ) ;
#14 = LINE ( 'NONE', #2504, #137 ) ;
#15 = CARTESIAN_POINT ( 'NONE',  ( 0.1218674090743245000, -0.01407042259326884800, -0.3199999999999999000 ) ) ;
#16 =( NAMED_UNIT ( * ) PLANE_ANGLE_UNIT ( ) SI_UNIT ( $, .RADIAN. ) );
#17 = AXIS2_PLACEMENT_3D ( 'NONE', #2649, #2723, #2697 ) ;
#18 = CARTESIAN_POINT ( 'NONE',  ( 0.1225936129110466500, 0.007301751922446075700, -0.3200000000000000100 ) ) ;
#19 = LINE ( 'NONE', #2409, #2488 ) ;
#20 = DIRECTION ( 'NONE',  ( 0.0000000000000000000, -0.0000000000000000000, -1.000000000000000000 ) ) ;
#21 = SURFACE_STYLE_USAGE ( .BOTH. , #317 ) ;
#22 = B_SPLINE_CURVE_WITH_KNOTS ( 'NONE', 3,
 ( #374, #1927, #994, #2648, #2695, #2833, #416, #107, #196, #1762, #2428, #2632, #28, #2927, #1524, #839, #3191, #171, #625 ),
 .UNSPECIFIED., .F., .F.,
 ( 4, 1, 1, 1, 1, 1, 1, 1, 1, 1, 1, 1, 1, 1, 1, 1, 4 ),
 ( 0.0000000000000000000, 0.06863117867660124800, 0.1345664660386773100, 0.1983281540108812200, 0.2607897666408450800, 0.3219991514841585300, 0.3827217465030197100, 0.4435374740357288500, 0.5051334294849250100, 0.5662138747646717800, 0.6261058646175455800, 0.6853493221605165800, 0.7449958703477973500, 0.8054158418145627200, 0.8676362663459531400, 0.9323077823023292500, 1.000000000000000000 ),
 .UNSPECIFIED. ) ;
#23 = FACE_OUTER_BOUND ( 'NONE', #3123, .T. ) ;
#24 = ADVANCED_FACE ( 'NONE', ( #207 ), #1434, .T. ) ;
#25 = CARTESIAN_POINT ( 'NONE',  ( 0.1089142849635951900, -0.04848837132015090100, -0.3300000000000000200 ) ) ;
#26 = CARTESIAN_POINT ( 'NONE',  ( -0.1939024390243901700, -0.05057730189683695700, -0.3199999999999999500 ) ) ;
#27 = FILL_AREA_STYLE_COLOUR ( '', #1572 ) ;
#28 = CARTESIAN_POINT ( 'NONE',  ( -0.1052547431779108000, 0.02503323606791637100, -0.3300000000000000200 ) ) ;
#29 = EDGE_CURVE ( 'NONE', #3121, #2047, #2515, .T. ) ;
#30 = CARTESIAN_POINT ( 'NONE',  ( 0.0000000000000000000, 0.0000000000000000000, 0.02000000000000000000 ) ) ;
#31 = DIRECTION ( 'NONE',  ( -0.0000000000000000000, -0.0000000000000000000, 1.000000000000000000 ) ) ;
#32 = CARTESIAN_POINT ( 'NONE',  ( -0.1052568252075439500, -0.02481032864635560700, -0.3199999999999999500 ) ) ;
#33 = PLANE ( 'NONE',  #740 ) ;
#34 = ORIENTED_EDGE ( 'NONE', *, *, #1775, .T. ) ;
#35 = DIRECTION ( 'NONE',  ( 0.0000000000000000000, -0.0000000000000000000, -1.000000000000000000 ) ) ;
#36 = CLOSED_SHELL ( 'NONE', ( #2204, #1718, #2130 ) ) ;
#37 = CARTESIAN_POINT ( 'NONE',  ( 0.1365853658536587100, -0.002463734823666223300, -0.3199999999999999500 ) ) ;
#38 = VERTEX_POINT ( 'NONE', #2492 ) ;
#39 =( LENGTH_UNIT ( ) NAMED_UNIT ( * ) SI_UNIT ( .MILLI., .METRE. ) );
#40 = ORIENTED_EDGE ( 'NONE', *, *, #1197, .T. ) ;
#41 = ORIENTED_EDGE ( 'NONE', *, *, #3321, .F. ) ;
#42 = SURFACE_SIDE_STYLE ('',( #132 ) ) ;
#43 = CARTESIAN_POINT ( 'NONE',  ( 0.02926829268292696300, 0.005520259078772807300, -0.3199999999999999500 ) ) ;
#44 = ORIENTED_EDGE ( 'NONE', *, *, #1639, .T. ) ;
#45 = CARTESIAN_POINT ( 'NONE',  ( 0.07579069178461116100, 0.05012519404986100900, -0.3300000000000001300 ) ) ;
#46 = SURFACE_SIDE_STYLE ('',( #318 ) ) ;
#47 = CARTESIAN_POINT ( 'NONE',  ( -0.1026541192411777200, -0.02904718634868499300, -0.3199999999999999000 ) ) ;
#48 = CARTESIAN_POINT ( 'NONE',  ( -0.08108337971765393300, 0.03313391569746030500, -0.3299999999999999600 ) ) ;
#49 = EDGE_CURVE ( 'NONE', #3559, #151, #3005, .T. ) ;
#50 = VERTEX_POINT ( 'NONE', #2572 ) ;
#51 = CARTESIAN_POINT ( 'NONE',  ( 0.3950000000000001300, -0.3949999999999999600, 0.02000000000000000000 ) ) ;
#52 = EDGE_CURVE ( 'NONE', #1015, #3, #1781, .T. ) ;
#53 = FILL_AREA_STYLE ('',( #1691 ) ) ;
#54 = COLOUR_RGB ( '',1.000000000000000000, 1.000000000000000000, 1.000000000000000000 ) ;
#55 = CARTESIAN_POINT ( 'NONE',  ( 0.1316988156574530900, -0.02690091391883349400, -0.3199999999999999000 ) ) ;
#56 = LINE ( 'NONE', #3441, #447 ) ;
#57 =( NAMED_UNIT ( * ) PLANE_ANGLE_UNIT ( ) SI_UNIT ( $, .RADIAN. ) );
#58 = SURFACE_STYLE_USAGE ( .BOTH. , #42 ) ;
#59 = CARTESIAN_POINT ( 'NONE',  ( 0.06219512195121970600, -0.04539437506756868100, -0.3300000000000000700 ) ) ;
#60 =( GEOMETRIC_REPRESENTATION_CONTEXT ( 3 ) GLOBAL_UNCERTAINTY_ASSIGNED_CONTEXT ( ( #3125 ) ) GLOBAL_UNIT_ASSIGNED_CONTEXT ( ( #871, #3618, #3392 ) ) REPRESENTATION_CONTEXT ( 'NONE', 'WORKASPACE' ) );
#61 = LINE ( 'NONE', #3356, #696 ) ;
#62 = CARTESIAN_POINT ( 'NONE',  ( 0.06219512195121970600, -0.04539437506756868100, -0.3200000000000000100 ) ) ;
#63 = CARTESIAN_POINT ( 'NONE',  ( -0.09961806419726458600, -0.03300983885845139300, -0.3200000000000000100 ) ) ;
#64 = CARTESIAN_POINT ( 'NONE',  ( -0.09752819755151488600, 0.001926585397404153400, -0.3300000000000000700 ) ) ;
#65 = UNCERTAINTY_MEASURE_WITH_UNIT (LENGTH_MEASURE( 1.000000000000000100E-005 ), #3622, 'distance_accuracy_value', 'NONE');
#66 = DIRECTION ( 'NONE',  ( 0.0000000000000000000, -1.000000000000000000, 0.0000000000000000000 ) ) ;
#67 = CARTESIAN_POINT ( 'NONE',  ( 0.1365541110044783400, -0.004275881393351774400, -0.3199999999999999500 ) ) ;
#68 = DIRECTION ( 'NONE',  ( -0.0000000000000000000, 0.0000000000000000000, -1.000000000000000000 ) ) ;
#69 = FACE_OUTER_BOUND ( 'NONE', #2430, .T. ) ;
#70 = CARTESIAN_POINT ( 'NONE',  ( 0.1173392787691772300, 0.02244022680806718000, -0.3299999999999999600 ) ) ;
#71 = CARTESIAN_POINT ( 'NONE',  ( 0.1829268292682927600, -0.03960169214073939300, -0.3300000000000000200 ) ) ;
#72 = STYLED_ITEM ( 'NONE', ( #2213 ), #1374 ) ;
#73 = PLANE ( 'NONE',  #1523 ) ;
#74 = CARTESIAN_POINT ( 'NONE',  ( 0.1364929485618416000, -0.007822061059045556600, -0.3200000000000000100 ) ) ;
#75 = EDGE_CURVE ( 'NONE', #151, #38, #2153, .T. ) ;
#76 = ORIENTED_EDGE ( 'NONE', *, *, #2912, .F. ) ;
#77 = AXIS2_PLACEMENT_3D ( 'NONE', #2149, #1362, #960 ) ;
#78 = ORIENTED_EDGE ( 'NONE', *, *, #2680, .T. ) ;
#79 = ORIENTED_EDGE ( 'NONE', *, *, #96, .F. ) ;
#80 = VERTEX_POINT ( 'NONE', #2775 ) ;
#81 = UNCERTAINTY_MEASURE_WITH_UNIT (LENGTH_MEASURE( 1.000000000000000100E-005 ), #1763, 'distance_accuracy_value', 'NONE');
#82 = CARTESIAN_POINT ( 'NONE',  ( -0.3949999999999999100, 0.3950000000000000700, -0.3300000000000000200 ) ) ;
#83 = ORIENTED_EDGE ( 'NONE', *, *, #2477, .F. ) ;
#84 = CARTESIAN_POINT ( 'NONE',  ( -0.09746450037321778600, 0.004903873268138290700, -0.3299999999999999600 ) ) ;
#85 = CIRCLE ( 'NONE', #1529, 0.1095445115010332500 ) ;
#86 = ORIENTED_EDGE ( 'NONE', *, *, #3162, .F. ) ;
#87 = DIRECTION ( 'NONE',  ( 1.000000000000000000, 0.0000000000000000000, 0.0000000000000000000 ) ) ;
#88 = EDGE_CURVE ( 'NONE', #714, #461, #1848, .T. ) ;
#89 = ORIENTED_EDGE ( 'NONE', *, *, #1792, .F. ) ;
#90 = FACE_OUTER_BOUND ( 'NONE', #2389, .T. ) ;
#91 = DIRECTION ( 'NONE',  ( -0.0000000000000000000, -0.0000000000000000000, -1.000000000000000000 ) ) ;
#92 = ORIENTED_EDGE ( 'NONE', *, *, #2575, .F. ) ;
#93 = CARTESIAN_POINT ( 'NONE',  ( 0.1365853658536587100, -0.002463734823666223300, -0.3199999999999999500 ) ) ;
#94 = FACE_OUTER_BOUND ( 'NONE', #2852, .T. ) ;
#95 = CARTESIAN_POINT ( 'NONE',  ( 0.1130828880894827300, -0.04660066355019650000, -0.3299999999999999600 ) ) ;
#96 = EDGE_CURVE ( 'NONE', #2509, #756, #2309, .T. ) ;
#97 = VECTOR ( 'NONE', #510, 1000.000000000000000 ) ;
#98 = CARTESIAN_POINT ( 'NONE',  ( 0.08914671018404871100, -0.04078809452747302100, -0.3300000000000000200 ) ) ;
#99 = PLANE ( 'NONE',  #2573 ) ;
#100 = AXIS2_PLACEMENT_3D ( 'NONE', #421, #2989, #3287 ) ;
#101 = CARTESIAN_POINT ( 'NONE',  ( -0.05865091463414624800, 0.03844708834706549900, -0.3199999999999999500 ) ) ;
#102 = CARTESIAN_POINT ( 'NONE',  ( -0.09345014634507897700, 0.02042598024409345700, -0.3200000000000000100 ) ) ;
#103 = CARTESIAN_POINT ( 'NONE',  ( 0.08561356707317091500, 0.03966660054218743000, -0.3300000000000000200 ) ) ;
#104 = LINE ( 'NONE', #2283, #183 ) ;
#105 = CARTESIAN_POINT ( 'NONE',  ( 0.06789218193308384200, -0.03725279292767511700, -0.3299999999999999000 ) ) ;
#106 = LINE ( 'NONE', #1969, #181 ) ;
#107 = CARTESIAN_POINT ( 'NONE',  ( -0.08818789584504464800, 0.04203417503157450000, -0.3300000000000000200 ) ) ;
#108 = CARTESIAN_POINT ( 'NONE',  ( -0.06942988665566479600, 0.04869156351245727100, -0.3200000000000000100 ) ) ;
#109 = FILL_AREA_STYLE_COLOUR ( '', #2540 ) ;
#110 = ORIENTED_EDGE ( 'NONE', *, *, #936, .T. ) ;
#111 = DIRECTION ( 'NONE',  ( 1.000000000000000000, 0.0000000000000000000, 0.0000000000000000000 ) ) ;
#112 = EDGE_CURVE ( 'NONE', #2940, #681, #85, .T. ) ;
#113 = LINE ( 'NONE', #2619, #299 ) ;
#114 = DIRECTION ( 'NONE',  ( 0.0000000000000000000, -0.0000000000000000000, 1.000000000000000000 ) ) ;
#115 = ORIENTED_EDGE ( 'NONE', *, *, #940, .F. ) ;
#116 = EDGE_CURVE ( 'NONE', #713, #672, #1314, .T. ) ;
#117 = ORIENTED_EDGE ( 'NONE', *, *, #2062, .T. ) ;
#118 = ORIENTED_EDGE ( 'NONE', *, *, #2966, .F. ) ;
#119 = VERTEX_POINT ( 'NONE', #3406 ) ;
#120 = CARTESIAN_POINT ( 'NONE',  ( 0.1239067176039447500, -0.03832106686943162500, -0.3299999999999999600 ) ) ;
#121 = ORIENTED_EDGE ( 'NONE', *, *, #280, .F. ) ;
#122 =( NAMED_UNIT ( * ) PLANE_ANGLE_UNIT ( ) SI_UNIT ( $, .RADIAN. ) );
#123 = CARTESIAN_POINT ( 'NONE',  ( -0.1089774100045771300, -0.01543368262753315600, -0.3199999999999999000 ) ) ;
#124 = CARTESIAN_POINT ( 'NONE',  ( 0.1169761209376150600, -0.04426727051074477000, -0.3300000000000001300 ) ) ;
#125 = DIRECTION ( 'NONE',  ( -0.0000000000000000000, -0.0000000000000000000, 1.000000000000000000 ) ) ;
#126 = VERTEX_POINT ( 'NONE', #1947 ) ;
#127 = CARTESIAN_POINT ( 'NONE',  ( 0.09535090837488921500, -0.04021833904085223700, -0.3200000000000000100 ) ) ;
#128 = SURFACE_STYLE_FILL_AREA ( #1758 ) ;
#129 = LINE ( 'NONE', #206, #375 ) ;
#130 = AXIS2_PLACEMENT_3D ( 'NONE', #1578, #1622, #1633 ) ;
#131 = CARTESIAN_POINT ( 'NONE',  ( 0.08572789634146360500, 0.05064221029828500100, -0.3199999999999999500 ) ) ;
#132 = SURFACE_STYLE_FILL_AREA ( #1795 ) ;
#133 = CARTESIAN_POINT ( 'NONE',  ( 0.08229534399428185800, 0.05061760484825610800, -0.3200000000000000100 ) ) ;
#134 = CARTESIAN_POINT ( 'NONE',  ( 0.02926829268292696300, -0.005455350677324758200, -0.3199999999999999500 ) ) ;
#135 = CARTESIAN_POINT ( 'NONE',  ( 0.1334887178074140600, -0.02253639145010308300, -0.3300000000000001300 ) ) ;
#136 = CARTESIAN_POINT ( 'NONE',  ( -0.1641092033900998500, 0.03061436447530335400, -0.3300000000000000200 ) ) ;
#137 = VECTOR ( 'NONE', #2586, 1000.000000000000000 ) ;
#138 = FACE_OUTER_BOUND ( 'NONE', #313, .T. ) ;
#139 = EDGE_CURVE ( 'NONE', #1360, #2469, #630, .T. ) ;
#140 = CARTESIAN_POINT ( 'NONE',  ( 0.09166866776632817700, -0.04072309597162890300, -0.3200000000000000100 ) ) ;
#141 = CARTESIAN_POINT ( 'NONE',  ( 0.07092289723153066800, -0.03837019903841235700, -0.3300000000000001300 ) ) ;
#142 = PRESENTATION_LAYER_ASSIGNMENT (  '', '', ( #271 ) ) ;
#143 = CARTESIAN_POINT ( 'NONE',  ( 0.1134706780220307900, -0.03027818149237586700, -0.3300000000000001300 ) ) ;
#144 = CARTESIAN_POINT ( 'NONE',  ( 0.07896541949741471600, 0.05041356492167689600, -0.3199999999999998400 ) ) ;
#145 = CARTESIAN_POINT ( 'NONE',  ( -0.09746450037321778600, 0.004903873268138290700, -0.3199999999999999000 ) ) ;
#146 = CIRCLE ( 'NONE', #1403, 0.1300000000000000300 ) ;
#147 = CARTESIAN_POINT ( 'NONE',  ( -0.09961806419726458600, -0.03300983885845139300, -0.3300000000000000700 ) ) ;
#148 = CARTESIAN_POINT ( 'NONE',  ( 0.07408525662929753300, -0.03925979932341185800, -0.3299999999999999600 ) ) ;
#149 = PRESENTATION_LAYER_ASSIGNMENT (  '', '', ( #1421 ) ) ;
#150 = VERTEX_POINT ( 'NONE', #477 ) ;
#151 = VERTEX_POINT ( 'NONE', #491 ) ;
#152 = CARTESIAN_POINT ( 'NONE',  ( 0.07579069178461116100, 0.05012519404986100900, -0.3200000000000000600 ) ) ;
#153 = B_SPLINE_CURVE_WITH_KNOTS ( 'NONE', 3,
 ( #1967, #1915, #191, #246, #15, #3667, #3675, #1062, #1090, #1156, #1274, #1298, #1334, #1353, #1384, #169, #140, #3055, #1422 ),
 .UNSPECIFIED., .F., .F.,
 ( 4, 1, 1, 1, 1, 1, 1, 1, 1, 1, 1, 1, 1, 1, 1, 1, 4 ),
 ( 0.0000000000000000000, 0.07377411937406361300, 0.1440791147260414000, 0.2113485183089115200, 0.2760768857398838100, 0.3385209158196765800, 0.3998851166931335900, 0.4602540674652130800, 0.5205889643912479100, 0.5802076845630442800, 0.6386329085525459500, 0.6963645494905239500, 0.7540017746600126100, 0.8128056813744979300, 0.8727544255255602600, 0.9351819969782669800, 0.9999999999999998900 ),
 .UNSPECIFIED. ) ;
#154 = CARTESIAN_POINT ( 'NONE',  ( 0.1451219512195123000, -0.03960169214073939300, -0.3300000000000000200 ) ) ;
#155 = CARTESIAN_POINT ( 'NONE',  ( -0.1182926829268291900, -0.05057730189683695700, -0.3199999999999999500 ) ) ;
#156 = EDGE_CURVE ( 'NONE', #755, #2303, #2919, .T. ) ;
#157 = EDGE_LOOP ( 'NONE', ( #3462, #1631, #982, #1731, #2158, #3420, #118, #2757, #2252, #2327 ) ) ;
#158 = LINE ( 'NONE', #1604, #3365 ) ;
#159 = ADVANCED_FACE ( 'NONE', ( #2656 ), #3254, .T. ) ;
#160 = ORIENTED_EDGE ( 'NONE', *, *, #2758, .T. ) ;
#161 = EDGE_LOOP ( 'NONE', ( #2631, #2892, #252, #3278 ) ) ;
#162 = DIRECTION ( 'NONE',  ( -0.0000000000000000000, 0.0000000000000000000, -1.000000000000000000 ) ) ;
#163 = ORIENTED_EDGE ( 'NONE', *, *, #2074, .F. ) ;
#164 = CARTESIAN_POINT ( 'NONE',  ( 0.07276656665055364300, 0.04967553187626832400, -0.3199999999999998400 ) ) ;
#165 = CARTESIAN_POINT ( 'NONE',  ( 0.06299113430228509000, 0.04700191462722601300, -0.3200000000000000600 ) ) ;
#166 = ORIENTED_EDGE ( 'NONE', *, *, #1562, .T. ) ;
#167 = VERTEX_POINT ( 'NONE', #2963 ) ;
#168 = LINE ( 'NONE', #344, #97 ) ;
#169 = CARTESIAN_POINT ( 'NONE',  ( 0.09535090837488921500, -0.04021833904085223700, -0.3200000000000000100 ) ) ;
#170 = CARTESIAN_POINT ( 'NONE',  ( -0.2000000000000000700, -0.2000000000000000100, -0.3999999999999999700 ) ) ;
#171 = CARTESIAN_POINT ( 'NONE',  ( -0.1109356929667200500, 0.002493016711480977200, -0.3299999999999999600 ) ) ;
#172 = ADVANCED_FACE ( 'NONE', ( #3322 ), #1038, .T. ) ;
#173 = CARTESIAN_POINT ( 'NONE',  ( 0.06219512195121970600, 0.04667879566413866300, -0.3300000000000000700 ) ) ;
#174 = CARTESIAN_POINT ( 'NONE',  ( 0.06989319970246980800, 0.04914025593708030300, -0.3199999999999999000 ) ) ;
#175 = PRESENTATION_STYLE_ASSIGNMENT (( #2105 ) ) ;
#176 = CARTESIAN_POINT ( 'NONE',  ( -0.1642339939024389500, 0.03021538102999231400, -0.3300000000000000200 ) ) ;
#177 = UNCERTAINTY_MEASURE_WITH_UNIT (LENGTH_MEASURE( 1.000000000000000100E-005 ), #2117, 'distance_accuracy_value', 'NONE');
#178 = AXIS2_PLACEMENT_3D ( 'NONE', #1104, #2560, #1386 ) ;
#179 = DIRECTION ( 'NONE',  ( 1.000000000000000000, 0.0000000000000000000, -0.0000000000000000000 ) ) ;
#180 = DIRECTION ( 'NONE',  ( -0.0000000000000000000, 0.0000000000000000000, -1.000000000000000000 ) ) ;
#181 = VECTOR ( 'NONE', #3074, 1000.000000000000000 ) ;
#182 = CARTESIAN_POINT ( 'NONE',  ( 0.08665450062635135500, -0.04080535028111929900, -0.3299999999999999600 ) ) ;
#183 = VECTOR ( 'NONE', #837, 1000.000000000000000 ) ;
#184 = PRESENTATION_LAYER_ASSIGNMENT (  '', '', ( #2325 ) ) ;
#185 = CARTESIAN_POINT ( 'NONE',  ( -0.07815250531215102400, -0.03555113053167834000, -0.3300000000000000700 ) ) ;
#186 = SURFACE_SIDE_STYLE ('',( #2367 ) ) ;
#187 = CARTESIAN_POINT ( 'NONE',  ( -0.1638243466998233800, 0.03152511563399353100, -0.3299999999999999000 ) ) ;
#188 = CARTESIAN_POINT ( 'NONE',  ( 0.08786204268292700800, -0.04082120433586135200, -0.3199999999999999500 ) ) ;
#189 = EDGE_LOOP ( 'NONE', ( #202, #1939, #1492, #2391, #2455, #2038, #2109, #2079, #403, #1401 ) ) ;
#190 = ADVANCED_FACE ( 'NONE', ( #882 ), #870, .T. ) ;
#191 = CARTESIAN_POINT ( 'NONE',  ( 0.1230886921609819600, -0.005961982616519592500, -0.3199999999999999500 ) ) ;
#192 = ORIENTED_EDGE ( 'NONE', *, *, #3351, .F. ) ;
#193 = CARTESIAN_POINT ( 'NONE',  ( 0.1157521680017710600, -0.02751984556768677700, -0.3299999999999999600 ) ) ;
#194 = PRESENTATION_LAYER_ASSIGNMENT (  '', '', ( #675 ) ) ;
#195 = ORIENTED_EDGE ( 'NONE', *, *, #1498, .F. ) ;
#196 = CARTESIAN_POINT ( 'NONE',  ( -0.09228928625050883400, 0.03933764617168376800, -0.3299999999999999600 ) ) ;
#197 = EDGE_LOOP ( 'NONE', ( #2242, #1789, #224, #2742 ) ) ;
#198 = CARTESIAN_POINT ( 'NONE',  ( 0.06718135500635243100, 0.04844249808454053500, -0.3200000000000000600 ) ) ;
#199 = CARTESIAN_POINT ( 'NONE',  ( -0.1626905487804877800, 0.03722757615194354600, -0.3300000000000000700 ) ) ;
#200 = CARTESIAN_POINT ( 'NONE',  ( -0.1634510659028987300, 0.03309702159137914400, -0.3300000000000001800 ) ) ;
#201 = EDGE_CURVE ( 'NONE', #1276, #2789, #306, .T. ) ;
#202 = ORIENTED_EDGE ( 'NONE', *, *, #1925, .T. ) ;
#203 = CARTESIAN_POINT ( 'NONE',  ( 0.09535090837488921500, -0.04021833904085223700, -0.3300000000000000700 ) ) ;
#204 = ORIENTED_EDGE ( 'NONE', *, *, #3151, .F. ) ;
#205 = UNCERTAINTY_MEASURE_WITH_UNIT (LENGTH_MEASURE( 1.000000000000000100E-005 ), #1619, 'distance_accuracy_value', 'NONE');
#206 = CARTESIAN_POINT ( 'NONE',  ( 0.1829268292682927600, 0.04942269810316306200, -0.3199999999999999500 ) ) ;
#207 = FACE_OUTER_BOUND ( 'NONE', #2036, .T. ) ;
#208 = PLANE ( 'NONE',  #2032 ) ;
#209 = CARTESIAN_POINT ( 'NONE',  ( -0.07928008365969606300, 0.04618934665861473800, -0.3200000000000000100 ) ) ;
#210 = ORIENTED_EDGE ( 'NONE', *, *, #2462, .F. ) ;
#211 = CARTESIAN_POINT ( 'NONE',  ( 0.07736133171465921200, -0.03997047079560660200, -0.3299999999999999600 ) ) ;
#212 = ORIENTED_EDGE ( 'NONE', *, *, #2062, .F. ) ;
#213 = EDGE_CURVE ( 'NONE', #1830, #2303, #3165, .T. ) ;
#214 = CARTESIAN_POINT ( 'NONE',  ( 0.1358590348318221600, -0.01299560824760091900, -0.3200000000000000600 ) ) ;
#215 = CARTESIAN_POINT ( 'NONE',  ( -0.3949999999999999100, -0.3949999999999999600, -0.3300000000000000200 ) ) ;
#216 = ADVANCED_FACE ( 'NONE', ( #929 ), #1259, .T. ) ;
#217 = CARTESIAN_POINT ( 'NONE',  ( 0.08572789634146360500, 0.05064221029828500100, -0.3199999999999999500 ) ) ;
#218 = SURFACE_STYLE_USAGE ( .BOTH. , #186 ) ;
#219 = SURFACE_STYLE_FILL_AREA ( #1720 ) ;
#220 = CARTESIAN_POINT ( 'NONE',  ( -0.1623666158536584700, 0.03722757615194353900, -0.3199999999999999500 ) ) ;
#221 = CARTESIAN_POINT ( 'NONE',  ( -0.09355317127361911800, -0.01999602573478467100, -0.3300000000000000700 ) ) ;
#222 = EDGE_CURVE ( 'NONE', #1297, #1999, #2044, .T. ) ;
#223 = CARTESIAN_POINT ( 'NONE',  ( 0.06219512195121970600, 0.04667879566413866300, -0.3300000000000000700 ) ) ;
#224 = ORIENTED_EDGE ( 'NONE', *, *, #2966, .T. ) ;
#225 = PLANE ( 'NONE',  #592 ) ;
#226 = EDGE_CURVE ( 'NONE', #2791, #1546, #2580, .T. ) ;
#227 = CARTESIAN_POINT ( 'NONE',  ( 0.06461398537291356000, 0.04766066565600694100, -0.3199999999999999000 ) ) ;
#228 =( LENGTH_UNIT ( ) NAMED_UNIT ( * ) SI_UNIT ( .MILLI., .METRE. ) );
#229 = DIRECTION ( 'NONE',  ( -0.0000000000000000000, -0.0000000000000000000, -1.000000000000000000 ) ) ;
#230 = ORIENTED_EDGE ( 'NONE', *, *, #2403, .F. ) ;
#231 = COLOUR_RGB ( '',0.3176470588235293900, 0.2470588235294117800, 0.2078431372549019400 ) ;
#232 = AXIS2_PLACEMENT_3D ( 'NONE', #2186, #2745, #2212 ) ;
#233 = ADVANCED_FACE ( 'NONE', ( #1936 ), #1541, .T. ) ;
#234 = CARTESIAN_POINT ( 'NONE',  ( -0.09576576363832342600, 0.03645276814609845600, -0.3199999999999998400 ) ) ;
#235 = COLOUR_RGB ( '',0.8980392156862745400, 0.8980392156862745400, 0.8980392156862745400 ) ;
#236 = DIRECTION ( 'NONE',  ( -0.0000000000000000000, -0.0000000000000000000, -1.000000000000000000 ) ) ;
#237 = DIRECTION ( 'NONE',  ( 0.0000000000000000000, 0.0000000000000000000, 1.000000000000000000 ) ) ;
#238 = ORIENTED_EDGE ( 'NONE', *, *, #2172, .T. ) ;
#239 = CARTESIAN_POINT ( 'NONE',  ( 0.08571598582259716500, -0.05174996673719982300, -0.3299999999999999600 ) ) ;
#240 = CARTESIAN_POINT ( 'NONE',  ( -0.08408307916284994700, 0.03117573868231523700, -0.3300000000000001300 ) ) ;
#241 = FILL_AREA_STYLE ('',( #2373 ) ) ;
#242 = CARTESIAN_POINT ( 'NONE',  ( -0.01097560975609743700, -0.03960169214073939300, -0.3199999999999999500 ) ) ;
#243 = ORIENTED_EDGE ( 'NONE', *, *, #2255, .T. ) ;
#244 = CARTESIAN_POINT ( 'NONE',  ( 0.1146120521756366100, 0.04249704035476080400, -0.3199999999999999500 ) ) ;
#245 = EDGE_CURVE ( 'NONE', #373, #2791, #1988, .T. ) ;
#246 = CARTESIAN_POINT ( 'NONE',  ( 0.1226225334986516800, -0.01012975040880183100, -0.3199999999999999500 ) ) ;
#247 = PRODUCT_DEFINITION_CONTEXT ( 'detailed design', #915, 'design' ) ;
#248 = PRESENTATION_STYLE_ASSIGNMENT (( #2731 ) ) ;
#249 = CARTESIAN_POINT ( 'NONE',  ( -0.008536585365853534300, 0.04942269810316306200, -0.3199999999999999500 ) ) ;
#250 = STYLED_ITEM ( 'NONE', ( #2122 ), #1296 ) ;
#251 = CARTESIAN_POINT ( 'NONE',  ( -0.1792873475609755300, -0.01155291165293451300, -0.3300000000000000200 ) ) ;
#252 = ORIENTED_EDGE ( 'NONE', *, *, #684, .T. ) ;
#253 = CARTESIAN_POINT ( 'NONE',  ( 0.1348835811492979700, -0.01790267989085454100, -0.3199999999999998400 ) ) ;
#254 = CARTESIAN_POINT ( 'NONE',  ( 0.1226225334986516800, -0.01012975040880183100, -0.3300000000000000200 ) ) ;
#255 = ADVANCED_FACE ( 'NONE', ( #3410 ), #2901, .T. ) ;
#256 = ORIENTED_EDGE ( 'NONE', *, *, #2436, .F. ) ;
#257 = DIRECTION ( 'NONE',  ( -0.0000000000000000000, -0.0000000000000000000, -1.000000000000000000 ) ) ;
#258 = EDGE_CURVE ( 'NONE', #2202, #1545, #158, .T. ) ;
#259 = CARTESIAN_POINT ( 'NONE',  ( -0.06007484225479024100, 0.03841778893015606500, -0.3200000000000000100 ) ) ;
#260 = FILL_AREA_STYLE ('',( #643 ) ) ;
#261 = ORIENTED_EDGE ( 'NONE', *, *, #2072, .T. ) ;
#262 = EDGE_CURVE ( 'NONE', #1054, #1031, #1585, .T. ) ;
#263 = CARTESIAN_POINT ( 'NONE',  ( 0.09166866776632817700, -0.04072309597162890300, -0.3200000000000000100 ) ) ;
#264 = AXIS2_PLACEMENT_3D ( 'NONE', #3317, #3308, #3201 ) ;
#265 = VERTEX_POINT ( 'NONE', #462 ) ;
#266 = COLOUR_RGB ( '',1.000000000000000000, 1.000000000000000000, 1.000000000000000000 ) ;
#267 = ORIENTED_EDGE ( 'NONE', *, *, #2702, .T. ) ;
#268 = CARTESIAN_POINT ( 'NONE',  ( -0.1642339939024389500, 0.03021538102999231400, -0.3300000000000000200 ) ) ;
#269 = ORIENTED_EDGE ( 'NONE', *, *, #1194, .T. ) ;
#270 = PRESENTATION_STYLE_ASSIGNMENT (( #816 ) ) ;
#271 = STYLED_ITEM ( 'NONE', ( #175 ), #3561 ) ;
#272 =( GEOMETRIC_REPRESENTATION_CONTEXT ( 3 ) GLOBAL_UNCERTAINTY_ASSIGNED_CONTEXT ( ( #1078 ) ) GLOBAL_UNIT_ASSIGNED_CONTEXT ( ( #878, #801, #1677 ) ) REPRESENTATION_CONTEXT ( 'NONE', 'WORKASPACE' ) );
#273 = CARTESIAN_POINT ( 'NONE',  ( 0.1334887178074140600, -0.02253639145010308300, -0.3200000000000000600 ) ) ;
#274 = CARTESIAN_POINT ( 'NONE',  ( 0.1089142849635951900, -0.04848837132015090100, -0.3299999999999999000 ) ) ;
#275 = LINE ( 'NONE', #1278, #3652 ) ;
#276 = LINE ( 'NONE', #2862, #379 ) ;
#277 = CARTESIAN_POINT ( 'NONE',  ( -0.1607660060975608900, 0.03021538102999231400, -0.3199999999999999500 ) ) ;
#278 = LINE ( 'NONE', #2802, #2221 ) ;
#279 = FILL_AREA_STYLE ('',( #545 ) ) ;
#280 = EDGE_CURVE ( 'NONE', #3645, #1054, #22, .T. ) ;
#281 = CARTESIAN_POINT ( 'NONE',  ( -0.1109756097560974800, 0.0006803200543825600800, -0.3300000000000000200 ) ) ;
#282 = CARTESIAN_POINT ( 'NONE',  ( -0.3949999999999999100, -0.3949999999999999600, 0.02000000000000000000 ) ) ;
#283 = ADVANCED_FACE ( 'NONE', ( #2031 ), #448, .T. ) ;
#284 = CARTESIAN_POINT ( 'NONE',  ( -0.1695121951219511500, 0.04942269810316306200, -0.3199999999999999500 ) ) ;
#285 = AXIS2_PLACEMENT_3D ( 'NONE', #2207, #2222, #2383 ) ;
#286 = CARTESIAN_POINT ( 'NONE',  ( 0.1012163064414593100, 0.04867556717120586500, -0.3300000000000001300 ) ) ;
#287 = DIRECTION ( 'NONE',  ( 1.000000000000000000, 0.0000000000000000000, 0.0000000000000000000 ) ) ;
#288 = UNCERTAINTY_MEASURE_WITH_UNIT (LENGTH_MEASURE( 1.000000000000000100E-005 ), #1737, 'distance_accuracy_value', 'NONE');
#289 = DIRECTION ( 'NONE',  ( -1.000000000000000000, 0.0000000000000000000, -0.0000000000000000000 ) ) ;
#290 = LINE ( 'NONE', #2326, #564 ) ;
#291 = CARTESIAN_POINT ( 'NONE',  ( -0.05959318755155924200, -0.05054267135922140000, -0.3300000000000000200 ) ) ;
#292 = EDGE_CURVE ( 'NONE', #1624, #2942, #3450, .T. ) ;
#293 = AXIS2_PLACEMENT_3D ( 'NONE', #3427, #3536, #114 ) ;
#294 =( NAMED_UNIT ( * ) PLANE_ANGLE_UNIT ( ) SI_UNIT ( $, .RADIAN. ) );
#295 = FACE_OUTER_BOUND ( 'NONE', #2063, .T. ) ;
#296 = DIRECTION ( 'NONE',  ( -0.3635424856527065300, -0.9315776194850601300, 0.0000000000000000000 ) ) ;
#297 =( GEOMETRIC_REPRESENTATION_CONTEXT ( 3 ) GLOBAL_UNCERTAINTY_ASSIGNED_CONTEXT ( ( #1182 ) ) GLOBAL_UNIT_ASSIGNED_CONTEXT ( ( #3283, #2948, #2887 ) ) REPRESENTATION_CONTEXT ( 'NONE', 'WORKASPACE' ) );
#298 = CARTESIAN_POINT ( 'NONE',  ( -0.1560975609756096700, 0.04942269810316306200, -0.3199999999999999500 ) ) ;
#299 = VECTOR ( 'NONE', #2596, 1000.000000000000000 ) ;
#300 = CARTESIAN_POINT ( 'NONE',  ( 0.1316988156574530900, -0.02690091391883349400, -0.3199999999999999000 ) ) ;
#301 = DIRECTION ( 'NONE',  ( -0.0000000000000000000, -0.0000000000000000000, -1.000000000000000000 ) ) ;
#302 = EDGE_LOOP ( 'NONE', ( #2485, #793, #1, #3546 ) ) ;
#303 = CARTESIAN_POINT ( 'NONE',  ( 0.07046622837773863800, 0.03720591298191189300, -0.3200000000000000600 ) ) ;
#304 = ORIENTED_EDGE ( 'NONE', *, *, #343, .T. ) ;
#305 = ORIENTED_EDGE ( 'NONE', *, *, #112, .F. ) ;
#306 = B_SPLINE_CURVE_WITH_KNOTS ( 'NONE', 3,
 ( #1294, #3608, #456, #1306, #1561, #1552, #1588, #1696, #1724, #1838, #1443 ),
 .UNSPECIFIED., .F., .F.,
 ( 4, 1, 1, 1, 1, 1, 1, 1, 4 ),
 ( 0.0000000000000000000, 0.1252796967356259700, 0.2494199707420513000, 0.3733567994928193600, 0.4966812787822861300, 0.6202029157439825600, 0.7450863201614560400, 0.8712691950190978300, 1.000000000000000000 ),
 .UNSPECIFIED. ) ;
#307 = ORIENTED_EDGE ( 'NONE', *, *, #1616, .F. ) ;
#308 = CARTESIAN_POINT ( 'NONE',  ( 0.1348835811492979700, -0.01790267989085454100, -0.3299999999999999000 ) ) ;
#309 = UNCERTAINTY_MEASURE_WITH_UNIT (LENGTH_MEASURE( 1.000000000000000100E-005 ), #2769, 'distance_accuracy_value', 'NONE');
#310 = VERTEX_POINT ( 'NONE', #2902 ) ;
#311 =( GEOMETRIC_REPRESENTATION_CONTEXT ( 3 ) GLOBAL_UNCERTAINTY_ASSIGNED_CONTEXT ( ( #991 ) ) GLOBAL_UNIT_ASSIGNED_CONTEXT ( ( #845, #1055, #1072 ) ) REPRESENTATION_CONTEXT ( 'NONE', 'WORKASPACE' ) );
#312 = EDGE_CURVE ( 'NONE', #730, #2434, #3112, .T. ) ;
#313 = EDGE_LOOP ( 'NONE', ( #3233, #3200, #617, #1057 ) ) ;
#314 =( NAMED_UNIT ( * ) PLANE_ANGLE_UNIT ( ) SI_UNIT ( $, .RADIAN. ) );
#315 = CARTESIAN_POINT ( 'NONE',  ( -0.1634510659028987300, 0.03309702159137914400, -0.3200000000000001200 ) ) ;
#316 = EDGE_LOOP ( 'NONE', ( #2437, #789, #963, #587 ) ) ;
#317 = SURFACE_SIDE_STYLE ('',( #2319 ) ) ;
#318 = SURFACE_STYLE_FILL_AREA ( #613 ) ;
#319 = FACE_OUTER_BOUND ( 'NONE', #3289, .T. ) ;
#320 = MECHANICAL_DESIGN_GEOMETRIC_PRESENTATION_REPRESENTATION (  '', ( #1043 ), #60 ) ;
#321 = CARTESIAN_POINT ( 'NONE',  ( -0.09612785924042750700, -0.03664399458526029100, -0.3200000000000000600 ) ) ;
#322 = CARTESIAN_POINT ( 'NONE',  ( -0.09756097560975600400, 0.0003944968836508525100, -0.3300000000000000200 ) ) ;
#323 = ORIENTED_EDGE ( 'NONE', *, *, #2962, .T. ) ;
#324 = AXIS2_PLACEMENT_3D ( 'NONE', #1742, #2420, #2588 ) ;
#325 = STYLED_ITEM ( 'NONE', ( #1143 ), #1022 ) ;
#326 = ORIENTED_EDGE ( 'NONE', *, *, #2895, .T. ) ;
#327 = CARTESIAN_POINT ( 'NONE',  ( 0.1294929607997457300, -0.03098738768156780400, -0.3200000000000000100 ) ) ;
#328 = CARTESIAN_POINT ( 'NONE',  ( 0.1348835811492979700, -0.01790267989085454100, -0.3299999999999997900 ) ) ;
#329 = FILL_AREA_STYLE_COLOUR ( '', #3525 ) ;
#330 = DIRECTION ( 'NONE',  ( 1.224646799147353200E-016, 1.000000000000000000, 0.0000000000000000000 ) ) ;
#331 =( LENGTH_UNIT ( ) NAMED_UNIT ( * ) SI_UNIT ( .MILLI., .METRE. ) );
#332 = CARTESIAN_POINT ( 'NONE',  ( -0.1424733231707316400, -0.02252852140903207500, -0.3199999999999999500 ) ) ;
#333 = EDGE_CURVE ( 'NONE', #2465, #361, #2976, .T. ) ;
#334 = CARTESIAN_POINT ( 'NONE',  ( 0.1040294406025096400, 0.03536627794682258700, -0.3299999999999998500 ) ) ;
#335 = CARTESIAN_POINT ( 'NONE',  ( 0.07579069178461116100, 0.05012519404986100900, -0.3200000000000000600 ) ) ;
#336 = PLANE ( 'NONE',  #1686 ) ;
#337 = CARTESIAN_POINT ( 'NONE',  ( 0.08971036585365872700, -0.05179681409195891600, -0.3300000000000000200 ) ) ;
#338 = LINE ( 'NONE', #3677, #389 ) ;
#339 = UNCERTAINTY_MEASURE_WITH_UNIT (LENGTH_MEASURE( 1.000000000000000100E-005 ), #2676, 'distance_accuracy_value', 'NONE');
#340 = EDGE_LOOP ( 'NONE', ( #2748, #888, #2042, #1733 ) ) ;
#341 = CARTESIAN_POINT ( 'NONE',  ( -0.008536585365853534300, 0.04942269810316306200, -0.3300000000000000200 ) ) ;
#342 = CARTESIAN_POINT ( 'NONE',  ( 0.1268855527674399000, -0.03479805616332379300, -0.3199999999999999000 ) ) ;
#343 = EDGE_CURVE ( 'NONE', #3548, #2052, #3405, .T. ) ;
#344 = CARTESIAN_POINT ( 'NONE',  ( -0.04390243902439015100, -0.03960169214073939300, -0.3300000000000000200 ) ) ;
#345 =( NAMED_UNIT ( * ) PLANE_ANGLE_UNIT ( ) SI_UNIT ( $, .RADIAN. ) );
#346 = CARTESIAN_POINT ( 'NONE',  ( -0.1458460365853657700, -0.01155291165293451300, -0.3199999999999999500 ) ) ;
#347 = COLOUR_RGB ( '',1.000000000000000000, 1.000000000000000000, 1.000000000000000000 ) ;
#348 = CARTESIAN_POINT ( 'NONE',  ( 0.1364929485618416000, -0.007822061059045556600, -0.3200000000000000100 ) ) ;
#349 = DIRECTION ( 'NONE',  ( -0.0000000000000000000, -0.0000000000000000000, -1.000000000000000000 ) ) ;
#350 = CARTESIAN_POINT ( 'NONE',  ( 0.0000000000000000000, 0.0000000000000000000, -0.3199999999999999500 ) ) ;
#351 = CARTESIAN_POINT ( 'NONE',  ( -0.1560975609756096700, 0.04942269810316306200, -0.3300000000000000200 ) ) ;
#352 = CARTESIAN_POINT ( 'NONE',  ( -0.09696887895307913800, 0.009221974054856703400, -0.3200000000000001200 ) ) ;
#353 = ORIENTED_EDGE ( 'NONE', *, *, #333, .T. ) ;
#354 = CARTESIAN_POINT ( 'NONE',  ( 0.04268292682926842800, -0.05057730189683695700, -0.3199999999999999500 ) ) ;
#355 = ORIENTED_EDGE ( 'NONE', *, *, #2955, .F. ) ;
#356 = CARTESIAN_POINT ( 'NONE',  ( 0.1169761209376150600, -0.04426727051074477000, -0.3200000000000000600 ) ) ;
#357 = CARTESIAN_POINT ( 'NONE',  ( -0.05767911585365843900, -0.05057730189683695700, -0.3300000000000000200 ) ) ;
#358 = ORIENTED_EDGE ( 'NONE', *, *, #3390, .T. ) ;
#359 = VECTOR ( 'NONE', #1990, 1000.000000000000000 ) ;
#360 = ORIENTED_EDGE ( 'NONE', *, *, #1451, .T. ) ;
#361 = VERTEX_POINT ( 'NONE', #2041 ) ;
#362 = CARTESIAN_POINT ( 'NONE',  ( 0.1230886921609819600, -0.005961982616519592500, -0.3300000000000000200 ) ) ;
#363 = STYLED_ITEM ( 'NONE', ( #2168 ), #1780 ) ;
#364 = UNCERTAINTY_MEASURE_WITH_UNIT (LENGTH_MEASURE( 1.000000000000000100E-005 ), #2891, 'distance_accuracy_value', 'NONE');
#365 = FILL_AREA_STYLE_COLOUR ( '', #54 ) ;
#366 = CARTESIAN_POINT ( 'NONE',  ( 0.1358590348318221600, -0.01299560824760091900, -0.3300000000000001300 ) ) ;
#367 = EDGE_LOOP ( 'NONE', ( #204, #212, #2190, #1997 ) ) ;
#368 = COLOUR_RGB ( '',0.2509803921568627400, 0.2509803921568627400, 0.2509803921568627400 ) ;
#369 = EDGE_LOOP ( 'NONE', ( #3506, #115, #3212, #1785 ) ) ;
#370 = EDGE_CURVE ( 'NONE', #1020, #2584, #3630, .T. ) ;
#371 = CARTESIAN_POINT ( 'NONE',  ( -0.1620297249338213100, 0.03517029117450445200, -0.3199999999999998400 ) ) ;
#372 = FACE_OUTER_BOUND ( 'NONE', #3372, .T. ) ;
#373 = VERTEX_POINT ( 'NONE', #3078 ) ;
#374 = CARTESIAN_POINT ( 'NONE',  ( -0.05870807926829258600, 0.04942269810316306200, -0.3300000000000000200 ) ) ;
#375 = VECTOR ( 'NONE', #3369, 1000.000000000000000 ) ;
#376 = LINE ( 'NONE', #2201, #3300 ) ;
#377 = SURFACE_SIDE_STYLE ('',( #1749 ) ) ;
#378 = COLOUR_RGB ( '',0.8980392156862745400, 0.8980392156862745400, 0.8980392156862745400 ) ;
#379 = VECTOR ( 'NONE', #2904, 1000.000000000000000 ) ;
#380 =( NAMED_UNIT ( * ) SI_UNIT ( $, .STERADIAN. ) SOLID_ANGLE_UNIT ( ) );
#381 = CARTESIAN_POINT ( 'NONE',  ( -0.05767911585365843900, -0.05057730189683695700, -0.3299999999999999600 ) ) ;
#382 = CARTESIAN_POINT ( 'NONE',  ( 0.1364929485618416000, -0.007822061059045556600, -0.3300000000000000700 ) ) ;
#383 = VECTOR ( 'NONE', #2712, 1000.000000000000000 ) ;
#384 = CARTESIAN_POINT ( 'NONE',  ( 0.1239067176039447500, -0.03832106686943162500, -0.3200000000000000100 ) ) ;
#385 = VECTOR ( 'NONE', #1998, 1000.000000000000000 ) ;
#386 = CARTESIAN_POINT ( 'NONE',  ( -0.09355317127361911800, -0.01999602573478467100, -0.3200000000000000100 ) ) ;
#387 = CARTESIAN_POINT ( 'NONE',  ( 0.06219512195121969200, -0.03441876531147110300, -0.3199999999999999500 ) ) ;
#388 = DIRECTION ( 'NONE',  ( -0.9407669869669990100, 0.3390537954853689000, 0.0000000000000000000 ) ) ;
#389 = VECTOR ( 'NONE', #3362, 1000.000000000000000 ) ;
#390 = STYLED_ITEM ( 'NONE', ( #2263 ), #1493 ) ;
#391 = PRESENTATION_STYLE_ASSIGNMENT (( #2345 ) ) ;
#392 = EDGE_LOOP ( 'NONE', ( #1787, #1195, #238, #267 ) ) ;
#393 = AXIS2_PLACEMENT_3D ( 'NONE', #2060, #388, #2360 ) ;
#394 = CARTESIAN_POINT ( 'NONE',  ( 0.1334887178074140600, -0.02253639145010308300, -0.3200000000000000600 ) ) ;
#395 = DIRECTION ( 'NONE',  ( 1.000000000000000000, 0.0000000000000000000, -0.0000000000000000000 ) ) ;
#396 = CARTESIAN_POINT ( 'NONE',  ( 0.1999999999999999600, -0.2000000000000000100, -0.3999999999999999700 ) ) ;
#397 =( LENGTH_UNIT ( ) NAMED_UNIT ( * ) SI_UNIT ( .MILLI., .METRE. ) );
#398 = ORIENTED_EDGE ( 'NONE', *, *, #2994, .F. ) ;
#399 = CARTESIAN_POINT ( 'NONE',  ( 0.1365541110044783400, -0.004275881393351774400, -0.3300000000000000200 ) ) ;
#400 = SURFACE_STYLE_USAGE ( .BOTH. , #1330 ) ;
#401 = ORIENTED_EDGE ( 'NONE', *, *, #3202, .T. ) ;
#402 = PRESENTATION_STYLE_ASSIGNMENT (( #3227 ) ) ;
#403 = ORIENTED_EDGE ( 'NONE', *, *, #413, .T. ) ;
#404 = ORIENTED_EDGE ( 'NONE', *, *, #3455, .T. ) ;
#405 = CARTESIAN_POINT ( 'NONE',  ( 0.1007191975558297100, 0.03695168098134211200, -0.3300000000000001300 ) ) ;
#406 = MECHANICAL_DESIGN_GEOMETRIC_PRESENTATION_REPRESENTATION (  '', ( #675 ), #311 ) ;
#407 = DIRECTION ( 'NONE',  ( -0.0000000000000000000, -0.0000000000000000000, -1.000000000000000000 ) ) ;
#408 =( NAMED_UNIT ( * ) PLANE_ANGLE_UNIT ( ) SI_UNIT ( $, .RADIAN. ) );
#409 = DIRECTION ( 'NONE',  ( 0.0000000000000000000, 0.0000000000000000000, -1.000000000000000000 ) ) ;
#410 = PRESENTATION_STYLE_ASSIGNMENT (( #1415 ) ) ;
#411 = CARTESIAN_POINT ( 'NONE',  ( -0.1628292183807270600, 0.03645883875484417400, -0.3300000000000000200 ) ) ;
#412 = ORIENTED_EDGE ( 'NONE', *, *, #1248, .F. ) ;
#413 = EDGE_CURVE ( 'NONE', #1983, #1020, #2399, .T. ) ;
#414 = PRESENTATION_LAYER_ASSIGNMENT (  '', '', ( #2554 ) ) ;
#415 = VECTOR ( 'NONE', #1438, 1000.000000000000000 ) ;
#416 = CARTESIAN_POINT ( 'NONE',  ( -0.08386729706456341700, 0.04434484420409868400, -0.3300000000000000700 ) ) ;
#417 = CARTESIAN_POINT ( 'NONE',  ( -0.006097560975609626200, -0.005455350677324758200, -0.3199999999999999500 ) ) ;
#418 = ORIENTED_EDGE ( 'NONE', *, *, #1194, .F. ) ;
#419 = DIRECTION ( 'NONE',  ( 1.224646799147353200E-016, 1.000000000000000000, 0.0000000000000000000 ) ) ;
#420 = CARTESIAN_POINT ( 'NONE',  ( 0.1365853658536587100, -0.002463734823666223300, -0.3300000000000000200 ) ) ;
#421 = CARTESIAN_POINT ( 'NONE',  ( -0.05865091463414624800, 0.03844708834706549900, -0.3199999999999999500 ) ) ;
#422 = LINE ( 'NONE', #2878, #467 ) ;
#423 = CARTESIAN_POINT ( 'NONE',  ( 0.06789218193308384200, -0.03725279292767511700, -0.3299999999999999000 ) ) ;
#424 = CARTESIAN_POINT ( 'NONE',  ( -0.3949999999999999100, -0.3949999999999999600, 0.0000000000000000000 ) ) ;
#425 = DIRECTION ( 'NONE',  ( -1.000000000000000000, 2.085004177856739300E-016, 0.0000000000000000000 ) ) ;
#426 = CARTESIAN_POINT ( 'NONE',  ( -0.1424733231707316400, -0.02252852140903207500, -0.3300000000000000200 ) ) ;
#427 = DIRECTION ( 'NONE',  ( 1.000000000000000000, 0.0000000000000000000, -0.0000000000000000000 ) ) ;
#428 = EDGE_CURVE ( 'NONE', #1414, #2584, #2576, .T. ) ;
#429 = FACE_OUTER_BOUND ( 'NONE', #2531, .T. ) ;
#430 = CLOSED_SHELL ( 'NONE', ( #1022, #255, #881 ) ) ;
#431 = CARTESIAN_POINT ( 'NONE',  ( 0.09627109506336098400, 0.04981295731997243500, -0.3299999999999999600 ) ) ;
#432 = ORIENTED_EDGE ( 'NONE', *, *, #2055, .F. ) ;
#433 = CARTESIAN_POINT ( 'NONE',  ( 0.3950000000000001300, -0.3949999999999999600, -0.3300000000000000200 ) ) ;
#434 = ORIENTED_EDGE ( 'NONE', *, *, #3226, .F. ) ;
#435 = CARTESIAN_POINT ( 'NONE',  ( 0.06496072608759538600, -0.03597648408901706100, -0.3200000000000000600 ) ) ;
#436 = COLOUR_RGB ( '',0.6745098039215686700, 0.6745098039215686700, 0.6745098039215686700 ) ;
#437 = CARTESIAN_POINT ( 'NONE',  ( -0.09698564991366889800, -0.008488784467900391300, -0.3300000000000001800 ) ) ;
#438 = CARTESIAN_POINT ( 'NONE',  ( -0.1792873475609755300, -0.01155291165293451300, -0.3199999999999999500 ) ) ;
#439 = CARTESIAN_POINT ( 'NONE',  ( -0.07406154072600350200, -0.04871545885996046700, -0.3200000000000000600 ) ) ;
#440 = AXIS2_PLACEMENT_3D ( 'NONE', #3241, #2166, #1252 ) ;
#441 = ORIENTED_EDGE ( 'NONE', *, *, #2055, .T. ) ;
#442 = EDGE_LOOP ( 'NONE', ( #2393, #2610, #3377, #2394 ) ) ;
#443 = FACE_OUTER_BOUND ( 'NONE', #161, .T. ) ;
#444 = EDGE_CURVE ( 'NONE', #1577, #1360, #3417, .T. ) ;
#445 = CARTESIAN_POINT ( 'NONE',  ( 0.06311435496410335000, -0.03493652072927486800, -0.3300000000000000700 ) ) ;
#446 = ORIENTED_EDGE ( 'NONE', *, *, #1271, .F. ) ;
#447 = VECTOR ( 'NONE', #1674, 1000.000000000000000 ) ;
#448 = PLANE ( 'NONE',  #3469 ) ;
#449 = AXIS2_PLACEMENT_3D ( 'NONE', #2322, #2280, #2289 ) ;
#450 = CARTESIAN_POINT ( 'NONE',  ( 0.06219512195121969200, 0.03326416151779718700, -0.3300000000000000200 ) ) ;
#451 = DIRECTION ( 'NONE',  ( 1.000000000000000000, 0.0000000000000000000, 0.0000000000000000000 ) ) ;
#452 = SPHERICAL_SURFACE ( 'NONE', #2178, 0.1300000000000000000 ) ;
#453 = CARTESIAN_POINT ( 'NONE',  ( 0.08456521027908146800, 0.05063387585472414700, -0.3199999999999999000 ) ) ;
#454 = CARTESIAN_POINT ( 'NONE',  ( -0.2949999999999999800, 0.2450000000000001100, 0.01000000000000000000 ) ) ;
#455 = DIRECTION ( 'NONE',  ( -1.000000000000000000, 0.0000000000000000000, 0.0000000000000000000 ) ) ;
#456 = CARTESIAN_POINT ( 'NONE',  ( 0.06485116090126333300, 0.03480752022189331800, -0.3199999999999999500 ) ) ;
#457 = VECTOR ( 'NONE', #1390, 1000.000000000000000 ) ;
#458 = EDGE_CURVE ( 'NONE', #794, #755, #2657, .T. ) ;
#459 = CARTESIAN_POINT ( 'NONE',  ( 0.1451219512195123000, -0.05057730189683695700, -0.3300000000000000200 ) ) ;
#460 = CARTESIAN_POINT ( 'NONE',  ( 0.06219512195121969200, -0.03441876531147110300, -0.3300000000000000700 ) ) ;
#461 = VERTEX_POINT ( 'NONE', #3161 ) ;
#462 = CARTESIAN_POINT ( 'NONE',  ( -0.006097560975609626200, -0.005455350677324758200, -0.3300000000000000200 ) ) ;
#463 = CARTESIAN_POINT ( 'NONE',  ( 0.06461398537291356000, 0.04766066565600694100, -0.3299999999999999600 ) ) ;
#464 = CARTESIAN_POINT ( 'NONE',  ( -0.06883040495272435600, -0.04977695670556804600, -0.3299999999999997900 ) ) ;
#465 = DIRECTION ( 'NONE',  ( 1.000000000000000000, 0.0000000000000000000, 0.0000000000000000000 ) ) ;
#466 = UNCERTAINTY_MEASURE_WITH_UNIT (LENGTH_MEASURE( 1.000000000000000100E-005 ), #228, 'distance_accuracy_value', 'NONE');
#467 = VECTOR ( 'NONE', #3120, 1000.000000000000000 ) ;
#468 = ADVANCED_FACE ( 'NONE', ( #799 ), #2959, .F. ) ;
#469 = CARTESIAN_POINT ( 'NONE',  ( -0.07464006661400152100, -0.03705569260259079100, -0.3200000000000000100 ) ) ;
#470 = SURFACE_STYLE_FILL_AREA ( #2533 ) ;
#471 = CARTESIAN_POINT ( 'NONE',  ( -0.09745940671924129000, -0.004132640604956655000, -0.3199999999999999000 ) ) ;
#472 = ORIENTED_EDGE ( 'NONE', *, *, #1885, .F. ) ;
#473 = CARTESIAN_POINT ( 'NONE',  ( 0.06219512195121970600, 0.04667879566413866300, -0.3200000000000000100 ) ) ;
#474 = PRESENTATION_STYLE_ASSIGNMENT (( #3347 ) ) ;
#475 = CARTESIAN_POINT ( 'NONE',  ( -0.1623666158536584700, 0.03722757615194353900, -0.3199999999999999500 ) ) ;
#476 = DIRECTION ( 'NONE',  ( -1.000000000000000000, 0.0000000000000000000, 0.0000000000000000000 ) ) ;
#477 = CARTESIAN_POINT ( 'NONE',  ( 0.1963414634146342400, -0.05057730189683695700, -0.3199999999999999500 ) ) ;
#478 = EDGE_CURVE ( 'NONE', #1594, #2652, #1851, .T. ) ;
#479 = ORIENTED_EDGE ( 'NONE', *, *, #428, .F. ) ;
#480 = MECHANICAL_DESIGN_GEOMETRIC_PRESENTATION_REPRESENTATION (  '', ( #2554 ), #2110 ) ;
#481 = EDGE_LOOP ( 'NONE', ( #1861, #192, #937, #1312 ) ) ;
#482 = CARTESIAN_POINT ( 'NONE',  ( -0.006097560975609626200, -0.005455350677324758200, -0.3199999999999999500 ) ) ;
#483 = SURFACE_STYLE_FILL_AREA ( #2910 ) ;
#484 = ORIENTED_EDGE ( 'NONE', *, *, #1346, .T. ) ;
#485 = CARTESIAN_POINT ( 'NONE',  ( 0.08753401403843498500, 0.05060018779693967900, -0.3300000000000000200 ) ) ;
#486 = EDGE_LOOP ( 'NONE', ( #1902, #3313, #2934 ) ) ;
#487 = VERTEX_POINT ( 'NONE', #674 ) ;
#488 = ADVANCED_FACE ( 'NONE', ( #889 ), #744, .F. ) ;
#489 = ORIENTED_EDGE ( 'NONE', *, *, #3001, .F. ) ;
#490 =( NAMED_UNIT ( * ) SI_UNIT ( $, .STERADIAN. ) SOLID_ANGLE_UNIT ( ) );
#491 = CARTESIAN_POINT ( 'NONE',  ( -0.3949999999999999100, 0.3950000000000000700, -0.3300000000000000200 ) ) ;
#492 = ADVANCED_BREP_SHAPE_REPRESENTATION ( 'WCSPD-4_L0.8-W0.8-R2-C2-P0.40-TL', ( #1296, #665, #1493, #2136, #1780, #1107, #3270 ), #2349 ) ;
#493 = LINE ( 'NONE', #1965, #2439 ) ;
#494 = CARTESIAN_POINT ( 'NONE',  ( -0.06691949388874667000, 0.03791518778647335500, -0.3300000000000000700 ) ) ;
#495 = CIRCLE ( 'NONE', #933, 0.1300000000000000300 ) ;
#496 = CARTESIAN_POINT ( 'NONE',  ( -0.006097560975609626200, 0.005520259078772807300, -0.3300000000000000200 ) ) ;
#497 = CARTESIAN_POINT ( 'NONE',  ( 0.09107716525092456100, 0.05051775015910289800, -0.3300000000000000700 ) ) ;
#498 = CARTESIAN_POINT ( 'NONE',  ( -0.1626905487804877800, 0.03722757615194354600, -0.3200000000000000100 ) ) ;
#499 = AXIS2_PLACEMENT_3D ( 'NONE', #350, #603, #615 ) ;
#500 = LINE ( 'NONE', #2522, #555 ) ;
#501 =( NAMED_UNIT ( * ) PLANE_ANGLE_UNIT ( ) SI_UNIT ( $, .RADIAN. ) );
#502 = PLANE ( 'NONE',  #499 ) ;
#503 = ADVANCED_FACE ( 'NONE', ( #1684 ), #2284, .T. ) ;
#504 = DIRECTION ( 'NONE',  ( 1.000000000000000000, 0.0000000000000000000, 0.0000000000000000000 ) ) ;
#505 = CARTESIAN_POINT ( 'NONE',  ( 0.1829268292682927600, -0.03960169214073939300, -0.3199999999999999500 ) ) ;
#506 = CARTESIAN_POINT ( 'NONE',  ( 0.1205682198047724900, -0.04146981597271202200, -0.3199999999999998400 ) ) ;
#507 = LINE ( 'NONE', #3483, #877 ) ;
#508 = DIRECTION ( 'NONE',  ( 1.000000000000000000, 0.0000000000000000000, -0.0000000000000000000 ) ) ;
#509 = DIRECTION ( 'NONE',  ( 0.0000000000000000000, -1.000000000000000000, 0.0000000000000000000 ) ) ;
#510 = DIRECTION ( 'NONE',  ( -1.000000000000000000, 0.0000000000000000000, 0.0000000000000000000 ) ) ;
#511 = LINE ( 'NONE', #3291, #567 ) ;
#512 = DIRECTION ( 'NONE',  ( 0.3390537954853688500, 0.9407669869669990100, 0.0000000000000000000 ) ) ;
#513 = CARTESIAN_POINT ( 'NONE',  ( -0.09226794408361115000, -0.03989655100012044100, -0.3199999999999998400 ) ) ;
#514 = ORIENTED_EDGE ( 'NONE', *, *, #1820, .F. ) ;
#515 = LINE ( 'NONE', #2181, #662 ) ;
#516 = CARTESIAN_POINT ( 'NONE',  ( 0.07551392631012710000, -0.05040954744732845800, -0.3199999999999999500 ) ) ;
#517 = CARTESIAN_POINT ( 'NONE',  ( -0.07446947095664829800, 0.04763319653157613300, -0.3199999999999999500 ) ) ;
#518 = EDGE_LOOP ( 'NONE', ( #2316, #3535, #704, #2544 ) ) ;
#519 = CARTESIAN_POINT ( 'NONE',  ( 0.1134706780220307900, -0.03027818149237586700, -0.3200000000000000600 ) ) ;
#520 = CARTESIAN_POINT ( 'NONE',  ( 0.1103896141848207800, 0.04501711524372583500, -0.3300000000000001300 ) ) ;
#521 = CARTESIAN_POINT ( 'NONE',  ( 0.1130828880894827300, -0.04660066355019650000, -0.3199999999999999000 ) ) ;
#522 = ADVANCED_FACE ( 'NONE', ( #295 ), #3513, .T. ) ;
#523 = ORIENTED_EDGE ( 'NONE', *, *, #262, .F. ) ;
#524 = CARTESIAN_POINT ( 'NONE',  ( -0.1792873475609755300, -0.01155291165293451300, -0.3199999999999999500 ) ) ;
#525 = EDGE_CURVE ( 'NONE', #1414, #2202, #1836, .T. ) ;
#526 = ORIENTED_EDGE ( 'NONE', *, *, #1197, .F. ) ;
#527 = CARTESIAN_POINT ( 'NONE',  ( -0.09613828044846753400, 0.01325067156843889900, -0.3199999999999999500 ) ) ;
#528 = MECHANICAL_DESIGN_GEOMETRIC_PRESENTATION_REPRESENTATION (  '', ( #2604 ), #2203 ) ;
#529 = ORIENTED_EDGE ( 'NONE', *, *, #75, .T. ) ;
#530 = CARTESIAN_POINT ( 'NONE',  ( -0.06285345980521173100, 0.03836061476423540500, -0.3300000000000000200 ) ) ;
#531 = CARTESIAN_POINT ( 'NONE',  ( 0.1146120521756366100, 0.04249704035476080400, -0.3300000000000000200 ) ) ;
#532 = ORIENTED_EDGE ( 'NONE', *, *, #3235, .F. ) ;
#533 = DIRECTION ( 'NONE',  ( 7.850487919987831200E-014, 1.422294745815994500E-013, -1.000000000000000000 ) ) ;
#534 = CARTESIAN_POINT ( 'NONE',  ( -0.05865091463414624800, 0.03844708834706549900, -0.3300000000000000200 ) ) ;
#535 = DIRECTION ( 'NONE',  ( 1.224646799147353200E-016, 1.000000000000000000, 0.0000000000000000000 ) ) ;
#536 = VERTEX_POINT ( 'NONE', #2084 ) ;
#537 = AXIS2_PLACEMENT_3D ( 'NONE', #234, #576, #2 ) ;
#538 = VECTOR ( 'NONE', #1446, 1000.000000000000000 ) ;
#539 = CARTESIAN_POINT ( 'NONE',  ( 0.1089142849635951900, -0.04848837132015090100, -0.3199999999999999500 ) ) ;
#540 = CARTESIAN_POINT ( 'NONE',  ( -0.1109756097560974800, 0.0006803200543825600800, -0.3199999999999999500 ) ) ;
#541 = CARTESIAN_POINT ( 'NONE',  ( -0.08108337971765393300, 0.03313391569746030500, -0.3299999999999999600 ) ) ;
#542 =( LENGTH_UNIT ( ) NAMED_UNIT ( * ) SI_UNIT ( .MILLI., .METRE. ) );
#543 = ORIENTED_EDGE ( 'NONE', *, *, #2140, .T. ) ;
#544 = VECTOR ( 'NONE', #1336, 1000.000000000000000 ) ;
#545 = FILL_AREA_STYLE_COLOUR ( '', #2447 ) ;
#546 = LINE ( 'NONE', #1402, #591 ) ;
#547 = CARTESIAN_POINT ( 'NONE',  ( -0.07077263129867179800, 0.03718342769276453800, -0.3299999999999999600 ) ) ;
#548 = CARTESIAN_POINT ( 'NONE',  ( 0.1346673798692252000, 0.01413654682740502300, -0.3199999999999999000 ) ) ;
#549 = B_SPLINE_CURVE_WITH_KNOTS ( 'NONE', 3,
 ( #671, #927, #900, #619, #605, #539, #521, #356, #506, #384, #342, #327, #300, #273, #253, #214, #74, #67, #37 ),
 .UNSPECIFIED., .F., .F.,
 ( 4, 1, 1, 1, 1, 1, 1, 1, 1, 1, 1, 1, 1, 1, 1, 1, 4 ),
 ( 0.0000000000000000000, 0.06783324845577358400, 0.1326555365079041300, 0.1950508840508278500, 0.2555829330687771600, 0.3147998341472899600, 0.3736004728263745400, 0.4325455953267435300, 0.4924306292835653500, 0.5526712559629694000, 0.6125130441881163600, 0.6726102503570063900, 0.7338383693139459700, 0.7965942385677738900, 0.8614497992905733000, 0.9291989423509055000, 1.000000000000000000 ),
 .UNSPECIFIED. ) ;
#550 = ADVANCED_FACE ( 'NONE', ( #780 ), #1163, .T. ) ;
#551 = LINE ( 'NONE', #2350, #415 ) ;
#552 = PRESENTATION_LAYER_ASSIGNMENT (  '', '', ( #390 ) ) ;
#553 = PLANE ( 'NONE',  #537 ) ;
#554 = SURFACE_STYLE_USAGE ( .BOTH. , #3416 ) ;
#555 = VECTOR ( 'NONE', #2288, 1000.000000000000000 ) ;
#556 = CARTESIAN_POINT ( 'NONE',  ( 0.09721071442396754500, 0.03818005270923151300, -0.3200000000000000100 ) ) ;
#557 = CARTESIAN_POINT ( 'NONE',  ( -0.3949999999999999100, -0.3949999999999999600, 0.02000000000000000000 ) ) ;
#558 = EDGE_CURVE ( 'NONE', #716, #3121, #702, .T. ) ;
#559 = CARTESIAN_POINT ( 'NONE',  ( -0.05865091463414624800, 0.03844708834706549900, -0.3199999999999999500 ) ) ;
#560 = DIRECTION ( 'NONE',  ( -1.000000000000000000, 0.0000000000000000000, -0.0000000000000000000 ) ) ;
#561 = ORIENTED_EDGE ( 'NONE', *, *, #2912, .T. ) ;
#562 = EDGE_LOOP ( 'NONE', ( #1930, #1589, #885, #2521 ) ) ;
#563 = CARTESIAN_POINT ( 'NONE',  ( 0.1357790657095708500, 0.008857147281885512400, -0.3300000000000000700 ) ) ;
#564 = VECTOR ( 'NONE', #3668, 1000.000000000000000 ) ;
#565 = SURFACE_STYLE_USAGE ( .BOTH. , #1397 ) ;
#566 = ADVANCED_FACE ( 'NONE', ( #618 ), #2684, .T. ) ;
#567 = VECTOR ( 'NONE', #3156, 1000.000000000000000 ) ;
#568 = PLANE ( 'NONE',  #3653 ) ;
#569 = DIRECTION ( 'NONE',  ( -0.0000000000000000000, -0.0000000000000000000, -1.000000000000000000 ) ) ;
#570 = VECTOR ( 'NONE', #1041, 1000.000000000000000 ) ;
#571 = DIRECTION ( 'NONE',  ( -1.000000000000000000, 0.0000000000000000000, -0.0000000000000000000 ) ) ;
#572 = FILL_AREA_STYLE ('',( #973 ) ) ;
#573 = CARTESIAN_POINT ( 'NONE',  ( -0.06007484225479024100, 0.03841778893015606500, -0.3300000000000000700 ) ) ;
#574 = ORIENTED_EDGE ( 'NONE', *, *, #1394, .F. ) ;
#575 = DIRECTION ( 'NONE',  ( 0.0000000000000000000, 1.000000000000000000, 1.422294745815994500E-013 ) ) ;
#576 = DIRECTION ( 'NONE',  ( -4.629022185651227400E-014, 7.529734720348609900E-013, -1.000000000000000000 ) ) ;
#577 = ORIENTED_EDGE ( 'NONE', *, *, #2627, .T. ) ;
#578 =( LENGTH_UNIT ( ) NAMED_UNIT ( * ) SI_UNIT ( .MILLI., .METRE. ) );
#579 = ORIENTED_EDGE ( 'NONE', *, *, #1320, .T. ) ;
#580 = CARTESIAN_POINT ( 'NONE',  ( -0.05767911585365843900, -0.05057730189683695700, -0.3199999999999999500 ) ) ;
#581 = CARTESIAN_POINT ( 'NONE',  ( -0.05960508004788892700, -0.03956912124906047900, -0.3200000000000000100 ) ) ;
#582 = ORIENTED_EDGE ( 'NONE', *, *, #3430, .T. ) ;
#583 = EDGE_CURVE ( 'NONE', #3206, #3127, #3374, .T. ) ;
#584 = CARTESIAN_POINT ( 'NONE',  ( -0.03048780487804868600, 0.04942269810316306200, -0.3199999999999999500 ) ) ;
#585 = ORIENTED_EDGE ( 'NONE', *, *, #1235, .T. ) ;
#586 = DIRECTION ( 'NONE',  ( -0.0000000000000000000, -0.0000000000000000000, -1.000000000000000000 ) ) ;
#587 = ORIENTED_EDGE ( 'NONE', *, *, #1919, .T. ) ;
#588 = CARTESIAN_POINT ( 'NONE',  ( -0.08370994272960070900, -0.04519266479232571200, -0.3300000000000000200 ) ) ;
#589 = CARTESIAN_POINT ( 'NONE',  ( -0.05865091463414624800, 0.03844708834706549900, -0.3300000000000000200 ) ) ;
#590 = CARTESIAN_POINT ( 'NONE',  ( -0.09176502025776094000, -0.02331795528389808000, -0.3300000000000000200 ) ) ;
#591 = VECTOR ( 'NONE', #1644, 1000.000000000000000 ) ;
#592 = AXIS2_PLACEMENT_3D ( 'NONE', #3507, #2372, #2387 ) ;
#593 = CARTESIAN_POINT ( 'NONE',  ( 0.1231707317073172700, -0.001644375067568664200, -0.3300000000000000200 ) ) ;
#594 = ORIENTED_EDGE ( 'NONE', *, *, #3563, .F. ) ;
#595 = CARTESIAN_POINT ( 'NONE',  ( -0.08717330928201820500, -0.02912948269158042700, -0.3199999999999999000 ) ) ;
#596 = FACE_OUTER_BOUND ( 'NONE', #2668, .T. ) ;
#597 = LINE ( 'NONE', #251, #766 ) ;
#598 = CARTESIAN_POINT ( 'NONE',  ( -0.05870807926829258600, 0.04942269810316306200, -0.3300000000000000200 ) ) ;
#599 = DIRECTION ( 'NONE',  ( 0.0000000000000000000, -0.0000000000000000000, 1.000000000000000000 ) ) ;
#600 = CARTESIAN_POINT ( 'NONE',  ( -0.1626905487804877800, 0.03722757615194354600, -0.3300000000000000700 ) ) ;
#601 = LINE ( 'NONE', #3610, #652 ) ;
#602 = DIRECTION ( 'NONE',  ( 0.0000000000000000000, 1.000000000000000000, 0.0000000000000000000 ) ) ;
#603 = DIRECTION ( 'NONE',  ( -0.0000000000000000000, 0.0000000000000000000, 1.000000000000000000 ) ) ;
#604 = CARTESIAN_POINT ( 'NONE',  ( -0.04390243902439015100, 0.03844708834706549900, -0.3199999999999999500 ) ) ;
#605 = CARTESIAN_POINT ( 'NONE',  ( 0.1044919053398656700, -0.04998227875134437400, -0.3200000000000000100 ) ) ;
#606 = CARTESIAN_POINT ( 'NONE',  ( 0.09144627200880886500, -0.05175809838347379000, -0.3299999999999999000 ) ) ;
#607 = ADVANCED_FACE ( 'NONE', ( #706 ), #1101, .T. ) ;
#608 = EDGE_CURVE ( 'NONE', #2982, #1015, #511, .T. ) ;
#609 = CARTESIAN_POINT ( 'NONE',  ( -0.1628292183807270600, 0.03645883875484417400, -0.3199999999999999500 ) ) ;
#610 =( NAMED_UNIT ( * ) SI_UNIT ( $, .STERADIAN. ) SOLID_ANGLE_UNIT ( ) );
#611 = VECTOR ( 'NONE', #3187, 1000.000000000000000 ) ;
#612 = CARTESIAN_POINT ( 'NONE',  ( 0.07896541949741471600, 0.05041356492167689600, -0.3299999999999999000 ) ) ;
#613 = FILL_AREA_STYLE ('',( #365 ) ) ;
#614 = CARTESIAN_POINT ( 'NONE',  ( -0.08814046045559431600, -0.04278923222611148700, -0.3200000000000001200 ) ) ;
#615 = DIRECTION ( 'NONE',  ( 1.000000000000000000, 0.0000000000000000000, 0.0000000000000000000 ) ) ;
#616 = AXIS2_PLACEMENT_3D ( 'NONE', #2662, #2633, #2985 ) ;
#617 = ORIENTED_EDGE ( 'NONE', *, *, #1042, .F. ) ;
#618 = FACE_OUTER_BOUND ( 'NONE', #1573, .T. ) ;
#619 = CARTESIAN_POINT ( 'NONE',  ( 0.09980027766185824200, -0.05104553024101880100, -0.3199999999999999500 ) ) ;
#620 = CARTESIAN_POINT ( 'NONE',  ( 0.1130828880894827300, -0.04660066355019650000, -0.3299999999999998500 ) ) ;
#621 = ORIENTED_EDGE ( 'NONE', *, *, #52, .F. ) ;
#622 =( NAMED_UNIT ( * ) SI_UNIT ( $, .STERADIAN. ) SOLID_ANGLE_UNIT ( ) );
#623 = CARTESIAN_POINT ( 'NONE',  ( 0.1365418135081424800, -0.0005181837126865183800, -0.3199999999999999000 ) ) ;
#624 = VERTEX_POINT ( 'NONE', #3133 ) ;
#625 = CARTESIAN_POINT ( 'NONE',  ( -0.1109756097560974800, 0.0006803200543825600800, -0.3300000000000000200 ) ) ;
#626 = DIRECTION ( 'NONE',  ( 0.3222024856061134200, -0.9466707760722531400, 0.0000000000000000000 ) ) ;
#627 = CARTESIAN_POINT ( 'NONE',  ( -0.08370994272960070900, -0.04519266479232571200, -0.3199999999999999500 ) ) ;
#628 =( LENGTH_UNIT ( ) NAMED_UNIT ( * ) SI_UNIT ( .MILLI., .METRE. ) );
#629 = EDGE_CURVE ( 'NONE', #2366, #3547, #1855, .T. ) ;
#630 = LINE ( 'NONE', #3358, #1410 ) ;
#631 = CARTESIAN_POINT ( 'NONE',  ( -0.01097560975609743700, -0.05057730189683695700, -0.3300000000000000200 ) ) ;
#632 = ORIENTED_EDGE ( 'NONE', *, *, #116, .T. ) ;
#633 = CARTESIAN_POINT ( 'NONE',  ( -0.1607660060975608900, 0.03021538102999231400, -0.3300000000000000200 ) ) ;
#634 = CARTESIAN_POINT ( 'NONE',  ( 0.08665450062635135500, -0.04080535028111929900, -0.3199999999999999000 ) ) ;
#635 = DIRECTION ( 'NONE',  ( 1.000000000000000000, 0.0000000000000000000, 0.0000000000000000000 ) ) ;
#636 = EDGE_LOOP ( 'NONE', ( #3326, #2896, #353, #86 ) ) ;
#637 = CARTESIAN_POINT ( 'NONE',  ( 0.08561356707317091500, 0.03966660054218743000, -0.3199999999999999500 ) ) ;
#638 = VECTOR ( 'NONE', #602, 1000.000000000000000 ) ;
#639 = DIRECTION ( 'NONE',  ( -0.0000000000000000000, -0.0000000000000000000, -1.000000000000000000 ) ) ;
#640 = CARTESIAN_POINT ( 'NONE',  ( 0.09535090837488921500, -0.04021833904085223700, -0.3300000000000000700 ) ) ;
#641 = UNCERTAINTY_MEASURE_WITH_UNIT (LENGTH_MEASURE( 1.000000000000000100E-005 ), #3486, 'distance_accuracy_value', 'NONE');
#642 = DIRECTION ( 'NONE',  ( 0.0000000000000000000, -0.0000000000000000000, -1.000000000000000000 ) ) ;
#643 = FILL_AREA_STYLE_COLOUR ( '', #368 ) ;
#644 = VECTOR ( 'NONE', #1183, 1000.000000000000000 ) ;
#645 = CARTESIAN_POINT ( 'NONE',  ( -0.08687948164701243800, 0.02895066200329583400, -0.3199999999999999000 ) ) ;
#646 = LINE ( 'NONE', #2487, #765 ) ;
#647 = AXIS2_PLACEMENT_3D ( 'NONE', #3071, #3394, #1587 ) ;
#648 = DIRECTION ( 'NONE',  ( -1.000000000000000000, 0.0000000000000000000, 0.0000000000000000000 ) ) ;
#649 = LINE ( 'NONE', #1424, #731 ) ;
#650 = CARTESIAN_POINT ( 'NONE',  ( 0.1999999999999999600, -0.2000000000000000100, -0.3999999999999999700 ) ) ;
#651 = CARTESIAN_POINT ( 'NONE',  ( 0.1294929607997457300, -0.03098738768156780400, -0.3299999999999999600 ) ) ;
#652 = VECTOR ( 'NONE', #1979, 1000.000000000000000 ) ;
#653 = SURFACE_STYLE_USAGE ( .BOTH. , #1014 ) ;
#654 = B_SPLINE_CURVE_WITH_KNOTS ( 'NONE', 3,
 ( #3349, #3341, #3104, #3077, #2944, #2926, #2893 ),
 .UNSPECIFIED., .F., .F.,
 ( 4, 1, 1, 1, 4 ),
 ( 0.0000000000000000000, 0.3005411131585082900, 0.5677471464835989200, 0.8000336137369796800, 1.000000000000000000 ),
 .UNSPECIFIED. ) ;
#655 = SURFACE_STYLE_USAGE ( .BOTH. , #3533 ) ;
#656 = FILL_AREA_STYLE ('',( #3286 ) ) ;
#657 = CARTESIAN_POINT ( 'NONE',  ( 0.1230686611792921000, 0.002908107580530746800, -0.3199999999999999500 ) ) ;
#658 = EDGE_CURVE ( 'NONE', #265, #3471, #515, .T. ) ;
#659 = PRESENTATION_STYLE_ASSIGNMENT (( #2856 ) ) ;
#660 =( LENGTH_UNIT ( ) NAMED_UNIT ( * ) SI_UNIT ( .MILLI., .METRE. ) );
#661 = ORIENTED_EDGE ( 'NONE', *, *, #1289, .F. ) ;
#662 = VECTOR ( 'NONE', #1949, 1000.000000000000000 ) ;
#663 = CARTESIAN_POINT ( 'NONE',  ( 0.1205682198047724900, -0.04146981597271202200, -0.3199999999999998400 ) ) ;
#664 = CARTESIAN_POINT ( 'NONE',  ( -0.1424733231707316400, -0.02252852140903207500, -0.3199999999999999500 ) ) ;
#665 = MANIFOLD_SOLID_BREP ( '旋转1', #36 ) ;
#666 = CARTESIAN_POINT ( 'NONE',  ( -0.07077263129867179800, 0.03718342769276453800, -0.3199999999999999000 ) ) ;
#667 = ORIENTED_EDGE ( 'NONE', *, *, #914, .F. ) ;
#668 = CARTESIAN_POINT ( 'NONE',  ( -0.09696887895307913800, 0.009221974054856703400, -0.3300000000000001800 ) ) ;
#669 = MECHANICAL_DESIGN_GEOMETRIC_PRESENTATION_REPRESENTATION (  '', ( #2211 ), #2114 ) ;
#670 = VERTEX_POINT ( 'NONE', #534 ) ;
#671 = CARTESIAN_POINT ( 'NONE',  ( 0.08971036585365872700, -0.05179681409195891600, -0.3199999999999999500 ) ) ;
#672 = VERTEX_POINT ( 'NONE', #2248 ) ;
#673 = ORIENTED_EDGE ( 'NONE', *, *, #1607, .F. ) ;
#674 = CARTESIAN_POINT ( 'NONE',  ( 0.02926829268292696300, -0.005455350677324758200, -0.3199999999999999500 ) ) ;
#675 = STYLED_ITEM ( 'NONE', ( #270 ), #2016 ) ;
#676 = EDGE_LOOP ( 'NONE', ( #2689, #1951, #1470, #2196 ) ) ;
#677 = ORIENTED_EDGE ( 'NONE', *, *, #2702, .F. ) ;
#678 = ORIENTED_EDGE ( 'NONE', *, *, #964, .F. ) ;
#679 = CARTESIAN_POINT ( 'NONE',  ( -0.08108337971765393300, 0.03313391569746030500, -0.3199999999999999000 ) ) ;
#680 = CARTESIAN_POINT ( 'NONE',  ( -0.03048780487804868600, -0.05057730189683695700, -0.3300000000000000200 ) ) ;
#681 = VERTEX_POINT ( 'NONE', #1311 ) ;
#682 = FACE_OUTER_BOUND ( 'NONE', #2807, .T. ) ;
#683 = EDGE_LOOP ( 'NONE', ( #1301, #2703, #835, #3117, #667 ) ) ;
#684 = EDGE_CURVE ( 'NONE', #1238, #487, #2344, .T. ) ;
#685 = LINE ( 'NONE', #1332, #1513 ) ;
#686 = ORIENTED_EDGE ( 'NONE', *, *, #1375, .T. ) ;
#687 = VECTOR ( 'NONE', #3073, 1000.000000000000000 ) ;
#688 = VERTEX_POINT ( 'NONE', #2751 ) ;
#689 = CIRCLE ( 'NONE', #2874, 0.1300000000000000000 ) ;
#690 =( NAMED_UNIT ( * ) PLANE_ANGLE_UNIT ( ) SI_UNIT ( $, .RADIAN. ) );
#691 = LINE ( 'NONE', #1709, #767 ) ;
#692 = DIRECTION ( 'NONE',  ( -0.0000000000000000000, -0.0000000000000000000, 1.000000000000000000 ) ) ;
#693 = CARTESIAN_POINT ( 'NONE',  ( -0.07785436176496120200, 0.03477807973254024700, -0.3199999999999999500 ) ) ;
#694 = CARTESIAN_POINT ( 'NONE',  ( 0.09484103147531078300, -0.05168238546691301900, -0.3300000000000000200 ) ) ;
#695 = CARTESIAN_POINT ( 'NONE',  ( -0.07901423188334946700, -0.04715638355363198400, -0.3299999999999999600 ) ) ;
#696 = VECTOR ( 'NONE', #1618, 1000.000000000000000 ) ;
#697 = DIRECTION ( 'NONE',  ( 0.0000000000000000000, -0.0000000000000000000, 1.000000000000000000 ) ) ;
#698 = CARTESIAN_POINT ( 'NONE',  ( 0.1364929485618416000, -0.007822061059045556600, -0.3299999999999999600 ) ) ;
#699 = CARTESIAN_POINT ( 'NONE',  ( -0.008536585365853534300, 0.04942269810316306200, -0.3300000000000000200 ) ) ;
#700 = DIRECTION ( 'NONE',  ( 0.3222024856061134200, -0.9466707760722531400, 0.0000000000000000000 ) ) ;
#701 = LINE ( 'NONE', #3491, #776 ) ;
#702 = LINE ( 'NONE', #2417, #833 ) ;
#703 = UNCERTAINTY_MEASURE_WITH_UNIT (LENGTH_MEASURE( 1.000000000000000100E-005 ), #628, 'distance_accuracy_value', 'NONE');
#704 = ORIENTED_EDGE ( 'NONE', *, *, #1394, .T. ) ;
#705 = AXIS2_PLACEMENT_3D ( 'NONE', #1519, #1527, #409 ) ;
#706 = FACE_OUTER_BOUND ( 'NONE', #316, .T. ) ;
#707 = ORIENTED_EDGE ( 'NONE', *, *, #2782, .F. ) ;
#708 = CARTESIAN_POINT ( 'NONE',  ( 0.08696850325962195100, 0.03963746693358968100, -0.3300000000000000700 ) ) ;
#709 = CARTESIAN_POINT ( 'NONE',  ( -0.06054526567492755200, 0.04938174890790483100, -0.3199999999999999000 ) ) ;
#710 = CARTESIAN_POINT ( 'NONE',  ( -0.1949999999999998400, 0.2450000000000001100, 0.01000000000000000000 ) ) ;
#711 = MECHANICAL_DESIGN_GEOMETRIC_PRESENTATION_REPRESENTATION (  '', ( #3314 ), #3058 ) ;
#712 = CARTESIAN_POINT ( 'NONE',  ( -0.2000000000000000400, -0.2000000000000000100, -0.3300000000000000200 ) ) ;
#713 = VERTEX_POINT ( 'NONE', #2206 ) ;
#714 = VERTEX_POINT ( 'NONE', #2574 ) ;
#715 = EDGE_LOOP ( 'NONE', ( #1627, #974 ) ) ;
#716 = VERTEX_POINT ( 'NONE', #2220 ) ;
#717 = CARTESIAN_POINT ( 'NONE',  ( -0.006097560975609626200, 0.005520259078772807300, -0.3199999999999999500 ) ) ;
#718 = MECHANICAL_DESIGN_GEOMETRIC_PRESENTATION_REPRESENTATION (  '', ( #250 ), #3520 ) ;
#719 = CARTESIAN_POINT ( 'NONE',  ( -0.03048780487804868600, 0.04942269810316306200, -0.3199999999999999500 ) ) ;
#720 = ORIENTED_EDGE ( 'NONE', *, *, #428, .T. ) ;
#721 = ORIENTED_EDGE ( 'NONE', *, *, #2314, .F. ) ;
#722 = CARTESIAN_POINT ( 'NONE',  ( -0.1052568252075439500, -0.02481032864635560700, -0.3299999999999999600 ) ) ;
#723 = CARTESIAN_POINT ( 'NONE',  ( 0.09980027766185824200, -0.05104553024101880100, -0.3300000000000000200 ) ) ;
#724 = DIRECTION ( 'NONE',  ( -0.0000000000000000000, -0.0000000000000000000, -1.000000000000000000 ) ) ;
#725 = EDGE_CURVE ( 'NONE', #2104, #2846, #3580, .T. ) ;
#726 = VECTOR ( 'NONE', #1300, 1000.000000000000000 ) ;
#727 = LINE ( 'NONE', #454, #2276 ) ;
#728 = CARTESIAN_POINT ( 'NONE',  ( -0.09503392029514197400, -0.01642249680028448600, -0.3199999999999999000 ) ) ;
#729 = CARTESIAN_POINT ( 'NONE',  ( 0.08786204268292700800, -0.04082120433586135200, -0.3300000000000000200 ) ) ;
#730 = VERTEX_POINT ( 'NONE', #875 ) ;
#731 = VECTOR ( 'NONE', #287, 1000.000000000000000 ) ;
#732 = PRESENTATION_STYLE_ASSIGNMENT (( #2961 ) ) ;
#733 = DIRECTION ( 'NONE',  ( 1.000000000000000000, 0.0000000000000000000, 0.0000000000000000000 ) ) ;
#734 = CARTESIAN_POINT ( 'NONE',  ( -0.05767911585365843900, -0.05057730189683695700, -0.3300000000000000200 ) ) ;
#735 = LINE ( 'NONE', #3665, #817 ) ;
#736 = CARTESIAN_POINT ( 'NONE',  ( 0.02926829268292696300, 0.005520259078772807300, -0.3300000000000000200 ) ) ;
#737 = ADVANCED_FACE ( 'NONE', ( #2693 ), #795, .T. ) ;
#738 = CARTESIAN_POINT ( 'NONE',  ( -0.07464006661400152100, -0.03705569260259079100, -0.3300000000000000700 ) ) ;
#739 = DIRECTION ( 'NONE',  ( -0.0000000000000000000, -0.0000000000000000000, -1.000000000000000000 ) ) ;
#740 = AXIS2_PLACEMENT_3D ( 'NONE', #1406, #2217, #2808 ) ;
#741 = CARTESIAN_POINT ( 'NONE',  ( -0.05865091463414624800, 0.03844708834706549900, -0.3199999999999999500 ) ) ;
#742 = CARTESIAN_POINT ( 'NONE',  ( 0.02926829268292696300, -0.005455350677324758200, -0.3199999999999999500 ) ) ;
#743 = EDGE_CURVE ( 'NONE', #2427, #2973, #2568, .T. ) ;
#744 = CYLINDRICAL_SURFACE ( 'NONE', #2590, 0.05000000000000005100 ) ;
#745 = ORIENTED_EDGE ( 'NONE', *, *, #725, .F. ) ;
#746 = ORIENTED_EDGE ( 'NONE', *, *, #3390, .F. ) ;
#747 = CARTESIAN_POINT ( 'NONE',  ( 0.1231707317073172700, -0.001644375067568664200, -0.3199999999999999500 ) ) ;
#748 = ORIENTED_EDGE ( 'NONE', *, *, #2503, .T. ) ;
#749 = ORIENTED_EDGE ( 'NONE', *, *, #2821, .F. ) ;
#750 = CARTESIAN_POINT ( 'NONE',  ( 0.08786204268292700800, -0.04082120433586135200, -0.3300000000000000200 ) ) ;
#751 = ADVANCED_FACE ( 'NONE', ( #2416, #2609 ), #553, .T. ) ;
#752 = CARTESIAN_POINT ( 'NONE',  ( 0.06461398537291356000, 0.04766066565600694100, -0.3199999999999999000 ) ) ;
#753 = DIRECTION ( 'NONE',  ( 1.000000000000000000, 0.0000000000000000000, 0.0000000000000000000 ) ) ;
#754 = ORIENTED_EDGE ( 'NONE', *, *, #1095, .T. ) ;
#755 = VERTEX_POINT ( 'NONE', #268 ) ;
#756 = VERTEX_POINT ( 'NONE', #1923 ) ;
#757 = DIRECTION ( 'NONE',  ( -0.0000000000000000000, 0.0000000000000000000, -1.000000000000000000 ) ) ;
#758 = DIRECTION ( 'NONE',  ( 1.000000000000000000, 0.0000000000000000000, -0.0000000000000000000 ) ) ;
#759 = DIRECTION ( 'NONE',  ( 0.0000000000000000000, -0.0000000000000000000, -1.000000000000000000 ) ) ;
#760 = CARTESIAN_POINT ( 'NONE',  ( -0.04390243902439015100, -0.03960169214073939300, -0.3199999999999999500 ) ) ;
#761 = AXIS2_PLACEMENT_3D ( 'NONE', #1865, #1880, #1549 ) ;
#762 = CARTESIAN_POINT ( 'NONE',  ( -0.09355317127361911800, -0.01999602573478467100, -0.3300000000000000700 ) ) ;
#763 = CARTESIAN_POINT ( 'NONE',  ( 0.1365853658536587100, -0.002463734823666223300, -0.3300000000000000200 ) ) ;
#764 = DIRECTION ( 'NONE',  ( 0.0000000000000000000, 1.000000000000000000, 0.0000000000000000000 ) ) ;
#765 = VECTOR ( 'NONE', #2928, 1000.000000000000000 ) ;
#766 = VECTOR ( 'NONE', #798, 1000.000000000000100 ) ;
#767 = VECTOR ( 'NONE', #512, 1000.000000000000100 ) ;
#768 = PLANE ( 'NONE',  #2841 ) ;
#769 = ADVANCED_FACE ( 'NONE', ( #2099 ), #1727, .T. ) ;
#770 = CARTESIAN_POINT ( 'NONE',  ( -0.1626905487804877500, 0.03722757615194353900, -0.3300000000000000200 ) ) ;
#771 = COLOUR_RGB ( '',0.2509803921568627400, 0.2509803921568627400, 0.2509803921568627400 ) ;
#772 = FILL_AREA_STYLE_COLOUR ( '', #1833 ) ;
#773 = CARTESIAN_POINT ( 'NONE',  ( 0.1082060473926110800, -0.03492409273564251600, -0.3300000000000000700 ) ) ;
#774 =( GEOMETRIC_REPRESENTATION_CONTEXT ( 3 ) GLOBAL_UNCERTAINTY_ASSIGNED_CONTEXT ( ( #1158 ) ) GLOBAL_UNIT_ASSIGNED_CONTEXT ( ( #913, #1191, #1768 ) ) REPRESENTATION_CONTEXT ( 'NONE', 'WORKASPACE' ) );
#775 = DIRECTION ( 'NONE',  ( 0.0000000000000000000, 1.000000000000000000, 0.0000000000000000000 ) ) ;
#776 = VECTOR ( 'NONE', #3380, 1000.000000000000000 ) ;
#777 = CARTESIAN_POINT ( 'NONE',  ( -0.07901423188334946700, -0.04715638355363198400, -0.3199999999999999000 ) ) ;
#778 = CARTESIAN_POINT ( 'NONE',  ( -0.09503392029514197400, -0.01642249680028448600, -0.3299999999999999600 ) ) ;
#779 = ORIENTED_EDGE ( 'NONE', *, *, #1235, .F. ) ;
#780 = FACE_OUTER_BOUND ( 'NONE', #1275, .T. ) ;
#781 = PRESENTATION_LAYER_ASSIGNMENT (  '', '', ( #250 ) ) ;
#782 =( LENGTH_UNIT ( ) NAMED_UNIT ( * ) SI_UNIT ( .MILLI., .METRE. ) );
#783 = ORIENTED_EDGE ( 'NONE', *, *, #2128, .F. ) ;
#784 = CARTESIAN_POINT ( 'NONE',  ( 0.1206377465836594200, 0.01536534577596553700, -0.3300000000000001800 ) ) ;
#785 = ADVANCED_FACE ( 'NONE', ( #2141 ), #1071, .T. ) ;
#786 = CARTESIAN_POINT ( 'NONE',  ( -0.2949999999999999800, 0.2450000000000001100, 0.01000000000000000000 ) ) ;
#787 = CARTESIAN_POINT ( 'NONE',  ( 0.3950000000000001300, 0.3950000000000000700, 0.02000000000000000000 ) ) ;
#788 = EDGE_CURVE ( 'NONE', #2518, #1414, #153, .T. ) ;
#789 = ORIENTED_EDGE ( 'NONE', *, *, #2140, .F. ) ;
#790 = SURFACE_SIDE_STYLE ('',( #1283 ) ) ;
#791 = STYLED_ITEM ( 'NONE', ( #918 ), #2738 ) ;
#792 = CARTESIAN_POINT ( 'NONE',  ( -0.3949999999999999100, -0.3949999999999999600, -0.3300000000000000200 ) ) ;
#793 = ORIENTED_EDGE ( 'NONE', *, *, #2659, .F. ) ;
#794 = VERTEX_POINT ( 'NONE', #1660 ) ;
#795 = PLANE ( 'NONE',  #2908 ) ;
#796 = AXIS2_PLACEMENT_3D ( 'NONE', #3145, #3310, #1075 ) ;
#797 = ORIENTED_EDGE ( 'NONE', *, *, #977, .T. ) ;
#798 = DIRECTION ( 'NONE',  ( 0.3390537954853688500, 0.9407669869669990100, 0.0000000000000000000 ) ) ;
#799 = FACE_OUTER_BOUND ( 'NONE', #1866, .T. ) ;
#800 = AXIS2_PLACEMENT_3D ( 'NONE', #717, #508, #68 ) ;
#801 =( NAMED_UNIT ( * ) PLANE_ANGLE_UNIT ( ) SI_UNIT ( $, .RADIAN. ) );
#802 = ORIENTED_EDGE ( 'NONE', *, *, #2514, .F. ) ;
#803 = ORIENTED_EDGE ( 'NONE', *, *, #1885, .T. ) ;
#804 = FILL_AREA_STYLE_COLOUR ( '', #2634 ) ;
#805 = B_SPLINE_CURVE_WITH_KNOTS ( 'NONE', 3,
 ( #540, #1867, #1680, #2783, #123, #919, #32, #47, #63, #321, #513, #614, #627, #777, #894, #921, #2265, #1058, #1087 ),
 .UNSPECIFIED., .F., .F.,
 ( 4, 1, 1, 1, 1, 1, 1, 1, 1, 1, 1, 1, 1, 1, 1, 1, 4 ),
 ( 0.0000000000000000000, 0.06806869584499401800, 0.1334274328189550600, 0.1961460338131565100, 0.2570485924493127200, 0.3168826631591619700, 0.3761872086663214400, 0.4359603353635461100, 0.4965352368627262700, 0.5574653434807330700, 0.6176868634101467800, 0.6779436406969060500, 0.7388052848060402400, 0.8009493367665840900, 0.8648146674702266200, 0.9310247810786571600, 1.000000000000000000 ),
 .UNSPECIFIED. ) ;
#806 = ADVANCED_FACE ( 'NONE', ( #2342 ), #1649, .T. ) ;
#807 = CARTESIAN_POINT ( 'NONE',  ( 0.1059298305749345200, 0.04709184088473374100, -0.3300000000000000200 ) ) ;
#808 = CARTESIAN_POINT ( 'NONE',  ( 0.08561356707317091500, 0.03966660054218743000, -0.3199999999999999500 ) ) ;
#809 = VECTOR ( 'NONE', #1069, 1000.000000000000000 ) ;
#810 = CARTESIAN_POINT ( 'NONE',  ( 0.1059298305749345200, 0.04709184088473374100, -0.3199999999999999500 ) ) ;
#811 = CARTESIAN_POINT ( 'NONE',  ( -0.1622500076064127800, 0.03651548692312145400, -0.3199999999999999500 ) ) ;
#812 = EDGE_CURVE ( 'NONE', #1237, #536, #3203, .T. ) ;
#813 = LINE ( 'NONE', #2480, #861 ) ;
#814 = SURFACE_STYLE_FILL_AREA ( #2635 ) ;
#815 =( LENGTH_UNIT ( ) NAMED_UNIT ( * ) SI_UNIT ( .MILLI., .METRE. ) );
#816 = SURFACE_STYLE_USAGE ( .BOTH. , #790 ) ;
#817 = VECTOR ( 'NONE', #2216, 1000.000000000000000 ) ;
#818 = DIRECTION ( 'NONE',  ( -0.0000000000000000000, -0.0000000000000000000, 1.000000000000000000 ) ) ;
#819 = CARTESIAN_POINT ( 'NONE',  ( 0.1346673798692252000, 0.01413654682740502300, -0.3299999999999999600 ) ) ;
#820 = AXIS2_PLACEMENT_3D ( 'NONE', #2548, #2530, #2511 ) ;
#821 = CARTESIAN_POINT ( 'NONE',  ( -0.09616542217786308600, -0.01258162079004418600, -0.3199999999999999500 ) ) ;
#822 = CARTESIAN_POINT ( 'NONE',  ( 0.1059298305749345200, 0.04709184088473374100, -0.3300000000000000200 ) ) ;
#823 = CARTESIAN_POINT ( 'NONE',  ( 0.1217736965080964800, 0.01145161338905180900, -0.3199999999999997800 ) ) ;
#824 = EDGE_LOOP ( 'NONE', ( #2008, #3022, #412 ) ) ;
#825 = LINE ( 'NONE', #3470, #611 ) ;
#826 = ADVANCED_FACE ( 'NONE', ( #3234 ), #966, .T. ) ;
#827 = DIRECTION ( 'NONE',  ( -0.0000000000000000000, -0.0000000000000000000, -1.000000000000000000 ) ) ;
#828 = CARTESIAN_POINT ( 'NONE',  ( -0.07785436176496120200, 0.03477807973254024700, -0.3300000000000000200 ) ) ;
#829 = CARTESIAN_POINT ( 'NONE',  ( -0.09752819755151488600, 0.001926585397404153400, -0.3200000000000000100 ) ) ;
#830 = CARTESIAN_POINT ( 'NONE',  ( -0.1837842987804877400, -0.02252852140903207500, -0.3300000000000000200 ) ) ;
#831 = CARTESIAN_POINT ( 'NONE',  ( 0.1330764114352945300, 0.01911963609534940400, -0.3200000000000000100 ) ) ;
#832 = EDGE_CURVE ( 'NONE', #3240, #3175, #1448, .T. ) ;
#833 = VECTOR ( 'NONE', #2578, 1000.000000000000000 ) ;
#834 = CARTESIAN_POINT ( 'NONE',  ( -0.05960508004788892700, -0.03956912124906047900, -0.3200000000000000100 ) ) ;
#835 = ORIENTED_EDGE ( 'NONE', *, *, #583, .F. ) ;
#836 = PLANE ( 'NONE',  #130 ) ;
#837 = DIRECTION ( 'NONE',  ( 0.0000000000000000000, -1.000000000000000000, 0.0000000000000000000 ) ) ;
#838 = CARTESIAN_POINT ( 'NONE',  ( -0.1837842987804877400, -0.02252852140903207500, -0.3199999999999999500 ) ) ;
#839 = CARTESIAN_POINT ( 'NONE',  ( -0.1101307458671816900, 0.01120632024577145600, -0.3300000000000001300 ) ) ;
#840 = ORIENTED_EDGE ( 'NONE', *, *, #3188, .T. ) ;
#841 = ORIENTED_EDGE ( 'NONE', *, *, #3106, .T. ) ;
#842 = CARTESIAN_POINT ( 'NONE',  ( 0.1999999999999999600, 0.2000000000000000100, -0.3999999999999999700 ) ) ;
#843 = EDGE_CURVE ( 'NONE', #2846, #1989, #2840, .T. ) ;
#844 = VECTOR ( 'NONE', #2507, 1000.000000000000000 ) ;
#845 =( LENGTH_UNIT ( ) NAMED_UNIT ( * ) SI_UNIT ( .MILLI., .METRE. ) );
#846 =( GEOMETRIC_REPRESENTATION_CONTEXT ( 3 ) GLOBAL_UNCERTAINTY_ASSIGNED_CONTEXT ( ( #364 ) ) GLOBAL_UNIT_ASSIGNED_CONTEXT ( ( #2891, #16, #2793 ) ) REPRESENTATION_CONTEXT ( 'NONE', 'WORKASPACE' ) );
#847 = CARTESIAN_POINT ( 'NONE',  ( -0.1101324796129265800, -0.01031397933330628500, -0.3300000000000000200 ) ) ;
#848 = CARTESIAN_POINT ( 'NONE',  ( -0.07442131857660760900, 0.03612917233611468600, -0.3299999999999999600 ) ) ;
#849 = ADVANCED_FACE ( 'NONE', ( #1255 ), #1162, .F. ) ;
#850 = ORIENTED_EDGE ( 'NONE', *, *, #3571, .T. ) ;
#851 = CARTESIAN_POINT ( 'NONE',  ( -0.07815250531215102400, -0.03555113053167834000, -0.3200000000000000100 ) ) ;
#852 = DIRECTION ( 'NONE',  ( -0.0000000000000000000, -0.0000000000000000000, -1.000000000000000000 ) ) ;
#853 = VERTEX_POINT ( 'NONE', #580 ) ;
#854 = MECHANICAL_DESIGN_GEOMETRIC_PRESENTATION_REPRESENTATION (  '', ( #1467 ), #774 ) ;
#855 = LINE ( 'NONE', #2918, #3603 ) ;
#856 = CARTESIAN_POINT ( 'NONE',  ( -0.1642339939024389500, 0.03021538102999231400, -0.3199999999999999500 ) ) ;
#857 = SURFACE_SIDE_STYLE ('',( #1521 ) ) ;
#858 = CARTESIAN_POINT ( 'NONE',  ( -0.3949999999999999100, -0.3949999999999999600, 0.0000000000000000000 ) ) ;
#859 = FACE_OUTER_BOUND ( 'NONE', #1542, .T. ) ;
#860 = CARTESIAN_POINT ( 'NONE',  ( -0.1630850875081597500, 0.03504038678930020800, -0.3299999999999999000 ) ) ;
#861 = VECTOR ( 'NONE', #648, 1000.000000000000000 ) ;
#862 = AXIS2_PLACEMENT_3D ( 'NONE', #2523, #3028, #3040 ) ;
#863 = FILL_AREA_STYLE ('',( #1010 ) ) ;
#864 = PRESENTATION_STYLE_ASSIGNMENT (( #2664 ) ) ;
#865 =( NAMED_UNIT ( * ) PLANE_ANGLE_UNIT ( ) SI_UNIT ( $, .RADIAN. ) );
#866 = CARTESIAN_POINT ( 'NONE',  ( 0.1127661367580471100, 0.02852920825274629600, -0.3199999999999999500 ) ) ;
#867 = ADVANCED_FACE ( 'NONE', ( #1776 ), #3453, .T. ) ;
#868 = EDGE_CURVE ( 'NONE', #2047, #2943, #2882, .T. ) ;
#869 = DIRECTION ( 'NONE',  ( 1.000000000000000000, 0.0000000000000000000, 0.0000000000000000000 ) ) ;
#870 = PLANE ( 'NONE',  #3009 ) ;
#871 =( LENGTH_UNIT ( ) NAMED_UNIT ( * ) SI_UNIT ( .MILLI., .METRE. ) );
#872 = CARTESIAN_POINT ( 'NONE',  ( 0.0000000000000000000, 0.0000000000000000000, 0.0000000000000000000 ) ) ;
#873 = FACE_OUTER_BOUND ( 'NONE', #676, .T. ) ;
#874 = CARTESIAN_POINT ( 'NONE',  ( 0.1829268292682927600, 0.04942269810316306200, -0.3300000000000000200 ) ) ;
#875 = CARTESIAN_POINT ( 'NONE',  ( 0.1963414634146342400, 0.04942269810316306200, -0.3199999999999999500 ) ) ;
#876 = EDGE_CURVE ( 'NONE', #50, #3240, #654, .T. ) ;
#877 = VECTOR ( 'NONE', #3451, 1000.000000000000000 ) ;
#878 =( LENGTH_UNIT ( ) NAMED_UNIT ( * ) SI_UNIT ( .MILLI., .METRE. ) );
#879 =( LENGTH_UNIT ( ) NAMED_UNIT ( * ) SI_UNIT ( .MILLI., .METRE. ) );
#880 = VERTEX_POINT ( 'NONE', #3364 ) ;
#881 = ADVANCED_FACE ( 'NONE', ( #3232 ), #2815, .F. ) ;
#882 = FACE_OUTER_BOUND ( 'NONE', #3245, .T. ) ;
#883 = STYLED_ITEM ( 'NONE', ( #3292 ), #1599 ) ;
#884 = EDGE_CURVE ( 'NONE', #1546, #1360, #2457, .T. ) ;
#885 = ORIENTED_EDGE ( 'NONE', *, *, #3631, .T. ) ;
#886 = DIRECTION ( 'NONE',  ( 0.0000000000000000000, -0.0000000000000000000, 1.000000000000000000 ) ) ;
#887 = DIRECTION ( 'NONE',  ( 1.000000000000000000, 0.0000000000000000000, 0.0000000000000000000 ) ) ;
#888 = ORIENTED_EDGE ( 'NONE', *, *, #1966, .F. ) ;
#889 = FACE_OUTER_BOUND ( 'NONE', #1728, .T. ) ;
#890 = AXIS2_PLACEMENT_3D ( 'NONE', #3252, #3467, #3480 ) ;
#891 = COLOUR_RGB ( '',0.3176470588235293900, 0.2470588235294117800, 0.2078431372549019400 ) ;
#892 = CARTESIAN_POINT ( 'NONE',  ( 0.08572789634146360500, 0.05064221029828500100, -0.3199999999999999500 ) ) ;
#893 = FILL_AREA_STYLE ('',( #3554 ) ) ;
#894 = CARTESIAN_POINT ( 'NONE',  ( -0.07406154072600350200, -0.04871545885996046700, -0.3200000000000000600 ) ) ;
#895 = CARTESIAN_POINT ( 'NONE',  ( -0.07406154072600350200, -0.04871545885996046700, -0.3300000000000000700 ) ) ;
#896 = VERTEX_POINT ( 'NONE', #2015 ) ;
#897 = FACE_OUTER_BOUND ( 'NONE', #1307, .T. ) ;
#898 = ORIENTED_EDGE ( 'NONE', *, *, #280, .T. ) ;
#899 = AXIS2_PLACEMENT_3D ( 'NONE', #1205, #1556, #237 ) ;
#900 = CARTESIAN_POINT ( 'NONE',  ( 0.09484103147531078300, -0.05168238546691301900, -0.3199999999999999500 ) ) ;
#901 = CARTESIAN_POINT ( 'NONE',  ( -0.09616542217786308600, -0.01258162079004418600, -0.3199999999999999500 ) ) ;
#902 = LINE ( 'NONE', #1103, #726 ) ;
#903 = APPLICATION_PROTOCOL_DEFINITION ( 'draft international standard', 'automotive_design', 1998, #1189 ) ;
#904 = CARTESIAN_POINT ( 'NONE',  ( 0.07046622837773863800, 0.03720591298191189300, -0.3300000000000001300 ) ) ;
#905 =( NAMED_UNIT ( * ) SI_UNIT ( $, .STERADIAN. ) SOLID_ANGLE_UNIT ( ) );
#906 = CARTESIAN_POINT ( 'NONE',  ( -0.1638243466998233800, 0.03152511563399353100, -0.3299999999999999000 ) ) ;
#907 = CARTESIAN_POINT ( 'NONE',  ( 0.1205682198047724900, -0.04146981597271202200, -0.3299999999999997900 ) ) ;
#908 = FACE_OUTER_BOUND ( 'NONE', #2258, .T. ) ;
#909 = CARTESIAN_POINT ( 'NONE',  ( -0.1109356929667200500, 0.002493016711480977200, -0.3299999999999999600 ) ) ;
#910 =( NAMED_UNIT ( * ) SI_UNIT ( $, .STERADIAN. ) SOLID_ANGLE_UNIT ( ) );
#911 = MECHANICAL_DESIGN_GEOMETRIC_PRESENTATION_REPRESENTATION (  '', ( #1421 ), #1535 ) ;
#912 = SURFACE_SIDE_STYLE ('',( #470 ) ) ;
#913 =( LENGTH_UNIT ( ) NAMED_UNIT ( * ) SI_UNIT ( .MILLI., .METRE. ) );
#914 = EDGE_CURVE ( 'NONE', #3213, #1237, #3448, .T. ) ;
#915 = APPLICATION_CONTEXT ( 'automotive_design' ) ;
#916 = STYLED_ITEM ( 'NONE', ( #2011 ), #2136 ) ;
#917 = CARTESIAN_POINT ( 'NONE',  ( -0.08142546660491227500, -0.03374557068404856300, -0.3299999999999999600 ) ) ;
#918 = PRESENTATION_STYLE_ASSIGNMENT (( #2295 ) ) ;
#919 = CARTESIAN_POINT ( 'NONE',  ( -0.1073560338185683700, -0.02026696111141052000, -0.3200000000000000100 ) ) ;
#920 = DIRECTION ( 'NONE',  ( 0.0000000000000000000, -1.000000000000000000, 0.0000000000000000000 ) ) ;
#921 = CARTESIAN_POINT ( 'NONE',  ( -0.06883040495272435600, -0.04977695670556804600, -0.3199999999999997800 ) ) ;
#922 = DIRECTION ( 'NONE',  ( 1.000000000000000000, 0.0000000000000000000, 0.0000000000000000000 ) ) ;
#923 = DIRECTION ( 'NONE',  ( -1.000000000000000000, 0.0000000000000000000, 0.0000000000000000000 ) ) ;
#924 = CARTESIAN_POINT ( 'NONE',  ( -0.09613828044846753400, 0.01325067156843889900, -0.3199999999999999500 ) ) ;
#925 = AXIS2_PLACEMENT_3D ( 'NONE', #3094, #2312, #289 ) ;
#926 = ORIENTED_EDGE ( 'NONE', *, *, #2177, .F. ) ;
#927 = CARTESIAN_POINT ( 'NONE',  ( 0.09144627200880886500, -0.05175809838347379000, -0.3199999999999999500 ) ) ;
#928 = CARTESIAN_POINT ( 'NONE',  ( -0.08142546660491227500, -0.03374557068404856300, -0.3199999999999999000 ) ) ;
#929 = FACE_OUTER_BOUND ( 'NONE', #1668, .T. ) ;
#930 = EDGE_CURVE ( 'NONE', #2789, #2518, #2864, .T. ) ;
#931 = EDGE_LOOP ( 'NONE', ( #3059, #2440, #2120, #3624 ) ) ;
#932 = CARTESIAN_POINT ( 'NONE',  ( -0.05809832317073161700, -0.03960169214073939300, -0.3199999999999999500 ) ) ;
#933 = AXIS2_PLACEMENT_3D ( 'NONE', #170, #1924, #2995 ) ;
#934 = ORIENTED_EDGE ( 'NONE', *, *, #156, .F. ) ;
#935 = CARTESIAN_POINT ( 'NONE',  ( -0.1109756097560974800, 0.0006803200543825600800, -0.3300000000000000200 ) ) ;
#936 = EDGE_CURVE ( 'NONE', #1823, #672, #2654, .T. ) ;
#937 = ORIENTED_EDGE ( 'NONE', *, *, #1913, .F. ) ;
#938 = VECTOR ( 'NONE', #2466, 1000.000000000000000 ) ;
#939 = CARTESIAN_POINT ( 'NONE',  ( 0.02926829268292696300, 0.005520259078772807300, -0.3199999999999999500 ) ) ;
#940 = EDGE_CURVE ( 'NONE', #3213, #3493, #2292, .T. ) ;
#941 = ORIENTED_EDGE ( 'NONE', *, *, #2821, .T. ) ;
#942 = DIRECTION ( 'NONE',  ( 0.0000000000000000000, 1.000000000000000000, 0.0000000000000000000 ) ) ;
#943 = ORIENTED_EDGE ( 'NONE', *, *, #1669, .F. ) ;
#944 = DIRECTION ( 'NONE',  ( 0.0000000000000000000, 0.0000000000000000000, -1.000000000000000000 ) ) ;
#945 = CARTESIAN_POINT ( 'NONE',  ( -0.1109756097560974800, 0.0006803200543825600800, -0.3199999999999999500 ) ) ;
#946 = AXIS2_PLACEMENT_3D ( 'NONE', #760, #1479, #2320 ) ;
#947 = FACE_BOUND ( 'NONE', #1721, .T. ) ;
#948 = FACE_OUTER_BOUND ( 'NONE', #3636, .T. ) ;
#949 =( NAMED_UNIT ( * ) SI_UNIT ( $, .STERADIAN. ) SOLID_ANGLE_UNIT ( ) );
#950 = PRESENTATION_STYLE_ASSIGNMENT (( #2620 ) ) ;
#951 = CARTESIAN_POINT ( 'NONE',  ( 0.1130828880894827300, -0.04660066355019650000, -0.3199999999999999000 ) ) ;
#952 = CARTESIAN_POINT ( 'NONE',  ( -0.08408307916284994700, 0.03117573868231523700, -0.3200000000000000600 ) ) ;
#953 = AXIS2_PLACEMENT_3D ( 'NONE', #2956, #3305, #1888 ) ;
#954 = CIRCLE ( 'NONE', #1383, 0.1095445115010332500 ) ;
#955 = SURFACE_STYLE_FILL_AREA ( #3102 ) ;
#956 = PRESENTATION_LAYER_ASSIGNMENT (  '', '', ( #916 ) ) ;
#957 = CARTESIAN_POINT ( 'NONE',  ( -0.2449999999999998800, 0.2450000000000001100, 0.01000000000000000000 ) ) ;
#958 = CARTESIAN_POINT ( 'NONE',  ( 0.1365541110044783400, -0.004275881393351774400, -0.3199999999999999500 ) ) ;
#959 = CARTESIAN_POINT ( 'NONE',  ( 0.04268292682926842800, -0.05057730189683695700, -0.3199999999999999500 ) ) ;
#960 = DIRECTION ( 'NONE',  ( 0.0000000000000000000, 0.0000000000000000000, 1.000000000000000000 ) ) ;
#961 = ORIENTED_EDGE ( 'NONE', *, *, #292, .T. ) ;
#962 = PLANE ( 'NONE',  #440 ) ;
#963 = ORIENTED_EDGE ( 'NONE', *, *, #3545, .T. ) ;
#964 = EDGE_CURVE ( 'NONE', #2652, #2384, #2379, .T. ) ;
#965 = ORIENTED_EDGE ( 'NONE', *, *, #2296, .F. ) ;
#966 = B_SPLINE_SURFACE_WITH_KNOTS ( 'NONE', 3, 1, ( 
 ( #3042, #1174 ),
 ( #811, #3492 ),
 ( #371, #1636 ),
 ( #1788, #1926 ),
 ( #2053, #2329 ),
 ( #1186, #3432 ),
 ( #2497, #1209 ) ),
 .UNSPECIFIED., .F., .F., .F.,
 ( 4, 1, 1, 1, 4 ),
 ( 2, 2 ),
 ( 0.0000000000000000000, 0.3005411131585082900, 0.5677471464835989200, 0.8000336137369796800, 1.000000000000000000 ),
 ( 0.0000000000000000000, 1.000000000000000000 ),
 .UNSPECIFIED. ) ;
#967 = VERTEX_POINT ( 'NONE', #1147 ) ;
#968 = CARTESIAN_POINT ( 'NONE',  ( 0.1021568573112375400, -0.03824091550686047100, -0.3299999999999999600 ) ) ;
#969 = CLOSED_SHELL ( 'NONE', ( #3561, #2412, #849 ) ) ;
#970 =( LENGTH_UNIT ( ) NAMED_UNIT ( * ) SI_UNIT ( .MILLI., .METRE. ) );
#971 = CARTESIAN_POINT ( 'NONE',  ( -0.3949999999999999100, 0.3950000000000000700, 0.02000000000000000000 ) ) ;
#972 = CARTESIAN_POINT ( 'NONE',  ( 0.02926829268292696300, -0.005455350677324758200, -0.3300000000000000200 ) ) ;
#973 = FILL_AREA_STYLE_COLOUR ( '', #3236 ) ;
#974 = ORIENTED_EDGE ( 'NONE', *, *, #112, .T. ) ;
#975 = B_SPLINE_SURFACE_WITH_KNOTS ( 'NONE', 3, 1, ( 
 ( #2979, #3478 ),
 ( #709, #2431 ),
 ( #2397, #2102 ),
 ( #108, #3446 ),
 ( #3465, #3295 ),
 ( #3008, #1557 ),
 ( #1537, #2997 ),
 ( #1782, #1757 ),
 ( #1738, #1567 ),
 ( #1222, #1475 ),
 ( #1459, #1445 ),
 ( #1279, #1266 ),
 ( #1249, #1241 ),
 ( #1496, #985 ),
 ( #1214, #1192 ),
 ( #1169, #1525 ),
 ( #1509, #1487 ),
 ( #995, #909 ),
 ( #945, #935 ) ),
 .UNSPECIFIED., .F., .F., .F.,
 ( 4, 1, 1, 1, 1, 1, 1, 1, 1, 1, 1, 1, 1, 1, 1, 1, 4 ),
 ( 2, 2 ),
 ( 0.0000000000000000000, 0.06863117867660124800, 0.1345664660386773100, 0.1983281540108812200, 0.2607897666408450800, 0.3219991514841585300, 0.3827217465030197100, 0.4435374740357288500, 0.5051334294849250100, 0.5662138747646717800, 0.6261058646175455800, 0.6853493221605165800, 0.7449958703477973500, 0.8054158418145627200, 0.8676362663459531400, 0.9323077823023292500, 1.000000000000000000 ),
 ( 0.0000000000000000000, 1.000000000000000000 ),
 .UNSPECIFIED. ) ;
#976 = PLANE ( 'NONE',  #796 ) ;
#977 = EDGE_CURVE ( 'NONE', #2943, #38, #1352, .T. ) ;
#978 = MECHANICAL_DESIGN_GEOMETRIC_PRESENTATION_REPRESENTATION (  '', ( #1322 ), #846 ) ;
#979 = ORIENTED_EDGE ( 'NONE', *, *, #2195, .F. ) ;
#980 = VECTOR ( 'NONE', #922, 1000.000000000000000 ) ;
#981 = DIRECTION ( 'NONE',  ( 0.0000000000000000000, 0.0000000000000000000, 1.000000000000000000 ) ) ;
#982 = ORIENTED_EDGE ( 'NONE', *, *, #788, .F. ) ;
#983 = LINE ( 'NONE', #1953, #1167 ) ;
#984 = CARTESIAN_POINT ( 'NONE',  ( 0.1071385730023819300, 0.03341789721561162800, -0.3300000000000001300 ) ) ;
#985 = CARTESIAN_POINT ( 'NONE',  ( -0.1073507656070195000, 0.02070308228258562600, -0.3300000000000000700 ) ) ;
#986 = VECTOR ( 'NONE', #229, 1000.000000000000000 ) ;
#987 = DIRECTION ( 'NONE',  ( 0.0000000000000000000, -0.0000000000000000000, -1.000000000000000000 ) ) ;
#988 = CARTESIAN_POINT ( 'NONE',  ( 0.02926829268292696300, 0.03844708834706549900, -0.3199999999999999500 ) ) ;
#989 = CARTESIAN_POINT ( 'NONE',  ( -0.05767911585365843900, -0.05057730189683695700, -0.3199999999999999500 ) ) ;
#990 = LINE ( 'NONE', #1218, #1247 ) ;
#991 = UNCERTAINTY_MEASURE_WITH_UNIT (LENGTH_MEASURE( 1.000000000000000100E-005 ), #845, 'distance_accuracy_value', 'NONE');
#992 = CARTESIAN_POINT ( 'NONE',  ( -0.1329268292682926100, -0.05057730189683695700, -0.3199999999999999500 ) ) ;
#993 = EDGE_CURVE ( 'NONE', #461, #1503, #1846, .T. ) ;
#994 = CARTESIAN_POINT ( 'NONE',  ( -0.06414747223705162500, 0.04930145903675173900, -0.3299999999999999600 ) ) ;
#995 = CARTESIAN_POINT ( 'NONE',  ( -0.1109356929667200500, 0.002493016711480977200, -0.3199999999999999000 ) ) ;
#996 = CARTESIAN_POINT ( 'NONE',  ( -0.07464006661400152100, -0.03705569260259079100, -0.3300000000000000700 ) ) ;
#997 = EDGE_LOOP ( 'NONE', ( #3355, #677, #441, #358 ) ) ;
#998 = CARTESIAN_POINT ( 'NONE',  ( 0.1044919053398656700, -0.04998227875134437400, -0.3300000000000000700 ) ) ;
#999 = DIRECTION ( 'NONE',  ( -0.0000000000000000000, -1.000000000000000000, -0.0000000000000000000 ) ) ;
#1000 = EDGE_CURVE ( 'NONE', #2509, #2256, #549, .T. ) ;
#1001 = CARTESIAN_POINT ( 'NONE',  ( -0.09616542217786308600, -0.01258162079004418600, -0.3300000000000000200 ) ) ;
#1002 = ORIENTED_EDGE ( 'NONE', *, *, #1498, .T. ) ;
#1003 = CARTESIAN_POINT ( 'NONE',  ( -0.08961278367129837900, -0.02635533961971016000, -0.3199999999999999500 ) ) ;
#1004 = DIRECTION ( 'NONE',  ( -0.0000000000000000000, -0.0000000000000000000, -1.000000000000000000 ) ) ;
#1005 = ADVANCED_FACE ( 'NONE', ( #1347 ), #8, .T. ) ;
#1006 = CARTESIAN_POINT ( 'NONE',  ( -0.07085981535096419500, -0.03819074208515842900, -0.3300000000000000200 ) ) ;
#1007 = DIRECTION ( 'NONE',  ( 0.0000000000000000000, -1.000000000000000000, 0.0000000000000000000 ) ) ;
#1008 = CARTESIAN_POINT ( 'NONE',  ( -0.09613828044846753400, 0.01325067156843889900, -0.3300000000000000200 ) ) ;
#1009 = ORIENTED_EDGE ( 'NONE', *, *, #3444, .F. ) ;
#1010 = FILL_AREA_STYLE_COLOUR ( '', #347 ) ;
#1011 = ORIENTED_EDGE ( 'NONE', *, *, #3267, .F. ) ;
#1012 = B_SPLINE_SURFACE_WITH_KNOTS ( 'NONE', 3, 1, ( 
 ( #1211, #450 ),
 ( #3459, #2134 ),
 ( #1220, #3065 ),
 ( #2593, #1150 ),
 ( #303, #904 ),
 ( #1455, #3193 ),
 ( #3354, #3388 ),
 ( #3141, #1961 ),
 ( #3214, #1790 ),
 ( #2913, #2834 ),
 ( #637, #2355 ) ),
 .UNSPECIFIED., .F., .F., .F.,
 ( 4, 1, 1, 1, 1, 1, 1, 1, 4 ),
 ( 2, 2 ),
 ( 0.0000000000000000000, 0.1252796967356259700, 0.2494199707420513000, 0.3733567994928193600, 0.4966812787822861300, 0.6202029157439825600, 0.7450863201614560400, 0.8712691950190978300, 1.000000000000000000 ),
 ( 0.0000000000000000000, 1.000000000000000000 ),
 .UNSPECIFIED. ) ;
#1013 = CARTESIAN_POINT ( 'NONE',  ( -0.06054526567492755200, 0.04938174890790483100, -0.3199999999999999000 ) ) ;
#1014 = SURFACE_SIDE_STYLE ('',( #1018 ) ) ;
#1015 = VERTEX_POINT ( 'NONE', #3669 ) ;
#1016 = CARTESIAN_POINT ( 'NONE',  ( 0.07276656665055364300, 0.04967553187626832400, -0.3299999999999999000 ) ) ;
#1017 = B_SPLINE_CURVE_WITH_KNOTS ( 'NONE', 3,
 ( #322, #64, #2850, #2787, #2243, #3320, #3466, #2491, #1170, #1647, #1461, #48, #3154, #848, #547, #494, #530, #573, #589 ),
 .UNSPECIFIED., .F., .F.,
 ( 4, 1, 1, 1, 1, 1, 1, 1, 1, 1, 1, 1, 1, 1, 1, 1, 4 ),
 ( 0.0000000000000000000, 0.07430379644281595600, 0.1443936103644178900, 0.2104994961032796700, 0.2735426065034680100, 0.3338247445790734600, 0.3925296724085026700, 0.4500874545995855500, 0.5078206115557881700, 0.5654649127768467400, 0.6231487223336197300, 0.6812971927909357000, 0.7409134981565808100, 0.8018557521958579200, 0.8652412377209433000, 0.9309416570467440300, 1.000000000000000000 ),
 .UNSPECIFIED. ) ;
#1018 = SURFACE_STYLE_FILL_AREA ( #893 ) ;
#1019 = CARTESIAN_POINT ( 'NONE',  ( -0.1939024390243901700, -0.05057730189683695700, -0.3199999999999999500 ) ) ;
#1020 = VERTEX_POINT ( 'NONE', #593 ) ;
#1021 = VECTOR ( 'NONE', #1935, 1000.000000000000000 ) ;
#1022 = ADVANCED_FACE ( 'NONE', ( #1261 ), #2647, .T. ) ;
#1023 = LINE ( 'NONE', #134, #2951 ) ;
#1024 = CARTESIAN_POINT ( 'NONE',  ( 0.08572789634146360500, 0.05064221029828500100, -0.3300000000000000200 ) ) ;
#1025 = PLANE ( 'NONE',  #1337 ) ;
#1026 = B_SPLINE_SURFACE_WITH_KNOTS ( 'NONE', 3, 1, ( 
 ( #747, #2183 ),
 ( #2510, #1895 ),
 ( #2529, #2658 ),
 ( #2681, #2752 ),
 ( #3091, #2142 ),
 ( #3312, #3338 ),
 ( #3348, #3361 ),
 ( #3528, #3539 ),
 ( #3564, #193 ),
 ( #519, #1253 ),
 ( #1652, #1355 ),
 ( #1862, #1875 ),
 ( #2237, #2441 ),
 ( #2740, #2792 ),
 ( #3032, #3585 ),
 ( #127, #203 ),
 ( #263, #1920 ),
 ( #1962, #2785 ),
 ( #2836, #3067 ) ),
 .UNSPECIFIED., .F., .F., .F.,
 ( 4, 1, 1, 1, 1, 1, 1, 1, 1, 1, 1, 1, 1, 1, 1, 1, 4 ),
 ( 2, 2 ),
 ( 0.0000000000000000000, 0.07377411937406361300, 0.1440791147260414000, 0.2113485183089115200, 0.2760768857398838100, 0.3385209158196765800, 0.3998851166931335900, 0.4602540674652130800, 0.5205889643912479100, 0.5802076845630442800, 0.6386329085525459500, 0.6963645494905239500, 0.7540017746600126100, 0.8128056813744979300, 0.8727544255255602600, 0.9351819969782669800, 0.9999999999999998900 ),
 ( 0.0000000000000000000, 1.000000000000000000 ),
 .UNSPECIFIED. ) ;
#1027 = FACE_OUTER_BOUND ( 'NONE', #824, .T. ) ;
#1028 = CARTESIAN_POINT ( 'NONE',  ( 0.08971036585365872700, -0.05179681409195891600, -0.3299999999999999000 ) ) ;
#1029 =( GEOMETRIC_REPRESENTATION_CONTEXT ( 3 ) GLOBAL_UNCERTAINTY_ASSIGNED_CONTEXT ( ( #3482 ) ) GLOBAL_UNIT_ASSIGNED_CONTEXT ( ( #1100, #2525, #3070 ) ) REPRESENTATION_CONTEXT ( 'NONE', 'WORKASPACE' ) );
#1030 = CARTESIAN_POINT ( 'NONE',  ( 0.06219512195121970600, 0.04667879566413866300, -0.3300000000000000700 ) ) ;
#1031 = VERTEX_POINT ( 'NONE', #1761 ) ;
#1032 = CARTESIAN_POINT ( 'NONE',  ( 0.07276656665055364300, 0.04967553187626832400, -0.3299999999999999000 ) ) ;
#1033 = CARTESIAN_POINT ( 'NONE',  ( 0.1829268292682927600, 0.04942269810316306200, -0.3199999999999999500 ) ) ;
#1034 = COLOUR_RGB ( '',0.8980392156862745400, 0.8980392156862745400, 0.8980392156862745400 ) ;
#1035 = PLANE ( 'NONE',  #2144 ) ;
#1036 = CARTESIAN_POINT ( 'NONE',  ( -0.09698564991366889800, -0.008488784467900391300, -0.3200000000000001200 ) ) ;
#1037 = LINE ( 'NONE', #3220, #1134 ) ;
#1038 = B_SPLINE_SURFACE_WITH_KNOTS ( 'NONE', 3, 1, ( 
 ( #3266, #103 ),
 ( #2747, #2849 ),
 ( #2861, #3013 ),
 ( #2279, #2262 ),
 ( #2410, #2377 ),
 ( #2666, #2555 ),
 ( #2688, #2678 ),
 ( #3167, #2087 ),
 ( #2095, #2106 ),
 ( #2127, #3152 ),
 ( #2150, #3544 ),
 ( #3128, #3142 ),
 ( #3000, #3039 ),
 ( #2838, #2974 ),
 ( #2006, #2176 ),
 ( #1819, #1857 ),
 ( #1710, #2713 ),
 ( #1282, #1319 ),
 ( #1053, #1153 ) ),
 .UNSPECIFIED., .F., .F., .F.,
 ( 4, 1, 1, 1, 1, 1, 1, 1, 1, 1, 1, 1, 1, 1, 1, 1, 4 ),
 ( 2, 2 ),
 ( 0.0000000000000000000, 0.06460397028839211200, 0.1267024139629471500, 0.1867568140356181700, 0.2455056873654373200, 0.3036520244499753000, 0.3615030739706253100, 0.4202402229284674700, 0.4800333407766961800, 0.5406781347755159600, 0.6011918063807817300, 0.6623335024774423800, 0.7247395102972318300, 0.7894677361728866800, 0.8565048600438307500, 0.9263120958391902700, 1.000000000000000000 ),
 ( 0.0000000000000000000, 1.000000000000000000 ),
 .UNSPECIFIED. ) ;
#1039 = COLOUR_RGB ( '',0.6745098039215686700, 0.6745098039215686700, 0.6745098039215686700 ) ;
#1040 = ADVANCED_FACE ( 'NONE', ( #1813, #3316, #1723, #1773, #2564, #3494 ), #225, .T. ) ;
#1041 = DIRECTION ( 'NONE',  ( -0.0000000000000000000, -0.0000000000000000000, -1.000000000000000000 ) ) ;
#1042 = EDGE_CURVE ( 'NONE', #1859, #3559, #113, .T. ) ;
#1043 = STYLED_ITEM ( 'NONE', ( #950 ), #3281 ) ;
#1044 = EDGE_LOOP ( 'NONE', ( #721, #76, #1770, #117 ) ) ;
#1045 = CARTESIAN_POINT ( 'NONE',  ( -0.05809832317073161700, -0.03960169214073939300, -0.3199999999999999500 ) ) ;
#1046 = ORIENTED_EDGE ( 'NONE', *, *, #2496, .F. ) ;
#1047 = PRESENTATION_LAYER_ASSIGNMENT (  '', '', ( #3314 ) ) ;
#1048 =( GEOMETRIC_REPRESENTATION_CONTEXT ( 3 ) GLOBAL_UNCERTAINTY_ASSIGNED_CONTEXT ( ( #3583 ) ) GLOBAL_UNIT_ASSIGNED_CONTEXT ( ( #2321, #2305, #2146 ) ) REPRESENTATION_CONTEXT ( 'NONE', 'WORKASPACE' ) );
#1049 = ORIENTED_EDGE ( 'NONE', *, *, #2074, .T. ) ;
#1050 = VERTEX_POINT ( 'NONE', #2585 ) ;
#1051 = CARTESIAN_POINT ( 'NONE',  ( -0.06682812883677850800, -0.03900100153680469800, -0.3299999999999999600 ) ) ;
#1052 = ORIENTED_EDGE ( 'NONE', *, *, #2845, .T. ) ;
#1053 = CARTESIAN_POINT ( 'NONE',  ( 0.1231707317073172700, -0.001644375067568664200, -0.3199999999999999500 ) ) ;
#1054 = VERTEX_POINT ( 'NONE', #2933 ) ;
#1055 =( NAMED_UNIT ( * ) PLANE_ANGLE_UNIT ( ) SI_UNIT ( $, .RADIAN. ) );
#1056 = B_SPLINE_SURFACE_WITH_KNOTS ( 'NONE', 3, 1, ( 
 ( #3344, #3330 ),
 ( #3353, #3368 ),
 ( #3387, #3557 ),
 ( #3662, #3568 ),
 ( #3592, #3607 ),
 ( #3626, #3642 ),
 ( #1389, #722 ),
 ( #1560, #1642 ),
 ( #1603, #1656 ),
 ( #1918, #2198 ),
 ( #2971, #2980 ),
 ( #3037, #3064 ),
 ( #2988, #3318 ),
 ( #3532, #2663 ),
 ( #439, #895 ),
 ( #1223, #464 ),
 ( #2004, #2583 ),
 ( #2972, #1752 ),
 ( #3508, #381 ) ),
 .UNSPECIFIED., .F., .F., .F.,
 ( 4, 1, 1, 1, 1, 1, 1, 1, 1, 1, 1, 1, 1, 1, 1, 1, 4 ),
 ( 2, 2 ),
 ( 0.0000000000000000000, 0.06806869584499401800, 0.1334274328189550600, 0.1961460338131565100, 0.2570485924493127200, 0.3168826631591619700, 0.3761872086663214400, 0.4359603353635461100, 0.4965352368627262700, 0.5574653434807330700, 0.6176868634101467800, 0.6779436406969060500, 0.7388052848060402400, 0.8009493367665840900, 0.8648146674702266200, 0.9310247810786571600, 1.000000000000000000 ),
 ( 0.0000000000000000000, 1.000000000000000000 ),
 .UNSPECIFIED. ) ;
#1057 = ORIENTED_EDGE ( 'NONE', *, *, #2667, .T. ) ;
#1058 = CARTESIAN_POINT ( 'NONE',  ( -0.05959318755155924200, -0.05054267135922140000, -0.3199999999999999500 ) ) ;
#1059 = ADVANCED_FACE ( 'NONE', ( #2779 ), #2358, .T. ) ;
#1060 = PLANE ( 'NONE',  #1730 ) ;
#1061 = ORIENTED_EDGE ( 'NONE', *, *, #876, .T. ) ;
#1062 = CARTESIAN_POINT ( 'NONE',  ( 0.1177507697770851000, -0.02450796040424810900, -0.3199999999999999500 ) ) ;
#1063 = ORIENTED_EDGE ( 'NONE', *, *, #2403, .T. ) ;
#1064 = DIRECTION ( 'NONE',  ( 1.000000000000000000, 0.0000000000000000000, 0.0000000000000000000 ) ) ;
#1065 = VECTOR ( 'NONE', #739, 1000.000000000000000 ) ;
#1066 = DIRECTION ( 'NONE',  ( -0.0000000000000000000, -0.0000000000000000000, -1.000000000000000000 ) ) ;
#1067 = PRESENTATION_LAYER_ASSIGNMENT (  '', '', ( #72 ) ) ;
#1068 = CARTESIAN_POINT ( 'NONE',  ( 0.07896541949741471600, 0.05041356492167689600, -0.3299999999999999000 ) ) ;
#1069 = DIRECTION ( 'NONE',  ( -1.000000000000000000, 0.0000000000000000000, 0.0000000000000000000 ) ) ;
#1070 = DIRECTION ( 'NONE',  ( -0.0000000000000000000, 1.000000000000000000, 0.0000000000000000000 ) ) ;
#1071 = B_SPLINE_SURFACE_WITH_KNOTS ( 'NONE', 3, 1, ( 
 ( #1045, #1368 ),
 ( #834, #2121 ),
 ( #1887, #1436 ),
 ( #1118, #3428 ),
 ( #3602, #3635 ),
 ( #469, #738 ),
 ( #851, #2557 ),
 ( #2790, #2868 ),
 ( #3378, #3017 ),
 ( #3549, #3613 ),
 ( #2777, #1934 ),
 ( #1554, #590 ),
 ( #1713, #221 ),
 ( #728, #778 ),
 ( #821, #1001 ),
 ( #1036, #1144 ),
 ( #1563, #1592 ),
 ( #1621, #1609 ),
 ( #1672, #1847 ) ),
 .UNSPECIFIED., .F., .F., .F.,
 ( 4, 1, 1, 1, 1, 1, 1, 1, 1, 1, 1, 1, 1, 1, 1, 1, 4 ),
 ( 2, 2 ),
 ( 0.0000000000000000000, 0.07082657255516279500, 0.1381690332797996200, 0.2024753315338423100, 0.2639737544135193900, 0.3233803205980372300, 0.3817976227131852900, 0.4393900745193888300, 0.4969027245459971500, 0.5546621696093698700, 0.6127418784921970800, 0.6715388363911721800, 0.7316557220901979100, 0.7942978116139529600, 0.8594822049793583400, 0.9276813254527898100, 1.000000000000000000 ),
 ( 0.0000000000000000000, 1.000000000000000000 ),
 .UNSPECIFIED. ) ;
#1072 =( NAMED_UNIT ( * ) SI_UNIT ( $, .STERADIAN. ) SOLID_ANGLE_UNIT ( ) );
#1073 = FACE_OUTER_BOUND ( 'NONE', #1739, .T. ) ;
#1074 = PRESENTATION_LAYER_ASSIGNMENT (  '', '', ( #1322 ) ) ;
#1075 = DIRECTION ( 'NONE',  ( 0.0000000000000000000, -0.0000000000000000000, 1.000000000000000000 ) ) ;
#1076 = DIRECTION ( 'NONE',  ( -0.0000000000000000000, -0.0000000000000000000, -1.000000000000000000 ) ) ;
#1077 = CARTESIAN_POINT ( 'NONE',  ( 0.1451219512195123000, -0.03960169214073939300, -0.3199999999999999500 ) ) ;
#1078 = UNCERTAINTY_MEASURE_WITH_UNIT (LENGTH_MEASURE( 1.000000000000000100E-005 ), #878, 'distance_accuracy_value', 'NONE');
#1079 = CARTESIAN_POINT ( 'NONE',  ( 0.3950000000000001300, -0.3949999999999999600, 0.0000000000000000000 ) ) ;
#1080 = B_SPLINE_SURFACE_WITH_KNOTS ( 'NONE', 3, 1, ( 
 ( #3352, #2046 ),
 ( #1267, #3591 ),
 ( #3366, #906 ),
 ( #3542, #3443 ),
 ( #3606, #3461 ),
 ( #1343, #1190 ),
 ( #1203, #1280 ) ),
 .UNSPECIFIED., .F., .F., .F.,
 ( 4, 1, 1, 1, 4 ),
 ( 2, 2 ),
 ( 0.0000000000000000000, 0.1744817153170515600, 0.3982857591281132000, 0.6738978473986673200, 1.000000000000000000 ),
 ( 0.0000000000000000000, 1.000000000000000000 ),
 .UNSPECIFIED. ) ;
#1081 = CARTESIAN_POINT ( 'NONE',  ( 0.1007191975558297100, 0.03695168098134211200, -0.3200000000000000600 ) ) ;
#1082 = CARTESIAN_POINT ( 'NONE',  ( 0.1089142849635951900, -0.04848837132015090100, -0.3199999999999999500 ) ) ;
#1083 = ADVANCED_FACE ( 'NONE', ( #429 ), #2903, .T. ) ;
#1084 = CARTESIAN_POINT ( 'NONE',  ( -0.09616542217786308600, -0.01258162079004418600, -0.3300000000000000200 ) ) ;
#1085 = DIRECTION ( 'NONE',  ( 1.000000000000000000, 0.0000000000000000000, 0.0000000000000000000 ) ) ;
#1086 = SURFACE_STYLE_FILL_AREA ( #3147 ) ;
#1087 = CARTESIAN_POINT ( 'NONE',  ( -0.05767911585365843900, -0.05057730189683695700, -0.3199999999999999500 ) ) ;
#1088 = DIRECTION ( 'NONE',  ( 0.0000000000000000000, -0.0000000000000000000, 1.000000000000000000 ) ) ;
#1089 = DIRECTION ( 'NONE',  ( 0.0000000000000000000, -0.0000000000000000000, -1.000000000000000000 ) ) ;
#1090 = CARTESIAN_POINT ( 'NONE',  ( 0.1157521680017710600, -0.02751984556768677700, -0.3199999999999999000 ) ) ;
#1091 = CARTESIAN_POINT ( 'NONE',  ( 0.1012163064414593100, 0.04867556717120586500, -0.3200000000000000600 ) ) ;
#1092 = CARTESIAN_POINT ( 'NONE',  ( -0.006097560975609626200, 0.005520259078772807300, -0.3199999999999999500 ) ) ;
#1093 = CARTESIAN_POINT ( 'NONE',  ( -0.09159416319505928100, 0.02356723308700296000, -0.3199999999999999500 ) ) ;
#1094 = CARTESIAN_POINT ( 'NONE',  ( 0.04268292682926842800, 0.04942269810316306200, -0.3300000000000000200 ) ) ;
#1095 = EDGE_CURVE ( 'NONE', #536, #3645, #2501, .T. ) ;
#1096 = ORIENTED_EDGE ( 'NONE', *, *, #139, .F. ) ;
#1097 = PRESENTATION_LAYER_ASSIGNMENT (  '', '', ( #1043 ) ) ;
#1098 = DIRECTION ( 'NONE',  ( 0.0000000000000000000, 1.000000000000000000, 0.0000000000000000000 ) ) ;
#1099 = CARTESIAN_POINT ( 'NONE',  ( 0.1330764114352945300, 0.01911963609534940400, -0.3300000000000000700 ) ) ;
#1100 =( LENGTH_UNIT ( ) NAMED_UNIT ( * ) SI_UNIT ( .MILLI., .METRE. ) );
#1101 = PLANE ( 'NONE',  #1810 ) ;
#1102 = STYLED_ITEM ( 'NONE', ( #1285 ), #492 ) ;
#1103 = CARTESIAN_POINT ( 'NONE',  ( -0.1837842987804877400, -0.02252852140903207500, -0.3199999999999999500 ) ) ;
#1104 = CARTESIAN_POINT ( 'NONE',  ( 0.3950000000000001300, 0.3950000000000000700, -0.3300000000000000200 ) ) ;
#1106 = PRESENTATION_LAYER_ASSIGNMENT (  '', '', ( #2211 ) ) ;
#1105 = CARTESIAN_POINT ( 'NONE',  ( 0.1012163064414593100, 0.04867556717120586500, -0.3300000000000001300 ) ) ;
#1107 = MANIFOLD_SOLID_BREP ( '阵列(线性)1[3]', #2119 ) ;
#1108 = CARTESIAN_POINT ( 'NONE',  ( -0.1329268292682926100, -0.05057730189683695700, -0.3300000000000000200 ) ) ;
#1109 = ORIENTED_EDGE ( 'NONE', *, *, #3484, .F. ) ;
#1110 = CARTESIAN_POINT ( 'NONE',  ( -0.06254447318232823900, -0.03950558169809841000, -0.3300000000000000200 ) ) ;
#1111 = CARTESIAN_POINT ( 'NONE',  ( -0.07442131857660760900, 0.03612917233611468600, -0.3299999999999999600 ) ) ;
#1112 = B_SPLINE_SURFACE_WITH_KNOTS ( 'NONE', 3, 1, ( 
 ( #3297, #3510 ),
 ( #3543, #3569 ),
 ( #145, #84 ),
 ( #352, #668 ),
 ( #924, #1008 ),
 ( #3426, #1233 ),
 ( #102, #2484 ),
 ( #1093, #3096 ),
 ( #1376, #3367 ),
 ( #1666, #3660 ),
 ( #1940, #240 ),
 ( #2231, #541 ),
 ( #2517, #828 ),
 ( #2819, #1111 ),
 ( #3109, #1388 ),
 ( #3385, #1681 ),
 ( #3672, #1959 ),
 ( #259, #2241 ),
 ( #559, #2537 ) ),
 .UNSPECIFIED., .F., .F., .F.,
 ( 4, 1, 1, 1, 1, 1, 1, 1, 1, 1, 1, 1, 1, 1, 1, 1, 4 ),
 ( 2, 2 ),
 ( 0.0000000000000000000, 0.07430379644281595600, 0.1443936103644178900, 0.2104994961032796700, 0.2735426065034680100, 0.3338247445790734600, 0.3925296724085026700, 0.4500874545995855500, 0.5078206115557881700, 0.5654649127768467400, 0.6231487223336197300, 0.6812971927909357000, 0.7409134981565808100, 0.8018557521958579200, 0.8652412377209433000, 0.9309416570467440300, 1.000000000000000000 ),
 ( 0.0000000000000000000, 1.000000000000000000 ),
 .UNSPECIFIED. ) ;
#1113 = ORIENTED_EDGE ( 'NONE', *, *, #832, .T. ) ;
#1114 = ORIENTED_EDGE ( 'NONE', *, *, #525, .T. ) ;
#1115 = DIRECTION ( 'NONE',  ( -1.000000000000000000, 0.0000000000000000000, -0.0000000000000000000 ) ) ;
#1116 = CARTESIAN_POINT ( 'NONE',  ( 0.1310504424134386100, 0.02381315005372427000, -0.3200000000000000100 ) ) ;
#1117 = AXIS2_PLACEMENT_3D ( 'NONE', #1610, #2967, #759 ) ;
#1118 = CARTESIAN_POINT ( 'NONE',  ( -0.06682812883677850800, -0.03900100153680469800, -0.3199999999999999000 ) ) ;
#1119 = FACE_OUTER_BOUND ( 'NONE', #2352, .T. ) ;
#1120 = VECTOR ( 'NONE', #3296, 1000.000000000000000 ) ;
#1121 = DIRECTION ( 'NONE',  ( 0.0000000000000000000, 0.0000000000000000000, -1.000000000000000000 ) ) ;
#1122 = ADVANCED_FACE ( 'NONE', ( #2382 ), #3168, .F. ) ;
#1123 = LINE ( 'NONE', #505, #1329 ) ;
#1124 = CARTESIAN_POINT ( 'NONE',  ( -0.1622500076064127800, 0.03651548692312145400, -0.3199999999999999500 ) ) ;
#1125 = COLOUR_RGB ( '',0.8980392156862745400, 0.8980392156862745400, 0.8980392156862745400 ) ;
#1126 = CARTESIAN_POINT ( 'NONE',  ( 0.06219512195121970600, -0.04539437506756868100, -0.3200000000000000100 ) ) ;
#1127 = COLOUR_RGB ( '',0.6745098039215686700, 0.6745098039215686700, 0.6745098039215686700 ) ;
#1128 = CARTESIAN_POINT ( 'NONE',  ( 0.0000000000000000000, 0.0000000000000000000, 0.0000000000000000000 ) ) ;
#1129 = DIRECTION ( 'NONE',  ( 0.3536223923290755000, -0.9353882635801357100, 0.0000000000000000000 ) ) ;
#1130 = CARTESIAN_POINT ( 'NONE',  ( -0.1329268292682926100, -0.05057730189683695700, -0.3199999999999999500 ) ) ;
#1131 = FACE_OUTER_BOUND ( 'NONE', #340, .T. ) ;
#1132 = SURFACE_STYLE_USAGE ( .BOTH. , #1142 ) ;
#1133 = ORIENTED_EDGE ( 'NONE', *, *, #49, .T. ) ;
#1134 = VECTOR ( 'NONE', #2013, 1000.000000000000000 ) ;
#1135 =( LENGTH_UNIT ( ) NAMED_UNIT ( * ) SI_UNIT ( .MILLI., .METRE. ) );
#1136 = CARTESIAN_POINT ( 'NONE',  ( 0.1999999999999999600, 0.2000000000000000100, -0.3999999999999999700 ) ) ;
#1137 = DIRECTION ( 'NONE',  ( 0.0000000000000000000, 0.0000000000000000000, -1.000000000000000000 ) ) ;
#1138 = CARTESIAN_POINT ( 'NONE',  ( -0.1089774100045771300, -0.01543368262753315600, -0.3299999999999999600 ) ) ;
#1139 = DIRECTION ( 'NONE',  ( 0.0000000000000000000, 0.0000000000000000000, -1.000000000000000000 ) ) ;
#1140 = B_SPLINE_CURVE_WITH_KNOTS ( 'NONE', 3,
 ( #1910, #2804, #3098, #3332, #3371, #3391, #3411, #3629, #3644, #3663, #3673 ),
 .UNSPECIFIED., .F., .F.,
 ( 4, 1, 1, 1, 1, 1, 1, 1, 4 ),
 ( 0.0000000000000000000, 0.1124483899088006700, 0.2265276752126778900, 0.3444019493260281900, 0.4658649724874587300, 0.5916594493521169000, 0.7221684870248876700, 0.8586063875549264600, 1.000000000000000000 ),
 .UNSPECIFIED. ) ;
#1141 = ADVANCED_FACE ( 'NONE', ( #2400 ), #975, .T. ) ;
#1142 = SURFACE_SIDE_STYLE ('',( #1640 ) ) ;
#1143 = PRESENTATION_STYLE_ASSIGNMENT (( #565 ) ) ;
#1144 = CARTESIAN_POINT ( 'NONE',  ( -0.09698564991366889800, -0.008488784467900391300, -0.3300000000000001800 ) ) ;
#1145 = ORIENTED_EDGE ( 'NONE', *, *, #75, .F. ) ;
#1146 = DIRECTION ( 'NONE',  ( 0.0000000000000000000, -1.000000000000000000, 0.0000000000000000000 ) ) ;
#1147 = CARTESIAN_POINT ( 'NONE',  ( -0.2085365853658535900, -0.05057730189683695700, -0.3300000000000000200 ) ) ;
#1148 = ORIENTED_EDGE ( 'NONE', *, *, #583, .T. ) ;
#1149 = PLANE ( 'NONE',  #2765 ) ;
#1150 = CARTESIAN_POINT ( 'NONE',  ( 0.06763190406264331400, 0.03609189916450297700, -0.3300000000000000700 ) ) ;
#1151 = AXIS2_PLACEMENT_3D ( 'NONE', #1646, #1711, #1903 ) ;
#1152 = ORIENTED_EDGE ( 'NONE', *, *, #2962, .F. ) ;
#1153 = CARTESIAN_POINT ( 'NONE',  ( 0.1231707317073172700, -0.001644375067568664200, -0.3300000000000000200 ) ) ;
#1154 = PLANE ( 'NONE',  #2101 ) ;
#1155 = ORIENTED_EDGE ( 'NONE', *, *, #3043, .T. ) ;
#1156 = CARTESIAN_POINT ( 'NONE',  ( 0.1134706780220307900, -0.03027818149237586700, -0.3200000000000000600 ) ) ;
#1157 = VECTOR ( 'NONE', #2851, 1000.000000000000000 ) ;
#1158 = UNCERTAINTY_MEASURE_WITH_UNIT (LENGTH_MEASURE( 1.000000000000000100E-005 ), #913, 'distance_accuracy_value', 'NONE');
#1159 = DIRECTION ( 'NONE',  ( 0.0000000000000000000, 0.0000000000000000000, -1.000000000000000000 ) ) ;
#1160 = ORIENTED_EDGE ( 'NONE', *, *, #3162, .T. ) ;
#1161 = MECHANICAL_DESIGN_GEOMETRIC_PRESENTATION_REPRESENTATION (  '', ( #1437 ), #297 ) ;
#1162 = PLANE ( 'NONE',  #925 ) ;
#1163 = PLANE ( 'NONE',  #946 ) ;
#1164 = DIRECTION ( 'NONE',  ( 0.0000000000000000000, 1.000000000000000000, 0.0000000000000000000 ) ) ;
#1165 = FILL_AREA_STYLE ('',( #2067 ) ) ;
#1166 = LINE ( 'NONE', #1366, #644 ) ;
#1167 = VECTOR ( 'NONE', #3654, 1000.000000000000000 ) ;
#1168 = CARTESIAN_POINT ( 'NONE',  ( -0.1109352230358329900, -0.001208438396252397000, -0.3300000000000000700 ) ) ;
#1169 = CARTESIAN_POINT ( 'NONE',  ( -0.1101307458671816900, 0.01120632024577145600, -0.3200000000000000600 ) ) ;
#1170 = CARTESIAN_POINT ( 'NONE',  ( -0.08940383648964271600, 0.02641970476352001700, -0.3299999999999999600 ) ) ;
#1171 = FILL_AREA_STYLE ('',( #1700 ) ) ;
#1172 =( NAMED_UNIT ( * ) PLANE_ANGLE_UNIT ( ) SI_UNIT ( $, .RADIAN. ) );
#1173 = VECTOR ( 'NONE', #920, 1000.000000000000000 ) ;
#1174 = CARTESIAN_POINT ( 'NONE',  ( -0.1623666158536584700, 0.03722757615194353900, -0.3300000000000000200 ) ) ;
#1175 = DIRECTION ( 'NONE',  ( 0.0000000000000000000, 0.0000000000000000000, 1.000000000000000000 ) ) ;
#1176 = EDGE_CURVE ( 'NONE', #896, #1284, #1473, .T. ) ;
#1177 = DIRECTION ( 'NONE',  ( -0.0000000000000000000, 0.0000000000000000000, 1.000000000000000000 ) ) ;
#1178 = MECHANICAL_DESIGN_GEOMETRIC_PRESENTATION_REPRESENTATION (  '', ( #1617 ), #2823 ) ;
#1179 = DIRECTION ( 'NONE',  ( -1.000000000000000000, 2.085004177856739300E-016, 0.0000000000000000000 ) ) ;
#1180 = CARTESIAN_POINT ( 'NONE',  ( -0.01097560975609743700, -0.05057730189683695700, -0.3199999999999999500 ) ) ;
#1181 = CARTESIAN_POINT ( 'NONE',  ( 0.08572789634146360500, 0.05064221029828500100, -0.3300000000000000200 ) ) ;
#1182 = UNCERTAINTY_MEASURE_WITH_UNIT (LENGTH_MEASURE( 1.000000000000000100E-005 ), #3283, 'distance_accuracy_value', 'NONE');
#1183 = DIRECTION ( 'NONE',  ( 1.000000000000000000, 0.0000000000000000000, 0.0000000000000000000 ) ) ;
#1184 = PRESENTATION_LAYER_ASSIGNMENT (  '', '', ( #325 ) ) ;
#1185 = DIRECTION ( 'NONE',  ( -1.000000000000000000, 0.0000000000000000000, 0.0000000000000000000 ) ) ;
#1186 = CARTESIAN_POINT ( 'NONE',  ( -0.1609171484905415900, 0.03067116883066852600, -0.3199999999999999000 ) ) ;
#1187 = CARTESIAN_POINT ( 'NONE',  ( 0.1239067176039447500, -0.03832106686943162500, -0.3200000000000000100 ) ) ;
#1188 = COLOUR_RGB ( '',0.8980392156862745400, 0.8980392156862745400, 0.8980392156862745400 ) ;
#1189 = APPLICATION_CONTEXT ( 'automotive_design' ) ;
#1190 = CARTESIAN_POINT ( 'NONE',  ( -0.1628292183807270600, 0.03645883875484417400, -0.3300000000000000200 ) ) ;
#1191 =( NAMED_UNIT ( * ) PLANE_ANGLE_UNIT ( ) SI_UNIT ( $, .RADIAN. ) );
#1192 = CARTESIAN_POINT ( 'NONE',  ( -0.1089782644519529500, 0.01609299604048712600, -0.3299999999999999600 ) ) ;
#1193 = B_SPLINE_CURVE_WITH_KNOTS ( 'NONE', 3,
 ( #2009, #1759, #694, #723, #998, #25, #95, #124, #3012, #2877, #2653, #2348, #1829, #135, #308, #366, #382, #399, #420 ),
 .UNSPECIFIED., .F., .F.,
 ( 4, 1, 1, 1, 1, 1, 1, 1, 1, 1, 1, 1, 1, 1, 1, 1, 4 ),
 ( 0.0000000000000000000, 0.06783324845577358400, 0.1326555365079041300, 0.1950508840508278500, 0.2555829330687771600, 0.3147998341472899600, 0.3736004728263745400, 0.4325455953267435300, 0.4924306292835653500, 0.5526712559629694000, 0.6125130441881163600, 0.6726102503570063900, 0.7338383693139459700, 0.7965942385677738900, 0.8614497992905733000, 0.9291989423509055000, 1.000000000000000000 ),
 .UNSPECIFIED. ) ;
#1194 = EDGE_CURVE ( 'NONE', #2889, #1894, #3651, .T. ) ;
#1195 = ORIENTED_EDGE ( 'NONE', *, *, #2837, .F. ) ;
#1196 = DIRECTION ( 'NONE',  ( -0.0000000000000000000, -0.0000000000000000000, -1.000000000000000000 ) ) ;
#1197 = EDGE_CURVE ( 'NONE', #3548, #2261, #2710, .T. ) ;
#1198 = ORIENTED_EDGE ( 'NONE', *, *, #3257, .T. ) ;
#1199 = DIRECTION ( 'NONE',  ( -0.0000000000000000000, -0.0000000000000000000, -1.000000000000000000 ) ) ;
#1200 = ORIENTED_EDGE ( 'NONE', *, *, #478, .T. ) ;
#1201 = EDGE_LOOP ( 'NONE', ( #749, #3572, #3468 ) ) ;
#1202 =( NAMED_UNIT ( * ) PLANE_ANGLE_UNIT ( ) SI_UNIT ( $, .RADIAN. ) );
#1203 = CARTESIAN_POINT ( 'NONE',  ( -0.1626905487804877800, 0.03722757615194354600, -0.3200000000000000100 ) ) ;
#1204 = ORIENTED_EDGE ( 'NONE', *, *, #1748, .T. ) ;
#1205 = CARTESIAN_POINT ( 'NONE',  ( 0.04268292682926842800, -0.05057730189683695700, -0.3199999999999999500 ) ) ;
#1206 = CARTESIAN_POINT ( 'NONE',  ( -0.3949999999999999100, -0.3949999999999999600, -0.3300000000000000200 ) ) ;
#1207 = ORIENTED_EDGE ( 'NONE', *, *, #2925, .F. ) ;
#1208 = ORIENTED_EDGE ( 'NONE', *, *, #1775, .F. ) ;
#1209 = CARTESIAN_POINT ( 'NONE',  ( -0.1607660060975608900, 0.03021538102999231400, -0.3300000000000000200 ) ) ;
#1210 = ORIENTED_EDGE ( 'NONE', *, *, #49, .F. ) ;
#1211 = CARTESIAN_POINT ( 'NONE',  ( 0.06219512195121969200, 0.03326416151779718700, -0.3199999999999999500 ) ) ;
#1212 = EDGE_CURVE ( 'NONE', #1533, #714, #2630, .T. ) ;
#1213 = ORIENTED_EDGE ( 'NONE', *, *, #2714, .T. ) ;
#1214 = CARTESIAN_POINT ( 'NONE',  ( -0.1089782644519529500, 0.01609299604048712600, -0.3199999999999999000 ) ) ;
#1215 = VECTOR ( 'NONE', #301, 1000.000000000000000 ) ;
#1216 = CARTESIAN_POINT ( 'NONE',  ( -0.06691949388874667000, 0.03791518778647335500, -0.3200000000000000100 ) ) ;
#1217 = CARTESIAN_POINT ( 'NONE',  ( 0.04268292682926842800, 0.04942269810316306200, -0.3199999999999999500 ) ) ;
#1218 = CARTESIAN_POINT ( 'NONE',  ( 0.1451219512195123000, -0.05057730189683695700, -0.3199999999999999500 ) ) ;
#1219 = DIRECTION ( 'NONE',  ( 0.0000000000000000000, 1.000000000000000000, 0.0000000000000000000 ) ) ;
#1220 = CARTESIAN_POINT ( 'NONE',  ( 0.06485116090126333300, 0.03480752022189331800, -0.3199999999999999500 ) ) ;
#1221 = CARTESIAN_POINT ( 'NONE',  ( -0.07464006661400152100, -0.03705569260259079100, -0.3200000000000000100 ) ) ;
#1222 = CARTESIAN_POINT ( 'NONE',  ( -0.09611809749728278400, 0.03624940934329613800, -0.3199999999999998400 ) ) ;
#1223 = CARTESIAN_POINT ( 'NONE',  ( -0.06883040495272435600, -0.04977695670556804600, -0.3199999999999997800 ) ) ;
#1224 = CARTESIAN_POINT ( 'NONE',  ( -0.07442131857660760900, 0.03612917233611468600, -0.3199999999999999000 ) ) ;
#1225 = MECHANICAL_DESIGN_GEOMETRIC_PRESENTATION_REPRESENTATION (  '', ( #1828 ), #3440 ) ;
#1226 = SURFACE_STYLE_FILL_AREA ( #1358 ) ;
#1227 = EDGE_LOOP ( 'NONE', ( #783, #1628, #1683, #434, #2286 ) ) ;
#1228 = ORIENTED_EDGE ( 'NONE', *, *, #444, .T. ) ;
#1229 = ORIENTED_EDGE ( 'NONE', *, *, #478, .F. ) ;
#1230 =( NAMED_UNIT ( * ) PLANE_ANGLE_UNIT ( ) SI_UNIT ( $, .RADIAN. ) );
#1231 = DIRECTION ( 'NONE',  ( -1.000000000000000000, 0.0000000000000000000, 0.0000000000000000000 ) ) ;
#1232 = CARTESIAN_POINT ( 'NONE',  ( -0.1695121951219511500, 0.04942269810316306200, -0.3199999999999999500 ) ) ;
#1233 = CARTESIAN_POINT ( 'NONE',  ( -0.09495739938108656300, 0.01698054624933672400, -0.3299999999999999000 ) ) ;
#1234 = EDGE_LOOP ( 'NONE', ( #2470, #841, #2422 ) ) ;
#1235 = EDGE_CURVE ( 'NONE', #2624, #2628, #7, .T. ) ;
#1236 = ORIENTED_EDGE ( 'NONE', *, *, #458, .T. ) ;
#1237 = VERTEX_POINT ( 'NONE', #719 ) ;
#1238 = VERTEX_POINT ( 'NONE', #417 ) ;
#1239 = DIRECTION ( 'NONE',  ( 1.000000000000000000, 0.0000000000000000000, 0.0000000000000000000 ) ) ;
#1240 = CARTESIAN_POINT ( 'NONE',  ( 0.07408525662929753300, -0.03925979932341185800, -0.3199999999999999000 ) ) ;
#1241 = CARTESIAN_POINT ( 'NONE',  ( -0.1052547431779108000, 0.02503323606791637100, -0.3300000000000000200 ) ) ;
#1242 = CARTESIAN_POINT ( 'NONE',  ( 0.02926829268292696300, -0.03960169214073939300, -0.3199999999999999500 ) ) ;
#1243 = DIRECTION ( 'NONE',  ( -0.9353882635801357100, -0.3536223923290755000, 0.0000000000000000000 ) ) ;
#1244 = EDGE_LOOP ( 'NONE', ( #934, #2784, #2854, #1734 ) ) ;
#1245 = DIRECTION ( 'NONE',  ( -0.0000000000000000000, -1.000000000000000000, -0.0000000000000000000 ) ) ;
#1246 = EDGE_LOOP ( 'NONE', ( #2549, #110, #1507 ) ) ;
#1247 = VECTOR ( 'NONE', #852, 1000.000000000000000 ) ;
#1248 = EDGE_CURVE ( 'NONE', #672, #713, #2160, .T. ) ;
#1249 = CARTESIAN_POINT ( 'NONE',  ( -0.1052547431779108000, 0.02503323606791637100, -0.3199999999999999500 ) ) ;
#1250 = CARTESIAN_POINT ( 'NONE',  ( -0.06285345980521173100, 0.03836061476423540500, -0.3199999999999999500 ) ) ;
#1251 = EDGE_CURVE ( 'NONE', #3018, #3548, #3389, .T. ) ;
#1252 = DIRECTION ( 'NONE',  ( 0.0000000000000000000, -0.0000000000000000000, -1.000000000000000000 ) ) ;
#1253 = CARTESIAN_POINT ( 'NONE',  ( 0.1134706780220307900, -0.03027818149237586700, -0.3300000000000001300 ) ) ;
#1254 = EDGE_LOOP ( 'NONE', ( #943, #3294, #2526, #1591, #3584, #3328 ) ) ;
#1255 = FACE_OUTER_BOUND ( 'NONE', #2964, .T. ) ;
#1256 = CARTESIAN_POINT ( 'NONE',  ( 0.1963414634146342400, 0.04942269810316306200, -0.3199999999999999500 ) ) ;
#1257 = CARTESIAN_POINT ( 'NONE',  ( -0.01097560975609743700, -0.05057730189683695700, -0.3300000000000000200 ) ) ;
#1258 = DIRECTION ( 'NONE',  ( -1.000000000000000000, 0.0000000000000000000, 0.0000000000000000000 ) ) ;
#1259 = PLANE ( 'NONE',  #2970 ) ;
#1260 = PRESENTATION_LAYER_ASSIGNMENT (  '', '', ( #1828 ) ) ;
#1261 = FACE_OUTER_BOUND ( 'NONE', #1201, .T. ) ;
#1262 = ORIENTED_EDGE ( 'NONE', *, *, #2810, .F. ) ;
#1263 = ORIENTED_EDGE ( 'NONE', *, *, #1792, .T. ) ;
#1264 = VERTEX_POINT ( 'NONE', #62 ) ;
#1265 = ORIENTED_EDGE ( 'NONE', *, *, #3351, .T. ) ;
#1266 = CARTESIAN_POINT ( 'NONE',  ( -0.1026501371440441800, 0.02906012652821083100, -0.3300000000000000700 ) ) ;
#1267 = CARTESIAN_POINT ( 'NONE',  ( -0.1641092033900998500, 0.03061436447530335400, -0.3199999999999999500 ) ) ;
#1268 = CARTESIAN_POINT ( 'NONE',  ( -0.2000000000000000700, 0.2000000000000000100, -0.3999999999999999700 ) ) ;
#1269 = CARTESIAN_POINT ( 'NONE',  ( 0.09045548849896670200, 0.2000000000000000100, -0.3300000000000000200 ) ) ;
#1270 = ORIENTED_EDGE ( 'NONE', *, *, #2376, .T. ) ;
#1271 = EDGE_CURVE ( 'NONE', #310, #1726, #3134, .T. ) ;
#1272 = MECHANICAL_DESIGN_GEOMETRIC_PRESENTATION_REPRESENTATION (  '', ( #916 ), #2423 ) ;
#1273 = ORIENTED_EDGE ( 'NONE', *, *, #3430, .F. ) ;
#1274 = CARTESIAN_POINT ( 'NONE',  ( 0.1109376231865951800, -0.03275174670339065600, -0.3199999999999999500 ) ) ;
#1275 = EDGE_LOOP ( 'NONE', ( #673, #1011, #1729, #40 ) ) ;
#1276 = VERTEX_POINT ( 'NONE', #3183 ) ;
#1277 = LINE ( 'NONE', #2766, #1477 ) ;
#1278 = CARTESIAN_POINT ( 'NONE',  ( 0.1451219512195123000, -0.03960169214073939300, -0.3199999999999999500 ) ) ;
#1279 = CARTESIAN_POINT ( 'NONE',  ( -0.1026501371440441800, 0.02906012652821083100, -0.3200000000000000100 ) ) ;
#1280 = CARTESIAN_POINT ( 'NONE',  ( -0.1626905487804877800, 0.03722757615194354600, -0.3300000000000000700 ) ) ;
#1281 = FILL_AREA_STYLE_COLOUR ( '', #1811 ) ;
#1282 = CARTESIAN_POINT ( 'NONE',  ( 0.1231361002593727900, -9.976597328682930900E-005, -0.3199999999999999000 ) ) ;
#1283 = SURFACE_STYLE_FILL_AREA ( #279 ) ;
#1284 = VERTEX_POINT ( 'NONE', #1816 ) ;
#1285 = PRESENTATION_STYLE_ASSIGNMENT (( #3457 ) ) ;
#1286 = LINE ( 'NONE', #341, #1173 ) ;
#1287 = CARTESIAN_POINT ( 'NONE',  ( 0.1103896141848207800, 0.04501711524372583500, -0.3300000000000001300 ) ) ;
#1288 = AXIS2_PLACEMENT_3D ( 'NONE', #1077, #3247, #3517 ) ;
#1289 = EDGE_CURVE ( 'NONE', #3219, #1503, #2162, .T. ) ;
#1290 = ADVANCED_FACE ( 'NONE', ( #372 ), #99, .T. ) ;
#1291 = CARTESIAN_POINT ( 'NONE',  ( -0.09745940671924129000, -0.004132640604956655000, -0.3299999999999999600 ) ) ;
#1292 = DIRECTION ( 'NONE',  ( -1.000000000000000000, 0.0000000000000000000, 0.0000000000000000000 ) ) ;
#1293 = LINE ( 'NONE', #1704, #1341 ) ;
#1294 = CARTESIAN_POINT ( 'NONE',  ( 0.06219512195121969200, 0.03326416151779718700, -0.3199999999999999500 ) ) ;
#1295 = EDGE_CURVE ( 'NONE', #624, #3547, #2806, .T. ) ;
#1296 = MANIFOLD_SOLID_BREP ( '切除-拉伸1', #2498 ) ;
#1297 = VERTEX_POINT ( 'NONE', #2049 ) ;
#1298 = CARTESIAN_POINT ( 'NONE',  ( 0.1082060473926110800, -0.03492409273564251600, -0.3200000000000000100 ) ) ;
#1299 = COLOUR_RGB ( '',0.8980392156862745400, 0.8980392156862745400, 0.8980392156862745400 ) ;
#1300 = DIRECTION ( 'NONE',  ( 1.000000000000000000, 0.0000000000000000000, 0.0000000000000000000 ) ) ;
#1301 = ORIENTED_EDGE ( 'NONE', *, *, #2627, .F. ) ;
#1302 = CARTESIAN_POINT ( 'NONE',  ( 0.1963414634146342400, -0.05057730189683695700, -0.3199999999999999500 ) ) ;
#1303 = CARTESIAN_POINT ( 'NONE',  ( -0.09752646400771634900, -0.001143757266748440200, -0.3300000000000000700 ) ) ;
#1304 = CARTESIAN_POINT ( 'NONE',  ( 0.06718135500635243100, 0.04844249808454053500, -0.3300000000000001300 ) ) ;
#1305 = FILL_AREA_STYLE ('',( #1281 ) ) ;
#1306 = CARTESIAN_POINT ( 'NONE',  ( 0.06763190406264331400, 0.03609189916450297700, -0.3200000000000000100 ) ) ;
#1307 = EDGE_LOOP ( 'NONE', ( #3173, #2907, #1858, #529 ) ) ;
#1308 = CARTESIAN_POINT ( 'NONE',  ( 0.02926829268292696300, -0.03960169214073939300, -0.3199999999999999500 ) ) ;
#1309 = VECTOR ( 'NONE', #999, 1000.000000000000000 ) ;
#1310 = ADVANCED_FACE ( 'NONE', ( #897 ), #336, .F. ) ;
#1311 = CARTESIAN_POINT ( 'NONE',  ( 0.3095445115010332400, -0.2000000000000000100, -0.3300000000000000200 ) ) ;
#1312 = ORIENTED_EDGE ( 'NONE', *, *, #3375, .T. ) ;
#1313 = FILL_AREA_STYLE ('',( #772 ) ) ;
#1314 = CIRCLE ( 'NONE', #1328, 0.1095445115010332500 ) ;
#1315 = AXIS2_PLACEMENT_3D ( 'NONE', #957, #981, #1239 ) ;
#1316 = ORIENTED_EDGE ( 'NONE', *, *, #788, .T. ) ;
#1317 = CARTESIAN_POINT ( 'NONE',  ( -0.09756097560975600400, 0.0003944968836508525100, -0.3300000000000000200 ) ) ;
#1318 = SURFACE_SIDE_STYLE ('',( #1614 ) ) ;
#1319 = CARTESIAN_POINT ( 'NONE',  ( 0.1231361002593727900, -9.976597328682930900E-005, -0.3299999999999999600 ) ) ;
#1320 = EDGE_CURVE ( 'NONE', #1393, #670, #1017, .T. ) ;
#1321 = SPHERICAL_SURFACE ( 'NONE', #3019, 0.1300000000000000000 ) ;
#1322 = STYLED_ITEM ( 'NONE', ( #659 ), #2722 ) ;
#1323 = DIRECTION ( 'NONE',  ( -0.0000000000000000000, -0.0000000000000000000, -1.000000000000000000 ) ) ;
#1324 = FACE_OUTER_BOUND ( 'NONE', #1044, .T. ) ;
#1325 = SURFACE_SIDE_STYLE ('',( #1651 ) ) ;
#1326 = LINE ( 'NONE', #2677, #383 ) ;
#1327 = ADVANCED_FACE ( 'NONE', ( #3556 ), #502, .F. ) ;
#1328 = AXIS2_PLACEMENT_3D ( 'NONE', #712, #125, #111 ) ;
#1329 = VECTOR ( 'NONE', #1185, 1000.000000000000000 ) ;
#1330 = SURFACE_SIDE_STYLE ('',( #3279 ) ) ;
#1331 = CARTESIAN_POINT ( 'NONE',  ( 0.3950000000000001300, -0.3949999999999999600, -0.0000000000000000000 ) ) ;
#1332 = CARTESIAN_POINT ( 'NONE',  ( 0.02926829268292696300, -0.03960169214073939300, -0.3199999999999999500 ) ) ;
#1333 = CARTESIAN_POINT ( 'NONE',  ( -0.3949999999999999100, 0.3950000000000000700, 0.02000000000000000000 ) ) ;
#1334 = CARTESIAN_POINT ( 'NONE',  ( 0.1052699993788693100, -0.03673732541872000400, -0.3199999999999999000 ) ) ;
#1335 = CIRCLE ( 'NONE', #1481, 0.1095445115010332500 ) ;
#1336 = DIRECTION ( 'NONE',  ( 0.0000000000000000000, -1.000000000000000000, 0.0000000000000000000 ) ) ;
#1337 = AXIS2_PLACEMENT_3D ( 'NONE', #992, #2089, #697 ) ;
#1338 = UNCERTAINTY_MEASURE_WITH_UNIT (LENGTH_MEASURE( 1.000000000000000100E-005 ), #970, 'distance_accuracy_value', 'NONE');
#1339 =( NAMED_UNIT ( * ) SI_UNIT ( $, .STERADIAN. ) SOLID_ANGLE_UNIT ( ) );
#1340 = CARTESIAN_POINT ( 'NONE',  ( 0.3950000000000001300, -0.3949999999999999600, 0.02000000000000000000 ) ) ;
#1341 = VECTOR ( 'NONE', #1716, 1000.000000000000000 ) ;
#1342 = CARTESIAN_POINT ( 'NONE',  ( -0.1607660060975608900, 0.03021538102999231400, -0.3199999999999999500 ) ) ;
#1343 = CARTESIAN_POINT ( 'NONE',  ( -0.1628292183807270600, 0.03645883875484417400, -0.3199999999999999500 ) ) ;
#1344 =( NAMED_UNIT ( * ) SI_UNIT ( $, .STERADIAN. ) SOLID_ANGLE_UNIT ( ) );
#1345 = FILL_AREA_STYLE_COLOUR ( '', #1515 ) ;
#1346 = EDGE_CURVE ( 'NONE', #3559, #2943, #2669, .T. ) ;
#1347 = FACE_OUTER_BOUND ( 'NONE', #2443, .T. ) ;
#1348 = CARTESIAN_POINT ( 'NONE',  ( 0.1451219512195123000, -0.05057730189683695700, -0.3199999999999999500 ) ) ;
#1349 = CARTESIAN_POINT ( 'NONE',  ( 0.06308316051399556800, 0.03378017881694510300, -0.3300000000000000200 ) ) ;
#1350 = EDGE_LOOP ( 'NONE', ( #2589, #2083, #256, #574, #2157, #2152, #1046, #2937 ) ) ;
#1351 = ADVANCED_FACE ( 'NONE', ( #443 ), #768, .T. ) ;
#1352 = LINE ( 'NONE', #1970, #1530 ) ;
#1353 = CARTESIAN_POINT ( 'NONE',  ( 0.1021568573112375400, -0.03824091550686047100, -0.3199999999999999000 ) ) ;
#1354 = ORIENTED_EDGE ( 'NONE', *, *, #2575, .T. ) ;
#1355 = CARTESIAN_POINT ( 'NONE',  ( 0.1109376231865951800, -0.03275174670339065600, -0.3300000000000000200 ) ) ;
#1356 = DIRECTION ( 'NONE',  ( 0.0000000000000000000, 0.0000000000000000000, 1.000000000000000000 ) ) ;
#1357 = AXIS2_PLACEMENT_3D ( 'NONE', #2021, #2037, #2246 ) ;
#1358 = FILL_AREA_STYLE ('',( #2880 ) ) ;
#1359 = CARTESIAN_POINT ( 'NONE',  ( 0.1044919053398656700, -0.04998227875134437400, -0.3299999999999999600 ) ) ;
#1360 = VERTEX_POINT ( 'NONE', #830 ) ;
#1361 = CARTESIAN_POINT ( 'NONE',  ( -0.3949999999999999100, 0.3950000000000000700, -0.3300000000000000200 ) ) ;
#1362 = DIRECTION ( 'NONE',  ( -1.000000000000000000, 0.0000000000000000000, 0.0000000000000000000 ) ) ;
#1363 =( NAMED_UNIT ( * ) SI_UNIT ( $, .STERADIAN. ) SOLID_ANGLE_UNIT ( ) );
#1364 = VECTOR ( 'NONE', #2254, 1000.000000000000000 ) ;
#1365 = ORIENTED_EDGE ( 'NONE', *, *, #2238, .F. ) ;
#1366 = CARTESIAN_POINT ( 'NONE',  ( -0.01097560975609743700, -0.05057730189683695700, -0.3199999999999999500 ) ) ;
#1367 = ORIENTED_EDGE ( 'NONE', *, *, #2810, .T. ) ;
#1368 = CARTESIAN_POINT ( 'NONE',  ( -0.05809832317073161700, -0.03960169214073939300, -0.3300000000000000200 ) ) ;
#1369 = SURFACE_STYLE_USAGE ( .BOTH. , #1325 ) ;
#1370 = ORIENTED_EDGE ( 'NONE', *, *, #1748, .F. ) ;
#1371 = CARTESIAN_POINT ( 'NONE',  ( 0.09627109506336098400, 0.04981295731997243500, -0.3199999999999999000 ) ) ;
#1372 = ORIENTED_EDGE ( 'NONE', *, *, #2755, .T. ) ;
#1373 = CARTESIAN_POINT ( 'NONE',  ( 0.1127661367580471100, 0.02852920825274629600, -0.3300000000000000200 ) ) ;
#1374 = ADVANCED_FACE ( 'NONE', ( #2363 ), #1035, .F. ) ;
#1375 = EDGE_CURVE ( 'NONE', #1830, #1407, #13, .T. ) ;
#1376 = CARTESIAN_POINT ( 'NONE',  ( -0.08940383648964271600, 0.02641970476352001700, -0.3199999999999999000 ) ) ;
#1377 = EDGE_LOOP ( 'NONE', ( #1466, #2112, #961, #1906 ) ) ;
#1378 = CIRCLE ( 'NONE', #2890, 0.1300000000000000000 ) ;
#1379 = CARTESIAN_POINT ( 'NONE',  ( -0.1560975609756096700, 0.04942269810316306200, -0.3199999999999999500 ) ) ;
#1380 = LINE ( 'NONE', #1657, #986 ) ;
#1381 =( NAMED_UNIT ( * ) PLANE_ANGLE_UNIT ( ) SI_UNIT ( $, .RADIAN. ) );
#1382 = CARTESIAN_POINT ( 'NONE',  ( 0.1103896141848207800, 0.04501711524372583500, -0.3200000000000000600 ) ) ;
#1383 = AXIS2_PLACEMENT_3D ( 'NONE', #2813, #2830, #2024 ) ;
#1384 = CARTESIAN_POINT ( 'NONE',  ( 0.09885255540600199100, -0.03940339802617116200, -0.3199999999999999500 ) ) ;
#1385 = LINE ( 'NONE', #584, #2639 ) ;
#1386 = DIRECTION ( 'NONE',  ( -0.0000000000000000000, 0.0000000000000000000, 1.000000000000000000 ) ) ;
#1387 = DIRECTION ( 'NONE',  ( 0.0000000000000000000, -1.000000000000000000, 0.0000000000000000000 ) ) ;
#1388 = CARTESIAN_POINT ( 'NONE',  ( -0.07077263129867179800, 0.03718342769276453800, -0.3299999999999999600 ) ) ;
#1389 = CARTESIAN_POINT ( 'NONE',  ( -0.1052568252075439500, -0.02481032864635560700, -0.3199999999999999500 ) ) ;
#1390 = DIRECTION ( 'NONE',  ( -1.000000000000000000, 0.0000000000000000000, 0.0000000000000000000 ) ) ;
#1391 = DIRECTION ( 'NONE',  ( 0.0000000000000000000, -0.0000000000000000000, 1.000000000000000000 ) ) ;
#1392 = CARTESIAN_POINT ( 'NONE',  ( 0.1310504424134386100, 0.02381315005372427000, -0.3300000000000000700 ) ) ;
#1393 = VERTEX_POINT ( 'NONE', #2266 ) ;
#1394 = EDGE_CURVE ( 'NONE', #714, #3219, #1690, .T. ) ;
#1395 = CARTESIAN_POINT ( 'NONE',  ( -0.1109756097560974800, 0.0006803200543825600800, -0.3199999999999999500 ) ) ;
#1396 = LINE ( 'NONE', #3137, #385 ) ;
#1397 = SURFACE_SIDE_STYLE ('',( #1226 ) ) ;
#1398 = CARTESIAN_POINT ( 'NONE',  ( 0.1268855527674399000, -0.03479805616332379300, -0.3199999999999999000 ) ) ;
#1399 = VECTOR ( 'NONE', #2210, 1000.000000000000000 ) ;
#1400 = FILL_AREA_STYLE_COLOUR ( '', #1127 ) ;
#1401 = ORIENTED_EDGE ( 'NONE', *, *, #370, .T. ) ;
#1402 = CARTESIAN_POINT ( 'NONE',  ( 0.1963414634146342400, -0.05057730189683695700, -0.3199999999999999500 ) ) ;
#1403 = AXIS2_PLACEMENT_3D ( 'NONE', #2251, #535, #3208 ) ;
#1404 = CARTESIAN_POINT ( 'NONE',  ( -0.1626905487804877800, 0.03722757615194354600, -0.3200000000000000100 ) ) ;
#1405 = CARTESIAN_POINT ( 'NONE',  ( -0.04390243902439015100, 0.03844708834706549900, -0.3300000000000007400 ) ) ;
#1406 = CARTESIAN_POINT ( 'NONE',  ( -0.01097560975609743700, -0.03960169214073939300, -0.3199999999999999500 ) ) ;
#1407 = VERTEX_POINT ( 'NONE', #220 ) ;
#1408 = CARTESIAN_POINT ( 'NONE',  ( -0.3949999999999999100, 0.3950000000000000700, 0.02000000000000000000 ) ) ;
#1409 = ORIENTED_EDGE ( 'NONE', *, *, #413, .F. ) ;
#1410 = VECTOR ( 'NONE', #465, 1000.000000000000000 ) ;
#1411 = ADVANCED_FACE ( 'NONE', ( #90 ), #33, .T. ) ;
#1412 = ORIENTED_EDGE ( 'NONE', *, *, #940, .T. ) ;
#1413 =( NAMED_UNIT ( * ) SI_UNIT ( $, .STERADIAN. ) SOLID_ANGLE_UNIT ( ) );
#1414 = VERTEX_POINT ( 'NONE', #188 ) ;
#1415 = SURFACE_STYLE_USAGE ( .BOTH. , #2285 ) ;
#1416 = CARTESIAN_POINT ( 'NONE',  ( -0.09756097560975600400, 0.0003944968836508525100, -0.3199999999999999500 ) ) ;
#1417 = ORIENTED_EDGE ( 'NONE', *, *, #1802, .F. ) ;
#1418 = CARTESIAN_POINT ( 'NONE',  ( -0.3949999999999999100, -0.3949999999999999600, 0.0000000000000000000 ) ) ;
#1419 = LINE ( 'NONE', #2597, #1596 ) ;
#1420 = DIRECTION ( 'NONE',  ( -0.0000000000000000000, -0.0000000000000000000, -1.000000000000000000 ) ) ;
#1421 = STYLED_ITEM ( 'NONE', ( #1956 ), #1946 ) ;
#1422 = CARTESIAN_POINT ( 'NONE',  ( 0.08786204268292700800, -0.04082120433586135200, -0.3199999999999999500 ) ) ;
#1423 = EDGE_LOOP ( 'NONE', ( #89, #1109, #3052, #3319 ) ) ;
#1424 = CARTESIAN_POINT ( 'NONE',  ( -0.2085365853658535900, -0.05057730189683695700, -0.3300000000000000200 ) ) ;
#1425 = DIRECTION ( 'NONE',  ( 0.0000000000000000000, 0.0000000000000000000, -1.000000000000000000 ) ) ;
#1426 = EDGE_CURVE ( 'NONE', #2384, #2566, #855, .T. ) ;
#1427 = VECTOR ( 'NONE', #639, 1000.000000000000000 ) ;
#1428 = CARTESIAN_POINT ( 'NONE',  ( 0.1829268292682927600, -0.03960169214073939300, -0.3199999999999999500 ) ) ;
#1429 = AXIS2_PLACEMENT_3D ( 'NONE', #1675, #1800, #2611 ) ;
#1430 = CARTESIAN_POINT ( 'NONE',  ( -0.1073560338185683700, -0.02026696111141052000, -0.3300000000000000700 ) ) ;
#1431 = CARTESIAN_POINT ( 'NONE',  ( -0.05870807926829258600, 0.04942269810316306200, -0.3199999999999999500 ) ) ;
#1432 = CARTESIAN_POINT ( 'NONE',  ( -0.1626905487804877500, 0.03722757615194353900, -0.3199999999999999500 ) ) ;
#1433 = ADVANCED_FACE ( 'NONE', ( #3382 ), #1154, .T. ) ;
#1434 = PLANE ( 'NONE',  #1357 ) ;
#1435 = CARTESIAN_POINT ( 'NONE',  ( -0.3949999999999999100, -0.3949999999999999600, 0.02000000000000000000 ) ) ;
#1436 = CARTESIAN_POINT ( 'NONE',  ( -0.06254447318232823900, -0.03950558169809841000, -0.3300000000000000200 ) ) ;
#1437 = STYLED_ITEM ( 'NONE', ( #2028 ), #1107 ) ;
#1438 = DIRECTION ( 'NONE',  ( 0.0000000000000000000, 1.000000000000000000, 0.0000000000000000000 ) ) ;
#1439 = DIRECTION ( 'NONE',  ( 0.0000000000000000000, -1.000000000000000000, 0.0000000000000000000 ) ) ;
#1440 = PRESENTATION_STYLE_ASSIGNMENT (( #1538 ) ) ;
#1441 = CARTESIAN_POINT ( 'NONE',  ( -0.09503392029514197400, -0.01642249680028448600, -0.3199999999999999000 ) ) ;
#1442 = CARTESIAN_POINT ( 'NONE',  ( -0.1641092033900998500, 0.03061436447530335400, -0.3199999999999999500 ) ) ;
#1443 = CARTESIAN_POINT ( 'NONE',  ( 0.08561356707317091500, 0.03966660054218743000, -0.3199999999999999500 ) ) ;
#1444 = UNCERTAINTY_MEASURE_WITH_UNIT (LENGTH_MEASURE( 1.000000000000000100E-005 ), #578, 'distance_accuracy_value', 'NONE');
#1445 = CARTESIAN_POINT ( 'NONE',  ( -0.09960792505312925100, 0.03281559389451188500, -0.3300000000000000700 ) ) ;
#1446 = DIRECTION ( 'NONE',  ( 1.000000000000000000, 0.0000000000000000000, 0.0000000000000000000 ) ) ;
#1447 = CARTESIAN_POINT ( 'NONE',  ( -0.1458460365853657700, -0.01155291165293451300, -0.3300000000000000200 ) ) ;
#1448 = LINE ( 'NONE', #633, #3359 ) ;
#1449 = ORIENTED_EDGE ( 'NONE', *, *, #3331, .F. ) ;
#1450 = PLANE ( 'NONE',  #3458 ) ;
#1451 = EDGE_CURVE ( 'NONE', #1508, #2889, #1166, .T. ) ;
#1452 = CARTESIAN_POINT ( 'NONE',  ( 0.1040294406025096400, 0.03536627794682258700, -0.3199999999999997800 ) ) ;
#1453 = EDGE_LOOP ( 'NONE', ( #3116, #840, #4, #2014, #2398, #2027 ) ) ;
#1454 = CARTESIAN_POINT ( 'NONE',  ( 0.0000000000000000000, 0.0000000000000000000, 0.0000000000000000000 ) ) ;
#1455 = CARTESIAN_POINT ( 'NONE',  ( 0.07337397553323062000, 0.03809521306488025700, -0.3199999999999999000 ) ) ;
#1456 = CARTESIAN_POINT ( 'NONE',  ( 0.1364565772781531600, 0.003289451444172239000, -0.3199999999999998400 ) ) ;
#1457 = ORIENTED_EDGE ( 'NONE', *, *, #3235, .T. ) ;
#1458 = DIRECTION ( 'NONE',  ( -0.0000000000000000000, -0.0000000000000000000, -1.000000000000000000 ) ) ;
#1459 = CARTESIAN_POINT ( 'NONE',  ( -0.09960792505312925100, 0.03281559389451188500, -0.3200000000000000100 ) ) ;
#1460 = CARTESIAN_POINT ( 'NONE',  ( -0.1458460365853657700, -0.01155291165293451300, -0.3300000000000000200 ) ) ;
#1461 = CARTESIAN_POINT ( 'NONE',  ( -0.08408307916284994700, 0.03117573868231523700, -0.3300000000000001300 ) ) ;
#1462 = ORIENTED_EDGE ( 'NONE', *, *, #226, .F. ) ;
#1463 = CARTESIAN_POINT ( 'NONE',  ( -0.3949999999999999100, -0.3949999999999999600, -0.3300000000000000200 ) ) ;
#1464 = VERTEX_POINT ( 'NONE', #1308 ) ;
#1465 = DIRECTION ( 'NONE',  ( 1.000000000000000000, 0.0000000000000000000, -0.0000000000000000000 ) ) ;
#1466 = ORIENTED_EDGE ( 'NONE', *, *, #832, .F. ) ;
#1467 = STYLED_ITEM ( 'NONE', ( #248 ), #488 ) ;
#1468 = CARTESIAN_POINT ( 'NONE',  ( 0.1231361002593727900, -9.976597328682930900E-005, -0.3199999999999999000 ) ) ;
#1469 = SURFACE_SIDE_STYLE ('',( #1555 ) ) ;
#1470 = ORIENTED_EDGE ( 'NONE', *, *, #3243, .F. ) ;
#1471 =( NAMED_UNIT ( * ) PLANE_ANGLE_UNIT ( ) SI_UNIT ( $, .RADIAN. ) );
#1472 = CARTESIAN_POINT ( 'NONE',  ( -0.008536585365853534300, 0.03844708834706549900, -0.3300000000000000200 ) ) ;
#1473 = LINE ( 'NONE', #741, #2532 ) ;
#1474 = SURFACE_SIDE_STYLE ('',( #3209 ) ) ;
#1475 = CARTESIAN_POINT ( 'NONE',  ( -0.09611809749728278400, 0.03624940934329613800, -0.3299999999999999000 ) ) ;
#1476 = CARTESIAN_POINT ( 'NONE',  ( -0.2085365853658535900, -0.05057730189683695700, -0.3199999999999999500 ) ) ;
#1477 = VECTOR ( 'NONE', #1245, 1000.000000000000000 ) ;
#1478 = CARTESIAN_POINT ( 'NONE',  ( 0.08572789634146360500, 0.05064221029828500100, -0.3300000000000000200 ) ) ;
#1479 = DIRECTION ( 'NONE',  ( 0.0000000000000000000, -1.000000000000000000, 0.0000000000000000000 ) ) ;
#1480 = EDGE_CURVE ( 'NONE', #373, #967, #3474, .T. ) ;
#1481 = AXIS2_PLACEMENT_3D ( 'NONE', #2073, #2191, #2273 ) ;
#1482 = DIRECTION ( 'NONE',  ( -0.0000000000000000000, -0.0000000000000000000, -1.000000000000000000 ) ) ;
#1483 = EDGE_LOOP ( 'NONE', ( #472, #2682, #3503, #1155 ) ) ;
#1484 = LINE ( 'NONE', #12, #1559 ) ;
#1485 = DIRECTION ( 'NONE',  ( 1.000000000000000000, 0.0000000000000000000, 0.0000000000000000000 ) ) ;
#1486 = CARTESIAN_POINT ( 'NONE',  ( -0.1837842987804877400, -0.02252852140903207500, -0.3199999999999999500 ) ) ;
#1487 = CARTESIAN_POINT ( 'NONE',  ( -0.1108576406372621300, 0.006037520137079517200, -0.3299999999999999000 ) ) ;
#1488 = PLANE ( 'NONE',  #1151 ) ;
#1489 = MECHANICAL_DESIGN_GEOMETRIC_PRESENTATION_REPRESENTATION (  '', ( #2270 ), #1048 ) ;
#1490 = PLANE ( 'NONE',  #1429 ) ;
#1491 = CARTESIAN_POINT ( 'NONE',  ( 0.09484103147531078300, -0.05168238546691301900, -0.3299999999999999000 ) ) ;
#1492 = ORIENTED_EDGE ( 'NONE', *, *, #3001, .T. ) ;
#1493 = MANIFOLD_SOLID_BREP ( '切除-拉伸5', #1891 ) ;
#1494 = CARTESIAN_POINT ( 'NONE',  ( 0.1152269957356324000, 0.02563289787509163300, -0.3300000000000000200 ) ) ;
#1495 =( GEOMETRIC_REPRESENTATION_CONTEXT ( 3 ) GLOBAL_UNCERTAINTY_ASSIGNED_CONTEXT ( ( #2541 ) ) GLOBAL_UNIT_ASSIGNED_CONTEXT ( ( #542, #2899, #1363 ) ) REPRESENTATION_CONTEXT ( 'NONE', 'WORKASPACE' ) );
#1496 = CARTESIAN_POINT ( 'NONE',  ( -0.1073507656070195000, 0.02070308228258562600, -0.3200000000000000100 ) ) ;
#1497 = DIRECTION ( 'NONE',  ( 1.000000000000000000, 0.0000000000000000000, 0.0000000000000000000 ) ) ;
#1498 = EDGE_CURVE ( 'NONE', #1464, #2111, #685, .T. ) ;
#1499 = ORIENTED_EDGE ( 'NONE', *, *, #3202, .F. ) ;
#1500 = CARTESIAN_POINT ( 'NONE',  ( 0.08971036585365872700, -0.05179681409195891600, -0.3199999999999999500 ) ) ;
#1501 = EDGE_CURVE ( 'NONE', #1989, #1983, #3079, .T. ) ;
#1502 = ORIENTED_EDGE ( 'NONE', *, *, #2489, .F. ) ;
#1503 = VERTEX_POINT ( 'NONE', #2163 ) ;
#1504 = SURFACE_STYLE_USAGE ( .BOTH. , #2000 ) ;
#1505 = EDGE_LOOP ( 'NONE', ( #1825, #2245, #2686, #2567 ) ) ;
#1506 = ORIENTED_EDGE ( 'NONE', *, *, #2561, .T. ) ;
#1507 = ORIENTED_EDGE ( 'NONE', *, *, #116, .F. ) ;
#1508 = VERTEX_POINT ( 'NONE', #3447 ) ;
#1509 = CARTESIAN_POINT ( 'NONE',  ( -0.1108576406372621300, 0.006037520137079517200, -0.3199999999999998400 ) ) ;
#1510 = CARTESIAN_POINT ( 'NONE',  ( -0.08940383648964271600, 0.02641970476352001700, -0.3199999999999999000 ) ) ;
#1511 = ORIENTED_EDGE ( 'NONE', *, *, #139, .T. ) ;
#1512 = UNCERTAINTY_MEASURE_WITH_UNIT (LENGTH_MEASURE( 1.000000000000000100E-005 ), #782, 'distance_accuracy_value', 'NONE');
#1513 = VECTOR ( 'NONE', #2235, 1000.000000000000000 ) ;
#1514 = ORIENTED_EDGE ( 'NONE', *, *, #3375, .F. ) ;
#1515 = COLOUR_RGB ( '',1.000000000000000000, 1.000000000000000000, 1.000000000000000000 ) ;
#1516 = EDGE_CURVE ( 'NONE', #119, #6, #493, .T. ) ;
#1517 = LINE ( 'NONE', #1643, #1909 ) ;
#1518 = SURFACE_SIDE_STYLE ('',( #483 ) ) ;
#1519 = CARTESIAN_POINT ( 'NONE',  ( -0.2000000000000000700, 0.2000000000000000100, -0.3999999999999999700 ) ) ;
#1520 = LINE ( 'NONE', #2124, #1702 ) ;
#1521 = SURFACE_STYLE_FILL_AREA ( #2552 ) ;
#1522 = DIRECTION ( 'NONE',  ( -0.0000000000000000000, -0.0000000000000000000, -1.000000000000000000 ) ) ;
#1523 = AXIS2_PLACEMENT_3D ( 'NONE', #1745, #1356, #1465 ) ;
#1524 = CARTESIAN_POINT ( 'NONE',  ( -0.1089782644519529500, 0.01609299604048712600, -0.3299999999999999600 ) ) ;
#1525 = CARTESIAN_POINT ( 'NONE',  ( -0.1101307458671816900, 0.01120632024577145600, -0.3300000000000001300 ) ) ;
#1526 = CARTESIAN_POINT ( 'NONE',  ( -0.1695121951219511500, 0.04942269810316306200, -0.3300000000000000200 ) ) ;
#1527 = DIRECTION ( 'NONE',  ( 0.0000000000000000000, -1.000000000000000000, 0.0000000000000000000 ) ) ;
#1528 = CARTESIAN_POINT ( 'NONE',  ( 0.1829268292682927600, 0.04942269810316306200, -0.3300000000000000200 ) ) ;
#1529 = AXIS2_PLACEMENT_3D ( 'NONE', #3620, #3087, #2920 ) ;
#1530 = VECTOR ( 'NONE', #942, 1000.000000000000000 ) ;
#1531 = ORIENTED_EDGE ( 'NONE', *, *, #444, .F. ) ;
#1532 =( LENGTH_UNIT ( ) NAMED_UNIT ( * ) SI_UNIT ( .MILLI., .METRE. ) );
#1533 = VERTEX_POINT ( 'NONE', #2570 ) ;
#1534 = CARTESIAN_POINT ( 'NONE',  ( 0.1365853658536587100, -0.002463734823666223300, -0.3199999999999999500 ) ) ;
#1535 =( GEOMETRIC_REPRESENTATION_CONTEXT ( 3 ) GLOBAL_UNCERTAINTY_ASSIGNED_CONTEXT ( ( #1804 ) ) GLOBAL_UNIT_ASSIGNED_CONTEXT ( ( #1532, #1547, #1564 ) ) REPRESENTATION_CONTEXT ( 'NONE', 'WORKASPACE' ) );
#1536 = ORIENTED_EDGE ( 'NONE', *, *, #2955, .T. ) ;
#1537 = CARTESIAN_POINT ( 'NONE',  ( -0.08386729706456341700, 0.04434484420409868400, -0.3200000000000000100 ) ) ;
#1538 = SURFACE_STYLE_USAGE ( .BOTH. , #1318 ) ;
#1539 = DIRECTION ( 'NONE',  ( 1.000000000000000000, 0.0000000000000000000, 0.0000000000000000000 ) ) ;
#1540 = VERTEX_POINT ( 'NONE', #1697 ) ;
#1541 = PLANE ( 'NONE',  #2855 ) ;
#1542 = EDGE_LOOP ( 'NONE', ( #3511, #1514, #3683, #2778 ) ) ;
#1543 = CARTESIAN_POINT ( 'NONE',  ( 0.08786204268292700800, -0.04082120433586135200, -0.3199999999999999500 ) ) ;
#1544 = EDGE_CURVE ( 'NONE', #1726, #310, #2365, .T. ) ;
#1545 = VERTEX_POINT ( 'NONE', #2188 ) ;
#1546 = VERTEX_POINT ( 'NONE', #2476 ) ;
#1547 =( NAMED_UNIT ( * ) PLANE_ANGLE_UNIT ( ) SI_UNIT ( $, .RADIAN. ) );
#1548 = CARTESIAN_POINT ( 'NONE',  ( 0.08786204268292700800, -0.04082120433586135200, -0.3199999999999999500 ) ) ;
#1549 = DIRECTION ( 'NONE',  ( 1.000000000000000000, 0.0000000000000000000, 0.0000000000000000000 ) ) ;
#1550 = ORIENTED_EDGE ( 'NONE', *, *, #3188, .F. ) ;
#1551 = ORIENTED_EDGE ( 'NONE', *, *, #3643, .F. ) ;
#1552 = CARTESIAN_POINT ( 'NONE',  ( 0.07337397553323062000, 0.03809521306488025700, -0.3199999999999999000 ) ) ;
#1553 = CIRCLE ( 'NONE', #1315, 0.05000000000000005100 ) ;
#1554 = CARTESIAN_POINT ( 'NONE',  ( -0.09176502025776094000, -0.02331795528389808000, -0.3199999999999999500 ) ) ;
#1555 = SURFACE_STYLE_FILL_AREA ( #3192 ) ;
#1556 = DIRECTION ( 'NONE',  ( -1.000000000000000000, 0.0000000000000000000, 0.0000000000000000000 ) ) ;
#1557 = CARTESIAN_POINT ( 'NONE',  ( -0.07928008365969606300, 0.04618934665861473800, -0.3300000000000000700 ) ) ;
#1558 = CARTESIAN_POINT ( 'NONE',  ( 0.09045548849896670200, -0.2000000000000000100, -0.3300000000000000200 ) ) ;
#1559 = VECTOR ( 'NONE', #1611, 1000.000000000000000 ) ;
#1560 = CARTESIAN_POINT ( 'NONE',  ( -0.1026541192411777200, -0.02904718634868499300, -0.3199999999999999000 ) ) ;
#1561 = CARTESIAN_POINT ( 'NONE',  ( 0.07046622837773863800, 0.03720591298191189300, -0.3200000000000000600 ) ) ;
#1562 = EDGE_CURVE ( 'NONE', #1999, #2781, #1419, .T. ) ;
#1563 = CARTESIAN_POINT ( 'NONE',  ( -0.09745940671924129000, -0.004132640604956655000, -0.3199999999999999000 ) ) ;
#1564 =( NAMED_UNIT ( * ) SI_UNIT ( $, .STERADIAN. ) SOLID_ANGLE_UNIT ( ) );
#1565 = ADVANCED_FACE ( 'NONE', ( #682 ), #3619, .T. ) ;
#1566 =( LENGTH_UNIT ( ) NAMED_UNIT ( * ) SI_UNIT ( .MILLI., .METRE. ) );
#1567 = CARTESIAN_POINT ( 'NONE',  ( -0.09228928625050883400, 0.03933764617168376800, -0.3299999999999999600 ) ) ;
#1568 =( LENGTH_UNIT ( ) NAMED_UNIT ( * ) SI_UNIT ( .MILLI., .METRE. ) );
#1569 = CARTESIAN_POINT ( 'NONE',  ( 0.1829268292682927600, 0.04942269810316306200, -0.3199999999999999500 ) ) ;
#1570 = CARTESIAN_POINT ( 'NONE',  ( -0.1607660060975608900, 0.03021538102999231400, -0.3199999999999999500 ) ) ;
#1571 = CARTESIAN_POINT ( 'NONE',  ( -0.07406154072600350200, -0.04871545885996046700, -0.3300000000000001300 ) ) ;
#1572 = COLOUR_RGB ( '',0.3176470588235293900, 0.2470588235294117800, 0.2078431372549019400 ) ;
#1573 = EDGE_LOOP ( 'NONE', ( #2463, #3625, #269, #543 ) ) ;
#1574 = EDGE_LOOP ( 'NONE', ( #489, #3075, #2082, #2170 ) ) ;
#1575 = ADVANCED_FACE ( 'NONE', ( #1794 ), #3464, .T. ) ;
#1576 = CARTESIAN_POINT ( 'NONE',  ( -0.2085365853658535900, -0.05057730189683695700, -0.3199999999999999500 ) ) ;
#1577 = VERTEX_POINT ( 'NONE', #3051 ) ;
#1578 = CARTESIAN_POINT ( 'NONE',  ( -0.3949999999999999100, -0.3949999999999999600, 0.02000000000000000000 ) ) ;
#1579 = ORIENTED_EDGE ( 'NONE', *, *, #3069, .T. ) ;
#1580 = CARTESIAN_POINT ( 'NONE',  ( -0.06414747223705162500, 0.04930145903675173900, -0.3199999999999999000 ) ) ;
#1581 = MECHANICAL_DESIGN_GEOMETRIC_PRESENTATION_REPRESENTATION (  '', ( #363 ), #1495 ) ;
#1582 = ORIENTED_EDGE ( 'NONE', *, *, #2378, .T. ) ;
#1583 = DIRECTION ( 'NONE',  ( 0.0000000000000000000, -1.000000000000000000, 0.0000000000000000000 ) ) ;
#1584 = CARTESIAN_POINT ( 'NONE',  ( -0.1695121951219511500, 0.04942269810316306200, -0.3300000000000000200 ) ) ;
#1585 = B_SPLINE_CURVE_WITH_KNOTS ( 'NONE', 3,
 ( #281, #1168, #1870, #847, #1138, #1430, #1900, #3403, #147, #2875, #3534, #1884, #588, #695, #1571, #2228, #1897, #291, #357 ),
 .UNSPECIFIED., .F., .F.,
 ( 4, 1, 1, 1, 1, 1, 1, 1, 1, 1, 1, 1, 1, 1, 1, 1, 4 ),
 ( 0.0000000000000000000, 0.06806869584499401800, 0.1334274328189550600, 0.1961460338131565100, 0.2570485924493127200, 0.3168826631591619700, 0.3761872086663214400, 0.4359603353635461100, 0.4965352368627262700, 0.5574653434807330700, 0.6176868634101467800, 0.6779436406969060500, 0.7388052848060402400, 0.8009493367665840900, 0.8648146674702266200, 0.9310247810786571600, 1.000000000000000000 ),
 .UNSPECIFIED. ) ;
#1586 =( NAMED_UNIT ( * ) PLANE_ANGLE_UNIT ( ) SI_UNIT ( $, .RADIAN. ) );
#1587 = DIRECTION ( 'NONE',  ( 0.0000000000000000000, -0.0000000000000000000, -1.000000000000000000 ) ) ;
#1588 = CARTESIAN_POINT ( 'NONE',  ( 0.07633684503264902300, 0.03881332970700483000, -0.3199999999999999500 ) ) ;
#1589 = ORIENTED_EDGE ( 'NONE', *, *, #812, .F. ) ;
#1590 = ORIENTED_EDGE ( 'NONE', *, *, #333, .F. ) ;
#1591 = ORIENTED_EDGE ( 'NONE', *, *, #1375, .F. ) ;
#1592 = CARTESIAN_POINT ( 'NONE',  ( -0.09745940671924129000, -0.004132640604956655000, -0.3299999999999999600 ) ) ;
#1593 = SURFACE_STYLE_FILL_AREA ( #3272 ) ;
#1594 = VERTEX_POINT ( 'NONE', #282 ) ;
#1595 = PLANE ( 'NONE',  #1117 ) ;
#1596 = VECTOR ( 'NONE', #3439, 1000.000000000000000 ) ;
#1597 = LINE ( 'NONE', #1126, #1801 ) ;
#1598 = FILL_AREA_STYLE_COLOUR ( '', #3456 ) ;
#1599 = ADVANCED_FACE ( 'NONE', ( #947, #3129 ), #2538, .F. ) ;
#1600 = MECHANICAL_DESIGN_GEOMETRIC_PRESENTATION_REPRESENTATION (  '', ( #1760 ), #1029 ) ;
#1601 = CARTESIAN_POINT ( 'NONE',  ( 0.08561356707317091500, 0.03966660054218743000, -0.3199999999999999500 ) ) ;
#1602 = CARTESIAN_POINT ( 'NONE',  ( -0.09503392029514197400, -0.01642249680028448600, -0.3299999999999999600 ) ) ;
#1603 = CARTESIAN_POINT ( 'NONE',  ( -0.09961806419726458600, -0.03300983885845139300, -0.3200000000000000100 ) ) ;
#1604 = CARTESIAN_POINT ( 'NONE',  ( 0.06219512195121969200, -0.03441876531147110300, -0.3199999999999999500 ) ) ;
#1605 = COLOUR_RGB ( '',1.000000000000000000, 1.000000000000000000, 1.000000000000000000 ) ;
#1606 = SURFACE_STYLE_USAGE ( .BOTH. , #1629 ) ;
#1607 = EDGE_CURVE ( 'NONE', #126, #2261, #168, .T. ) ;
#1608 = LINE ( 'NONE', #1092, #1964 ) ;
#1609 = CARTESIAN_POINT ( 'NONE',  ( -0.09752646400771634900, -0.001143757266748440200, -0.3300000000000000700 ) ) ;
#1610 = CARTESIAN_POINT ( 'NONE',  ( -0.1560975609756096700, 0.04942269810316306200, -0.3199999999999999500 ) ) ;
#1611 = DIRECTION ( 'NONE',  ( 1.000000000000000000, 0.0000000000000000000, 0.0000000000000000000 ) ) ;
#1612 = B_SPLINE_CURVE_WITH_KNOTS ( 'NONE', 3,
 ( #3434, #1442, #2017, #315, #2299, #609, #2592 ),
 .UNSPECIFIED., .F., .F.,
 ( 4, 1, 1, 1, 4 ),
 ( 0.0000000000000000000, 0.1744817153170515600, 0.3982857591281132000, 0.6738978473986673200, 1.000000000000000000 ),
 .UNSPECIFIED. ) ;
#1613 = CARTESIAN_POINT ( 'NONE',  ( -0.2449999999999998800, 0.2450000000000001100, 0.01000000000000000000 ) ) ;
#1614 = SURFACE_STYLE_FILL_AREA ( #1305 ) ;
#1615 =( NAMED_UNIT ( * ) SI_UNIT ( $, .STERADIAN. ) SOLID_ANGLE_UNIT ( ) );
#1616 = EDGE_CURVE ( 'NONE', #2434, #1540, #129, .T. ) ;
#1617 = STYLED_ITEM ( 'NONE', ( #2056 ), #2290 ) ;
#1618 = DIRECTION ( 'NONE',  ( 0.0000000000000000000, -1.000000000000000000, -0.0000000000000000000 ) ) ;
#1619 =( LENGTH_UNIT ( ) NAMED_UNIT ( * ) SI_UNIT ( .MILLI., .METRE. ) );
#1620 = ADVANCED_FACE ( 'NONE', ( #94 ), #1321, .T. ) ;
#1621 = CARTESIAN_POINT ( 'NONE',  ( -0.09752646400771634900, -0.001143757266748440200, -0.3200000000000000100 ) ) ;
#1622 = DIRECTION ( 'NONE',  ( 1.000000000000000000, 0.0000000000000000000, 0.0000000000000000000 ) ) ;
#1623 = PRESENTATION_LAYER_ASSIGNMENT (  '', '', ( #1760 ) ) ;
#1624 = VERTEX_POINT ( 'NONE', #3126 ) ;
#1625 = CARTESIAN_POINT ( 'NONE',  ( 0.3950000000000001300, 0.3950000000000000700, 0.0000000000000000000 ) ) ;
#1626 =( NAMED_UNIT ( * ) SI_UNIT ( $, .STERADIAN. ) SOLID_ANGLE_UNIT ( ) );
#1627 = ORIENTED_EDGE ( 'NONE', *, *, #2690, .T. ) ;
#1628 = ORIENTED_EDGE ( 'NONE', *, *, #343, .F. ) ;
#1629 = SURFACE_SIDE_STYLE ('',( #2475 ) ) ;
#1630 = ORIENTED_EDGE ( 'NONE', *, *, #1271, .T. ) ;
#1631 = ORIENTED_EDGE ( 'NONE', *, *, #525, .F. ) ;
#1632 = ORIENTED_EDGE ( 'NONE', *, *, #2579, .T. ) ;
#1633 = DIRECTION ( 'NONE',  ( 0.0000000000000000000, 0.0000000000000000000, -1.000000000000000000 ) ) ;
#1634 = PLANE ( 'NONE',  #820 ) ;
#1635 = ORIENTED_EDGE ( 'NONE', *, *, #258, .F. ) ;
#1636 = CARTESIAN_POINT ( 'NONE',  ( -0.1620297249338213100, 0.03517029117450445200, -0.3299999999999999000 ) ) ;
#1637 = PRESENTATION_LAYER_ASSIGNMENT (  '', '', ( #2247 ) ) ;
#1638 = ADVANCED_FACE ( 'NONE', ( #1695 ), #2601, .T. ) ;
#1639 = EDGE_CURVE ( 'NONE', #2977, #3498, #1378, .T. ) ;
#1640 = SURFACE_STYLE_FILL_AREA ( #1171 ) ;
#1641 = CARTESIAN_POINT ( 'NONE',  ( 0.06313346102871862700, -0.04591230003455795700, -0.3300000000000000700 ) ) ;
#1642 = CARTESIAN_POINT ( 'NONE',  ( -0.1026541192411777200, -0.02904718634868499300, -0.3299999999999999000 ) ) ;
#1643 = CARTESIAN_POINT ( 'NONE',  ( -0.1458460365853657700, -0.01155291165293451300, -0.3199999999999999500 ) ) ;
#1644 = DIRECTION ( 'NONE',  ( 0.0000000000000000000, 1.000000000000000000, 0.0000000000000000000 ) ) ;
#1645 = ORIENTED_EDGE ( 'NONE', *, *, #1688, .F. ) ;
#1646 = CARTESIAN_POINT ( 'NONE',  ( -0.1424733231707316400, -0.02252852140903207500, -0.3199999999999999500 ) ) ;
#1647 = CARTESIAN_POINT ( 'NONE',  ( -0.08687948164701243800, 0.02895066200329583400, -0.3299999999999999600 ) ) ;
#1648 =( GEOMETRIC_REPRESENTATION_CONTEXT ( 3 ) GLOBAL_UNCERTAINTY_ASSIGNED_CONTEXT ( ( #1512 ) ) GLOBAL_UNIT_ASSIGNED_CONTEXT ( ( #782, #865, #1339 ) ) REPRESENTATION_CONTEXT ( 'NONE', 'WORKASPACE' ) );
#1649 = PLANE ( 'NONE',  #3229 ) ;
#1650 = ORIENTED_EDGE ( 'NONE', *, *, #1735, .F. ) ;
#1651 = SURFACE_STYLE_FILL_AREA ( #1313 ) ;
#1652 = CARTESIAN_POINT ( 'NONE',  ( 0.1109376231865951800, -0.03275174670339065600, -0.3199999999999999500 ) ) ;
#1653 = CARTESIAN_POINT ( 'NONE',  ( 0.1231707317073172700, -0.001644375067568664200, -0.3199999999999999500 ) ) ;
#1654 = CIRCLE ( 'NONE', #2023, 0.05000000000000005100 ) ;
#1655 = CARTESIAN_POINT ( 'NONE',  ( 0.08561356707317091500, 0.03966660054218743000, -0.3300000000000000200 ) ) ;
#1656 = CARTESIAN_POINT ( 'NONE',  ( -0.09961806419726458600, -0.03300983885845139300, -0.3300000000000000200 ) ) ;
#1657 = CARTESIAN_POINT ( 'NONE',  ( -0.1695121951219511500, 0.04942269810316306200, -0.3199999999999999500 ) ) ;
#1658 = FILL_AREA_STYLE_COLOUR ( '', #266 ) ;
#1659 = EDGE_CURVE ( 'NONE', #1264, #1744, #1597, .T. ) ;
#1660 = CARTESIAN_POINT ( 'NONE',  ( -0.1642339939024389500, 0.03021538102999231400, -0.3199999999999999500 ) ) ;
#1661 = DIRECTION ( 'NONE',  ( -0.0000000000000000000, -0.0000000000000000000, -1.000000000000000000 ) ) ;
#1662 = CARTESIAN_POINT ( 'NONE',  ( 0.09627109506336098400, 0.04981295731997243500, -0.3299999999999999600 ) ) ;
#1663 = CARTESIAN_POINT ( 'NONE',  ( -0.2000000000000000700, -0.2000000000000000100, -0.3999999999999999700 ) ) ;
#1664 = LINE ( 'NONE', #1242, #1714 ) ;
#1665 = CARTESIAN_POINT ( 'NONE',  ( 0.1231707317073172700, -0.001644375067568664200, -0.3300000000000000200 ) ) ;
#1666 = CARTESIAN_POINT ( 'NONE',  ( -0.08687948164701243800, 0.02895066200329583400, -0.3199999999999999000 ) ) ;
#1667 = DIRECTION ( 'NONE',  ( -0.0000000000000000000, -0.0000000000000000000, -1.000000000000000000 ) ) ;
#1668 = EDGE_LOOP ( 'NONE', ( #1273, #661, #3633, #561 ) ) ;
#1669 = EDGE_CURVE ( 'NONE', #2942, #2311, #1517, .T. ) ;
#1670 = FILL_AREA_STYLE ('',( #1658 ) ) ;
#1671 = CARTESIAN_POINT ( 'NONE',  ( 0.1357790657095708500, 0.008857147281885512400, -0.3300000000000000700 ) ) ;
#1672 = CARTESIAN_POINT ( 'NONE',  ( -0.09756097560975600400, 0.0003944968836508525100, -0.3199999999999999500 ) ) ;
#1673 = ORIENTED_EDGE ( 'NONE', *, *, #1501, .F. ) ;
#1674 = DIRECTION ( 'NONE',  ( 0.0000000000000000000, -1.000000000000000000, 0.0000000000000000000 ) ) ;
#1675 = CARTESIAN_POINT ( 'NONE',  ( 0.1829268292682927600, 0.04942269810316306200, -0.3199999999999999500 ) ) ;
#1676 = MECHANICAL_DESIGN_GEOMETRIC_PRESENTATION_REPRESENTATION (  '', ( #325 ), #272 ) ;
#1677 =( NAMED_UNIT ( * ) SI_UNIT ( $, .STERADIAN. ) SOLID_ANGLE_UNIT ( ) );
#1678 = CARTESIAN_POINT ( 'NONE',  ( 0.1230686611792921000, 0.002908107580530746800, -0.3300000000000000200 ) ) ;
#1679 = ADVANCED_FACE ( 'NONE', ( #1872 ), #2759, .T. ) ;
#1680 = CARTESIAN_POINT ( 'NONE',  ( -0.1108560574761292800, -0.004910759825433460100, -0.3200000000000000100 ) ) ;
#1681 = CARTESIAN_POINT ( 'NONE',  ( -0.06691949388874667000, 0.03791518778647335500, -0.3300000000000000700 ) ) ;
#1682 = FILL_AREA_STYLE_COLOUR ( '', #378 ) ;
#1683 = ORIENTED_EDGE ( 'NONE', *, *, #1251, .F. ) ;
#1684 = FACE_OUTER_BOUND ( 'NONE', #3246, .T. ) ;
#1685 = ORIENTED_EDGE ( 'NONE', *, *, #3526, .T. ) ;
#1686 = AXIS2_PLACEMENT_3D ( 'NONE', #82, #1583, #642 ) ;
#1687 = CARTESIAN_POINT ( 'NONE',  ( -0.09960792505312925100, 0.03281559389451188500, -0.3200000000000000100 ) ) ;
#1688 = EDGE_CURVE ( 'NONE', #2311, #2711, #2812, .T. ) ;
#1689 = VERTEX_POINT ( 'NONE', #2343 ) ;
#1690 = LINE ( 'NONE', #1130, #980 ) ;
#1691 = FILL_AREA_STYLE_COLOUR ( '', #1299 ) ;
#1692 = CARTESIAN_POINT ( 'NONE',  ( 0.1365541110044783400, -0.004275881393351774400, -0.3299999999999999000 ) ) ;
#1693 = EDGE_CURVE ( 'NONE', #2566, #1297, #2817, .T. ) ;
#1694 = CARTESIAN_POINT ( 'NONE',  ( -0.1616578761130407800, 0.03328539342878218700, -0.3200000000000001200 ) ) ;
#1695 = FACE_OUTER_BOUND ( 'NONE', #302, .T. ) ;
#1696 = CARTESIAN_POINT ( 'NONE',  ( 0.07937037356667145400, 0.03929499077828625700, -0.3199999999999999000 ) ) ;
#1697 = CARTESIAN_POINT ( 'NONE',  ( 0.1829268292682927600, -0.03960169214073939300, -0.3199999999999999500 ) ) ;
#1698 = ADVANCED_FACE ( 'NONE', ( #2949 ), #1012, .T. ) ;
#1699 = FACE_OUTER_BOUND ( 'NONE', #518, .T. ) ;
#1700 = FILL_AREA_STYLE_COLOUR ( '', #891 ) ;
#1701 = CARTESIAN_POINT ( 'NONE',  ( 0.08786204268292700800, -0.04082120433586135200, -0.3300000000000000200 ) ) ;
#1702 = VECTOR ( 'NONE', #509, 1000.000000000000000 ) ;
#1703 = LINE ( 'NONE', #3490, #2869 ) ;
#1704 = CARTESIAN_POINT ( 'NONE',  ( 0.06219512195121969200, -0.03441876531147110300, -0.3300000000000000200 ) ) ;
#1705 = LINE ( 'NONE', #770, #2129 ) ;
#1706 = CARTESIAN_POINT ( 'NONE',  ( 0.1071385730023819300, 0.03341789721561162800, -0.3200000000000000600 ) ) ;
#1707 = CARTESIAN_POINT ( 'NONE',  ( 0.1268855527674399000, -0.03479805616332379300, -0.3299999999999998500 ) ) ;
#1708 = CARTESIAN_POINT ( 'NONE',  ( 0.3950000000000001300, -0.3949999999999999600, -0.3300000000000000200 ) ) ;
#1709 = CARTESIAN_POINT ( 'NONE',  ( -0.1792873475609755300, -0.01155291165293451300, -0.3199999999999999500 ) ) ;
#1710 = CARTESIAN_POINT ( 'NONE',  ( 0.1230686611792921000, 0.002908107580530746800, -0.3199999999999999500 ) ) ;
#1711 = DIRECTION ( 'NONE',  ( 0.9466707760722532500, 0.3222024856061134800, -0.0000000000000000000 ) ) ;
#1712 = SURFACE_STYLE_USAGE ( .BOTH. , #1740 ) ;
#1713 = CARTESIAN_POINT ( 'NONE',  ( -0.09355317127361911800, -0.01999602573478467100, -0.3200000000000000100 ) ) ;
#1714 = VECTOR ( 'NONE', #1258, 1000.000000000000000 ) ;
#1715 = MECHANICAL_DESIGN_GEOMETRIC_PRESENTATION_REPRESENTATION (  '', ( #390 ), #2418 ) ;
#1716 = DIRECTION ( 'NONE',  ( 0.0000000000000000000, -1.000000000000000000, 0.0000000000000000000 ) ) ;
#1717 = DIRECTION ( 'NONE',  ( -0.0000000000000000000, -0.0000000000000000000, -1.000000000000000000 ) ) ;
#1718 = ADVANCED_FACE ( 'NONE', ( #2984 ), #3515, .T. ) ;
#1719 = DIRECTION ( 'NONE',  ( 0.0000000000000000000, -1.000000000000000000, 0.0000000000000000000 ) ) ;
#1720 = FILL_AREA_STYLE ('',( #1682 ) ) ;
#1721 = EDGE_LOOP ( 'NONE', ( #163, #1590 ) ) ;
#1722 = AXIS2_PLACEMENT_3D ( 'NONE', #2998, #3011, #3026 ) ;
#1723 = FACE_BOUND ( 'NONE', #2607, .T. ) ;
#1724 = CARTESIAN_POINT ( 'NONE',  ( 0.08246881367345441900, 0.03961905413719193900, -0.3200000000000000600 ) ) ;
#1725 = CARTESIAN_POINT ( 'NONE',  ( 0.07046622837773863800, 0.03720591298191189300, -0.3300000000000001300 ) ) ;
#1726 = VERTEX_POINT ( 'NONE', #2935 ) ;
#1727 = PLANE ( 'NONE',  #2650 ) ;
#1728 = EDGE_LOOP ( 'NONE', ( #3158, #1824, #1160, #1049 ) ) ;
#1729 = ORIENTED_EDGE ( 'NONE', *, *, #1251, .T. ) ;
#1730 = AXIS2_PLACEMENT_3D ( 'NONE', #1741, #3634, #1089 ) ;
#1731 = ORIENTED_EDGE ( 'NONE', *, *, #930, .F. ) ;
#1732 = CARTESIAN_POINT ( 'NONE',  ( 0.0000000000000000000, 0.0000000000000000000, -0.3199999999999999500 ) ) ;
#1733 = ORIENTED_EDGE ( 'NONE', *, *, #2640, .T. ) ;
#1734 = ORIENTED_EDGE ( 'NONE', *, *, #213, .T. ) ;
#1735 = EDGE_CURVE ( 'NONE', #3600, #2661, #3560, .T. ) ;
#1736 = EDGE_LOOP ( 'NONE', ( #779, #398, #360, #78 ) ) ;
#1737 =( LENGTH_UNIT ( ) NAMED_UNIT ( * ) SI_UNIT ( .MILLI., .METRE. ) );
#1738 = CARTESIAN_POINT ( 'NONE',  ( -0.09228928625050883400, 0.03933764617168376800, -0.3199999999999999000 ) ) ;
#1739 = EDGE_LOOP ( 'NONE', ( #3275, #632 ) ) ;
#1740 = SURFACE_SIDE_STYLE ('',( #128 ) ) ;
#1741 = CARTESIAN_POINT ( 'NONE',  ( 0.1963414634146342400, 0.04942269810316306200, -0.3199999999999999500 ) ) ;
#1742 = CARTESIAN_POINT ( 'NONE',  ( -0.2000000000000000700, 0.2000000000000000100, -0.3999999999999999700 ) ) ;
#1743 = MECHANICAL_DESIGN_GEOMETRIC_PRESENTATION_REPRESENTATION (  '', ( #2753 ), #1798 ) ;
#1744 = VERTEX_POINT ( 'NONE', #2996 ) ;
#1745 = CARTESIAN_POINT ( 'NONE',  ( -0.2449999999999998800, 0.2450000000000001100, 0.01000000000000000000 ) ) ;
#1746 = CARTESIAN_POINT ( 'NONE',  ( 0.09350797510579016100, 0.03901934663245856800, -0.3199999999999999500 ) ) ;
#1747 = CARTESIAN_POINT ( 'NONE',  ( 0.1348835811492979700, -0.01790267989085454100, -0.3199999999999998400 ) ) ;
#1748 = EDGE_CURVE ( 'NONE', #1276, #1989, #646, .T. ) ;
#1749 = SURFACE_STYLE_FILL_AREA ( #2820 ) ;
#1750 = CARTESIAN_POINT ( 'NONE',  ( -0.1560975609756096700, 0.04942269810316306200, -0.3199999999999999500 ) ) ;
#1751 = MECHANICAL_DESIGN_GEOMETRIC_PRESENTATION_REPRESENTATION (  '', ( #2380 ), #1648 ) ;
#1753 = DIRECTION ( 'NONE',  ( -0.0000000000000000000, 1.000000000000000000, 0.0000000000000000000 ) ) ;
#1752 = CARTESIAN_POINT ( 'NONE',  ( -0.05959318755155924200, -0.05054267135922140000, -0.3299999999999999600 ) ) ;
#1754 = CARTESIAN_POINT ( 'NONE',  ( 0.07122760812671394300, -0.04935352156633613500, -0.3299999999999999600 ) ) ;
#1755 = CARTESIAN_POINT ( 'NONE',  ( 0.07896541949741471600, 0.05041356492167689600, -0.3199999999999998400 ) ) ;
#1756 = LINE ( 'NONE', #298, #1427 ) ;
#1757 = CARTESIAN_POINT ( 'NONE',  ( -0.08818789584504464800, 0.04203417503157450000, -0.3300000000000000200 ) ) ;
#1758 = FILL_AREA_STYLE ('',( #804 ) ) ;
#1759 = CARTESIAN_POINT ( 'NONE',  ( 0.09144627200880886500, -0.05175809838347379000, -0.3300000000000000200 ) ) ;
#1760 = STYLED_ITEM ( 'NONE', ( #3176 ), #24 ) ;
#1761 = CARTESIAN_POINT ( 'NONE',  ( -0.05767911585365843900, -0.05057730189683695700, -0.3300000000000000200 ) ) ;
#1762 = CARTESIAN_POINT ( 'NONE',  ( -0.09611809749728278400, 0.03624940934329613800, -0.3299999999999999000 ) ) ;
#1763 =( LENGTH_UNIT ( ) NAMED_UNIT ( * ) SI_UNIT ( .MILLI., .METRE. ) );
#1764 = CARTESIAN_POINT ( 'NONE',  ( 0.1829268292682927600, -0.03960169214073939300, -0.3300000000000000200 ) ) ;
#1765 = DIRECTION ( 'NONE',  ( 1.000000000000000000, 0.0000000000000000000, 0.0000000000000000000 ) ) ;
#1766 = ORIENTED_EDGE ( 'NONE', *, *, #884, .T. ) ;
#1767 = VECTOR ( 'NONE', #1890, 1000.000000000000000 ) ;
#1768 =( NAMED_UNIT ( * ) SI_UNIT ( $, .STERADIAN. ) SOLID_ANGLE_UNIT ( ) );
#1769 =( NAMED_UNIT ( * ) SI_UNIT ( $, .STERADIAN. ) SOLID_ANGLE_UNIT ( ) );
#1770 = ORIENTED_EDGE ( 'NONE', *, *, #2025, .T. ) ;
#1771 = CARTESIAN_POINT ( 'NONE',  ( 0.02926829268292696300, 0.03844708834706549900, -0.3199999999999999500 ) ) ;
#1772 = CARTESIAN_POINT ( 'NONE',  ( -0.05809832317073161700, -0.03960169214073939300, -0.3199999999999999500 ) ) ;
#1773 = FACE_BOUND ( 'NONE', #2978, .T. ) ;
#1774 = CARTESIAN_POINT ( 'NONE',  ( 0.08786204268292700800, -0.04082120433586135200, -0.3300000000000000200 ) ) ;
#1775 = EDGE_CURVE ( 'NONE', #2461, #2323, #275, .T. ) ;
#1776 = FACE_OUTER_BOUND ( 'NONE', #2374, .T. ) ;
#1777 = CARTESIAN_POINT ( 'NONE',  ( 0.08962582733463998800, 0.03958032960100298800, -0.3199999999999999000 ) ) ;
#1778 = VERTEX_POINT ( 'NONE', #1764 ) ;
#1779 = ORIENTED_EDGE ( 'NONE', *, *, #2865, .T. ) ;
#1780 = MANIFOLD_SOLID_BREP ( '阵列(线性)1[2]', #969 ) ;
#1781 = LINE ( 'NONE', #2267, #1157 ) ;
#1782 = CARTESIAN_POINT ( 'NONE',  ( -0.08818789584504464800, 0.04203417503157450000, -0.3199999999999999500 ) ) ;
#1783 = DIRECTION ( 'NONE',  ( -0.0000000000000000000, -0.0000000000000000000, -1.000000000000000000 ) ) ;
#1784 = VERTEX_POINT ( 'NONE', #1094 ) ;
#1785 = ORIENTED_EDGE ( 'NONE', *, *, #812, .T. ) ;
#1786 = CARTESIAN_POINT ( 'NONE',  ( 0.04268292682926842800, -0.05057730189683695700, -0.3300000000000000200 ) ) ;
#1787 = ORIENTED_EDGE ( 'NONE', *, *, #743, .F. ) ;
#1788 = CARTESIAN_POINT ( 'NONE',  ( -0.1616578761130407800, 0.03328539342878218700, -0.3200000000000001200 ) ) ;
#1789 = ORIENTED_EDGE ( 'NONE', *, *, #1295, .F. ) ;
#1790 = CARTESIAN_POINT ( 'NONE',  ( 0.08246881367345441900, 0.03961905413719193900, -0.3300000000000001300 ) ) ;
#1791 = VECTOR ( 'NONE', #818, 1000.000000000000000 ) ;
#1792 = EDGE_CURVE ( 'NONE', #1689, #1050, #56, .T. ) ;
#1793 =( LENGTH_UNIT ( ) NAMED_UNIT ( * ) SI_UNIT ( .MILLI., .METRE. ) );
#1794 = FACE_OUTER_BOUND ( 'NONE', #1574, .T. ) ;
#1795 = FILL_AREA_STYLE ('',( #109 ) ) ;
#1796 = LINE ( 'NONE', #249, #1065 ) ;
#1797 = FILL_AREA_STYLE ('',( #1818 ) ) ;
#1798 =( GEOMETRIC_REPRESENTATION_CONTEXT ( 3 ) GLOBAL_UNCERTAINTY_ASSIGNED_CONTEXT ( ( #2018 ) ) GLOBAL_UNIT_ASSIGNED_CONTEXT ( ( #3438, #690, #380 ) ) REPRESENTATION_CONTEXT ( 'NONE', 'WORKASPACE' ) );
#1799 = LINE ( 'NONE', #742, #1805 ) ;
#1800 = DIRECTION ( 'NONE',  ( 1.000000000000000000, 0.0000000000000000000, -0.0000000000000000000 ) ) ;
#1801 = VECTOR ( 'NONE', #1004, 1000.000000000000000 ) ;
#1802 = EDGE_CURVE ( 'NONE', #3600, #1508, #2164, .T. ) ;
#1803 = VECTOR ( 'NONE', #296, 1000.000000000000200 ) ;
#1804 = UNCERTAINTY_MEASURE_WITH_UNIT (LENGTH_MEASURE( 1.000000000000000100E-005 ), #1532, 'distance_accuracy_value', 'NONE');
#1805 = VECTOR ( 'NONE', #3617, 1000.000000000000000 ) ;
#1806 = PRESENTATION_LAYER_ASSIGNMENT (  '', '', ( #2380 ) ) ;
#1807 = CARTESIAN_POINT ( 'NONE',  ( 0.1218674090743245000, -0.01407042259326884800, -0.3299999999999999600 ) ) ;
#1808 = SURFACE_STYLE_USAGE ( .BOTH. , #46 ) ;
#1809 = CARTESIAN_POINT ( 'NONE',  ( 0.06219512195121969200, -0.03441876531147110300, -0.3199999999999999500 ) ) ;
#1810 = AXIS2_PLACEMENT_3D ( 'NONE', #2853, #3072, #2993 ) ;
#1811 = COLOUR_RGB ( '',0.8980392156862745400, 0.8980392156862745400, 0.8980392156862745400 ) ;
#1812 = FACE_OUTER_BOUND ( 'NONE', #486, .T. ) ;
#1813 = FACE_BOUND ( 'NONE', #2381, .T. ) ;
#1814 = CARTESIAN_POINT ( 'NONE',  ( 0.09721071442396754500, 0.03818005270923151300, -0.3300000000000000700 ) ) ;
#1815 = MECHANICAL_DESIGN_GEOMETRIC_PRESENTATION_REPRESENTATION (  '', ( #2247 ), #1968 ) ;
#1816 = CARTESIAN_POINT ( 'NONE',  ( -0.04390243902439015100, 0.03844708834706549900, -0.3199999999999999500 ) ) ;
#1817 =( NAMED_UNIT ( * ) PLANE_ANGLE_UNIT ( ) SI_UNIT ( $, .RADIAN. ) );
#1818 = FILL_AREA_STYLE_COLOUR ( '', #1034 ) ;
#1819 = CARTESIAN_POINT ( 'NONE',  ( 0.1225936129110466500, 0.007301751922446075700, -0.3200000000000000100 ) ) ;
#1820 = EDGE_CURVE ( 'NONE', #2652, #2781, #1952, .T. ) ;
#1821 = EDGE_LOOP ( 'NONE', ( #121, #1896, #1148, #1457 ) ) ;
#1822 = UNCERTAINTY_MEASURE_WITH_UNIT (LENGTH_MEASURE( 1.000000000000000100E-005 ), #1135, 'distance_accuracy_value', 'NONE');
#1823 = VERTEX_POINT ( 'NONE', #3293 ) ;
#1824 = ORIENTED_EDGE ( 'NONE', *, *, #1972, .F. ) ;
#1825 = ORIENTED_EDGE ( 'NONE', *, *, #2376, .F. ) ;
#1826 = DIRECTION ( 'NONE',  ( -1.000000000000000000, 0.0000000000000000000, 0.0000000000000000000 ) ) ;
#1827 = ORIENTED_EDGE ( 'NONE', *, *, #2659, .T. ) ;
#1828 = STYLED_ITEM ( 'NONE', ( #474 ), #665 ) ;
#1829 = CARTESIAN_POINT ( 'NONE',  ( 0.1316988156574530900, -0.02690091391883349400, -0.3299999999999999600 ) ) ;
#1830 = VERTEX_POINT ( 'NONE', #498 ) ;
#1831 = EDGE_LOOP ( 'NONE', ( #2670, #1506 ) ) ;
#1832 = VECTOR ( 'NONE', #1661, 1000.000000000000000 ) ;
#1833 = COLOUR_RGB ( '',0.2509803921568627400, 0.2509803921568627400, 0.2509803921568627400 ) ;
#1834 = CARTESIAN_POINT ( 'NONE',  ( 0.1358590348318221600, -0.01299560824760091900, -0.3300000000000000200 ) ) ;
#1835 = LINE ( 'NONE', #1379, #457 ) ;
#1836 = B_SPLINE_CURVE_WITH_KNOTS ( 'NONE', 3,
 ( #1548, #634, #2706, #2048, #3248, #1240, #3530, #3261, #435, #2123, #1852 ),
 .UNSPECIFIED., .F., .F.,
 ( 4, 1, 1, 1, 1, 1, 1, 1, 4 ),
 ( 0.0000000000000000000, 0.1352946047634291100, 0.2667656579247482100, 0.3948160188358723100, 0.5200516544342460600, 0.6421757029708217200, 0.7626518205584232900, 0.8818340043805019700, 1.000000000000000000 ),
 .UNSPECIFIED. ) ;
#1837 = CARTESIAN_POINT ( 'NONE',  ( -0.2000000000000000700, -0.2000000000000000100, -0.3999999999999999700 ) ) ;
#1838 = CARTESIAN_POINT ( 'NONE',  ( 0.08455835410222867200, 0.03965064648255355700, -0.3200000000000000100 ) ) ;
#1839 = LINE ( 'NONE', #1361, #2091 ) ;
#1840 =( GEOMETRIC_REPRESENTATION_CONTEXT ( 3 ) GLOBAL_UNCERTAINTY_ASSIGNED_CONTEXT ( ( #2442 ) ) GLOBAL_UNIT_ASSIGNED_CONTEXT ( ( #1568, #1586, #1626 ) ) REPRESENTATION_CONTEXT ( 'NONE', 'WORKASPACE' ) );
#1841 = CARTESIAN_POINT ( 'NONE',  ( -0.09756097560975600400, 0.0003944968836508525100, -0.3199999999999999500 ) ) ;
#1842 = DIRECTION ( 'NONE',  ( -0.0000000000000000000, -0.0000000000000000000, 1.000000000000000000 ) ) ;
#1843 = CARTESIAN_POINT ( 'NONE',  ( 0.07459426937465010700, -0.05023900652247316500, -0.3300000000000000200 ) ) ;
#1844 = DIRECTION ( 'NONE',  ( -0.0000000000000000000, 1.000000000000000000, 0.0000000000000000000 ) ) ;
#1845 = AXIS2_PLACEMENT_3D ( 'NONE', #2581, #1164, #3164 ) ;
#1846 = LINE ( 'NONE', #1108, #2969 ) ;
#1847 = CARTESIAN_POINT ( 'NONE',  ( -0.09756097560975600400, 0.0003944968836508525100, -0.3300000000000000200 ) ) ;
#1848 = LINE ( 'NONE', #3199, #2623 ) ;
#1849 = COLOUR_RGB ( '',0.8980392156862745400, 0.8980392156862745400, 0.8980392156862745400 ) ;
#1850 = CARTESIAN_POINT ( 'NONE',  ( 0.04268292682926842800, 0.04942269810316306200, -0.3199999999999999500 ) ) ;
#1851 = LINE ( 'NONE', #557, #1364 ) ;
#1852 = CARTESIAN_POINT ( 'NONE',  ( 0.06219512195121969200, -0.03441876531147110300, -0.3199999999999999500 ) ) ;
#1853 = CARTESIAN_POINT ( 'NONE',  ( -0.2000000000000000400, -0.2000000000000000100, -0.3300000000000000200 ) ) ;
#1854 = CARTESIAN_POINT ( 'NONE',  ( 0.08183645892948228400, -0.05143266843605853700, -0.3299999999999999600 ) ) ;
#1855 = B_SPLINE_CURVE_WITH_KNOTS ( 'NONE', 3,
 ( #2763, #3118, #3323, #563, #3311, #3276, #2449, #2454, #2546, #2704, #2739, #2842, #1287, #807, #286, #431, #497, #485, #1024 ),
 .UNSPECIFIED., .F., .F.,
 ( 4, 1, 1, 1, 1, 1, 1, 1, 1, 1, 1, 1, 1, 1, 1, 1, 4 ),
 ( 0.0000000000000000000, 0.07064371857535412000, 0.1382567155089046400, 0.2033641242175801000, 0.2663240938030566100, 0.3279047615429893600, 0.3887377151730921900, 0.4494235281093023600, 0.5108610114593155100, 0.5720793960475145700, 0.6317344287314451400, 0.6911172105788376800, 0.7503600294901705500, 0.8100329005312619800, 0.8713624508287362000, 0.9344271412311534500, 1.000000000000000000 ),
 .UNSPECIFIED. ) ;
#1856 = DIRECTION ( 'NONE',  ( 1.000000000000000000, 0.0000000000000000000, 0.0000000000000000000 ) ) ;
#1857 = CARTESIAN_POINT ( 'NONE',  ( 0.1225936129110466500, 0.007301751922446075700, -0.3300000000000000700 ) ) ;
#1858 = ORIENTED_EDGE ( 'NONE', *, *, #2936, .F. ) ;
#1859 = VERTEX_POINT ( 'NONE', #433 ) ;
#1860 = PRESENTATION_LAYER_ASSIGNMENT (  '', '', ( #2788 ) ) ;
#1861 = ORIENTED_EDGE ( 'NONE', *, *, #222, .T. ) ;
#1862 = CARTESIAN_POINT ( 'NONE',  ( 0.1082060473926110800, -0.03492409273564251600, -0.3200000000000000100 ) ) ;
#1863 = DIRECTION ( 'NONE',  ( -0.0000000000000000000, 1.000000000000000000, 0.0000000000000000000 ) ) ;
#1864 = ADVANCED_FACE ( 'NONE', ( #596 ), #2829, .T. ) ;
#1865 = CARTESIAN_POINT ( 'NONE',  ( -0.2000000000000000400, 0.2000000000000000100, -0.3300000000000000200 ) ) ;
#1866 = EDGE_LOOP ( 'NONE', ( #797, #1145, #1210, #484 ) ) ;
#1867 = CARTESIAN_POINT ( 'NONE',  ( -0.1109352230358329900, -0.001208438396252397000, -0.3200000000000000100 ) ) ;
#1868 = CARTESIAN_POINT ( 'NONE',  ( 0.04268292682926842800, 0.04942269810316306200, -0.3300000000000000200 ) ) ;
#1869 = SURFACE_SIDE_STYLE ('',( #2065 ) ) ;
#1870 = CARTESIAN_POINT ( 'NONE',  ( -0.1108560574761292800, -0.004910759825433460100, -0.3300000000000000700 ) ) ;
#1871 = ORIENTED_EDGE ( 'NONE', *, *, #2356, .F. ) ;
#1872 = FACE_OUTER_BOUND ( 'NONE', #1234, .T. ) ;
#1873 = EDGE_CURVE ( 'NONE', #1577, #1533, #902, .T. ) ;
#1874 = FACE_OUTER_BOUND ( 'NONE', #481, .T. ) ;
#1875 = CARTESIAN_POINT ( 'NONE',  ( 0.1082060473926110800, -0.03492409273564251600, -0.3300000000000000700 ) ) ;
#1876 = FACE_OUTER_BOUND ( 'NONE', #157, .T. ) ;
#1877 =( GEOMETRIC_REPRESENTATION_CONTEXT ( 3 ) GLOBAL_UNCERTAINTY_ASSIGNED_CONTEXT ( ( #3177 ) ) GLOBAL_UNIT_ASSIGNED_CONTEXT ( ( #815, #1202, #610 ) ) REPRESENTATION_CONTEXT ( 'NONE', 'WORKASPACE' ) );
#1878 = LINE ( 'NONE', #93, #3609 ) ;
#1879 = EDGE_CURVE ( 'NONE', #1823, #713, #495, .T. ) ;
#1880 = DIRECTION ( 'NONE',  ( -0.0000000000000000000, -0.0000000000000000000, 1.000000000000000000 ) ) ;
#1881 = CARTESIAN_POINT ( 'NONE',  ( 0.06219512195121969200, 0.04667879566413865600, -0.3199999999999999500 ) ) ;
#1882 = LINE ( 'NONE', #332, #2064 ) ;
#1883 = CARTESIAN_POINT ( 'NONE',  ( 0.1365853658536587100, -0.002463734823666223300, -0.3199999999999999500 ) ) ;
#1884 = CARTESIAN_POINT ( 'NONE',  ( -0.08814046045559431600, -0.04278923222611148700, -0.3300000000000001800 ) ) ;
#1885 = EDGE_CURVE ( 'NONE', #670, #3163, #983, .T. ) ;
#1886 = ADVANCED_FACE ( 'NONE', ( #1324 ), #1595, .T. ) ;
#1887 = CARTESIAN_POINT ( 'NONE',  ( -0.06254447318232823900, -0.03950558169809841000, -0.3199999999999999500 ) ) ;
#1888 = DIRECTION ( 'NONE',  ( -0.0000000000000000000, 0.0000000000000000000, -1.000000000000000000 ) ) ;
#1889 = CARTESIAN_POINT ( 'NONE',  ( 0.09980027766185824200, -0.05104553024101880100, -0.3299999999999999000 ) ) ;
#1890 = DIRECTION ( 'NONE',  ( -0.0000000000000000000, -0.0000000000000000000, -1.000000000000000000 ) ) ;
#1891 = CLOSED_SHELL ( 'NONE', ( #1040, #1310, #2738, #3599, #468, #1374, #1059, #806, #867, #1005, #3171, #1914, #216, #1886, #3674, #1565, #769, #826, #1433, #3130, #2145, #233, #2274, #3400, #1141, #2464, #751, #159, #3576, #785, #550, #3315, #1411, #3658, #566, #607, #1864, #1638, #737, #2798, #503, #1351, #190, #3350, #1327, #1290, #1575, #522, #2229, #2483, #1083, #1698, #172, #1992, #3376, #3301, #1898, #3335, #283, #10, #2536, #3632, #2185, #24, #2722 ) ) ;
#1892 = SURFACE_STYLE_FILL_AREA ( #3122 ) ;
#1893 = DIRECTION ( 'NONE',  ( 0.9417224702971436200, 0.3363908276654484800, -0.0000000000000000000 ) ) ;
#1894 = VERTEX_POINT ( 'NONE', #1850 ) ;
#1895 = CARTESIAN_POINT ( 'NONE',  ( 0.1231429497223045900, -0.003106495637145787900, -0.3300000000000000200 ) ) ;
#1896 = ORIENTED_EDGE ( 'NONE', *, *, #2644, .F. ) ;
#1897 = CARTESIAN_POINT ( 'NONE',  ( -0.06334459889918575600, -0.05047479856640602800, -0.3300000000000001300 ) ) ;
#1898 = ADVANCED_FACE ( 'NONE', ( #1119 ), #3325, .T. ) ;
#1899 = DIRECTION ( 'NONE',  ( 1.000000000000000000, 0.0000000000000000000, 0.0000000000000000000 ) ) ;
#1900 = CARTESIAN_POINT ( 'NONE',  ( -0.1052568252075439500, -0.02481032864635560700, -0.3300000000000000200 ) ) ;
#1901 = ORIENTED_EDGE ( 'NONE', *, *, #2172, .F. ) ;
#1902 = ORIENTED_EDGE ( 'NONE', *, *, #2579, .F. ) ;
#1903 = DIRECTION ( 'NONE',  ( -0.3222024856061134200, 0.9466707760722531400, 0.0000000000000000000 ) ) ;
#1904 =( NAMED_UNIT ( * ) PLANE_ANGLE_UNIT ( ) SI_UNIT ( $, .RADIAN. ) );
#1905 = AXIS2_PLACEMENT_3D ( 'NONE', #971, #2103, #987 ) ;
#1906 = ORIENTED_EDGE ( 'NONE', *, *, #3643, .T. ) ;
#1907 = DIRECTION ( 'NONE',  ( 0.0000000000000000000, -1.000000000000000000, 0.0000000000000000000 ) ) ;
#1908 = ORIENTED_EDGE ( 'NONE', *, *, #1669, .T. ) ;
#1909 = VECTOR ( 'NONE', #3627, 1000.000000000000000 ) ;
#1910 = CARTESIAN_POINT ( 'NONE',  ( 0.06219512195121970600, -0.04539437506756868100, -0.3200000000000000100 ) ) ;
#1911 = CARTESIAN_POINT ( 'NONE',  ( 0.06485116090126333300, 0.03480752022189331800, -0.3300000000000000200 ) ) ;
#1912 = SHAPE_DEFINITION_REPRESENTATION ( #2341, #492 ) ;
#1913 = EDGE_CURVE ( 'NONE', #2362, #1594, #1277, .T. ) ;
#1914 = ADVANCED_FACE ( 'NONE', ( #1699 ), #1025, .T. ) ;
#1915 = CARTESIAN_POINT ( 'NONE',  ( 0.1231429497223045900, -0.003106495637145787900, -0.3199999999999999500 ) ) ;
#1916 = CARTESIAN_POINT ( 'NONE',  ( 0.08229534399428185800, 0.05061760484825610800, -0.3300000000000000700 ) ) ;
#1917 = PRODUCT ( 'WCSPD-4_L0.8-W0.8-R2-C2-P0.40-TL', 'WCSPD-4_L0.8-W0.8-R2-C2-P0.40-TL', '', ( #2615 ) ) ;
#1918 = CARTESIAN_POINT ( 'NONE',  ( -0.09612785924042750700, -0.03664399458526029100, -0.3200000000000000600 ) ) ;
#1919 = EDGE_CURVE ( 'NONE', #880, #2354, #1796, .T. ) ;
#1920 = CARTESIAN_POINT ( 'NONE',  ( 0.09166866776632817700, -0.04072309597162890300, -0.3300000000000000700 ) ) ;
#1921 = CARTESIAN_POINT ( 'NONE',  ( 0.06763190406264331400, 0.03609189916450297700, -0.3300000000000000700 ) ) ;
#1922 = CARTESIAN_POINT ( 'NONE',  ( 0.08665450062635135500, -0.04080535028111929900, -0.3199999999999999000 ) ) ;
#1923 = CARTESIAN_POINT ( 'NONE',  ( 0.08971036585365872700, -0.05179681409195891600, -0.3300000000000000200 ) ) ;
#1924 = DIRECTION ( 'NONE',  ( 1.224646799147353200E-016, 1.000000000000000000, 0.0000000000000000000 ) ) ;
#1925 = EDGE_CURVE ( 'NONE', #2584, #1545, #2070, .T. ) ;
#1926 = CARTESIAN_POINT ( 'NONE',  ( -0.1616578761130407800, 0.03328539342878218700, -0.3300000000000001800 ) ) ;
#1927 = CARTESIAN_POINT ( 'NONE',  ( -0.06054526567492755200, 0.04938174890790483100, -0.3299999999999999600 ) ) ;
#1928 = DIRECTION ( 'NONE',  ( -0.0000000000000000000, -0.0000000000000000000, -1.000000000000000000 ) ) ;
#1929 = DIRECTION ( 'NONE',  ( -0.0000000000000000000, 1.000000000000000000, 0.0000000000000000000 ) ) ;
#1930 = ORIENTED_EDGE ( 'NONE', *, *, #1095, .F. ) ;
#1931 = FILL_AREA_STYLE_COLOUR ( '', #1605 ) ;
#1932 = B_SPLINE_CURVE_WITH_KNOTS ( 'NONE', 3,
 ( #2147, #2115, #1110, #1051, #1006, #996, #185, #917, #3659, #3181, #3616, #3671, #762, #1602, #1084, #437, #1291, #1303, #1317 ),
 .UNSPECIFIED., .F., .F.,
 ( 4, 1, 1, 1, 1, 1, 1, 1, 1, 1, 1, 1, 1, 1, 1, 1, 4 ),
 ( 0.0000000000000000000, 0.07082657255516279500, 0.1381690332797996200, 0.2024753315338423100, 0.2639737544135193900, 0.3233803205980372300, 0.3817976227131852900, 0.4393900745193888300, 0.4969027245459971500, 0.5546621696093698700, 0.6127418784921970800, 0.6715388363911721800, 0.7316557220901979100, 0.7942978116139529600, 0.8594822049793583400, 0.9276813254527898100, 1.000000000000000000 ),
 .UNSPECIFIED. ) ;
#1933 = ORIENTED_EDGE ( 'NONE', *, *, #262, .T. ) ;
#1934 = CARTESIAN_POINT ( 'NONE',  ( -0.08961278367129837900, -0.02635533961971016000, -0.3300000000000000200 ) ) ;
#1935 = DIRECTION ( 'NONE',  ( -0.0000000000000000000, -0.0000000000000000000, -1.000000000000000000 ) ) ;
#1936 = FACE_OUTER_BOUND ( 'NONE', #2386, .T. ) ;
#1937 = FILL_AREA_STYLE ('',( #2797 ) ) ;
#1938 = EDGE_CURVE ( 'NONE', #3025, #2353, #1553, .T. ) ;
#1939 = ORIENTED_EDGE ( 'NONE', *, *, #2514, .T. ) ;
#1940 = CARTESIAN_POINT ( 'NONE',  ( -0.08408307916284994700, 0.03117573868231523700, -0.3200000000000000600 ) ) ;
#1941 = CARTESIAN_POINT ( 'NONE',  ( 0.02926829268292696300, -0.03960169214073939300, -0.3300000000000000200 ) ) ;
#1942 = ORIENTED_EDGE ( 'NONE', *, *, #1607, .T. ) ;
#1943 = CARTESIAN_POINT ( 'NONE',  ( 0.1451219512195123000, -0.03960169214073939300, -0.3300000000000000200 ) ) ;
#1944 = CARTESIAN_POINT ( 'NONE',  ( 0.08455835410222867200, 0.03965064648255355700, -0.3300000000000000700 ) ) ;
#1945 = CARTESIAN_POINT ( 'NONE',  ( 0.1285877509321171900, 0.02822333384311688500, -0.3199999999999999000 ) ) ;
#1946 = ADVANCED_FACE ( 'NONE', ( #1874 ), #836, .F. ) ;
#1947 = CARTESIAN_POINT ( 'NONE',  ( -0.04390243902439015100, -0.03960169214073939300, -0.3300000000000000200 ) ) ;
#1948 = CARTESIAN_POINT ( 'NONE',  ( 0.08665450062635135500, -0.04080535028111929900, -0.3299999999999999600 ) ) ;
#1949 = DIRECTION ( 'NONE',  ( 1.000000000000000000, 0.0000000000000000000, 0.0000000000000000000 ) ) ;
#1950 = VECTOR ( 'NONE', #349, 1000.000000000000000 ) ;
#1951 = ORIENTED_EDGE ( 'NONE', *, *, #2667, .F. ) ;
#1952 = LINE ( 'NONE', #2803, #687 ) ;
#1953 = CARTESIAN_POINT ( 'NONE',  ( -0.05865091463414624800, 0.03844708834706549900, -0.3300000000000000200 ) ) ;
#1954 = LINE ( 'NONE', #2318, #2059 ) ;
#1955 = DIRECTION ( 'NONE',  ( 0.0000000000000000000, 1.000000000000000000, 0.0000000000000000000 ) ) ;
#1956 = PRESENTATION_STYLE_ASSIGNMENT (( #1369 ) ) ;
#1957 = CARTESIAN_POINT ( 'NONE',  ( 0.08753401403843498500, 0.05060018779693967900, -0.3199999999999999500 ) ) ;
#1958 = LINE ( 'NONE', #284, #1803 ) ;
#1959 = CARTESIAN_POINT ( 'NONE',  ( -0.06285345980521173100, 0.03836061476423540500, -0.3300000000000000200 ) ) ;
#1960 = CIRCLE ( 'NONE', #705, 0.1300000000000000000 ) ;
#1961 = CARTESIAN_POINT ( 'NONE',  ( 0.07937037356667145400, 0.03929499077828625700, -0.3299999999999999600 ) ) ;
#1962 = CARTESIAN_POINT ( 'NONE',  ( 0.08914671018404871100, -0.04078809452747302100, -0.3199999999999999500 ) ) ;
#1963 = ORIENTED_EDGE ( 'NONE', *, *, #3257, .F. ) ;
#1964 = VECTOR ( 'NONE', #1387, 1000.000000000000000 ) ;
#1965 = CARTESIAN_POINT ( 'NONE',  ( -0.008536585365853534300, 0.03844708834706549900, -0.3199999999999999500 ) ) ;
#1966 = EDGE_CURVE ( 'NONE', #2052, #1393, #2716, .T. ) ;
#1967 = CARTESIAN_POINT ( 'NONE',  ( 0.1231707317073172700, -0.001644375067568664200, -0.3199999999999999500 ) ) ;
#1968 =( GEOMETRIC_REPRESENTATION_CONTEXT ( 3 ) GLOBAL_UNCERTAINTY_ASSIGNED_CONTEXT ( ( #2156 ) ) GLOBAL_UNIT_ASSIGNED_CONTEXT ( ( #2931, #2939, #3205 ) ) REPRESENTATION_CONTEXT ( 'NONE', 'WORKASPACE' ) );
#1969 = CARTESIAN_POINT ( 'NONE',  ( 0.04268292682926842800, -0.05057730189683695700, -0.3300000000000000200 ) ) ;
#1970 = CARTESIAN_POINT ( 'NONE',  ( -0.3949999999999999100, -0.3949999999999999600, 0.0000000000000000000 ) ) ;
#1971 = CARTESIAN_POINT ( 'NONE',  ( -0.09698564991366889800, -0.008488784467900391300, -0.3200000000000001200 ) ) ;
#1972 = EDGE_CURVE ( 'NONE', #2353, #3025, #3031, .T. ) ;
#1973 = CARTESIAN_POINT ( 'NONE',  ( -0.1609171484905415900, 0.03067116883066852600, -0.3199999999999999000 ) ) ;
#1974 = FILL_AREA_STYLE ('',( #1345 ) ) ;
#1975 = ORIENTED_EDGE ( 'NONE', *, *, #2238, .T. ) ;
#1976 = LINE ( 'NONE', #3251, #2139 ) ;
#1977 = CARTESIAN_POINT ( 'NONE',  ( -0.09746450037321778600, 0.004903873268138290700, -0.3199999999999999000 ) ) ;
#1978 = MECHANICAL_DESIGN_GEOMETRIC_PRESENTATION_REPRESENTATION (  '', ( #2788 ), #1840 ) ;
#1979 = DIRECTION ( 'NONE',  ( 0.0000000000000000000, -1.000000000000000000, 0.0000000000000000000 ) ) ;
#1980 = CARTESIAN_POINT ( 'NONE',  ( 0.08561356707317091500, 0.03966660054218743000, -0.3300000000000000200 ) ) ;
#1981 = VECTOR ( 'NONE', #2527, 1000.000000000000000 ) ;
#1982 = CARTESIAN_POINT ( 'NONE',  ( -0.006097560975609626200, -0.005455350677324758200, -0.3199999999999999500 ) ) ;
#1983 = VERTEX_POINT ( 'NONE', #2169 ) ;
#1984 = CARTESIAN_POINT ( 'NONE',  ( -0.1792873475609755300, -0.01155291165293450600, -0.3300000000000000200 ) ) ;
#1985 = CARTESIAN_POINT ( 'NONE',  ( 0.1206377465836594200, 0.01536534577596553700, -0.3200000000000001200 ) ) ;
#1986 = VECTOR ( 'NONE', #3095, 1000.000000000000000 ) ;
#1987 = DIRECTION ( 'NONE',  ( 0.0000000000000000000, -0.0000000000000000000, 1.000000000000000000 ) ) ;
#1988 = LINE ( 'NONE', #2446, #2898 ) ;
#1989 = VERTEX_POINT ( 'NONE', #2414 ) ;
#1990 = DIRECTION ( 'NONE',  ( -0.0000000000000000000, -0.0000000000000000000, -1.000000000000000000 ) ) ;
#1991 = PLANE ( 'NONE',  #293 ) ;
#1992 = ADVANCED_FACE ( 'NONE', ( #3185 ), #1026, .T. ) ;
#1993 = ORIENTED_EDGE ( 'NONE', *, *, #2165, .F. ) ;
#1994 = CARTESIAN_POINT ( 'NONE',  ( 0.08427354277694211500, -0.04077409022199547000, -0.3199999999999999000 ) ) ;
#1995 = PRESENTATION_LAYER_ASSIGNMENT (  '', '', ( #363 ) ) ;
#1996 =( NAMED_UNIT ( * ) SI_UNIT ( $, .STERADIAN. ) SOLID_ANGLE_UNIT ( ) );
#1997 = ORIENTED_EDGE ( 'NONE', *, *, #1480, .T. ) ;
#1998 = DIRECTION ( 'NONE',  ( 0.0000000000000000000, -1.000000000000000000, 0.0000000000000000000 ) ) ;
#1999 = VERTEX_POINT ( 'NONE', #858 ) ;
#2000 = SURFACE_SIDE_STYLE ('',( #3538 ) ) ;
#2001 = CARTESIAN_POINT ( 'NONE',  ( 0.1100656891080875100, 0.03114831197815687600, -0.3300000000000000200 ) ) ;
#2002 = EDGE_CURVE ( 'NONE', #1540, #1778, #2539, .T. ) ;
#2003 = AXIS2_PLACEMENT_3D ( 'NONE', #1613, #31, #753 ) ;
#2004 = CARTESIAN_POINT ( 'NONE',  ( -0.06334459889918575600, -0.05047479856640602800, -0.3200000000000000600 ) ) ;
#2005 = COLOUR_RGB ( '',0.8980392156862745400, 0.8980392156862745400, 0.8980392156862745400 ) ;
#2006 = CARTESIAN_POINT ( 'NONE',  ( 0.1217736965080964800, 0.01145161338905180900, -0.3199999999999997800 ) ) ;
#2007 = CARTESIAN_POINT ( 'NONE',  ( 0.08246881367345441900, 0.03961905413719193900, -0.3300000000000001300 ) ) ;
#2008 = ORIENTED_EDGE ( 'NONE', *, *, #936, .F. ) ;
#2009 = CARTESIAN_POINT ( 'NONE',  ( 0.08971036585365872700, -0.05179681409195891600, -0.3300000000000000200 ) ) ;
#2010 = DIRECTION ( 'NONE',  ( 0.0000000000000000000, -1.000000000000000000, 0.0000000000000000000 ) ) ;
#2011 = PRESENTATION_STYLE_ASSIGNMENT (( #655 ) ) ;
#2012 = MECHANICAL_DESIGN_GEOMETRIC_PRESENTATION_REPRESENTATION (  '', ( #2325 ), #3034 ) ;
#2013 = DIRECTION ( 'NONE',  ( -0.0000000000000000000, -0.0000000000000000000, -1.000000000000000000 ) ) ;
#2014 = ORIENTED_EDGE ( 'NONE', *, *, #3615, .T. ) ;
#2015 = CARTESIAN_POINT ( 'NONE',  ( -0.05865091463414624800, 0.03844708834706549900, -0.3199999999999999500 ) ) ;
#2016 = ADVANCED_FACE ( 'NONE', ( #319 ), #3402, .T. ) ;
#2017 = CARTESIAN_POINT ( 'NONE',  ( -0.1638243466998233800, 0.03152511563399353100, -0.3199999999999998400 ) ) ;
#2018 = UNCERTAINTY_MEASURE_WITH_UNIT (LENGTH_MEASURE( 1.000000000000000100E-005 ), #3438, 'distance_accuracy_value', 'NONE');
#2019 = CARTESIAN_POINT ( 'NONE',  ( -0.3949999999999999100, 0.3950000000000000700, 0.02000000000000000000 ) ) ;
#2020 = CARTESIAN_POINT ( 'NONE',  ( 0.07937037356667145400, 0.03929499077828625700, -0.3299999999999999600 ) ) ;
#2021 = CARTESIAN_POINT ( 'NONE',  ( 0.0000000000000000000, 0.0000000000000000000, -0.3300000000000000200 ) ) ;
#2022 = DIRECTION ( 'NONE',  ( -0.3536223923290755000, 0.9353882635801357100, 0.0000000000000000000 ) ) ;
#2023 = AXIS2_PLACEMENT_3D ( 'NONE', #2214, #2234, #2260 ) ;
#2024 = DIRECTION ( 'NONE',  ( 1.000000000000000000, 0.0000000000000000000, 0.0000000000000000000 ) ) ;
#2025 = EDGE_CURVE ( 'NONE', #3681, #2174, #1835, .T. ) ;
#2026 = CARTESIAN_POINT ( 'NONE',  ( -0.05870807926829258600, 0.04942269810316306200, -0.3199999999999999500 ) ) ;
#2027 = ORIENTED_EDGE ( 'NONE', *, *, #3331, .T. ) ;
#2028 = PRESENTATION_STYLE_ASSIGNMENT (( #3228 ) ) ;
#2029 = DIRECTION ( 'NONE',  ( 0.0000000000000000000, 1.000000000000000000, 0.0000000000000000000 ) ) ;
#2030 = CARTESIAN_POINT ( 'NONE',  ( 0.1103896141848207800, 0.04501711524372583500, -0.3200000000000000600 ) ) ;
#2031 = FACE_OUTER_BOUND ( 'NONE', #997, .T. ) ;
#2032 = AXIS2_PLACEMENT_3D ( 'NONE', #516, #533, #575 ) ;
#2033 = VECTOR ( 'NONE', #1076, 1000.000000000000000 ) ;
#2034 = CARTESIAN_POINT ( 'NONE',  ( 0.08229534399428185800, 0.05061760484825610800, -0.3300000000000000700 ) ) ;
#2035 = CARTESIAN_POINT ( 'NONE',  ( 0.07633684503264902300, 0.03881332970700483000, -0.3300000000000000200 ) ) ;
#2036 = EDGE_LOOP ( 'NONE', ( #1113, #1685, #1367, #2426, #3422, #1061 ) ) ;
#2037 = DIRECTION ( 'NONE',  ( 0.0000000000000000000, 0.0000000000000000000, -1.000000000000000000 ) ) ;
#2038 = ORIENTED_EDGE ( 'NONE', *, *, #3046, .T. ) ;
#2039 = AXIS2_PLACEMENT_3D ( 'NONE', #215, #2370, #1121 ) ;
#2040 = CARTESIAN_POINT ( 'NONE',  ( 0.1191709487912730000, 0.01903760879928888600, -0.3199999999999999000 ) ) ;
#2041 = CARTESIAN_POINT ( 'NONE',  ( -0.1949999999999998400, 0.2450000000000001100, 0.02000000000000000000 ) ) ;
#2042 = ORIENTED_EDGE ( 'NONE', *, *, #2128, .T. ) ;
#2043 =( NAMED_UNIT ( * ) SI_UNIT ( $, .STERADIAN. ) SOLID_ANGLE_UNIT ( ) );
#2044 = LINE ( 'NONE', #1418, #1309 ) ;
#2045 = CARTESIAN_POINT ( 'NONE',  ( 0.1364565772781531600, 0.003289451444172239000, -0.3299999999999999000 ) ) ;
#2046 = CARTESIAN_POINT ( 'NONE',  ( -0.1642339939024389500, 0.03021538102999231400, -0.3300000000000000200 ) ) ;
#2047 = VERTEX_POINT ( 'NONE', #1331 ) ;
#2048 = CARTESIAN_POINT ( 'NONE',  ( 0.08076235459284086800, -0.04045329272710944400, -0.3200000000000000600 ) ) ;
#2049 = CARTESIAN_POINT ( 'NONE',  ( -0.3949999999999999100, 0.3950000000000000700, 0.0000000000000000000 ) ) ;
#2050 = DIRECTION ( 'NONE',  ( 1.000000000000000000, 0.0000000000000000000, 0.0000000000000000000 ) ) ;
#2051 = EDGE_LOOP ( 'NONE', ( #594, #3063, #307, #3489, #432, #1901 ) ) ;
#2052 = VERTEX_POINT ( 'NONE', #1416 ) ;
#2053 = CARTESIAN_POINT ( 'NONE',  ( -0.1612438620541267500, 0.03165641230644509300, -0.3199999999999999500 ) ) ;
#2054 = CARTESIAN_POINT ( 'NONE',  ( -0.07085981535096419500, -0.03819074208515842900, -0.3199999999999999500 ) ) ;
#2055 = EDGE_CURVE ( 'NONE', #150, #730, #546, .T. ) ;
#2056 = PRESENTATION_STYLE_ASSIGNMENT (( #218 ) ) ;
#2057 = PRESENTATION_STYLE_ASSIGNMENT (( #2199 ) ) ;
#2058 = FACE_OUTER_BOUND ( 'NONE', #1505, .T. ) ;
#2059 = VECTOR ( 'NONE', #775, 1000.000000000000000 ) ;
#2060 = CARTESIAN_POINT ( 'NONE',  ( -0.1792873475609755300, -0.01155291165293451300, -0.3199999999999999500 ) ) ;
#2061 = CARTESIAN_POINT ( 'NONE',  ( -0.1182926829268291900, -0.05057730189683695700, -0.3300000000000000200 ) ) ;
#2062 = EDGE_CURVE ( 'NONE', #2174, #2272, #1380, .T. ) ;
#2063 = EDGE_LOOP ( 'NONE', ( #1009, #79, #3412, #2357 ) ) ;
#2064 = VECTOR ( 'NONE', #2516, 1000.000000000000000 ) ;
#2065 = SURFACE_STYLE_FILL_AREA ( #1797 ) ;
#2066 = CARTESIAN_POINT ( 'NONE',  ( 0.1173392787691772300, 0.02244022680806718000, -0.3199999999999999000 ) ) ;
#2067 = FILL_AREA_STYLE_COLOUR ( '', #3135 ) ;
#2068 = FACE_OUTER_BOUND ( 'NONE', #2843, .T. ) ;
#2069 = CARTESIAN_POINT ( 'NONE',  ( -0.04390243902439015100, -0.03960169214073939300, -0.3199999999999999500 ) ) ;
#2070 = B_SPLINE_CURVE_WITH_KNOTS ( 'NONE', 3,
 ( #729, #182, #2155, #3258, #211, #148, #141, #423, #3552, #445, #460 ),
 .UNSPECIFIED., .F., .F.,
 ( 4, 1, 1, 1, 1, 1, 1, 1, 4 ),
 ( 0.0000000000000000000, 0.1352946047634291100, 0.2667656579247482100, 0.3948160188358723100, 0.5200516544342460600, 0.6421757029708217200, 0.7626518205584232900, 0.8818340043805019700, 1.000000000000000000 ),
 .UNSPECIFIED. ) ;
#2071 = CARTESIAN_POINT ( 'NONE',  ( -0.06007484225479024100, 0.03841778893015606500, -0.3200000000000000100 ) ) ;
#2072 = EDGE_CURVE ( 'NONE', #2311, #794, #691, .T. ) ;
#2073 = CARTESIAN_POINT ( 'NONE',  ( 0.1999999999999999800, 0.2000000000000000100, -0.3300000000000000200 ) ) ;
#2074 = EDGE_CURVE ( 'NONE', #361, #2465, #1654, .T. ) ;
#2075 = DIRECTION ( 'NONE',  ( 0.3393303772748769700, 0.9406672605435407700, 0.0000000000000000000 ) ) ;
#2076 = EDGE_LOOP ( 'NONE', ( #2968, #2805, #2424, #1200 ) ) ;
#2077 = ORIENTED_EDGE ( 'NONE', *, *, #2489, .T. ) ;
#2078 =( NAMED_UNIT ( * ) SI_UNIT ( $, .STERADIAN. ) SOLID_ANGLE_UNIT ( ) );
#2079 = ORIENTED_EDGE ( 'NONE', *, *, #1501, .T. ) ;
#2080 = VERTEX_POINT ( 'NONE', #1348 ) ;
#2081 = ORIENTED_EDGE ( 'NONE', *, *, #3211, .T. ) ;
#2082 = ORIENTED_EDGE ( 'NONE', *, *, #2108, .T. ) ;
#2083 = ORIENTED_EDGE ( 'NONE', *, *, #2025, .F. ) ;
#2084 = CARTESIAN_POINT ( 'NONE',  ( -0.03048780487804868600, 0.04942269810316306200, -0.3300000000000000200 ) ) ;
#2085 = CARTESIAN_POINT ( 'NONE',  ( -0.1182926829268291900, -0.05057730189683695700, -0.3199999999999999500 ) ) ;
#2086 = PLANE ( 'NONE',  #3502 ) ;
#2087 = CARTESIAN_POINT ( 'NONE',  ( 0.1071385730023819300, 0.03341789721561162800, -0.3300000000000001300 ) ) ;
#2088 = LINE ( 'NONE', #874, #2335 ) ;
#2089 = DIRECTION ( 'NONE',  ( 0.0000000000000000000, 1.000000000000000000, 0.0000000000000000000 ) ) ;
#2090 = EDGE_LOOP ( 'NONE', ( #3413, #355, #2571, #850 ) ) ;
#2091 = VECTOR ( 'NONE', #1485, 1000.000000000000000 ) ;
#2092 = DIRECTION ( 'NONE',  ( 1.000000000000000000, 0.0000000000000000000, 0.0000000000000000000 ) ) ;
#2093 = CARTESIAN_POINT ( 'NONE',  ( 0.1451219512195123000, -0.05057730189683695700, -0.3300000000000000200 ) ) ;
#2094 = CARTESIAN_POINT ( 'NONE',  ( 0.1451219512195123000, -0.05057730189683695700, -0.3199999999999999500 ) ) ;
#2095 = CARTESIAN_POINT ( 'NONE',  ( 0.1100656891080875100, 0.03114831197815687600, -0.3199999999999999500 ) ) ;
#2096 = AXIS2_PLACEMENT_3D ( 'NONE', #838, #2227, #886 ) ;
#2097 = LINE ( 'NONE', #2118, #2835 ) ;
#2098 = EDGE_CURVE ( 'NONE', #2111, #2661, #376, .T. ) ;
#2099 = FACE_OUTER_BOUND ( 'NONE', #1377, .T. ) ;
#2100 = CARTESIAN_POINT ( 'NONE',  ( 0.09144627200880886500, -0.05175809838347379000, -0.3199999999999999500 ) ) ;
#2101 = AXIS2_PLACEMENT_3D ( 'NONE', #2863, #2825, #1391 ) ;
#2102 = CARTESIAN_POINT ( 'NONE',  ( -0.06414747223705162500, 0.04930145903675173900, -0.3299999999999999600 ) ) ;
#2103 = DIRECTION ( 'NONE',  ( 0.0000000000000000000, -1.000000000000000000, 0.0000000000000000000 ) ) ;
#2104 = VERTEX_POINT ( 'NONE', #2187 ) ;
#2105 = SURFACE_STYLE_USAGE ( .BOTH. , #1869 ) ;
#2106 = CARTESIAN_POINT ( 'NONE',  ( 0.1100656891080875100, 0.03114831197815687600, -0.3300000000000000200 ) ) ;
#2107 = SURFACE_STYLE_FILL_AREA ( #863 ) ;
#2108 = EDGE_CURVE ( 'NONE', #1264, #2509, #1140, .T. ) ;
#2109 = ORIENTED_EDGE ( 'NONE', *, *, #843, .T. ) ;
#2110 =( GEOMETRIC_REPRESENTATION_CONTEXT ( 3 ) GLOBAL_UNCERTAINTY_ASSIGNED_CONTEXT ( ( #3386 ) ) GLOBAL_UNIT_ASSIGNED_CONTEXT ( ( #331, #345, #905 ) ) REPRESENTATION_CONTEXT ( 'NONE', 'WORKASPACE' ) );
#2111 = VERTEX_POINT ( 'NONE', #1941 ) ;
#2112 = ORIENTED_EDGE ( 'NONE', *, *, #3571, .F. ) ;
#2113 = DIRECTION ( 'NONE',  ( 0.0000000000000000000, 0.0000000000000000000, 1.000000000000000000 ) ) ;
#2114 =( GEOMETRIC_REPRESENTATION_CONTEXT ( 3 ) GLOBAL_UNCERTAINTY_ASSIGNED_CONTEXT ( ( #309 ) ) GLOBAL_UNIT_ASSIGNED_CONTEXT ( ( #2769, #2645, #2638 ) ) REPRESENTATION_CONTEXT ( 'NONE', 'WORKASPACE' ) );
#2115 = CARTESIAN_POINT ( 'NONE',  ( -0.05960508004788892700, -0.03956912124906047900, -0.3300000000000000700 ) ) ;
#2116 = CARTESIAN_POINT ( 'NONE',  ( -0.1182926829268291900, -0.05057730189683695700, -0.3199999999999999500 ) ) ;
#2117 =( LENGTH_UNIT ( ) NAMED_UNIT ( * ) SI_UNIT ( .MILLI., .METRE. ) );
#2118 = CARTESIAN_POINT ( 'NONE',  ( -0.006097560975609626200, -0.005455350677324758200, -0.3199999999999999500 ) ) ;
#2119 = CLOSED_SHELL ( 'NONE', ( #1620, #1679, #1122 ) ) ;
#2120 = ORIENTED_EDGE ( 'NONE', *, *, #245, .T. ) ;
#2121 = CARTESIAN_POINT ( 'NONE',  ( -0.05960508004788892700, -0.03956912124906047900, -0.3300000000000000700 ) ) ;
#2122 = PRESENTATION_STYLE_ASSIGNMENT (( #1808 ) ) ;
#2123 = CARTESIAN_POINT ( 'NONE',  ( 0.06311435496410335000, -0.03493652072927486800, -0.3200000000000000100 ) ) ;
#2124 = CARTESIAN_POINT ( 'NONE',  ( 0.06219512195121969200, -0.03441876531147110300, -0.3199999999999999500 ) ) ;
#2125 = PLANE ( 'NONE',  #1722 ) ;
#2126 =( NAMED_UNIT ( * ) PLANE_ANGLE_UNIT ( ) SI_UNIT ( $, .RADIAN. ) );
#2127 = CARTESIAN_POINT ( 'NONE',  ( 0.1127661367580471100, 0.02852920825274629600, -0.3199999999999999500 ) ) ;
#2128 = EDGE_CURVE ( 'NONE', #2052, #896, #2338, .T. ) ;
#2129 = VECTOR ( 'NONE', #2218, 1000.000000000000000 ) ;
#2130 = ADVANCED_FACE ( 'NONE', ( #1073 ), #2402, .F. ) ;
#2131 = LINE ( 'NONE', #1881, #2824 ) ;
#2132 = CARTESIAN_POINT ( 'NONE',  ( -0.09611809749728278400, 0.03624940934329613800, -0.3199999999999998400 ) ) ;
#2133 = CARTESIAN_POINT ( 'NONE',  ( 0.1829268292682927600, -0.03960169214073939300, -0.3199999999999999500 ) ) ;
#2134 = CARTESIAN_POINT ( 'NONE',  ( 0.06308316051399556800, 0.03378017881694510300, -0.3300000000000000200 ) ) ;
#2135 = CARTESIAN_POINT ( 'NONE',  ( 0.1963414634146342400, -0.05057730189683695700, -0.3300000000000000200 ) ) ;
#2136 = MANIFOLD_SOLID_BREP ( '阵列(线性)1[1]', #430 ) ;
#2137 = FILL_AREA_STYLE_COLOUR ( '', #2832 ) ;
#2138 = PRESENTATION_LAYER_ASSIGNMENT (  '', '', ( #1102 ) ) ;
#2139 = VECTOR ( 'NONE', #2746, 1000.000000000000000 ) ;
#2140 = EDGE_CURVE ( 'NONE', #1894, #1784, #1703, .T. ) ;
#2141 = FACE_OUTER_BOUND ( 'NONE', #2859, .T. ) ;
#2142 = CARTESIAN_POINT ( 'NONE',  ( 0.1218674090743245000, -0.01407042259326884800, -0.3299999999999999600 ) ) ;
#2143 = EDGE_LOOP ( 'NONE', ( #2401, #1152, #3500, #2660 ) ) ;
#2144 = AXIS2_PLACEMENT_3D ( 'NONE', #872, #1139, #1115 ) ;
#2145 = ADVANCED_FACE ( 'NONE', ( #2986 ), #2388, .T. ) ;
#2146 =( NAMED_UNIT ( * ) SI_UNIT ( $, .STERADIAN. ) SOLID_ANGLE_UNIT ( ) );
#2147 = CARTESIAN_POINT ( 'NONE',  ( -0.05809832317073161700, -0.03960169214073939300, -0.3300000000000000200 ) ) ;
#2148 = CARTESIAN_POINT ( 'NONE',  ( 0.06718135500635243100, 0.04844249808454053500, -0.3200000000000000600 ) ) ;
#2149 = CARTESIAN_POINT ( 'NONE',  ( -0.03048780487804868600, -0.05057730189683695700, -0.3199999999999999500 ) ) ;
#2150 = CARTESIAN_POINT ( 'NONE',  ( 0.1152269957356324000, 0.02563289787509163300, -0.3199999999999999500 ) ) ;
#2151 = ORIENTED_EDGE ( 'NONE', *, *, #3545, .F. ) ;
#2152 = ORIENTED_EDGE ( 'NONE', *, *, #1873, .F. ) ;
#2153 = LINE ( 'NONE', #2906, #2848 ) ;
#2154 = ORIENTED_EDGE ( 'NONE', *, *, #2002, .T. ) ;
#2155 = CARTESIAN_POINT ( 'NONE',  ( 0.08427354277694211500, -0.04077409022199547000, -0.3299999999999999600 ) ) ;
#2156 = UNCERTAINTY_MEASURE_WITH_UNIT (LENGTH_MEASURE( 1.000000000000000100E-005 ), #2931, 'distance_accuracy_value', 'NONE');
#2157 = ORIENTED_EDGE ( 'NONE', *, *, #1212, .F. ) ;
#2158 = ORIENTED_EDGE ( 'NONE', *, *, #201, .F. ) ;
#2159 = CARTESIAN_POINT ( 'NONE',  ( 0.08572789634146360500, 0.05064221029828500100, -0.3199999999999999500 ) ) ;
#2160 = CIRCLE ( 'NONE', #3449, 0.1095445115010332500 ) ;
#2161 = DIRECTION ( 'NONE',  ( -0.3536223923290755000, 0.9353882635801357100, 0.0000000000000000000 ) ) ;
#2162 = LINE ( 'NONE', #2085, #3646 ) ;
#2163 = CARTESIAN_POINT ( 'NONE',  ( -0.1182926829268291900, -0.05057730189683695700, -0.3300000000000000200 ) ) ;
#2164 = LINE ( 'NONE', #3604, #544 ) ;
#2165 = EDGE_CURVE ( 'NONE', #167, #310, #1960, .T. ) ;
#2166 = DIRECTION ( 'NONE',  ( 0.0000000000000000000, -1.000000000000000000, 0.0000000000000000000 ) ) ;
#2167 = CARTESIAN_POINT ( 'NONE',  ( -0.1607660060975608900, 0.03021538102999231400, -0.3199999999999999500 ) ) ;
#2168 = PRESENTATION_STYLE_ASSIGNMENT (( #2520 ) ) ;
#2169 = CARTESIAN_POINT ( 'NONE',  ( 0.08561356707317091500, 0.03966660054218743000, -0.3300000000000000200 ) ) ;
#2170 = ORIENTED_EDGE ( 'NONE', *, *, #96, .T. ) ;
#2171 = VECTOR ( 'NONE', #2205, 1000.000000000000000 ) ;
#2172 = EDGE_CURVE ( 'NONE', #2080, #150, #3186, .T. ) ;
#2173 = DIRECTION ( 'NONE',  ( -0.0000000000000000000, -0.0000000000000000000, 1.000000000000000000 ) ) ;
#2174 = VERTEX_POINT ( 'NONE', #1232 ) ;
#2175 = LINE ( 'NONE', #475, #2219 ) ;
#2176 = CARTESIAN_POINT ( 'NONE',  ( 0.1217736965080964800, 0.01145161338905180900, -0.3299999999999998500 ) ) ;
#2177 = EDGE_CURVE ( 'NONE', #1778, #2323, #3431, .T. ) ;
#2178 = AXIS2_PLACEMENT_3D ( 'NONE', #1837, #1753, #1765 ) ;
#2179 = CARTESIAN_POINT ( 'NONE',  ( 0.1231707317073172700, -0.001644375067568664200, -0.3199999999999999500 ) ) ;
#2180 = PLANE ( 'NONE',  #2558 ) ;
#2181 = CARTESIAN_POINT ( 'NONE',  ( -0.006097560975609626200, -0.005455350677324758200, -0.3300000000000000200 ) ) ;
#2182 = MECHANICAL_DESIGN_GEOMETRIC_PRESENTATION_REPRESENTATION (  '', ( #271 ), #3006 ) ;
#2183 = CARTESIAN_POINT ( 'NONE',  ( 0.1231707317073172700, -0.001644375067568664200, -0.3300000000000000200 ) ) ;
#2184 = STYLED_ITEM ( 'NONE', ( #3274 ), #849 ) ;
#2185 = ADVANCED_FACE ( 'NONE', ( #2916 ), #2086, .F. ) ;
#2186 = CARTESIAN_POINT ( 'NONE',  ( 0.1999999999999999800, 0.2000000000000000100, -0.3300000000000000200 ) ) ;
#2187 = CARTESIAN_POINT ( 'NONE',  ( 0.06219512195121970600, 0.04667879566413866300, -0.3200000000000000100 ) ) ;
#2188 = CARTESIAN_POINT ( 'NONE',  ( 0.06219512195121969200, -0.03441876531147110300, -0.3300000000000000700 ) ) ;
#2189 = EDGE_LOOP ( 'NONE', ( #3640, #195, #1063, #3068 ) ) ;
#2190 = ORIENTED_EDGE ( 'NONE', *, *, #3288, .T. ) ;
#2191 = DIRECTION ( 'NONE',  ( -0.0000000000000000000, -0.0000000000000000000, 1.000000000000000000 ) ) ;
#2192 = CARTESIAN_POINT ( 'NONE',  ( 0.1152269957356324000, 0.02563289787509163300, -0.3199999999999999500 ) ) ;
#2193 = ORIENTED_EDGE ( 'NONE', *, *, #2098, .T. ) ;
#2194 = DIRECTION ( 'NONE',  ( -0.0000000000000000000, -0.0000000000000000000, -1.000000000000000000 ) ) ;
#2195 = EDGE_CURVE ( 'NONE', #2256, #2366, #1878, .T. ) ;
#2196 = ORIENTED_EDGE ( 'NONE', *, *, #558, .T. ) ;
#2197 = CARTESIAN_POINT ( 'NONE',  ( 0.1365853658536587100, -0.002463734823666223300, -0.3199999999999999500 ) ) ;
#2198 = CARTESIAN_POINT ( 'NONE',  ( -0.09612785924042750700, -0.03664399458526029100, -0.3300000000000000700 ) ) ;
#2199 = SURFACE_STYLE_USAGE ( .BOTH. , #377 ) ;
#2200 = VERTEX_POINT ( 'NONE', #351 ) ;
#2201 = CARTESIAN_POINT ( 'NONE',  ( 0.02926829268292696300, -0.03960169214073939300, -0.3300000000000000200 ) ) ;
#2202 = VERTEX_POINT ( 'NONE', #1809 ) ;
#2203 =( GEOMETRIC_REPRESENTATION_CONTEXT ( 3 ) GLOBAL_UNCERTAINTY_ASSIGNED_CONTEXT ( ( #339 ) ) GLOBAL_UNIT_ASSIGNED_CONTEXT ( ( #2676, #122, #1344 ) ) REPRESENTATION_CONTEXT ( 'NONE', 'WORKASPACE' ) );
#2204 = ADVANCED_FACE ( 'NONE', ( #1027 ), #452, .T. ) ;
#2205 = DIRECTION ( 'NONE',  ( -1.000000000000000000, -0.0000000000000000000, -0.0000000000000000000 ) ) ;
#2206 = CARTESIAN_POINT ( 'NONE',  ( -0.3095445115010332900, -0.2000000000000000100, -0.3300000000000000200 ) ) ;
#2207 = CARTESIAN_POINT ( 'NONE',  ( -0.2449999999999998800, 0.2450000000000001100, 0.01000000000000000000 ) ) ;
#2208 = VERTEX_POINT ( 'NONE', #1472 ) ;
#2209 = CARTESIAN_POINT ( 'NONE',  ( 0.09107716525092456100, 0.05051775015910289800, -0.3200000000000000100 ) ) ;
#2210 = DIRECTION ( 'NONE',  ( 0.0000000000000000000, -1.000000000000000000, 0.0000000000000000000 ) ) ;
#2211 = STYLED_ITEM ( 'NONE', ( #3049 ), #881 ) ;
#2212 = DIRECTION ( 'NONE',  ( 1.000000000000000000, 0.0000000000000000000, 0.0000000000000000000 ) ) ;
#2213 = PRESENTATION_STYLE_ASSIGNMENT (( #1712 ) ) ;
#2214 = CARTESIAN_POINT ( 'NONE',  ( -0.2449999999999998800, 0.2450000000000001100, 0.02000000000000000000 ) ) ;
#2215 = FACE_OUTER_BOUND ( 'NONE', #636, .T. ) ;
#2216 = DIRECTION ( 'NONE',  ( -0.0000000000000000000, -0.0000000000000000000, -1.000000000000000000 ) ) ;
#2217 = DIRECTION ( 'NONE',  ( 1.000000000000000000, 0.0000000000000000000, -0.0000000000000000000 ) ) ;
#2218 = DIRECTION ( 'NONE',  ( 1.000000000000000000, 0.0000000000000000000, 0.0000000000000000000 ) ) ;
#2219 = VECTOR ( 'NONE', #257, 1000.000000000000000 ) ;
#2220 = CARTESIAN_POINT ( 'NONE',  ( 0.3950000000000001300, 0.3950000000000000700, -0.3300000000000000200 ) ) ;
#2221 = VECTOR ( 'NONE', #476, 1000.000000000000000 ) ;
#2222 = DIRECTION ( 'NONE',  ( 0.0000000000000000000, 0.0000000000000000000, 1.000000000000000000 ) ) ;
#2223 = AXIS2_PLACEMENT_3D ( 'NONE', #1128, #1137, #571 ) ;
#2224 =( NAMED_UNIT ( * ) SI_UNIT ( $, .STERADIAN. ) SOLID_ANGLE_UNIT ( ) );
#2225 = CARTESIAN_POINT ( 'NONE',  ( 0.09107716525092456100, 0.05051775015910289800, -0.3300000000000000700 ) ) ;
#2226 = CIRCLE ( 'NONE', #232, 0.1095445115010332500 ) ;
#2227 = DIRECTION ( 'NONE',  ( 0.0000000000000000000, 1.000000000000000000, 0.0000000000000000000 ) ) ;
#2228 = CARTESIAN_POINT ( 'NONE',  ( -0.06883040495272435600, -0.04977695670556804600, -0.3299999999999998500 ) ) ;
#2229 = ADVANCED_FACE ( 'NONE', ( #2991 ), #3505, .T. ) ;
#2230 = CARTESIAN_POINT ( 'NONE',  ( 0.1364565772781531600, 0.003289451444172239000, -0.3199999999999998400 ) ) ;
#2231 = CARTESIAN_POINT ( 'NONE',  ( -0.08108337971765393300, 0.03313391569746030500, -0.3199999999999999000 ) ) ;
#2232 = CARTESIAN_POINT ( 'NONE',  ( -0.3949999999999999100, 0.3950000000000000700, 0.0000000000000000000 ) ) ;
#2233 = EDGE_CURVE ( 'NONE', #2208, #1689, #3481, .T. ) ;
#2234 = DIRECTION ( 'NONE',  ( 0.0000000000000000000, 0.0000000000000000000, 1.000000000000000000 ) ) ;
#2235 = DIRECTION ( 'NONE',  ( -0.0000000000000000000, -0.0000000000000000000, -1.000000000000000000 ) ) ;
#2236 =( NAMED_UNIT ( * ) PLANE_ANGLE_UNIT ( ) SI_UNIT ( $, .RADIAN. ) );
#2237 = CARTESIAN_POINT ( 'NONE',  ( 0.1052699993788693100, -0.03673732541872000400, -0.3199999999999999000 ) ) ;
#2238 = EDGE_CURVE ( 'NONE', #3471, #2111, #3661, .T. ) ;
#2239 = CARTESIAN_POINT ( 'NONE',  ( -0.1939024390243901700, -0.05057730189683695700, -0.3300000000000000200 ) ) ;
#2240 = CARTESIAN_POINT ( 'NONE',  ( 0.1365418135081424800, -0.0005181837126865183800, -0.3199999999999999000 ) ) ;
#2241 = CARTESIAN_POINT ( 'NONE',  ( -0.06007484225479024100, 0.03841778893015606500, -0.3300000000000000700 ) ) ;
#2242 = ORIENTED_EDGE ( 'NONE', *, *, #3046, .F. ) ;
#2243 = CARTESIAN_POINT ( 'NONE',  ( -0.09613828044846753400, 0.01325067156843889900, -0.3300000000000000200 ) ) ;
#2244 = ADVANCED_FACE ( 'NONE', ( #859 ), #3273, .F. ) ;
#2245 = ORIENTED_EDGE ( 'NONE', *, *, #3043, .F. ) ;
#2246 = DIRECTION ( 'NONE',  ( -1.000000000000000000, 0.0000000000000000000, -0.0000000000000000000 ) ) ;
#2247 = STYLED_ITEM ( 'NONE', ( #864 ), #2130 ) ;
#2248 = CARTESIAN_POINT ( 'NONE',  ( -0.09045548849896678500, -0.2000000000000000100, -0.3300000000000000200 ) ) ;
#2249 = EDGE_CURVE ( 'NONE', #487, #1464, #1799, .T. ) ;
#2250 = ORIENTED_EDGE ( 'NONE', *, *, #2496, .T. ) ;
#2251 = CARTESIAN_POINT ( 'NONE',  ( -0.2000000000000000700, 0.2000000000000000100, -0.3999999999999999700 ) ) ;
#2252 = ORIENTED_EDGE ( 'NONE', *, *, #1000, .F. ) ;
#2253 = CARTESIAN_POINT ( 'NONE',  ( -0.03048780487804868600, -0.05057730189683695700, -0.3199999999999999500 ) ) ;
#2254 = DIRECTION ( 'NONE',  ( 1.000000000000000000, 0.0000000000000000000, 0.0000000000000000000 ) ) ;
#2255 = EDGE_CURVE ( 'NONE', #2781, #2566, #1954, .T. ) ;
#2256 = VERTEX_POINT ( 'NONE', #1883 ) ;
#2257 = CARTESIAN_POINT ( 'NONE',  ( 0.1963414634146342400, -0.05057730189683695700, -0.3300000000000000200 ) ) ;
#2258 = EDGE_LOOP ( 'NONE', ( #166, #514, #1229, #1265 ) ) ;
#2259 =( LENGTH_UNIT ( ) NAMED_UNIT ( * ) SI_UNIT ( .MILLI., .METRE. ) );
#2260 = DIRECTION ( 'NONE',  ( 1.000000000000000000, 0.0000000000000000000, 0.0000000000000000000 ) ) ;
#2261 = VERTEX_POINT ( 'NONE', #2771 ) ;
#2262 = CARTESIAN_POINT ( 'NONE',  ( 0.09350797510579016100, 0.03901934663245856800, -0.3300000000000000200 ) ) ;
#2263 = PRESENTATION_STYLE_ASSIGNMENT (( #1606 ) ) ;
#2264 = EDGE_LOOP ( 'NONE', ( #2708, #979, #3014, #2945 ) ) ;
#2265 = CARTESIAN_POINT ( 'NONE',  ( -0.06334459889918575600, -0.05047479856640602800, -0.3200000000000000600 ) ) ;
#2266 = CARTESIAN_POINT ( 'NONE',  ( -0.09756097560975600400, 0.0003944968836508525100, -0.3300000000000000200 ) ) ;
#2267 = CARTESIAN_POINT ( 'NONE',  ( -0.006097560975609626200, 0.005520259078772807300, -0.3199999999999999500 ) ) ;
#2268 = CARTESIAN_POINT ( 'NONE',  ( 0.08076235459284086800, -0.04045329272710944400, -0.3300000000000001300 ) ) ;
#2269 = CARTESIAN_POINT ( 'NONE',  ( -0.08818789584504464800, 0.04203417503157450000, -0.3199999999999999500 ) ) ;
#2270 = STYLED_ITEM ( 'NONE', ( #391 ), #1040 ) ;
#2271 = VECTOR ( 'NONE', #91, 1000.000000000000000 ) ;
#2272 = VERTEX_POINT ( 'NONE', #1526 ) ;
#2273 = DIRECTION ( 'NONE',  ( 1.000000000000000000, 0.0000000000000000000, 0.0000000000000000000 ) ) ;
#2274 = ADVANCED_FACE ( 'NONE', ( #2444 ), #3579, .T. ) ;
#2275 = VECTOR ( 'NONE', #1522, 1000.000000000000000 ) ;
#2276 = VECTOR ( 'NONE', #692, 1000.000000000000000 ) ;
#2277 = SURFACE_SIDE_STYLE ('',( #3605 ) ) ;
#2278 = LINE ( 'NONE', #2257, #2958 ) ;
#2279 = CARTESIAN_POINT ( 'NONE',  ( 0.09350797510579016100, 0.03901934663245856800, -0.3199999999999999500 ) ) ;
#2280 = DIRECTION ( 'NONE',  ( -0.0000000000000000000, -0.0000000000000000000, 1.000000000000000000 ) ) ;
#2281 = DIRECTION ( 'NONE',  ( -0.0000000000000000000, -0.0000000000000000000, 1.000000000000000000 ) ) ;
#2282 = CARTESIAN_POINT ( 'NONE',  ( 0.07736133171465921200, -0.03997047079560660200, -0.3199999999999999000 ) ) ;
#2283 = CARTESIAN_POINT ( 'NONE',  ( -0.006097560975609626200, 0.005520259078772807300, -0.3300000000000000200 ) ) ;
#2284 = PLANE ( 'NONE',  #800 ) ;
#2285 = SURFACE_SIDE_STYLE ('',( #219 ) ) ;
#2286 = ORIENTED_EDGE ( 'NONE', *, *, #1176, .F. ) ;
#2287 = FACE_OUTER_BOUND ( 'NONE', #197, .T. ) ;
#2288 = DIRECTION ( 'NONE',  ( 0.0000000000000000000, -1.000000000000000000, 0.0000000000000000000 ) ) ;
#2289 = DIRECTION ( 'NONE',  ( 1.000000000000000000, 0.0000000000000000000, 0.0000000000000000000 ) ) ;
#2290 = ADVANCED_FACE ( 'NONE', ( #2215 ), #3655, .F. ) ;
#2291 =( NAMED_UNIT ( * ) SI_UNIT ( $, .STERADIAN. ) SOLID_ANGLE_UNIT ( ) );
#2292 = LINE ( 'NONE', #3418, #3004 ) ;
#2293 = CARTESIAN_POINT ( 'NONE',  ( 0.06219512195121969200, -0.03441876531147110300, -0.3300000000000000200 ) ) ;
#2294 = ORIENTED_EDGE ( 'NONE', *, *, #884, .F. ) ;
#2295 = SURFACE_STYLE_USAGE ( .BOTH. , #2339 ) ;
#2296 = EDGE_CURVE ( 'NONE', #3242, #2940, #3565, .T. ) ;
#2297 = SURFACE_STYLE_FILL_AREA ( #3204 ) ;
#2298 = ORIENTED_EDGE ( 'NONE', *, *, #2314, .T. ) ;
#2299 = CARTESIAN_POINT ( 'NONE',  ( -0.1630850875081597500, 0.03504038678930020800, -0.3199999999999998400 ) ) ;
#2300 = ORIENTED_EDGE ( 'NONE', *, *, #1873, .T. ) ;
#2301 = CARTESIAN_POINT ( 'NONE',  ( 0.1451219512195123000, -0.03960169214073939300, -0.3199999999999999500 ) ) ;
#2302 = ORIENTED_EDGE ( 'NONE', *, *, #3069, .F. ) ;
#2303 = VERTEX_POINT ( 'NONE', #199 ) ;
#2304 = CARTESIAN_POINT ( 'NONE',  ( 0.08229534399428185800, 0.05061760484825610800, -0.3200000000000000100 ) ) ;
#2305 =( NAMED_UNIT ( * ) PLANE_ANGLE_UNIT ( ) SI_UNIT ( $, .RADIAN. ) );
#2306 = DIRECTION ( 'NONE',  ( 0.0000000000000000000, -1.000000000000000000, 0.0000000000000000000 ) ) ;
#2307 = B_SPLINE_CURVE_WITH_KNOTS ( 'NONE', 3,
 ( #2197, #2240, #2230, #2458, #2336, #2419, #2407, #2451, #2432, #2500, #2471, #2594, #2030, #2616, #2603, #2709, #2698, #1957, #2159 ),
 .UNSPECIFIED., .F., .F.,
 ( 4, 1, 1, 1, 1, 1, 1, 1, 1, 1, 1, 1, 1, 1, 1, 1, 4 ),
 ( 0.0000000000000000000, 0.07064371857535412000, 0.1382567155089046400, 0.2033641242175801000, 0.2663240938030566100, 0.3279047615429893600, 0.3887377151730921900, 0.4494235281093023600, 0.5108610114593155100, 0.5720793960475145700, 0.6317344287314451400, 0.6911172105788376800, 0.7503600294901705500, 0.8100329005312619800, 0.8713624508287362000, 0.9344271412311534500, 1.000000000000000000 ),
 .UNSPECIFIED. ) ;
#2308 = CARTESIAN_POINT ( 'NONE',  ( 0.3950000000000001300, 0.3950000000000000700, 0.0000000000000000000 ) ) ;
#2309 = LINE ( 'NONE', #3172, #3282 ) ;
#2310 = B_SPLINE_SURFACE_WITH_KNOTS ( 'NONE', 3, 1, ( 
 ( #892, #1181 ),
 ( #3445, #3182 ),
 ( #2304, #2034 ),
 ( #1755, #612 ),
 ( #335, #45 ),
 ( #2445, #1032 ),
 ( #3024, #2733 ),
 ( #2148, #1304 ),
 ( #752, #463 ),
 ( #165, #3590 ),
 ( #473, #173 ) ),
 .UNSPECIFIED., .F., .F., .F.,
 ( 4, 1, 1, 1, 1, 1, 1, 1, 4 ),
 ( 2, 2 ),
 ( 0.0000000000000000000, 0.1451868664724697600, 0.2834426109197297200, 0.4165243659288286900, 0.5431811235350827400, 0.6651530826377137800, 0.7813602063127154100, 0.8927566556418090600, 1.000000000000000000 ),
 ( 0.0000000000000000000, 1.000000000000000000 ),
 .UNSPECIFIED. ) ;
#2311 = VERTEX_POINT ( 'NONE', #438 ) ;
#2312 = DIRECTION ( 'NONE',  ( 0.0000000000000000000, 0.0000000000000000000, -1.000000000000000000 ) ) ;
#2313 = CARTESIAN_POINT ( 'NONE',  ( -0.2449999999999998800, 0.2450000000000001100, 0.01000000000000000000 ) ) ;
#2314 = EDGE_CURVE ( 'NONE', #2200, #2272, #278, .T. ) ;
#2315 =( NAMED_UNIT ( * ) PLANE_ANGLE_UNIT ( ) SI_UNIT ( $, .RADIAN. ) );
#2316 = ORIENTED_EDGE ( 'NONE', *, *, #993, .F. ) ;
#2317 = CARTESIAN_POINT ( 'NONE',  ( -0.008536585365853534300, 0.03844708834706549900, -0.3199999999999999500 ) ) ;
#2318 = CARTESIAN_POINT ( 'NONE',  ( 0.3950000000000001300, -0.3949999999999999600, 0.0000000000000000000 ) ) ;
#2319 = SURFACE_STYLE_FILL_AREA ( #260 ) ;
#2320 = DIRECTION ( 'NONE',  ( 0.0000000000000000000, -0.0000000000000000000, -1.000000000000000000 ) ) ;
#2321 =( LENGTH_UNIT ( ) NAMED_UNIT ( * ) SI_UNIT ( .MILLI., .METRE. ) );
#2322 = CARTESIAN_POINT ( 'NONE',  ( -0.2000000000000000400, 0.2000000000000000100, -0.3300000000000000200 ) ) ;
#2323 = VERTEX_POINT ( 'NONE', #154 ) ;
#2324 = SURFACE_STYLE_FILL_AREA ( #3265 ) ;
#2325 = STYLED_ITEM ( 'NONE', ( #402 ), #468 ) ;
#2326 = CARTESIAN_POINT ( 'NONE',  ( -0.05865091463414624800, 0.03844708834706549900, -0.3199999999999999500 ) ) ;
#2327 = ORIENTED_EDGE ( 'NONE', *, *, #2108, .F. ) ;
#2328 = LINE ( 'NONE', #734, #2761 ) ;
#2329 = CARTESIAN_POINT ( 'NONE',  ( -0.1612438620541267500, 0.03165641230644509300, -0.3300000000000000200 ) ) ;
#2330 = VECTOR ( 'NONE', #3558, 1000.000000000000000 ) ;
#2331 = CARTESIAN_POINT ( 'NONE',  ( -0.2449999999999998800, 0.2450000000000001100, 0.02000000000000000000 ) ) ;
#2332 = DIRECTION ( 'NONE',  ( 0.0000000000000000000, 0.0000000000000000000, 1.000000000000000000 ) ) ;
#2333 = B_SPLINE_SURFACE_WITH_KNOTS ( 'NONE', 3, 1, ( 
 ( #1543, #1701 ),
 ( #1922, #1948 ),
 ( #1994, #3231 ),
 ( #3255, #2268 ),
 ( #2282, #2392 ),
 ( #2543, #3030 ),
 ( #3041, #3101 ),
 ( #3174, #105 ),
 ( #3407, #3414 ),
 ( #3601, #3621 ),
 ( #3649, #2293 ) ),
 .UNSPECIFIED., .F., .F., .F.,
 ( 4, 1, 1, 1, 1, 1, 1, 1, 4 ),
 ( 2, 2 ),
 ( 0.0000000000000000000, 0.1352946047634291100, 0.2667656579247482100, 0.3948160188358723100, 0.5200516544342460600, 0.6421757029708217200, 0.7626518205584232900, 0.8818340043805019700, 1.000000000000000000 ),
 ( 0.0000000000000000000, 1.000000000000000000 ),
 .UNSPECIFIED. ) ;
#2334 = FILL_AREA_STYLE_COLOUR ( '', #2005 ) ;
#2335 = VECTOR ( 'NONE', #2010, 1000.000000000000000 ) ;
#2336 = CARTESIAN_POINT ( 'NONE',  ( 0.1346673798692252000, 0.01413654682740502300, -0.3199999999999999000 ) ) ;
#2337 = PLANE ( 'NONE',  #647 ) ;
#2338 = B_SPLINE_CURVE_WITH_KNOTS ( 'NONE', 3,
 ( #3682, #829, #1977, #2473, #527, #2502, #2822, #3050, #1510, #645, #952, #679, #693, #1224, #666, #1216, #1250, #2071, #101 ),
 .UNSPECIFIED., .F., .F.,
 ( 4, 1, 1, 1, 1, 1, 1, 1, 1, 1, 1, 1, 1, 1, 1, 1, 4 ),
 ( 0.0000000000000000000, 0.07430379644281595600, 0.1443936103644178900, 0.2104994961032796700, 0.2735426065034680100, 0.3338247445790734600, 0.3925296724085026700, 0.4500874545995855500, 0.5078206115557881700, 0.5654649127768467400, 0.6231487223336197300, 0.6812971927909357000, 0.7409134981565808100, 0.8018557521958579200, 0.8652412377209433000, 0.9309416570467440300, 1.000000000000000000 ),
 .UNSPECIFIED. ) ;
#2339 = SURFACE_SIDE_STYLE ('',( #955 ) ) ;
#2340 = EDGE_CURVE ( 'NONE', #3025, #2465, #727, .T. ) ;
#2341 = PRODUCT_DEFINITION_SHAPE ( 'NONE', 'NONE',  #2534 ) ;
#2342 = FACE_OUTER_BOUND ( 'NONE', #931, .T. ) ;
#2343 = CARTESIAN_POINT ( 'NONE',  ( 0.02926829268292696300, 0.03844708834706549900, -0.3300000000000000200 ) ) ;
#2344 = LINE ( 'NONE', #1982, #1981 ) ;
#2345 = SURFACE_STYLE_USAGE ( .BOTH. , #912 ) ;
#2346 = CARTESIAN_POINT ( 'NONE',  ( 0.0000000000000000000, 0.0000000000000000000, -0.3199999999999999500 ) ) ;
#2347 = ORIENTED_EDGE ( 'NONE', *, *, #3563, .T. ) ;
#2348 = CARTESIAN_POINT ( 'NONE',  ( 0.1294929607997457300, -0.03098738768156780400, -0.3300000000000000700 ) ) ;
#2349 =( GEOMETRIC_REPRESENTATION_CONTEXT ( 3 ) GLOBAL_UNCERTAINTY_ASSIGNED_CONTEXT ( ( #2699 ) ) GLOBAL_UNIT_ASSIGNED_CONTEXT ( ( #39, #2315, #622 ) ) REPRESENTATION_CONTEXT ( 'NONE', 'WORKASPACE' ) );
#2350 = CARTESIAN_POINT ( 'NONE',  ( -0.03048780487804868600, -0.05057730189683695700, -0.3300000000000000200 ) ) ;
#2351 = ORIENTED_EDGE ( 'NONE', *, *, #2421, .T. ) ;
#2352 = EDGE_LOOP ( 'NONE', ( #1550, #1208, #2347, #2696 ) ) ;
#2353 = VERTEX_POINT ( 'NONE', #710 ) ;
#2354 = VERTEX_POINT ( 'NONE', #699 ) ;
#2355 = CARTESIAN_POINT ( 'NONE',  ( 0.08561356707317091500, 0.03966660054218743000, -0.3300000000000000200 ) ) ;
#2356 = EDGE_CURVE ( 'NONE', #487, #3471, #1023, .T. ) ;
#2357 = ORIENTED_EDGE ( 'NONE', *, *, #2195, .T. ) ;
#2358 = PLANE ( 'NONE',  #17 ) ;
#2359 = EDGE_LOOP ( 'NONE', ( #1417, #230, #2528, #3596, #1207, #3250, #2981, #2983, #1963, #2151, #418, #2700 ) ) ;
#2360 = DIRECTION ( 'NONE',  ( -0.3390537954853689000, -0.9407669869669990100, 0.0000000000000000000 ) ) ;
#2361 = AXIS2_PLACEMENT_3D ( 'NONE', #1136, #1863, #869 ) ;
#2362 = VERTEX_POINT ( 'NONE', #2019 ) ;
#2363 = FACE_OUTER_BOUND ( 'NONE', #442, .T. ) ;
#2364 = FILL_AREA_STYLE_COLOUR ( '', #1849 ) ;
#2365 = CIRCLE ( 'NONE', #449, 0.1095445115010332500 ) ;
#2366 = VERTEX_POINT ( 'NONE', #763 ) ;
#2367 = SURFACE_STYLE_FILL_AREA ( #241 ) ;
#2368 = LINE ( 'NONE', #1180, #2448 ) ;
#2369 = DIRECTION ( 'NONE',  ( -0.0000000000000000000, 0.0000000000000000000, 1.000000000000000000 ) ) ;
#2370 = DIRECTION ( 'NONE',  ( 1.000000000000000000, -0.0000000000000000000, 0.0000000000000000000 ) ) ;
#2371 =( GEOMETRIC_REPRESENTATION_CONTEXT ( 3 ) GLOBAL_UNCERTAINTY_ASSIGNED_CONTEXT ( ( #2764 ) ) GLOBAL_UNIT_ASSIGNED_CONTEXT ( ( #660, #2884, #3081 ) ) REPRESENTATION_CONTEXT ( 'NONE', 'WORKASPACE' ) );
#2372 = DIRECTION ( 'NONE',  ( 0.0000000000000000000, 0.0000000000000000000, -1.000000000000000000 ) ) ;
#2373 = FILL_AREA_STYLE_COLOUR ( '', #3562 ) ;
#2374 = EDGE_LOOP ( 'NONE', ( #2294, #1462, #2250, #1228 ) ) ;
#2375 = DIRECTION ( 'NONE',  ( -0.0000000000000000000, -0.0000000000000000000, -1.000000000000000000 ) ) ;
#2376 = EDGE_CURVE ( 'NONE', #3163, #126, #3085, .T. ) ;
#2377 = CARTESIAN_POINT ( 'NONE',  ( 0.09721071442396754500, 0.03818005270923151300, -0.3300000000000000700 ) ) ;
#2378 = EDGE_CURVE ( 'NONE', #1050, #3, #3339, .T. ) ;
#2379 = LINE ( 'NONE', #1340, #3107 ) ;
#2380 = STYLED_ITEM ( 'NONE', ( #2999 ), #2506 ) ;
#2381 = EDGE_LOOP ( 'NONE', ( #2298, #3015, #160, #1766, #1511, #404, #3475, #582 ) ) ;
#2382 = FACE_OUTER_BOUND ( 'NONE', #1831, .T. ) ;
#2383 = DIRECTION ( 'NONE',  ( 1.000000000000000000, 0.0000000000000000000, 0.0000000000000000000 ) ) ;
#2384 = VERTEX_POINT ( 'NONE', #787 ) ;
#2385 = CARTESIAN_POINT ( 'NONE',  ( 0.1358590348318221600, -0.01299560824760091900, -0.3200000000000000600 ) ) ;
#2386 = EDGE_LOOP ( 'NONE', ( #2302, #3016, #577, #1412 ) ) ;
#2387 = DIRECTION ( 'NONE',  ( -1.000000000000000000, 0.0000000000000000000, -0.0000000000000000000 ) ) ;
#2388 = PLANE ( 'NONE',  #393 ) ;
#2389 = EDGE_LOOP ( 'NONE', ( #210, #1650, #2672, #2415 ) ) ;
#2390 = DIRECTION ( 'NONE',  ( 0.0000000000000000000, -0.0000000000000000000, 1.000000000000000000 ) ) ;
#2391 = ORIENTED_EDGE ( 'NONE', *, *, #3444, .T. ) ;
#2392 = CARTESIAN_POINT ( 'NONE',  ( 0.07736133171465921200, -0.03997047079560660200, -0.3299999999999999600 ) ) ;
#2393 = ORIENTED_EDGE ( 'NONE', *, *, #2871, .F. ) ;
#2394 = ORIENTED_EDGE ( 'NONE', *, *, #29, .F. ) ;
#2395 = FACE_OUTER_BOUND ( 'NONE', #3066, .T. ) ;
#2396 = CARTESIAN_POINT ( 'NONE',  ( 0.1365853658536587100, -0.002463734823666223300, -0.3299999999999999000 ) ) ;
#2397 = CARTESIAN_POINT ( 'NONE',  ( -0.06414747223705162500, 0.04930145903675173900, -0.3199999999999999000 ) ) ;
#2398 = ORIENTED_EDGE ( 'NONE', *, *, #2782, .T. ) ;
#2399 = B_SPLINE_CURVE_WITH_KNOTS ( 'NONE', 3,
 ( #1655, #708, #3021, #2894, #1814, #405, #334, #984, #2001, #1373, #1494, #70, #2618, #784, #3044, #3105, #1678, #3477, #1665 ),
 .UNSPECIFIED., .F., .F.,
 ( 4, 1, 1, 1, 1, 1, 1, 1, 1, 1, 1, 1, 1, 1, 1, 1, 4 ),
 ( 0.0000000000000000000, 0.06460397028839211200, 0.1267024139629471500, 0.1867568140356181700, 0.2455056873654373200, 0.3036520244499753000, 0.3615030739706253100, 0.4202402229284674700, 0.4800333407766961800, 0.5406781347755159600, 0.6011918063807817300, 0.6623335024774423800, 0.7247395102972318300, 0.7894677361728866800, 0.8565048600438307500, 0.9263120958391902700, 1.000000000000000000 ),
 .UNSPECIFIED. ) ;
#2400 = FACE_OUTER_BOUND ( 'NONE', #1821, .T. ) ;
#2401 = ORIENTED_EDGE ( 'NONE', *, *, #3455, .F. ) ;
#2402 = PLANE ( 'NONE',  #890 ) ;
#2403 = EDGE_CURVE ( 'NONE', #1464, #3600, #1664, .T. ) ;
#2404 = VECTOR ( 'NONE', #626, 1000.000000000000200 ) ;
#2405 = FACE_OUTER_BOUND ( 'NONE', #2189, .T. ) ;
#2406 = CARTESIAN_POINT ( 'NONE',  ( 0.1157521680017710600, -0.02751984556768677700, -0.3299999999999999600 ) ) ;
#2407 = CARTESIAN_POINT ( 'NONE',  ( 0.1310504424134386100, 0.02381315005372427000, -0.3200000000000000100 ) ) ;
#2408 = FILL_AREA_STYLE ('',( #2137 ) ) ;
#2409 = CARTESIAN_POINT ( 'NONE',  ( 0.02926829268292696300, 0.005520259078772807300, -0.3199999999999999500 ) ) ;
#2410 = CARTESIAN_POINT ( 'NONE',  ( 0.09721071442396754500, 0.03818005270923151300, -0.3200000000000000100 ) ) ;
#2411 = PRESENTATION_LAYER_ASSIGNMENT (  '', '', ( #1467 ) ) ;
#2412 = ADVANCED_FACE ( 'NONE', ( #1812 ), #2499, .T. ) ;
#2413 = CARTESIAN_POINT ( 'NONE',  ( -0.09228928625050883400, 0.03933764617168376800, -0.3199999999999999000 ) ) ;
#2414 = CARTESIAN_POINT ( 'NONE',  ( 0.06219512195121969200, 0.03326416151779718700, -0.3300000000000000200 ) ) ;
#2415 = ORIENTED_EDGE ( 'NONE', *, *, #2994, .T. ) ;
#2416 = FACE_BOUND ( 'NONE', #1227, .T. ) ;
#2417 = CARTESIAN_POINT ( 'NONE',  ( 0.3950000000000001300, 0.3950000000000000700, -0.3300000000000000200 ) ) ;
#2418 =( GEOMETRIC_REPRESENTATION_CONTEXT ( 3 ) GLOBAL_UNCERTAINTY_ASSIGNED_CONTEXT ( ( #205 ) ) GLOBAL_UNIT_ASSIGNED_CONTEXT ( ( #1619, #1904, #1769 ) ) REPRESENTATION_CONTEXT ( 'NONE', 'WORKASPACE' ) );
#2419 = CARTESIAN_POINT ( 'NONE',  ( 0.1330764114352945300, 0.01911963609534940400, -0.3200000000000000100 ) ) ;
#2420 = DIRECTION ( 'NONE',  ( -0.0000000000000000000, 1.000000000000000000, 0.0000000000000000000 ) ) ;
#2421 = EDGE_CURVE ( 'NONE', #1784, #2354, #2643, .T. ) ;
#2422 = ORIENTED_EDGE ( 'NONE', *, *, #2561, .F. ) ;
#2423 =( GEOMETRIC_REPRESENTATION_CONTEXT ( 3 ) GLOBAL_UNCERTAINTY_ASSIGNED_CONTEXT ( ( #3496 ) ) GLOBAL_UNIT_ASSIGNED_CONTEXT ( ( #397, #1817, #3524 ) ) REPRESENTATION_CONTEXT ( 'NONE', 'WORKASPACE' ) );
#2424 = ORIENTED_EDGE ( 'NONE', *, *, #1913, .T. ) ;
#2425 = CARTESIAN_POINT ( 'NONE',  ( -0.1026501371440441800, 0.02906012652821083100, -0.3200000000000000100 ) ) ;
#2426 = ORIENTED_EDGE ( 'NONE', *, *, #156, .T. ) ;
#2427 = VERTEX_POINT ( 'NONE', #2093 ) ;
#2428 = CARTESIAN_POINT ( 'NONE',  ( -0.09960792505312925100, 0.03281559389451188500, -0.3300000000000000700 ) ) ;
#2429 =( NAMED_UNIT ( * ) SI_UNIT ( $, .STERADIAN. ) SOLID_ANGLE_UNIT ( ) );
#2430 = EDGE_LOOP ( 'NONE', ( #579, #803, #1270, #1942, #326 ) ) ;
#2431 = CARTESIAN_POINT ( 'NONE',  ( -0.06054526567492755200, 0.04938174890790483100, -0.3299999999999999600 ) ) ;
#2432 = CARTESIAN_POINT ( 'NONE',  ( 0.1256483208146206000, 0.03232746482184532800, -0.3200000000000000600 ) ) ;
#2433 = SURFACE_SIDE_STYLE ('',( #2559 ) ) ;
#2434 = VERTEX_POINT ( 'NONE', #1033 ) ;
#2435 = ORIENTED_EDGE ( 'NONE', *, *, #2233, .T. ) ;
#2436 = EDGE_CURVE ( 'NONE', #3219, #3681, #2772, .T. ) ;
#2437 = ORIENTED_EDGE ( 'NONE', *, *, #2421, .F. ) ;
#2438 = CARTESIAN_POINT ( 'NONE',  ( -0.1052547431779108000, 0.02503323606791637100, -0.3199999999999999500 ) ) ;
#2439 = VECTOR ( 'NONE', #2050, 1000.000000000000000 ) ;
#2440 = ORIENTED_EDGE ( 'NONE', *, *, #1480, .F. ) ;
#2441 = CARTESIAN_POINT ( 'NONE',  ( 0.1052699993788693100, -0.03673732541872000400, -0.3299999999999999600 ) ) ;
#2442 = UNCERTAINTY_MEASURE_WITH_UNIT (LENGTH_MEASURE( 1.000000000000000100E-005 ), #1568, 'distance_accuracy_value', 'NONE');
#2443 = EDGE_LOOP ( 'NONE', ( #1096, #1531, #2300, #323 ) ) ;
#2444 = FACE_OUTER_BOUND ( 'NONE', #369, .T. ) ;
#2445 = CARTESIAN_POINT ( 'NONE',  ( 0.07276656665055364300, 0.04967553187626832400, -0.3199999999999998400 ) ) ;
#2446 = CARTESIAN_POINT ( 'NONE',  ( -0.2085365853658535900, -0.05057730189683695700, -0.3199999999999999500 ) ) ;
#2447 = COLOUR_RGB ( '',0.8980392156862745400, 0.8980392156862745400, 0.8980392156862745400 ) ;
#2448 = VECTOR ( 'NONE', #827, 1000.000000000000000 ) ;
#2449 = CARTESIAN_POINT ( 'NONE',  ( 0.1310504424134386100, 0.02381315005372427000, -0.3300000000000000700 ) ) ;
#2450 = ADVANCED_FACE ( 'NONE', ( #2965 ), #2125, .F. ) ;
#2451 = CARTESIAN_POINT ( 'NONE',  ( 0.1285877509321171900, 0.02822333384311688500, -0.3199999999999999000 ) ) ;
#2452 = VECTOR ( 'NONE', #1458, 1000.000000000000000 ) ;
#2453 = DIRECTION ( 'NONE',  ( -0.0000000000000000000, -0.0000000000000000000, -1.000000000000000000 ) ) ;
#2454 = CARTESIAN_POINT ( 'NONE',  ( 0.1285877509321171900, 0.02822333384311688500, -0.3299999999999999600 ) ) ;
#2455 = ORIENTED_EDGE ( 'NONE', *, *, #629, .T. ) ;
#2456 = AXIS2_PLACEMENT_3D ( 'NONE', #3111, #1929, #3567 ) ;
#2457 = LINE ( 'NONE', #2239, #3155 ) ;
#2458 = CARTESIAN_POINT ( 'NONE',  ( 0.1357790657095708500, 0.008857147281885512400, -0.3200000000000000100 ) ) ;
#2459 = B_SPLINE_CURVE_WITH_KNOTS ( 'NONE', 3,
 ( #59, #1641, #3036, #3329, #1754, #1843, #2987, #1854, #239, #3476, #3062 ),
 .UNSPECIFIED., .F., .F.,
 ( 4, 1, 1, 1, 1, 1, 1, 1, 4 ),
 ( 0.0000000000000000000, 0.1124483899088006700, 0.2265276752126778900, 0.3444019493260281900, 0.4658649724874587300, 0.5916594493521169000, 0.7221684870248876700, 0.8586063875549264600, 1.000000000000000000 ),
 .UNSPECIFIED. ) ;
#2460 = SURFACE_STYLE_USAGE ( .BOTH. , #2433 ) ;
#2461 = VERTEX_POINT ( 'NONE', #2301 ) ;
#2462 = EDGE_CURVE ( 'NONE', #2661, #2624, #1976, .T. ) ;
#2463 = ORIENTED_EDGE ( 'NONE', *, *, #2714, .F. ) ;
#2464 = ADVANCED_FACE ( 'NONE', ( #2068 ), #1056, .T. ) ;
#2465 = VERTEX_POINT ( 'NONE', #3110 ) ;
#2466 = DIRECTION ( 'NONE',  ( 0.0000000000000000000, -1.000000000000000000, -0.0000000000000000000 ) ) ;
#2467 = ORIENTED_EDGE ( 'NONE', *, *, #213, .F. ) ;
#2468 = PLANE ( 'NONE',  #178 ) ;
#2469 = VERTEX_POINT ( 'NONE', #3150 ) ;
#2470 = ORIENTED_EDGE ( 'NONE', *, *, #1639, .F. ) ;
#2471 = CARTESIAN_POINT ( 'NONE',  ( 0.1185911678932958400, 0.03951499807400119000, -0.3200000000000001200 ) ) ;
#2472 = CARTESIAN_POINT ( 'NONE',  ( -0.04390243902439015100, 0.03844708834706549900, -0.3300000000000000200 ) ) ;
#2473 = CARTESIAN_POINT ( 'NONE',  ( -0.09696887895307913800, 0.009221974054856703400, -0.3200000000000001200 ) ) ;
#2474 = ORIENTED_EDGE ( 'NONE', *, *, #2865, .F. ) ;
#2475 = SURFACE_STYLE_FILL_AREA ( #1670 ) ;
#2476 = CARTESIAN_POINT ( 'NONE',  ( -0.1939024390243901700, -0.05057730189683695700, -0.3300000000000000200 ) ) ;
#2477 = EDGE_CURVE ( 'NONE', #2434, #3540, #2556, .T. ) ;
#2478 = ORIENTED_EDGE ( 'NONE', *, *, #312, .T. ) ;
#2479 = STYLED_ITEM ( 'NONE', ( #2860 ), #1718 ) ;
#2480 = CARTESIAN_POINT ( 'NONE',  ( 0.1963414634146342400, 0.04942269810316306200, -0.3300000000000000200 ) ) ;
#2481 = VECTOR ( 'NONE', #3656, 1000.000000000000000 ) ;
#2482 = CARTESIAN_POINT ( 'NONE',  ( 0.08561356707317091500, 0.03966660054218743000, -0.3199999999999999500 ) ) ;
#2483 = ADVANCED_FACE ( 'NONE', ( #2287 ), #2310, .T. ) ;
#2484 = CARTESIAN_POINT ( 'NONE',  ( -0.09345014634507897700, 0.02042598024409345700, -0.3300000000000000700 ) ) ;
#2485 = ORIENTED_EDGE ( 'NONE', *, *, #2233, .F. ) ;
#2486 = FACE_OUTER_BOUND ( 'NONE', #392, .T. ) ;
#2487 = CARTESIAN_POINT ( 'NONE',  ( 0.06219512195121969200, 0.03326416151779718700, -0.3199999999999999500 ) ) ;
#2488 = VECTOR ( 'NONE', #2608, 1000.000000000000000 ) ;
#2489 = EDGE_CURVE ( 'NONE', #2789, #1983, #2646, .T. ) ;
#2490 = DIRECTION ( 'NONE',  ( -1.000000000000000000, 0.0000000000000000000, 0.0000000000000000000 ) ) ;
#2491 = CARTESIAN_POINT ( 'NONE',  ( -0.09159416319505928100, 0.02356723308700296000, -0.3300000000000000200 ) ) ;
#2492 = CARTESIAN_POINT ( 'NONE',  ( -0.3949999999999999100, 0.3950000000000000700, 0.0000000000000000000 ) ) ;
#2493 = CARTESIAN_POINT ( 'NONE',  ( 0.06219512195121970600, 0.04667879566413866300, -0.3200000000000000100 ) ) ;
#2494 = FILL_AREA_STYLE_COLOUR ( '', #1039 ) ;
#2496 = EDGE_CURVE ( 'NONE', #2791, #1577, #2687, .T. ) ;
#2495 = CARTESIAN_POINT ( 'NONE',  ( 0.08753401403843498500, 0.05060018779693967900, -0.3199999999999999500 ) ) ;
#2497 = CARTESIAN_POINT ( 'NONE',  ( -0.1607660060975608900, 0.03021538102999231400, -0.3199999999999999500 ) ) ;
#2498 = CLOSED_SHELL ( 'NONE', ( #2290, #2450, #2244, #1946, #3281, #1599, #2016, #488, #2506 ) ) ;
#2499 = SPHERICAL_SURFACE ( 'NONE', #3084, 0.1300000000000000000 ) ;
#2500 = CARTESIAN_POINT ( 'NONE',  ( 0.1222789633655549900, 0.03609764742387765200, -0.3199999999999997800 ) ) ;
#2501 = LINE ( 'NONE', #2930, #2734 ) ;
#2502 = CARTESIAN_POINT ( 'NONE',  ( -0.09495739938108656300, 0.01698054624933672400, -0.3199999999999998400 ) ) ;
#2503 = EDGE_CURVE ( 'NONE', #1238, #265, #2097, .T. ) ;
#2504 = CARTESIAN_POINT ( 'NONE',  ( -0.05767911585365843900, -0.05057730189683695700, -0.3199999999999999500 ) ) ;
#2505 = CARTESIAN_POINT ( 'NONE',  ( 0.1256483208146206000, 0.03232746482184532800, -0.3200000000000000600 ) ) ;
#2506 = ADVANCED_FACE ( 'NONE', ( #2599 ), #73, .T. ) ;
#2507 = DIRECTION ( 'NONE',  ( 0.0000000000000000000, 1.000000000000000000, 0.0000000000000000000 ) ) ;
#2508 = CARTESIAN_POINT ( 'NONE',  ( 0.02926829268292696300, 0.03844708834706549900, -0.3199999999999999500 ) ) ;
#2509 = VERTEX_POINT ( 'NONE', #1500 ) ;
#2510 = CARTESIAN_POINT ( 'NONE',  ( 0.1231429497223045900, -0.003106495637145787900, -0.3199999999999999500 ) ) ;
#2511 = DIRECTION ( 'NONE',  ( -1.000000000000000000, 0.0000000000000000000, -0.0000000000000000000 ) ) ;
#2512 = CARTESIAN_POINT ( 'NONE',  ( 0.08753401403843498500, 0.05060018779693967900, -0.3300000000000000200 ) ) ;
#2513 = CARTESIAN_POINT ( 'NONE',  ( -0.03048780487804868600, 0.04942269810316306200, -0.3199999999999999500 ) ) ;
#2514 = EDGE_CURVE ( 'NONE', #1545, #1744, #1293, .T. ) ;
#2515 = LINE ( 'NONE', #2308, #938 ) ;
#2516 = DIRECTION ( 'NONE',  ( -0.0000000000000000000, -0.0000000000000000000, -1.000000000000000000 ) ) ;
#2517 = CARTESIAN_POINT ( 'NONE',  ( -0.07785436176496120200, 0.03477807973254024700, -0.3199999999999999500 ) ) ;
#2518 = VERTEX_POINT ( 'NONE', #1653 ) ;
#2519 =( LENGTH_UNIT ( ) NAMED_UNIT ( * ) SI_UNIT ( .MILLI., .METRE. ) );
#2520 = SURFACE_STYLE_USAGE ( .BOTH. , #2277 ) ;
#2521 = ORIENTED_EDGE ( 'NONE', *, *, #2644, .T. ) ;
#2522 = CARTESIAN_POINT ( 'NONE',  ( -0.04390243902439015100, 0.03844708834706549900, -0.3199999999999999500 ) ) ;
#2523 = CARTESIAN_POINT ( 'NONE',  ( -0.1458460365853657700, -0.01155291165293451300, -0.3199999999999999500 ) ) ;
#2524 = CARTESIAN_POINT ( 'NONE',  ( 0.1256483208146206000, 0.03232746482184532800, -0.3300000000000001300 ) ) ;
#2525 =( NAMED_UNIT ( * ) PLANE_ANGLE_UNIT ( ) SI_UNIT ( $, .RADIAN. ) );
#2526 = ORIENTED_EDGE ( 'NONE', *, *, #3594, .F. ) ;
#2527 = DIRECTION ( 'NONE',  ( 1.000000000000000000, 0.0000000000000000000, 0.0000000000000000000 ) ) ;
#2528 = ORIENTED_EDGE ( 'NONE', *, *, #2249, .F. ) ;
#2529 = CARTESIAN_POINT ( 'NONE',  ( 0.1230886921609819600, -0.005961982616519592500, -0.3199999999999999500 ) ) ;
#2530 = DIRECTION ( 'NONE',  ( 0.0000000000000000000, 0.0000000000000000000, -1.000000000000000000 ) ) ;
#2531 = EDGE_LOOP ( 'NONE', ( #3269, #745, #3473, #1204 ) ) ;
#2532 = VECTOR ( 'NONE', #733, 1000.000000000000000 ) ;
#2533 = FILL_AREA_STYLE ('',( #27 ) ) ;
#2534 = PRODUCT_DEFINITION ( '未知', '', #3253, #247 ) ;
#2535 = CARTESIAN_POINT ( 'NONE',  ( 0.09980027766185824200, -0.05104553024101880100, -0.3199999999999999500 ) ) ;
#2536 = ADVANCED_FACE ( 'NONE', ( #23 ), #1490, .T. ) ;
#2537 = CARTESIAN_POINT ( 'NONE',  ( -0.05865091463414624800, 0.03844708834706549900, -0.3300000000000000200 ) ) ;
#2538 = PLANE ( 'NONE',  #3224 ) ;
#2539 = LINE ( 'NONE', #2133, #1021 ) ;
#2540 = COLOUR_RGB ( '',0.8980392156862745400, 0.8980392156862745400, 0.8980392156862745400 ) ;
#2541 = UNCERTAINTY_MEASURE_WITH_UNIT (LENGTH_MEASURE( 1.000000000000000100E-005 ), #542, 'distance_accuracy_value', 'NONE');
#2542 = CARTESIAN_POINT ( 'NONE',  ( -0.03048780487804868600, -0.05057730189683695700, -0.3199999999999999500 ) ) ;
#2543 = CARTESIAN_POINT ( 'NONE',  ( 0.07408525662929753300, -0.03925979932341185800, -0.3199999999999999000 ) ) ;
#2544 = ORIENTED_EDGE ( 'NONE', *, *, #1289, .T. ) ;
#2545 = LINE ( 'NONE', #2724, #2637 ) ;
#2546 = CARTESIAN_POINT ( 'NONE',  ( 0.1256483208146206000, 0.03232746482184532800, -0.3300000000000001300 ) ) ;
#2547 = MECHANICAL_DESIGN_GEOMETRIC_PRESENTATION_REPRESENTATION (  '', ( #2622 ), #2371 ) ;
#2548 = CARTESIAN_POINT ( 'NONE',  ( 0.0000000000000000000, 0.0000000000000000000, -0.3300000000000000200 ) ) ;
#2549 = ORIENTED_EDGE ( 'NONE', *, *, #1879, .F. ) ;
#2550 = DIRECTION ( 'NONE',  ( 0.0000000000000000000, 0.0000000000000000000, -1.000000000000000000 ) ) ;
#2551 = FACE_OUTER_BOUND ( 'NONE', #3215, .T. ) ;
#2552 = FILL_AREA_STYLE ('',( #1400 ) ) ;
#2553 = SURFACE_SIDE_STYLE ('',( #3083 ) ) ;
#2554 = STYLED_ITEM ( 'NONE', ( #3140 ), #2204 ) ;
#2555 = CARTESIAN_POINT ( 'NONE',  ( 0.1007191975558297100, 0.03695168098134211200, -0.3300000000000001300 ) ) ;
#2556 = LINE ( 'NONE', #1569, #2452 ) ;
#2557 = CARTESIAN_POINT ( 'NONE',  ( -0.07815250531215102400, -0.03555113053167834000, -0.3300000000000000700 ) ) ;
#2558 = AXIS2_PLACEMENT_3D ( 'NONE', #604, #179, #757 ) ;
#2559 = SURFACE_STYLE_FILL_AREA ( #2408 ) ;
#2560 = DIRECTION ( 'NONE',  ( -1.000000000000000000, 0.0000000000000000000, -0.0000000000000000000 ) ) ;
#2561 = EDGE_CURVE ( 'NONE', #3498, #688, #1335, .T. ) ;
#2562 = DIRECTION ( 'NONE',  ( -1.000000000000000000, 0.0000000000000000000, -0.0000000000000000000 ) ) ;
#2563 = CARTESIAN_POINT ( 'NONE',  ( 0.1316988156574530900, -0.02690091391883349400, -0.3299999999999998500 ) ) ;
#2564 = FACE_BOUND ( 'NONE', #189, .T. ) ;
#2565 = DIRECTION ( 'NONE',  ( 0.0000000000000000000, 1.000000000000000000, 0.0000000000000000000 ) ) ;
#2566 = VERTEX_POINT ( 'NONE', #2844 ) ;
#2567 = ORIENTED_EDGE ( 'NONE', *, *, #3267, .T. ) ;
#2568 = LINE ( 'NONE', #459, #3452 ) ;
#2569 = CARTESIAN_POINT ( 'NONE',  ( 0.1999999999999999600, -0.2000000000000000100, -0.3999999999999999700 ) ) ;
#2570 = CARTESIAN_POINT ( 'NONE',  ( -0.1424733231707316400, -0.02252852140903207500, -0.3199999999999999500 ) ) ;
#2571 = ORIENTED_EDGE ( 'NONE', *, *, #3594, .T. ) ;
#2572 = CARTESIAN_POINT ( 'NONE',  ( -0.1623666158536584700, 0.03722757615194353900, -0.3300000000000000200 ) ) ;
#2573 = AXIS2_PLACEMENT_3D ( 'NONE', #387, #395, #162 ) ;
#2574 = CARTESIAN_POINT ( 'NONE',  ( -0.1329268292682926100, -0.05057730189683695700, -0.3199999999999999500 ) ) ;
#2575 = EDGE_CURVE ( 'NONE', #3, #265, #104, .T. ) ;
#2576 = LINE ( 'NONE', #3327, #1986 ) ;
#2577 = CARTESIAN_POINT ( 'NONE',  ( 0.4000000000000000200, -0.2000000000000000100, -0.3300000000000000200 ) ) ;
#2578 = DIRECTION ( 'NONE',  ( -0.0000000000000000000, -0.0000000000000000000, 1.000000000000000000 ) ) ;
#2579 = EDGE_CURVE ( 'NONE', #167, #1726, #146, .T. ) ;
#2580 = LINE ( 'NONE', #1019, #570 ) ;
#2581 = CARTESIAN_POINT ( 'NONE',  ( -0.01097560975609743700, -0.05057730189683695700, -0.3199999999999999500 ) ) ;
#2582 = ORIENTED_EDGE ( 'NONE', *, *, #2002, .F. ) ;
#2583 = CARTESIAN_POINT ( 'NONE',  ( -0.06334459889918575600, -0.05047479856640602800, -0.3300000000000000700 ) ) ;
#2584 = VERTEX_POINT ( 'NONE', #1774 ) ;
#2585 = CARTESIAN_POINT ( 'NONE',  ( 0.02926829268292696300, 0.005520259078772807300, -0.3300000000000000200 ) ) ;
#2586 = DIRECTION ( 'NONE',  ( -0.0000000000000000000, -0.0000000000000000000, -1.000000000000000000 ) ) ;
#2587 = CARTESIAN_POINT ( 'NONE',  ( 0.08183645892948228400, -0.05143266843605853700, -0.3299999999999999600 ) ) ;
#2588 = DIRECTION ( 'NONE',  ( 1.000000000000000000, 0.0000000000000000000, 0.0000000000000000000 ) ) ;
#2589 = ORIENTED_EDGE ( 'NONE', *, *, #3288, .F. ) ;
#2590 = AXIS2_PLACEMENT_3D ( 'NONE', #2313, #2613, #9 ) ;
#2591 = CARTESIAN_POINT ( 'NONE',  ( 0.1334887178074140600, -0.02253639145010308300, -0.3300000000000000200 ) ) ;
#2592 = CARTESIAN_POINT ( 'NONE',  ( -0.1626905487804877800, 0.03722757615194354600, -0.3200000000000000100 ) ) ;
#2593 = CARTESIAN_POINT ( 'NONE',  ( 0.06763190406264331400, 0.03609189916450297700, -0.3200000000000000100 ) ) ;
#2594 = CARTESIAN_POINT ( 'NONE',  ( 0.1146120521756366100, 0.04249704035476080400, -0.3199999999999999500 ) ) ;
#2595 = LINE ( 'NONE', #1333, #2762 ) ;
#2596 = DIRECTION ( 'NONE',  ( -1.000000000000000000, 0.0000000000000000000, 0.0000000000000000000 ) ) ;
#2597 = CARTESIAN_POINT ( 'NONE',  ( -0.3949999999999999100, -0.3949999999999999600, 0.0000000000000000000 ) ) ;
#2598 = EDGE_CURVE ( 'NONE', #6, #2982, #1396, .T. ) ;
#2599 = FACE_OUTER_BOUND ( 'NONE', #2701, .T. ) ;
#2600 = CARTESIAN_POINT ( 'NONE',  ( 0.08971036585365872700, -0.05179681409195891600, -0.3199999999999999500 ) ) ;
#2601 = PLANE ( 'NONE',  #2685 ) ;
#2602 = CARTESIAN_POINT ( 'NONE',  ( 0.1357790657095708500, 0.008857147281885512400, -0.3200000000000000100 ) ) ;
#2603 = CARTESIAN_POINT ( 'NONE',  ( 0.1012163064414593100, 0.04867556717120586500, -0.3200000000000000600 ) ) ;
#2604 = STYLED_ITEM ( 'NONE', ( #732 ), #2244 ) ;
#2605 = CARTESIAN_POINT ( 'NONE',  ( 0.09166866776632817700, -0.04072309597162890300, -0.3300000000000000700 ) ) ;
#2606 = CARTESIAN_POINT ( 'NONE',  ( -0.1182926829268291900, -0.05057730189683695700, -0.3199999999999999500 ) ) ;
#2607 = EDGE_LOOP ( 'NONE', ( #1933, #1579, #1372, #754, #898 ) ) ;
#2608 = DIRECTION ( 'NONE',  ( -0.0000000000000000000, -0.0000000000000000000, -1.000000000000000000 ) ) ;
#2609 = FACE_OUTER_BOUND ( 'NONE', #683, .T. ) ;
#2610 = ORIENTED_EDGE ( 'NONE', *, *, #977, .F. ) ;
#2611 = DIRECTION ( 'NONE',  ( -0.0000000000000000000, 0.0000000000000000000, -1.000000000000000000 ) ) ;
#2612 = AXIS2_PLACEMENT_3D ( 'NONE', #2331, #2113, #887 ) ;
#2613 = DIRECTION ( 'NONE',  ( -0.0000000000000000000, -0.0000000000000000000, 1.000000000000000000 ) ) ;
#2614 = EDGE_LOOP ( 'NONE', ( #1673, #1370, #3277, #2077 ) ) ;
#2615 = PRODUCT_CONTEXT ( 'NONE', #1189, 'mechanical' ) ;
#2616 = CARTESIAN_POINT ( 'NONE',  ( 0.1059298305749345200, 0.04709184088473374100, -0.3199999999999999500 ) ) ;
#2617 = EDGE_LOOP ( 'NONE', ( #243, #3264, #678, #3551 ) ) ;
#2618 = CARTESIAN_POINT ( 'NONE',  ( 0.1191709487912730000, 0.01903760879928888600, -0.3299999999999999600 ) ) ;
#2619 = CARTESIAN_POINT ( 'NONE',  ( 0.3950000000000001300, -0.3949999999999999600, -0.3300000000000000200 ) ) ;
#2620 = SURFACE_STYLE_USAGE ( .BOTH. , #3153 ) ;
#2621 = ORIENTED_EDGE ( 'NONE', *, *, #1688, .T. ) ;
#2622 = STYLED_ITEM ( 'NONE', ( #2057 ), #1679 ) ;
#2623 = VECTOR ( 'NONE', #3336, 1000.000000000000000 ) ;
#2624 = VERTEX_POINT ( 'NONE', #631 ) ;
#2625 = ORIENTED_EDGE ( 'NONE', *, *, #1919, .F. ) ;
#2626 = CARTESIAN_POINT ( 'NONE',  ( 0.1231707317073172700, -0.001644375067568664200, -0.3300000000000000200 ) ) ;
#2627 = EDGE_CURVE ( 'NONE', #853, #3213, #422, .T. ) ;
#2628 = VERTEX_POINT ( 'NONE', #1786 ) ;
#2629 = SURFACE_STYLE_USAGE ( .BOTH. , #2553 ) ;
#2630 = LINE ( 'NONE', #664, #2404 ) ;
#2631 = ORIENTED_EDGE ( 'NONE', *, *, #658, .F. ) ;
#2632 = CARTESIAN_POINT ( 'NONE',  ( -0.1026501371440441800, 0.02906012652821083100, -0.3300000000000000700 ) ) ;
#2633 = DIRECTION ( 'NONE',  ( 1.000000000000000000, 0.0000000000000000000, -0.0000000000000000000 ) ) ;
#2634 = COLOUR_RGB ( '',0.6745098039215686700, 0.6745098039215686700, 0.6745098039215686700 ) ;
#2635 = FILL_AREA_STYLE ('',( #2760 ) ) ;
#2636 = AXIS2_PLACEMENT_3D ( 'NONE', #2569, #3570, #2727 ) ;
#2637 = VECTOR ( 'NONE', #1928, 1000.000000000000000 ) ;
#2638 =( NAMED_UNIT ( * ) SI_UNIT ( $, .STERADIAN. ) SOLID_ANGLE_UNIT ( ) );
#2639 = VECTOR ( 'NONE', #3149, 1000.000000000000000 ) ;
#2640 = EDGE_CURVE ( 'NONE', #896, #670, #290, .T. ) ;
#2641 = LINE ( 'NONE', #1435, #2275 ) ;
#2642 = PRESENTATION_LAYER_ASSIGNMENT (  '', '', ( #2622 ) ) ;
#2643 = LINE ( 'NONE', #1868, #2729 ) ;
#2644 = EDGE_CURVE ( 'NONE', #3206, #3645, #338, .T. ) ;
#2645 =( NAMED_UNIT ( * ) PLANE_ANGLE_UNIT ( ) SI_UNIT ( $, .RADIAN. ) );
#2646 = LINE ( 'NONE', #1601, #1767 ) ;
#2647 = SPHERICAL_SURFACE ( 'NONE', #2831, 0.1300000000000000000 ) ;
#2648 = CARTESIAN_POINT ( 'NONE',  ( -0.06942988665566479600, 0.04869156351245727100, -0.3300000000000000700 ) ) ;
#2649 = CARTESIAN_POINT ( 'NONE',  ( -0.1695121951219511500, 0.04942269810316306200, -0.3199999999999999500 ) ) ;
#2650 = AXIS2_PLACEMENT_3D ( 'NONE', #2167, #1893, #3337 ) ;
#2651 = SURFACE_SIDE_STYLE ('',( #814 ) ) ;
#2652 = VERTEX_POINT ( 'NONE', #51 ) ;
#2653 = CARTESIAN_POINT ( 'NONE',  ( 0.1268855527674399000, -0.03479805616332379300, -0.3299999999999999600 ) ) ;
#2654 = CIRCLE ( 'NONE', #3061, 0.1300000000000000000 ) ;
#2655 = VECTOR ( 'NONE', #2194, 1000.000000000000000 ) ;
#2656 = FACE_OUTER_BOUND ( 'NONE', #1483, .T. ) ;
#2657 = LINE ( 'NONE', #856, #2655 ) ;
#2658 = CARTESIAN_POINT ( 'NONE',  ( 0.1230886921609819600, -0.005961982616519592500, -0.3300000000000000200 ) ) ;
#2659 = EDGE_CURVE ( 'NONE', #119, #2208, #701, .T. ) ;
#2660 = ORIENTED_EDGE ( 'NONE', *, *, #88, .T. ) ;
#2661 = VERTEX_POINT ( 'NONE', #3429 ) ;
#2662 = CARTESIAN_POINT ( 'NONE',  ( 0.06219512195121969200, 0.04667879566413865600, -0.3199999999999999500 ) ) ;
#2663 = CARTESIAN_POINT ( 'NONE',  ( -0.07901423188334946700, -0.04715638355363198400, -0.3299999999999999000 ) ) ;
#2664 = SURFACE_STYLE_USAGE ( .BOTH. , #2651 ) ;
#2665 = PRESENTATION_LAYER_ASSIGNMENT (  '', '', ( #883 ) ) ;
#2666 = CARTESIAN_POINT ( 'NONE',  ( 0.1007191975558297100, 0.03695168098134211200, -0.3200000000000000600 ) ) ;
#2667 = EDGE_CURVE ( 'NONE', #1859, #2047, #507, .T. ) ;
#2668 = EDGE_LOOP ( 'NONE', ( #2474, #2625, #1198, #1827 ) ) ;
#2669 = LINE ( 'NONE', #792, #1791 ) ;
#2670 = ORIENTED_EDGE ( 'NONE', *, *, #3020, .T. ) ;
#2671 = PRESENTATION_LAYER_ASSIGNMENT (  '', '', ( #3053 ) ) ;
#2672 = ORIENTED_EDGE ( 'NONE', *, *, #1802, .T. ) ;
#2673 = CARTESIAN_POINT ( 'NONE',  ( 0.1177507697770851000, -0.02450796040424810900, -0.3300000000000000200 ) ) ;
#2674 = FILL_AREA_STYLE_COLOUR ( '', #235 ) ;
#2675 = VECTOR ( 'NONE', #2950, 1000.000000000000000 ) ;
#2676 =( LENGTH_UNIT ( ) NAMED_UNIT ( * ) SI_UNIT ( .MILLI., .METRE. ) );
#2677 = CARTESIAN_POINT ( 'NONE',  ( 0.1451219512195123000, -0.03960169214073939300, -0.3199999999999999500 ) ) ;
#2678 = CARTESIAN_POINT ( 'NONE',  ( 0.1040294406025096400, 0.03536627794682258700, -0.3299999999999998500 ) ) ;
#2679 = AXIS2_PLACEMENT_3D ( 'NONE', #3639, #3383, #3398 ) ;
#2680 = EDGE_CURVE ( 'NONE', #2889, #2628, #825, .T. ) ;
#2681 = CARTESIAN_POINT ( 'NONE',  ( 0.1226225334986516800, -0.01012975040880183100, -0.3199999999999999500 ) ) ;
#2682 = ORIENTED_EDGE ( 'NONE', *, *, #2640, .F. ) ;
#2683 = PRESENTATION_STYLE_ASSIGNMENT (( #2460 ) ) ;
#2684 = PLANE ( 'NONE',  #899 ) ;
#2685 = AXIS2_PLACEMENT_3D ( 'NONE', #2317, #2029, #599 ) ;
#2686 = ORIENTED_EDGE ( 'NONE', *, *, #3226, .T. ) ;
#2687 = LINE ( 'NONE', #3097, #2730 ) ;
#2688 = CARTESIAN_POINT ( 'NONE',  ( 0.1040294406025096400, 0.03536627794682258700, -0.3199999999999997800 ) ) ;
#2689 = ORIENTED_EDGE ( 'NONE', *, *, #29, .T. ) ;
#2690 = EDGE_CURVE ( 'NONE', #681, #2940, #954, .T. ) ;
#2691 = COLOUR_RGB ( '',1.000000000000000000, 1.000000000000000000, 1.000000000000000000 ) ;
#2692 = VECTOR ( 'NONE', #3007, 1000.000000000000100 ) ;
#2693 = FACE_OUTER_BOUND ( 'NONE', #1423, .T. ) ;
#2694 = ORIENTED_EDGE ( 'NONE', *, *, #1659, .T. ) ;
#2695 = CARTESIAN_POINT ( 'NONE',  ( -0.07446947095664829800, 0.04763319653157613300, -0.3300000000000000200 ) ) ;
#2696 = ORIENTED_EDGE ( 'NONE', *, *, #2837, .T. ) ;
#2697 = DIRECTION ( 'NONE',  ( 0.3635424856527065300, 0.9315776194850601300, 0.0000000000000000000 ) ) ;
#2698 = CARTESIAN_POINT ( 'NONE',  ( 0.09107716525092456100, 0.05051775015910289800, -0.3200000000000000100 ) ) ;
#2699 = UNCERTAINTY_MEASURE_WITH_UNIT (LENGTH_MEASURE( 1.000000000000000100E-005 ), #39, 'distance_accuracy_value', 'NONE');
#2700 = ORIENTED_EDGE ( 'NONE', *, *, #1451, .F. ) ;
#2701 = EDGE_LOOP ( 'NONE', ( #2975, #3060 ) ) ;
#2702 = EDGE_CURVE ( 'NONE', #150, #2973, #1037, .T. ) ;
#2703 = ORIENTED_EDGE ( 'NONE', *, *, #3157, .F. ) ;
#2704 = CARTESIAN_POINT ( 'NONE',  ( 0.1222789633655549900, 0.03609764742387765200, -0.3299999999999998500 ) ) ;
#2705 = ORIENTED_EDGE ( 'NONE', *, *, #2378, .F. ) ;
#2706 = CARTESIAN_POINT ( 'NONE',  ( 0.08427354277694211500, -0.04077409022199547000, -0.3199999999999999000 ) ) ;
#2707 = CARTESIAN_POINT ( 'NONE',  ( -0.05809832317073161700, -0.03960169214073939300, -0.3199999999999999500 ) ) ;
#2708 = ORIENTED_EDGE ( 'NONE', *, *, #629, .F. ) ;
#2709 = CARTESIAN_POINT ( 'NONE',  ( 0.09627109506336098400, 0.04981295731997243500, -0.3199999999999999000 ) ) ;
#2710 = LINE ( 'NONE', #2707, #1950 ) ;
#2711 = VERTEX_POINT ( 'NONE', #1984 ) ;
#2712 = DIRECTION ( 'NONE',  ( 0.0000000000000000000, -1.000000000000000000, 0.0000000000000000000 ) ) ;
#2713 = CARTESIAN_POINT ( 'NONE',  ( 0.1230686611792921000, 0.002908107580530746800, -0.3300000000000000200 ) ) ;
#2714 = EDGE_CURVE ( 'NONE', #2628, #1784, #106, .T. ) ;
#2715 = CARTESIAN_POINT ( 'NONE',  ( -0.1073507656070195000, 0.02070308228258562600, -0.3200000000000000100 ) ) ;
#2716 = LINE ( 'NONE', #1841, #1832 ) ;
#2717 = SURFACE_STYLE_FILL_AREA ( #3169 ) ;
#2718 = UNCERTAINTY_MEASURE_WITH_UNIT (LENGTH_MEASURE( 1.000000000000000100E-005 ), #2519, 'distance_accuracy_value', 'NONE');
#2719 = FACE_OUTER_BOUND ( 'NONE', #2750, .T. ) ;
#2720 =( NAMED_UNIT ( * ) SI_UNIT ( $, .STERADIAN. ) SOLID_ANGLE_UNIT ( ) );
#2721 = DIRECTION ( 'NONE',  ( -1.000000000000000000, -0.0000000000000000000, -0.0000000000000000000 ) ) ;
#2722 = ADVANCED_FACE ( 'NONE', ( #69 ), #1634, .T. ) ;
#2723 = DIRECTION ( 'NONE',  ( 0.9315776194850602400, -0.3635424856527065800, 0.0000000000000000000 ) ) ;
#2724 = CARTESIAN_POINT ( 'NONE',  ( -0.04390243902439015100, 0.03844708834706549900, -0.3199999999999999500 ) ) ;
#2725 = LINE ( 'NONE', #1408, #2171 ) ;
#2726 =( NAMED_UNIT ( * ) PLANE_ANGLE_UNIT ( ) SI_UNIT ( $, .RADIAN. ) );
#2727 = DIRECTION ( 'NONE',  ( 1.000000000000000000, 0.0000000000000000000, 0.0000000000000000000 ) ) ;
#2728 = CARTESIAN_POINT ( 'NONE',  ( -0.1109356929667200500, 0.002493016711480977200, -0.3199999999999999000 ) ) ;
#2729 = VECTOR ( 'NONE', #1292, 1000.000000000000000 ) ;
#2730 = VECTOR ( 'NONE', #3089, 1000.000000000000200 ) ;
#2731 = SURFACE_STYLE_USAGE ( .BOTH. , #1518 ) ;
#2732 =( GEOMETRIC_REPRESENTATION_CONTEXT ( 3 ) GLOBAL_UNCERTAINTY_ASSIGNED_CONTEXT ( ( #3566 ) ) GLOBAL_UNIT_ASSIGNED_CONTEXT ( ( #1566, #1471, #3436 ) ) REPRESENTATION_CONTEXT ( 'NONE', 'WORKASPACE' ) );
#2733 = CARTESIAN_POINT ( 'NONE',  ( 0.06989319970246980800, 0.04914025593708030300, -0.3299999999999999600 ) ) ;
#2734 = VECTOR ( 'NONE', #3197, 1000.000000000000000 ) ;
#2735 = DIRECTION ( 'NONE',  ( -0.0000000000000000000, -0.0000000000000000000, -1.000000000000000000 ) ) ;
#2736 = ORIENTED_EDGE ( 'NONE', *, *, #2925, .T. ) ;
#2737 = MECHANICAL_DESIGN_GEOMETRIC_PRESENTATION_REPRESENTATION (  '', ( #791 ), #3268 ) ;
#2738 = ADVANCED_FACE ( 'NONE', ( #873 ), #2468, .F. ) ;
#2739 = CARTESIAN_POINT ( 'NONE',  ( 0.1185911678932958400, 0.03951499807400119000, -0.3300000000000001800 ) ) ;
#2740 = CARTESIAN_POINT ( 'NONE',  ( 0.1021568573112375400, -0.03824091550686047100, -0.3199999999999999000 ) ) ;
#2741 = MECHANICAL_DESIGN_GEOMETRIC_PRESENTATION_REPRESENTATION (  '', ( #1102 ), #3529 ) ;
#2742 = ORIENTED_EDGE ( 'NONE', *, *, #725, .T. ) ;
#2743 = PRESENTATION_STYLE_ASSIGNMENT (( #400 ) ) ;
#2744 =( GEOMETRIC_REPRESENTATION_CONTEXT ( 3 ) GLOBAL_UNCERTAINTY_ASSIGNED_CONTEXT ( ( #288 ) ) GLOBAL_UNIT_ASSIGNED_CONTEXT ( ( #1737, #501, #1615 ) ) REPRESENTATION_CONTEXT ( 'NONE', 'WORKASPACE' ) );
#2745 = DIRECTION ( 'NONE',  ( -0.0000000000000000000, -0.0000000000000000000, 1.000000000000000000 ) ) ;
#2746 = DIRECTION ( 'NONE',  ( 0.0000000000000000000, -1.000000000000000000, 0.0000000000000000000 ) ) ;
#2747 = CARTESIAN_POINT ( 'NONE',  ( 0.08696850325962195100, 0.03963746693358968100, -0.3200000000000000100 ) ) ;
#2748 = ORIENTED_EDGE ( 'NONE', *, *, #1320, .F. ) ;
#2749 = ORIENTED_EDGE ( 'NONE', *, *, #2249, .T. ) ;
#2750 = EDGE_LOOP ( 'NONE', ( #926, #2582, #1052, #34 ) ) ;
#2751 = CARTESIAN_POINT ( 'NONE',  ( 0.3095445115010332400, 0.2000000000000000100, -0.3300000000000000200 ) ) ;
#2752 = CARTESIAN_POINT ( 'NONE',  ( 0.1226225334986516800, -0.01012975040880183100, -0.3300000000000000200 ) ) ;
#2753 = STYLED_ITEM ( 'NONE', ( #3514 ), #1310 ) ;
#2754 = PRESENTATION_STYLE_ASSIGNMENT (( #3249 ) ) ;
#2755 = EDGE_CURVE ( 'NONE', #3493, #536, #551, .T. ) ;
#2756 = CARTESIAN_POINT ( 'NONE',  ( 0.06219512195121970600, 0.04667879566413866300, -0.3200000000000000100 ) ) ;
#2757 = ORIENTED_EDGE ( 'NONE', *, *, #3027, .F. ) ;
#2758 = EDGE_CURVE ( 'NONE', #967, #1546, #649, .T. ) ;
#2759 = SPHERICAL_SURFACE ( 'NONE', #2361, 0.1300000000000000000 ) ;
#2760 = FILL_AREA_STYLE_COLOUR ( '', #1125 ) ;
#2761 = VECTOR ( 'NONE', #1899, 1000.000000000000000 ) ;
#2762 = VECTOR ( 'NONE', #1323, 1000.000000000000000 ) ;
#2763 = CARTESIAN_POINT ( 'NONE',  ( 0.1365853658536587100, -0.002463734823666223300, -0.3300000000000000200 ) ) ;
#2764 = UNCERTAINTY_MEASURE_WITH_UNIT (LENGTH_MEASURE( 1.000000000000000100E-005 ), #660, 'distance_accuracy_value', 'NONE');
#2765 = AXIS2_PLACEMENT_3D ( 'NONE', #1428, #1719, #20 ) ;
#2766 = CARTESIAN_POINT ( 'NONE',  ( -0.3949999999999999100, -0.3949999999999999600, 0.02000000000000000000 ) ) ;
#2767 = MECHANICAL_DESIGN_GEOMETRIC_PRESENTATION_REPRESENTATION (  '', ( #2952 ), #2744 ) ;
#2768 = ORIENTED_EDGE ( 'NONE', *, *, #2462, .T. ) ;
#2769 =( LENGTH_UNIT ( ) NAMED_UNIT ( * ) SI_UNIT ( .MILLI., .METRE. ) );
#2770 = CARTESIAN_POINT ( 'NONE',  ( 0.1999999999999999600, 0.2000000000000000100, -0.5300000000000000300 ) ) ;
#2771 = CARTESIAN_POINT ( 'NONE',  ( -0.05809832317073161700, -0.03960169214073939300, -0.3300000000000000200 ) ) ;
#2772 = LINE ( 'NONE', #2116, #2876 ) ;
#2773 = CARTESIAN_POINT ( 'NONE',  ( 0.08971036585365872700, -0.05179681409195891600, -0.3199999999999999500 ) ) ;
#2774 = SURFACE_STYLE_FILL_AREA ( #656 ) ;
#2775 = CARTESIAN_POINT ( 'NONE',  ( 0.1963414634146342400, 0.04942269810316306200, -0.3300000000000000200 ) ) ;
#2776 = CARTESIAN_POINT ( 'NONE',  ( 0.1963414634146342400, 0.04942269810316306200, -0.3199999999999999500 ) ) ;
#2777 = CARTESIAN_POINT ( 'NONE',  ( -0.08961278367129837900, -0.02635533961971016000, -0.3199999999999999500 ) ) ;
#2778 = ORIENTED_EDGE ( 'NONE', *, *, #1426, .T. ) ;
#2779 = FACE_OUTER_BOUND ( 'NONE', #367, .T. ) ;
#2780 = CARTESIAN_POINT ( 'NONE',  ( 0.08696850325962195100, 0.03963746693358968100, -0.3200000000000000100 ) ) ;
#2781 = VERTEX_POINT ( 'NONE', #1079 ) ;
#2782 = EDGE_CURVE ( 'NONE', #80, #3540, #813, .T. ) ;
#2783 = CARTESIAN_POINT ( 'NONE',  ( -0.1101324796129265800, -0.01031397933330628500, -0.3199999999999999500 ) ) ;
#2784 = ORIENTED_EDGE ( 'NONE', *, *, #458, .F. ) ;
#2785 = CARTESIAN_POINT ( 'NONE',  ( 0.08914671018404871100, -0.04078809452747302100, -0.3300000000000000200 ) ) ;
#2786 = ORIENTED_EDGE ( 'NONE', *, *, #370, .F. ) ;
#2787 = CARTESIAN_POINT ( 'NONE',  ( -0.09696887895307913800, 0.009221974054856703400, -0.3300000000000001800 ) ) ;
#2788 = STYLED_ITEM ( 'NONE', ( #1440 ), #2412 ) ;
#2789 = VERTEX_POINT ( 'NONE', #808 ) ;
#2790 = CARTESIAN_POINT ( 'NONE',  ( -0.08142546660491227500, -0.03374557068404856300, -0.3199999999999999000 ) ) ;
#2791 = VERTEX_POINT ( 'NONE', #26 ) ;
#2792 = CARTESIAN_POINT ( 'NONE',  ( 0.1021568573112375400, -0.03824091550686047100, -0.3299999999999999600 ) ) ;
#2793 =( NAMED_UNIT ( * ) SI_UNIT ( $, .STERADIAN. ) SOLID_ANGLE_UNIT ( ) );
#2794 = ORIENTED_EDGE ( 'NONE', *, *, #658, .T. ) ;
#2795 = CARTESIAN_POINT ( 'NONE',  ( 0.08572789634146360500, 0.05064221029828500100, -0.3199999999999999500 ) ) ;
#2796 = SURFACE_STYLE_USAGE ( .BOTH. , #3221 ) ;
#2797 = FILL_AREA_STYLE_COLOUR ( '', #436 ) ;
#2798 = ADVANCED_FACE ( 'NONE', ( #948 ), #1450, .T. ) ;
#2799 = ORIENTED_EDGE ( 'NONE', *, *, #1562, .F. ) ;
#2800 = PRESENTATION_LAYER_ASSIGNMENT (  '', '', ( #2952 ) ) ;
#2801 = CARTESIAN_POINT ( 'NONE',  ( 0.06299113430228509000, 0.04700191462722601300, -0.3200000000000000600 ) ) ;
#2802 = CARTESIAN_POINT ( 'NONE',  ( -0.1560975609756096700, 0.04942269810316306200, -0.3300000000000000200 ) ) ;
#2803 = CARTESIAN_POINT ( 'NONE',  ( 0.3950000000000001300, -0.3949999999999999600, 0.02000000000000000000 ) ) ;
#2804 = CARTESIAN_POINT ( 'NONE',  ( 0.06313346102871862700, -0.04591230003455795700, -0.3200000000000000100 ) ) ;
#2805 = ORIENTED_EDGE ( 'NONE', *, *, #3384, .T. ) ;
#2806 = LINE ( 'NONE', #131, #2271 ) ;
#2807 = EDGE_LOOP ( 'NONE', ( #3370, #1551, #1908, #2621 ) ) ;
#2808 = DIRECTION ( 'NONE',  ( -0.0000000000000000000, 0.0000000000000000000, -1.000000000000000000 ) ) ;
#2809 = CARTESIAN_POINT ( 'NONE',  ( 0.1222789633655549900, 0.03609764742387765200, -0.3199999999999997800 ) ) ;
#2810 = EDGE_CURVE ( 'NONE', #2711, #755, #597, .T. ) ;
#2811 = DIRECTION ( 'NONE',  ( 0.0000000000000000000, 1.000000000000000000, 0.0000000000000000000 ) ) ;
#2812 = LINE ( 'NONE', #524, #2866 ) ;
#2813 = CARTESIAN_POINT ( 'NONE',  ( 0.1999999999999999800, -0.2000000000000000100, -0.3300000000000000200 ) ) ;
#2814 = CARTESIAN_POINT ( 'NONE',  ( 0.08572789634146360500, 0.05064221029828500100, -0.3300000000000000200 ) ) ;
#2815 = PLANE ( 'NONE',  #3092 ) ;
#2816 = CARTESIAN_POINT ( 'NONE',  ( -0.08443646979675160900, -0.03159698876279195400, -0.3200000000000000600 ) ) ;
#2817 = LINE ( 'NONE', #2232, #2953 ) ;
#2818 = CIRCLE ( 'NONE', #264, 0.1300000000000000000 ) ;
#2819 = CARTESIAN_POINT ( 'NONE',  ( -0.07442131857660760900, 0.03612917233611468600, -0.3199999999999999000 ) ) ;
#2820 = FILL_AREA_STYLE ('',( #2334 ) ) ;
#2821 = EDGE_CURVE ( 'NONE', #3242, #681, #689, .T. ) ;
#2822 = CARTESIAN_POINT ( 'NONE',  ( -0.09345014634507897700, 0.02042598024409345700, -0.3200000000000000100 ) ) ;
#2823 =( GEOMETRIC_REPRESENTATION_CONTEXT ( 3 ) GLOBAL_UNCERTAINTY_ASSIGNED_CONTEXT ( ( #466 ) ) GLOBAL_UNIT_ASSIGNED_CONTEXT ( ( #228, #408, #490 ) ) REPRESENTATION_CONTEXT ( 'NONE', 'WORKASPACE' ) );
#2824 = VECTOR ( 'NONE', #1907, 1000.000000000000000 ) ;
#2825 = DIRECTION ( 'NONE',  ( 0.0000000000000000000, 1.000000000000000000, 0.0000000000000000000 ) ) ;
#2826 = CARTESIAN_POINT ( 'NONE',  ( 0.1285877509321171900, 0.02822333384311688500, -0.3299999999999999600 ) ) ;
#2827 = CARTESIAN_POINT ( 'NONE',  ( -0.1089782644519529500, 0.01609299604048712600, -0.3199999999999999000 ) ) ;
#2828 = AXIS2_PLACEMENT_3D ( 'NONE', #1732, #1177, #3178 ) ;
#2829 = PLANE ( 'NONE',  #953 ) ;
#2830 = DIRECTION ( 'NONE',  ( -0.0000000000000000000, -0.0000000000000000000, 1.000000000000000000 ) ) ;
#2831 = AXIS2_PLACEMENT_3D ( 'NONE', #650, #3472, #87 ) ;
#2832 = COLOUR_RGB ( '',0.2509803921568627400, 0.2509803921568627400, 0.2509803921568627400 ) ;
#2833 = CARTESIAN_POINT ( 'NONE',  ( -0.07928008365969606300, 0.04618934665861473800, -0.3300000000000000700 ) ) ;
#2834 = CARTESIAN_POINT ( 'NONE',  ( 0.08455835410222867200, 0.03965064648255355700, -0.3300000000000000700 ) ) ;
#2835 = VECTOR ( 'NONE', #236, 1000.000000000000000 ) ;
#2836 = CARTESIAN_POINT ( 'NONE',  ( 0.08786204268292700800, -0.04082120433586135200, -0.3199999999999999500 ) ) ;
#2837 = EDGE_CURVE ( 'NONE', #2080, #2427, #990, .T. ) ;
#2838 = CARTESIAN_POINT ( 'NONE',  ( 0.1206377465836594200, 0.01536534577596553700, -0.3200000000000001200 ) ) ;
#2839 = CARTESIAN_POINT ( 'NONE',  ( 0.06313346102871862700, -0.04591230003455795700, -0.3200000000000000100 ) ) ;
#2840 = LINE ( 'NONE', #3057, #1399 ) ;
#2841 = AXIS2_PLACEMENT_3D ( 'NONE', #482, #1098, #1088 ) ;
#2842 = CARTESIAN_POINT ( 'NONE',  ( 0.1146120521756366100, 0.04249704035476080400, -0.3300000000000000200 ) ) ;
#2843 = EDGE_LOOP ( 'NONE', ( #523, #532, #3166, #2081 ) ) ;
#2844 = CARTESIAN_POINT ( 'NONE',  ( 0.3950000000000001300, 0.3950000000000000700, 0.0000000000000000000 ) ) ;
#2845 = EDGE_CURVE ( 'NONE', #1540, #2461, #1123, .T. ) ;
#2846 = VERTEX_POINT ( 'NONE', #223 ) ;
#2847 = SURFACE_STYLE_USAGE ( .BOTH. , #857 ) ;
#2848 = VECTOR ( 'NONE', #2281, 1000.000000000000000 ) ;
#2849 = CARTESIAN_POINT ( 'NONE',  ( 0.08696850325962195100, 0.03963746693358968100, -0.3300000000000000700 ) ) ;
#2850 = CARTESIAN_POINT ( 'NONE',  ( -0.09746450037321778600, 0.004903873268138290700, -0.3299999999999999600 ) ) ;
#2851 = DIRECTION ( 'NONE',  ( -0.0000000000000000000, -0.0000000000000000000, -1.000000000000000000 ) ) ;
#2852 = EDGE_LOOP ( 'NONE', ( #3678, #44, #3581 ) ) ;
#2853 = CARTESIAN_POINT ( 'NONE',  ( 0.04268292682926842800, 0.04942269810316306200, -0.3199999999999999500 ) ) ;
#2854 = ORIENTED_EDGE ( 'NONE', *, *, #3670, .T. ) ;
#2855 = AXIS2_PLACEMENT_3D ( 'NONE', #989, #764, #2390 ) ;
#2856 = SURFACE_STYLE_USAGE ( .BOTH. , #2870 ) ;
#2857 = ORIENTED_EDGE ( 'NONE', *, *, #3243, .T. ) ;
#2858 = CARTESIAN_POINT ( 'NONE',  ( -0.1458460365853657700, -0.01155291165293451300, -0.3199999999999999500 ) ) ;
#2859 = EDGE_LOOP ( 'NONE', ( #3324, #526, #304, #3504 ) ) ;
#2860 = PRESENTATION_STYLE_ASSIGNMENT (( #2629 ) ) ;
#2861 = CARTESIAN_POINT ( 'NONE',  ( 0.08962582733463998800, 0.03958032960100298800, -0.3199999999999999000 ) ) ;
#2862 = CARTESIAN_POINT ( 'NONE',  ( -0.1109756097560974800, 0.0006803200543825600800, -0.3199999999999999500 ) ) ;
#2863 = CARTESIAN_POINT ( 'NONE',  ( -0.1626905487804877500, 0.03722757615194353900, -0.3199999999999999500 ) ) ;
#2864 = B_SPLINE_CURVE_WITH_KNOTS ( 'NONE', 3,
 ( #2482, #2780, #1777, #1746, #556, #1081, #1452, #1706, #3657, #866, #2192, #2066, #2040, #1985, #823, #18, #657, #1468, #2909 ),
 .UNSPECIFIED., .F., .F.,
 ( 4, 1, 1, 1, 1, 1, 1, 1, 1, 1, 1, 1, 1, 1, 1, 1, 4 ),
 ( 0.0000000000000000000, 0.06460397028839211200, 0.1267024139629471500, 0.1867568140356181700, 0.2455056873654373200, 0.3036520244499753000, 0.3615030739706253100, 0.4202402229284674700, 0.4800333407766961800, 0.5406781347755159600, 0.6011918063807817300, 0.6623335024774423800, 0.7247395102972318300, 0.7894677361728866800, 0.8565048600438307500, 0.9263120958391902700, 1.000000000000000000 ),
 .UNSPECIFIED. ) ;
#2865 = EDGE_CURVE ( 'NONE', #2354, #2208, #1286, .T. ) ;
#2866 = VECTOR ( 'NONE', #586, 1000.000000000000000 ) ;
#2867 = LINE ( 'NONE', #2061, #3223 ) ;
#2868 = CARTESIAN_POINT ( 'NONE',  ( -0.08142546660491227500, -0.03374557068404856300, -0.3299999999999999600 ) ) ;
#2869 = VECTOR ( 'NONE', #2375, 1000.000000000000000 ) ;
#2870 = SURFACE_SIDE_STYLE ('',( #1086 ) ) ;
#2871 = EDGE_CURVE ( 'NONE', #38, #3121, #1484, .T. ) ;
#2872 = LINE ( 'NONE', #2858, #1215 ) ;
#2873 = UNCERTAINTY_MEASURE_WITH_UNIT (LENGTH_MEASURE( 1.000000000000000100E-005 ), #1793, 'distance_accuracy_value', 'NONE');
#2874 = AXIS2_PLACEMENT_3D ( 'NONE', #5, #1146, #1159 ) ;
#2875 = CARTESIAN_POINT ( 'NONE',  ( -0.09612785924042750700, -0.03664399458526029100, -0.3300000000000001300 ) ) ;
#2876 = VECTOR ( 'NONE', #2161, 1000.000000000000000 ) ;
#2877 = CARTESIAN_POINT ( 'NONE',  ( 0.1239067176039447500, -0.03832106686943162500, -0.3300000000000000700 ) ) ;
#2878 = CARTESIAN_POINT ( 'NONE',  ( -0.05767911585365843900, -0.05057730189683695700, -0.3199999999999999500 ) ) ;
#2879 = PRESENTATION_LAYER_ASSIGNMENT (  '', '', ( #2184 ) ) ;
#2880 = FILL_AREA_STYLE_COLOUR ( '', #1188 ) ;
#2881 = CARTESIAN_POINT ( 'NONE',  ( 0.1169761209376150600, -0.04426727051074477000, -0.3200000000000000600 ) ) ;
#2882 = LINE ( 'NONE', #3190, #3623 ) ;
#2883 = PLANE ( 'NONE',  #2828 ) ;
#2884 =( NAMED_UNIT ( * ) PLANE_ANGLE_UNIT ( ) SI_UNIT ( $, .RADIAN. ) );
#2885 = CARTESIAN_POINT ( 'NONE',  ( 0.08456521027908146800, 0.05063387585472414700, -0.3299999999999999600 ) ) ;
#2886 = EDGE_CURVE ( 'NONE', #2202, #1264, #1520, .T. ) ;
#2887 =( NAMED_UNIT ( * ) SI_UNIT ( $, .STERADIAN. ) SOLID_ANGLE_UNIT ( ) );
#2888 = CARTESIAN_POINT ( 'NONE',  ( 0.06502374838596253200, -0.04695566169408765800, -0.3200000000000000100 ) ) ;
#2889 = VERTEX_POINT ( 'NONE', #354 ) ;
#2890 = AXIS2_PLACEMENT_3D ( 'NONE', #842, #330, #1179 ) ;
#2891 =( LENGTH_UNIT ( ) NAMED_UNIT ( * ) SI_UNIT ( .MILLI., .METRE. ) );
#2892 = ORIENTED_EDGE ( 'NONE', *, *, #2503, .F. ) ;
#2893 = CARTESIAN_POINT ( 'NONE',  ( -0.1607660060975608900, 0.03021538102999231400, -0.3300000000000000200 ) ) ;
#2894 = CARTESIAN_POINT ( 'NONE',  ( 0.09350797510579016100, 0.03901934663245856800, -0.3300000000000000200 ) ) ;
#2895 = EDGE_CURVE ( 'NONE', #2261, #1393, #1932, .T. ) ;
#2896 = ORIENTED_EDGE ( 'NONE', *, *, #2340, .T. ) ;
#2897 =( GEOMETRIC_REPRESENTATION_CONTEXT ( 3 ) GLOBAL_UNCERTAINTY_ASSIGNED_CONTEXT ( ( #2718 ) ) GLOBAL_UNIT_ASSIGNED_CONTEXT ( ( #2519, #2726, #3080 ) ) REPRESENTATION_CONTEXT ( 'NONE', 'WORKASPACE' ) );
#2898 = VECTOR ( 'NONE', #3593, 1000.000000000000000 ) ;
#2899 =( NAMED_UNIT ( * ) PLANE_ANGLE_UNIT ( ) SI_UNIT ( $, .RADIAN. ) );
#2900 = CARTESIAN_POINT ( 'NONE',  ( 0.08572789634146360500, 0.05064221029828500100, -0.3300000000000000200 ) ) ;
#2901 = SPHERICAL_SURFACE ( 'NONE', #2636, 0.1300000000000000000 ) ;
#2902 = CARTESIAN_POINT ( 'NONE',  ( -0.09045548849896678500, 0.2000000000000000100, -0.3300000000000000200 ) ) ;
#2903 = PLANE ( 'NONE',  #616 ) ;
#2904 = DIRECTION ( 'NONE',  ( -0.0000000000000000000, -0.0000000000000000000, -1.000000000000000000 ) ) ;
#2905 = CARTESIAN_POINT ( 'NONE',  ( 0.06313346102871862700, -0.04591230003455795700, -0.3300000000000000700 ) ) ;
#2906 = CARTESIAN_POINT ( 'NONE',  ( -0.3949999999999999100, 0.3950000000000000700, -0.3300000000000000200 ) ) ;
#2907 = ORIENTED_EDGE ( 'NONE', *, *, #558, .F. ) ;
#2908 = AXIS2_PLACEMENT_3D ( 'NONE', #2508, #758, #180 ) ;
#2909 = CARTESIAN_POINT ( 'NONE',  ( 0.1231707317073172700, -0.001644375067568664200, -0.3199999999999999500 ) ) ;
#2910 = FILL_AREA_STYLE ('',( #1598 ) ) ;
#2911 = APPLICATION_PROTOCOL_DEFINITION ( 'draft international standard', 'automotive_design', 1998, #915 ) ;
#2912 = EDGE_CURVE ( 'NONE', #3681, #2200, #1756, .T. ) ;
#2913 = CARTESIAN_POINT ( 'NONE',  ( 0.08455835410222867200, 0.03965064648255355700, -0.3200000000000000100 ) ) ;
#2914 = CARTESIAN_POINT ( 'NONE',  ( 0.06989319970246980800, 0.04914025593708030300, -0.3299999999999999600 ) ) ;
#2915 = CARTESIAN_POINT ( 'NONE',  ( 0.09885255540600199100, -0.03940339802617116200, -0.3300000000000000200 ) ) ;
#2916 = FACE_OUTER_BOUND ( 'NONE', #2051, .T. ) ;
#2917 = FILL_AREA_STYLE_COLOUR ( '', #771 ) ;
#2918 = CARTESIAN_POINT ( 'NONE',  ( 0.3950000000000001300, 0.3950000000000000700, 0.02000000000000000000 ) ) ;
#2919 = B_SPLINE_CURVE_WITH_KNOTS ( 'NONE', 3,
 ( #176, #136, #187, #200, #860, #411, #600 ),
 .UNSPECIFIED., .F., .F.,
 ( 4, 1, 1, 1, 4 ),
 ( 0.0000000000000000000, 0.1744817153170515600, 0.3982857591281132000, 0.6738978473986673200, 1.000000000000000000 ),
 .UNSPECIFIED. ) ;
#2920 = DIRECTION ( 'NONE',  ( 1.000000000000000000, 0.0000000000000000000, 0.0000000000000000000 ) ) ;
#2921 = ORIENTED_EDGE ( 'NONE', *, *, #1925, .F. ) ;
#2922 = FACE_OUTER_BOUND ( 'NONE', #1244, .T. ) ;
#2923 = LINE ( 'NONE', #1570, #2675 ) ;
#2924 = FILL_AREA_STYLE_COLOUR ( '', #231 ) ;
#2925 = EDGE_CURVE ( 'NONE', #1015, #1238, #1608, .T. ) ;
#2926 = CARTESIAN_POINT ( 'NONE',  ( -0.1609171484905415900, 0.03067116883066852600, -0.3299999999999999600 ) ) ;
#2927 = CARTESIAN_POINT ( 'NONE',  ( -0.1073507656070195000, 0.02070308228258562600, -0.3300000000000000700 ) ) ;
#2928 = DIRECTION ( 'NONE',  ( -0.0000000000000000000, -0.0000000000000000000, -1.000000000000000000 ) ) ;
#2929 = COLOUR_RGB ( '',0.5019607843137254800, 0.5019607843137254800, 0.5019607843137254800 ) ;
#2930 = CARTESIAN_POINT ( 'NONE',  ( -0.03048780487804868600, 0.04942269810316306200, -0.3300000000000000200 ) ) ;
#2931 =( LENGTH_UNIT ( ) NAMED_UNIT ( * ) SI_UNIT ( .MILLI., .METRE. ) );
#2932 = CARTESIAN_POINT ( 'NONE',  ( -0.01097560975609743700, -0.03960169214073939300, -0.3199999999999999500 ) ) ;
#2933 = CARTESIAN_POINT ( 'NONE',  ( -0.1109756097560974800, 0.0006803200543825600800, -0.3300000000000000200 ) ) ;
#2934 = ORIENTED_EDGE ( 'NONE', *, *, #1544, .F. ) ;
#2935 = CARTESIAN_POINT ( 'NONE',  ( -0.3095445115010332900, 0.2000000000000000100, -0.3300000000000000200 ) ) ;
#2936 = EDGE_CURVE ( 'NONE', #151, #716, #1839, .T. ) ;
#2937 = ORIENTED_EDGE ( 'NONE', *, *, #245, .F. ) ;
#2938 = FILL_AREA_STYLE_COLOUR ( '', #2691 ) ;
#2939 =( NAMED_UNIT ( * ) PLANE_ANGLE_UNIT ( ) SI_UNIT ( $, .RADIAN. ) );
#2940 = VERTEX_POINT ( 'NONE', #1558 ) ;
#2941 = UNCERTAINTY_MEASURE_WITH_UNIT (LENGTH_MEASURE( 1.000000000000000100E-005 ), #879, 'distance_accuracy_value', 'NONE');
#2942 = VERTEX_POINT ( 'NONE', #346 ) ;
#2943 = VERTEX_POINT ( 'NONE', #424 ) ;
#2944 = CARTESIAN_POINT ( 'NONE',  ( -0.1612438620541267500, 0.03165641230644509300, -0.3300000000000000200 ) ) ;
#2945 = ORIENTED_EDGE ( 'NONE', *, *, #1295, .T. ) ;
#2946 = VECTOR ( 'NONE', #1231, 1000.000000000000000 ) ;
#2947 = DIRECTION ( 'NONE',  ( -1.000000000000000000, 0.0000000000000000000, 0.0000000000000000000 ) ) ;
#2948 =( NAMED_UNIT ( * ) PLANE_ANGLE_UNIT ( ) SI_UNIT ( $, .RADIAN. ) );
#2949 = FACE_OUTER_BOUND ( 'NONE', #2614, .T. ) ;
#2950 = DIRECTION ( 'NONE',  ( -0.0000000000000000000, -0.0000000000000000000, -1.000000000000000000 ) ) ;
#2951 = VECTOR ( 'NONE', #1667, 1000.000000000000000 ) ;
#2952 = STYLED_ITEM ( 'NONE', ( #2743 ), #255 ) ;
#2953 = VECTOR ( 'NONE', #2721, 1000.000000000000000 ) ;
#2954 = FACE_OUTER_BOUND ( 'NONE', #3647, .T. ) ;
#2955 = EDGE_CURVE ( 'NONE', #1407, #50, #2175, .T. ) ;
#2956 = CARTESIAN_POINT ( 'NONE',  ( -0.008536585365853534300, 0.04942269810316306200, -0.3199999999999999500 ) ) ;
#2957 = LINE ( 'NONE', #3641, #3189 ) ;
#2958 = VECTOR ( 'NONE', #2565, 1000.000000000000000 ) ;
#2959 = PLANE ( 'NONE',  #2039 ) ;
#2960 = MECHANICAL_DESIGN_GEOMETRIC_PRESENTATION_REPRESENTATION (  '', ( #72 ), #3262 ) ;
#2961 = SURFACE_STYLE_USAGE ( .BOTH. , #3048 ) ;
#2962 = EDGE_CURVE ( 'NONE', #1533, #2469, #1882, .T. ) ;
#2963 = CARTESIAN_POINT ( 'NONE',  ( -0.2000000000000000700, 0.2000000000000000100, -0.5300000000000000300 ) ) ;
#2964 = EDGE_LOOP ( 'NONE', ( #1630, #3676 ) ) ;
#2965 = FACE_OUTER_BOUND ( 'NONE', #2617, .T. ) ;
#2966 = EDGE_CURVE ( 'NONE', #624, #2104, #3285, .T. ) ;
#2967 = DIRECTION ( 'NONE',  ( 0.0000000000000000000, -1.000000000000000000, 0.0000000000000000000 ) ) ;
#2968 = ORIENTED_EDGE ( 'NONE', *, *, #964, .T. ) ;
#2969 = VECTOR ( 'NONE', #1064, 1000.000000000000000 ) ;
#2970 = AXIS2_PLACEMENT_3D ( 'NONE', #155, #1243, #1129 ) ;
#2971 = CARTESIAN_POINT ( 'NONE',  ( -0.09226794408361115000, -0.03989655100012044100, -0.3199999999999998400 ) ) ;
#2972 = CARTESIAN_POINT ( 'NONE',  ( -0.05959318755155924200, -0.05054267135922140000, -0.3199999999999999500 ) ) ;
#2973 = VERTEX_POINT ( 'NONE', #2135 ) ;
#2974 = CARTESIAN_POINT ( 'NONE',  ( 0.1206377465836594200, 0.01536534577596553700, -0.3300000000000001800 ) ) ;
#2975 = ORIENTED_EDGE ( 'NONE', *, *, #1972, .T. ) ;
#2976 = CIRCLE ( 'NONE', #2612, 0.05000000000000005100 ) ;
#2977 = VERTEX_POINT ( 'NONE', #2770 ) ;
#2978 = EDGE_LOOP ( 'NONE', ( #2193, #2768, #585, #1213, #2351, #1779, #2435, #1263, #1582, #1354, #2794, #1975 ) ) ;
#2979 = CARTESIAN_POINT ( 'NONE',  ( -0.05870807926829258600, 0.04942269810316306200, -0.3199999999999999500 ) ) ;
#2980 = CARTESIAN_POINT ( 'NONE',  ( -0.09226794408361115000, -0.03989655100012044100, -0.3299999999999998500 ) ) ;
#2981 = ORIENTED_EDGE ( 'NONE', *, *, #2598, .F. ) ;
#2982 = VERTEX_POINT ( 'NONE', #43 ) ;
#2983 = ORIENTED_EDGE ( 'NONE', *, *, #1516, .F. ) ;
#2984 = FACE_OUTER_BOUND ( 'NONE', #1246, .T. ) ;
#2985 = DIRECTION ( 'NONE',  ( -0.0000000000000000000, 0.0000000000000000000, -1.000000000000000000 ) ) ;
#2986 = FACE_OUTER_BOUND ( 'NONE', #3423, .T. ) ;
#2987 = CARTESIAN_POINT ( 'NONE',  ( 0.07812431800594750500, -0.05095064809738183300, -0.3299999999999999600 ) ) ;
#2988 = CARTESIAN_POINT ( 'NONE',  ( -0.08370994272960070900, -0.04519266479232571200, -0.3199999999999999500 ) ) ;
#2989 = DIRECTION ( 'NONE',  ( 0.0000000000000000000, 1.000000000000000000, 0.0000000000000000000 ) ) ;
#2990 = VECTOR ( 'NONE', #3342, 1000.000000000000200 ) ;
#2991 = FACE_OUTER_BOUND ( 'NONE', #2264, .T. ) ;
#2992 = FACE_BOUND ( 'NONE', #1254, .T. ) ;
#2993 = DIRECTION ( 'NONE',  ( 0.0000000000000000000, -0.0000000000000000000, -1.000000000000000000 ) ) ;
#2994 = EDGE_CURVE ( 'NONE', #1508, #2624, #2368, .T. ) ;
#2995 = DIRECTION ( 'NONE',  ( -1.000000000000000000, 2.085004177856738800E-016, 0.0000000000000000000 ) ) ;
#2996 = CARTESIAN_POINT ( 'NONE',  ( 0.06219512195121970600, -0.04539437506756868100, -0.3300000000000000700 ) ) ;
#2997 = CARTESIAN_POINT ( 'NONE',  ( -0.08386729706456341700, 0.04434484420409868400, -0.3300000000000000700 ) ) ;
#2998 = CARTESIAN_POINT ( 'NONE',  ( 0.3950000000000001300, -0.3949999999999999600, 0.02000000000000000000 ) ) ;
#2999 = PRESENTATION_STYLE_ASSIGNMENT (( #554 ) ) ;
#3000 = CARTESIAN_POINT ( 'NONE',  ( 0.1191709487912730000, 0.01903760879928888600, -0.3199999999999999000 ) ) ;
#3001 = EDGE_CURVE ( 'NONE', #1744, #756, #2459, .T. ) ;
#3002 = AXIS2_PLACEMENT_3D ( 'NONE', #396, #419, #425 ) ;
#3003 = DIRECTION ( 'NONE',  ( 0.0000000000000000000, -0.0000000000000000000, 1.000000000000000000 ) ) ;
#3004 = VECTOR ( 'NONE', #1717, 1000.000000000000000 ) ;
#3005 = LINE ( 'NONE', #1206, #844 ) ;
#3006 =( GEOMETRIC_REPRESENTATION_CONTEXT ( 3 ) GLOBAL_UNCERTAINTY_ASSIGNED_CONTEXT ( ( #177 ) ) GLOBAL_UNIT_ASSIGNED_CONTEXT ( ( #2117, #2126, #2291 ) ) REPRESENTATION_CONTEXT ( 'NONE', 'WORKASPACE' ) );
#3007 = DIRECTION ( 'NONE',  ( 0.3363908276654485300, -0.9417224702971435100, 0.0000000000000000000 ) ) ;
#3008 = CARTESIAN_POINT ( 'NONE',  ( -0.07928008365969606300, 0.04618934665861473800, -0.3200000000000000100 ) ) ;
#3009 = AXIS2_PLACEMENT_3D ( 'NONE', #3298, #427, #3684 ) ;
#3010 = CARTESIAN_POINT ( 'NONE',  ( 0.06299113430228509000, 0.04700191462722601300, -0.3300000000000001300 ) ) ;
#3011 = DIRECTION ( 'NONE',  ( -1.000000000000000000, 0.0000000000000000000, 0.0000000000000000000 ) ) ;
#3012 = CARTESIAN_POINT ( 'NONE',  ( 0.1205682198047724900, -0.04146981597271202200, -0.3299999999999999000 ) ) ;
#3013 = CARTESIAN_POINT ( 'NONE',  ( 0.08962582733463998800, 0.03958032960100298800, -0.3299999999999999600 ) ) ;
#3014 = ORIENTED_EDGE ( 'NONE', *, *, #3027, .T. ) ;
#3015 = ORIENTED_EDGE ( 'NONE', *, *, #3151, .T. ) ;
#3016 = ORIENTED_EDGE ( 'NONE', *, *, #3211, .F. ) ;
#3017 = CARTESIAN_POINT ( 'NONE',  ( -0.08443646979675160900, -0.03159698876279195400, -0.3300000000000001300 ) ) ;
#3018 = VERTEX_POINT ( 'NONE', #3023 ) ;
#3019 = AXIS2_PLACEMENT_3D ( 'NONE', #3345, #1070, #1085 ) ;
#3020 = EDGE_CURVE ( 'NONE', #688, #3498, #2226, .T. ) ;
#3021 = CARTESIAN_POINT ( 'NONE',  ( 0.08962582733463998800, 0.03958032960100298800, -0.3299999999999999600 ) ) ;
#3022 = ORIENTED_EDGE ( 'NONE', *, *, #1879, .T. ) ;
#3023 = CARTESIAN_POINT ( 'NONE',  ( -0.04390243902439015100, -0.03960169214073939300, -0.3200000000000595100 ) ) ;
#3024 = CARTESIAN_POINT ( 'NONE',  ( 0.06989319970246980800, 0.04914025593708030300, -0.3199999999999999000 ) ) ;
#3025 = VERTEX_POINT ( 'NONE', #786 ) ;
#3026 = DIRECTION ( 'NONE',  ( 0.0000000000000000000, 0.0000000000000000000, 1.000000000000000000 ) ) ;
#3027 = EDGE_CURVE ( 'NONE', #2256, #624, #2307, .T. ) ;
#3028 = DIRECTION ( 'NONE',  ( 0.0000000000000000000, -1.000000000000000000, 0.0000000000000000000 ) ) ;
#3029 = COLOUR_RGB ( '',0.2509803921568627400, 0.2509803921568627400, 0.2509803921568627400 ) ;
#3030 = CARTESIAN_POINT ( 'NONE',  ( 0.07408525662929753300, -0.03925979932341185800, -0.3299999999999999600 ) ) ;
#3031 = CIRCLE ( 'NONE', #285, 0.05000000000000005100 ) ;
#3032 = CARTESIAN_POINT ( 'NONE',  ( 0.09885255540600199100, -0.03940339802617116200, -0.3199999999999999500 ) ) ;
#3033 = LINE ( 'NONE', #2776, #3143 ) ;
#3034 =( GEOMETRIC_REPRESENTATION_CONTEXT ( 3 ) GLOBAL_UNCERTAINTY_ASSIGNED_CONTEXT ( ( #2941 ) ) GLOBAL_UNIT_ASSIGNED_CONTEXT ( ( #879, #1230, #2720 ) ) REPRESENTATION_CONTEXT ( 'NONE', 'WORKASPACE' ) );
#3035 = PRESENTATION_STYLE_ASSIGNMENT (( #2847 ) ) ;
#3036 = CARTESIAN_POINT ( 'NONE',  ( 0.06502374838596253200, -0.04695566169408765800, -0.3300000000000000700 ) ) ;
#3037 = CARTESIAN_POINT ( 'NONE',  ( -0.08814046045559431600, -0.04278923222611148700, -0.3200000000000001200 ) ) ;
#3038 = FACE_OUTER_BOUND ( 'NONE', #1736, .T. ) ;
#3039 = CARTESIAN_POINT ( 'NONE',  ( 0.1191709487912730000, 0.01903760879928888600, -0.3299999999999999600 ) ) ;
#3040 = DIRECTION ( 'NONE',  ( 0.0000000000000000000, -0.0000000000000000000, -1.000000000000000000 ) ) ;
#3041 = CARTESIAN_POINT ( 'NONE',  ( 0.07092289723153066800, -0.03837019903841235700, -0.3200000000000000600 ) ) ;
#3042 = CARTESIAN_POINT ( 'NONE',  ( -0.1623666158536584700, 0.03722757615194353900, -0.3199999999999999500 ) ) ;
#3043 = EDGE_CURVE ( 'NONE', #1284, #3163, #2545, .T. ) ;
#3044 = CARTESIAN_POINT ( 'NONE',  ( 0.1217736965080964800, 0.01145161338905180900, -0.3299999999999998500 ) ) ;
#3045 = PRESENTATION_LAYER_ASSIGNMENT (  '', '', ( #2753 ) ) ;
#3046 = EDGE_CURVE ( 'NONE', #3547, #2846, #3523, .T. ) ;
#3047 = CARTESIAN_POINT ( 'NONE',  ( 0.06461398537291356000, 0.04766066565600694100, -0.3299999999999999600 ) ) ;
#3048 = SURFACE_SIDE_STYLE ('',( #2324 ) ) ;
#3049 = PRESENTATION_STYLE_ASSIGNMENT (( #2796 ) ) ;
#3050 = CARTESIAN_POINT ( 'NONE',  ( -0.09159416319505928100, 0.02356723308700296000, -0.3199999999999999500 ) ) ;
#3051 = CARTESIAN_POINT ( 'NONE',  ( -0.1837842987804877400, -0.02252852140903207500, -0.3199999999999999500 ) ) ;
#3052 = ORIENTED_EDGE ( 'NONE', *, *, #2598, .T. ) ;
#3053 = STYLED_ITEM ( 'NONE', ( #2683 ), #2450 ) ;
#3054 = VECTOR ( 'NONE', #1955, 1000.000000000000000 ) ;
#3055 = CARTESIAN_POINT ( 'NONE',  ( 0.08914671018404871100, -0.04078809452747302100, -0.3199999999999999500 ) ) ;
#3056 = ORIENTED_EDGE ( 'NONE', *, *, #2936, .T. ) ;
#3057 = CARTESIAN_POINT ( 'NONE',  ( 0.06219512195121969200, 0.04667879566413865600, -0.3300000000000000200 ) ) ;
#3058 =( GEOMETRIC_REPRESENTATION_CONTEXT ( 3 ) GLOBAL_UNCERTAINTY_ASSIGNED_CONTEXT ( ( #1822 ) ) GLOBAL_UNIT_ASSIGNED_CONTEXT ( ( #1135, #3139, #1413 ) ) REPRESENTATION_CONTEXT ( 'NONE', 'WORKASPACE' ) );
#3059 = ORIENTED_EDGE ( 'NONE', *, *, #2758, .F. ) ;
#3060 = ORIENTED_EDGE ( 'NONE', *, *, #1938, .T. ) ;
#3061 = AXIS2_PLACEMENT_3D ( 'NONE', #1663, #1439, #1425 ) ;
#3062 = CARTESIAN_POINT ( 'NONE',  ( 0.08971036585365872700, -0.05179681409195891600, -0.3300000000000000200 ) ) ;
#3063 = ORIENTED_EDGE ( 'NONE', *, *, #2845, .F. ) ;
#3064 = CARTESIAN_POINT ( 'NONE',  ( -0.08814046045559431600, -0.04278923222611148700, -0.3300000000000001300 ) ) ;
#3065 = CARTESIAN_POINT ( 'NONE',  ( 0.06485116090126333300, 0.03480752022189331800, -0.3300000000000000200 ) ) ;
#3066 = EDGE_LOOP ( 'NONE', ( #707, #746, #2478, #3244 ) ) ;
#3067 = CARTESIAN_POINT ( 'NONE',  ( 0.08786204268292700800, -0.04082120433586135200, -0.3300000000000000200 ) ) ;
#3068 = ORIENTED_EDGE ( 'NONE', *, *, #1735, .T. ) ;
#3069 = EDGE_CURVE ( 'NONE', #1031, #3493, #2328, .T. ) ;
#3070 =( NAMED_UNIT ( * ) SI_UNIT ( $, .STERADIAN. ) SOLID_ANGLE_UNIT ( ) );
#3071 = CARTESIAN_POINT ( 'NONE',  ( -0.03048780487804868600, 0.04942269810316306200, -0.3199999999999999500 ) ) ;
#3072 = DIRECTION ( 'NONE',  ( 0.0000000000000000000, -1.000000000000000000, 0.0000000000000000000 ) ) ;
#3073 = DIRECTION ( 'NONE',  ( -0.0000000000000000000, -0.0000000000000000000, -1.000000000000000000 ) ) ;
#3074 = DIRECTION ( 'NONE',  ( 0.0000000000000000000, 1.000000000000000000, 0.0000000000000000000 ) ) ;
#3075 = ORIENTED_EDGE ( 'NONE', *, *, #1659, .F. ) ;
#3076 = COLOUR_RGB ( '',0.6745098039215686700, 0.6745098039215686700, 0.6745098039215686700 ) ;
#3077 = CARTESIAN_POINT ( 'NONE',  ( -0.1616578761130407800, 0.03328539342878218700, -0.3300000000000001800 ) ) ;
#3078 = CARTESIAN_POINT ( 'NONE',  ( -0.2085365853658535900, -0.05057730189683695700, -0.3199999999999999500 ) ) ;
#3079 = B_SPLINE_CURVE_WITH_KNOTS ( 'NONE', 3,
 ( #3611, #1349, #1911, #1921, #1725, #3404, #2035, #2020, #2007, #1944, #1980 ),
 .UNSPECIFIED., .F., .F.,
 ( 4, 1, 1, 1, 1, 1, 1, 1, 4 ),
 ( 0.0000000000000000000, 0.1252796967356259700, 0.2494199707420513000, 0.3733567994928193600, 0.4966812787822861300, 0.6202029157439825600, 0.7450863201614560400, 0.8712691950190978300, 1.000000000000000000 ),
 .UNSPECIFIED. ) ;
#3080 =( NAMED_UNIT ( * ) SI_UNIT ( $, .STERADIAN. ) SOLID_ANGLE_UNIT ( ) );
#3081 =( NAMED_UNIT ( * ) SI_UNIT ( $, .STERADIAN. ) SOLID_ANGLE_UNIT ( ) );
#3082 = EDGE_CURVE ( 'NONE', #2104, #1276, #2131, .T. ) ;
#3083 = SURFACE_STYLE_FILL_AREA ( #1165 ) ;
#3084 = AXIS2_PLACEMENT_3D ( 'NONE', #1268, #1844, #1856 ) ;
#3085 = LINE ( 'NONE', #2472, #3435 ) ;
#3086 = CARTESIAN_POINT ( 'NONE',  ( 0.08836316649029950200, -0.05178101371091960900, -0.3299999999999999600 ) ) ;
#3087 = DIRECTION ( 'NONE',  ( -0.0000000000000000000, -0.0000000000000000000, 1.000000000000000000 ) ) ;
#3088 = FACE_OUTER_BOUND ( 'NONE', #2143, .T. ) ;
#3089 = DIRECTION ( 'NONE',  ( 0.3393303772748769700, 0.9406672605435407700, 0.0000000000000000000 ) ) ;
#3090 = PRODUCT_RELATED_PRODUCT_CATEGORY ( 'part', '', ( #1917 ) ) ;
#3091 = CARTESIAN_POINT ( 'NONE',  ( 0.1218674090743245000, -0.01407042259326884800, -0.3199999999999999000 ) ) ;
#3092 = AXIS2_PLACEMENT_3D ( 'NONE', #2577, #2550, #2562 ) ;
#3093 = VECTOR ( 'NONE', #455, 1000.000000000000000 ) ;
#3094 = CARTESIAN_POINT ( 'NONE',  ( 0.0000000000000000000, 0.2000000000000000100, -0.3300000000000000200 ) ) ;
#3095 = DIRECTION ( 'NONE',  ( -0.0000000000000000000, -0.0000000000000000000, -1.000000000000000000 ) ) ;
#3096 = CARTESIAN_POINT ( 'NONE',  ( -0.09159416319505928100, 0.02356723308700296000, -0.3300000000000000200 ) ) ;
#3097 = CARTESIAN_POINT ( 'NONE',  ( -0.1939024390243901700, -0.05057730189683695700, -0.3199999999999999500 ) ) ;
#3098 = CARTESIAN_POINT ( 'NONE',  ( 0.06502374838596253200, -0.04695566169408765800, -0.3200000000000000100 ) ) ;
#3099 = CARTESIAN_POINT ( 'NONE',  ( 0.08571598582259716500, -0.05174996673719982300, -0.3299999999999999600 ) ) ;
#3100 = CARTESIAN_POINT ( 'NONE',  ( 0.1222789633655549900, 0.03609764742387765200, -0.3299999999999998500 ) ) ;
#3101 = CARTESIAN_POINT ( 'NONE',  ( 0.07092289723153066800, -0.03837019903841235700, -0.3300000000000001300 ) ) ;
#3102 = FILL_AREA_STYLE ('',( #2494 ) ) ;
#3103 = CARTESIAN_POINT ( 'NONE',  ( -0.008536585365853534300, 0.03844708834706549900, -0.3300000000000000200 ) ) ;
#3104 = CARTESIAN_POINT ( 'NONE',  ( -0.1620297249338213100, 0.03517029117450445200, -0.3299999999999999000 ) ) ;
#3105 = CARTESIAN_POINT ( 'NONE',  ( 0.1225936129110466500, 0.007301751922446075700, -0.3300000000000000700 ) ) ;
#3106 = EDGE_CURVE ( 'NONE', #2977, #688, #2818, .T. ) ;
#3107 = VECTOR ( 'NONE', #1219, 1000.000000000000000 ) ;
#3108 = CARTESIAN_POINT ( 'NONE',  ( 0.07579069178461116100, 0.05012519404986100900, -0.3300000000000001300 ) ) ;
#3109 = CARTESIAN_POINT ( 'NONE',  ( -0.07077263129867179800, 0.03718342769276453800, -0.3199999999999999000 ) ) ;
#3110 = CARTESIAN_POINT ( 'NONE',  ( -0.2949999999999999800, 0.2450000000000001100, 0.02000000000000000000 ) ) ;
#3111 = CARTESIAN_POINT ( 'NONE',  ( -0.2000000000000000700, -0.2000000000000000100, -0.3999999999999999700 ) ) ;
#3112 = LINE ( 'NONE', #1256, #3587 ) ;
#3113 = CARTESIAN_POINT ( 'NONE',  ( -0.1607660060975608900, 0.03021538102999231400, -0.3300000000000000200 ) ) ;
#3114 = CARTESIAN_POINT ( 'NONE',  ( 0.08836316649029950200, -0.05178101371091960900, -0.3199999999999999000 ) ) ;
#3115 = CARTESIAN_POINT ( 'NONE',  ( 0.1185911678932958400, 0.03951499807400119000, -0.3200000000000001200 ) ) ;
#3116 = ORIENTED_EDGE ( 'NONE', *, *, #2177, .T. ) ;
#3117 = ORIENTED_EDGE ( 'NONE', *, *, #3631, .F. ) ;
#3118 = CARTESIAN_POINT ( 'NONE',  ( 0.1365418135081424800, -0.0005181837126865183800, -0.3299999999999999600 ) ) ;
#3119 = EDGE_LOOP ( 'NONE', ( #1409, #1502, #3589, #401 ) ) ;
#3120 = DIRECTION ( 'NONE',  ( 1.000000000000000000, 0.0000000000000000000, 0.0000000000000000000 ) ) ;
#3121 = VERTEX_POINT ( 'NONE', #1625 ) ;
#3122 = FILL_AREA_STYLE ('',( #2364 ) ) ;
#3123 = EDGE_LOOP ( 'NONE', ( #1449, #83, #3424, #2154 ) ) ;
#3124 = CARTESIAN_POINT ( 'NONE',  ( -0.1623666158536584700, 0.03722757615194353900, -0.3199999999999999500 ) ) ;
#3125 = UNCERTAINTY_MEASURE_WITH_UNIT (LENGTH_MEASURE( 1.000000000000000100E-005 ), #871, 'distance_accuracy_value', 'NONE');
#3126 = CARTESIAN_POINT ( 'NONE',  ( -0.1607660060975608900, 0.03021538102999231400, -0.3199999999999999500 ) ) ;
#3127 = VERTEX_POINT ( 'NONE', #3195 ) ;
#3128 = CARTESIAN_POINT ( 'NONE',  ( 0.1173392787691772300, 0.02244022680806718000, -0.3199999999999999000 ) ) ;
#3129 = FACE_OUTER_BOUND ( 'NONE', #2076, .T. ) ;
#3130 = ADVANCED_FACE ( 'NONE', ( #2922 ), #1080, .T. ) ;
#3131 = DIRECTION ( 'NONE',  ( -0.0000000000000000000, -0.0000000000000000000, -1.000000000000000000 ) ) ;
#3132 = DIRECTION ( 'NONE',  ( -0.0000000000000000000, -0.0000000000000000000, -1.000000000000000000 ) ) ;
#3133 = CARTESIAN_POINT ( 'NONE',  ( 0.08572789634146360500, 0.05064221029828500100, -0.3199999999999999500 ) ) ;
#3134 = CIRCLE ( 'NONE', #761, 0.1095445115010332500 ) ;
#3135 = COLOUR_RGB ( '',0.8980392156862745400, 0.8980392156862745400, 0.8980392156862745400 ) ;
#3136 = STYLED_ITEM ( 'NONE', ( #410 ), #1620 ) ;
#3137 = CARTESIAN_POINT ( 'NONE',  ( 0.02926829268292696300, 0.03844708834706549900, -0.3199999999999999500 ) ) ;
#3138 = LINE ( 'NONE', #1584, #2990 ) ;
#3139 =( NAMED_UNIT ( * ) PLANE_ANGLE_UNIT ( ) SI_UNIT ( $, .RADIAN. ) );
#3140 = PRESENTATION_STYLE_ASSIGNMENT (( #58 ) ) ;
#3141 = CARTESIAN_POINT ( 'NONE',  ( 0.07937037356667145400, 0.03929499077828625700, -0.3199999999999999000 ) ) ;
#3142 = CARTESIAN_POINT ( 'NONE',  ( 0.1173392787691772300, 0.02244022680806718000, -0.3299999999999999600 ) ) ;
#3143 = VECTOR ( 'NONE', #3132, 1000.000000000000000 ) ;
#3144 = CARTESIAN_POINT ( 'NONE',  ( 0.07459426937465010700, -0.05023900652247316500, -0.3199999999999999500 ) ) ;
#3145 = CARTESIAN_POINT ( 'NONE',  ( 0.1451219512195123000, -0.05057730189683695700, -0.3199999999999999500 ) ) ;
#3146 = SURFACE_SIDE_STYLE ('',( #2107 ) ) ;
#3147 = FILL_AREA_STYLE ('',( #2924 ) ) ;
#3148 = PRESENTATION_LAYER_ASSIGNMENT (  '', '', ( #1437 ) ) ;
#3149 = DIRECTION ( 'NONE',  ( -1.000000000000000000, 0.0000000000000000000, 0.0000000000000000000 ) ) ;
#3150 = CARTESIAN_POINT ( 'NONE',  ( -0.1424733231707316400, -0.02252852140903207500, -0.3300000000000000200 ) ) ;
#3151 = EDGE_CURVE ( 'NONE', #2272, #967, #3138, .T. ) ;
#3152 = CARTESIAN_POINT ( 'NONE',  ( 0.1127661367580471100, 0.02852920825274629600, -0.3300000000000000200 ) ) ;
#3153 = SURFACE_SIDE_STYLE ('',( #2717 ) ) ;
#3154 = CARTESIAN_POINT ( 'NONE',  ( -0.07785436176496120200, 0.03477807973254024700, -0.3300000000000000200 ) ) ;
#3155 = VECTOR ( 'NONE', #2075, 1000.000000000000200 ) ;
#3156 = DIRECTION ( 'NONE',  ( -1.000000000000000000, 0.0000000000000000000, 0.0000000000000000000 ) ) ;
#3157 = EDGE_CURVE ( 'NONE', #3127, #853, #805, .T. ) ;
#3158 = ORIENTED_EDGE ( 'NONE', *, *, #2340, .F. ) ;
#3159 = VECTOR ( 'NONE', #1199, 1000.000000000000000 ) ;
#3160 = DIRECTION ( 'NONE',  ( -1.000000000000000000, 0.0000000000000000000, 0.0000000000000000000 ) ) ;
#3161 = CARTESIAN_POINT ( 'NONE',  ( -0.1329268292682926100, -0.05057730189683695700, -0.3300000000000000200 ) ) ;
#3162 = EDGE_CURVE ( 'NONE', #2353, #361, #2957, .T. ) ;
#3163 = VERTEX_POINT ( 'NONE', #1405 ) ;
#3164 = DIRECTION ( 'NONE',  ( 0.0000000000000000000, -0.0000000000000000000, 1.000000000000000000 ) ) ;
#3165 = LINE ( 'NONE', #1404, #359 ) ;
#3166 = ORIENTED_EDGE ( 'NONE', *, *, #3157, .T. ) ;
#3167 = CARTESIAN_POINT ( 'NONE',  ( 0.1071385730023819300, 0.03341789721561162800, -0.3200000000000000600 ) ) ;
#3168 = PLANE ( 'NONE',  #3499 ) ;
#3169 = FILL_AREA_STYLE ('',( #2917 ) ) ;
#3170 = CARTESIAN_POINT ( 'NONE',  ( 0.07812431800594750500, -0.05095064809738183300, -0.3299999999999999600 ) ) ;
#3171 = ADVANCED_FACE ( 'NONE', ( #3088 ), #1488, .T. ) ;
#3172 = CARTESIAN_POINT ( 'NONE',  ( 0.08971036585365872700, -0.05179681409195891600, -0.3199999999999999500 ) ) ;
#3173 = ORIENTED_EDGE ( 'NONE', *, *, #2871, .T. ) ;
#3174 = CARTESIAN_POINT ( 'NONE',  ( 0.06789218193308384200, -0.03725279292767511700, -0.3199999999999998400 ) ) ;
#3175 = VERTEX_POINT ( 'NONE', #1460 ) ;
#3176 = PRESENTATION_STYLE_ASSIGNMENT (( #1132 ) ) ;
#3177 = UNCERTAINTY_MEASURE_WITH_UNIT (LENGTH_MEASURE( 1.000000000000000100E-005 ), #815, 'distance_accuracy_value', 'NONE');
#3178 = DIRECTION ( 'NONE',  ( 1.000000000000000000, 0.0000000000000000000, 0.0000000000000000000 ) ) ;
#3179 = ORIENTED_EDGE ( 'NONE', *, *, #3573, .F. ) ;
#3180 = CARTESIAN_POINT ( 'NONE',  ( 0.1365853658536587100, -0.002463734823666223300, -0.3199999999999999500 ) ) ;
#3181 = CARTESIAN_POINT ( 'NONE',  ( -0.08717330928201820500, -0.02912948269158042700, -0.3299999999999999600 ) ) ;
#3182 = CARTESIAN_POINT ( 'NONE',  ( 0.08456521027908146800, 0.05063387585472414700, -0.3299999999999999600 ) ) ;
#3183 = CARTESIAN_POINT ( 'NONE',  ( 0.06219512195121969200, 0.03326416151779718700, -0.3199999999999999500 ) ) ;
#3184 = CARTESIAN_POINT ( 'NONE',  ( 0.08571598582259716500, -0.05174996673719982300, -0.3199999999999999000 ) ) ;
#3185 = FACE_OUTER_BOUND ( 'NONE', #3595, .T. ) ;
#3186 = LINE ( 'NONE', #2094, #3256 ) ;
#3187 = DIRECTION ( 'NONE',  ( -0.0000000000000000000, -0.0000000000000000000, -1.000000000000000000 ) ) ;
#3188 = EDGE_CURVE ( 'NONE', #2323, #2427, #3302, .T. ) ;
#3189 = VECTOR ( 'NONE', #2173, 1000.000000000000000 ) ;
#3190 = CARTESIAN_POINT ( 'NONE',  ( 0.3950000000000001300, -0.3949999999999999600, -0.0000000000000000000 ) ) ;
#3191 = CARTESIAN_POINT ( 'NONE',  ( -0.1108576406372621300, 0.006037520137079517200, -0.3299999999999999000 ) ) ;
#3192 = FILL_AREA_STYLE ('',( #329 ) ) ;
#3193 = CARTESIAN_POINT ( 'NONE',  ( 0.07337397553323062000, 0.03809521306488025700, -0.3299999999999999600 ) ) ;
#3194 = CARTESIAN_POINT ( 'NONE',  ( 0.02926829268292696300, -0.005455350677324758200, -0.3300000000000000200 ) ) ;
#3195 = CARTESIAN_POINT ( 'NONE',  ( -0.1109756097560974800, 0.0006803200543825600800, -0.3199999999999999500 ) ) ;
#3196 = MECHANICAL_DESIGN_GEOMETRIC_PRESENTATION_REPRESENTATION (  '', ( #3053 ), #2897 ) ;
#3197 = DIRECTION ( 'NONE',  ( -1.000000000000000000, 0.0000000000000000000, 0.0000000000000000000 ) ) ;
#3198 = CARTESIAN_POINT ( 'NONE',  ( 0.08183645892948228400, -0.05143266843605853700, -0.3199999999999999000 ) ) ;
#3199 = CARTESIAN_POINT ( 'NONE',  ( -0.1329268292682926100, -0.05057730189683695700, -0.3199999999999999500 ) ) ;
#3200 = ORIENTED_EDGE ( 'NONE', *, *, #1346, .F. ) ;
#3201 = DIRECTION ( 'NONE',  ( 0.0000000000000000000, 0.0000000000000000000, -1.000000000000000000 ) ) ;
#3202 = EDGE_CURVE ( 'NONE', #2518, #1020, #3395, .T. ) ;
#3203 = LINE ( 'NONE', #2513, #3159 ) ;
#3204 = FILL_AREA_STYLE ('',( #2938 ) ) ;
#3205 =( NAMED_UNIT ( * ) SI_UNIT ( $, .STERADIAN. ) SOLID_ANGLE_UNIT ( ) );
#3206 = VERTEX_POINT ( 'NONE', #1431 ) ;
#3207 = PRESENTATION_LAYER_ASSIGNMENT (  '', '', ( #3136 ) ) ;
#3208 = DIRECTION ( 'NONE',  ( -1.000000000000000000, 2.085004177856738800E-016, 0.0000000000000000000 ) ) ;
#3209 = SURFACE_STYLE_FILL_AREA ( #1937 ) ;
#3210 = CARTESIAN_POINT ( 'NONE',  ( 0.1109376231865951800, -0.03275174670339065600, -0.3300000000000000200 ) ) ;
#3211 = EDGE_CURVE ( 'NONE', #853, #1031, #14, .T. ) ;
#3212 = ORIENTED_EDGE ( 'NONE', *, *, #914, .T. ) ;
#3213 = VERTEX_POINT ( 'NONE', #2542 ) ;
#3214 = CARTESIAN_POINT ( 'NONE',  ( 0.08246881367345441900, 0.03961905413719193900, -0.3200000000000000600 ) ) ;
#3215 = EDGE_LOOP ( 'NONE', ( #1993, #1632, #446 ) ) ;
#3216 = EDGE_LOOP ( 'NONE', ( #41, #2467, #686, #1536 ) ) ;
#3217 =( GEOMETRIC_REPRESENTATION_CONTEXT ( 3 ) GLOBAL_UNCERTAINTY_ASSIGNED_CONTEXT ( ( #641 ) ) GLOBAL_UNIT_ASSIGNED_CONTEXT ( ( #3486, #314, #949 ) ) REPRESENTATION_CONTEXT ( 'NONE', 'WORKASPACE' ) );
#3218 = VECTOR ( 'NONE', #451, 1000.000000000000000 ) ;
#3219 = VERTEX_POINT ( 'NONE', #2606 ) ;
#3220 = CARTESIAN_POINT ( 'NONE',  ( 0.1963414634146342400, -0.05057730189683695700, -0.3199999999999999500 ) ) ;
#3221 = SURFACE_SIDE_STYLE ('',( #1892 ) ) ;
#3222 = CARTESIAN_POINT ( 'NONE',  ( 0.09484103147531078300, -0.05168238546691301900, -0.3199999999999999500 ) ) ;
#3223 = VECTOR ( 'NONE', #2022, 1000.000000000000000 ) ;
#3224 = AXIS2_PLACEMENT_3D ( 'NONE', #30, #944, #560 ) ;
#3225 = SURFACE_SIDE_STYLE ('',( #2297 ) ) ;
#3226 = EDGE_CURVE ( 'NONE', #1284, #3018, #500, .T. ) ;
#3227 = SURFACE_STYLE_USAGE ( .BOTH. , #1474 ) ;
#3228 = SURFACE_STYLE_USAGE ( .BOTH. , #3225 ) ;
#3229 = AXIS2_PLACEMENT_3D ( 'NONE', #1576, #2811, #3003 ) ;
#3230 = ORIENTED_EDGE ( 'NONE', *, *, #2255, .F. ) ;
#3231 = CARTESIAN_POINT ( 'NONE',  ( 0.08427354277694211500, -0.04077409022199547000, -0.3299999999999999600 ) ) ;
#3232 = FACE_OUTER_BOUND ( 'NONE', #715, .T. ) ;
#3233 = ORIENTED_EDGE ( 'NONE', *, *, #868, .T. ) ;
#3234 = FACE_OUTER_BOUND ( 'NONE', #2090, .T. ) ;
#3235 = EDGE_CURVE ( 'NONE', #3127, #1054, #276, .T. ) ;
#3236 = COLOUR_RGB ( '',0.8980392156862745400, 0.8980392156862745400, 0.8980392156862745400 ) ;
#3237 = SURFACE_SIDE_STYLE ('',( #1593 ) ) ;
#3238 = B_SPLINE_CURVE_WITH_KNOTS ( 'NONE', 3,
 ( #3124, #1124, #3401, #1694, #3679, #1973, #277 ),
 .UNSPECIFIED., .F., .F.,
 ( 4, 1, 1, 1, 4 ),
 ( 0.0000000000000000000, 0.3005411131585082900, 0.5677471464835989200, 0.8000336137369796800, 1.000000000000000000 ),
 .UNSPECIFIED. ) ;
#3239 = MECHANICAL_DESIGN_GEOMETRIC_PRESENTATION_REPRESENTATION (  '', ( #3136 ), #2732 ) ;
#3240 = VERTEX_POINT ( 'NONE', #3113 ) ;
#3241 = CARTESIAN_POINT ( 'NONE',  ( 0.02926829268292696300, -0.03960169214073939300, -0.3199999999999999500 ) ) ;
#3242 = VERTEX_POINT ( 'NONE', #3597 ) ;
#3243 = EDGE_CURVE ( 'NONE', #716, #1859, #61, .T. ) ;
#3244 = ORIENTED_EDGE ( 'NONE', *, *, #2477, .T. ) ;
#3245 = EDGE_LOOP ( 'NONE', ( #1365, #1871, #2749, #1002 ) ) ;
#3246 = EDGE_LOOP ( 'NONE', ( #92, #621, #2736, #748 ) ) ;
#3247 = DIRECTION ( 'NONE',  ( 1.000000000000000000, 0.0000000000000000000, -0.0000000000000000000 ) ) ;
#3248 = CARTESIAN_POINT ( 'NONE',  ( 0.07736133171465921200, -0.03997047079560660200, -0.3199999999999999000 ) ) ;
#3249 = SURFACE_STYLE_USAGE ( .BOTH. , #3237 ) ;
#3250 = ORIENTED_EDGE ( 'NONE', *, *, #608, .F. ) ;
#3251 = CARTESIAN_POINT ( 'NONE',  ( -0.01097560975609743700, -0.03960169214073939300, -0.3300000000000000200 ) ) ;
#3252 = CARTESIAN_POINT ( 'NONE',  ( 0.0000000000000000000, -0.2000000000000000100, -0.3300000000000000200 ) ) ;
#3253 = PRODUCT_DEFINITION_FORMATION_WITH_SPECIFIED_SOURCE ( '任何', '', #1917, .NOT_KNOWN. ) ;
#3254 = PLANE ( 'NONE',  #100 ) ;
#3255 = CARTESIAN_POINT ( 'NONE',  ( 0.08076235459284086800, -0.04045329272710944400, -0.3200000000000000600 ) ) ;
#3256 = VECTOR ( 'NONE', #1497, 1000.000000000000000 ) ;
#3257 = EDGE_CURVE ( 'NONE', #880, #119, #601, .T. ) ;
#3258 = CARTESIAN_POINT ( 'NONE',  ( 0.08076235459284086800, -0.04045329272710944400, -0.3300000000000001300 ) ) ;
#3259 = VECTOR ( 'NONE', #2453, 1000.000000000000000 ) ;
#3260 = FACE_OUTER_BOUND ( 'NONE', #1350, .T. ) ;
#3261 = CARTESIAN_POINT ( 'NONE',  ( 0.06789218193308384200, -0.03725279292767511700, -0.3199999999999998400 ) ) ;
#3262 =( GEOMETRIC_REPRESENTATION_CONTEXT ( 3 ) GLOBAL_UNCERTAINTY_ASSIGNED_CONTEXT ( ( #703 ) ) GLOBAL_UNIT_ASSIGNED_CONTEXT ( ( #628, #1381, #910 ) ) REPRESENTATION_CONTEXT ( 'NONE', 'WORKASPACE' ) );
#3263 =( NAMED_UNIT ( * ) PLANE_ANGLE_UNIT ( ) SI_UNIT ( $, .RADIAN. ) );
#3264 = ORIENTED_EDGE ( 'NONE', *, *, #1426, .F. ) ;
#3265 = FILL_AREA_STYLE ('',( #3363 ) ) ;
#3266 = CARTESIAN_POINT ( 'NONE',  ( 0.08561356707317091500, 0.03966660054218743000, -0.3199999999999999500 ) ) ;
#3267 = EDGE_CURVE ( 'NONE', #3018, #126, #735, .T. ) ;
#3268 =( GEOMETRIC_REPRESENTATION_CONTEXT ( 3 ) GLOBAL_UNCERTAINTY_ASSIGNED_CONTEXT ( ( #1444 ) ) GLOBAL_UNIT_ASSIGNED_CONTEXT ( ( #578, #1172, #2224 ) ) REPRESENTATION_CONTEXT ( 'NONE', 'WORKASPACE' ) );
#3269 = ORIENTED_EDGE ( 'NONE', *, *, #843, .F. ) ;
#3270 = AXIS2_PLACEMENT_3D ( 'NONE', #1454, #2332, #635 ) ;
#3271 = CARTESIAN_POINT ( 'NONE',  ( 0.1194223643856594700, -0.02125662631888116900, -0.3299999999999999600 ) ) ;
#3272 = FILL_AREA_STYLE ('',( #2674 ) ) ;
#3273 = PLANE ( 'NONE',  #1905 ) ;
#3274 = PRESENTATION_STYLE_ASSIGNMENT (( #1504 ) ) ;
#3275 = ORIENTED_EDGE ( 'NONE', *, *, #1248, .T. ) ;
#3276 = CARTESIAN_POINT ( 'NONE',  ( 0.1330764114352945300, 0.01911963609534940400, -0.3300000000000000700 ) ) ;
#3277 = ORIENTED_EDGE ( 'NONE', *, *, #201, .T. ) ;
#3278 = ORIENTED_EDGE ( 'NONE', *, *, #2356, .T. ) ;
#3279 = SURFACE_STYLE_FILL_AREA ( #572 ) ;
#3280 = CARTESIAN_POINT ( 'NONE',  ( 0.1294929607997457300, -0.03098738768156780400, -0.3200000000000000100 ) ) ;
#3281 = ADVANCED_FACE ( 'NONE', ( #908 ), #1991, .F. ) ;
#3282 = VECTOR ( 'NONE', #3131, 1000.000000000000000 ) ;
#3283 =( LENGTH_UNIT ( ) NAMED_UNIT ( * ) SI_UNIT ( .MILLI., .METRE. ) );
#3284 = CARTESIAN_POINT ( 'NONE',  ( 0.06718135500635243100, 0.04844249808454053500, -0.3300000000000001300 ) ) ;
#3285 = B_SPLINE_CURVE_WITH_KNOTS ( 'NONE', 3,
 ( #217, #453, #133, #144, #152, #164, #174, #198, #227, #2801, #2756 ),
 .UNSPECIFIED., .F., .F.,
 ( 4, 1, 1, 1, 1, 1, 1, 1, 4 ),
 ( 0.0000000000000000000, 0.1451868664724697600, 0.2834426109197297200, 0.4165243659288286900, 0.5431811235350827400, 0.6651530826377137800, 0.7813602063127154100, 0.8927566556418090600, 1.000000000000000000 ),
 .UNSPECIFIED. ) ;
#3286 = FILL_AREA_STYLE_COLOUR ( '', #2929 ) ;
#3287 = DIRECTION ( 'NONE',  ( 0.0000000000000000000, -0.0000000000000000000, 1.000000000000000000 ) ) ;
#3288 = EDGE_CURVE ( 'NONE', #2174, #373, #1958, .T. ) ;
#3289 = EDGE_LOOP ( 'NONE', ( #3230, #2799, #3537, #3628 ) ) ;
#3290 = ORIENTED_EDGE ( 'NONE', *, *, #2886, .T. ) ;
#3291 = CARTESIAN_POINT ( 'NONE',  ( 0.02926829268292696300, 0.005520259078772807300, -0.3199999999999999500 ) ) ;
#3292 = PRESENTATION_STYLE_ASSIGNMENT (( #21 ) ) ;
#3293 = CARTESIAN_POINT ( 'NONE',  ( -0.2000000000000000700, -0.2000000000000000100, -0.5300000000000000300 ) ) ;
#3294 = ORIENTED_EDGE ( 'NONE', *, *, #292, .F. ) ;
#3295 = CARTESIAN_POINT ( 'NONE',  ( -0.07446947095664829800, 0.04763319653157613300, -0.3300000000000000200 ) ) ;
#3296 = DIRECTION ( 'NONE',  ( 0.0000000000000000000, -1.000000000000000000, 0.0000000000000000000 ) ) ;
#3297 = CARTESIAN_POINT ( 'NONE',  ( -0.09756097560975600400, 0.0003944968836508525100, -0.3199999999999999500 ) ) ;
#3298 = CARTESIAN_POINT ( 'NONE',  ( 0.02926829268292696300, -0.005455350677324758200, -0.3199999999999999500 ) ) ;
#3299 = FACE_OUTER_BOUND ( 'NONE', #562, .T. ) ;
#3300 = VECTOR ( 'NONE', #2490, 1000.000000000000000 ) ;
#3301 = ADVANCED_FACE ( 'NONE', ( #1876 ), #208, .T. ) ;
#3302 = LINE ( 'NONE', #1943, #3485 ) ;
#3303 = CARTESIAN_POINT ( 'NONE',  ( -0.1108576406372621300, 0.006037520137079517200, -0.3199999999999998400 ) ) ;
#3304 = SPHERICAL_SURFACE ( 'NONE', #324, 0.1300000000000000000 ) ;
#3305 = DIRECTION ( 'NONE',  ( 1.000000000000000000, 0.0000000000000000000, -0.0000000000000000000 ) ) ;
#3306 = EDGE_LOOP ( 'NONE', ( #965, #941, #305 ) ) ;
#3307 = CARTESIAN_POINT ( 'NONE',  ( -0.07815250531215102400, -0.03555113053167834000, -0.3200000000000000100 ) ) ;
#3308 = DIRECTION ( 'NONE',  ( 0.0000000000000000000, -1.000000000000000000, 0.0000000000000000000 ) ) ;
#3309 = CARTESIAN_POINT ( 'NONE',  ( 0.07459426937465010700, -0.05023900652247316500, -0.3300000000000000200 ) ) ;
#3310 = DIRECTION ( 'NONE',  ( 0.0000000000000000000, 1.000000000000000000, 0.0000000000000000000 ) ) ;
#3311 = CARTESIAN_POINT ( 'NONE',  ( 0.1346673798692252000, 0.01413654682740502300, -0.3299999999999999600 ) ) ;
#3312 = CARTESIAN_POINT ( 'NONE',  ( 0.1208061749045531800, -0.01778052571122799900, -0.3199999999999999500 ) ) ;
#3313 = ORIENTED_EDGE ( 'NONE', *, *, #2165, .T. ) ;
#3314 = STYLED_ITEM ( 'NONE', ( #3035 ), #3599 ) ;
#3315 = ADVANCED_FACE ( 'NONE', ( #2058 ), #2180, .T. ) ;
#3316 = FACE_OUTER_BOUND ( 'NONE', #3680, .T. ) ;
#3317 = CARTESIAN_POINT ( 'NONE',  ( 0.1999999999999999600, 0.2000000000000000100, -0.3999999999999999700 ) ) ;
#3318 = CARTESIAN_POINT ( 'NONE',  ( -0.08370994272960070900, -0.04519266479232571200, -0.3299999999999999600 ) ) ;
#3319 = ORIENTED_EDGE ( 'NONE', *, *, #3573, .T. ) ;
#3320 = CARTESIAN_POINT ( 'NONE',  ( -0.09495739938108656300, 0.01698054624933672400, -0.3299999999999999000 ) ) ;
#3321 = EDGE_CURVE ( 'NONE', #2303, #50, #1705, .T. ) ;
#3322 = FACE_OUTER_BOUND ( 'NONE', #3119, .T. ) ;
#3323 = CARTESIAN_POINT ( 'NONE',  ( 0.1364565772781531600, 0.003289451444172239000, -0.3299999999999999000 ) ) ;
#3324 = ORIENTED_EDGE ( 'NONE', *, *, #2895, .F. ) ;
#3325 = PLANE ( 'NONE',  #1288 ) ;
#3326 = ORIENTED_EDGE ( 'NONE', *, *, #1938, .F. ) ;
#3327 = CARTESIAN_POINT ( 'NONE',  ( 0.08786204268292700800, -0.04082120433586135200, -0.3199999999999999500 ) ) ;
#3328 = ORIENTED_EDGE ( 'NONE', *, *, #2072, .F. ) ;
#3329 = CARTESIAN_POINT ( 'NONE',  ( 0.06804671483442212300, -0.04824307070530686700, -0.3300000000000000200 ) ) ;
#3330 = CARTESIAN_POINT ( 'NONE',  ( -0.1109756097560974800, 0.0006803200543825600800, -0.3299999999999999600 ) ) ;
#3331 = EDGE_CURVE ( 'NONE', #3540, #1778, #2088, .T. ) ;
#3332 = CARTESIAN_POINT ( 'NONE',  ( 0.06804671483442212300, -0.04824307070530686700, -0.3199999999999999500 ) ) ;
#3333 = UNCERTAINTY_MEASURE_WITH_UNIT (LENGTH_MEASURE( 1.000000000000000100E-005 ), #2259, 'distance_accuracy_value', 'NONE');
#3334 = CARTESIAN_POINT ( 'NONE',  ( 0.07812431800594750500, -0.05095064809738183300, -0.3199999999999999000 ) ) ;
#3335 = ADVANCED_FACE ( 'NONE', ( #2486 ), #976, .T. ) ;
#3336 = DIRECTION ( 'NONE',  ( -0.0000000000000000000, -0.0000000000000000000, -1.000000000000000000 ) ) ;
#3337 = DIRECTION ( 'NONE',  ( -0.3363908276654484800, 0.9417224702971436200, 0.0000000000000000000 ) ) ;
#3338 = CARTESIAN_POINT ( 'NONE',  ( 0.1208061749045531800, -0.01778052571122799900, -0.3300000000000000200 ) ) ;
#3339 = LINE ( 'NONE', #736, #809 ) ;
#3340 =( GEOMETRIC_REPRESENTATION_CONTEXT ( 3 ) GLOBAL_UNCERTAINTY_ASSIGNED_CONTEXT ( ( #2873 ) ) GLOBAL_UNIT_ASSIGNED_CONTEXT ( ( #1793, #3577, #3541 ) ) REPRESENTATION_CONTEXT ( 'NONE', 'WORKASPACE' ) );
#3341 = CARTESIAN_POINT ( 'NONE',  ( -0.1622500076064127800, 0.03651548692312145400, -0.3300000000000000200 ) ) ;
#3342 = DIRECTION ( 'NONE',  ( -0.3635424856527065300, -0.9315776194850601300, 0.0000000000000000000 ) ) ;
#3343 = LINE ( 'NONE', #988, #3519 ) ;
#3344 = CARTESIAN_POINT ( 'NONE',  ( -0.1109756097560974800, 0.0006803200543825600800, -0.3199999999999999500 ) ) ;
#3345 = CARTESIAN_POINT ( 'NONE',  ( 0.1999999999999999600, 0.2000000000000000100, -0.3999999999999999700 ) ) ;
#3346 = CARTESIAN_POINT ( 'NONE',  ( 0.07122760812671394300, -0.04935352156633613500, -0.3199999999999999000 ) ) ;
#3347 = SURFACE_STYLE_USAGE ( .BOTH. , #3146 ) ;
#3348 = CARTESIAN_POINT ( 'NONE',  ( 0.1194223643856594700, -0.02125662631888116900, -0.3199999999999999000 ) ) ;
#3349 = CARTESIAN_POINT ( 'NONE',  ( -0.1623666158536584700, 0.03722757615194353900, -0.3300000000000000200 ) ) ;
#3350 = ADVANCED_FACE ( 'NONE', ( #2405 ), #962, .T. ) ;
#3351 = EDGE_CURVE ( 'NONE', #1594, #1999, #2641, .T. ) ;
#3352 = CARTESIAN_POINT ( 'NONE',  ( -0.1642339939024389500, 0.03021538102999231400, -0.3199999999999999500 ) ) ;
#3353 = CARTESIAN_POINT ( 'NONE',  ( -0.1109352230358329900, -0.001208438396252397000, -0.3200000000000000100 ) ) ;
#3354 = CARTESIAN_POINT ( 'NONE',  ( 0.07633684503264902300, 0.03881332970700483000, -0.3199999999999999500 ) ) ;
#3355 = ORIENTED_EDGE ( 'NONE', *, *, #3615, .F. ) ;
#3356 = CARTESIAN_POINT ( 'NONE',  ( 0.3950000000000001300, 0.3950000000000000700, -0.3300000000000000200 ) ) ;
#3357 = CARTESIAN_POINT ( 'NONE',  ( 0.06804671483442212300, -0.04824307070530686700, -0.3300000000000000200 ) ) ;
#3358 = CARTESIAN_POINT ( 'NONE',  ( -0.1837842987804877400, -0.02252852140903207500, -0.3300000000000000200 ) ) ;
#3359 = VECTOR ( 'NONE', #3408, 1000.000000000000100 ) ;
#3360 = VECTOR ( 'NONE', #1066, 1000.000000000000000 ) ;
#3361 = CARTESIAN_POINT ( 'NONE',  ( 0.1194223643856594700, -0.02125662631888116900, -0.3299999999999999600 ) ) ;
#3362 = DIRECTION ( 'NONE',  ( -0.0000000000000000000, -0.0000000000000000000, -1.000000000000000000 ) ) ;
#3363 = FILL_AREA_STYLE_COLOUR ( '', #3029 ) ;
#3364 = CARTESIAN_POINT ( 'NONE',  ( -0.008536585365853534300, 0.04942269810316306200, -0.3199999999999999500 ) ) ;
#3365 = VECTOR ( 'NONE', #724, 1000.000000000000000 ) ;
#3366 = CARTESIAN_POINT ( 'NONE',  ( -0.1638243466998233800, 0.03152511563399353100, -0.3199999999999998400 ) ) ;
#3367 = CARTESIAN_POINT ( 'NONE',  ( -0.08940383648964271600, 0.02641970476352001700, -0.3299999999999999600 ) ) ;
#3368 = CARTESIAN_POINT ( 'NONE',  ( -0.1109352230358329900, -0.001208438396252397000, -0.3300000000000000200 ) ) ;
#3369 = DIRECTION ( 'NONE',  ( 0.0000000000000000000, -1.000000000000000000, 0.0000000000000000000 ) ) ;
#3370 = ORIENTED_EDGE ( 'NONE', *, *, #3526, .F. ) ;
#3371 = CARTESIAN_POINT ( 'NONE',  ( 0.07122760812671394300, -0.04935352156633613500, -0.3199999999999999000 ) ) ;
#3372 = EDGE_LOOP ( 'NONE', ( #802, #1635, #3290, #2694 ) ) ;
#3373 = CARTESIAN_POINT ( 'NONE',  ( 0.06219512195121970600, -0.04539437506756868100, -0.3300000000000000700 ) ) ;
#3374 = B_SPLINE_CURVE_WITH_KNOTS ( 'NONE', 3,
 ( #2026, #1013, #1580, #3396, #517, #209, #3650, #2269, #2413, #2132, #1687, #2425, #2438, #2715, #2827, #3582, #3303, #2728, #1395 ),
 .UNSPECIFIED., .F., .F.,
 ( 4, 1, 1, 1, 1, 1, 1, 1, 1, 1, 1, 1, 1, 1, 1, 1, 4 ),
 ( 0.0000000000000000000, 0.06863117867660124800, 0.1345664660386773100, 0.1983281540108812200, 0.2607897666408450800, 0.3219991514841585300, 0.3827217465030197100, 0.4435374740357288500, 0.5051334294849250100, 0.5662138747646717800, 0.6261058646175455800, 0.6853493221605165800, 0.7449958703477973500, 0.8054158418145627200, 0.8676362663459531400, 0.9323077823023292500, 1.000000000000000000 ),
 .UNSPECIFIED. ) ;
#3375 = EDGE_CURVE ( 'NONE', #2362, #1297, #2595, .T. ) ;
#3376 = ADVANCED_FACE ( 'NONE', ( #2954 ), #2333, .T. ) ;
#3377 = ORIENTED_EDGE ( 'NONE', *, *, #868, .F. ) ;
#3378 = CARTESIAN_POINT ( 'NONE',  ( -0.08443646979675160900, -0.03159698876279195400, -0.3200000000000000600 ) ) ;
#3379 = MECHANICAL_DESIGN_GEOMETRIC_PRESENTATION_REPRESENTATION (  '', ( #883 ), #1877 ) ;
#3380 = DIRECTION ( 'NONE',  ( -0.0000000000000000000, -0.0000000000000000000, -1.000000000000000000 ) ) ;
#3381 = ORIENTED_EDGE ( 'NONE', *, *, #258, .T. ) ;
#3382 = FACE_OUTER_BOUND ( 'NONE', #3216, .T. ) ;
#3383 = DIRECTION ( 'NONE',  ( -0.9406672605435408800, 0.3393303772748770300, 0.0000000000000000000 ) ) ;
#3384 = EDGE_CURVE ( 'NONE', #2384, #2362, #2725, .T. ) ;
#3385 = CARTESIAN_POINT ( 'NONE',  ( -0.06691949388874667000, 0.03791518778647335500, -0.3200000000000000100 ) ) ;
#3386 = UNCERTAINTY_MEASURE_WITH_UNIT (LENGTH_MEASURE( 1.000000000000000100E-005 ), #331, 'distance_accuracy_value', 'NONE');
#3387 = CARTESIAN_POINT ( 'NONE',  ( -0.1108560574761292800, -0.004910759825433460100, -0.3200000000000000100 ) ) ;
#3388 = CARTESIAN_POINT ( 'NONE',  ( 0.07633684503264902300, 0.03881332970700483000, -0.3300000000000000200 ) ) ;
#3389 = LINE ( 'NONE', #2069, #2946 ) ;
#3390 = EDGE_CURVE ( 'NONE', #730, #80, #3033, .T. ) ;
#3391 = CARTESIAN_POINT ( 'NONE',  ( 0.07459426937465010700, -0.05023900652247316500, -0.3199999999999999500 ) ) ;
#3392 =( NAMED_UNIT ( * ) SI_UNIT ( $, .STERADIAN. ) SOLID_ANGLE_UNIT ( ) );
#3393 = CARTESIAN_POINT ( 'NONE',  ( 0.07122760812671394300, -0.04935352156633613500, -0.3299999999999999600 ) ) ;
#3394 = DIRECTION ( 'NONE',  ( 0.0000000000000000000, -1.000000000000000000, 0.0000000000000000000 ) ) ;
#3395 = LINE ( 'NONE', #2179, #3259 ) ;
#3396 = CARTESIAN_POINT ( 'NONE',  ( -0.06942988665566479600, 0.04869156351245727100, -0.3200000000000000100 ) ) ;
#3397 = MECHANICAL_DESIGN_GEOMETRIC_PRESENTATION_REPRESENTATION (  '', ( #3531 ), #3340 ) ;
#3398 = DIRECTION ( 'NONE',  ( -0.3393303772748769700, -0.9406672605435407700, 0.0000000000000000000 ) ) ;
#3399 = CARTESIAN_POINT ( 'NONE',  ( 0.1044919053398656700, -0.04998227875134437400, -0.3200000000000000100 ) ) ;
#3400 = ADVANCED_FACE ( 'NONE', ( #3299 ), #2337, .T. ) ;
#3401 = CARTESIAN_POINT ( 'NONE',  ( -0.1620297249338213100, 0.03517029117450445200, -0.3199999999999998400 ) ) ;
#3402 = PLANE ( 'NONE',  #2223 ) ;
#3403 = CARTESIAN_POINT ( 'NONE',  ( -0.1026541192411777200, -0.02904718634868499300, -0.3299999999999999600 ) ) ;
#3404 = CARTESIAN_POINT ( 'NONE',  ( 0.07337397553323062000, 0.03809521306488025700, -0.3299999999999999600 ) ) ;
#3405 = B_SPLINE_CURVE_WITH_KNOTS ( 'NONE', 3,
 ( #932, #581, #3419, #3433, #2054, #1221, #3307, #928, #2816, #595, #1003, #3409, #386, #1441, #901, #1971, #471, #3454, #3575 ),
 .UNSPECIFIED., .F., .F.,
 ( 4, 1, 1, 1, 1, 1, 1, 1, 1, 1, 1, 1, 1, 1, 1, 1, 4 ),
 ( 0.0000000000000000000, 0.07082657255516279500, 0.1381690332797996200, 0.2024753315338423100, 0.2639737544135193900, 0.3233803205980372300, 0.3817976227131852900, 0.4393900745193888300, 0.4969027245459971500, 0.5546621696093698700, 0.6127418784921970800, 0.6715388363911721800, 0.7316557220901979100, 0.7942978116139529600, 0.8594822049793583400, 0.9276813254527898100, 1.000000000000000000 ),
 .UNSPECIFIED. ) ;
#3406 = CARTESIAN_POINT ( 'NONE',  ( -0.008536585365853534300, 0.03844708834706549900, -0.3199999999999999500 ) ) ;
#3407 = CARTESIAN_POINT ( 'NONE',  ( 0.06496072608759538600, -0.03597648408901706100, -0.3200000000000000600 ) ) ;
#3408 = DIRECTION ( 'NONE',  ( 0.3363908276654485300, -0.9417224702971435100, 0.0000000000000000000 ) ) ;
#3409 = CARTESIAN_POINT ( 'NONE',  ( -0.09176502025776094000, -0.02331795528389808000, -0.3199999999999999500 ) ) ;
#3410 = FACE_OUTER_BOUND ( 'NONE', #3306, .T. ) ;
#3411 = CARTESIAN_POINT ( 'NONE',  ( 0.07812431800594750500, -0.05095064809738183300, -0.3199999999999999000 ) ) ;
#3412 = ORIENTED_EDGE ( 'NONE', *, *, #1000, .T. ) ;
#3413 = ORIENTED_EDGE ( 'NONE', *, *, #876, .F. ) ;
#3414 = CARTESIAN_POINT ( 'NONE',  ( 0.06496072608759538600, -0.03597648408901706100, -0.3300000000000001300 ) ) ;
#3415 = MECHANICAL_DESIGN_GEOMETRIC_PRESENTATION_REPRESENTATION (  '', ( #2184 ), #3217 ) ;
#3416 = SURFACE_SIDE_STYLE ('',( #2774 ) ) ;
#3417 = LINE ( 'NONE', #1486, #3360 ) ;
#3418 = CARTESIAN_POINT ( 'NONE',  ( -0.03048780487804868600, -0.05057730189683695700, -0.3199999999999999500 ) ) ;
#3419 = CARTESIAN_POINT ( 'NONE',  ( -0.06254447318232823900, -0.03950558169809841000, -0.3199999999999999500 ) ) ;
#3420 = ORIENTED_EDGE ( 'NONE', *, *, #3082, .F. ) ;
#3421 = PLANE ( 'NONE',  #1845 ) ;
#3422 = ORIENTED_EDGE ( 'NONE', *, *, #3321, .T. ) ;
#3423 = EDGE_LOOP ( 'NONE', ( #1262, #1645, #261, #1236 ) ) ;
#3424 = ORIENTED_EDGE ( 'NONE', *, *, #1616, .T. ) ;
#3425 = CARTESIAN_POINT ( 'NONE',  ( 0.06804671483442212300, -0.04824307070530686700, -0.3199999999999999500 ) ) ;
#3426 = CARTESIAN_POINT ( 'NONE',  ( -0.09495739938108656300, 0.01698054624933672400, -0.3199999999999998400 ) ) ;
#3427 = CARTESIAN_POINT ( 'NONE',  ( -0.3949999999999999100, -0.3949999999999999600, 0.02000000000000000000 ) ) ;
#3428 = CARTESIAN_POINT ( 'NONE',  ( -0.06682812883677850800, -0.03900100153680469800, -0.3299999999999999600 ) ) ;
#3429 = CARTESIAN_POINT ( 'NONE',  ( -0.01097560975609743700, -0.03960169214073939300, -0.3300000000000000200 ) ) ;
#3430 = EDGE_CURVE ( 'NONE', #1503, #2200, #2867, .T. ) ;
#3431 = LINE ( 'NONE', #71, #3516 ) ;
#3432 = CARTESIAN_POINT ( 'NONE',  ( -0.1609171484905415900, 0.03067116883066852600, -0.3299999999999999600 ) ) ;
#3433 = CARTESIAN_POINT ( 'NONE',  ( -0.06682812883677850800, -0.03900100153680469800, -0.3199999999999999000 ) ) ;
#3434 = CARTESIAN_POINT ( 'NONE',  ( -0.1642339939024389500, 0.03021538102999231400, -0.3199999999999999500 ) ) ;
#3435 = VECTOR ( 'NONE', #1007, 1000.000000000000000 ) ;
#3436 =( NAMED_UNIT ( * ) SI_UNIT ( $, .STERADIAN. ) SOLID_ANGLE_UNIT ( ) );
#3437 = LINE ( 'NONE', #426, #3487 ) ;
#3438 =( LENGTH_UNIT ( ) NAMED_UNIT ( * ) SI_UNIT ( .MILLI., .METRE. ) );
#3439 = DIRECTION ( 'NONE',  ( 1.000000000000000000, 0.0000000000000000000, 0.0000000000000000000 ) ) ;
#3440 =( GEOMETRIC_REPRESENTATION_CONTEXT ( 3 ) GLOBAL_UNCERTAINTY_ASSIGNED_CONTEXT ( ( #65 ) ) GLOBAL_UNIT_ASSIGNED_CONTEXT ( ( #3622, #2236, #1996 ) ) REPRESENTATION_CONTEXT ( 'NONE', 'WORKASPACE' ) );
#3441 = CARTESIAN_POINT ( 'NONE',  ( 0.02926829268292696300, 0.03844708834706549900, -0.3300000000000000200 ) ) ;
#3442 = CARTESIAN_POINT ( 'NONE',  ( 0.1365853658536587100, -0.002463734823666223300, -0.3300000000000000200 ) ) ;
#3443 = CARTESIAN_POINT ( 'NONE',  ( -0.1634510659028987300, 0.03309702159137914400, -0.3300000000000001800 ) ) ;
#3444 = EDGE_CURVE ( 'NONE', #756, #2366, #1193, .T. ) ;
#3445 = CARTESIAN_POINT ( 'NONE',  ( 0.08456521027908146800, 0.05063387585472414700, -0.3199999999999999000 ) ) ;
#3446 = CARTESIAN_POINT ( 'NONE',  ( -0.06942988665566479600, 0.04869156351245727100, -0.3300000000000000700 ) ) ;
#3447 = CARTESIAN_POINT ( 'NONE',  ( -0.01097560975609743700, -0.05057730189683695700, -0.3199999999999999500 ) ) ;
#3448 = LINE ( 'NONE', #2253, #3054 ) ;
#3449 = AXIS2_PLACEMENT_3D ( 'NONE', #1853, #1842, #2092 ) ;
#3450 = LINE ( 'NONE', #1342, #2692 ) ;
#3451 = DIRECTION ( 'NONE',  ( -0.0000000000000000000, -0.0000000000000000000, 1.000000000000000000 ) ) ;
#3452 = VECTOR ( 'NONE', #504, 1000.000000000000000 ) ;
#3453 = PLANE ( 'NONE',  #2679 ) ;
#3454 = CARTESIAN_POINT ( 'NONE',  ( -0.09752646400771634900, -0.001143757266748440200, -0.3200000000000000100 ) ) ;
#3455 = EDGE_CURVE ( 'NONE', #2469, #461, #3437, .T. ) ;
#3456 = COLOUR_RGB ( '',0.5019607843137254800, 0.5019607843137254800, 0.5019607843137254800 ) ;
#3457 = SURFACE_STYLE_USAGE ( .BOTH. , #1469 ) ;
#3458 = AXIS2_PLACEMENT_3D ( 'NONE', #939, #66, #35 ) ;
#3459 = CARTESIAN_POINT ( 'NONE',  ( 0.06308316051399556800, 0.03378017881694510300, -0.3199999999999999500 ) ) ;
#3460 = CARTESIAN_POINT ( 'NONE',  ( 0.1365418135081424800, -0.0005181837126865183800, -0.3299999999999999600 ) ) ;
#3461 = CARTESIAN_POINT ( 'NONE',  ( -0.1630850875081597500, 0.03504038678930020800, -0.3299999999999999000 ) ) ;
#3462 = ORIENTED_EDGE ( 'NONE', *, *, #2886, .F. ) ;
#3463 = CARTESIAN_POINT ( 'NONE',  ( 0.1052699993788693100, -0.03673732541872000400, -0.3299999999999999600 ) ) ;
#3464 = B_SPLINE_SURFACE_WITH_KNOTS ( 'NONE', 3, 1, ( 
 ( #3648, #3373 ),
 ( #2839, #2905 ),
 ( #2888, #3598 ),
 ( #3425, #3357 ),
 ( #3346, #3393 ),
 ( #3144, #3309 ),
 ( #3334, #3170 ),
 ( #3198, #2587 ),
 ( #3184, #3099 ),
 ( #3114, #3086 ),
 ( #2773, #337 ) ),
 .UNSPECIFIED., .F., .F., .F.,
 ( 4, 1, 1, 1, 1, 1, 1, 1, 4 ),
 ( 2, 2 ),
 ( 0.0000000000000000000, 0.1124483899088006700, 0.2265276752126778900, 0.3444019493260281900, 0.4658649724874587300, 0.5916594493521169000, 0.7221684870248876700, 0.8586063875549264600, 1.000000000000000000 ),
 ( 0.0000000000000000000, 1.000000000000000000 ),
 .UNSPECIFIED. ) ;
#3465 = CARTESIAN_POINT ( 'NONE',  ( -0.07446947095664829800, 0.04763319653157613300, -0.3199999999999999500 ) ) ;
#3466 = CARTESIAN_POINT ( 'NONE',  ( -0.09345014634507897700, 0.02042598024409345700, -0.3300000000000000700 ) ) ;
#3467 = DIRECTION ( 'NONE',  ( 0.0000000000000000000, 0.0000000000000000000, -1.000000000000000000 ) ) ;
#3468 = ORIENTED_EDGE ( 'NONE', *, *, #2690, .F. ) ;
#3469 = AXIS2_PLACEMENT_3D ( 'NONE', #1302, #2947, #1175 ) ;
#3470 = CARTESIAN_POINT ( 'NONE',  ( 0.04268292682926842800, -0.05057730189683695700, -0.3199999999999999500 ) ) ;
#3471 = VERTEX_POINT ( 'NONE', #972 ) ;
#3472 = DIRECTION ( 'NONE',  ( -0.0000000000000000000, 1.000000000000000000, 0.0000000000000000000 ) ) ;
#3473 = ORIENTED_EDGE ( 'NONE', *, *, #3082, .T. ) ;
#3474 = LINE ( 'NONE', #1476, #3479 ) ;
#3475 = ORIENTED_EDGE ( 'NONE', *, *, #993, .T. ) ;
#3476 = CARTESIAN_POINT ( 'NONE',  ( 0.08836316649029950200, -0.05178101371091960900, -0.3299999999999999600 ) ) ;
#3477 = CARTESIAN_POINT ( 'NONE',  ( 0.1231361002593727900, -9.976597328682930900E-005, -0.3299999999999999600 ) ) ;
#3478 = CARTESIAN_POINT ( 'NONE',  ( -0.05870807926829258600, 0.04942269810316306200, -0.3300000000000000200 ) ) ;
#3479 = VECTOR ( 'NONE', #1420, 1000.000000000000000 ) ;
#3480 = DIRECTION ( 'NONE',  ( -1.000000000000000000, 0.0000000000000000000, -0.0000000000000000000 ) ) ;
#3481 = LINE ( 'NONE', #3103, #2481 ) ;
#3482 = UNCERTAINTY_MEASURE_WITH_UNIT (LENGTH_MEASURE( 1.000000000000000100E-005 ), #1100, 'distance_accuracy_value', 'NONE');
#3483 = CARTESIAN_POINT ( 'NONE',  ( 0.3950000000000001300, -0.3949999999999999600, -0.3300000000000000200 ) ) ;
#3484 = EDGE_CURVE ( 'NONE', #6, #1689, #3343, .T. ) ;
#3485 = VECTOR ( 'NONE', #2306, 1000.000000000000000 ) ;
#3486 =( LENGTH_UNIT ( ) NAMED_UNIT ( * ) SI_UNIT ( .MILLI., .METRE. ) );
#3487 = VECTOR ( 'NONE', #700, 1000.000000000000200 ) ;
#3488 = DIRECTION ( 'NONE',  ( -1.000000000000000000, 0.0000000000000000000, -0.0000000000000000000 ) ) ;
#3489 = ORIENTED_EDGE ( 'NONE', *, *, #312, .F. ) ;
#3490 = CARTESIAN_POINT ( 'NONE',  ( 0.04268292682926842800, 0.04942269810316306200, -0.3199999999999999500 ) ) ;
#3491 = CARTESIAN_POINT ( 'NONE',  ( -0.008536585365853534300, 0.03844708834706549900, -0.3199999999999999500 ) ) ;
#3492 = CARTESIAN_POINT ( 'NONE',  ( -0.1622500076064127800, 0.03651548692312145400, -0.3300000000000000200 ) ) ;
#3493 = VERTEX_POINT ( 'NONE', #680 ) ;
#3494 = FACE_BOUND ( 'NONE', #1453, .T. ) ;
#3495 = CARTESIAN_POINT ( 'NONE',  ( 0.1169761209376150600, -0.04426727051074477000, -0.3300000000000000200 ) ) ;
#3496 = UNCERTAINTY_MEASURE_WITH_UNIT (LENGTH_MEASURE( 1.000000000000000100E-005 ), #397, 'distance_accuracy_value', 'NONE');
#3497 = DIRECTION ( 'NONE',  ( 0.0000000000000000000, 0.0000000000000000000, -1.000000000000000000 ) ) ;
#3498 = VERTEX_POINT ( 'NONE', #1269 ) ;
#3499 = AXIS2_PLACEMENT_3D ( 'NONE', #3521, #3497, #3488 ) ;
#3500 = ORIENTED_EDGE ( 'NONE', *, *, #1212, .T. ) ;
#3501 = ORIENTED_EDGE ( 'NONE', *, *, #1042, .T. ) ;
#3502 = AXIS2_PLACEMENT_3D ( 'NONE', #2346, #2369, #1539 ) ;
#3503 = ORIENTED_EDGE ( 'NONE', *, *, #1176, .T. ) ;
#3504 = ORIENTED_EDGE ( 'NONE', *, *, #1966, .T. ) ;
#3505 = B_SPLINE_SURFACE_WITH_KNOTS ( 'NONE', 3, 1, ( 
 ( #3180, #3442 ),
 ( #623, #3460 ),
 ( #1456, #2045 ),
 ( #2602, #1671 ),
 ( #548, #819 ),
 ( #831, #1099 ),
 ( #1116, #1392 ),
 ( #1945, #2826 ),
 ( #2505, #2524 ),
 ( #2809, #3100 ),
 ( #3115, #3666 ),
 ( #244, #531 ),
 ( #1382, #520 ),
 ( #810, #822 ),
 ( #1091, #1105 ),
 ( #1371, #1662 ),
 ( #2209, #2225 ),
 ( #2495, #2512 ),
 ( #2795, #2814 ) ),
 .UNSPECIFIED., .F., .F., .F.,
 ( 4, 1, 1, 1, 1, 1, 1, 1, 1, 1, 1, 1, 1, 1, 1, 1, 4 ),
 ( 2, 2 ),
 ( 0.0000000000000000000, 0.07064371857535412000, 0.1382567155089046400, 0.2033641242175801000, 0.2663240938030566100, 0.3279047615429893600, 0.3887377151730921900, 0.4494235281093023600, 0.5108610114593155100, 0.5720793960475145700, 0.6317344287314451400, 0.6911172105788376800, 0.7503600294901705500, 0.8100329005312619800, 0.8713624508287362000, 0.9344271412311534500, 1.000000000000000000 ),
 ( 0.0000000000000000000, 1.000000000000000000 ),
 .UNSPECIFIED. ) ;
#3506 = ORIENTED_EDGE ( 'NONE', *, *, #2755, .F. ) ;
#3507 = CARTESIAN_POINT ( 'NONE',  ( 0.0000000000000000000, 0.0000000000000000000, -0.3300000000000000200 ) ) ;
#3508 = CARTESIAN_POINT ( 'NONE',  ( -0.05767911585365843900, -0.05057730189683695700, -0.3199999999999999500 ) ) ;
#3509 = FILL_AREA_STYLE ('',( #1931 ) ) ;
#3510 = CARTESIAN_POINT ( 'NONE',  ( -0.09756097560975600400, 0.0003944968836508525100, -0.3300000000000000200 ) ) ;
#3511 = ORIENTED_EDGE ( 'NONE', *, *, #1693, .T. ) ;
#3512 = PRESENTATION_LAYER_ASSIGNMENT (  '', '', ( #3531 ) ) ;
#3513 = B_SPLINE_SURFACE_WITH_KNOTS ( 'NONE', 3, 1, ( 
 ( #2600, #1028 ),
 ( #2100, #606 ),
 ( #3222, #1491 ),
 ( #2535, #1889 ),
 ( #3399, #1359 ),
 ( #1082, #274 ),
 ( #951, #620 ),
 ( #2881, #3495 ),
 ( #663, #907 ),
 ( #1187, #120 ),
 ( #1398, #1707 ),
 ( #3280, #651 ),
 ( #55, #2563 ),
 ( #394, #2591 ),
 ( #1747, #328 ),
 ( #2385, #1834 ),
 ( #348, #698 ),
 ( #958, #1692 ),
 ( #1534, #2396 ) ),
 .UNSPECIFIED., .F., .F., .F.,
 ( 4, 1, 1, 1, 1, 1, 1, 1, 1, 1, 1, 1, 1, 1, 1, 1, 4 ),
 ( 2, 2 ),
 ( 0.0000000000000000000, 0.06783324845577358400, 0.1326555365079041300, 0.1950508840508278500, 0.2555829330687771600, 0.3147998341472899600, 0.3736004728263745400, 0.4325455953267435300, 0.4924306292835653500, 0.5526712559629694000, 0.6125130441881163600, 0.6726102503570063900, 0.7338383693139459700, 0.7965942385677738900, 0.8614497992905733000, 0.9291989423509055000, 1.000000000000000000 ),
 ( 0.0000000000000000000, 1.000000000000000000 ),
 .UNSPECIFIED. ) ;
#3514 = PRESENTATION_STYLE_ASSIGNMENT (( #653 ) ) ;
#3515 = SPHERICAL_SURFACE ( 'NONE', #2456, 0.1300000000000000000 ) ;
#3516 = VECTOR ( 'NONE', #923, 1000.000000000000000 ) ;
#3517 = DIRECTION ( 'NONE',  ( -0.0000000000000000000, 0.0000000000000000000, -1.000000000000000000 ) ) ;
#3518 = VECTOR ( 'NONE', #1482, 1000.000000000000000 ) ;
#3519 = VECTOR ( 'NONE', #1196, 1000.000000000000000 ) ;
#3520 =( GEOMETRIC_REPRESENTATION_CONTEXT ( 3 ) GLOBAL_UNCERTAINTY_ASSIGNED_CONTEXT ( ( #1338 ) ) GLOBAL_UNIT_ASSIGNED_CONTEXT ( ( #970, #3263, #2078 ) ) REPRESENTATION_CONTEXT ( 'NONE', 'WORKASPACE' ) );
#3521 = CARTESIAN_POINT ( 'NONE',  ( 0.4000000000000000200, 0.2000000000000000100, -0.3300000000000000200 ) ) ;
#3522 = SURFACE_STYLE_FILL_AREA ( #3509 ) ;
#3523 = B_SPLINE_CURVE_WITH_KNOTS ( 'NONE', 3,
 ( #2900, #2885, #1916, #1068, #3108, #1016, #2914, #3284, #3047, #3010, #1030 ),
 .UNSPECIFIED., .F., .F.,
 ( 4, 1, 1, 1, 1, 1, 1, 1, 4 ),
 ( 0.0000000000000000000, 0.1451868664724697600, 0.2834426109197297200, 0.4165243659288286900, 0.5431811235350827400, 0.6651530826377137800, 0.7813602063127154100, 0.8927566556418090600, 1.000000000000000000 ),
 .UNSPECIFIED. ) ;
#3524 =( NAMED_UNIT ( * ) SI_UNIT ( $, .STERADIAN. ) SOLID_ANGLE_UNIT ( ) );
#3525 = COLOUR_RGB ( '',1.000000000000000000, 1.000000000000000000, 1.000000000000000000 ) ;
#3526 = EDGE_CURVE ( 'NONE', #3175, #2711, #3612, .T. ) ;
#3527 = PRESENTATION_LAYER_ASSIGNMENT (  '', '', ( #1617 ) ) ;
#3528 = CARTESIAN_POINT ( 'NONE',  ( 0.1177507697770851000, -0.02450796040424810900, -0.3199999999999999500 ) ) ;
#3529 =( GEOMETRIC_REPRESENTATION_CONTEXT ( 3 ) GLOBAL_UNCERTAINTY_ASSIGNED_CONTEXT ( ( #81 ) ) GLOBAL_UNIT_ASSIGNED_CONTEXT ( ( #1763, #57, #2043 ) ) REPRESENTATION_CONTEXT ( 'NONE', 'WORKASPACE' ) );
#3530 = CARTESIAN_POINT ( 'NONE',  ( 0.07092289723153066800, -0.03837019903841235700, -0.3200000000000000600 ) ) ;
#3531 = STYLED_ITEM ( 'NONE', ( #2754 ), #1122 ) ;
#3532 = CARTESIAN_POINT ( 'NONE',  ( -0.07901423188334946700, -0.04715638355363198400, -0.3199999999999999000 ) ) ;
#3533 = SURFACE_SIDE_STYLE ('',( #3522 ) ) ;
#3534 = CARTESIAN_POINT ( 'NONE',  ( -0.09226794408361115000, -0.03989655100012044100, -0.3299999999999999000 ) ) ;
#3535 = ORIENTED_EDGE ( 'NONE', *, *, #88, .F. ) ;
#3536 = DIRECTION ( 'NONE',  ( 0.0000000000000000000, 1.000000000000000000, 0.0000000000000000000 ) ) ;
#3537 = ORIENTED_EDGE ( 'NONE', *, *, #222, .F. ) ;
#3538 = SURFACE_STYLE_FILL_AREA ( #53 ) ;
#3539 = CARTESIAN_POINT ( 'NONE',  ( 0.1177507697770851000, -0.02450796040424810900, -0.3300000000000000200 ) ) ;
#3540 = VERTEX_POINT ( 'NONE', #1528 ) ;
#3541 =( NAMED_UNIT ( * ) SI_UNIT ( $, .STERADIAN. ) SOLID_ANGLE_UNIT ( ) );
#3542 = CARTESIAN_POINT ( 'NONE',  ( -0.1634510659028987300, 0.03309702159137914400, -0.3200000000000001200 ) ) ;
#3543 = CARTESIAN_POINT ( 'NONE',  ( -0.09752819755151488600, 0.001926585397404153400, -0.3200000000000000100 ) ) ;
#3544 = CARTESIAN_POINT ( 'NONE',  ( 0.1152269957356324000, 0.02563289787509163300, -0.3300000000000000200 ) ) ;
#3545 = EDGE_CURVE ( 'NONE', #1894, #880, #3664, .T. ) ;
#3546 = ORIENTED_EDGE ( 'NONE', *, *, #3484, .T. ) ;
#3547 = VERTEX_POINT ( 'NONE', #1478 ) ;
#3548 = VERTEX_POINT ( 'NONE', #1772 ) ;
#3549 = CARTESIAN_POINT ( 'NONE',  ( -0.08717330928201820500, -0.02912948269158042700, -0.3199999999999999000 ) ) ;
#3550 = PRESENTATION_LAYER_ASSIGNMENT (  '', '', ( #2604 ) ) ;
#3551 = ORIENTED_EDGE ( 'NONE', *, *, #1820, .T. ) ;
#3552 = CARTESIAN_POINT ( 'NONE',  ( 0.06496072608759538600, -0.03597648408901706100, -0.3300000000000001300 ) ) ;
#3553 = CARTESIAN_POINT ( 'NONE',  ( 0.1231429497223045900, -0.003106495637145787900, -0.3300000000000000200 ) ) ;
#3554 = FILL_AREA_STYLE_COLOUR ( '', #3076 ) ;
#3555 = ORIENTED_EDGE ( 'NONE', *, *, #52, .T. ) ;
#3556 = FACE_OUTER_BOUND ( 'NONE', #2359, .T. ) ;
#3557 = CARTESIAN_POINT ( 'NONE',  ( -0.1108560574761292800, -0.004910759825433460100, -0.3300000000000000200 ) ) ;
#3558 = DIRECTION ( 'NONE',  ( -1.000000000000000000, 0.0000000000000000000, 0.0000000000000000000 ) ) ;
#3559 = VERTEX_POINT ( 'NONE', #1463 ) ;
#3560 = LINE ( 'NONE', #242, #3518 ) ;
#3561 = ADVANCED_FACE ( 'NONE', ( #2551 ), #3304, .T. ) ;
#3562 = COLOUR_RGB ( '',0.5019607843137254800, 0.5019607843137254800, 0.5019607843137254800 ) ;
#3563 = EDGE_CURVE ( 'NONE', #2461, #2080, #1326, .T. ) ;
#3564 = CARTESIAN_POINT ( 'NONE',  ( 0.1157521680017710600, -0.02751984556768677700, -0.3199999999999999000 ) ) ;
#3565 = CIRCLE ( 'NONE', #3002, 0.1300000000000000000 ) ;
#3566 = UNCERTAINTY_MEASURE_WITH_UNIT (LENGTH_MEASURE( 1.000000000000000100E-005 ), #1566, 'distance_accuracy_value', 'NONE');
#3567 = DIRECTION ( 'NONE',  ( 1.000000000000000000, 0.0000000000000000000, 0.0000000000000000000 ) ) ;
#3568 = CARTESIAN_POINT ( 'NONE',  ( -0.1101324796129265800, -0.01031397933330628500, -0.3299999999999999600 ) ) ;
#3569 = CARTESIAN_POINT ( 'NONE',  ( -0.09752819755151488600, 0.001926585397404153400, -0.3300000000000000700 ) ) ;
#3570 = DIRECTION ( 'NONE',  ( -0.0000000000000000000, 1.000000000000000000, 0.0000000000000000000 ) ) ;
#3571 = EDGE_CURVE ( 'NONE', #1624, #3240, #2923, .T. ) ;
#3572 = ORIENTED_EDGE ( 'NONE', *, *, #2296, .T. ) ;
#3573 = EDGE_CURVE ( 'NONE', #2982, #1050, #19, .T. ) ;
#3574 = PRESENTATION_LAYER_ASSIGNMENT (  '', '', ( #791 ) ) ;
#3575 = CARTESIAN_POINT ( 'NONE',  ( -0.09756097560975600400, 0.0003944968836508525100, -0.3199999999999999500 ) ) ;
#3576 = ADVANCED_FACE ( 'NONE', ( #1131 ), #1112, .T. ) ;
#3577 =( NAMED_UNIT ( * ) PLANE_ANGLE_UNIT ( ) SI_UNIT ( $, .RADIAN. ) );
#3578 = PRESENTATION_LAYER_ASSIGNMENT (  '', '', ( #2270 ) ) ;
#3579 = PLANE ( 'NONE',  #77 ) ;
#3580 = LINE ( 'NONE', #2493, #2033 ) ;
#3581 = ORIENTED_EDGE ( 'NONE', *, *, #3020, .F. ) ;
#3582 = CARTESIAN_POINT ( 'NONE',  ( -0.1101307458671816900, 0.01120632024577145600, -0.3200000000000000600 ) ) ;
#3583 = UNCERTAINTY_MEASURE_WITH_UNIT (LENGTH_MEASURE( 1.000000000000000100E-005 ), #2321, 'distance_accuracy_value', 'NONE');
#3584 = ORIENTED_EDGE ( 'NONE', *, *, #3670, .F. ) ;
#3585 = CARTESIAN_POINT ( 'NONE',  ( 0.09885255540600199100, -0.03940339802617116200, -0.3300000000000000200 ) ) ;
#3586 = MECHANICAL_DESIGN_GEOMETRIC_PRESENTATION_REPRESENTATION (  '', ( #2479 ), #3637 ) ;
#3587 = VECTOR ( 'NONE', #1826, 1000.000000000000000 ) ;
#3588 = CARTESIAN_POINT ( 'NONE',  ( 0.1208061749045531800, -0.01778052571122799900, -0.3300000000000000200 ) ) ;
#3589 = ORIENTED_EDGE ( 'NONE', *, *, #930, .T. ) ;
#3590 = CARTESIAN_POINT ( 'NONE',  ( 0.06299113430228509000, 0.04700191462722601300, -0.3300000000000001300 ) ) ;
#3591 = CARTESIAN_POINT ( 'NONE',  ( -0.1641092033900998500, 0.03061436447530335400, -0.3300000000000000200 ) ) ;
#3592 = CARTESIAN_POINT ( 'NONE',  ( -0.1089774100045771300, -0.01543368262753315600, -0.3199999999999999000 ) ) ;
#3593 = DIRECTION ( 'NONE',  ( 1.000000000000000000, 0.0000000000000000000, 0.0000000000000000000 ) ) ;
#3594 = EDGE_CURVE ( 'NONE', #1407, #1624, #3238, .T. ) ;
#3595 = EDGE_LOOP ( 'NONE', ( #2786, #1499, #1316, #720 ) ) ;
#3596 = ORIENTED_EDGE ( 'NONE', *, *, #684, .F. ) ;
#3597 = CARTESIAN_POINT ( 'NONE',  ( 0.1999999999999999600, -0.2000000000000000100, -0.5300000000000000300 ) ) ;
#3598 = CARTESIAN_POINT ( 'NONE',  ( 0.06502374838596253200, -0.04695566169408765800, -0.3300000000000000700 ) ) ;
#3599 = ADVANCED_FACE ( 'NONE', ( #138 ), #568, .F. ) ;
#3600 = VERTEX_POINT ( 'NONE', #2932 ) ;
#3601 = CARTESIAN_POINT ( 'NONE',  ( 0.06311435496410335000, -0.03493652072927486800, -0.3200000000000000100 ) ) ;
#3602 = CARTESIAN_POINT ( 'NONE',  ( -0.07085981535096419500, -0.03819074208515842900, -0.3199999999999999500 ) ) ;
#3603 = VECTOR ( 'NONE', #2735, 1000.000000000000000 ) ;
#3604 = CARTESIAN_POINT ( 'NONE',  ( -0.01097560975609743700, -0.03960169214073939300, -0.3199999999999999500 ) ) ;
#3605 = SURFACE_STYLE_FILL_AREA ( #1974 ) ;
#3606 = CARTESIAN_POINT ( 'NONE',  ( -0.1630850875081597500, 0.03504038678930020800, -0.3199999999999998400 ) ) ;
#3607 = CARTESIAN_POINT ( 'NONE',  ( -0.1089774100045771300, -0.01543368262753315600, -0.3299999999999999000 ) ) ;
#3608 = CARTESIAN_POINT ( 'NONE',  ( 0.06308316051399556800, 0.03378017881694510300, -0.3199999999999999500 ) ) ;
#3609 = VECTOR ( 'NONE', #1783, 1000.000000000000000 ) ;
#3610 = CARTESIAN_POINT ( 'NONE',  ( -0.008536585365853534300, 0.04942269810316306200, -0.3199999999999999500 ) ) ;
#3611 = CARTESIAN_POINT ( 'NONE',  ( 0.06219512195121969200, 0.03326416151779718700, -0.3300000000000000200 ) ) ;
#3612 = LINE ( 'NONE', #1447, #3093 ) ;
#3613 = CARTESIAN_POINT ( 'NONE',  ( -0.08717330928201820500, -0.02912948269158042700, -0.3299999999999999600 ) ) ;
#3614 = PRESENTATION_LAYER_ASSIGNMENT (  '', '', ( #2479 ) ) ;
#3615 = EDGE_CURVE ( 'NONE', #2973, #80, #2278, .T. ) ;
#3616 = CARTESIAN_POINT ( 'NONE',  ( -0.08961278367129837900, -0.02635533961971016000, -0.3300000000000000200 ) ) ;
#3617 = DIRECTION ( 'NONE',  ( 0.0000000000000000000, -1.000000000000000000, 0.0000000000000000000 ) ) ;
#3618 =( NAMED_UNIT ( * ) PLANE_ANGLE_UNIT ( ) SI_UNIT ( $, .RADIAN. ) );
#3619 = PLANE ( 'NONE',  #862 ) ;
#3620 = CARTESIAN_POINT ( 'NONE',  ( 0.1999999999999999800, -0.2000000000000000100, -0.3300000000000000200 ) ) ;
#3621 = CARTESIAN_POINT ( 'NONE',  ( 0.06311435496410335000, -0.03493652072927486800, -0.3300000000000000700 ) ) ;
#3622 =( LENGTH_UNIT ( ) NAMED_UNIT ( * ) SI_UNIT ( .MILLI., .METRE. ) );
#3623 = VECTOR ( 'NONE', #3160, 1000.000000000000000 ) ;
#3624 = ORIENTED_EDGE ( 'NONE', *, *, #226, .T. ) ;
#3625 = ORIENTED_EDGE ( 'NONE', *, *, #2680, .F. ) ;
#3626 = CARTESIAN_POINT ( 'NONE',  ( -0.1073560338185683700, -0.02026696111141052000, -0.3200000000000000100 ) ) ;
#3627 = DIRECTION ( 'NONE',  ( -1.000000000000000000, 0.0000000000000000000, 0.0000000000000000000 ) ) ;
#3628 = ORIENTED_EDGE ( 'NONE', *, *, #1693, .F. ) ;
#3629 = CARTESIAN_POINT ( 'NONE',  ( 0.08183645892948228400, -0.05143266843605853700, -0.3199999999999999000 ) ) ;
#3630 = B_SPLINE_CURVE_WITH_KNOTS ( 'NONE', 3,
 ( #2626, #3553, #362, #254, #1807, #3588, #3271, #2673, #2406, #143, #3210, #773, #3463, #968, #2915, #640, #2605, #98, #750 ),
 .UNSPECIFIED., .F., .F.,
 ( 4, 1, 1, 1, 1, 1, 1, 1, 1, 1, 1, 1, 1, 1, 1, 1, 4 ),
 ( 0.0000000000000000000, 0.07377411937406361300, 0.1440791147260414000, 0.2113485183089115200, 0.2760768857398838100, 0.3385209158196765800, 0.3998851166931335900, 0.4602540674652130800, 0.5205889643912479100, 0.5802076845630442800, 0.6386329085525459500, 0.6963645494905239500, 0.7540017746600126100, 0.8128056813744979300, 0.8727544255255602600, 0.9351819969782669800, 0.9999999999999998900 ),
 .UNSPECIFIED. ) ;
#3631 = EDGE_CURVE ( 'NONE', #1237, #3206, #1385, .T. ) ;
#3632 = ADVANCED_FACE ( 'NONE', ( #2719 ), #1149, .T. ) ;
#3633 = ORIENTED_EDGE ( 'NONE', *, *, #2436, .T. ) ;
#3634 = DIRECTION ( 'NONE',  ( 0.0000000000000000000, -1.000000000000000000, 0.0000000000000000000 ) ) ;
#3635 = CARTESIAN_POINT ( 'NONE',  ( -0.07085981535096419500, -0.03819074208515842900, -0.3300000000000000200 ) ) ;
#3636 = EDGE_LOOP ( 'NONE', ( #2705, #3179, #3638, #3555 ) ) ;
#3637 =( GEOMETRIC_REPRESENTATION_CONTEXT ( 3 ) GLOBAL_UNCERTAINTY_ASSIGNED_CONTEXT ( ( #3333 ) ) GLOBAL_UNIT_ASSIGNED_CONTEXT ( ( #2259, #294, #2429 ) ) REPRESENTATION_CONTEXT ( 'NONE', 'WORKASPACE' ) );
#3638 = ORIENTED_EDGE ( 'NONE', *, *, #608, .T. ) ;
#3639 = CARTESIAN_POINT ( 'NONE',  ( -0.1939024390243901700, -0.05057730189683695700, -0.3199999999999999500 ) ) ;
#3640 = ORIENTED_EDGE ( 'NONE', *, *, #2098, .F. ) ;
#3641 = CARTESIAN_POINT ( 'NONE',  ( -0.1949999999999998400, 0.2450000000000001100, 0.01000000000000000000 ) ) ;
#3642 = CARTESIAN_POINT ( 'NONE',  ( -0.1073560338185683700, -0.02026696111141052000, -0.3300000000000000200 ) ) ;
#3643 = EDGE_CURVE ( 'NONE', #2942, #3175, #2872, .T. ) ;
#3644 = CARTESIAN_POINT ( 'NONE',  ( 0.08571598582259716500, -0.05174996673719982300, -0.3199999999999999000 ) ) ;
#3645 = VERTEX_POINT ( 'NONE', #598 ) ;
#3646 = VECTOR ( 'NONE', #407, 1000.000000000000000 ) ;
#3647 = EDGE_LOOP ( 'NONE', ( #2921, #479, #1114, #3381 ) ) ;
#3648 = CARTESIAN_POINT ( 'NONE',  ( 0.06219512195121970600, -0.04539437506756868100, -0.3200000000000000100 ) ) ;
#3649 = CARTESIAN_POINT ( 'NONE',  ( 0.06219512195121969200, -0.03441876531147110300, -0.3199999999999999500 ) ) ;
#3650 = CARTESIAN_POINT ( 'NONE',  ( -0.08386729706456341700, 0.04434484420409868400, -0.3200000000000000100 ) ) ;
#3651 = LINE ( 'NONE', #959, #638 ) ;
#3652 = VECTOR ( 'NONE', #569, 1000.000000000000000 ) ;
#3653 = AXIS2_PLACEMENT_3D ( 'NONE', #1708, #11, #1987 ) ;
#3654 = DIRECTION ( 'NONE',  ( 1.000000000000000000, 0.0000000000000000000, 0.0000000000000000000 ) ) ;
#3655 = CYLINDRICAL_SURFACE ( 'NONE', #2003, 0.05000000000000005100 ) ;
#3656 = DIRECTION ( 'NONE',  ( 1.000000000000000000, 0.0000000000000000000, 0.0000000000000000000 ) ) ;
#3657 = CARTESIAN_POINT ( 'NONE',  ( 0.1100656891080875100, 0.03114831197815687600, -0.3199999999999999500 ) ) ;
#3658 = ADVANCED_FACE ( 'NONE', ( #3038 ), #3421, .T. ) ;
#3659 = CARTESIAN_POINT ( 'NONE',  ( -0.08443646979675160900, -0.03159698876279195400, -0.3300000000000001300 ) ) ;
#3660 = CARTESIAN_POINT ( 'NONE',  ( -0.08687948164701243800, 0.02895066200329583400, -0.3299999999999999600 ) ) ;
#3661 = LINE ( 'NONE', #3194, #1120 ) ;
#3662 = CARTESIAN_POINT ( 'NONE',  ( -0.1101324796129265800, -0.01031397933330628500, -0.3199999999999999500 ) ) ;
#3663 = CARTESIAN_POINT ( 'NONE',  ( 0.08836316649029950200, -0.05178101371091960900, -0.3199999999999999000 ) ) ;
#3664 = LINE ( 'NONE', #1217, #2330 ) ;
#3665 = CARTESIAN_POINT ( 'NONE',  ( -0.04390243902439015100, -0.03960169214073939300, -0.3199999999999999500 ) ) ;
#3666 = CARTESIAN_POINT ( 'NONE',  ( 0.1185911678932958400, 0.03951499807400119000, -0.3300000000000001800 ) ) ;
#3667 = CARTESIAN_POINT ( 'NONE',  ( 0.1208061749045531800, -0.01778052571122799900, -0.3199999999999999500 ) ) ;
#3668 = DIRECTION ( 'NONE',  ( -0.0000000000000000000, -0.0000000000000000000, -1.000000000000000000 ) ) ;
#3669 = CARTESIAN_POINT ( 'NONE',  ( -0.006097560975609626200, 0.005520259078772807300, -0.3199999999999999500 ) ) ;
#3670 = EDGE_CURVE ( 'NONE', #794, #1830, #1612, .T. ) ;
#3671 = CARTESIAN_POINT ( 'NONE',  ( -0.09176502025776094000, -0.02331795528389808000, -0.3300000000000000200 ) ) ;
#3672 = CARTESIAN_POINT ( 'NONE',  ( -0.06285345980521173100, 0.03836061476423540500, -0.3199999999999999500 ) ) ;
#3673 = CARTESIAN_POINT ( 'NONE',  ( 0.08971036585365872700, -0.05179681409195891600, -0.3199999999999999500 ) ) ;
#3674 = ADVANCED_FACE ( 'NONE', ( #2992, #3260 ), #2883, .F. ) ;
#3675 = CARTESIAN_POINT ( 'NONE',  ( 0.1194223643856594700, -0.02125662631888116900, -0.3199999999999999000 ) ) ;
#3676 = ORIENTED_EDGE ( 'NONE', *, *, #1544, .T. ) ;
#3677 = CARTESIAN_POINT ( 'NONE',  ( -0.05870807926829258600, 0.04942269810316306200, -0.3199999999999999500 ) ) ;
#3678 = ORIENTED_EDGE ( 'NONE', *, *, #3106, .F. ) ;
#3679 = CARTESIAN_POINT ( 'NONE',  ( -0.1612438620541267500, 0.03165641230644509300, -0.3199999999999999500 ) ) ;
#3680 = EDGE_LOOP ( 'NONE', ( #3056, #2857, #3501, #1133 ) ) ;
#3681 = VERTEX_POINT ( 'NONE', #1750 ) ;
#3682 = CARTESIAN_POINT ( 'NONE',  ( -0.09756097560975600400, 0.0003944968836508525100, -0.3199999999999999500 ) ) ;
#3683 = ORIENTED_EDGE ( 'NONE', *, *, #3384, .F. ) ;
#3684 = DIRECTION ( 'NONE',  ( -0.0000000000000000000, 0.0000000000000000000, -1.000000000000000000 ) ) ;
ENDSEC;
END-ISO-10303-21;
